seed,clifford_deformation,alpha,beta,x-err,y-err,z-err,no-err,shots,method,QECC,n,k,d,noise-model,p,eta,source_file
212785001,033232330,375615,99624387,197916,5868,171830,99624386,100000000,pymatching,SurfaceCode,9,1,3,HBD_noise,0.001,500.0,results/brute_force/used_SC3_HBD/results/sweep_37.csv
466671601,333233000,368345,99631657,192539,5797,170008,99631656,100000000,pymatching,SurfaceCode,9,1,3,HBD_noise,0.001,500.0,results/brute_force/used_SC3_HBD/results/sweep_37.csv
1676508543,303303320,351948,99648054,183395,5579,162973,99648053,100000000,pymatching,SurfaceCode,9,1,3,HBD_noise,0.001,500.0,results/brute_force/used_SC3_HBD/results/sweep_37.csv
1804879184,300302033,333818,99666184,161212,4971,167634,99666183,100000000,pymatching,SurfaceCode,9,1,3,HBD_noise,0.001,500.0,results/brute_force/used_SC3_HBD/results/sweep_37.csv
1841812440,332303030,294677,99705325,153557,4439,136680,99705324,100000000,pymatching,SurfaceCode,9,1,3,HBD_noise,0.001,500.0,results/brute_force/used_SC3_HBD/results/sweep_37.csv
1879145438,033332333,364552,99635450,202061,5372,157118,99635449,100000000,pymatching,SurfaceCode,9,1,3,HBD_noise,0.001,500.0,results/brute_force/used_SC3_HBD/results/sweep_37.csv
2073678053,200303220,345378,99654624,166974,5593,172810,99654623,100000000,pymatching,SurfaceCode,9,1,3,HBD_noise,0.001,500.0,results/brute_force/used_SC3_HBD/results/sweep_37.csv
2118455753,333003300,341695,99658307,170425,5219,166050,99658306,100000000,pymatching,SurfaceCode,9,1,3,HBD_noise,0.001,500.0,results/brute_force/used_SC3_HBD/results/sweep_37.csv
976215259,002300033,336370,99663632,156225,5063,175081,99663631,100000000,pymatching,SurfaceCode,9,1,3,HBD_noise,0.001,500.0,results/brute_force/used_SC3_HBD/results/sweep_37.csv
1496253282,033303003,302416,99697586,151877,4442,146096,99697585,100000000,pymatching,SurfaceCode,9,1,3,HBD_noise,0.001,500.0,results/brute_force/used_SC3_HBD/results/sweep_37.csv
1617670007,203300033,348141,99651861,171573,5190,171377,99651860,100000000,pymatching,SurfaceCode,9,1,3,HBD_noise,0.001,500.0,results/brute_force/used_SC3_HBD/results/sweep_30.csv
1121539466,230300330,310531,99689471,153199,4131,153200,99689470,100000000,pymatching,SurfaceCode,9,1,3,HBD_noise,0.001,500.0,results/brute_force/used_SC3_HBD/results/sweep_30.csv
2091266886,232022220,458267,99541735,221402,8471,228393,99541734,100000000,pymatching,SurfaceCode,9,1,3,HBD_noise,0.001,500.0,results/brute_force/used_SC3_HBD/results/sweep_30.csv
1495411109,323320323,461677,99538325,245650,8327,207699,99538324,100000000,pymatching,SurfaceCode,9,1,3,HBD_noise,0.001,500.0,results/brute_force/used_SC3_HBD/results/sweep_30.csv
1476511681,303200032,378994,99621008,179149,5635,194209,99621007,100000000,pymatching,SurfaceCode,9,1,3,HBD_noise,0.001,500.0,results/brute_force/used_SC3_HBD/results/sweep_30.csv
1688026389,332033330,363156,99636846,194998,5198,162959,99636845,100000000,pymatching,SurfaceCode,9,1,3,HBD_noise,0.001,500.0,results/brute_force/used_SC3_HBD/results/sweep_30.csv
253714746,030323030,302589,99697413,150540,5008,147040,99697412,100000000,pymatching,SurfaceCode,9,1,3,HBD_noise,0.001,500.0,results/brute_force/used_SC3_HBD/results/sweep_30.csv
471475353,020203030,306185,99693817,141183,4592,160409,99693816,100000000,pymatching,SurfaceCode,9,1,3,HBD_noise,0.001,500.0,results/brute_force/used_SC3_HBD/results/sweep_30.csv
96960730,030003032,294404,99705598,139353,4248,150802,99705597,100000000,pymatching,SurfaceCode,9,1,3,HBD_noise,0.001,500.0,results/brute_force/used_SC3_HBD/results/sweep_30.csv
1429825575,330232230,388261,99611741,203029,6339,178892,99611740,100000000,pymatching,SurfaceCode,9,1,3,HBD_noise,0.001,500.0,results/brute_force/used_SC3_HBD/results/sweep_30.csv
1476011198,302002022,414535,99585467,185936,6946,221652,99585466,100000000,pymatching,SurfaceCode,9,1,3,HBD_noise,0.001,500.0,results/brute_force/used_SC3_HBD/results/sweep_42.csv
447010457,200223333,412064,99587938,213692,6886,191485,99587937,100000000,pymatching,SurfaceCode,9,1,3,HBD_noise,0.001,500.0,results/brute_force/used_SC3_HBD/results/sweep_42.csv
218859953,333322002,408050,99591952,213906,6888,187255,99591951,100000000,pymatching,SurfaceCode,9,1,3,HBD_noise,0.001,500.0,results/brute_force/used_SC3_HBD/results/sweep_42.csv
1355917020,223300233,384827,99615175,198108,6161,180557,99615174,100000000,pymatching,SurfaceCode,9,1,3,HBD_noise,0.001,500.0,results/brute_force/used_SC3_HBD/results/sweep_42.csv
827498656,000302332,343462,99656540,161877,5158,176426,99656539,100000000,pymatching,SurfaceCode,9,1,3,HBD_noise,0.001,500.0,results/brute_force/used_SC3_HBD/results/sweep_42.csv
1510609799,300003000,327117,99672885,141542,5053,180521,99672884,100000000,pymatching,SurfaceCode,9,1,3,HBD_noise,0.001,500.0,results/brute_force/used_SC3_HBD/results/sweep_42.csv
1929373390,000003030,296918,99703084,130677,4480,161760,99703083,100000000,pymatching,SurfaceCode,9,1,3,HBD_noise,0.001,500.0,results/brute_force/used_SC3_HBD/results/sweep_42.csv
1035820697,230303330,288074,99711928,149061,4079,134933,99711927,100000000,pymatching,SurfaceCode,9,1,3,HBD_noise,0.001,500.0,results/brute_force/used_SC3_HBD/results/sweep_42.csv
1202850991,222220203,510250,99489752,244771,9594,255884,99489751,100000000,pymatching,SurfaceCode,9,1,3,HBD_noise,0.001,500.0,results/brute_force/used_SC3_HBD/results/sweep_42.csv
1408784438,200020222,480360,99519642,222023,8559,249777,99519641,100000000,pymatching,SurfaceCode,9,1,3,HBD_noise,0.001,500.0,results/brute_force/used_SC3_HBD/results/sweep_42.csv
608737801,033303002,304636,99695366,151690,4518,148427,99695365,100000000,pymatching,SurfaceCode,9,1,3,HBD_noise,0.001,500.0,results/brute_force/used_SC3_HBD/results/sweep_45.csv
148511800,230303020,293806,99706196,142521,4149,147135,99706195,100000000,pymatching,SurfaceCode,9,1,3,HBD_noise,0.001,500.0,results/brute_force/used_SC3_HBD/results/sweep_45.csv
1927139019,003303003,325723,99674279,156614,5077,164031,99674278,100000000,pymatching,SurfaceCode,9,1,3,HBD_noise,0.001,500.0,results/brute_force/used_SC3_HBD/results/sweep_45.csv
2052810280,030300332,316713,99683289,156359,4551,155802,99683288,100000000,pymatching,SurfaceCode,9,1,3,HBD_noise,0.001,500.0,results/brute_force/used_SC3_HBD/results/sweep_45.csv
57219178,223302303,403009,99596993,205278,6900,190830,99596992,100000000,pymatching,SurfaceCode,9,1,3,HBD_noise,0.001,500.0,results/brute_force/used_SC3_HBD/results/sweep_45.csv
1028632067,030032320,381207,99618795,188436,5932,186838,99618794,100000000,pymatching,SurfaceCode,9,1,3,HBD_noise,0.001,500.0,results/brute_force/used_SC3_HBD/results/sweep_45.csv
785655005,000333002,345409,99654593,170951,5318,169139,99654592,100000000,pymatching,SurfaceCode,9,1,3,HBD_noise,0.001,500.0,results/brute_force/used_SC3_HBD/results/sweep_45.csv
692826236,320003032,335397,99664605,163211,4997,167188,99664604,100000000,pymatching,SurfaceCode,9,1,3,HBD_noise,0.001,500.0,results/brute_force/used_SC3_HBD/results/sweep_45.csv
1429329367,330003032,308359,99691643,152738,4343,151277,99691642,100000000,pymatching,SurfaceCode,9,1,3,HBD_noise,0.001,500.0,results/brute_force/used_SC3_HBD/results/sweep_45.csv
1802157340,203223330,404411,99595591,206238,6496,191676,99595590,100000000,pymatching,SurfaceCode,9,1,3,HBD_noise,0.001,500.0,results/brute_force/used_SC3_HBD/results/sweep_45.csv
1796362660,232302022,373107,99626895,181691,5921,185494,99626894,100000000,pymatching,SurfaceCode,9,1,3,HBD_noise,0.001,500.0,results/brute_force/used_SC3_HBD/results/sweep_39.csv
518476844,022333230,359367,99640635,188743,5427,165196,99640634,100000000,pymatching,SurfaceCode,9,1,3,HBD_noise,0.001,500.0,results/brute_force/used_SC3_HBD/results/sweep_39.csv
1914963499,230302302,359892,99640110,178252,5259,176380,99640109,100000000,pymatching,SurfaceCode,9,1,3,HBD_noise,0.001,500.0,results/brute_force/used_SC3_HBD/results/sweep_39.csv
1649739553,032003003,331389,99668613,153270,5003,173115,99668612,100000000,pymatching,SurfaceCode,9,1,3,HBD_noise,0.001,500.0,results/brute_force/used_SC3_HBD/results/sweep_39.csv
1617825410,233303000,305940,99694062,153295,4291,148353,99694061,100000000,pymatching,SurfaceCode,9,1,3,HBD_noise,0.001,500.0,results/brute_force/used_SC3_HBD/results/sweep_39.csv
134951002,303302222,412265,99587737,205235,6807,200222,99587736,100000000,pymatching,SurfaceCode,9,1,3,HBD_noise,0.001,500.0,results/brute_force/used_SC3_HBD/results/sweep_39.csv
1067371040,032002223,391681,99608321,183719,6164,201797,99608320,100000000,pymatching,SurfaceCode,9,1,3,HBD_noise,0.001,500.0,results/brute_force/used_SC3_HBD/results/sweep_39.csv
947848723,330302002,333161,99666841,159812,5057,168291,99666840,100000000,pymatching,SurfaceCode,9,1,3,HBD_noise,0.001,500.0,results/brute_force/used_SC3_HBD/results/sweep_39.csv
186658647,330303202,327904,99672098,168862,4925,154116,99672097,100000000,pymatching,SurfaceCode,9,1,3,HBD_noise,0.001,500.0,results/brute_force/used_SC3_HBD/results/sweep_39.csv
23654542,330303020,289993,99710009,142409,4408,143175,99710008,100000000,pymatching,SurfaceCode,9,1,3,HBD_noise,0.001,500.0,results/brute_force/used_SC3_HBD/results/sweep_39.csv
1686805320,333303000,301365,99698637,153391,4611,143362,99698636,100000000,pymatching,SurfaceCode,9,1,3,HBD_noise,0.001,500.0,results/brute_force/used_SC3_HBD/results/sweep_13.csv
688432532,033303302,322689,99677313,167113,4663,150912,99677312,100000000,pymatching,SurfaceCode,9,1,3,HBD_noise,0.001,500.0,results/brute_force/used_SC3_HBD/results/sweep_13.csv
1117610130,033303332,305992,99694010,164640,4180,137171,99694009,100000000,pymatching,SurfaceCode,9,1,3,HBD_noise,0.001,500.0,results/brute_force/used_SC3_HBD/results/sweep_13.csv
1836234394,330300033,307912,99692090,154490,4359,149062,99692089,100000000,pymatching,SurfaceCode,9,1,3,HBD_noise,0.001,500.0,results/brute_force/used_SC3_HBD/results/sweep_13.csv
896643178,333300033,325741,99674261,168595,4693,152452,99674260,100000000,pymatching,SurfaceCode,9,1,3,HBD_noise,0.001,500.0,results/brute_force/used_SC3_HBD/results/sweep_13.csv
1564377653,033300033,307618,99692384,151464,4297,151856,99692383,100000000,pymatching,SurfaceCode,9,1,3,HBD_noise,0.001,500.0,results/brute_force/used_SC3_HBD/results/sweep_13.csv
582760067,033300020,310678,99689324,144455,4597,161625,99689323,100000000,pymatching,SurfaceCode,9,1,3,HBD_noise,0.001,500.0,results/brute_force/used_SC3_HBD/results/sweep_13.csv
732808238,233302300,352801,99647201,178462,5467,168871,99647200,100000000,pymatching,SurfaceCode,9,1,3,HBD_noise,0.001,500.0,results/brute_force/used_SC3_HBD/results/sweep_13.csv
508762969,000330020,348749,99651253,159922,5496,183330,99651252,100000000,pymatching,SurfaceCode,9,1,3,HBD_noise,0.001,500.0,results/brute_force/used_SC3_HBD/results/sweep_13.csv
552249680,002203233,362876,99637126,175883,5958,181034,99637125,100000000,pymatching,SurfaceCode,9,1,3,HBD_noise,0.001,500.0,results/brute_force/used_SC3_HBD/results/sweep_13.csv
855353506,033202332,363141,99636861,180951,5554,176635,99636860,100000000,pymatching,SurfaceCode,9,1,3,HBD_noise,0.001,500.0,results/brute_force/used_SC3_HBD/results/sweep_14.csv
1280492084,022300003,364481,99635521,167667,6043,190770,99635520,100000000,pymatching,SurfaceCode,9,1,3,HBD_noise,0.001,500.0,results/brute_force/used_SC3_HBD/results/sweep_14.csv
84772818,030302003,315056,99684946,146464,4628,163963,99684945,100000000,pymatching,SurfaceCode,9,1,3,HBD_noise,0.001,500.0,results/brute_force/used_SC3_HBD/results/sweep_14.csv
1983068976,030303002,293318,99706684,141324,4260,147733,99706683,100000000,pymatching,SurfaceCode,9,1,3,HBD_noise,0.001,500.0,results/brute_force/used_SC3_HBD/results/sweep_14.csv
904850154,332203320,365472,99634530,186147,5988,173336,99634529,100000000,pymatching,SurfaceCode,9,1,3,HBD_noise,0.001,500.0,results/brute_force/used_SC3_HBD/results/sweep_14.csv
327985274,030303320,303691,99696311,153753,4649,145288,99696310,100000000,pymatching,SurfaceCode,9,1,3,HBD_noise,0.001,500.0,results/brute_force/used_SC3_HBD/results/sweep_14.csv
1473037453,030303300,294563,99705439,144602,4374,145586,99705438,100000000,pymatching,SurfaceCode,9,1,3,HBD_noise,0.001,500.0,results/brute_force/used_SC3_HBD/results/sweep_14.csv
1530502863,030303302,310287,99689715,156270,4594,149422,99689714,100000000,pymatching,SurfaceCode,9,1,3,HBD_noise,0.001,500.0,results/brute_force/used_SC3_HBD/results/sweep_14.csv
672321745,330002333,350626,99649376,174741,5231,170653,99649375,100000000,pymatching,SurfaceCode,9,1,3,HBD_noise,0.001,500.0,results/brute_force/used_SC3_HBD/results/sweep_14.csv
226875067,330002000,336764,99663238,149140,5279,182344,99663237,100000000,pymatching,SurfaceCode,9,1,3,HBD_noise,0.001,500.0,results/brute_force/used_SC3_HBD/results/sweep_14.csv
1265212440,020303020,300724,99699278,136134,4775,159814,99699277,100000000,pymatching,SurfaceCode,9,1,3,HBD_noise,0.001,500.0,results/brute_force/used_SC3_HBD/results/sweep_61.csv
1508678212,222002232,429586,99570416,203138,7378,219069,99570415,100000000,pymatching,SurfaceCode,9,1,3,HBD_noise,0.001,500.0,results/brute_force/used_SC3_HBD/results/sweep_61.csv
1482222486,202000203,429708,99570294,190239,7243,232225,99570293,100000000,pymatching,SurfaceCode,9,1,3,HBD_noise,0.001,500.0,results/brute_force/used_SC3_HBD/results/sweep_61.csv
155536220,320030020,397741,99602261,187859,6548,203333,99602260,100000000,pymatching,SurfaceCode,9,1,3,HBD_noise,0.001,500.0,results/brute_force/used_SC3_HBD/results/sweep_61.csv
1147711053,000023232,387407,99612595,182995,6693,197718,99612594,100000000,pymatching,SurfaceCode,9,1,3,HBD_noise,0.001,500.0,results/brute_force/used_SC3_HBD/results/sweep_61.csv
1217127169,002203300,361462,99638540,165902,5777,189782,99638539,100000000,pymatching,SurfaceCode,9,1,3,HBD_noise,0.001,500.0,results/brute_force/used_SC3_HBD/results/sweep_61.csv
252167218,222300230,370614,99629388,181556,5768,183289,99629387,100000000,pymatching,SurfaceCode,9,1,3,HBD_noise,0.001,500.0,results/brute_force/used_SC3_HBD/results/sweep_61.csv
151971702,020000233,361147,99638855,160074,5752,195320,99638854,100000000,pymatching,SurfaceCode,9,1,3,HBD_noise,0.001,500.0,results/brute_force/used_SC3_HBD/results/sweep_61.csv
43359480,030203232,325156,99674846,160674,4914,159567,99674845,100000000,pymatching,SurfaceCode,9,1,3,HBD_noise,0.001,500.0,results/brute_force/used_SC3_HBD/results/sweep_61.csv
488987246,032032320,403021,99596981,199059,6464,197497,99596980,100000000,pymatching,SurfaceCode,9,1,3,HBD_noise,0.001,500.0,results/brute_force/used_SC3_HBD/results/sweep_61.csv
257410238,033002220,369205,99630797,173885,5761,189558,99630796,100000000,pymatching,SurfaceCode,9,1,3,HBD_noise,0.001,500.0,results/brute_force/used_SC3_HBD/results/sweep_2.csv
1941686514,232333033,353167,99646835,202116,5188,145862,99646834,100000000,pymatching,SurfaceCode,9,1,3,HBD_noise,0.001,500.0,results/brute_force/used_SC3_HBD/results/sweep_2.csv
1559592759,032303320,322381,99677621,164514,4953,152913,99677620,100000000,pymatching,SurfaceCode,9,1,3,HBD_noise,0.001,500.0,results/brute_force/used_SC3_HBD/results/sweep_2.csv
1642959444,033003330,305557,99694445,150538,4084,150934,99694444,100000000,pymatching,SurfaceCode,9,1,3,HBD_noise,0.001,500.0,results/brute_force/used_SC3_HBD/results/sweep_2.csv
812454209,023303030,302133,99697869,153726,4513,143893,99697868,100000000,pymatching,SurfaceCode,9,1,3,HBD_noise,0.001,500.0,results/brute_force/used_SC3_HBD/results/sweep_2.csv
290138023,033003030,291547,99708455,139652,4142,147752,99708454,100000000,pymatching,SurfaceCode,9,1,3,HBD_noise,0.001,500.0,results/brute_force/used_SC3_HBD/results/sweep_2.csv
1348035534,033303032,287976,99712026,148692,4099,135184,99712025,100000000,pymatching,SurfaceCode,9,1,3,HBD_noise,0.001,500.0,results/brute_force/used_SC3_HBD/results/sweep_2.csv
1606260802,030303033,272011,99727991,138352,3998,129660,99727990,100000000,pymatching,SurfaceCode,9,1,3,HBD_noise,0.001,500.0,results/brute_force/used_SC3_HBD/results/sweep_2.csv
1212048438,333203200,354658,99645344,175999,5656,173002,99645343,100000000,pymatching,SurfaceCode,9,1,3,HBD_noise,0.001,500.0,results/brute_force/used_SC3_HBD/results/sweep_2.csv
1960758056,233203000,339270,99660732,160026,5158,174085,99660731,100000000,pymatching,SurfaceCode,9,1,3,HBD_noise,0.001,500.0,results/brute_force/used_SC3_HBD/results/sweep_2.csv
274254549,030233000,331444,99668558,159941,5149,166353,99668557,100000000,pymatching,SurfaceCode,9,1,3,HBD_noise,0.001,500.0,results/brute_force/used_SC3_HBD/results/sweep_54.csv
213288832,020003233,337081,99662921,157565,5305,174210,99662920,100000000,pymatching,SurfaceCode,9,1,3,HBD_noise,0.001,500.0,results/brute_force/used_SC3_HBD/results/sweep_54.csv
319451320,203303000,326359,99673643,156648,4887,164823,99673642,100000000,pymatching,SurfaceCode,9,1,3,HBD_noise,0.001,500.0,results/brute_force/used_SC3_HBD/results/sweep_54.csv
373367887,033330030,320969,99679033,164432,4657,151879,99679032,100000000,pymatching,SurfaceCode,9,1,3,HBD_noise,0.001,500.0,results/brute_force/used_SC3_HBD/results/sweep_54.csv
491325568,020303233,316959,99683043,156926,4954,155078,99683042,100000000,pymatching,SurfaceCode,9,1,3,HBD_noise,0.001,500.0,results/brute_force/used_SC3_HBD/results/sweep_54.csv
1713223768,200032002,436647,99563355,205172,7060,224414,99563354,100000000,pymatching,SurfaceCode,9,1,3,HBD_noise,0.001,500.0,results/brute_force/used_SC3_HBD/results/sweep_54.csv
579738232,222300222,431015,99568987,210110,7834,213070,99568986,100000000,pymatching,SurfaceCode,9,1,3,HBD_noise,0.001,500.0,results/brute_force/used_SC3_HBD/results/sweep_54.csv
1375806450,000023022,390011,99609991,176825,6577,206608,99609990,100000000,pymatching,SurfaceCode,9,1,3,HBD_noise,0.001,500.0,results/brute_force/used_SC3_HBD/results/sweep_54.csv
889529211,023033330,364557,99635445,190252,5391,168913,99635444,100000000,pymatching,SurfaceCode,9,1,3,HBD_noise,0.001,500.0,results/brute_force/used_SC3_HBD/results/sweep_54.csv
948085784,032203233,346441,99653561,174122,5525,166793,99653560,100000000,pymatching,SurfaceCode,9,1,3,HBD_noise,0.001,500.0,results/brute_force/used_SC3_HBD/results/sweep_54.csv
70112211,233000320,383956,99616046,182949,6093,194913,99616045,100000000,pymatching,SurfaceCode,9,1,3,HBD_noise,0.001,500.0,results/brute_force/used_SC3_HBD/results/sweep_28.csv
640364744,333203303,366016,99633986,191247,5901,168867,99633985,100000000,pymatching,SurfaceCode,9,1,3,HBD_noise,0.001,500.0,results/brute_force/used_SC3_HBD/results/sweep_28.csv
456331415,020332030,335946,99664056,164711,5052,166182,99664055,100000000,pymatching,SurfaceCode,9,1,3,HBD_noise,0.001,500.0,results/brute_force/used_SC3_HBD/results/sweep_28.csv
952167993,003303333,322907,99677095,168887,4820,149199,99677094,100000000,pymatching,SurfaceCode,9,1,3,HBD_noise,0.001,500.0,results/brute_force/used_SC3_HBD/results/sweep_28.csv
1472819506,020003030,298809,99701193,132841,4369,161598,99701192,100000000,pymatching,SurfaceCode,9,1,3,HBD_noise,0.001,500.0,results/brute_force/used_SC3_HBD/results/sweep_28.csv
1833686784,030302000,301008,99698994,134802,4523,161682,99698993,100000000,pymatching,SurfaceCode,9,1,3,HBD_noise,0.001,500.0,results/brute_force/used_SC3_HBD/results/sweep_28.csv
75296559,000230222,440882,99559120,210679,7403,222799,99559119,100000000,pymatching,SurfaceCode,9,1,3,HBD_noise,0.001,500.0,results/brute_force/used_SC3_HBD/results/sweep_28.csv
1394050330,003020033,394675,99605327,185299,6310,203065,99605326,100000000,pymatching,SurfaceCode,9,1,3,HBD_noise,0.001,500.0,results/brute_force/used_SC3_HBD/results/sweep_28.csv
695886343,230030000,376999,99623003,175451,5727,195820,99623002,100000000,pymatching,SurfaceCode,9,1,3,HBD_noise,0.001,500.0,results/brute_force/used_SC3_HBD/results/sweep_28.csv
619012650,333002033,349058,99650944,173802,5228,170027,99650943,100000000,pymatching,SurfaceCode,9,1,3,HBD_noise,0.001,500.0,results/brute_force/used_SC3_HBD/results/sweep_28.csv
2042255208,303303232,349716,99650286,184170,5397,160148,99650285,100000000,pymatching,SurfaceCode,9,1,3,HBD_noise,0.001,500.0,results/brute_force/used_SC3_HBD/results/sweep_5.csv
1074344606,303303032,323277,99676725,168736,4709,149831,99676724,100000000,pymatching,SurfaceCode,9,1,3,HBD_noise,0.001,500.0,results/brute_force/used_SC3_HBD/results/sweep_5.csv
1199268081,233303232,331289,99668713,180228,4923,146137,99668712,100000000,pymatching,SurfaceCode,9,1,3,HBD_noise,0.001,500.0,results/brute_force/used_SC3_HBD/results/sweep_5.csv
1535950923,333303002,320881,99679121,168241,4912,147727,99679120,100000000,pymatching,SurfaceCode,9,1,3,HBD_noise,0.001,500.0,results/brute_force/used_SC3_HBD/results/sweep_5.csv
196339477,233303032,308661,99691341,165968,4534,138158,99691340,100000000,pymatching,SurfaceCode,9,1,3,HBD_noise,0.001,500.0,results/brute_force/used_SC3_HBD/results/sweep_5.csv
372055905,333303033,303117,99696885,166147,4255,132714,99696884,100000000,pymatching,SurfaceCode,9,1,3,HBD_noise,0.001,500.0,results/brute_force/used_SC3_HBD/results/sweep_5.csv
126307531,032303030,279954,99720048,138881,4053,137019,99720047,100000000,pymatching,SurfaceCode,9,1,3,HBD_noise,0.001,500.0,results/brute_force/used_SC3_HBD/results/sweep_5.csv
439993588,220203230,351674,99648328,165505,5429,180739,99648327,100000000,pymatching,SurfaceCode,9,1,3,HBD_noise,0.001,500.0,results/brute_force/used_SC3_HBD/results/sweep_5.csv
922929905,220003230,346401,99653601,160239,5244,180917,99653600,100000000,pymatching,SurfaceCode,9,1,3,HBD_noise,0.001,500.0,results/brute_force/used_SC3_HBD/results/sweep_5.csv
1410628783,220303230,321428,99678574,159591,4779,157057,99678573,100000000,pymatching,SurfaceCode,9,1,3,HBD_noise,0.001,500.0,results/brute_force/used_SC3_HBD/results/sweep_5.csv
1996047493,330320032,368469,99631533,189940,5692,172836,99631532,100000000,pymatching,SurfaceCode,9,1,3,HBD_noise,0.001,500.0,results/brute_force/used_SC3_HBD/results/sweep_53.csv
1648429149,022203332,369711,99630291,186822,5601,177287,99630290,100000000,pymatching,SurfaceCode,9,1,3,HBD_noise,0.001,500.0,results/brute_force/used_SC3_HBD/results/sweep_53.csv
1207213437,333302233,353050,99646952,188556,5281,159212,99646951,100000000,pymatching,SurfaceCode,9,1,3,HBD_noise,0.001,500.0,results/brute_force/used_SC3_HBD/results/sweep_53.csv
1862106577,033323023,353712,99646290,184410,5745,163556,99646289,100000000,pymatching,SurfaceCode,9,1,3,HBD_noise,0.001,500.0,results/brute_force/used_SC3_HBD/results/sweep_53.csv
406332330,332303220,343076,99656926,179359,5643,158073,99656925,100000000,pymatching,SurfaceCode,9,1,3,HBD_noise,0.001,500.0,results/brute_force/used_SC3_HBD/results/sweep_53.csv
299719300,030003023,315649,99684353,147371,4730,163547,99684352,100000000,pymatching,SurfaceCode,9,1,3,HBD_noise,0.001,500.0,results/brute_force/used_SC3_HBD/results/sweep_53.csv
1950435533,030333033,304863,99695139,166540,4341,133981,99695138,100000000,pymatching,SurfaceCode,9,1,3,HBD_noise,0.001,500.0,results/brute_force/used_SC3_HBD/results/sweep_53.csv
1692617135,030300033,294223,99705779,140614,4146,149462,99705778,100000000,pymatching,SurfaceCode,9,1,3,HBD_noise,0.001,500.0,results/brute_force/used_SC3_HBD/results/sweep_53.csv
18045151,020222033,403367,99596635,194885,6795,201686,99596634,100000000,pymatching,SurfaceCode,9,1,3,HBD_noise,0.001,500.0,results/brute_force/used_SC3_HBD/results/sweep_53.csv
465215782,002002332,385496,99614506,175580,5866,204049,99614505,100000000,pymatching,SurfaceCode,9,1,3,HBD_noise,0.001,500.0,results/brute_force/used_SC3_HBD/results/sweep_53.csv
998116072,032302030,305644,99694358,144760,4601,156282,99694357,100000000,pymatching,SurfaceCode,9,1,3,HBD_noise,0.001,500.0,results/brute_force/used_SC3_HBD/results/sweep_21.csv
2074630597,030302030,284093,99715909,133121,4245,146726,99715908,100000000,pymatching,SurfaceCode,9,1,3,HBD_noise,0.001,500.0,results/brute_force/used_SC3_HBD/results/sweep_21.csv
1538039668,233303020,310714,99689288,157651,4488,148574,99689287,100000000,pymatching,SurfaceCode,9,1,3,HBD_noise,0.001,500.0,results/brute_force/used_SC3_HBD/results/sweep_21.csv
1429785312,233303030,291334,99708668,153554,4265,133514,99708667,100000000,pymatching,SurfaceCode,9,1,3,HBD_noise,0.001,500.0,results/brute_force/used_SC3_HBD/results/sweep_21.csv
563579847,330300003,325157,99674845,156354,4773,164029,99674844,100000000,pymatching,SurfaceCode,9,1,3,HBD_noise,0.001,500.0,results/brute_force/used_SC3_HBD/results/sweep_21.csv
130322332,330303003,303738,99696264,154376,4579,144782,99696263,100000000,pymatching,SurfaceCode,9,1,3,HBD_noise,0.001,500.0,results/brute_force/used_SC3_HBD/results/sweep_21.csv
207892022,330303002,304296,99695706,153035,4581,146679,99695705,100000000,pymatching,SurfaceCode,9,1,3,HBD_noise,0.001,500.0,results/brute_force/used_SC3_HBD/results/sweep_21.csv
1417595649,022303000,326585,99673417,153755,5376,167453,99673416,100000000,pymatching,SurfaceCode,9,1,3,HBD_noise,0.001,500.0,results/brute_force/used_SC3_HBD/results/sweep_21.csv
1060778125,020303200,319632,99680370,147351,5276,167004,99680369,100000000,pymatching,SurfaceCode,9,1,3,HBD_noise,0.001,500.0,results/brute_force/used_SC3_HBD/results/sweep_21.csv
427879297,320303000,313581,99686421,149447,5050,159083,99686420,100000000,pymatching,SurfaceCode,9,1,3,HBD_noise,0.001,500.0,results/brute_force/used_SC3_HBD/results/sweep_21.csv
1971894944,302330333,410885,99589117,222940,6367,181577,99589116,100000000,pymatching,SurfaceCode,9,1,3,HBD_noise,0.001,500.0,results/brute_force/used_SC3_HBD/results/sweep_26.csv
1779529298,002303232,339743,99660259,168742,5488,165512,99660258,100000000,pymatching,SurfaceCode,9,1,3,HBD_noise,0.001,500.0,results/brute_force/used_SC3_HBD/results/sweep_26.csv
2138822199,330003003,326111,99673891,154621,4927,166562,99673890,100000000,pymatching,SurfaceCode,9,1,3,HBD_noise,0.001,500.0,results/brute_force/used_SC3_HBD/results/sweep_26.csv
1934100949,333300330,322888,99677114,167762,4595,150530,99677113,100000000,pymatching,SurfaceCode,9,1,3,HBD_noise,0.001,500.0,results/brute_force/used_SC3_HBD/results/sweep_26.csv
1254469202,030303003,290636,99709366,140773,4302,145560,99709365,100000000,pymatching,SurfaceCode,9,1,3,HBD_noise,0.001,500.0,results/brute_force/used_SC3_HBD/results/sweep_26.csv
1737043941,302032222,489359,99510643,245915,8638,234805,99510642,100000000,pymatching,SurfaceCode,9,1,3,HBD_noise,0.001,500.0,results/brute_force/used_SC3_HBD/results/sweep_26.csv
758669839,222303330,340209,99659793,177816,5004,157388,99659792,100000000,pymatching,SurfaceCode,9,1,3,HBD_noise,0.001,500.0,results/brute_force/used_SC3_HBD/results/sweep_26.csv
911387127,233300230,333297,99666705,168430,4697,160169,99666704,100000000,pymatching,SurfaceCode,9,1,3,HBD_noise,0.001,500.0,results/brute_force/used_SC3_HBD/results/sweep_26.csv
542828138,230302003,333297,99666705,160785,4845,167666,99666704,100000000,pymatching,SurfaceCode,9,1,3,HBD_noise,0.001,500.0,results/brute_force/used_SC3_HBD/results/sweep_26.csv
564568341,003303032,309689,99690313,154952,4512,150224,99690312,100000000,pymatching,SurfaceCode,9,1,3,HBD_noise,0.001,500.0,results/brute_force/used_SC3_HBD/results/sweep_26.csv
382832927,332230300,416756,99583246,212047,6794,197914,99583245,100000000,pymatching,SurfaceCode,9,1,3,HBD_noise,0.001,500.0,results/brute_force/used_SC3_HBD/results/sweep_44.csv
834299577,033322002,380906,99619096,187024,6151,187730,99619095,100000000,pymatching,SurfaceCode,9,1,3,HBD_noise,0.001,500.0,results/brute_force/used_SC3_HBD/results/sweep_44.csv
1307772600,000322000,371214,99628788,163934,6301,200978,99628787,100000000,pymatching,SurfaceCode,9,1,3,HBD_noise,0.001,500.0,results/brute_force/used_SC3_HBD/results/sweep_44.csv
74027534,000300220,349122,99650880,157897,5556,185668,99650879,100000000,pymatching,SurfaceCode,9,1,3,HBD_noise,0.001,500.0,results/brute_force/used_SC3_HBD/results/sweep_44.csv
450802854,022333030,334415,99665587,177262,5151,152001,99665586,100000000,pymatching,SurfaceCode,9,1,3,HBD_noise,0.001,500.0,results/brute_force/used_SC3_HBD/results/sweep_44.csv
1808530991,030003232,317796,99682206,153408,4727,159660,99682205,100000000,pymatching,SurfaceCode,9,1,3,HBD_noise,0.001,500.0,results/brute_force/used_SC3_HBD/results/sweep_44.csv
207331859,230303032,292314,99707688,151396,4146,136771,99707687,100000000,pymatching,SurfaceCode,9,1,3,HBD_noise,0.001,500.0,results/brute_force/used_SC3_HBD/results/sweep_44.csv
1627782961,033200003,352024,99647978,162704,5318,184001,99647977,100000000,pymatching,SurfaceCode,9,1,3,HBD_noise,0.001,500.0,results/brute_force/used_SC3_HBD/results/sweep_44.csv
1168926724,033003023,328082,99671920,158115,4891,165075,99671919,100000000,pymatching,SurfaceCode,9,1,3,HBD_noise,0.001,500.0,results/brute_force/used_SC3_HBD/results/sweep_44.csv
138565905,230003230,317858,99682144,149065,4542,164250,99682143,100000000,pymatching,SurfaceCode,9,1,3,HBD_noise,0.001,500.0,results/brute_force/used_SC3_HBD/results/sweep_44.csv
733728999,330303033,285268,99714734,150900,4039,130328,99714733,100000000,pymatching,SurfaceCode,9,1,3,HBD_noise,0.001,500.0,results/brute_force/used_SC3_HBD/results/sweep_38.csv
1700453817,002333302,386090,99613912,200048,6039,180002,99613911,100000000,pymatching,SurfaceCode,9,1,3,HBD_noise,0.001,500.0,results/brute_force/used_SC3_HBD/results/sweep_38.csv
1248411760,030320220,370702,99629300,180165,6068,184468,99629299,100000000,pymatching,SurfaceCode,9,1,3,HBD_noise,0.001,500.0,results/brute_force/used_SC3_HBD/results/sweep_38.csv
2134297104,320333000,347375,99652627,178965,5551,162858,99652626,100000000,pymatching,SurfaceCode,9,1,3,HBD_noise,0.001,500.0,results/brute_force/used_SC3_HBD/results/sweep_38.csv
143846474,030202033,323229,99676773,151339,4869,167020,99676772,100000000,pymatching,SurfaceCode,9,1,3,HBD_noise,0.001,500.0,results/brute_force/used_SC3_HBD/results/sweep_38.csv
2091436431,232332030,360758,99639244,192966,5587,162204,99639243,100000000,pymatching,SurfaceCode,9,1,3,HBD_noise,0.001,500.0,results/brute_force/used_SC3_HBD/results/sweep_38.csv
593214691,320000030,338678,99661324,152988,4926,180763,99661323,100000000,pymatching,SurfaceCode,9,1,3,HBD_noise,0.001,500.0,results/brute_force/used_SC3_HBD/results/sweep_38.csv
2116899528,223303030,320474,99679528,167851,4650,147972,99679527,100000000,pymatching,SurfaceCode,9,1,3,HBD_noise,0.001,500.0,results/brute_force/used_SC3_HBD/results/sweep_38.csv
1556808540,203322032,418950,99581052,214628,6994,197327,99581051,100000000,pymatching,SurfaceCode,9,1,3,HBD_noise,0.001,500.0,results/brute_force/used_SC3_HBD/results/sweep_38.csv
934919628,330002222,391172,99608830,187873,6239,197059,99608829,100000000,pymatching,SurfaceCode,9,1,3,HBD_noise,0.001,500.0,results/brute_force/used_SC3_HBD/results/sweep_38.csv
160700562,022032032,412501,99587501,201599,6477,204424,99587500,100000000,pymatching,SurfaceCode,9,1,3,HBD_noise,0.001,500.0,results/brute_force/used_SC3_HBD/results/sweep_43.csv
1344155944,300202002,387423,99612579,170066,6237,211119,99612578,100000000,pymatching,SurfaceCode,9,1,3,HBD_noise,0.001,500.0,results/brute_force/used_SC3_HBD/results/sweep_43.csv
14980451,032023033,357381,99642621,178056,5778,173546,99642620,100000000,pymatching,SurfaceCode,9,1,3,HBD_noise,0.001,500.0,results/brute_force/used_SC3_HBD/results/sweep_43.csv
426585232,200202030,347590,99652412,154925,5521,187143,99652411,100000000,pymatching,SurfaceCode,9,1,3,HBD_noise,0.001,500.0,results/brute_force/used_SC3_HBD/results/sweep_43.csv
49813222,020300332,340856,99659146,159638,5057,176160,99659145,100000000,pymatching,SurfaceCode,9,1,3,HBD_noise,0.001,500.0,results/brute_force/used_SC3_HBD/results/sweep_43.csv
2001392094,230000330,333896,99666106,153513,4803,175579,99666105,100000000,pymatching,SurfaceCode,9,1,3,HBD_noise,0.001,500.0,results/brute_force/used_SC3_HBD/results/sweep_43.csv
1159258129,030003330,292784,99707218,139514,4175,149094,99707217,100000000,pymatching,SurfaceCode,9,1,3,HBD_noise,0.001,500.0,results/brute_force/used_SC3_HBD/results/sweep_43.csv
962186174,022020023,443318,99556684,203038,8101,232178,99556683,100000000,pymatching,SurfaceCode,9,1,3,HBD_noise,0.001,500.0,results/brute_force/used_SC3_HBD/results/sweep_43.csv
1907141429,000002030,322680,99677322,137758,4869,180052,99677321,100000000,pymatching,SurfaceCode,9,1,3,HBD_noise,0.001,500.0,results/brute_force/used_SC3_HBD/results/sweep_43.csv
1293681482,032203030,305367,99694635,147156,4667,153543,99694634,100000000,pymatching,SurfaceCode,9,1,3,HBD_noise,0.001,500.0,results/brute_force/used_SC3_HBD/results/sweep_43.csv
256444608,333230030,371933,99628069,196963,5605,169364,99628068,100000000,pymatching,SurfaceCode,9,1,3,HBD_noise,0.001,500.0,results/brute_force/used_SC3_HBD/results/sweep_31.csv
1283191588,020223000,375263,99624739,167394,6495,201373,99624738,100000000,pymatching,SurfaceCode,9,1,3,HBD_noise,0.001,500.0,results/brute_force/used_SC3_HBD/results/sweep_31.csv
335895469,033302203,352290,99647712,173769,5101,173419,99647711,100000000,pymatching,SurfaceCode,9,1,3,HBD_noise,0.001,500.0,results/brute_force/used_SC3_HBD/results/sweep_31.csv
1988471763,023003030,321080,99678922,154019,4818,162242,99678921,100000000,pymatching,SurfaceCode,9,1,3,HBD_noise,0.001,500.0,results/brute_force/used_SC3_HBD/results/sweep_31.csv
1586189214,302200022,416293,99583709,187915,7104,221273,99583708,100000000,pymatching,SurfaceCode,9,1,3,HBD_noise,0.001,500.0,results/brute_force/used_SC3_HBD/results/sweep_31.csv
1291926667,320303033,313745,99686257,162891,4707,146146,99686256,100000000,pymatching,SurfaceCode,9,1,3,HBD_noise,0.001,500.0,results/brute_force/used_SC3_HBD/results/sweep_31.csv
330194748,332200300,377437,99622565,178086,5988,193362,99622564,100000000,pymatching,SurfaceCode,9,1,3,HBD_noise,0.001,500.0,results/brute_force/used_SC3_HBD/results/sweep_31.csv
1463224915,030002333,333597,99666405,159925,4859,168812,99666404,100000000,pymatching,SurfaceCode,9,1,3,HBD_noise,0.001,500.0,results/brute_force/used_SC3_HBD/results/sweep_31.csv
1095578159,030200020,325151,99674851,140268,4872,180010,99674850,100000000,pymatching,SurfaceCode,9,1,3,HBD_noise,0.001,500.0,results/brute_force/used_SC3_HBD/results/sweep_31.csv
1287361454,233303033,305578,99694424,165792,4443,135342,99694423,100000000,pymatching,SurfaceCode,9,1,3,HBD_noise,0.001,500.0,results/brute_force/used_SC3_HBD/results/sweep_31.csv
294683664,030333230,307800,99692202,161729,4474,141596,99692201,100000000,pymatching,SurfaceCode,9,1,3,HBD_noise,0.001,500.0,results/brute_force/used_SC3_HBD/results/sweep_36.csv
2103246154,032302203,360852,99639150,173256,5541,182054,99639149,100000000,pymatching,SurfaceCode,9,1,3,HBD_noise,0.001,500.0,results/brute_force/used_SC3_HBD/results/sweep_36.csv
142186767,330003333,322252,99677750,165569,4685,151997,99677749,100000000,pymatching,SurfaceCode,9,1,3,HBD_noise,0.001,500.0,results/brute_force/used_SC3_HBD/results/sweep_36.csv
1718736326,033330203,381970,99618032,198329,5733,177907,99618031,100000000,pymatching,SurfaceCode,9,1,3,HBD_noise,0.001,500.0,results/brute_force/used_SC3_HBD/results/sweep_36.csv
1191808117,300203232,357942,99642060,174276,5638,178027,99642059,100000000,pymatching,SurfaceCode,9,1,3,HBD_noise,0.001,500.0,results/brute_force/used_SC3_HBD/results/sweep_36.csv
1957157290,020203032,324532,99675470,153336,4948,166247,99675469,100000000,pymatching,SurfaceCode,9,1,3,HBD_noise,0.001,500.0,results/brute_force/used_SC3_HBD/results/sweep_36.csv
329850471,300303330,302530,99697472,152167,4253,146109,99697471,100000000,pymatching,SurfaceCode,9,1,3,HBD_noise,0.001,500.0,results/brute_force/used_SC3_HBD/results/sweep_36.csv
377518062,330303230,289825,99710177,149105,4118,136601,99710176,100000000,pymatching,SurfaceCode,9,1,3,HBD_noise,0.001,500.0,results/brute_force/used_SC3_HBD/results/sweep_36.csv
1883196342,322330022,437940,99562062,226981,7430,203528,99562061,100000000,pymatching,SurfaceCode,9,1,3,HBD_noise,0.001,500.0,results/brute_force/used_SC3_HBD/results/sweep_36.csv
2046788528,233232002,439556,99560446,227081,7086,205388,99560445,100000000,pymatching,SurfaceCode,9,1,3,HBD_noise,0.001,500.0,results/brute_force/used_SC3_HBD/results/sweep_36.csv
1795054988,232303030,298542,99701460,153856,4428,140257,99701459,100000000,pymatching,SurfaceCode,9,1,3,HBD_noise,0.001,500.0,results/brute_force/used_SC3_HBD/results/sweep_27.csv
2076697615,322202003,414989,99585013,196197,7418,211373,99585012,100000000,pymatching,SurfaceCode,9,1,3,HBD_noise,0.001,500.0,results/brute_force/used_SC3_HBD/results/sweep_27.csv
330466507,033333300,335391,99664611,177860,5004,152526,99664610,100000000,pymatching,SurfaceCode,9,1,3,HBD_noise,0.001,500.0,results/brute_force/used_SC3_HBD/results/sweep_27.csv
560228153,230330030,331639,99668363,171883,5007,154748,99668362,100000000,pymatching,SurfaceCode,9,1,3,HBD_noise,0.001,500.0,results/brute_force/used_SC3_HBD/results/sweep_27.csv
759933783,020002030,324076,99675926,139282,4868,179925,99675925,100000000,pymatching,SurfaceCode,9,1,3,HBD_noise,0.001,500.0,results/brute_force/used_SC3_HBD/results/sweep_27.csv
99266393,230303200,315146,99684856,154729,4780,155636,99684855,100000000,pymatching,SurfaceCode,9,1,3,HBD_noise,0.001,500.0,results/brute_force/used_SC3_HBD/results/sweep_27.csv
714792758,020303022,319670,99680332,150236,4937,164496,99680331,100000000,pymatching,SurfaceCode,9,1,3,HBD_noise,0.001,500.0,results/brute_force/used_SC3_HBD/results/sweep_27.csv
1930460280,002300030,321093,99678909,145096,4759,171237,99678908,100000000,pymatching,SurfaceCode,9,1,3,HBD_noise,0.001,500.0,results/brute_force/used_SC3_HBD/results/sweep_27.csv
2062946564,000003033,308981,99691021,140993,4506,163481,99691020,100000000,pymatching,SurfaceCode,9,1,3,HBD_noise,0.001,500.0,results/brute_force/used_SC3_HBD/results/sweep_27.csv
1960717077,223000330,380658,99619344,183012,5798,191847,99619343,100000000,pymatching,SurfaceCode,9,1,3,HBD_noise,0.001,500.0,results/brute_force/used_SC3_HBD/results/sweep_27.csv
1831657473,000303330,290828,99709174,140678,4131,146018,99709173,100000000,pymatching,SurfaceCode,9,1,3,HBD_noise,0.001,500.0,results/brute_force/used_SC3_HBD/results/sweep_20.csv
967501338,000303333,307438,99692564,155722,4494,147221,99692563,100000000,pymatching,SurfaceCode,9,1,3,HBD_noise,0.001,500.0,results/brute_force/used_SC3_HBD/results/sweep_20.csv
1217774703,200203033,336287,99663715,160515,5153,170618,99663714,100000000,pymatching,SurfaceCode,9,1,3,HBD_noise,0.001,500.0,results/brute_force/used_SC3_HBD/results/sweep_20.csv
903281072,030333020,307979,99692023,155438,4620,147920,99692022,100000000,pymatching,SurfaceCode,9,1,3,HBD_noise,0.001,500.0,results/brute_force/used_SC3_HBD/results/sweep_20.csv
711402027,032300030,300496,99699506,139939,4393,156163,99699505,100000000,pymatching,SurfaceCode,9,1,3,HBD_noise,0.001,500.0,results/brute_force/used_SC3_HBD/results/sweep_20.csv
1409627484,020303000,296088,99703914,132120,4686,159281,99703913,100000000,pymatching,SurfaceCode,9,1,3,HBD_noise,0.001,500.0,results/brute_force/used_SC3_HBD/results/sweep_20.csv
1671093139,032302330,321142,99678860,157861,4717,158563,99678859,100000000,pymatching,SurfaceCode,9,1,3,HBD_noise,0.001,500.0,results/brute_force/used_SC3_HBD/results/sweep_20.csv
980689939,032302033,319157,99680845,154206,4614,160336,99680844,100000000,pymatching,SurfaceCode,9,1,3,HBD_noise,0.001,500.0,results/brute_force/used_SC3_HBD/results/sweep_20.csv
1627218674,032300033,315734,99684268,151281,4759,159693,99684267,100000000,pymatching,SurfaceCode,9,1,3,HBD_noise,0.001,500.0,results/brute_force/used_SC3_HBD/results/sweep_20.csv
2043693908,032300330,314360,99685642,150497,4401,159461,99685641,100000000,pymatching,SurfaceCode,9,1,3,HBD_noise,0.001,500.0,results/brute_force/used_SC3_HBD/results/sweep_20.csv
1943526698,033333302,357785,99642217,196008,5261,156515,99642216,100000000,pymatching,SurfaceCode,9,1,3,HBD_noise,0.001,500.0,results/brute_force/used_SC3_HBD/results/sweep_4.csv
1891204565,032303200,317533,99682469,153966,4783,158783,99682468,100000000,pymatching,SurfaceCode,9,1,3,HBD_noise,0.001,500.0,results/brute_force/used_SC3_HBD/results/sweep_4.csv
1068693861,033303230,291562,99708440,148561,3977,139023,99708439,100000000,pymatching,SurfaceCode,9,1,3,HBD_noise,0.001,500.0,results/brute_force/used_SC3_HBD/results/sweep_4.csv
1863131501,020203230,328994,99671008,151534,5186,172273,99671007,100000000,pymatching,SurfaceCode,9,1,3,HBD_noise,0.001,500.0,results/brute_force/used_SC3_HBD/results/sweep_4.csv
1158648788,030203230,303563,99696439,143630,4445,155487,99696438,100000000,pymatching,SurfaceCode,9,1,3,HBD_noise,0.001,500.0,results/brute_force/used_SC3_HBD/results/sweep_4.csv
1022193701,030203030,283177,99716825,132634,4259,146283,99716824,100000000,pymatching,SurfaceCode,9,1,3,HBD_noise,0.001,500.0,results/brute_force/used_SC3_HBD/results/sweep_4.csv
182359691,032003330,312188,99687814,150435,4418,157334,99687813,100000000,pymatching,SurfaceCode,9,1,3,HBD_noise,0.001,500.0,results/brute_force/used_SC3_HBD/results/sweep_4.csv
1940131131,032303330,293387,99706615,149360,4130,139896,99706614,100000000,pymatching,SurfaceCode,9,1,3,HBD_noise,0.001,500.0,results/brute_force/used_SC3_HBD/results/sweep_4.csv
1439194902,030303333,290358,99709644,154321,4191,131845,99709643,100000000,pymatching,SurfaceCode,9,1,3,HBD_noise,0.001,500.0,results/brute_force/used_SC3_HBD/results/sweep_4.csv
177238624,023003330,333899,99666103,165290,4851,163757,99666102,100000000,pymatching,SurfaceCode,9,1,3,HBD_noise,0.001,500.0,results/brute_force/used_SC3_HBD/results/sweep_4.csv
1587040975,200203230,342875,99657127,157481,5044,180349,99657126,100000000,pymatching,SurfaceCode,9,1,3,HBD_noise,0.001,500.0,results/brute_force/used_SC3_HBD/results/sweep_52.csv
883779938,220200333,386847,99613155,186248,6141,194457,99613154,100000000,pymatching,SurfaceCode,9,1,3,HBD_noise,0.001,500.0,results/brute_force/used_SC3_HBD/results/sweep_52.csv
2044820196,233300022,357293,99642709,176159,5370,175763,99642708,100000000,pymatching,SurfaceCode,9,1,3,HBD_noise,0.001,500.0,results/brute_force/used_SC3_HBD/results/sweep_52.csv
2119058389,032303232,319945,99680057,163745,4778,151421,99680056,100000000,pymatching,SurfaceCode,9,1,3,HBD_noise,0.001,500.0,results/brute_force/used_SC3_HBD/results/sweep_52.csv
1855235562,030333032,305679,99694323,165443,4531,135704,99694322,100000000,pymatching,SurfaceCode,9,1,3,HBD_noise,0.001,500.0,results/brute_force/used_SC3_HBD/results/sweep_52.csv
1398789134,030003000,294581,99705421,127712,4340,162528,99705420,100000000,pymatching,SurfaceCode,9,1,3,HBD_noise,0.001,500.0,results/brute_force/used_SC3_HBD/results/sweep_52.csv
1931250937,033200032,340995,99659007,160871,5145,174978,99659006,100000000,pymatching,SurfaceCode,9,1,3,HBD_noise,0.001,500.0,results/brute_force/used_SC3_HBD/results/sweep_52.csv
1065961536,030320330,338021,99661981,164397,5260,168363,99661980,100000000,pymatching,SurfaceCode,9,1,3,HBD_noise,0.001,500.0,results/brute_force/used_SC3_HBD/results/sweep_52.csv
1925192365,330000030,311491,99688511,141450,4421,165619,99688510,100000000,pymatching,SurfaceCode,9,1,3,HBD_noise,0.001,500.0,results/brute_force/used_SC3_HBD/results/sweep_52.csv
1000544403,030302033,297595,99702407,143826,4254,149514,99702406,100000000,pymatching,SurfaceCode,9,1,3,HBD_noise,0.001,500.0,results/brute_force/used_SC3_HBD/results/sweep_52.csv
1405172054,233003030,312801,99687201,153965,4536,154299,99687200,100000000,pymatching,SurfaceCode,9,1,3,HBD_noise,0.001,500.0,results/brute_force/used_SC3_HBD/results/sweep_3.csv
1301829134,333303030,288584,99711418,154041,4069,130473,99711417,100000000,pymatching,SurfaceCode,9,1,3,HBD_noise,0.001,500.0,results/brute_force/used_SC3_HBD/results/sweep_3.csv
1651556984,232033030,354022,99645980,183841,5398,164782,99645979,100000000,pymatching,SurfaceCode,9,1,3,HBD_noise,0.001,500.0,results/brute_force/used_SC3_HBD/results/sweep_3.csv
840610283,233033030,347575,99652427,184067,5035,158472,99652426,100000000,pymatching,SurfaceCode,9,1,3,HBD_noise,0.001,500.0,results/brute_force/used_SC3_HBD/results/sweep_3.csv
342941842,030033030,307835,99692167,152798,4569,150467,99692166,100000000,pymatching,SurfaceCode,9,1,3,HBD_noise,0.001,500.0,results/brute_force/used_SC3_HBD/results/sweep_3.csv
309160151,030333030,287872,99712130,151131,4249,132491,99712129,100000000,pymatching,SurfaceCode,9,1,3,HBD_noise,0.001,500.0,results/brute_force/used_SC3_HBD/results/sweep_3.csv
1067707595,030003030,278378,99721624,127381,4182,146814,99721623,100000000,pymatching,SurfaceCode,9,1,3,HBD_noise,0.001,500.0,results/brute_force/used_SC3_HBD/results/sweep_3.csv
1323102512,033003322,352931,99647071,178143,5374,169413,99647070,100000000,pymatching,SurfaceCode,9,1,3,HBD_noise,0.001,500.0,results/brute_force/used_SC3_HBD/results/sweep_3.csv
1942460978,032303333,310170,99689832,164147,4469,141553,99689831,100000000,pymatching,SurfaceCode,9,1,3,HBD_noise,0.001,500.0,results/brute_force/used_SC3_HBD/results/sweep_3.csv
1019292560,032303033,292861,99707141,149601,4259,139000,99707140,100000000,pymatching,SurfaceCode,9,1,3,HBD_noise,0.001,500.0,results/brute_force/used_SC3_HBD/results/sweep_3.csv
1880681334,330333030,305721,99694281,168572,4524,132624,99694280,100000000,pymatching,SurfaceCode,9,1,3,HBD_noise,0.001,500.0,results/brute_force/used_SC3_HBD/results/sweep_55.csv
703112100,330023220,389042,99610960,194260,6852,187929,99610959,100000000,pymatching,SurfaceCode,9,1,3,HBD_noise,0.001,500.0,results/brute_force/used_SC3_HBD/results/sweep_55.csv
1459765893,203300330,345125,99654877,171144,5002,168978,99654876,100000000,pymatching,SurfaceCode,9,1,3,HBD_noise,0.001,500.0,results/brute_force/used_SC3_HBD/results/sweep_55.csv
1368366883,023303230,322839,99677163,163708,4932,154198,99677162,100000000,pymatching,SurfaceCode,9,1,3,HBD_noise,0.001,500.0,results/brute_force/used_SC3_HBD/results/sweep_55.csv
840872157,332303020,313299,99686703,157070,4975,151253,99686702,100000000,pymatching,SurfaceCode,9,1,3,HBD_noise,0.001,500.0,results/brute_force/used_SC3_HBD/results/sweep_55.csv
1527018228,330233033,355208,99644794,197758,5283,152166,99644793,100000000,pymatching,SurfaceCode,9,1,3,HBD_noise,0.001,500.0,results/brute_force/used_SC3_HBD/results/sweep_55.csv
1516886462,022303033,322823,99677179,164276,4983,153563,99677178,100000000,pymatching,SurfaceCode,9,1,3,HBD_noise,0.001,500.0,results/brute_force/used_SC3_HBD/results/sweep_55.csv
1376793317,033300332,330345,99669657,166767,4654,158923,99669656,100000000,pymatching,SurfaceCode,9,1,3,HBD_noise,0.001,500.0,results/brute_force/used_SC3_HBD/results/sweep_55.csv
1257424735,020303230,298202,99701800,140721,4534,152946,99701799,100000000,pymatching,SurfaceCode,9,1,3,HBD_noise,0.001,500.0,results/brute_force/used_SC3_HBD/results/sweep_55.csv
1296247864,030303023,295877,99704125,146234,4354,145288,99704124,100000000,pymatching,SurfaceCode,9,1,3,HBD_noise,0.001,500.0,results/brute_force/used_SC3_HBD/results/sweep_55.csv
790021769,230002033,337584,99662418,158723,4975,173885,99662417,100000000,pymatching,SurfaceCode,9,1,3,HBD_noise,0.001,500.0,results/brute_force/used_SC3_HBD/results/sweep_29.csv
1080347904,033302220,346738,99653264,172180,5307,169250,99653263,100000000,pymatching,SurfaceCode,9,1,3,HBD_noise,0.001,500.0,results/brute_force/used_SC3_HBD/results/sweep_29.csv
2136591079,020033030,326679,99673323,156690,4784,165204,99673322,100000000,pymatching,SurfaceCode,9,1,3,HBD_noise,0.001,500.0,results/brute_force/used_SC3_HBD/results/sweep_29.csv
972177912,220303032,319882,99680120,162358,4764,152759,99680119,100000000,pymatching,SurfaceCode,9,1,3,HBD_noise,0.001,500.0,results/brute_force/used_SC3_HBD/results/sweep_29.csv
285223783,023332322,435280,99564722,230228,7285,197766,99564721,100000000,pymatching,SurfaceCode,9,1,3,HBD_noise,0.001,500.0,results/brute_force/used_SC3_HBD/results/sweep_29.csv
1021956764,222300322,424842,99575160,209912,7403,207526,99575159,100000000,pymatching,SurfaceCode,9,1,3,HBD_noise,0.001,500.0,results/brute_force/used_SC3_HBD/results/sweep_29.csv
518527460,200002320,394426,99605576,176278,6560,211587,99605575,100000000,pymatching,SurfaceCode,9,1,3,HBD_noise,0.001,500.0,results/brute_force/used_SC3_HBD/results/sweep_29.csv
411037433,030222300,392249,99607753,187127,6888,198233,99607752,100000000,pymatching,SurfaceCode,9,1,3,HBD_noise,0.001,500.0,results/brute_force/used_SC3_HBD/results/sweep_29.csv
2035994738,333333022,369886,99630116,210770,5542,153573,99630115,100000000,pymatching,SurfaceCode,9,1,3,HBD_noise,0.001,500.0,results/brute_force/used_SC3_HBD/results/sweep_29.csv
704494810,020200320,375343,99624659,169319,6214,199809,99624658,100000000,pymatching,SurfaceCode,9,1,3,HBD_noise,0.001,500.0,results/brute_force/used_SC3_HBD/results/sweep_29.csv
441413094,030300002,316827,99683175,142779,4581,169466,99683174,100000000,pymatching,SurfaceCode,9,1,3,HBD_noise,0.001,500.0,results/brute_force/used_SC3_HBD/results/sweep_60.csv
721677231,023303330,315074,99684928,164413,4600,146060,99684927,100000000,pymatching,SurfaceCode,9,1,3,HBD_noise,0.001,500.0,results/brute_force/used_SC3_HBD/results/sweep_60.csv
787097911,303303030,306832,99693170,157557,4359,144915,99693169,100000000,pymatching,SurfaceCode,9,1,3,HBD_noise,0.001,500.0,results/brute_force/used_SC3_HBD/results/sweep_60.csv
1099084497,033030030,340985,99659017,166586,5087,169311,99659016,100000000,pymatching,SurfaceCode,9,1,3,HBD_noise,0.001,500.0,results/brute_force/used_SC3_HBD/results/sweep_60.csv
1874626679,332303333,328084,99671918,180804,4888,142391,99671917,100000000,pymatching,SurfaceCode,9,1,3,HBD_noise,0.001,500.0,results/brute_force/used_SC3_HBD/results/sweep_60.csv
310870417,030302233,321627,99678375,159232,4811,157583,99678374,100000000,pymatching,SurfaceCode,9,1,3,HBD_noise,0.001,500.0,results/brute_force/used_SC3_HBD/results/sweep_60.csv
907257683,222302332,398817,99601185,202460,6387,189969,99601184,100000000,pymatching,SurfaceCode,9,1,3,HBD_noise,0.001,500.0,results/brute_force/used_SC3_HBD/results/sweep_60.csv
217528098,020323000,342979,99657023,154535,5894,182549,99657022,100000000,pymatching,SurfaceCode,9,1,3,HBD_noise,0.001,500.0,results/brute_force/used_SC3_HBD/results/sweep_60.csv
403247529,202303230,336237,99663765,167201,4876,164159,99663764,100000000,pymatching,SurfaceCode,9,1,3,HBD_noise,0.001,500.0,results/brute_force/used_SC3_HBD/results/sweep_60.csv
317343647,330203002,334645,99665357,160108,5055,169481,99665356,100000000,pymatching,SurfaceCode,9,1,3,HBD_noise,0.001,500.0,results/brute_force/used_SC3_HBD/results/sweep_60.csv
525673851,330303000,284863,99715139,137770,4239,142853,99715138,100000000,pymatching,SurfaceCode,9,1,3,HBD_noise,0.001,500.0,results/brute_force/used_SC3_HBD/results/sweep_15.csv
1200698800,230303000,290738,99709264,138373,4288,148076,99709263,100000000,pymatching,SurfaceCode,9,1,3,HBD_noise,0.001,500.0,results/brute_force/used_SC3_HBD/results/sweep_15.csv
607892524,300003020,331635,99668367,146695,5123,179816,99668366,100000000,pymatching,SurfaceCode,9,1,3,HBD_noise,0.001,500.0,results/brute_force/used_SC3_HBD/results/sweep_15.csv
1391308837,000003020,318778,99681224,135322,4956,178499,99681223,100000000,pymatching,SurfaceCode,9,1,3,HBD_noise,0.001,500.0,results/brute_force/used_SC3_HBD/results/sweep_15.csv
1763437839,300003030,308267,99691735,141625,4614,162027,99691734,100000000,pymatching,SurfaceCode,9,1,3,HBD_noise,0.001,500.0,results/brute_force/used_SC3_HBD/results/sweep_15.csv
1807003619,230330032,358726,99641276,191358,5317,162050,99641275,100000000,pymatching,SurfaceCode,9,1,3,HBD_noise,0.001,500.0,results/brute_force/used_SC3_HBD/results/sweep_15.csv
530151591,330330032,355665,99644337,191444,5177,159043,99644336,100000000,pymatching,SurfaceCode,9,1,3,HBD_noise,0.001,500.0,results/brute_force/used_SC3_HBD/results/sweep_15.csv
1036603057,030330032,331403,99668599,168661,4766,157975,99668598,100000000,pymatching,SurfaceCode,9,1,3,HBD_noise,0.001,500.0,results/brute_force/used_SC3_HBD/results/sweep_15.csv
1722284123,030000032,318786,99681216,141090,4431,173264,99681215,100000000,pymatching,SurfaceCode,9,1,3,HBD_noise,0.001,500.0,results/brute_force/used_SC3_HBD/results/sweep_15.csv
1462388063,030300032,299561,99700441,139922,4320,155318,99700440,100000000,pymatching,SurfaceCode,9,1,3,HBD_noise,0.001,500.0,results/brute_force/used_SC3_HBD/results/sweep_15.csv
516305755,000300030,299183,99700819,131888,4354,162940,99700818,100000000,pymatching,SurfaceCode,9,1,3,HBD_noise,0.001,500.0,results/brute_force/used_SC3_HBD/results/sweep_12.csv
1805603153,203300333,365873,99634129,186427,5442,174003,99634128,100000000,pymatching,SurfaceCode,9,1,3,HBD_noise,0.001,500.0,results/brute_force/used_SC3_HBD/results/sweep_12.csv
1524490034,233302333,352257,99647745,189591,5194,157471,99647744,100000000,pymatching,SurfaceCode,9,1,3,HBD_noise,0.001,500.0,results/brute_force/used_SC3_HBD/results/sweep_12.csv
1860604952,233300332,352415,99647587,184089,5072,163253,99647586,100000000,pymatching,SurfaceCode,9,1,3,HBD_noise,0.001,500.0,results/brute_force/used_SC3_HBD/results/sweep_12.csv
2092340419,232303333,330142,99669860,180100,4942,145099,99669859,100000000,pymatching,SurfaceCode,9,1,3,HBD_noise,0.001,500.0,results/brute_force/used_SC3_HBD/results/sweep_12.csv
449249423,202302230,366400,99633602,177666,5796,182937,99633601,100000000,pymatching,SurfaceCode,9,1,3,HBD_noise,0.001,500.0,results/brute_force/used_SC3_HBD/results/sweep_12.csv
793485573,202300230,360245,99639757,170784,5182,184278,99639756,100000000,pymatching,SurfaceCode,9,1,3,HBD_noise,0.001,500.0,results/brute_force/used_SC3_HBD/results/sweep_12.csv
228704595,202300030,339706,99660296,158792,4914,175999,99660295,100000000,pymatching,SurfaceCode,9,1,3,HBD_noise,0.001,500.0,results/brute_force/used_SC3_HBD/results/sweep_12.csv
1024150314,230300030,296663,99703339,141250,4450,150962,99703338,100000000,pymatching,SurfaceCode,9,1,3,HBD_noise,0.001,500.0,results/brute_force/used_SC3_HBD/results/sweep_12.csv
723020438,333303300,320033,99679969,169346,4772,145914,99679968,100000000,pymatching,SurfaceCode,9,1,3,HBD_noise,0.001,500.0,results/brute_force/used_SC3_HBD/results/sweep_12.csv
1127041047,032332000,354890,99645112,173270,5402,176217,99645111,100000000,pymatching,SurfaceCode,9,1,3,HBD_noise,0.001,500.0,results/brute_force/used_SC3_HBD/results/sweep_23.csv
94559776,033322203,399960,99600042,204160,6566,189233,99600041,100000000,pymatching,SurfaceCode,9,1,3,HBD_noise,0.001,500.0,results/brute_force/used_SC3_HBD/results/sweep_23.csv
799280239,030323223,367075,99632927,193313,6128,167633,99632926,100000000,pymatching,SurfaceCode,9,1,3,HBD_noise,0.001,500.0,results/brute_force/used_SC3_HBD/results/sweep_23.csv
521148722,030323233,342030,99657972,181582,5522,154925,99657971,100000000,pymatching,SurfaceCode,9,1,3,HBD_noise,0.001,500.0,results/brute_force/used_SC3_HBD/results/sweep_23.csv
377702711,033303233,309605,99690397,164757,4598,140249,99690396,100000000,pymatching,SurfaceCode,9,1,3,HBD_noise,0.001,500.0,results/brute_force/used_SC3_HBD/results/sweep_23.csv
1472575852,033203333,331145,99668857,174301,4882,151961,99668856,100000000,pymatching,SurfaceCode,9,1,3,HBD_noise,0.001,500.0,results/brute_force/used_SC3_HBD/results/sweep_23.csv
1326247731,033003333,322458,99677544,165710,4606,152141,99677543,100000000,pymatching,SurfaceCode,9,1,3,HBD_noise,0.001,500.0,results/brute_force/used_SC3_HBD/results/sweep_23.csv
196139694,033003033,304100,99695902,149916,4319,149864,99695901,100000000,pymatching,SurfaceCode,9,1,3,HBD_noise,0.001,500.0,results/brute_force/used_SC3_HBD/results/sweep_23.csv
1044820305,330302332,337106,99662896,174821,5026,157258,99662895,100000000,pymatching,SurfaceCode,9,1,3,HBD_noise,0.001,500.0,results/brute_force/used_SC3_HBD/results/sweep_23.csv
1156516456,030300020,298685,99701317,132925,4393,161366,99701316,100000000,pymatching,SurfaceCode,9,1,3,HBD_noise,0.001,500.0,results/brute_force/used_SC3_HBD/results/sweep_23.csv
2139960451,000303300,312656,99687346,145888,4969,161798,99687345,100000000,pymatching,SurfaceCode,9,1,3,HBD_noise,0.001,500.0,results/brute_force/used_SC3_HBD/results/sweep_9.csv
335305779,000303320,321909,99678093,154796,5195,161917,99678092,100000000,pymatching,SurfaceCode,9,1,3,HBD_noise,0.001,500.0,results/brute_force/used_SC3_HBD/results/sweep_9.csv
1188015347,000303020,297703,99702299,133853,4613,159236,99702298,100000000,pymatching,SurfaceCode,9,1,3,HBD_noise,0.001,500.0,results/brute_force/used_SC3_HBD/results/sweep_9.csv
22256937,033320020,353333,99646669,168070,5727,179535,99646668,100000000,pymatching,SurfaceCode,9,1,3,HBD_noise,0.001,500.0,results/brute_force/used_SC3_HBD/results/sweep_9.csv
616098308,320303330,311681,99688321,160527,4714,146439,99688320,100000000,pymatching,SurfaceCode,9,1,3,HBD_noise,0.001,500.0,results/brute_force/used_SC3_HBD/results/sweep_9.csv
730453080,033303333,303153,99696849,164982,4130,134040,99696848,100000000,pymatching,SurfaceCode,9,1,3,HBD_noise,0.001,500.0,results/brute_force/used_SC3_HBD/results/sweep_9.csv
1630289646,033303033,284700,99715302,148831,4019,131849,99715301,100000000,pymatching,SurfaceCode,9,1,3,HBD_noise,0.001,500.0,results/brute_force/used_SC3_HBD/results/sweep_9.csv
2000127484,030303000,275831,99724171,127459,4186,144185,99724170,100000000,pymatching,SurfaceCode,9,1,3,HBD_noise,0.001,500.0,results/brute_force/used_SC3_HBD/results/sweep_9.csv
640718282,320333030,331121,99668881,179021,4993,147106,99668880,100000000,pymatching,SurfaceCode,9,1,3,HBD_noise,0.001,500.0,results/brute_force/used_SC3_HBD/results/sweep_9.csv
1095691973,220303030,301060,99698942,149367,4495,147197,99698941,100000000,pymatching,SurfaceCode,9,1,3,HBD_noise,0.001,500.0,results/brute_force/used_SC3_HBD/results/sweep_9.csv
1325323016,220232303,465485,99534517,237522,8086,219876,99534516,100000000,pymatching,SurfaceCode,9,1,3,HBD_noise,0.001,500.0,results/brute_force/used_SC3_HBD/results/sweep_58.csv
138597380,303023300,417525,99582477,202840,7154,207530,99582476,100000000,pymatching,SurfaceCode,9,1,3,HBD_noise,0.001,500.0,results/brute_force/used_SC3_HBD/results/sweep_58.csv
1269680553,202333002,393936,99606066,206665,6255,181015,99606065,100000000,pymatching,SurfaceCode,9,1,3,HBD_noise,0.001,500.0,results/brute_force/used_SC3_HBD/results/sweep_58.csv
351487349,302002220,417468,99582534,192587,7085,217795,99582533,100000000,pymatching,SurfaceCode,9,1,3,HBD_noise,0.001,500.0,results/brute_force/used_SC3_HBD/results/sweep_58.csv
506195272,030333233,329627,99670375,180523,4952,144151,99670374,100000000,pymatching,SurfaceCode,9,1,3,HBD_noise,0.001,500.0,results/brute_force/used_SC3_HBD/results/sweep_58.csv
1198072933,332333323,395904,99604098,229184,6303,160416,99604097,100000000,pymatching,SurfaceCode,9,1,3,HBD_noise,0.001,500.0,results/brute_force/used_SC3_HBD/results/sweep_58.csv
1217748867,000002232,370009,99629993,161543,5780,202685,99629992,100000000,pymatching,SurfaceCode,9,1,3,HBD_noise,0.001,500.0,results/brute_force/used_SC3_HBD/results/sweep_58.csv
1979285518,220003300,364211,99635791,165289,5715,193206,99635790,100000000,pymatching,SurfaceCode,9,1,3,HBD_noise,0.001,500.0,results/brute_force/used_SC3_HBD/results/sweep_58.csv
813797657,332333033,350263,99649739,202559,5203,142500,99649738,100000000,pymatching,SurfaceCode,9,1,3,HBD_noise,0.001,500.0,results/brute_force/used_SC3_HBD/results/sweep_58.csv
374708001,030302303,333158,99666844,162865,4880,165412,99666843,100000000,pymatching,SurfaceCode,9,1,3,HBD_noise,0.001,500.0,results/brute_force/used_SC3_HBD/results/sweep_58.csv
1126693753,333200032,357338,99642664,176232,5242,175863,99642663,100000000,pymatching,SurfaceCode,9,1,3,HBD_noise,0.001,500.0,results/brute_force/used_SC3_HBD/results/sweep_24.csv
1733017602,032333220,358765,99641237,188196,5676,164892,99641236,100000000,pymatching,SurfaceCode,9,1,3,HBD_noise,0.001,500.0,results/brute_force/used_SC3_HBD/results/sweep_24.csv
1871804847,020300030,301294,99698708,133578,4432,163283,99698707,100000000,pymatching,SurfaceCode,9,1,3,HBD_noise,0.001,500.0,results/brute_force/used_SC3_HBD/results/sweep_24.csv
2102049770,333322000,379752,99620250,195509,6456,177786,99620249,100000000,pymatching,SurfaceCode,9,1,3,HBD_noise,0.001,500.0,results/brute_force/used_SC3_HBD/results/sweep_24.csv
861219493,333302230,336058,99663944,174950,5219,155888,99663943,100000000,pymatching,SurfaceCode,9,1,3,HBD_noise,0.001,500.0,results/brute_force/used_SC3_HBD/results/sweep_24.csv
225374500,003303230,312750,99687252,153939,4636,154174,99687251,100000000,pymatching,SurfaceCode,9,1,3,HBD_noise,0.001,500.0,results/brute_force/used_SC3_HBD/results/sweep_24.csv
1087328471,002303230,318704,99681298,153790,4655,160258,99681297,100000000,pymatching,SurfaceCode,9,1,3,HBD_noise,0.001,500.0,results/brute_force/used_SC3_HBD/results/sweep_24.csv
1800888106,033303232,312224,99687778,164514,4428,143281,99687777,100000000,pymatching,SurfaceCode,9,1,3,HBD_noise,0.001,500.0,results/brute_force/used_SC3_HBD/results/sweep_24.csv
677963764,233303230,310477,99689525,164116,4212,142148,99689524,100000000,pymatching,SurfaceCode,9,1,3,HBD_noise,0.001,500.0,results/brute_force/used_SC3_HBD/results/sweep_24.csv
1510888964,000303230,298187,99701815,140212,4357,153617,99701814,100000000,pymatching,SurfaceCode,9,1,3,HBD_noise,0.001,500.0,results/brute_force/used_SC3_HBD/results/sweep_24.csv
648425263,323330200,415005,99584997,216079,6976,191949,99584996,100000000,pymatching,SurfaceCode,9,1,3,HBD_noise,0.001,500.0,results/brute_force/used_SC3_HBD/results/sweep_56.csv
2146844769,233023220,416560,99583442,208966,7312,200281,99583441,100000000,pymatching,SurfaceCode,9,1,3,HBD_noise,0.001,500.0,results/brute_force/used_SC3_HBD/results/sweep_56.csv
838960821,030000232,343284,99656718,155725,4950,182608,99656717,100000000,pymatching,SurfaceCode,9,1,3,HBD_noise,0.001,500.0,results/brute_force/used_SC3_HBD/results/sweep_56.csv
752180417,332302230,343391,99656611,173753,5407,164230,99656610,100000000,pymatching,SurfaceCode,9,1,3,HBD_noise,0.001,500.0,results/brute_force/used_SC3_HBD/results/sweep_56.csv
21473696,230233030,338557,99661445,176307,5187,157062,99661444,100000000,pymatching,SurfaceCode,9,1,3,HBD_noise,0.001,500.0,results/brute_force/used_SC3_HBD/results/sweep_56.csv
801804340,030200030,304861,99695141,135787,4493,164580,99695140,100000000,pymatching,SurfaceCode,9,1,3,HBD_noise,0.001,500.0,results/brute_force/used_SC3_HBD/results/sweep_56.csv
1126176100,033303300,305717,99694285,154440,4536,146740,99694284,100000000,pymatching,SurfaceCode,9,1,3,HBD_noise,0.001,500.0,results/brute_force/used_SC3_HBD/results/sweep_56.csv
495815884,033232320,406508,99593494,211645,6584,188278,99593493,100000000,pymatching,SurfaceCode,9,1,3,HBD_noise,0.001,500.0,results/brute_force/used_SC3_HBD/results/sweep_56.csv
873333089,032322220,401473,99598529,197405,6987,197080,99598528,100000000,pymatching,SurfaceCode,9,1,3,HBD_noise,0.001,500.0,results/brute_force/used_SC3_HBD/results/sweep_56.csv
852189681,020223230,376837,99623165,177615,6386,192835,99623164,100000000,pymatching,SurfaceCode,9,1,3,HBD_noise,0.001,500.0,results/brute_force/used_SC3_HBD/results/sweep_56.csv
325080680,333333020,341630,99658372,187308,5100,149221,99658371,100000000,pymatching,SurfaceCode,9,1,3,HBD_noise,0.001,500.0,results/brute_force/used_SC3_HBD/results/sweep_7.csv
655964413,033303020,291409,99708593,142898,4392,144118,99708592,100000000,pymatching,SurfaceCode,9,1,3,HBD_noise,0.001,500.0,results/brute_force/used_SC3_HBD/results/sweep_7.csv
1247875556,332302020,340981,99659021,165520,5528,169932,99659020,100000000,pymatching,SurfaceCode,9,1,3,HBD_noise,0.001,500.0,results/brute_force/used_SC3_HBD/results/sweep_7.csv
82318856,300303020,310180,99689822,145829,4907,159443,99689821,100000000,pymatching,SurfaceCode,9,1,3,HBD_noise,0.001,500.0,results/brute_force/used_SC3_HBD/results/sweep_7.csv
415291414,300303030,289121,99710881,140921,4294,143905,99710880,100000000,pymatching,SurfaceCode,9,1,3,HBD_noise,0.001,500.0,results/brute_force/used_SC3_HBD/results/sweep_7.csv
1698511142,000203022,344285,99655717,155416,5531,183337,99655716,100000000,pymatching,SurfaceCode,9,1,3,HBD_noise,0.001,500.0,results/brute_force/used_SC3_HBD/results/sweep_7.csv
914682799,030303022,298600,99701402,146919,4551,147129,99701401,100000000,pymatching,SurfaceCode,9,1,3,HBD_noise,0.001,500.0,results/brute_force/used_SC3_HBD/results/sweep_7.csv
1176806277,020302020,325538,99674464,141850,5366,178321,99674463,100000000,pymatching,SurfaceCode,9,1,3,HBD_noise,0.001,500.0,results/brute_force/used_SC3_HBD/results/sweep_7.csv
1874160456,030003033,291556,99708446,138801,4258,148496,99708445,100000000,pymatching,SurfaceCode,9,1,3,HBD_noise,0.001,500.0,results/brute_force/used_SC3_HBD/results/sweep_7.csv
485117995,022303333,340545,99659457,179377,5262,155905,99659456,100000000,pymatching,SurfaceCode,9,1,3,HBD_noise,0.001,500.0,results/brute_force/used_SC3_HBD/results/sweep_7.csv
454078449,332032032,408047,99591955,213715,6377,187954,99591954,100000000,pymatching,SurfaceCode,9,1,3,HBD_noise,0.001,500.0,results/brute_force/used_SC3_HBD/results/sweep_51.csv
441241647,020333200,348444,99651558,170809,5598,172036,99651557,100000000,pymatching,SurfaceCode,9,1,3,HBD_noise,0.001,500.0,results/brute_force/used_SC3_HBD/results/sweep_51.csv
272305637,033003332,325349,99674653,165418,4665,155265,99674652,100000000,pymatching,SurfaceCode,9,1,3,HBD_noise,0.001,500.0,results/brute_force/used_SC3_HBD/results/sweep_51.csv
1489226466,233203030,319677,99680325,159651,4639,155386,99680324,100000000,pymatching,SurfaceCode,9,1,3,HBD_noise,0.001,500.0,results/brute_force/used_SC3_HBD/results/sweep_51.csv
943156141,030203032,299608,99700394,144774,4438,150395,99700393,100000000,pymatching,SurfaceCode,9,1,3,HBD_noise,0.001,500.0,results/brute_force/used_SC3_HBD/results/sweep_51.csv
868385141,230233222,422525,99577477,224503,6729,191292,99577476,100000000,pymatching,SurfaceCode,9,1,3,HBD_noise,0.001,500.0,results/brute_force/used_SC3_HBD/results/sweep_51.csv
296899609,032023200,384670,99615332,179292,6428,198949,99615331,100000000,pymatching,SurfaceCode,9,1,3,HBD_noise,0.001,500.0,results/brute_force/used_SC3_HBD/results/sweep_51.csv
532157247,023302032,351650,99648352,170315,5297,176037,99648351,100000000,pymatching,SurfaceCode,9,1,3,HBD_noise,0.001,500.0,results/brute_force/used_SC3_HBD/results/sweep_51.csv
797217051,300300002,354257,99645745,158449,5357,190450,99645744,100000000,pymatching,SurfaceCode,9,1,3,HBD_noise,0.001,500.0,results/brute_force/used_SC3_HBD/results/sweep_51.csv
1214228578,220203033,344784,99655218,168834,5310,170639,99655217,100000000,pymatching,SurfaceCode,9,1,3,HBD_noise,0.001,500.0,results/brute_force/used_SC3_HBD/results/sweep_51.csv
376015033,033330020,342189,99657813,169155,5180,167853,99657812,100000000,pymatching,SurfaceCode,9,1,3,HBD_noise,0.001,500.0,results/brute_force/used_SC3_HBD/results/sweep_18.csv
1433260555,033000020,332045,99667957,145877,4978,181189,99667956,100000000,pymatching,SurfaceCode,9,1,3,HBD_noise,0.001,500.0,results/brute_force/used_SC3_HBD/results/sweep_18.csv
85114953,033333030,301140,99698862,162556,4383,134200,99698861,100000000,pymatching,SurfaceCode,9,1,3,HBD_noise,0.001,500.0,results/brute_force/used_SC3_HBD/results/sweep_18.csv
864056765,330030030,347614,99652388,173850,5095,168668,99652387,100000000,pymatching,SurfaceCode,9,1,3,HBD_noise,0.001,500.0,results/brute_force/used_SC3_HBD/results/sweep_18.csv
17469134,030030030,328285,99671717,155346,4913,168025,99671716,100000000,pymatching,SurfaceCode,9,1,3,HBD_noise,0.001,500.0,results/brute_force/used_SC3_HBD/results/sweep_18.csv
1626477738,030233030,315097,99684905,160209,4882,150005,99684904,100000000,pymatching,SurfaceCode,9,1,3,HBD_noise,0.001,500.0,results/brute_force/used_SC3_HBD/results/sweep_18.csv
2125523784,200302230,343259,99656743,162177,5466,175615,99656742,100000000,pymatching,SurfaceCode,9,1,3,HBD_noise,0.001,500.0,results/brute_force/used_SC3_HBD/results/sweep_18.csv
191358277,333203022,356242,99643760,180843,5650,169748,99643759,100000000,pymatching,SurfaceCode,9,1,3,HBD_noise,0.001,500.0,results/brute_force/used_SC3_HBD/results/sweep_18.csv
1574066235,330203032,313469,99686533,157544,4649,151275,99686532,100000000,pymatching,SurfaceCode,9,1,3,HBD_noise,0.001,500.0,results/brute_force/used_SC3_HBD/results/sweep_18.csv
538266806,000302002,345119,99654883,149064,5402,190652,99654882,100000000,pymatching,SurfaceCode,9,1,3,HBD_noise,0.001,500.0,results/brute_force/used_SC3_HBD/results/sweep_18.csv
1969173764,330323033,341531,99658471,187583,5196,148751,99658470,100000000,pymatching,SurfaceCode,9,1,3,HBD_noise,0.001,500.0,results/brute_force/used_SC3_HBD/results/sweep_63.csv
1889898378,030002000,322725,99677277,137171,4900,180653,99677276,100000000,pymatching,SurfaceCode,9,1,3,HBD_noise,0.001,500.0,results/brute_force/used_SC3_HBD/results/sweep_63.csv
905669555,020303003,311671,99688331,144615,4844,162211,99688330,100000000,pymatching,SurfaceCode,9,1,3,HBD_noise,0.001,500.0,results/brute_force/used_SC3_HBD/results/sweep_63.csv
1546430007,000000000,336344,99663658,133781,5181,197381,99663657,100000000,pymatching,SurfaceCode,9,1,3,HBD_noise,0.001,500.0,results/brute_force/used_SC3_HBD/results/sweep_63.csv
2027099591,222222222,539211,99460791,264663,10804,263743,99460790,100000000,pymatching,SurfaceCode,9,1,3,HBD_noise,0.001,500.0,results/brute_force/used_SC3_HBD/results/sweep_63.csv
1848957237,033000330,326456,99673546,153210,4598,168647,99673545,100000000,pymatching,SurfaceCode,9,1,3,HBD_noise,0.001,500.0,results/brute_force/used_SC3_HBD/results/sweep_63.csv
662518404,032203303,357166,99642836,176912,5672,174581,99642835,100000000,pymatching,SurfaceCode,9,1,3,HBD_noise,0.001,500.0,results/brute_force/used_SC3_HBD/results/sweep_11.csv
1133047335,032003000,315007,99684995,138762,4830,171414,99684994,100000000,pymatching,SurfaceCode,9,1,3,HBD_noise,0.001,500.0,results/brute_force/used_SC3_HBD/results/sweep_11.csv
1211773845,032303000,295581,99704421,138497,4511,152572,99704420,100000000,pymatching,SurfaceCode,9,1,3,HBD_noise,0.001,500.0,results/brute_force/used_SC3_HBD/results/sweep_11.csv
644513513,302302000,359491,99640511,165794,5864,187832,99640510,100000000,pymatching,SurfaceCode,9,1,3,HBD_noise,0.001,500.0,results/brute_force/used_SC3_HBD/results/sweep_11.csv
1256540358,302300000,354113,99645889,161413,5500,187199,99645888,100000000,pymatching,SurfaceCode,9,1,3,HBD_noise,0.001,500.0,results/brute_force/used_SC3_HBD/results/sweep_11.csv
1773661804,302303000,328223,99671779,156165,5096,166961,99671778,100000000,pymatching,SurfaceCode,9,1,3,HBD_noise,0.001,500.0,results/brute_force/used_SC3_HBD/results/sweep_11.csv
1957319198,230300000,313543,99686459,143550,4479,165513,99686458,100000000,pymatching,SurfaceCode,9,1,3,HBD_noise,0.001,500.0,results/brute_force/used_SC3_HBD/results/sweep_11.csv
1651585036,032303020,298675,99701327,142289,4665,151720,99701326,100000000,pymatching,SurfaceCode,9,1,3,HBD_noise,0.001,500.0,results/brute_force/used_SC3_HBD/results/sweep_11.csv
641163724,030300300,312801,99687201,144645,4720,163435,99687200,100000000,pymatching,SurfaceCode,9,1,3,HBD_noise,0.001,500.0,results/brute_force/used_SC3_HBD/results/sweep_11.csv
501785815,030302330,299481,99700521,147000,4397,148083,99700520,100000000,pymatching,SurfaceCode,9,1,3,HBD_noise,0.001,500.0,results/brute_force/used_SC3_HBD/results/sweep_11.csv
115664289,033300030,292375,99707627,140661,4188,147525,99707626,100000000,pymatching,SurfaceCode,9,1,3,HBD_noise,0.001,500.0,results/brute_force/used_SC3_HBD/results/sweep_16.csv
1421655766,033323032,335771,99664231,176764,5199,153807,99664230,100000000,pymatching,SurfaceCode,9,1,3,HBD_noise,0.001,500.0,results/brute_force/used_SC3_HBD/results/sweep_16.csv
150003836,020303332,313166,99686836,157530,4643,150992,99686835,100000000,pymatching,SurfaceCode,9,1,3,HBD_noise,0.001,500.0,results/brute_force/used_SC3_HBD/results/sweep_16.csv
1694596702,032300232,346383,99653619,165525,5112,175745,99653618,100000000,pymatching,SurfaceCode,9,1,3,HBD_noise,0.001,500.0,results/brute_force/used_SC3_HBD/results/sweep_16.csv
280260670,032300230,321696,99678306,151632,4633,165430,99678305,100000000,pymatching,SurfaceCode,9,1,3,HBD_noise,0.001,500.0,results/brute_force/used_SC3_HBD/results/sweep_16.csv
2028162376,232300030,319716,99680286,155336,4792,159587,99680285,100000000,pymatching,SurfaceCode,9,1,3,HBD_noise,0.001,500.0,results/brute_force/used_SC3_HBD/results/sweep_16.csv
1522019719,332303000,308679,99691323,152535,4788,151355,99691322,100000000,pymatching,SurfaceCode,9,1,3,HBD_noise,0.001,500.0,results/brute_force/used_SC3_HBD/results/sweep_16.csv
519603343,030300030,279495,99720507,128989,3988,146517,99720506,100000000,pymatching,SurfaceCode,9,1,3,HBD_noise,0.001,500.0,results/brute_force/used_SC3_HBD/results/sweep_16.csv
1707230645,000233200,376302,99623700,177926,6084,192291,99623699,100000000,pymatching,SurfaceCode,9,1,3,HBD_noise,0.001,500.0,results/brute_force/used_SC3_HBD/results/sweep_16.csv
2104349443,000203200,343812,99656190,151078,5623,187110,99656189,100000000,pymatching,SurfaceCode,9,1,3,HBD_noise,0.001,500.0,results/brute_force/used_SC3_HBD/results/sweep_16.csv
621775543,320020003,438969,99561033,204810,7667,226491,99561032,100000000,pymatching,SurfaceCode,9,1,3,HBD_noise,0.001,500.0,results/brute_force/used_SC3_HBD/results/sweep_40.csv
1064614760,002300233,359975,99640027,170856,5618,183500,99640026,100000000,pymatching,SurfaceCode,9,1,3,HBD_noise,0.001,500.0,results/brute_force/used_SC3_HBD/results/sweep_40.csv
820466125,302300330,351071,99648931,170766,5159,175145,99648930,100000000,pymatching,SurfaceCode,9,1,3,HBD_noise,0.001,500.0,results/brute_force/used_SC3_HBD/results/sweep_40.csv
2110225981,230203332,337789,99662213,171968,5090,160730,99662212,100000000,pymatching,SurfaceCode,9,1,3,HBD_noise,0.001,500.0,results/brute_force/used_SC3_HBD/results/sweep_40.csv
1933152243,233203032,337658,99662344,173074,5038,159545,99662343,100000000,pymatching,SurfaceCode,9,1,3,HBD_noise,0.001,500.0,results/brute_force/used_SC3_HBD/results/sweep_40.csv
709296579,033302030,297053,99702949,144689,4360,148003,99702948,100000000,pymatching,SurfaceCode,9,1,3,HBD_noise,0.001,500.0,results/brute_force/used_SC3_HBD/results/sweep_40.csv
502912611,022000232,398722,99601280,181042,6622,211057,99601279,100000000,pymatching,SurfaceCode,9,1,3,HBD_noise,0.001,500.0,results/brute_force/used_SC3_HBD/results/sweep_40.csv
1271321165,303302202,401016,99598986,194564,6566,199885,99598985,100000000,pymatching,SurfaceCode,9,1,3,HBD_noise,0.001,500.0,results/brute_force/used_SC3_HBD/results/sweep_40.csv
1511285812,033003300,325425,99674577,155611,4886,164927,99674576,100000000,pymatching,SurfaceCode,9,1,3,HBD_noise,0.001,500.0,results/brute_force/used_SC3_HBD/results/sweep_40.csv
1134818134,030302333,315728,99684274,160018,4534,151175,99684273,100000000,pymatching,SurfaceCode,9,1,3,HBD_noise,0.001,500.0,results/brute_force/used_SC3_HBD/results/sweep_40.csv
998278305,300330230,365798,99634204,185462,5457,174878,99634203,100000000,pymatching,SurfaceCode,9,1,3,HBD_noise,0.001,500.0,results/brute_force/used_SC3_HBD/results/sweep_47.csv
1190417139,332002032,363997,99636005,173225,5596,185175,99636004,100000000,pymatching,SurfaceCode,9,1,3,HBD_noise,0.001,500.0,results/brute_force/used_SC3_HBD/results/sweep_47.csv
1800085606,020003022,339023,99660979,150437,5377,183208,99660978,100000000,pymatching,SurfaceCode,9,1,3,HBD_noise,0.001,500.0,results/brute_force/used_SC3_HBD/results/sweep_47.csv
1569967602,002300330,335111,99664891,155815,4942,174353,99664890,100000000,pymatching,SurfaceCode,9,1,3,HBD_noise,0.001,500.0,results/brute_force/used_SC3_HBD/results/sweep_47.csv
1612658046,030302232,327359,99672643,159867,4754,162737,99672642,100000000,pymatching,SurfaceCode,9,1,3,HBD_noise,0.001,500.0,results/brute_force/used_SC3_HBD/results/sweep_47.csv
526866392,030300003,311663,99688339,142680,4694,164288,99688338,100000000,pymatching,SurfaceCode,9,1,3,HBD_noise,0.001,500.0,results/brute_force/used_SC3_HBD/results/sweep_47.csv
122704926,220000332,388630,99611372,179609,6051,202969,99611371,100000000,pymatching,SurfaceCode,9,1,3,HBD_noise,0.001,500.0,results/brute_force/used_SC3_HBD/results/sweep_47.csv
199559969,033020022,402586,99597416,188413,6582,207590,99597415,100000000,pymatching,SurfaceCode,9,1,3,HBD_noise,0.001,500.0,results/brute_force/used_SC3_HBD/results/sweep_47.csv
996898064,330002030,317122,99682880,147315,4841,164965,99682879,100000000,pymatching,SurfaceCode,9,1,3,HBD_noise,0.001,500.0,results/brute_force/used_SC3_HBD/results/sweep_47.csv
1440584415,200303000,309274,99690728,140712,4669,163892,99690727,100000000,pymatching,SurfaceCode,9,1,3,HBD_noise,0.001,500.0,results/brute_force/used_SC3_HBD/results/sweep_47.csv
340003544,200303202,355736,99644266,171502,5550,178683,99644265,100000000,pymatching,SurfaceCode,9,1,3,HBD_noise,0.001,500.0,results/brute_force/used_SC3_HBD/results/sweep_49.csv
125048045,030302022,326017,99673985,152115,4777,169124,99673984,100000000,pymatching,SurfaceCode,9,1,3,HBD_noise,0.001,500.0,results/brute_force/used_SC3_HBD/results/sweep_49.csv
616500712,030200330,318741,99681261,147380,4650,166710,99681260,100000000,pymatching,SurfaceCode,9,1,3,HBD_noise,0.001,500.0,results/brute_force/used_SC3_HBD/results/sweep_49.csv
1035962302,000303022,318072,99681930,148192,4894,164985,99681929,100000000,pymatching,SurfaceCode,9,1,3,HBD_noise,0.001,500.0,results/brute_force/used_SC3_HBD/results/sweep_49.csv
1917965556,032003030,297938,99702064,138808,4433,154696,99702063,100000000,pymatching,SurfaceCode,9,1,3,HBD_noise,0.001,500.0,results/brute_force/used_SC3_HBD/results/sweep_49.csv
1346122238,330300002,330605,99669397,156466,4822,169316,99669396,100000000,pymatching,SurfaceCode,9,1,3,HBD_noise,0.001,500.0,results/brute_force/used_SC3_HBD/results/sweep_49.csv
749500430,000300000,316892,99683110,133675,4902,178314,99683109,100000000,pymatching,SurfaceCode,9,1,3,HBD_noise,0.001,500.0,results/brute_force/used_SC3_HBD/results/sweep_49.csv
2075496463,032303230,298807,99701195,148714,4205,145887,99701194,100000000,pymatching,SurfaceCode,9,1,3,HBD_noise,0.001,500.0,results/brute_force/used_SC3_HBD/results/sweep_49.csv
758258813,003203322,383392,99616610,190349,6201,186841,99616609,100000000,pymatching,SurfaceCode,9,1,3,HBD_noise,0.001,500.0,results/brute_force/used_SC3_HBD/results/sweep_49.csv
1046334068,300200230,358212,99641790,160163,5460,192588,99641789,100000000,pymatching,SurfaceCode,9,1,3,HBD_noise,0.001,500.0,results/brute_force/used_SC3_HBD/results/sweep_49.csv
391125907,033203332,333434,99666568,173820,4947,154666,99666567,100000000,pymatching,SurfaceCode,9,1,3,HBD_noise,0.001,500.0,results/brute_force/used_SC3_HBD/results/sweep_35.csv
2048553936,230203000,322615,99677387,144433,4741,173440,99677386,100000000,pymatching,SurfaceCode,9,1,3,HBD_noise,0.001,500.0,results/brute_force/used_SC3_HBD/results/sweep_35.csv
1181898807,333303330,301293,99698709,164083,4193,133016,99698708,100000000,pymatching,SurfaceCode,9,1,3,HBD_noise,0.001,500.0,results/brute_force/used_SC3_HBD/results/sweep_35.csv
712944077,332232000,410388,99589614,207212,6884,196291,99589613,100000000,pymatching,SurfaceCode,9,1,3,HBD_noise,0.001,500.0,results/brute_force/used_SC3_HBD/results/sweep_35.csv
1939710947,220233200,414057,99585945,203208,7199,203649,99585944,100000000,pymatching,SurfaceCode,9,1,3,HBD_noise,0.001,500.0,results/brute_force/used_SC3_HBD/results/sweep_35.csv
17312902,323323300,405428,99594574,212617,7145,185665,99594573,100000000,pymatching,SurfaceCode,9,1,3,HBD_noise,0.001,500.0,results/brute_force/used_SC3_HBD/results/sweep_35.csv
2137589328,320000333,374641,99625361,180835,5705,188100,99625360,100000000,pymatching,SurfaceCode,9,1,3,HBD_noise,0.001,500.0,results/brute_force/used_SC3_HBD/results/sweep_35.csv
792921896,300003233,349393,99650609,168488,5393,175511,99650608,100000000,pymatching,SurfaceCode,9,1,3,HBD_noise,0.001,500.0,results/brute_force/used_SC3_HBD/results/sweep_35.csv
27983251,200302032,344668,99655334,160467,5224,178976,99655333,100000000,pymatching,SurfaceCode,9,1,3,HBD_noise,0.001,500.0,results/brute_force/used_SC3_HBD/results/sweep_35.csv
1471990523,203300030,332099,99667903,159695,4672,167731,99667902,100000000,pymatching,SurfaceCode,9,1,3,HBD_noise,0.001,500.0,results/brute_force/used_SC3_HBD/results/sweep_35.csv
8205852,330300030,292336,99707666,141236,4342,146757,99707665,100000000,pymatching,SurfaceCode,9,1,3,HBD_noise,0.001,500.0,results/brute_force/used_SC3_HBD/results/sweep_32.csv
304967793,000303032,294746,99705256,140627,4357,149761,99705255,100000000,pymatching,SurfaceCode,9,1,3,HBD_noise,0.001,500.0,results/brute_force/used_SC3_HBD/results/sweep_32.csv
1088332367,223023220,452169,99547833,222116,8436,221616,99547832,100000000,pymatching,SurfaceCode,9,1,3,HBD_noise,0.001,500.0,results/brute_force/used_SC3_HBD/results/sweep_32.csv
910389104,223203323,417370,99582632,214390,7084,195895,99582631,100000000,pymatching,SurfaceCode,9,1,3,HBD_noise,0.001,500.0,results/brute_force/used_SC3_HBD/results/sweep_32.csv
675693184,230003002,337328,99662674,154373,5054,177900,99662673,100000000,pymatching,SurfaceCode,9,1,3,HBD_noise,0.001,500.0,results/brute_force/used_SC3_HBD/results/sweep_32.csv
2066308081,330003030,291099,99708903,139022,4244,147832,99708902,100000000,pymatching,SurfaceCode,9,1,3,HBD_noise,0.001,500.0,results/brute_force/used_SC3_HBD/results/sweep_32.csv
1108089928,200303330,307113,99692889,151979,4295,150838,99692888,100000000,pymatching,SurfaceCode,9,1,3,HBD_noise,0.001,500.0,results/brute_force/used_SC3_HBD/results/sweep_32.csv
529408368,200000300,378278,99621724,160163,5882,212232,99621723,100000000,pymatching,SurfaceCode,9,1,3,HBD_noise,0.001,500.0,results/brute_force/used_SC3_HBD/results/sweep_32.csv
2064099453,032333330,319437,99680565,172529,4449,142458,99680564,100000000,pymatching,SurfaceCode,9,1,3,HBD_noise,0.001,500.0,results/brute_force/used_SC3_HBD/results/sweep_32.csv
1657405372,202322203,470361,99529641,232411,8546,229403,99529640,100000000,pymatching,SurfaceCode,9,1,3,HBD_noise,0.001,500.0,results/brute_force/used_SC3_HBD/results/sweep_32.csv
1193203293,000203000,317663,99682339,135052,5049,177561,99682338,100000000,pymatching,SurfaceCode,9,1,3,HBD_noise,0.001,500.0,results/brute_force/used_SC3_HBD/results/sweep_17.csv
2057135087,030203000,300376,99699626,133001,4617,162757,99699625,100000000,pymatching,SurfaceCode,9,1,3,HBD_noise,0.001,500.0,results/brute_force/used_SC3_HBD/results/sweep_17.csv
1558433102,000303000,294246,99705756,129447,4700,160098,99705755,100000000,pymatching,SurfaceCode,9,1,3,HBD_noise,0.001,500.0,results/brute_force/used_SC3_HBD/results/sweep_17.csv
1653592481,002303030,297760,99702242,142666,4361,150732,99702241,100000000,pymatching,SurfaceCode,9,1,3,HBD_noise,0.001,500.0,results/brute_force/used_SC3_HBD/results/sweep_17.csv
1812979348,333000333,363425,99636577,184383,5251,173790,99636576,100000000,pymatching,SurfaceCode,9,1,3,HBD_noise,0.001,500.0,results/brute_force/used_SC3_HBD/results/sweep_17.csv
1630011540,330303032,288239,99711763,151283,4025,132930,99711762,100000000,pymatching,SurfaceCode,9,1,3,HBD_noise,0.001,500.0,results/brute_force/used_SC3_HBD/results/sweep_17.csv
1433727156,003203330,330847,99669155,161194,4853,164799,99669154,100000000,pymatching,SurfaceCode,9,1,3,HBD_noise,0.001,500.0,results/brute_force/used_SC3_HBD/results/sweep_17.csv
2101199696,003303330,304749,99695253,153394,4312,147042,99695252,100000000,pymatching,SurfaceCode,9,1,3,HBD_noise,0.001,500.0,results/brute_force/used_SC3_HBD/results/sweep_17.csv
1633954673,000333333,340658,99659344,183509,4940,152208,99659343,100000000,pymatching,SurfaceCode,9,1,3,HBD_noise,0.001,500.0,results/brute_force/used_SC3_HBD/results/sweep_17.csv
1927609288,033303220,319882,99680120,164029,4985,150867,99680119,100000000,pymatching,SurfaceCode,9,1,3,HBD_noise,0.001,500.0,results/brute_force/used_SC3_HBD/results/sweep_17.csv
1380274648,200303030,292573,99707429,140917,4396,147259,99707428,100000000,pymatching,SurfaceCode,9,1,3,HBD_noise,0.001,500.0,results/brute_force/used_SC3_HBD/results/sweep_10.csv
116654611,020303030,279974,99720028,131979,4190,143804,99720027,100000000,pymatching,SurfaceCode,9,1,3,HBD_noise,0.001,500.0,results/brute_force/used_SC3_HBD/results/sweep_10.csv
20409046,033203302,352015,99647987,176598,5445,169971,99647986,100000000,pymatching,SurfaceCode,9,1,3,HBD_noise,0.001,500.0,results/brute_force/used_SC3_HBD/results/sweep_10.csv
190612112,033203303,349085,99650917,176891,5317,166876,99650916,100000000,pymatching,SurfaceCode,9,1,3,HBD_noise,0.001,500.0,results/brute_force/used_SC3_HBD/results/sweep_10.csv
1965544574,220300030,323815,99676187,152567,4818,166429,99676186,100000000,pymatching,SurfaceCode,9,1,3,HBD_noise,0.001,500.0,results/brute_force/used_SC3_HBD/results/sweep_10.csv
2010204861,020302030,304617,99695385,138165,4546,161905,99695384,100000000,pymatching,SurfaceCode,9,1,3,HBD_noise,0.001,500.0,results/brute_force/used_SC3_HBD/results/sweep_10.csv
540499247,230303030,275122,99724880,138115,4006,133000,99724879,100000000,pymatching,SurfaceCode,9,1,3,HBD_noise,0.001,500.0,results/brute_force/used_SC3_HBD/results/sweep_10.csv
992970686,332302300,356734,99643268,177575,5590,173568,99643267,100000000,pymatching,SurfaceCode,9,1,3,HBD_noise,0.001,500.0,results/brute_force/used_SC3_HBD/results/sweep_10.csv
1642743767,020303300,313796,99686206,147370,5057,161368,99686205,100000000,pymatching,SurfaceCode,9,1,3,HBD_noise,0.001,500.0,results/brute_force/used_SC3_HBD/results/sweep_10.csv
177253809,020303330,291884,99708118,142043,4148,145692,99708117,100000000,pymatching,SurfaceCode,9,1,3,HBD_noise,0.001,500.0,results/brute_force/used_SC3_HBD/results/sweep_10.csv
1354419022,232333232,380234,99619768,216264,5888,158081,99619767,100000000,pymatching,SurfaceCode,9,1,3,HBD_noise,0.001,500.0,results/brute_force/used_SC3_HBD/results/sweep_62.csv
1495833947,000332003,371735,99628267,179165,5833,186736,99628266,100000000,pymatching,SurfaceCode,9,1,3,HBD_noise,0.001,500.0,results/brute_force/used_SC3_HBD/results/sweep_62.csv
362540785,033000232,357386,99642616,167609,5206,184570,99642615,100000000,pymatching,SurfaceCode,9,1,3,HBD_noise,0.001,500.0,results/brute_force/used_SC3_HBD/results/sweep_62.csv
571546828,032302020,324438,99675564,148402,5008,171027,99675563,100000000,pymatching,SurfaceCode,9,1,3,HBD_noise,0.001,500.0,results/brute_force/used_SC3_HBD/results/sweep_62.csv
568366241,032223332,393614,99606388,205903,6587,181123,99606387,100000000,pymatching,SurfaceCode,9,1,3,HBD_noise,0.001,500.0,results/brute_force/used_SC3_HBD/results/sweep_62.csv
1504554777,323303023,355196,99644806,187404,5942,161849,99644805,100000000,pymatching,SurfaceCode,9,1,3,HBD_noise,0.001,500.0,results/brute_force/used_SC3_HBD/results/sweep_62.csv
218268671,300302032,340100,99659902,160839,5098,174162,99659901,100000000,pymatching,SurfaceCode,9,1,3,HBD_noise,0.001,500.0,results/brute_force/used_SC3_HBD/results/sweep_62.csv
384681401,030203300,319412,99680590,149785,4828,164798,99680589,100000000,pymatching,SurfaceCode,9,1,3,HBD_noise,0.001,500.0,results/brute_force/used_SC3_HBD/results/sweep_62.csv
1336744618,033300000,308936,99691066,142268,4537,162130,99691065,100000000,pymatching,SurfaceCode,9,1,3,HBD_noise,0.001,500.0,results/brute_force/used_SC3_HBD/results/sweep_62.csv
1635045355,022303220,360198,99639804,179252,6151,174794,99639803,100000000,pymatching,SurfaceCode,9,1,3,HBD_noise,0.001,500.0,results/brute_force/used_SC3_HBD/results/sweep_62.csv
1671779199,032303022,319684,99680318,157482,4903,157298,99680317,100000000,pymatching,SurfaceCode,9,1,3,HBD_noise,0.001,500.0,results/brute_force/used_SC3_HBD/results/sweep_19.csv
392415697,032303202,336706,99663296,166920,5147,164638,99663295,100000000,pymatching,SurfaceCode,9,1,3,HBD_noise,0.001,500.0,results/brute_force/used_SC3_HBD/results/sweep_19.csv
879087082,022303230,328890,99671112,163994,5016,159879,99671111,100000000,pymatching,SurfaceCode,9,1,3,HBD_noise,0.001,500.0,results/brute_force/used_SC3_HBD/results/sweep_19.csv
1253543462,022303330,323311,99676691,164099,4861,154350,99676690,100000000,pymatching,SurfaceCode,9,1,3,HBD_noise,0.001,500.0,results/brute_force/used_SC3_HBD/results/sweep_19.csv
1166267376,032303300,312870,99687132,154370,4595,153904,99687131,100000000,pymatching,SurfaceCode,9,1,3,HBD_noise,0.001,500.0,results/brute_force/used_SC3_HBD/results/sweep_19.csv
69290809,232333030,330871,99669131,182492,5006,143372,99669130,100000000,pymatching,SurfaceCode,9,1,3,HBD_noise,0.001,500.0,results/brute_force/used_SC3_HBD/results/sweep_19.csv
2127055063,333003330,321588,99678414,164878,4434,152275,99678413,100000000,pymatching,SurfaceCode,9,1,3,HBD_noise,0.001,500.0,results/brute_force/used_SC3_HBD/results/sweep_19.csv
1185814573,032333030,305578,99694424,161920,4448,139209,99694423,100000000,pymatching,SurfaceCode,9,1,3,HBD_noise,0.001,500.0,results/brute_force/used_SC3_HBD/results/sweep_19.csv
839804425,220203300,369637,99630365,170903,6099,192634,99630364,100000000,pymatching,SurfaceCode,9,1,3,HBD_noise,0.001,500.0,results/brute_force/used_SC3_HBD/results/sweep_19.csv
2135427009,220303300,337023,99662979,164952,5352,166718,99662978,100000000,pymatching,SurfaceCode,9,1,3,HBD_noise,0.001,500.0,results/brute_force/used_SC3_HBD/results/sweep_19.csv
1825033515,230303230,293217,99706785,148569,4090,140557,99706784,100000000,pymatching,SurfaceCode,9,1,3,HBD_noise,0.001,500.0,results/brute_force/used_SC3_HBD/results/sweep_6.csv
14427423,030303230,279216,99720786,137757,3945,137513,99720785,100000000,pymatching,SurfaceCode,9,1,3,HBD_noise,0.001,500.0,results/brute_force/used_SC3_HBD/results/sweep_6.csv
267206840,030303330,272692,99727310,138410,3817,130464,99727309,100000000,pymatching,SurfaceCode,9,1,3,HBD_noise,0.001,500.0,results/brute_force/used_SC3_HBD/results/sweep_6.csv
2072764815,022003233,367076,99632926,179608,6006,181461,99632925,100000000,pymatching,SurfaceCode,9,1,3,HBD_noise,0.001,500.0,results/brute_force/used_SC3_HBD/results/sweep_6.csv
511986339,002203230,344676,99655326,160561,5182,178932,99655325,100000000,pymatching,SurfaceCode,9,1,3,HBD_noise,0.001,500.0,results/brute_force/used_SC3_HBD/results/sweep_6.csv
1196555536,033203330,310760,99689242,157087,4418,149254,99689241,100000000,pymatching,SurfaceCode,9,1,3,HBD_noise,0.001,500.0,results/brute_force/used_SC3_HBD/results/sweep_6.csv
712483070,033303330,285551,99714451,149525,3836,132189,99714450,100000000,pymatching,SurfaceCode,9,1,3,HBD_noise,0.001,500.0,results/brute_force/used_SC3_HBD/results/sweep_6.csv
189889807,020303033,293379,99706623,142831,4213,146334,99706622,100000000,pymatching,SurfaceCode,9,1,3,HBD_noise,0.001,500.0,results/brute_force/used_SC3_HBD/results/sweep_6.csv
549128834,320202033,367660,99632342,176486,5734,185439,99632341,100000000,pymatching,SurfaceCode,9,1,3,HBD_noise,0.001,500.0,results/brute_force/used_SC3_HBD/results/sweep_6.csv
964314905,300323020,362534,99637468,174128,6191,182214,99637467,100000000,pymatching,SurfaceCode,9,1,3,HBD_noise,0.001,500.0,results/brute_force/used_SC3_HBD/results/sweep_6.csv
1119207751,233300200,353077,99646925,172045,5516,175515,99646924,100000000,pymatching,SurfaceCode,9,1,3,HBD_noise,0.001,500.0,results/brute_force/used_SC3_HBD/results/sweep_50.csv
837710521,032002033,338082,99661920,155161,5048,177872,99661919,100000000,pymatching,SurfaceCode,9,1,3,HBD_noise,0.001,500.0,results/brute_force/used_SC3_HBD/results/sweep_50.csv
2070812595,200003330,328778,99671224,152293,4647,171837,99671223,100000000,pymatching,SurfaceCode,9,1,3,HBD_noise,0.001,500.0,results/brute_force/used_SC3_HBD/results/sweep_50.csv
661193944,302003233,373019,99626983,184482,6163,182373,99626982,100000000,pymatching,SurfaceCode,9,1,3,HBD_noise,0.001,500.0,results/brute_force/used_SC3_HBD/results/sweep_50.csv
277986944,002203020,344853,99655149,153726,5571,185555,99655148,100000000,pymatching,SurfaceCode,9,1,3,HBD_noise,0.001,500.0,results/brute_force/used_SC3_HBD/results/sweep_50.csv
1012716435,020322223,426001,99574001,207096,7513,211391,99574000,100000000,pymatching,SurfaceCode,9,1,3,HBD_noise,0.001,500.0,results/brute_force/used_SC3_HBD/results/sweep_50.csv
1845924607,020320232,399358,99600644,187990,6781,204586,99600643,100000000,pymatching,SurfaceCode,9,1,3,HBD_noise,0.001,500.0,results/brute_force/used_SC3_HBD/results/sweep_50.csv
731775236,300300020,330218,99669784,147545,5047,177625,99669783,100000000,pymatching,SurfaceCode,9,1,3,HBD_noise,0.001,500.0,results/brute_force/used_SC3_HBD/results/sweep_50.csv
1116953448,002303000,315557,99684445,143106,4920,167530,99684444,100000000,pymatching,SurfaceCode,9,1,3,HBD_noise,0.001,500.0,results/brute_force/used_SC3_HBD/results/sweep_50.csv
1159642685,303330320,408943,99591059,215531,6705,186706,99591058,100000000,pymatching,SurfaceCode,9,1,3,HBD_noise,0.001,500.0,results/brute_force/used_SC3_HBD/results/sweep_50.csv
1313402206,332300333,351648,99648354,182942,5359,163346,99648353,100000000,pymatching,SurfaceCode,9,1,3,HBD_noise,0.001,500.0,results/brute_force/used_SC3_HBD/results/sweep_1.csv
1600087717,030303020,279536,99720466,131587,4273,143675,99720465,100000000,pymatching,SurfaceCode,9,1,3,HBD_noise,0.001,500.0,results/brute_force/used_SC3_HBD/results/sweep_1.csv
1479527418,030303030,259613,99740389,126862,3907,128843,99740388,100000000,pymatching,SurfaceCode,9,1,3,HBD_noise,0.001,500.0,results/brute_force/used_SC3_HBD/results/sweep_1.csv
264066342,333330022,395476,99604526,213215,6029,176231,99604525,100000000,pymatching,SurfaceCode,9,1,3,HBD_noise,0.001,500.0,results/brute_force/used_SC3_HBD/results/sweep_1.csv
258430,033033022,365624,99634378,186975,5590,173058,99634377,100000000,pymatching,SurfaceCode,9,1,3,HBD_noise,0.001,500.0,results/brute_force/used_SC3_HBD/results/sweep_1.csv
2007671976,003303022,332576,99667426,161859,5254,165462,99667425,100000000,pymatching,SurfaceCode,9,1,3,HBD_noise,0.001,500.0,results/brute_force/used_SC3_HBD/results/sweep_1.csv
1374251079,030303032,275171,99724831,138041,3933,133196,99724830,100000000,pymatching,SurfaceCode,9,1,3,HBD_noise,0.001,500.0,results/brute_force/used_SC3_HBD/results/sweep_1.csv
431187729,020302000,322935,99677067,139383,5167,178384,99677066,100000000,pymatching,SurfaceCode,9,1,3,HBD_noise,0.001,500.0,results/brute_force/used_SC3_HBD/results/sweep_1.csv
663533581,033303030,272005,99727997,138557,3853,129594,99727996,100000000,pymatching,SurfaceCode,9,1,3,HBD_noise,0.001,500.0,results/brute_force/used_SC3_HBD/results/sweep_1.csv
763096733,330303030,271920,99728082,138880,3998,129041,99728081,100000000,pymatching,SurfaceCode,9,1,3,HBD_noise,0.001,500.0,results/brute_force/used_SC3_HBD/results/sweep_1.csv
271368062,303303233,345861,99654141,183584,5440,156836,99654140,100000000,pymatching,SurfaceCode,9,1,3,HBD_noise,0.001,500.0,results/brute_force/used_SC3_HBD/results/sweep_57.csv
903676836,000303202,335869,99664133,157825,5364,172679,99664132,100000000,pymatching,SurfaceCode,9,1,3,HBD_noise,0.001,500.0,results/brute_force/used_SC3_HBD/results/sweep_57.csv
1506718055,203230320,451125,99548877,226346,7576,217202,99548876,100000000,pymatching,SurfaceCode,9,1,3,HBD_noise,0.001,500.0,results/brute_force/used_SC3_HBD/results/sweep_57.csv
1021329518,233000230,358272,99641730,168488,5206,184577,99641729,100000000,pymatching,SurfaceCode,9,1,3,HBD_noise,0.001,500.0,results/brute_force/used_SC3_HBD/results/sweep_57.csv
1062464311,320000330,353650,99646352,164271,5356,184022,99646351,100000000,pymatching,SurfaceCode,9,1,3,HBD_noise,0.001,500.0,results/brute_force/used_SC3_HBD/results/sweep_57.csv
1325822653,033033032,339695,99660307,178785,4771,156138,99660306,100000000,pymatching,SurfaceCode,9,1,3,HBD_noise,0.001,500.0,results/brute_force/used_SC3_HBD/results/sweep_57.csv
952718674,032003332,332211,99667791,165721,4872,161617,99667790,100000000,pymatching,SurfaceCode,9,1,3,HBD_noise,0.001,500.0,results/brute_force/used_SC3_HBD/results/sweep_57.csv
1900360125,003203030,317530,99682472,150531,4782,162216,99682471,100000000,pymatching,SurfaceCode,9,1,3,HBD_noise,0.001,500.0,results/brute_force/used_SC3_HBD/results/sweep_57.csv
775878281,033000030,312723,99687279,142034,4412,166276,99687278,100000000,pymatching,SurfaceCode,9,1,3,HBD_noise,0.001,500.0,results/brute_force/used_SC3_HBD/results/sweep_57.csv
1956182885,232222322,494038,99505964,252685,9088,232264,99505963,100000000,pymatching,SurfaceCode,9,1,3,HBD_noise,0.001,500.0,results/brute_force/used_SC3_HBD/results/sweep_57.csv
441606731,002320223,445114,99554888,212228,7894,224991,99554887,100000000,pymatching,SurfaceCode,9,1,3,HBD_noise,0.001,500.0,results/brute_force/used_SC3_HBD/results/sweep_59.csv
1251080552,332232023,438794,99561208,232375,7498,198920,99561207,100000000,pymatching,SurfaceCode,9,1,3,HBD_noise,0.001,500.0,results/brute_force/used_SC3_HBD/results/sweep_59.csv
586015977,233002000,360445,99639557,163368,5523,191553,99639556,100000000,pymatching,SurfaceCode,9,1,3,HBD_noise,0.001,500.0,results/brute_force/used_SC3_HBD/results/sweep_59.csv
2119598328,200203000,340807,99659195,146593,5327,188886,99659194,100000000,pymatching,SurfaceCode,9,1,3,HBD_noise,0.001,500.0,results/brute_force/used_SC3_HBD/results/sweep_59.csv
1309637865,020333330,321295,99678707,166622,4683,149989,99678706,100000000,pymatching,SurfaceCode,9,1,3,HBD_noise,0.001,500.0,results/brute_force/used_SC3_HBD/results/sweep_59.csv
812850781,322233023,435363,99564639,233897,7571,193894,99564638,100000000,pymatching,SurfaceCode,9,1,3,HBD_noise,0.001,500.0,results/brute_force/used_SC3_HBD/results/sweep_59.csv
1839320581,003323232,381926,99618076,195453,6404,180068,99618075,100000000,pymatching,SurfaceCode,9,1,3,HBD_noise,0.001,500.0,results/brute_force/used_SC3_HBD/results/sweep_59.csv
1871019852,003200230,361896,99638106,164020,5529,192346,99638105,100000000,pymatching,SurfaceCode,9,1,3,HBD_noise,0.001,500.0,results/brute_force/used_SC3_HBD/results/sweep_59.csv
163805903,032200032,348701,99651301,159599,5405,183696,99651300,100000000,pymatching,SurfaceCode,9,1,3,HBD_noise,0.001,500.0,results/brute_force/used_SC3_HBD/results/sweep_59.csv
998246936,002003032,334280,99665722,154918,4869,174492,99665721,100000000,pymatching,SurfaceCode,9,1,3,HBD_noise,0.001,500.0,results/brute_force/used_SC3_HBD/results/sweep_59.csv
1281989090,330033233,372319,99627683,202960,5685,163673,99627682,100000000,pymatching,SurfaceCode,9,1,3,HBD_noise,0.001,500.0,results/brute_force/used_SC3_HBD/results/sweep_25.csv
2059154729,330033232,374228,99625774,203235,5634,165358,99625773,100000000,pymatching,SurfaceCode,9,1,3,HBD_noise,0.001,500.0,results/brute_force/used_SC3_HBD/results/sweep_25.csv
1480297820,330033020,347689,99652313,173543,5309,168836,99652312,100000000,pymatching,SurfaceCode,9,1,3,HBD_noise,0.001,500.0,results/brute_force/used_SC3_HBD/results/sweep_25.csv
1990470634,030333330,301515,99698487,161646,4264,135604,99698486,100000000,pymatching,SurfaceCode,9,1,3,HBD_noise,0.001,500.0,results/brute_force/used_SC3_HBD/results/sweep_25.csv
686133700,023303003,335176,99664826,166751,5483,162941,99664825,100000000,pymatching,SurfaceCode,9,1,3,HBD_noise,0.001,500.0,results/brute_force/used_SC3_HBD/results/sweep_25.csv
49083782,030000000,318260,99681742,132083,4678,181498,99681741,100000000,pymatching,SurfaceCode,9,1,3,HBD_noise,0.001,500.0,results/brute_force/used_SC3_HBD/results/sweep_25.csv
604295647,030000030,299626,99700376,129974,4340,165311,99700375,100000000,pymatching,SurfaceCode,9,1,3,HBD_noise,0.001,500.0,results/brute_force/used_SC3_HBD/results/sweep_25.csv
385782269,330222030,378319,99621683,188937,6344,183037,99621682,100000000,pymatching,SurfaceCode,9,1,3,HBD_noise,0.001,500.0,results/brute_force/used_SC3_HBD/results/sweep_25.csv
1781309347,002303330,312673,99687329,154241,4425,154006,99687328,100000000,pymatching,SurfaceCode,9,1,3,HBD_noise,0.001,500.0,results/brute_force/used_SC3_HBD/results/sweep_25.csv
1211622581,020232323,438148,99561854,222619,7451,208077,99561853,100000000,pymatching,SurfaceCode,9,1,3,HBD_noise,0.001,500.0,results/brute_force/used_SC3_HBD/results/sweep_25.csv
833791228,330033330,341004,99658998,180759,4973,155271,99658997,100000000,pymatching,SurfaceCode,9,1,3,HBD_noise,0.001,500.0,results/brute_force/used_SC3_HBD/results/sweep_22.csv
992125254,330033030,325960,99674042,169629,4710,151620,99674041,100000000,pymatching,SurfaceCode,9,1,3,HBD_noise,0.001,500.0,results/brute_force/used_SC3_HBD/results/sweep_22.csv
797738364,233023032,388304,99611698,204279,5991,178033,99611697,100000000,pymatching,SurfaceCode,9,1,3,HBD_noise,0.001,500.0,results/brute_force/used_SC3_HBD/results/sweep_22.csv
1376177294,200023330,379072,99620930,182342,6282,190447,99620929,100000000,pymatching,SurfaceCode,9,1,3,HBD_noise,0.001,500.0,results/brute_force/used_SC3_HBD/results/sweep_22.csv
918404230,333303023,323768,99676234,173751,4938,145078,99676233,100000000,pymatching,SurfaceCode,9,1,3,HBD_noise,0.001,500.0,results/brute_force/used_SC3_HBD/results/sweep_22.csv
1392805841,330303330,284917,99715085,149180,3871,131865,99715084,100000000,pymatching,SurfaceCode,9,1,3,HBD_noise,0.001,500.0,results/brute_force/used_SC3_HBD/results/sweep_22.csv
213340515,332303202,353206,99646796,184163,5503,163539,99646795,100000000,pymatching,SurfaceCode,9,1,3,HBD_noise,0.001,500.0,results/brute_force/used_SC3_HBD/results/sweep_22.csv
538811118,230303022,315481,99684521,159666,4516,151298,99684520,100000000,pymatching,SurfaceCode,9,1,3,HBD_noise,0.001,500.0,results/brute_force/used_SC3_HBD/results/sweep_22.csv
1884272045,230303023,313555,99686447,159722,4407,149425,99686446,100000000,pymatching,SurfaceCode,9,1,3,HBD_noise,0.001,500.0,results/brute_force/used_SC3_HBD/results/sweep_22.csv
1276646391,230303033,288967,99711035,151642,4141,133183,99711034,100000000,pymatching,SurfaceCode,9,1,3,HBD_noise,0.001,500.0,results/brute_force/used_SC3_HBD/results/sweep_22.csv
1017562848,020303032,294908,99705094,141977,4383,148547,99705093,100000000,pymatching,SurfaceCode,9,1,3,HBD_noise,0.001,500.0,results/brute_force/used_SC3_HBD/results/sweep_8.csv
1455493054,233002030,339840,99660162,161683,5112,173044,99660161,100000000,pymatching,SurfaceCode,9,1,3,HBD_noise,0.001,500.0,results/brute_force/used_SC3_HBD/results/sweep_8.csv
1792489888,330200030,316622,99683380,146958,4714,164949,99683379,100000000,pymatching,SurfaceCode,9,1,3,HBD_noise,0.001,500.0,results/brute_force/used_SC3_HBD/results/sweep_8.csv
1486380893,230200030,322628,99677374,146398,4737,171492,99677373,100000000,pymatching,SurfaceCode,9,1,3,HBD_noise,0.001,500.0,results/brute_force/used_SC3_HBD/results/sweep_8.csv
1767790252,230302030,301219,99698783,146410,4525,150283,99698782,100000000,pymatching,SurfaceCode,9,1,3,HBD_noise,0.001,500.0,results/brute_force/used_SC3_HBD/results/sweep_8.csv
955167836,002303023,337041,99662961,161643,5438,169959,99662960,100000000,pymatching,SurfaceCode,9,1,3,HBD_noise,0.001,500.0,results/brute_force/used_SC3_HBD/results/sweep_8.csv
1243964513,000303033,290511,99709491,140412,4244,145854,99709490,100000000,pymatching,SurfaceCode,9,1,3,HBD_noise,0.001,500.0,results/brute_force/used_SC3_HBD/results/sweep_8.csv
1673640659,000303030,277430,99722572,129784,4073,143572,99722571,100000000,pymatching,SurfaceCode,9,1,3,HBD_noise,0.001,500.0,results/brute_force/used_SC3_HBD/results/sweep_8.csv
1318073,030300322,346159,99653843,169807,5153,171198,99653842,100000000,pymatching,SurfaceCode,9,1,3,HBD_noise,0.001,500.0,results/brute_force/used_SC3_HBD/results/sweep_8.csv
1152674589,030300330,294205,99705797,141233,4014,148957,99705796,100000000,pymatching,SurfaceCode,9,1,3,HBD_noise,0.001,500.0,results/brute_force/used_SC3_HBD/results/sweep_8.csv
1684614759,222032330,432168,99567834,223256,7097,201814,99567833,100000000,pymatching,SurfaceCode,9,1,3,HBD_noise,0.001,500.0,results/brute_force/used_SC3_HBD/results/sweep_33.csv
1505246745,332320000,384031,99615971,187776,6510,189744,99615970,100000000,pymatching,SurfaceCode,9,1,3,HBD_noise,0.001,500.0,results/brute_force/used_SC3_HBD/results/sweep_33.csv
794742219,320303232,340719,99659283,176850,5549,158319,99659282,100000000,pymatching,SurfaceCode,9,1,3,HBD_noise,0.001,500.0,results/brute_force/used_SC3_HBD/results/sweep_33.csv
520471344,020200030,329705,99670297,144233,5161,180310,99670296,100000000,pymatching,SurfaceCode,9,1,3,HBD_noise,0.001,500.0,results/brute_force/used_SC3_HBD/results/sweep_33.csv
1612074864,020303002,314990,99685012,144924,4899,165166,99685011,100000000,pymatching,SurfaceCode,9,1,3,HBD_noise,0.001,500.0,results/brute_force/used_SC3_HBD/results/sweep_33.csv
209175067,322320002,450752,99549250,220196,8067,222488,99549249,100000000,pymatching,SurfaceCode,9,1,3,HBD_noise,0.001,500.0,results/brute_force/used_SC3_HBD/results/sweep_33.csv
161886808,203333300,380721,99619281,202126,5894,172700,99619280,100000000,pymatching,SurfaceCode,9,1,3,HBD_noise,0.001,500.0,results/brute_force/used_SC3_HBD/results/sweep_33.csv
1813230835,322303002,360126,99639876,182043,5985,172097,99639875,100000000,pymatching,SurfaceCode,9,1,3,HBD_noise,0.001,500.0,results/brute_force/used_SC3_HBD/results/sweep_33.csv
1334342067,000303223,343774,99656228,168475,5515,169783,99656227,100000000,pymatching,SurfaceCode,9,1,3,HBD_noise,0.001,500.0,results/brute_force/used_SC3_HBD/results/sweep_33.csv
533035826,302303003,347216,99652786,171208,5477,170530,99652785,100000000,pymatching,SurfaceCode,9,1,3,HBD_noise,0.001,500.0,results/brute_force/used_SC3_HBD/results/sweep_33.csv
1129278746,300222003,445497,99554505,212278,7837,225381,99554504,100000000,pymatching,SurfaceCode,9,1,3,HBD_noise,0.001,500.0,results/brute_force/used_SC3_HBD/results/sweep_48.csv
1934503802,033002332,353148,99646854,170728,4971,177448,99646853,100000000,pymatching,SurfaceCode,9,1,3,HBD_noise,0.001,500.0,results/brute_force/used_SC3_HBD/results/sweep_48.csv
1034767275,232003000,338965,99661037,153264,5059,180641,99661036,100000000,pymatching,SurfaceCode,9,1,3,HBD_noise,0.001,500.0,results/brute_force/used_SC3_HBD/results/sweep_48.csv
1178144765,323303032,334983,99665019,180444,4990,149548,99665018,100000000,pymatching,SurfaceCode,9,1,3,HBD_noise,0.001,500.0,results/brute_force/used_SC3_HBD/results/sweep_48.csv
1042363123,232303332,333877,99666125,180604,4960,148312,99666124,100000000,pymatching,SurfaceCode,9,1,3,HBD_noise,0.001,500.0,results/brute_force/used_SC3_HBD/results/sweep_48.csv
116329624,200303032,311210,99688792,153707,4580,152922,99688791,100000000,pymatching,SurfaceCode,9,1,3,HBD_noise,0.001,500.0,results/brute_force/used_SC3_HBD/results/sweep_48.csv
1854901744,030003333,309080,99690922,154249,4350,150480,99690921,100000000,pymatching,SurfaceCode,9,1,3,HBD_noise,0.001,500.0,results/brute_force/used_SC3_HBD/results/sweep_48.csv
1000143288,333203030,312843,99687159,160093,4518,148231,99687158,100000000,pymatching,SurfaceCode,9,1,3,HBD_noise,0.001,500.0,results/brute_force/used_SC3_HBD/results/sweep_48.csv
830970328,200223220,432035,99567967,203940,7709,220385,99567966,100000000,pymatching,SurfaceCode,9,1,3,HBD_noise,0.001,500.0,results/brute_force/used_SC3_HBD/results/sweep_48.csv
380413734,320003323,381790,99618212,190665,6199,184925,99618211,100000000,pymatching,SurfaceCode,9,1,3,HBD_noise,0.001,500.0,results/brute_force/used_SC3_HBD/results/sweep_48.csv
367145685,330300232,336202,99663800,168479,4999,162723,99663799,100000000,pymatching,SurfaceCode,9,1,3,HBD_noise,0.001,500.0,results/brute_force/used_SC3_HBD/results/sweep_34.csv
12151240,333003230,328781,99671221,165507,4758,158515,99671220,100000000,pymatching,SurfaceCode,9,1,3,HBD_noise,0.001,500.0,results/brute_force/used_SC3_HBD/results/sweep_34.csv
530084568,000302330,318445,99681557,150053,4711,163680,99681556,100000000,pymatching,SurfaceCode,9,1,3,HBD_noise,0.001,500.0,results/brute_force/used_SC3_HBD/results/sweep_34.csv
1602185426,030200000,323927,99676075,138216,5015,180695,99676074,100000000,pymatching,SurfaceCode,9,1,3,HBD_noise,0.001,500.0,results/brute_force/used_SC3_HBD/results/sweep_34.csv
1947750510,233302030,317491,99682511,160991,4731,151768,99682510,100000000,pymatching,SurfaceCode,9,1,3,HBD_noise,0.001,500.0,results/brute_force/used_SC3_HBD/results/sweep_34.csv
859271768,330203030,295754,99704248,143929,4483,147341,99704247,100000000,pymatching,SurfaceCode,9,1,3,HBD_noise,0.001,500.0,results/brute_force/used_SC3_HBD/results/sweep_34.csv
678313219,203303300,345632,99654370,172530,5239,167862,99654369,100000000,pymatching,SurfaceCode,9,1,3,HBD_noise,0.001,500.0,results/brute_force/used_SC3_HBD/results/sweep_34.csv
1087587964,220303333,333901,99666101,177335,4931,151634,99666100,100000000,pymatching,SurfaceCode,9,1,3,HBD_noise,0.001,500.0,results/brute_force/used_SC3_HBD/results/sweep_34.csv
1129695796,202002033,383049,99616953,177335,5964,199749,99616952,100000000,pymatching,SurfaceCode,9,1,3,HBD_noise,0.001,500.0,results/brute_force/used_SC3_HBD/results/sweep_34.csv
147812247,330320330,357202,99642800,182159,5624,169418,99642799,100000000,pymatching,SurfaceCode,9,1,3,HBD_noise,0.001,500.0,results/brute_force/used_SC3_HBD/results/sweep_34.csv
1916077595,023323300,385505,99614497,192889,6907,185708,99614496,100000000,pymatching,SurfaceCode,9,1,3,HBD_noise,0.001,500.0,results/brute_force/used_SC3_HBD/results/sweep_46.csv
479758071,220303232,344261,99655741,176903,5347,162010,99655740,100000000,pymatching,SurfaceCode,9,1,3,HBD_noise,0.001,500.0,results/brute_force/used_SC3_HBD/results/sweep_46.csv
1092983621,300300030,312088,99687914,144009,4422,163656,99687913,100000000,pymatching,SurfaceCode,9,1,3,HBD_noise,0.001,500.0,results/brute_force/used_SC3_HBD/results/sweep_46.csv
1383585066,030300333,310751,99689251,154878,4533,151339,99689250,100000000,pymatching,SurfaceCode,9,1,3,HBD_noise,0.001,500.0,results/brute_force/used_SC3_HBD/results/sweep_46.csv
1290764765,222200022,434019,99565983,197738,7599,228681,99565982,100000000,pymatching,SurfaceCode,9,1,3,HBD_noise,0.001,500.0,results/brute_force/used_SC3_HBD/results/sweep_46.csv
1440692194,030332022,361860,99638142,183437,5368,173054,99638141,100000000,pymatching,SurfaceCode,9,1,3,HBD_noise,0.001,500.0,results/brute_force/used_SC3_HBD/results/sweep_46.csv
885028588,000330000,347232,99652770,158930,5559,182742,99652769,100000000,pymatching,SurfaceCode,9,1,3,HBD_noise,0.001,500.0,results/brute_force/used_SC3_HBD/results/sweep_46.csv
1603913838,022303030,308089,99691913,153410,4693,149985,99691912,100000000,pymatching,SurfaceCode,9,1,3,HBD_noise,0.001,500.0,results/brute_force/used_SC3_HBD/results/sweep_46.csv
801437927,232022020,425907,99574095,199436,7392,219078,99574094,100000000,pymatching,SurfaceCode,9,1,3,HBD_noise,0.001,500.0,results/brute_force/used_SC3_HBD/results/sweep_46.csv
601488005,330020030,362054,99637948,173048,5769,183236,99637947,100000000,pymatching,SurfaceCode,9,1,3,HBD_noise,0.001,500.0,results/brute_force/used_SC3_HBD/results/sweep_46.csv
820526072,232323233,394030,99605972,215387,6651,171991,99605971,100000000,pymatching,SurfaceCode,9,1,3,HBD_noise,0.001,500.0,results/brute_force/used_SC3_HBD/results/sweep_41.csv
1224404334,003333300,357134,99642868,183108,5707,168318,99642867,100000000,pymatching,SurfaceCode,9,1,3,HBD_noise,0.001,500.0,results/brute_force/used_SC3_HBD/results/sweep_41.csv
1999334782,230303233,313899,99686103,166611,4717,142570,99686102,100000000,pymatching,SurfaceCode,9,1,3,HBD_noise,0.001,500.0,results/brute_force/used_SC3_HBD/results/sweep_41.csv
785757441,322323030,369570,99630432,196266,6079,167224,99630431,100000000,pymatching,SurfaceCode,9,1,3,HBD_noise,0.001,500.0,results/brute_force/used_SC3_HBD/results/sweep_41.csv
2035747631,003000330,346860,99653142,157605,4995,184259,99653141,100000000,pymatching,SurfaceCode,9,1,3,HBD_noise,0.001,500.0,results/brute_force/used_SC3_HBD/results/sweep_41.csv
408620989,022303020,330723,99669279,157852,5542,167328,99669278,100000000,pymatching,SurfaceCode,9,1,3,HBD_noise,0.001,500.0,results/brute_force/used_SC3_HBD/results/sweep_41.csv
754872559,330332300,371040,99628962,197453,5835,167751,99628961,100000000,pymatching,SurfaceCode,9,1,3,HBD_noise,0.001,500.0,results/brute_force/used_SC3_HBD/results/sweep_41.csv
1316298721,000330003,367783,99632219,173681,5748,188353,99632218,100000000,pymatching,SurfaceCode,9,1,3,HBD_noise,0.001,500.0,results/brute_force/used_SC3_HBD/results/sweep_41.csv
1936126400,003023030,353404,99646598,168135,5753,179515,99646597,100000000,pymatching,SurfaceCode,9,1,3,HBD_noise,0.001,500.0,results/brute_force/used_SC3_HBD/results/sweep_41.csv
528808923,020333300,344642,99655360,171581,5316,167744,99655359,100000000,pymatching,SurfaceCode,9,1,3,HBD_noise,0.001,500.0,results/brute_force/used_SC3_HBD/results/sweep_41.csv
