clifford_deformation,exp_ler,uncertainty,method_shots,source_file
3002020332300233330202202,0.0729024270975729,0.0001838308526203,2000000,results/rs/SC5_MHBD_MWPM_5x/results/sweep_13_exp_0_checkpoints.csv
3002020332300233330202202,0.0729024270975729,0.0001838308526203,4000000,results/rs/SC5_MHBD_MWPM_5x/results/sweep_13_exp_0_checkpoints.csv
3002020332300233330202202,0.0729024270975729,0.0001838308526203,6000000,results/rs/SC5_MHBD_MWPM_5x/results/sweep_13_exp_0_checkpoints.csv
3002020332300233330202202,0.0729024270975729,0.0001838308526203,8000000,results/rs/SC5_MHBD_MWPM_5x/results/sweep_13_exp_0_checkpoints.csv
0333223202033302020320003,0.0727764272235727,0.0001836844021454,12000000,results/rs/SC5_MHBD_MWPM_5x/results/sweep_13_exp_0_checkpoints.csv
3220032020033333303023330,0.0721394278605721,0.0001829415559768,16000000,results/rs/SC5_MHBD_MWPM_5x/results/sweep_13_exp_0_checkpoints.csv
3220032020033333303023330,0.0721394278605721,0.0001829415559768,22000000,results/rs/SC5_MHBD_MWPM_5x/results/sweep_13_exp_0_checkpoints.csv
3220032020033333303023330,0.0721394278605721,0.0001829415559768,28000000,results/rs/SC5_MHBD_MWPM_5x/results/sweep_13_exp_0_checkpoints.csv
3220032020033333303023330,0.0721394278605721,0.0001829415559768,36000000,results/rs/SC5_MHBD_MWPM_5x/results/sweep_13_exp_0_checkpoints.csv
0030323030333003323000000,0.0685699314300685,0.0001787008659448,46000000,results/rs/SC5_MHBD_MWPM_5x/results/sweep_13_exp_0_checkpoints.csv
0030323030333003323000000,0.0685699314300685,0.0001787008659448,58000000,results/rs/SC5_MHBD_MWPM_5x/results/sweep_13_exp_0_checkpoints.csv
0030323030333003323000000,0.0685699314300685,0.0001787008659448,74000000,results/rs/SC5_MHBD_MWPM_5x/results/sweep_13_exp_0_checkpoints.csv
0030323030333003323000000,0.0685699314300685,0.0001787008659448,94000000,results/rs/SC5_MHBD_MWPM_5x/results/sweep_13_exp_0_checkpoints.csv
0030323030333003323000000,0.0685699314300685,0.0001787008659448,120000000,results/rs/SC5_MHBD_MWPM_5x/results/sweep_13_exp_0_checkpoints.csv
0030323030333003323000000,0.0685699314300685,0.0001787008659448,152000000,results/rs/SC5_MHBD_MWPM_5x/results/sweep_13_exp_0_checkpoints.csv
0203230320330030000033320,0.068023931976068,0.0001780401362339,192000000,results/rs/SC5_MHBD_MWPM_5x/results/sweep_13_exp_0_checkpoints.csv
0203230320330030000033320,0.068023931976068,0.0001780401362339,242000000,results/rs/SC5_MHBD_MWPM_5x/results/sweep_13_exp_0_checkpoints.csv
0203230320330030000033320,0.068023931976068,0.0001780401362339,306000000,results/rs/SC5_MHBD_MWPM_5x/results/sweep_13_exp_0_checkpoints.csv
0203230320330030000033320,0.068023931976068,0.0001780401362339,386000000,results/rs/SC5_MHBD_MWPM_5x/results/sweep_13_exp_0_checkpoints.csv
0330033320030333203230030,0.0673479326520673,0.000177217516466,486000000,results/rs/SC5_MHBD_MWPM_5x/results/sweep_13_exp_0_checkpoints.csv
0003033230030033033332020,0.0667364332635667,0.0001764689659466,612000000,results/rs/SC5_MHBD_MWPM_5x/results/sweep_13_exp_0_checkpoints.csv
0233303300033020003033320,0.0659089340910659,0.0001754492113832,772000000,results/rs/SC5_MHBD_MWPM_5x/results/sweep_13_exp_0_checkpoints.csv
0233303300033020003033320,0.0659089340910659,0.0001754492113832,972000000,results/rs/SC5_MHBD_MWPM_5x/results/sweep_13_exp_0_checkpoints.csv
0300333003303000333030332,0.0652634347365652,0.0001746482594171,1224000000,results/rs/SC5_MHBD_MWPM_5x/results/sweep_13_exp_0_checkpoints.csv
0300333003303000333030332,0.0652634347365652,0.0001746482594171,1542000000,results/rs/SC5_MHBD_MWPM_5x/results/sweep_13_exp_0_checkpoints.csv
2303330033030000302002333,0.0652289347710652,0.0001746053167153,1942000000,results/rs/SC5_MHBD_MWPM_5x/results/sweep_13_exp_0_checkpoints.csv
2303330033030000302002333,0.0652289347710652,0.0001746053167153,2446000000,results/rs/SC5_MHBD_MWPM_5x/results/sweep_13_exp_0_checkpoints.csv
0000030333200032030003333,0.0646544353455646,0.0001738881110213,3080000000,results/rs/SC5_MHBD_MWPM_5x/results/sweep_13_exp_0_checkpoints.csv
3303300320300330030303200,0.063034936965063,0.0001718450512271,3878000000,results/rs/SC5_MHBD_MWPM_5x/results/sweep_13_exp_0_checkpoints.csv
3303300320300330030303200,0.063034936965063,0.0001718450512271,4884000000,results/rs/SC5_MHBD_MWPM_5x/results/sweep_13_exp_0_checkpoints.csv
3303300320300330030303200,0.063034936965063,0.0001718450512271,6150000000,results/rs/SC5_MHBD_MWPM_5x/results/sweep_13_exp_0_checkpoints.csv
3303300320300330030303200,0.063034936965063,0.0001718450512271,7744000000,results/rs/SC5_MHBD_MWPM_5x/results/sweep_13_exp_0_checkpoints.csv
3303300320300330030303200,0.063034936965063,0.0001718450512271,9750000000,results/rs/SC5_MHBD_MWPM_5x/results/sweep_13_exp_0_checkpoints.csv
3303300320300330030303200,0.063034936965063,0.0001718450512271,12276000000,results/rs/SC5_MHBD_MWPM_5x/results/sweep_13_exp_0_checkpoints.csv
3303300320300330030303200,0.063034936965063,0.0001718450512271,15456000000,results/rs/SC5_MHBD_MWPM_5x/results/sweep_13_exp_0_checkpoints.csv
3303300320300330030303200,0.063034936965063,0.0001718450512271,19458000000,results/rs/SC5_MHBD_MWPM_5x/results/sweep_13_exp_0_checkpoints.csv
3303300320300330030303200,0.063034936965063,0.0001718450512271,24498000000,results/rs/SC5_MHBD_MWPM_5x/results/sweep_13_exp_0_checkpoints.csv
3303300320300330030303200,0.063034936965063,0.0001718450512271,30842000000,results/rs/SC5_MHBD_MWPM_5x/results/sweep_13_exp_0_checkpoints.csv
3303300320300330030303200,0.063034936965063,0.0001718450512271,38828000000,results/rs/SC5_MHBD_MWPM_5x/results/sweep_13_exp_0_checkpoints.csv
3303300320300330030303200,0.063034936965063,0.0001718450512271,48882000000,results/rs/SC5_MHBD_MWPM_5x/results/sweep_13_exp_0_checkpoints.csv
0030330303330300002003003,0.0625804374195625,0.0001712659286567,61540000000,results/rs/SC5_MHBD_MWPM_5x/results/sweep_13_exp_0_checkpoints.csv
2300330330030333300303003,0.0618059381940618,0.0001702731242403,77476000000,results/rs/SC5_MHBD_MWPM_5x/results/sweep_13_exp_0_checkpoints.csv
2300330330030333300303003,0.0618059381940618,0.0001702731242403,97538000000,results/rs/SC5_MHBD_MWPM_5x/results/sweep_13_exp_0_checkpoints.csv
2023030322230023303230200,0.0735069264930735,0.0001845312363002,2000000,results/rs/SC5_MHBD_MWPM_5x/results/sweep_8_exp_0_checkpoints.csv
2023030322230023303230200,0.0735069264930735,0.0001845312363002,4000000,results/rs/SC5_MHBD_MWPM_5x/results/sweep_8_exp_0_checkpoints.csv
2023030322230023303230200,0.0735069264930735,0.0001845312363002,6000000,results/rs/SC5_MHBD_MWPM_5x/results/sweep_8_exp_0_checkpoints.csv
2023030322230023303230200,0.0735069264930735,0.0001845312363002,8000000,results/rs/SC5_MHBD_MWPM_5x/results/sweep_8_exp_0_checkpoints.csv
2023030322230023303230200,0.0735069264930735,0.0001845312363002,12000000,results/rs/SC5_MHBD_MWPM_5x/results/sweep_8_exp_0_checkpoints.csv
3323030230003200003002023,0.0709264290735709,0.0001815155264921,16000000,results/rs/SC5_MHBD_MWPM_5x/results/sweep_8_exp_0_checkpoints.csv
3323030230003200003002023,0.0709264290735709,0.0001815155264921,22000000,results/rs/SC5_MHBD_MWPM_5x/results/sweep_8_exp_0_checkpoints.csv
3323030230003200003002023,0.0709264290735709,0.0001815155264921,28000000,results/rs/SC5_MHBD_MWPM_5x/results/sweep_8_exp_0_checkpoints.csv
3323030230003200003002023,0.0709264290735709,0.0001815155264921,36000000,results/rs/SC5_MHBD_MWPM_5x/results/sweep_8_exp_0_checkpoints.csv
3323030230003200003002023,0.0709264290735709,0.0001815155264921,46000000,results/rs/SC5_MHBD_MWPM_5x/results/sweep_8_exp_0_checkpoints.csv
3330020233030320333232020,0.0697674302325697,0.0001801386097213,58000000,results/rs/SC5_MHBD_MWPM_5x/results/sweep_8_exp_0_checkpoints.csv
3330020233030320333232020,0.0697674302325697,0.0001801386097213,74000000,results/rs/SC5_MHBD_MWPM_5x/results/sweep_8_exp_0_checkpoints.csv
3002023333020303030200033,0.0663409336590663,0.0001759825536282,94000000,results/rs/SC5_MHBD_MWPM_5x/results/sweep_8_exp_0_checkpoints.csv
3002023333020303030200033,0.0663409336590663,0.0001759825536282,120000000,results/rs/SC5_MHBD_MWPM_5x/results/sweep_8_exp_0_checkpoints.csv
3002023333020303030200033,0.0663409336590663,0.0001759825536282,152000000,results/rs/SC5_MHBD_MWPM_5x/results/sweep_8_exp_0_checkpoints.csv
3002023333020303030200033,0.0663409336590663,0.0001759825536282,192000000,results/rs/SC5_MHBD_MWPM_5x/results/sweep_8_exp_0_checkpoints.csv
3002023333020303030200033,0.0663409336590663,0.0001759825536282,242000000,results/rs/SC5_MHBD_MWPM_5x/results/sweep_8_exp_0_checkpoints.csv
3002023333020303030200033,0.0663409336590663,0.0001759825536282,306000000,results/rs/SC5_MHBD_MWPM_5x/results/sweep_8_exp_0_checkpoints.csv
3002023333020303030200033,0.0663409336590663,0.0001759825536282,386000000,results/rs/SC5_MHBD_MWPM_5x/results/sweep_8_exp_0_checkpoints.csv
3002023333020303030200033,0.0663409336590663,0.0001759825536282,486000000,results/rs/SC5_MHBD_MWPM_5x/results/sweep_8_exp_0_checkpoints.csv
3002023333020303030200033,0.0663409336590663,0.0001759825536282,612000000,results/rs/SC5_MHBD_MWPM_5x/results/sweep_8_exp_0_checkpoints.csv
3002023333020303030200033,0.0663409336590663,0.0001759825536282,772000000,results/rs/SC5_MHBD_MWPM_5x/results/sweep_8_exp_0_checkpoints.csv
3002023333020303030200033,0.0663409336590663,0.0001759825536282,972000000,results/rs/SC5_MHBD_MWPM_5x/results/sweep_8_exp_0_checkpoints.csv
0030330330003030003020333,0.0642734357265642,0.0001734103134367,1224000000,results/rs/SC5_MHBD_MWPM_5x/results/sweep_8_exp_0_checkpoints.csv
0032003303003333033033300,0.0641699358300641,0.0001732802193146,1542000000,results/rs/SC5_MHBD_MWPM_5x/results/sweep_8_exp_0_checkpoints.csv
0032003303003333033033300,0.0641699358300641,0.0001732802193146,1942000000,results/rs/SC5_MHBD_MWPM_5x/results/sweep_8_exp_0_checkpoints.csv
0203233303030303303323030,0.0639374360625639,0.0001729874929878,2446000000,results/rs/SC5_MHBD_MWPM_5x/results/sweep_8_exp_0_checkpoints.csv
0203233303030303303323030,0.0639374360625639,0.0001729874929878,3080000000,results/rs/SC5_MHBD_MWPM_5x/results/sweep_8_exp_0_checkpoints.csv
0323000330303300030032030,0.0636849363150636,0.000172668864252,3878000000,results/rs/SC5_MHBD_MWPM_5x/results/sweep_8_exp_0_checkpoints.csv
0323000330303300030032030,0.0636849363150636,0.000172668864252,4884000000,results/rs/SC5_MHBD_MWPM_5x/results/sweep_8_exp_0_checkpoints.csv
0323000330303300030032030,0.0636849363150636,0.000172668864252,6150000000,results/rs/SC5_MHBD_MWPM_5x/results/sweep_8_exp_0_checkpoints.csv
3030000000033320033303330,0.0626944373055626,0.0001714114332571,7744000000,results/rs/SC5_MHBD_MWPM_5x/results/sweep_8_exp_0_checkpoints.csv
3030000000033320033303330,0.0626944373055626,0.0001714114332571,9750000000,results/rs/SC5_MHBD_MWPM_5x/results/sweep_8_exp_0_checkpoints.csv
3030000000033320033303330,0.0626944373055626,0.0001714114332571,12276000000,results/rs/SC5_MHBD_MWPM_5x/results/sweep_8_exp_0_checkpoints.csv
3030000000033320033303330,0.0626944373055626,0.0001714114332571,15456000000,results/rs/SC5_MHBD_MWPM_5x/results/sweep_8_exp_0_checkpoints.csv
3030000000033320033303330,0.0626944373055626,0.0001714114332571,19458000000,results/rs/SC5_MHBD_MWPM_5x/results/sweep_8_exp_0_checkpoints.csv
3030000000033320033303330,0.0626944373055626,0.0001714114332571,24498000000,results/rs/SC5_MHBD_MWPM_5x/results/sweep_8_exp_0_checkpoints.csv
3030000000033320033303330,0.0626944373055626,0.0001714114332571,30842000000,results/rs/SC5_MHBD_MWPM_5x/results/sweep_8_exp_0_checkpoints.csv
3030000000033320033303330,0.0626944373055626,0.0001714114332571,38828000000,results/rs/SC5_MHBD_MWPM_5x/results/sweep_8_exp_0_checkpoints.csv
3030000000033320033303330,0.0626944373055626,0.0001714114332571,48882000000,results/rs/SC5_MHBD_MWPM_5x/results/sweep_8_exp_0_checkpoints.csv
3300330000030303003320033,0.0624649375350624,0.0001711183576844,61540000000,results/rs/SC5_MHBD_MWPM_5x/results/sweep_8_exp_0_checkpoints.csv
3303300200330302030033330,0.0624224375775624,0.000171064006281,77476000000,results/rs/SC5_MHBD_MWPM_5x/results/sweep_8_exp_0_checkpoints.csv
3303300200330302030033330,0.0624224375775624,0.000171064006281,97538000000,results/rs/SC5_MHBD_MWPM_5x/results/sweep_8_exp_0_checkpoints.csv
3303303022333333022233030,0.0722444277555722,0.0001830642868299,2000000,results/rs/SC5_MHBD_MWPM_5x/results/sweep_24_exp_0_checkpoints.csv
3303303022333333022233030,0.0722444277555722,0.0001830642868299,4000000,results/rs/SC5_MHBD_MWPM_5x/results/sweep_24_exp_0_checkpoints.csv
3303303022333333022233030,0.0722444277555722,0.0001830642868299,6000000,results/rs/SC5_MHBD_MWPM_5x/results/sweep_24_exp_0_checkpoints.csv
3303303022333333022233030,0.0722444277555722,0.0001830642868299,8000000,results/rs/SC5_MHBD_MWPM_5x/results/sweep_24_exp_0_checkpoints.csv
3303303022333333022233030,0.0722444277555722,0.0001830642868299,12000000,results/rs/SC5_MHBD_MWPM_5x/results/sweep_24_exp_0_checkpoints.csv
0330330322302300332020300,0.0702014297985702,0.0001806558721,16000000,results/rs/SC5_MHBD_MWPM_5x/results/sweep_24_exp_0_checkpoints.csv
0330330322302300332020300,0.0702014297985702,0.0001806558721,22000000,results/rs/SC5_MHBD_MWPM_5x/results/sweep_24_exp_0_checkpoints.csv
0330330322302300332020300,0.0702014297985702,0.0001806558721,28000000,results/rs/SC5_MHBD_MWPM_5x/results/sweep_24_exp_0_checkpoints.csv
0330330322302300332020300,0.0702014297985702,0.0001806558721,36000000,results/rs/SC5_MHBD_MWPM_5x/results/sweep_24_exp_0_checkpoints.csv
3203030333000332200302230,0.0697099302900697,0.0001800699392333,46000000,results/rs/SC5_MHBD_MWPM_5x/results/sweep_24_exp_0_checkpoints.csv
3203030333000332200302230,0.0697099302900697,0.0001800699392333,58000000,results/rs/SC5_MHBD_MWPM_5x/results/sweep_24_exp_0_checkpoints.csv
3203030333000332200302230,0.0697099302900697,0.0001800699392333,74000000,results/rs/SC5_MHBD_MWPM_5x/results/sweep_24_exp_0_checkpoints.csv
3203030333000332200302230,0.0697099302900697,0.0001800699392333,94000000,results/rs/SC5_MHBD_MWPM_5x/results/sweep_24_exp_0_checkpoints.csv
3203030333000332200302230,0.0697099302900697,0.0001800699392333,120000000,results/rs/SC5_MHBD_MWPM_5x/results/sweep_24_exp_0_checkpoints.csv
3203030333000332200302230,0.0697099302900697,0.0001800699392333,152000000,results/rs/SC5_MHBD_MWPM_5x/results/sweep_24_exp_0_checkpoints.csv
3323030333030202030202020,0.0682229317770682,0.0001782813342288,192000000,results/rs/SC5_MHBD_MWPM_5x/results/sweep_24_exp_0_checkpoints.csv
2230230302000303033332030,0.0669004330995669,0.0001766701316228,242000000,results/rs/SC5_MHBD_MWPM_5x/results/sweep_24_exp_0_checkpoints.csv
2230230302000303033332030,0.0669004330995669,0.0001766701316228,306000000,results/rs/SC5_MHBD_MWPM_5x/results/sweep_24_exp_0_checkpoints.csv
2230230302000303033332030,0.0669004330995669,0.0001766701316228,386000000,results/rs/SC5_MHBD_MWPM_5x/results/sweep_24_exp_0_checkpoints.csv
2230230302000303033332030,0.0669004330995669,0.0001766701316228,486000000,results/rs/SC5_MHBD_MWPM_5x/results/sweep_24_exp_0_checkpoints.csv
0333300000330003323033333,0.0645894354105645,0.0001738067221594,612000000,results/rs/SC5_MHBD_MWPM_5x/results/sweep_24_exp_0_checkpoints.csv
3300303003330030033333320,0.064086435913564,0.0001731751544866,772000000,results/rs/SC5_MHBD_MWPM_5x/results/sweep_24_exp_0_checkpoints.csv
3300303003330030033333320,0.064086435913564,0.0001731751544866,972000000,results/rs/SC5_MHBD_MWPM_5x/results/sweep_24_exp_0_checkpoints.csv
3300303003330030033333320,0.064086435913564,0.0001731751544866,1224000000,results/rs/SC5_MHBD_MWPM_5x/results/sweep_24_exp_0_checkpoints.csv
3300303003330030033333320,0.064086435913564,0.0001731751544866,1542000000,results/rs/SC5_MHBD_MWPM_5x/results/sweep_24_exp_0_checkpoints.csv
3300303003330030033333320,0.064086435913564,0.0001731751544866,1942000000,results/rs/SC5_MHBD_MWPM_5x/results/sweep_24_exp_0_checkpoints.csv
3300303003330030033333320,0.064086435913564,0.0001731751544866,2446000000,results/rs/SC5_MHBD_MWPM_5x/results/sweep_24_exp_0_checkpoints.csv
3300303003330030033333320,0.064086435913564,0.0001731751544866,3080000000,results/rs/SC5_MHBD_MWPM_5x/results/sweep_24_exp_0_checkpoints.csv
0232030333030330000300033,0.0635204364795635,0.0001724608737276,3878000000,results/rs/SC5_MHBD_MWPM_5x/results/sweep_24_exp_0_checkpoints.csv
0232030333030330000300033,0.0635204364795635,0.0001724608737276,4884000000,results/rs/SC5_MHBD_MWPM_5x/results/sweep_24_exp_0_checkpoints.csv
3030000303000302300333330,0.062087937912062,0.0001706354814814,6150000000,results/rs/SC5_MHBD_MWPM_5x/results/sweep_24_exp_0_checkpoints.csv
3030000303000302300333330,0.062087937912062,0.0001706354814814,7744000000,results/rs/SC5_MHBD_MWPM_5x/results/sweep_24_exp_0_checkpoints.csv
3030000303000302300333330,0.062087937912062,0.0001706354814814,9750000000,results/rs/SC5_MHBD_MWPM_5x/results/sweep_24_exp_0_checkpoints.csv
3030000303000302300333330,0.062087937912062,0.0001706354814814,12276000000,results/rs/SC5_MHBD_MWPM_5x/results/sweep_24_exp_0_checkpoints.csv
3030000303000302300333330,0.062087937912062,0.0001706354814814,15456000000,results/rs/SC5_MHBD_MWPM_5x/results/sweep_24_exp_0_checkpoints.csv
3030000303000302300333330,0.062087937912062,0.0001706354814814,19458000000,results/rs/SC5_MHBD_MWPM_5x/results/sweep_24_exp_0_checkpoints.csv
3030000303000302300333330,0.062087937912062,0.0001706354814814,24498000000,results/rs/SC5_MHBD_MWPM_5x/results/sweep_24_exp_0_checkpoints.csv
3030000303000302300333330,0.062087937912062,0.0001706354814814,30842000000,results/rs/SC5_MHBD_MWPM_5x/results/sweep_24_exp_0_checkpoints.csv
3030000303000302300333330,0.062087937912062,0.0001706354814814,38828000000,results/rs/SC5_MHBD_MWPM_5x/results/sweep_24_exp_0_checkpoints.csv
3030000303000302300333330,0.062087937912062,0.0001706354814814,48882000000,results/rs/SC5_MHBD_MWPM_5x/results/sweep_24_exp_0_checkpoints.csv
3030000303000302300333330,0.062087937912062,0.0001706354814814,61540000000,results/rs/SC5_MHBD_MWPM_5x/results/sweep_24_exp_0_checkpoints.csv
3030000303000302300333330,0.062087937912062,0.0001706354814814,77476000000,results/rs/SC5_MHBD_MWPM_5x/results/sweep_24_exp_0_checkpoints.csv
3223030303200023323203300,0.0713779286220713,0.0001820480974856,2000000,results/rs/SC5_MHBD_MWPM_5x/results/sweep_22_exp_0_checkpoints.csv
3223030303200023323203300,0.0713779286220713,0.0001820480974856,4000000,results/rs/SC5_MHBD_MWPM_5x/results/sweep_22_exp_0_checkpoints.csv
0203000330000333333300200,0.0637774362225637,0.0001727856870274,6000000,results/rs/SC5_MHBD_MWPM_5x/results/sweep_22_exp_0_checkpoints.csv
0203000330000333333300200,0.0637774362225637,0.0001727856870274,8000000,results/rs/SC5_MHBD_MWPM_5x/results/sweep_22_exp_0_checkpoints.csv
0203000330000333333300200,0.0637774362225637,0.0001727856870274,12000000,results/rs/SC5_MHBD_MWPM_5x/results/sweep_22_exp_0_checkpoints.csv
0203000330000333333300200,0.0637774362225637,0.0001727856870274,16000000,results/rs/SC5_MHBD_MWPM_5x/results/sweep_22_exp_0_checkpoints.csv
0203000330000333333300200,0.0637774362225637,0.0001727856870274,22000000,results/rs/SC5_MHBD_MWPM_5x/results/sweep_22_exp_0_checkpoints.csv
0203000330000333333300200,0.0637774362225637,0.0001727856870274,28000000,results/rs/SC5_MHBD_MWPM_5x/results/sweep_22_exp_0_checkpoints.csv
0203000330000333333300200,0.0637774362225637,0.0001727856870274,36000000,results/rs/SC5_MHBD_MWPM_5x/results/sweep_22_exp_0_checkpoints.csv
0203000330000333333300200,0.0637774362225637,0.0001727856870274,46000000,results/rs/SC5_MHBD_MWPM_5x/results/sweep_22_exp_0_checkpoints.csv
0203000330000333333300200,0.0637774362225637,0.0001727856870274,58000000,results/rs/SC5_MHBD_MWPM_5x/results/sweep_22_exp_0_checkpoints.csv
0203000330000333333300200,0.0637774362225637,0.0001727856870274,74000000,results/rs/SC5_MHBD_MWPM_5x/results/sweep_22_exp_0_checkpoints.csv
0203000330000333333300200,0.0637774362225637,0.0001727856870274,94000000,results/rs/SC5_MHBD_MWPM_5x/results/sweep_22_exp_0_checkpoints.csv
0203000330000333333300200,0.0637774362225637,0.0001727856870274,120000000,results/rs/SC5_MHBD_MWPM_5x/results/sweep_22_exp_0_checkpoints.csv
0203000330000333333300200,0.0637774362225637,0.0001727856870274,152000000,results/rs/SC5_MHBD_MWPM_5x/results/sweep_22_exp_0_checkpoints.csv
0203000330000333333300200,0.0637774362225637,0.0001727856870274,192000000,results/rs/SC5_MHBD_MWPM_5x/results/sweep_22_exp_0_checkpoints.csv
0203000330000333333300200,0.0637774362225637,0.0001727856870274,242000000,results/rs/SC5_MHBD_MWPM_5x/results/sweep_22_exp_0_checkpoints.csv
0203000330000333333300200,0.0637774362225637,0.0001727856870274,306000000,results/rs/SC5_MHBD_MWPM_5x/results/sweep_22_exp_0_checkpoints.csv
0203000330000333333300200,0.0637774362225637,0.0001727856870274,386000000,results/rs/SC5_MHBD_MWPM_5x/results/sweep_22_exp_0_checkpoints.csv
0203000330000333333300200,0.0637774362225637,0.0001727856870274,486000000,results/rs/SC5_MHBD_MWPM_5x/results/sweep_22_exp_0_checkpoints.csv
0203000330000333333300200,0.0637774362225637,0.0001727856870274,612000000,results/rs/SC5_MHBD_MWPM_5x/results/sweep_22_exp_0_checkpoints.csv
0203000330000333333300200,0.0637774362225637,0.0001727856870274,772000000,results/rs/SC5_MHBD_MWPM_5x/results/sweep_22_exp_0_checkpoints.csv
0203000330000333333300200,0.0637774362225637,0.0001727856870274,972000000,results/rs/SC5_MHBD_MWPM_5x/results/sweep_22_exp_0_checkpoints.csv
0203000330000333333300200,0.0637774362225637,0.0001727856870274,1224000000,results/rs/SC5_MHBD_MWPM_5x/results/sweep_22_exp_0_checkpoints.csv
0203000330000333333300200,0.0637774362225637,0.0001727856870274,1542000000,results/rs/SC5_MHBD_MWPM_5x/results/sweep_22_exp_0_checkpoints.csv
0203000330000333333300200,0.0637774362225637,0.0001727856870274,1942000000,results/rs/SC5_MHBD_MWPM_5x/results/sweep_22_exp_0_checkpoints.csv
0203000330000333333300200,0.0637774362225637,0.0001727856870274,2446000000,results/rs/SC5_MHBD_MWPM_5x/results/sweep_22_exp_0_checkpoints.csv
0203000330000333333300200,0.0637774362225637,0.0001727856870274,3080000000,results/rs/SC5_MHBD_MWPM_5x/results/sweep_22_exp_0_checkpoints.csv
0203000330000333333300200,0.0637774362225637,0.0001727856870274,3878000000,results/rs/SC5_MHBD_MWPM_5x/results/sweep_22_exp_0_checkpoints.csv
0203000330000333333300200,0.0637774362225637,0.0001727856870274,4884000000,results/rs/SC5_MHBD_MWPM_5x/results/sweep_22_exp_0_checkpoints.csv
0203000330000333333300200,0.0637774362225637,0.0001727856870274,6150000000,results/rs/SC5_MHBD_MWPM_5x/results/sweep_22_exp_0_checkpoints.csv
0203000330000333333300200,0.0637774362225637,0.0001727856870274,7744000000,results/rs/SC5_MHBD_MWPM_5x/results/sweep_22_exp_0_checkpoints.csv
0333033300030230000332033,0.0637324362675637,0.0001727288763504,9750000000,results/rs/SC5_MHBD_MWPM_5x/results/sweep_22_exp_0_checkpoints.csv
0002330330000300330032300,0.0635499364500635,0.0001724981848383,12276000000,results/rs/SC5_MHBD_MWPM_5x/results/sweep_22_exp_0_checkpoints.csv
3330330330333300000020320,0.0635244364755635,0.0001724659232422,15456000000,results/rs/SC5_MHBD_MWPM_5x/results/sweep_22_exp_0_checkpoints.csv
3330330330333300000020320,0.0635244364755635,0.0001724659232422,19458000000,results/rs/SC5_MHBD_MWPM_5x/results/sweep_22_exp_0_checkpoints.csv
3330330330333300000020320,0.0635244364755635,0.0001724659232422,24498000000,results/rs/SC5_MHBD_MWPM_5x/results/sweep_22_exp_0_checkpoints.csv
3030000333030030033020333,0.0632904367095632,0.000172169500729,30842000000,results/rs/SC5_MHBD_MWPM_5x/results/sweep_22_exp_0_checkpoints.csv
3030000333030030033020333,0.0632904367095632,0.000172169500729,38828000000,results/rs/SC5_MHBD_MWPM_5x/results/sweep_22_exp_0_checkpoints.csv
3300030003033303030003203,0.062064937935062,0.0001706059701973,48882000000,results/rs/SC5_MHBD_MWPM_5x/results/sweep_22_exp_0_checkpoints.csv
0000000300003303030333032,0.0616709383290616,0.0001700993016129,61540000000,results/rs/SC5_MHBD_MWPM_5x/results/sweep_22_exp_0_checkpoints.csv
0000000300003303030333032,0.0616709383290616,0.0001700993016129,77476000000,results/rs/SC5_MHBD_MWPM_5x/results/sweep_22_exp_0_checkpoints.csv
2003320222330330020003233,0.0722964277035723,0.0001831250410759,2000000,results/rs/SC5_MHBD_MWPM_5x/results/sweep_15_exp_0_checkpoints.csv
2003320222330330020003233,0.0722964277035723,0.0001831250410759,4000000,results/rs/SC5_MHBD_MWPM_5x/results/sweep_15_exp_0_checkpoints.csv
2003320222330330020003233,0.0722964277035723,0.0001831250410759,6000000,results/rs/SC5_MHBD_MWPM_5x/results/sweep_15_exp_0_checkpoints.csv
2003320222330330020003233,0.0722964277035723,0.0001831250410759,8000000,results/rs/SC5_MHBD_MWPM_5x/results/sweep_15_exp_0_checkpoints.csv
2003320222330330020003233,0.0722964277035723,0.0001831250410759,12000000,results/rs/SC5_MHBD_MWPM_5x/results/sweep_15_exp_0_checkpoints.csv
2003320222330330020003233,0.0722964277035723,0.0001831250410759,16000000,results/rs/SC5_MHBD_MWPM_5x/results/sweep_15_exp_0_checkpoints.csv
2003320222330330020003233,0.0722964277035723,0.0001831250410759,22000000,results/rs/SC5_MHBD_MWPM_5x/results/sweep_15_exp_0_checkpoints.csv
2003320222330330020003233,0.0722964277035723,0.0001831250410759,28000000,results/rs/SC5_MHBD_MWPM_5x/results/sweep_15_exp_0_checkpoints.csv
2003320222330330020003233,0.0722964277035723,0.0001831250410759,36000000,results/rs/SC5_MHBD_MWPM_5x/results/sweep_15_exp_0_checkpoints.csv
3233223333030302300003033,0.0677569322430677,0.0001777158322511,46000000,results/rs/SC5_MHBD_MWPM_5x/results/sweep_15_exp_0_checkpoints.csv
3233223333030302300003033,0.0677569322430677,0.0001777158322511,58000000,results/rs/SC5_MHBD_MWPM_5x/results/sweep_15_exp_0_checkpoints.csv
3233223333030302300003033,0.0677569322430677,0.0001777158322511,74000000,results/rs/SC5_MHBD_MWPM_5x/results/sweep_15_exp_0_checkpoints.csv
3233223333030302300003033,0.0677569322430677,0.0001777158322511,94000000,results/rs/SC5_MHBD_MWPM_5x/results/sweep_15_exp_0_checkpoints.csv
3233223333030302300003033,0.0677569322430677,0.0001777158322511,120000000,results/rs/SC5_MHBD_MWPM_5x/results/sweep_15_exp_0_checkpoints.csv
3002022333330300003332000,0.0671769328230671,0.000177008609171,152000000,results/rs/SC5_MHBD_MWPM_5x/results/sweep_15_exp_0_checkpoints.csv
3002022333330300003332000,0.0671769328230671,0.000177008609171,192000000,results/rs/SC5_MHBD_MWPM_5x/results/sweep_15_exp_0_checkpoints.csv
3002022333330300003332000,0.0671769328230671,0.000177008609171,242000000,results/rs/SC5_MHBD_MWPM_5x/results/sweep_15_exp_0_checkpoints.csv
3002022333330300003332000,0.0671769328230671,0.000177008609171,306000000,results/rs/SC5_MHBD_MWPM_5x/results/sweep_15_exp_0_checkpoints.csv
2000022033330323030333032,0.0671599328400671,0.000176987829036,386000000,results/rs/SC5_MHBD_MWPM_5x/results/sweep_15_exp_0_checkpoints.csv
0323300330030302003000203,0.0654124345875654,0.0001748335780575,486000000,results/rs/SC5_MHBD_MWPM_5x/results/sweep_15_exp_0_checkpoints.csv
0323300330030302003000203,0.0654124345875654,0.0001748335780575,612000000,results/rs/SC5_MHBD_MWPM_5x/results/sweep_15_exp_0_checkpoints.csv
0323300330030302003000203,0.0654124345875654,0.0001748335780575,772000000,results/rs/SC5_MHBD_MWPM_5x/results/sweep_15_exp_0_checkpoints.csv
0323300330030302003000203,0.0654124345875654,0.0001748335780575,972000000,results/rs/SC5_MHBD_MWPM_5x/results/sweep_15_exp_0_checkpoints.csv
0323300330030302003000203,0.0654124345875654,0.0001748335780575,1224000000,results/rs/SC5_MHBD_MWPM_5x/results/sweep_15_exp_0_checkpoints.csv
0323300330030302003000203,0.0654124345875654,0.0001748335780575,1542000000,results/rs/SC5_MHBD_MWPM_5x/results/sweep_15_exp_0_checkpoints.csv
0323300330030302003000203,0.0654124345875654,0.0001748335780575,1942000000,results/rs/SC5_MHBD_MWPM_5x/results/sweep_15_exp_0_checkpoints.csv
2330020333000323333030030,0.065096934903065,0.0001744408655213,2446000000,results/rs/SC5_MHBD_MWPM_5x/results/sweep_15_exp_0_checkpoints.csv
2330020333000323333030030,0.065096934903065,0.0001744408655213,3080000000,results/rs/SC5_MHBD_MWPM_5x/results/sweep_15_exp_0_checkpoints.csv
2320330303330330330230000,0.0636149363850636,0.0001725804031593,3878000000,results/rs/SC5_MHBD_MWPM_5x/results/sweep_15_exp_0_checkpoints.csv
2320330303330330330230000,0.0636149363850636,0.0001725804031593,4884000000,results/rs/SC5_MHBD_MWPM_5x/results/sweep_15_exp_0_checkpoints.csv
2320330303330330330230000,0.0636149363850636,0.0001725804031593,6150000000,results/rs/SC5_MHBD_MWPM_5x/results/sweep_15_exp_0_checkpoints.csv
0330030003033003020333300,0.0628294371705628,0.0001715835242066,7744000000,results/rs/SC5_MHBD_MWPM_5x/results/sweep_15_exp_0_checkpoints.csv
0330030003033003020333300,0.0628294371705628,0.0001715835242066,9750000000,results/rs/SC5_MHBD_MWPM_5x/results/sweep_15_exp_0_checkpoints.csv
0330030003033003020333300,0.0628294371705628,0.0001715835242066,12276000000,results/rs/SC5_MHBD_MWPM_5x/results/sweep_15_exp_0_checkpoints.csv
0330030003033003020333300,0.0628294371705628,0.0001715835242066,15456000000,results/rs/SC5_MHBD_MWPM_5x/results/sweep_15_exp_0_checkpoints.csv
0330030003033003020333300,0.0628294371705628,0.0001715835242066,19458000000,results/rs/SC5_MHBD_MWPM_5x/results/sweep_15_exp_0_checkpoints.csv
3023330300000330333303003,0.0628074371925628,0.0001715554972179,24498000000,results/rs/SC5_MHBD_MWPM_5x/results/sweep_15_exp_0_checkpoints.csv
3033330003300302030303332,0.0626389373610626,0.0001713406090857,30842000000,results/rs/SC5_MHBD_MWPM_5x/results/sweep_15_exp_0_checkpoints.csv
3033330003300302030303332,0.0626389373610626,0.0001713406090857,38828000000,results/rs/SC5_MHBD_MWPM_5x/results/sweep_15_exp_0_checkpoints.csv
3033330003300302030303332,0.0626389373610626,0.0001713406090857,48882000000,results/rs/SC5_MHBD_MWPM_5x/results/sweep_15_exp_0_checkpoints.csv
0000000003030330033330330,0.0618864381135618,0.0001703766756691,61540000000,results/rs/SC5_MHBD_MWPM_5x/results/sweep_15_exp_0_checkpoints.csv
0000000003030330033330330,0.0618864381135618,0.0001703766756691,77476000000,results/rs/SC5_MHBD_MWPM_5x/results/sweep_15_exp_0_checkpoints.csv
0000000003030330033330330,0.0618864381135618,0.0001703766756691,97538000000,results/rs/SC5_MHBD_MWPM_5x/results/sweep_15_exp_0_checkpoints.csv
2002330200022303300220330,0.0729604270395729,0.0001838982134358,2000000,results/rs/SC5_MHBD_MWPM_5x/results/sweep_2_exp_0_checkpoints.csv
2002330200022303300220330,0.0729604270395729,0.0001838982134358,4000000,results/rs/SC5_MHBD_MWPM_5x/results/sweep_2_exp_0_checkpoints.csv
2002330200022303300220330,0.0729604270395729,0.0001838982134358,6000000,results/rs/SC5_MHBD_MWPM_5x/results/sweep_2_exp_0_checkpoints.csv
2002330200022303300220330,0.0729604270395729,0.0001838982134358,8000000,results/rs/SC5_MHBD_MWPM_5x/results/sweep_2_exp_0_checkpoints.csv
2002330200022303300220330,0.0729604270395729,0.0001838982134358,12000000,results/rs/SC5_MHBD_MWPM_5x/results/sweep_2_exp_0_checkpoints.csv
3202200332302033023300300,0.0727249272750727,0.0001836244919104,16000000,results/rs/SC5_MHBD_MWPM_5x/results/sweep_2_exp_0_checkpoints.csv
3202200332302033023300300,0.0727249272750727,0.0001836244919104,22000000,results/rs/SC5_MHBD_MWPM_5x/results/sweep_2_exp_0_checkpoints.csv
3202200332302033023300300,0.0727249272750727,0.0001836244919104,28000000,results/rs/SC5_MHBD_MWPM_5x/results/sweep_2_exp_0_checkpoints.csv
3333223333020323303200002,0.0726034273965726,0.0001834830618463,36000000,results/rs/SC5_MHBD_MWPM_5x/results/sweep_2_exp_0_checkpoints.csv
3333223333020323303200002,0.0726034273965726,0.0001834830618463,46000000,results/rs/SC5_MHBD_MWPM_5x/results/sweep_2_exp_0_checkpoints.csv
0000030032030023332330020,0.0682474317525682,0.000178310991032,58000000,results/rs/SC5_MHBD_MWPM_5x/results/sweep_2_exp_0_checkpoints.csv
0000030032030023332330020,0.0682474317525682,0.000178310991032,74000000,results/rs/SC5_MHBD_MWPM_5x/results/sweep_2_exp_0_checkpoints.csv
0000030032030023332330020,0.0682474317525682,0.000178310991032,94000000,results/rs/SC5_MHBD_MWPM_5x/results/sweep_2_exp_0_checkpoints.csv
0000030032030023332330020,0.0682474317525682,0.000178310991032,120000000,results/rs/SC5_MHBD_MWPM_5x/results/sweep_2_exp_0_checkpoints.csv
0000030032030023332330020,0.0682474317525682,0.000178310991032,152000000,results/rs/SC5_MHBD_MWPM_5x/results/sweep_2_exp_0_checkpoints.csv
3233300000003333233033300,0.0661694338305661,0.0001757710851961,192000000,results/rs/SC5_MHBD_MWPM_5x/results/sweep_2_exp_0_checkpoints.csv
3233300000003333233033300,0.0661694338305661,0.0001757710851961,242000000,results/rs/SC5_MHBD_MWPM_5x/results/sweep_2_exp_0_checkpoints.csv
3233300000003333233033300,0.0661694338305661,0.0001757710851961,306000000,results/rs/SC5_MHBD_MWPM_5x/results/sweep_2_exp_0_checkpoints.csv
0303303203000303030200003,0.0641559358440641,0.0001732625969452,386000000,results/rs/SC5_MHBD_MWPM_5x/results/sweep_2_exp_0_checkpoints.csv
2302330300303300030330002,0.0638934361065639,0.000172932021087,486000000,results/rs/SC5_MHBD_MWPM_5x/results/sweep_2_exp_0_checkpoints.csv
2302330300303300030330002,0.0638934361065639,0.000172932021087,612000000,results/rs/SC5_MHBD_MWPM_5x/results/sweep_2_exp_0_checkpoints.csv
2302330300303300030330002,0.0638934361065639,0.000172932021087,772000000,results/rs/SC5_MHBD_MWPM_5x/results/sweep_2_exp_0_checkpoints.csv
2302330300303300030330002,0.0638934361065639,0.000172932021087,972000000,results/rs/SC5_MHBD_MWPM_5x/results/sweep_2_exp_0_checkpoints.csv
2302330300303300030330002,0.0638934361065639,0.000172932021087,1224000000,results/rs/SC5_MHBD_MWPM_5x/results/sweep_2_exp_0_checkpoints.csv
2302330300303300030330002,0.0638934361065639,0.000172932021087,1542000000,results/rs/SC5_MHBD_MWPM_5x/results/sweep_2_exp_0_checkpoints.csv
2302330300303300030330002,0.0638934361065639,0.000172932021087,1942000000,results/rs/SC5_MHBD_MWPM_5x/results/sweep_2_exp_0_checkpoints.csv
2302330300303300030330002,0.0638934361065639,0.000172932021087,2446000000,results/rs/SC5_MHBD_MWPM_5x/results/sweep_2_exp_0_checkpoints.csv
2302330300303300030330002,0.0638934361065639,0.000172932021087,3080000000,results/rs/SC5_MHBD_MWPM_5x/results/sweep_2_exp_0_checkpoints.csv
2302330300303300030330002,0.0638934361065639,0.000172932021087,3878000000,results/rs/SC5_MHBD_MWPM_5x/results/sweep_2_exp_0_checkpoints.csv
2302330300303300030330002,0.0638934361065639,0.000172932021087,4884000000,results/rs/SC5_MHBD_MWPM_5x/results/sweep_2_exp_0_checkpoints.csv
2302330300303300030330002,0.0638934361065639,0.000172932021087,6150000000,results/rs/SC5_MHBD_MWPM_5x/results/sweep_2_exp_0_checkpoints.csv
2302330300303300030330002,0.0638934361065639,0.000172932021087,7744000000,results/rs/SC5_MHBD_MWPM_5x/results/sweep_2_exp_0_checkpoints.csv
2302330300303300030330002,0.0638934361065639,0.000172932021087,9750000000,results/rs/SC5_MHBD_MWPM_5x/results/sweep_2_exp_0_checkpoints.csv
2302330300303300030330002,0.0638934361065639,0.000172932021087,12276000000,results/rs/SC5_MHBD_MWPM_5x/results/sweep_2_exp_0_checkpoints.csv
2302330300303300030330002,0.0638934361065639,0.000172932021087,15456000000,results/rs/SC5_MHBD_MWPM_5x/results/sweep_2_exp_0_checkpoints.csv
3303330303303320300330330,0.0622029377970622,0.0001707829651422,19458000000,results/rs/SC5_MHBD_MWPM_5x/results/sweep_2_exp_0_checkpoints.csv
3303330303303320300330330,0.0622029377970622,0.0001707829651422,24498000000,results/rs/SC5_MHBD_MWPM_5x/results/sweep_2_exp_0_checkpoints.csv
3303330303303320300330330,0.0622029377970622,0.0001707829651422,30842000000,results/rs/SC5_MHBD_MWPM_5x/results/sweep_2_exp_0_checkpoints.csv
3303330303303320300330330,0.0622029377970622,0.0001707829651422,38828000000,results/rs/SC5_MHBD_MWPM_5x/results/sweep_2_exp_0_checkpoints.csv
3303330303303320300330330,0.0622029377970622,0.0001707829651422,48882000000,results/rs/SC5_MHBD_MWPM_5x/results/sweep_2_exp_0_checkpoints.csv
3303330303303320300330330,0.0622029377970622,0.0001707829651422,61540000000,results/rs/SC5_MHBD_MWPM_5x/results/sweep_2_exp_0_checkpoints.csv
0333000303033300330030030,0.0595344404655595,0.0001673170772846,77476000000,results/rs/SC5_MHBD_MWPM_5x/results/sweep_2_exp_0_checkpoints.csv
3023033223332322202030220,0.0824359175640824,0.0001944738032761,2000000,results/rs/SC5_MHBD_MWPM_5x/results/sweep_19_exp_0_checkpoints.csv
2222030323230223332233233,0.0796159203840796,0.0001914120075525,4000000,results/rs/SC5_MHBD_MWPM_5x/results/sweep_19_exp_0_checkpoints.csv
0230332323300222303223002,0.0771759228240771,0.0001887057151179,6000000,results/rs/SC5_MHBD_MWPM_5x/results/sweep_19_exp_0_checkpoints.csv
0230332323300222303223002,0.0771759228240771,0.0001887057151179,8000000,results/rs/SC5_MHBD_MWPM_5x/results/sweep_19_exp_0_checkpoints.csv
2033033203323022033322003,0.0743509256490743,0.0001855030568549,12000000,results/rs/SC5_MHBD_MWPM_5x/results/sweep_19_exp_0_checkpoints.csv
2320333032203330333023022,0.0735979264020736,0.0001846363593358,16000000,results/rs/SC5_MHBD_MWPM_5x/results/sweep_19_exp_0_checkpoints.csv
3303030323330230200330233,0.0696019303980696,0.0001799408200895,22000000,results/rs/SC5_MHBD_MWPM_5x/results/sweep_19_exp_0_checkpoints.csv
3303030323330230200330233,0.0696019303980696,0.0001799408200895,28000000,results/rs/SC5_MHBD_MWPM_5x/results/sweep_19_exp_0_checkpoints.csv
3303030323330230200330233,0.0696019303980696,0.0001799408200895,36000000,results/rs/SC5_MHBD_MWPM_5x/results/sweep_19_exp_0_checkpoints.csv
3230203333332300030030303,0.0672949327050673,0.000177152804099,46000000,results/rs/SC5_MHBD_MWPM_5x/results/sweep_19_exp_0_checkpoints.csv
3230203333332300030030303,0.0672949327050673,0.000177152804099,58000000,results/rs/SC5_MHBD_MWPM_5x/results/sweep_19_exp_0_checkpoints.csv
3230203333332300030030303,0.0672949327050673,0.000177152804099,74000000,results/rs/SC5_MHBD_MWPM_5x/results/sweep_19_exp_0_checkpoints.csv
3000203033000300330323033,0.0642004357995642,0.0001733185636112,94000000,results/rs/SC5_MHBD_MWPM_5x/results/sweep_19_exp_0_checkpoints.csv
3000203033000300330323033,0.0642004357995642,0.0001733185636112,120000000,results/rs/SC5_MHBD_MWPM_5x/results/sweep_19_exp_0_checkpoints.csv
3000203033000300330323033,0.0642004357995642,0.0001733185636112,152000000,results/rs/SC5_MHBD_MWPM_5x/results/sweep_19_exp_0_checkpoints.csv
3000203033000300330323033,0.0642004357995642,0.0001733185636112,192000000,results/rs/SC5_MHBD_MWPM_5x/results/sweep_19_exp_0_checkpoints.csv
3000203033000300330323033,0.0642004357995642,0.0001733185636112,242000000,results/rs/SC5_MHBD_MWPM_5x/results/sweep_19_exp_0_checkpoints.csv
3000203033000300330323033,0.0642004357995642,0.0001733185636112,306000000,results/rs/SC5_MHBD_MWPM_5x/results/sweep_19_exp_0_checkpoints.csv
3000203033000300330323033,0.0642004357995642,0.0001733185636112,386000000,results/rs/SC5_MHBD_MWPM_5x/results/sweep_19_exp_0_checkpoints.csv
3000203033000300330323033,0.0642004357995642,0.0001733185636112,486000000,results/rs/SC5_MHBD_MWPM_5x/results/sweep_19_exp_0_checkpoints.csv
3000203033000300330323033,0.0642004357995642,0.0001733185636112,612000000,results/rs/SC5_MHBD_MWPM_5x/results/sweep_19_exp_0_checkpoints.csv
3000203033000300330323033,0.0642004357995642,0.0001733185636112,772000000,results/rs/SC5_MHBD_MWPM_5x/results/sweep_19_exp_0_checkpoints.csv
3000203033000300330323033,0.0642004357995642,0.0001733185636112,972000000,results/rs/SC5_MHBD_MWPM_5x/results/sweep_19_exp_0_checkpoints.csv
3000203033000300330323033,0.0642004357995642,0.0001733185636112,1224000000,results/rs/SC5_MHBD_MWPM_5x/results/sweep_19_exp_0_checkpoints.csv
3000203033000300330323033,0.0642004357995642,0.0001733185636112,1542000000,results/rs/SC5_MHBD_MWPM_5x/results/sweep_19_exp_0_checkpoints.csv
3000203033000300330323033,0.0642004357995642,0.0001733185636112,1942000000,results/rs/SC5_MHBD_MWPM_5x/results/sweep_19_exp_0_checkpoints.csv
3000203033000300330323033,0.0642004357995642,0.0001733185636112,2446000000,results/rs/SC5_MHBD_MWPM_5x/results/sweep_19_exp_0_checkpoints.csv
3000203033000300330323033,0.0642004357995642,0.0001733185636112,3080000000,results/rs/SC5_MHBD_MWPM_5x/results/sweep_19_exp_0_checkpoints.csv
3000203033000300330323033,0.0642004357995642,0.0001733185636112,3878000000,results/rs/SC5_MHBD_MWPM_5x/results/sweep_19_exp_0_checkpoints.csv
3000203033000300330323033,0.0642004357995642,0.0001733185636112,4884000000,results/rs/SC5_MHBD_MWPM_5x/results/sweep_19_exp_0_checkpoints.csv
3000203033000300330323033,0.0642004357995642,0.0001733185636112,6150000000,results/rs/SC5_MHBD_MWPM_5x/results/sweep_19_exp_0_checkpoints.csv
3000203033000300330323033,0.0642004357995642,0.0001733185636112,7744000000,results/rs/SC5_MHBD_MWPM_5x/results/sweep_19_exp_0_checkpoints.csv
0303333000000033032300333,0.0638544361455638,0.0001728828501654,9750000000,results/rs/SC5_MHBD_MWPM_5x/results/sweep_19_exp_0_checkpoints.csv
3333030320030000333030030,0.0626329373670626,0.0001713329547783,12276000000,results/rs/SC5_MHBD_MWPM_5x/results/sweep_19_exp_0_checkpoints.csv
3333030320030000333030030,0.0626329373670626,0.0001713329547783,15456000000,results/rs/SC5_MHBD_MWPM_5x/results/sweep_19_exp_0_checkpoints.csv
3333030320030000333030030,0.0626329373670626,0.0001713329547783,19458000000,results/rs/SC5_MHBD_MWPM_5x/results/sweep_19_exp_0_checkpoints.csv
3333030320030000333030030,0.0626329373670626,0.0001713329547783,24498000000,results/rs/SC5_MHBD_MWPM_5x/results/sweep_19_exp_0_checkpoints.csv
3000330333030030003033003,0.0624399375600624,0.0001710863871267,30842000000,results/rs/SC5_MHBD_MWPM_5x/results/sweep_19_exp_0_checkpoints.csv
3000330333030030003033003,0.0624399375600624,0.0001710863871267,38828000000,results/rs/SC5_MHBD_MWPM_5x/results/sweep_19_exp_0_checkpoints.csv
3203033330030303030303200,0.0618689381310618,0.0001703541638562,48882000000,results/rs/SC5_MHBD_MWPM_5x/results/sweep_19_exp_0_checkpoints.csv
3203033330030303030303200,0.0618689381310618,0.0001703541638562,61540000000,results/rs/SC5_MHBD_MWPM_5x/results/sweep_19_exp_0_checkpoints.csv
3203033330030303030303200,0.0618689381310618,0.0001703541638562,77476000000,results/rs/SC5_MHBD_MWPM_5x/results/sweep_19_exp_0_checkpoints.csv
3033300033203330303032220,0.0703819296180703,0.0001808704255381,2000000,results/rs/SC5_MHBD_MWPM_5x/results/sweep_4_exp_0_checkpoints.csv
3033300033203330303032220,0.0703819296180703,0.0001808704255381,4000000,results/rs/SC5_MHBD_MWPM_5x/results/sweep_4_exp_0_checkpoints.csv
3033300033203330303032220,0.0703819296180703,0.0001808704255381,6000000,results/rs/SC5_MHBD_MWPM_5x/results/sweep_4_exp_0_checkpoints.csv
0230330200333003002320000,0.0698204301795698,0.0001802018814487,8000000,results/rs/SC5_MHBD_MWPM_5x/results/sweep_4_exp_0_checkpoints.csv
0230330200333003002320000,0.0698204301795698,0.0001802018814487,12000000,results/rs/SC5_MHBD_MWPM_5x/results/sweep_4_exp_0_checkpoints.csv
0230330200333003002320000,0.0698204301795698,0.0001802018814487,16000000,results/rs/SC5_MHBD_MWPM_5x/results/sweep_4_exp_0_checkpoints.csv
0230330200333003002320000,0.0698204301795698,0.0001802018814487,22000000,results/rs/SC5_MHBD_MWPM_5x/results/sweep_4_exp_0_checkpoints.csv
0230330200333003002320000,0.0698204301795698,0.0001802018814487,28000000,results/rs/SC5_MHBD_MWPM_5x/results/sweep_4_exp_0_checkpoints.csv
0230330200333003002320000,0.0698204301795698,0.0001802018814487,36000000,results/rs/SC5_MHBD_MWPM_5x/results/sweep_4_exp_0_checkpoints.csv
0230330200333003002320000,0.0698204301795698,0.0001802018814487,46000000,results/rs/SC5_MHBD_MWPM_5x/results/sweep_4_exp_0_checkpoints.csv
0230330200333003002320000,0.0698204301795698,0.0001802018814487,58000000,results/rs/SC5_MHBD_MWPM_5x/results/sweep_4_exp_0_checkpoints.csv
0230330200333003002320000,0.0698204301795698,0.0001802018814487,74000000,results/rs/SC5_MHBD_MWPM_5x/results/sweep_4_exp_0_checkpoints.csv
2220300320333002030330303,0.0682809317190682,0.0001783515472197,94000000,results/rs/SC5_MHBD_MWPM_5x/results/sweep_4_exp_0_checkpoints.csv
0323303303230302303323200,0.0678759321240678,0.0001778604637365,120000000,results/rs/SC5_MHBD_MWPM_5x/results/sweep_4_exp_0_checkpoints.csv
0323303303230302303323200,0.0678759321240678,0.0001778604637365,152000000,results/rs/SC5_MHBD_MWPM_5x/results/sweep_4_exp_0_checkpoints.csv
0323303303230302303323200,0.0678759321240678,0.0001778604637365,192000000,results/rs/SC5_MHBD_MWPM_5x/results/sweep_4_exp_0_checkpoints.csv
0323303303230302303323200,0.0678759321240678,0.0001778604637365,242000000,results/rs/SC5_MHBD_MWPM_5x/results/sweep_4_exp_0_checkpoints.csv
0323303303230302303323200,0.0678759321240678,0.0001778604637365,306000000,results/rs/SC5_MHBD_MWPM_5x/results/sweep_4_exp_0_checkpoints.csv
0323303303230302303323200,0.0678759321240678,0.0001778604637365,386000000,results/rs/SC5_MHBD_MWPM_5x/results/sweep_4_exp_0_checkpoints.csv
3302200333000323300320033,0.0662089337910662,0.0001758198195602,486000000,results/rs/SC5_MHBD_MWPM_5x/results/sweep_4_exp_0_checkpoints.csv
0320223003030303300203333,0.0655769344230655,0.0001750378723954,612000000,results/rs/SC5_MHBD_MWPM_5x/results/sweep_4_exp_0_checkpoints.csv
0320223003030303300203333,0.0655769344230655,0.0001750378723954,772000000,results/rs/SC5_MHBD_MWPM_5x/results/sweep_4_exp_0_checkpoints.csv
0320223003030303300203333,0.0655769344230655,0.0001750378723954,972000000,results/rs/SC5_MHBD_MWPM_5x/results/sweep_4_exp_0_checkpoints.csv
0033030030030000032023300,0.0654824345175654,0.0001749205403029,1224000000,results/rs/SC5_MHBD_MWPM_5x/results/sweep_4_exp_0_checkpoints.csv
0033030030030000032023300,0.0654824345175654,0.0001749205403029,1542000000,results/rs/SC5_MHBD_MWPM_5x/results/sweep_4_exp_0_checkpoints.csv
0033030030030000032023300,0.0654824345175654,0.0001749205403029,1942000000,results/rs/SC5_MHBD_MWPM_5x/results/sweep_4_exp_0_checkpoints.csv
0033030030030000032023300,0.0654824345175654,0.0001749205403029,2446000000,results/rs/SC5_MHBD_MWPM_5x/results/sweep_4_exp_0_checkpoints.csv
0003333002300033030332300,0.0653274346725653,0.0001747278874972,3080000000,results/rs/SC5_MHBD_MWPM_5x/results/sweep_4_exp_0_checkpoints.csv
3203020033333030030333000,0.0649689350310649,0.0001742812019074,3878000000,results/rs/SC5_MHBD_MWPM_5x/results/sweep_4_exp_0_checkpoints.csv
0032032000030303300033330,0.064063435936564,0.0001731462107272,4884000000,results/rs/SC5_MHBD_MWPM_5x/results/sweep_4_exp_0_checkpoints.csv
0032032000030303300033330,0.064063435936564,0.0001731462107272,6150000000,results/rs/SC5_MHBD_MWPM_5x/results/sweep_4_exp_0_checkpoints.csv
0032032000030303300033330,0.064063435936564,0.0001731462107272,7744000000,results/rs/SC5_MHBD_MWPM_5x/results/sweep_4_exp_0_checkpoints.csv
0302300303303300330203303,0.0634364365635634,0.0001723545283311,9750000000,results/rs/SC5_MHBD_MWPM_5x/results/sweep_4_exp_0_checkpoints.csv
3320302300030303000003330,0.0627234372765627,0.0001714484242256,12276000000,results/rs/SC5_MHBD_MWPM_5x/results/sweep_4_exp_0_checkpoints.csv
3320302300030303000003330,0.0627234372765627,0.0001714484242256,15456000000,results/rs/SC5_MHBD_MWPM_5x/results/sweep_4_exp_0_checkpoints.csv
3320302300030303000003330,0.0627234372765627,0.0001714484242256,19458000000,results/rs/SC5_MHBD_MWPM_5x/results/sweep_4_exp_0_checkpoints.csv
3320302300030303000003330,0.0627234372765627,0.0001714484242256,24498000000,results/rs/SC5_MHBD_MWPM_5x/results/sweep_4_exp_0_checkpoints.csv
3320302300030303000003330,0.0627234372765627,0.0001714484242256,30842000000,results/rs/SC5_MHBD_MWPM_5x/results/sweep_4_exp_0_checkpoints.csv
3320302300030303000003330,0.0627234372765627,0.0001714484242256,38828000000,results/rs/SC5_MHBD_MWPM_5x/results/sweep_4_exp_0_checkpoints.csv
3320302300030303000003330,0.0627234372765627,0.0001714484242256,48882000000,results/rs/SC5_MHBD_MWPM_5x/results/sweep_4_exp_0_checkpoints.csv
3320302300030303000003330,0.0627234372765627,0.0001714484242256,61540000000,results/rs/SC5_MHBD_MWPM_5x/results/sweep_4_exp_0_checkpoints.csv
0030300333000330030330333,0.0623504376495623,0.0001709718926576,77476000000,results/rs/SC5_MHBD_MWPM_5x/results/sweep_4_exp_0_checkpoints.csv
3002030022203233203322300,0.076031423968576,0.0001874173758551,2000000,results/rs/SC5_MHBD_MWPM_5x/results/sweep_25_exp_0_checkpoints.csv
3002030022203233203322300,0.076031423968576,0.0001874173758551,4000000,results/rs/SC5_MHBD_MWPM_5x/results/sweep_25_exp_0_checkpoints.csv
3002030022203233203322300,0.076031423968576,0.0001874173758551,6000000,results/rs/SC5_MHBD_MWPM_5x/results/sweep_25_exp_0_checkpoints.csv
3300030302002202202323330,0.0742839257160742,0.0001854261645348,8000000,results/rs/SC5_MHBD_MWPM_5x/results/sweep_25_exp_0_checkpoints.csv
2002330003030330032223232,0.0707169292830707,0.0001812676782719,12000000,results/rs/SC5_MHBD_MWPM_5x/results/sweep_25_exp_0_checkpoints.csv
2002330003030330032223232,0.0707169292830707,0.0001812676782719,16000000,results/rs/SC5_MHBD_MWPM_5x/results/sweep_25_exp_0_checkpoints.csv
2002330003030330032223232,0.0707169292830707,0.0001812676782719,22000000,results/rs/SC5_MHBD_MWPM_5x/results/sweep_25_exp_0_checkpoints.csv
2002330003030330032223232,0.0707169292830707,0.0001812676782719,28000000,results/rs/SC5_MHBD_MWPM_5x/results/sweep_25_exp_0_checkpoints.csv
2002330003030330032223232,0.0707169292830707,0.0001812676782719,36000000,results/rs/SC5_MHBD_MWPM_5x/results/sweep_25_exp_0_checkpoints.csv
2002330003030330032223232,0.0707169292830707,0.0001812676782719,46000000,results/rs/SC5_MHBD_MWPM_5x/results/sweep_25_exp_0_checkpoints.csv
2002330003030330032223232,0.0707169292830707,0.0001812676782719,58000000,results/rs/SC5_MHBD_MWPM_5x/results/sweep_25_exp_0_checkpoints.csv
2030030203320302000032030,0.0694169305830694,0.0001797193981474,74000000,results/rs/SC5_MHBD_MWPM_5x/results/sweep_25_exp_0_checkpoints.csv
0000322300330332003330030,0.0658429341570658,0.0001753675460349,94000000,results/rs/SC5_MHBD_MWPM_5x/results/sweep_25_exp_0_checkpoints.csv
0000322300330332003330030,0.0658429341570658,0.0001753675460349,120000000,results/rs/SC5_MHBD_MWPM_5x/results/sweep_25_exp_0_checkpoints.csv
2303333003000302333300000,0.0637309362690637,0.0001727269700495,152000000,results/rs/SC5_MHBD_MWPM_5x/results/sweep_25_exp_0_checkpoints.csv
2303333003000302333300000,0.0637309362690637,0.0001727269700495,192000000,results/rs/SC5_MHBD_MWPM_5x/results/sweep_25_exp_0_checkpoints.csv
2303333003000302333300000,0.0637309362690637,0.0001727269700495,242000000,results/rs/SC5_MHBD_MWPM_5x/results/sweep_25_exp_0_checkpoints.csv
2303333003000302333300000,0.0637309362690637,0.0001727269700495,306000000,results/rs/SC5_MHBD_MWPM_5x/results/sweep_25_exp_0_checkpoints.csv
2303333003000302333300000,0.0637309362690637,0.0001727269700495,386000000,results/rs/SC5_MHBD_MWPM_5x/results/sweep_25_exp_0_checkpoints.csv
2303333003000302333300000,0.0637309362690637,0.0001727269700495,486000000,results/rs/SC5_MHBD_MWPM_5x/results/sweep_25_exp_0_checkpoints.csv
2303333003000302333300000,0.0637309362690637,0.0001727269700495,612000000,results/rs/SC5_MHBD_MWPM_5x/results/sweep_25_exp_0_checkpoints.csv
2303333003000302333300000,0.0637309362690637,0.0001727269700495,772000000,results/rs/SC5_MHBD_MWPM_5x/results/sweep_25_exp_0_checkpoints.csv
2320330300000333030330002,0.0633054366945633,0.0001721885200822,972000000,results/rs/SC5_MHBD_MWPM_5x/results/sweep_25_exp_0_checkpoints.csv
2320330300000333030330002,0.0633054366945633,0.0001721885200822,1224000000,results/rs/SC5_MHBD_MWPM_5x/results/sweep_25_exp_0_checkpoints.csv
2320330300000333030330002,0.0633054366945633,0.0001721885200822,1542000000,results/rs/SC5_MHBD_MWPM_5x/results/sweep_25_exp_0_checkpoints.csv
2320330300000333030330002,0.0633054366945633,0.0001721885200822,1942000000,results/rs/SC5_MHBD_MWPM_5x/results/sweep_25_exp_0_checkpoints.csv
2320330300000333030330002,0.0633054366945633,0.0001721885200822,2446000000,results/rs/SC5_MHBD_MWPM_5x/results/sweep_25_exp_0_checkpoints.csv
2320330300000333030330002,0.0633054366945633,0.0001721885200822,3080000000,results/rs/SC5_MHBD_MWPM_5x/results/sweep_25_exp_0_checkpoints.csv
2320330300000333030330002,0.0633054366945633,0.0001721885200822,3878000000,results/rs/SC5_MHBD_MWPM_5x/results/sweep_25_exp_0_checkpoints.csv
2320330300000333030330002,0.0633054366945633,0.0001721885200822,4884000000,results/rs/SC5_MHBD_MWPM_5x/results/sweep_25_exp_0_checkpoints.csv
3330000303030203303300300,0.0628409371590628,0.0001715981634333,6150000000,results/rs/SC5_MHBD_MWPM_5x/results/sweep_25_exp_0_checkpoints.csv
3330000303030203303300300,0.0628409371590628,0.0001715981634333,7744000000,results/rs/SC5_MHBD_MWPM_5x/results/sweep_25_exp_0_checkpoints.csv
3330000303030203303300300,0.0628409371590628,0.0001715981634333,9750000000,results/rs/SC5_MHBD_MWPM_5x/results/sweep_25_exp_0_checkpoints.csv
3330000303030203303300300,0.0628409371590628,0.0001715981634333,12276000000,results/rs/SC5_MHBD_MWPM_5x/results/sweep_25_exp_0_checkpoints.csv
3330000303030203303300300,0.0628409371590628,0.0001715981634333,15456000000,results/rs/SC5_MHBD_MWPM_5x/results/sweep_25_exp_0_checkpoints.csv
3330000303030203303300300,0.0628409371590628,0.0001715981634333,19458000000,results/rs/SC5_MHBD_MWPM_5x/results/sweep_25_exp_0_checkpoints.csv
3330000303030203303300300,0.0628409371590628,0.0001715981634333,24498000000,results/rs/SC5_MHBD_MWPM_5x/results/sweep_25_exp_0_checkpoints.csv
0033330303033330000220333,0.0625209374790625,0.0001711899240035,30842000000,results/rs/SC5_MHBD_MWPM_5x/results/sweep_25_exp_0_checkpoints.csv
0033330303033330000220333,0.0625209374790625,0.0001711899240035,38828000000,results/rs/SC5_MHBD_MWPM_5x/results/sweep_25_exp_0_checkpoints.csv
0033330303033330000220333,0.0625209374790625,0.0001711899240035,48882000000,results/rs/SC5_MHBD_MWPM_5x/results/sweep_25_exp_0_checkpoints.csv
0033330303033330000220333,0.0625209374790625,0.0001711899240035,61540000000,results/rs/SC5_MHBD_MWPM_5x/results/sweep_25_exp_0_checkpoints.csv
0033330303033330000220333,0.0625209374790625,0.0001711899240035,77476000000,results/rs/SC5_MHBD_MWPM_5x/results/sweep_25_exp_0_checkpoints.csv
0300300303300330030003030,0.0608459391540608,0.0001690319913905,97538000000,results/rs/SC5_MHBD_MWPM_5x/results/sweep_25_exp_0_checkpoints.csv
3003230222323323302302233,0.0797749202250797,0.000191586499568,2000000,results/rs/SC5_MHBD_MWPM_5x/results/sweep_12_exp_0_checkpoints.csv
2302222303302030020203322,0.0788144211855788,0.0001905289973365,4000000,results/rs/SC5_MHBD_MWPM_5x/results/sweep_12_exp_0_checkpoints.csv
0023003002030333303233022,0.0681979318020681,0.0001782510516932,6000000,results/rs/SC5_MHBD_MWPM_5x/results/sweep_12_exp_0_checkpoints.csv
0023003002030333303233022,0.0681979318020681,0.0001782510516932,8000000,results/rs/SC5_MHBD_MWPM_5x/results/sweep_12_exp_0_checkpoints.csv
0023003002030333303233022,0.0681979318020681,0.0001782510516932,12000000,results/rs/SC5_MHBD_MWPM_5x/results/sweep_12_exp_0_checkpoints.csv
0023003002030333303233022,0.0681979318020681,0.0001782510516932,16000000,results/rs/SC5_MHBD_MWPM_5x/results/sweep_12_exp_0_checkpoints.csv
0023003002030333303233022,0.0681979318020681,0.0001782510516932,22000000,results/rs/SC5_MHBD_MWPM_5x/results/sweep_12_exp_0_checkpoints.csv
0023003002030333303233022,0.0681979318020681,0.0001782510516932,28000000,results/rs/SC5_MHBD_MWPM_5x/results/sweep_12_exp_0_checkpoints.csv
0023003002030333303233022,0.0681979318020681,0.0001782510516932,36000000,results/rs/SC5_MHBD_MWPM_5x/results/sweep_12_exp_0_checkpoints.csv
0023003002030333303233022,0.0681979318020681,0.0001782510516932,46000000,results/rs/SC5_MHBD_MWPM_5x/results/sweep_12_exp_0_checkpoints.csv
0023003002030333303233022,0.0681979318020681,0.0001782510516932,58000000,results/rs/SC5_MHBD_MWPM_5x/results/sweep_12_exp_0_checkpoints.csv
0023003002030333303233022,0.0681979318020681,0.0001782510516932,74000000,results/rs/SC5_MHBD_MWPM_5x/results/sweep_12_exp_0_checkpoints.csv
0023003002030333303233022,0.0681979318020681,0.0001782510516932,94000000,results/rs/SC5_MHBD_MWPM_5x/results/sweep_12_exp_0_checkpoints.csv
0330032233333300033300003,0.0671269328730671,0.0001769474620232,120000000,results/rs/SC5_MHBD_MWPM_5x/results/sweep_12_exp_0_checkpoints.csv
0330032233333300033300003,0.0671269328730671,0.0001769474620232,152000000,results/rs/SC5_MHBD_MWPM_5x/results/sweep_12_exp_0_checkpoints.csv
0330032233333300033300003,0.0671269328730671,0.0001769474620232,192000000,results/rs/SC5_MHBD_MWPM_5x/results/sweep_12_exp_0_checkpoints.csv
0330032233333300033300003,0.0671269328730671,0.0001769474620232,242000000,results/rs/SC5_MHBD_MWPM_5x/results/sweep_12_exp_0_checkpoints.csv
3002333003033300033220000,0.0669644330355669,0.0001767485518939,306000000,results/rs/SC5_MHBD_MWPM_5x/results/sweep_12_exp_0_checkpoints.csv
2322030000303030330333303,0.0662849337150662,0.0001759135484462,386000000,results/rs/SC5_MHBD_MWPM_5x/results/sweep_12_exp_0_checkpoints.csv
3200030300233030300332333,0.0662294337705662,0.0001758451107889,486000000,results/rs/SC5_MHBD_MWPM_5x/results/sweep_12_exp_0_checkpoints.csv
0033030333333300233000300,0.0641039358960641,0.0001731971860863,612000000,results/rs/SC5_MHBD_MWPM_5x/results/sweep_12_exp_0_checkpoints.csv
0033030333333300233000300,0.0641039358960641,0.0001731971860863,772000000,results/rs/SC5_MHBD_MWPM_5x/results/sweep_12_exp_0_checkpoints.csv
0033030333333300233000300,0.0641039358960641,0.0001731971860863,972000000,results/rs/SC5_MHBD_MWPM_5x/results/sweep_12_exp_0_checkpoints.csv
0033030333333300233000300,0.0641039358960641,0.0001731971860863,1224000000,results/rs/SC5_MHBD_MWPM_5x/results/sweep_12_exp_0_checkpoints.csv
0033030333333300233000300,0.0641039358960641,0.0001731971860863,1542000000,results/rs/SC5_MHBD_MWPM_5x/results/sweep_12_exp_0_checkpoints.csv
0033030333333300233000300,0.0641039358960641,0.0001731971860863,1942000000,results/rs/SC5_MHBD_MWPM_5x/results/sweep_12_exp_0_checkpoints.csv
0033030333333300233000300,0.0641039358960641,0.0001731971860863,2446000000,results/rs/SC5_MHBD_MWPM_5x/results/sweep_12_exp_0_checkpoints.csv
0033030333333300233000300,0.0641039358960641,0.0001731971860863,3080000000,results/rs/SC5_MHBD_MWPM_5x/results/sweep_12_exp_0_checkpoints.csv
0033030333333300233000300,0.0641039358960641,0.0001731971860863,3878000000,results/rs/SC5_MHBD_MWPM_5x/results/sweep_12_exp_0_checkpoints.csv
0333030030203000020303330,0.0639829360170639,0.0001730448420858,4884000000,results/rs/SC5_MHBD_MWPM_5x/results/sweep_12_exp_0_checkpoints.csv
3303330030330303330003300,0.0609669390330609,0.0001691890793154,6150000000,results/rs/SC5_MHBD_MWPM_5x/results/sweep_12_exp_0_checkpoints.csv
3303330030330303330003300,0.0609669390330609,0.0001691890793154,7744000000,results/rs/SC5_MHBD_MWPM_5x/results/sweep_12_exp_0_checkpoints.csv
3303330030330303330003300,0.0609669390330609,0.0001691890793154,9750000000,results/rs/SC5_MHBD_MWPM_5x/results/sweep_12_exp_0_checkpoints.csv
3303330030330303330003300,0.0609669390330609,0.0001691890793154,12276000000,results/rs/SC5_MHBD_MWPM_5x/results/sweep_12_exp_0_checkpoints.csv
3303330030330303330003300,0.0609669390330609,0.0001691890793154,15456000000,results/rs/SC5_MHBD_MWPM_5x/results/sweep_12_exp_0_checkpoints.csv
3303330030330303330003300,0.0609669390330609,0.0001691890793154,19458000000,results/rs/SC5_MHBD_MWPM_5x/results/sweep_12_exp_0_checkpoints.csv
3303330030330303330003300,0.0609669390330609,0.0001691890793154,24498000000,results/rs/SC5_MHBD_MWPM_5x/results/sweep_12_exp_0_checkpoints.csv
3303330030330303330003300,0.0609669390330609,0.0001691890793154,30842000000,results/rs/SC5_MHBD_MWPM_5x/results/sweep_12_exp_0_checkpoints.csv
3303330030330303330003300,0.0609669390330609,0.0001691890793154,38828000000,results/rs/SC5_MHBD_MWPM_5x/results/sweep_12_exp_0_checkpoints.csv
3303330030330303330003300,0.0609669390330609,0.0001691890793154,48882000000,results/rs/SC5_MHBD_MWPM_5x/results/sweep_12_exp_0_checkpoints.csv
3303330030330303330003300,0.0609669390330609,0.0001691890793154,61540000000,results/rs/SC5_MHBD_MWPM_5x/results/sweep_12_exp_0_checkpoints.csv
3303330030330303330003300,0.0609669390330609,0.0001691890793154,77476000000,results/rs/SC5_MHBD_MWPM_5x/results/sweep_12_exp_0_checkpoints.csv
2232023022302232330200020,0.0823204176795823,0.0001943497481988,2000000,results/rs/SC5_MHBD_MWPM_5x/results/sweep_9_exp_0_checkpoints.csv
2202033032333320332230330,0.0741164258835741,0.0001852337445598,4000000,results/rs/SC5_MHBD_MWPM_5x/results/sweep_9_exp_0_checkpoints.csv
0202233303032220333300332,0.0728384271615728,0.0001837564777815,6000000,results/rs/SC5_MHBD_MWPM_5x/results/sweep_9_exp_0_checkpoints.csv
0202233303032220333300332,0.0728384271615728,0.0001837564777815,8000000,results/rs/SC5_MHBD_MWPM_5x/results/sweep_9_exp_0_checkpoints.csv
3220303003233320300200300,0.0703459296540703,0.0001808276574593,12000000,results/rs/SC5_MHBD_MWPM_5x/results/sweep_9_exp_0_checkpoints.csv
3220300230003330033020030,0.0689464310535689,0.0001791545801097,16000000,results/rs/SC5_MHBD_MWPM_5x/results/sweep_9_exp_0_checkpoints.csv
3220300230003330033020030,0.0689464310535689,0.0001791545801097,22000000,results/rs/SC5_MHBD_MWPM_5x/results/sweep_9_exp_0_checkpoints.csv
3220300230003330033020030,0.0689464310535689,0.0001791545801097,28000000,results/rs/SC5_MHBD_MWPM_5x/results/sweep_9_exp_0_checkpoints.csv
3220300230003330033020030,0.0689464310535689,0.0001791545801097,36000000,results/rs/SC5_MHBD_MWPM_5x/results/sweep_9_exp_0_checkpoints.csv
3220300230003330033020030,0.0689464310535689,0.0001791545801097,46000000,results/rs/SC5_MHBD_MWPM_5x/results/sweep_9_exp_0_checkpoints.csv
3220300230003330033020030,0.0689464310535689,0.0001791545801097,58000000,results/rs/SC5_MHBD_MWPM_5x/results/sweep_9_exp_0_checkpoints.csv
0002002033003333030300032,0.0664529335470664,0.0001761204766808,74000000,results/rs/SC5_MHBD_MWPM_5x/results/sweep_9_exp_0_checkpoints.csv
0002002033003333030300032,0.0664529335470664,0.0001761204766808,94000000,results/rs/SC5_MHBD_MWPM_5x/results/sweep_9_exp_0_checkpoints.csv
0300333002000323333033230,0.066057933942066,0.0001756334095261,120000000,results/rs/SC5_MHBD_MWPM_5x/results/sweep_9_exp_0_checkpoints.csv
0300333002000323333033230,0.066057933942066,0.0001756334095261,152000000,results/rs/SC5_MHBD_MWPM_5x/results/sweep_9_exp_0_checkpoints.csv
0300333002000323333033230,0.066057933942066,0.0001756334095261,192000000,results/rs/SC5_MHBD_MWPM_5x/results/sweep_9_exp_0_checkpoints.csv
0300333002000323333033230,0.066057933942066,0.0001756334095261,242000000,results/rs/SC5_MHBD_MWPM_5x/results/sweep_9_exp_0_checkpoints.csv
0300333002000323333033230,0.066057933942066,0.0001756334095261,306000000,results/rs/SC5_MHBD_MWPM_5x/results/sweep_9_exp_0_checkpoints.csv
0300333002000323333033230,0.066057933942066,0.0001756334095261,386000000,results/rs/SC5_MHBD_MWPM_5x/results/sweep_9_exp_0_checkpoints.csv
0300333002000323333033230,0.066057933942066,0.0001756334095261,486000000,results/rs/SC5_MHBD_MWPM_5x/results/sweep_9_exp_0_checkpoints.csv
0300333002000323333033230,0.066057933942066,0.0001756334095261,612000000,results/rs/SC5_MHBD_MWPM_5x/results/sweep_9_exp_0_checkpoints.csv
0300333002000323333033230,0.066057933942066,0.0001756334095261,772000000,results/rs/SC5_MHBD_MWPM_5x/results/sweep_9_exp_0_checkpoints.csv
3002330330032300333033020,0.0655054344945655,0.0001749491057125,972000000,results/rs/SC5_MHBD_MWPM_5x/results/sweep_9_exp_0_checkpoints.csv
3002330330032300333033020,0.0655054344945655,0.0001749491057125,1224000000,results/rs/SC5_MHBD_MWPM_5x/results/sweep_9_exp_0_checkpoints.csv
3002330330032300333033020,0.0655054344945655,0.0001749491057125,1542000000,results/rs/SC5_MHBD_MWPM_5x/results/sweep_9_exp_0_checkpoints.csv
3002330330032300333033020,0.0655054344945655,0.0001749491057125,1942000000,results/rs/SC5_MHBD_MWPM_5x/results/sweep_9_exp_0_checkpoints.csv
0330330203230302303333300,0.0652514347485652,0.0001746333146002,2446000000,results/rs/SC5_MHBD_MWPM_5x/results/sweep_9_exp_0_checkpoints.csv
3300330300300302332300333,0.0649684350315649,0.0001742805907269,3080000000,results/rs/SC5_MHBD_MWPM_5x/results/sweep_9_exp_0_checkpoints.csv
3300330300300302332300333,0.0649684350315649,0.0001742805907269,3878000000,results/rs/SC5_MHBD_MWPM_5x/results/sweep_9_exp_0_checkpoints.csv
3300330300300302332300333,0.0649684350315649,0.0001742805907269,4884000000,results/rs/SC5_MHBD_MWPM_5x/results/sweep_9_exp_0_checkpoints.csv
3300330300300302332300333,0.0649684350315649,0.0001742805907269,6150000000,results/rs/SC5_MHBD_MWPM_5x/results/sweep_9_exp_0_checkpoints.csv
3030030003333330300000032,0.0642679357320642,0.000173403401277,7744000000,results/rs/SC5_MHBD_MWPM_5x/results/sweep_9_exp_0_checkpoints.csv
3030030003333330300000032,0.0642679357320642,0.000173403401277,9750000000,results/rs/SC5_MHBD_MWPM_5x/results/sweep_9_exp_0_checkpoints.csv
3030030003333330300000032,0.0642679357320642,0.000173403401277,12276000000,results/rs/SC5_MHBD_MWPM_5x/results/sweep_9_exp_0_checkpoints.csv
3030030003333330300000032,0.0642679357320642,0.000173403401277,15456000000,results/rs/SC5_MHBD_MWPM_5x/results/sweep_9_exp_0_checkpoints.csv
0333330033033002000323330,0.0635094364905635,0.0001724469475448,19458000000,results/rs/SC5_MHBD_MWPM_5x/results/sweep_9_exp_0_checkpoints.csv
0030000330030030003330302,0.0633399366600633,0.0001722322485875,24498000000,results/rs/SC5_MHBD_MWPM_5x/results/sweep_9_exp_0_checkpoints.csv
0030000330030030003330302,0.0633399366600633,0.0001722322485875,30842000000,results/rs/SC5_MHBD_MWPM_5x/results/sweep_9_exp_0_checkpoints.csv
0030000330030030003330302,0.0633399366600633,0.0001722322485875,38828000000,results/rs/SC5_MHBD_MWPM_5x/results/sweep_9_exp_0_checkpoints.csv
2330300000330303200333030,0.0631169368830631,0.000171949272044,48882000000,results/rs/SC5_MHBD_MWPM_5x/results/sweep_9_exp_0_checkpoints.csv
0323003303033333030003032,0.0628994371005629,0.0001716726692393,61540000000,results/rs/SC5_MHBD_MWPM_5x/results/sweep_9_exp_0_checkpoints.csv
0323003303033333030003032,0.0628994371005629,0.0001716726692393,77476000000,results/rs/SC5_MHBD_MWPM_5x/results/sweep_9_exp_0_checkpoints.csv
2332223202232320303003203,0.0801684198315801,0.0001920173526741,2000000,results/rs/SC5_MHBD_MWPM_5x/results/sweep_14_exp_0_checkpoints.csv
2033200320323320323022300,0.0773704226295773,0.0001889234408736,4000000,results/rs/SC5_MHBD_MWPM_5x/results/sweep_14_exp_0_checkpoints.csv
2033200320323320323022300,0.0773704226295773,0.0001889234408736,6000000,results/rs/SC5_MHBD_MWPM_5x/results/sweep_14_exp_0_checkpoints.csv
2033200320323320323022300,0.0773704226295773,0.0001889234408736,8000000,results/rs/SC5_MHBD_MWPM_5x/results/sweep_14_exp_0_checkpoints.csv
0020232223020303332300020,0.0749024250975749,0.0001861342898337,12000000,results/rs/SC5_MHBD_MWPM_5x/results/sweep_14_exp_0_checkpoints.csv
0200323023023230000033033,0.0731549268450731,0.0001841238554334,16000000,results/rs/SC5_MHBD_MWPM_5x/results/sweep_14_exp_0_checkpoints.csv
3332300330200233300030302,0.0688454311545688,0.0001790330134099,22000000,results/rs/SC5_MHBD_MWPM_5x/results/sweep_14_exp_0_checkpoints.csv
3332300330200233300030302,0.0688454311545688,0.0001790330134099,28000000,results/rs/SC5_MHBD_MWPM_5x/results/sweep_14_exp_0_checkpoints.csv
3332300330200233300030302,0.0688454311545688,0.0001790330134099,36000000,results/rs/SC5_MHBD_MWPM_5x/results/sweep_14_exp_0_checkpoints.csv
3332300330200233300030302,0.0688454311545688,0.0001790330134099,46000000,results/rs/SC5_MHBD_MWPM_5x/results/sweep_14_exp_0_checkpoints.csv
3332300330200233300030302,0.0688454311545688,0.0001790330134099,58000000,results/rs/SC5_MHBD_MWPM_5x/results/sweep_14_exp_0_checkpoints.csv
3332300330200233300030302,0.0688454311545688,0.0001790330134099,74000000,results/rs/SC5_MHBD_MWPM_5x/results/sweep_14_exp_0_checkpoints.csv
3332300330200233300030302,0.0688454311545688,0.0001790330134099,94000000,results/rs/SC5_MHBD_MWPM_5x/results/sweep_14_exp_0_checkpoints.csv
3332300330200233300030302,0.0688454311545688,0.0001790330134099,120000000,results/rs/SC5_MHBD_MWPM_5x/results/sweep_14_exp_0_checkpoints.csv
3332300330200233300030302,0.0688454311545688,0.0001790330134099,152000000,results/rs/SC5_MHBD_MWPM_5x/results/sweep_14_exp_0_checkpoints.csv
2230000330030020303000303,0.067068432931567,0.0001768758957041,192000000,results/rs/SC5_MHBD_MWPM_5x/results/sweep_14_exp_0_checkpoints.csv
2203330002000303003233332,0.067066932933067,0.0001768740621628,242000000,results/rs/SC5_MHBD_MWPM_5x/results/sweep_14_exp_0_checkpoints.csv
0230200302330333303332330,0.0667704332295667,0.0001765106862876,306000000,results/rs/SC5_MHBD_MWPM_5x/results/sweep_14_exp_0_checkpoints.csv
3302030030202333300300030,0.0664384335615664,0.0001761026360327,386000000,results/rs/SC5_MHBD_MWPM_5x/results/sweep_14_exp_0_checkpoints.csv
3302030030202333300300030,0.0664384335615664,0.0001761026360327,486000000,results/rs/SC5_MHBD_MWPM_5x/results/sweep_14_exp_0_checkpoints.csv
3302030030202333300300030,0.0664384335615664,0.0001761026360327,612000000,results/rs/SC5_MHBD_MWPM_5x/results/sweep_14_exp_0_checkpoints.csv
3302030030202333300300030,0.0664384335615664,0.0001761026360327,772000000,results/rs/SC5_MHBD_MWPM_5x/results/sweep_14_exp_0_checkpoints.csv
3302030030202333300300030,0.0664384335615664,0.0001761026360327,972000000,results/rs/SC5_MHBD_MWPM_5x/results/sweep_14_exp_0_checkpoints.csv
3333303003300233030300032,0.0656524343475656,0.0001751315139699,1224000000,results/rs/SC5_MHBD_MWPM_5x/results/sweep_14_exp_0_checkpoints.csv
3333303003300233030300032,0.0656524343475656,0.0001751315139699,1542000000,results/rs/SC5_MHBD_MWPM_5x/results/sweep_14_exp_0_checkpoints.csv
3003333333000320033330002,0.0644209355790644,0.000173595486558,1942000000,results/rs/SC5_MHBD_MWPM_5x/results/sweep_14_exp_0_checkpoints.csv
3003333333000320033330002,0.0644209355790644,0.000173595486558,2446000000,results/rs/SC5_MHBD_MWPM_5x/results/sweep_14_exp_0_checkpoints.csv
3003333333000320033330002,0.0644209355790644,0.000173595486558,3080000000,results/rs/SC5_MHBD_MWPM_5x/results/sweep_14_exp_0_checkpoints.csv
3003333333000320033330002,0.0644209355790644,0.000173595486558,3878000000,results/rs/SC5_MHBD_MWPM_5x/results/sweep_14_exp_0_checkpoints.csv
3003333333000320033330002,0.0644209355790644,0.000173595486558,4884000000,results/rs/SC5_MHBD_MWPM_5x/results/sweep_14_exp_0_checkpoints.csv
3003333333000320033330002,0.0644209355790644,0.000173595486558,6150000000,results/rs/SC5_MHBD_MWPM_5x/results/sweep_14_exp_0_checkpoints.csv
0303033330000303303302330,0.0618524381475618,0.0001703329471638,7744000000,results/rs/SC5_MHBD_MWPM_5x/results/sweep_14_exp_0_checkpoints.csv
0303033330000303303302330,0.0618524381475618,0.0001703329471638,9750000000,results/rs/SC5_MHBD_MWPM_5x/results/sweep_14_exp_0_checkpoints.csv
0303033330000303303302330,0.0618524381475618,0.0001703329471638,12276000000,results/rs/SC5_MHBD_MWPM_5x/results/sweep_14_exp_0_checkpoints.csv
0303033330000303303302330,0.0618524381475618,0.0001703329471638,15456000000,results/rs/SC5_MHBD_MWPM_5x/results/sweep_14_exp_0_checkpoints.csv
0303033330000303303302330,0.0618524381475618,0.0001703329471638,19458000000,results/rs/SC5_MHBD_MWPM_5x/results/sweep_14_exp_0_checkpoints.csv
0303033330000303303302330,0.0618524381475618,0.0001703329471638,24498000000,results/rs/SC5_MHBD_MWPM_5x/results/sweep_14_exp_0_checkpoints.csv
0300330330230303333000000,0.0616769383230616,0.0001701070286799,30842000000,results/rs/SC5_MHBD_MWPM_5x/results/sweep_14_exp_0_checkpoints.csv
0300330330230303333000000,0.0616769383230616,0.0001701070286799,38828000000,results/rs/SC5_MHBD_MWPM_5x/results/sweep_14_exp_0_checkpoints.csv
0300330330230303333000000,0.0616769383230616,0.0001701070286799,48882000000,results/rs/SC5_MHBD_MWPM_5x/results/sweep_14_exp_0_checkpoints.csv
0300330330230303333000000,0.0616769383230616,0.0001701070286799,61540000000,results/rs/SC5_MHBD_MWPM_5x/results/sweep_14_exp_0_checkpoints.csv
0300330330230303333000000,0.0616769383230616,0.0001701070286799,77476000000,results/rs/SC5_MHBD_MWPM_5x/results/sweep_14_exp_0_checkpoints.csv
0333023333203330030203323,0.0687769312230687,0.0001789505040505,2000000,results/rs/SC5_MHBD_MWPM_5x/results/sweep_23_exp_0_checkpoints.csv
0333023333203330030203323,0.0687769312230687,0.0001789505040505,4000000,results/rs/SC5_MHBD_MWPM_5x/results/sweep_23_exp_0_checkpoints.csv
0333023333203330030203323,0.0687769312230687,0.0001789505040505,6000000,results/rs/SC5_MHBD_MWPM_5x/results/sweep_23_exp_0_checkpoints.csv
0333023333203330030203323,0.0687769312230687,0.0001789505040505,8000000,results/rs/SC5_MHBD_MWPM_5x/results/sweep_23_exp_0_checkpoints.csv
0333023333203330030203323,0.0687769312230687,0.0001789505040505,12000000,results/rs/SC5_MHBD_MWPM_5x/results/sweep_23_exp_0_checkpoints.csv
0333023333203330030203323,0.0687769312230687,0.0001789505040505,16000000,results/rs/SC5_MHBD_MWPM_5x/results/sweep_23_exp_0_checkpoints.csv
0333023333203330030203323,0.0687769312230687,0.0001789505040505,22000000,results/rs/SC5_MHBD_MWPM_5x/results/sweep_23_exp_0_checkpoints.csv
0323330332030323033020032,0.067009932990067,0.0001768042857293,28000000,results/rs/SC5_MHBD_MWPM_5x/results/sweep_23_exp_0_checkpoints.csv
0323330332030323033020032,0.067009932990067,0.0001768042857293,36000000,results/rs/SC5_MHBD_MWPM_5x/results/sweep_23_exp_0_checkpoints.csv
0323330332030323033020032,0.067009932990067,0.0001768042857293,46000000,results/rs/SC5_MHBD_MWPM_5x/results/sweep_23_exp_0_checkpoints.csv
0323330332030323033020032,0.067009932990067,0.0001768042857293,58000000,results/rs/SC5_MHBD_MWPM_5x/results/sweep_23_exp_0_checkpoints.csv
0323330332030323033020032,0.067009932990067,0.0001768042857293,74000000,results/rs/SC5_MHBD_MWPM_5x/results/sweep_23_exp_0_checkpoints.csv
0323330332030323033020032,0.067009932990067,0.0001768042857293,94000000,results/rs/SC5_MHBD_MWPM_5x/results/sweep_23_exp_0_checkpoints.csv
0323330332030323033020032,0.067009932990067,0.0001768042857293,120000000,results/rs/SC5_MHBD_MWPM_5x/results/sweep_23_exp_0_checkpoints.csv
0203203000030330333300330,0.0634509365490634,0.0001723728928482,152000000,results/rs/SC5_MHBD_MWPM_5x/results/sweep_23_exp_0_checkpoints.csv
0203203000030330333300330,0.0634509365490634,0.0001723728928482,192000000,results/rs/SC5_MHBD_MWPM_5x/results/sweep_23_exp_0_checkpoints.csv
0203203000030330333300330,0.0634509365490634,0.0001723728928482,242000000,results/rs/SC5_MHBD_MWPM_5x/results/sweep_23_exp_0_checkpoints.csv
0203203000030330333300330,0.0634509365490634,0.0001723728928482,306000000,results/rs/SC5_MHBD_MWPM_5x/results/sweep_23_exp_0_checkpoints.csv
0203203000030330333300330,0.0634509365490634,0.0001723728928482,386000000,results/rs/SC5_MHBD_MWPM_5x/results/sweep_23_exp_0_checkpoints.csv
0203203000030330333300330,0.0634509365490634,0.0001723728928482,486000000,results/rs/SC5_MHBD_MWPM_5x/results/sweep_23_exp_0_checkpoints.csv
0203203000030330333300330,0.0634509365490634,0.0001723728928482,612000000,results/rs/SC5_MHBD_MWPM_5x/results/sweep_23_exp_0_checkpoints.csv
0203203000030330333300330,0.0634509365490634,0.0001723728928482,772000000,results/rs/SC5_MHBD_MWPM_5x/results/sweep_23_exp_0_checkpoints.csv
0203203000030330333300330,0.0634509365490634,0.0001723728928482,972000000,results/rs/SC5_MHBD_MWPM_5x/results/sweep_23_exp_0_checkpoints.csv
0203203000030330333300330,0.0634509365490634,0.0001723728928482,1224000000,results/rs/SC5_MHBD_MWPM_5x/results/sweep_23_exp_0_checkpoints.csv
0203203000030330333300330,0.0634509365490634,0.0001723728928482,1542000000,results/rs/SC5_MHBD_MWPM_5x/results/sweep_23_exp_0_checkpoints.csv
0203203000030330333300330,0.0634509365490634,0.0001723728928482,1942000000,results/rs/SC5_MHBD_MWPM_5x/results/sweep_23_exp_0_checkpoints.csv
0203203000030330333300330,0.0634509365490634,0.0001723728928482,2446000000,results/rs/SC5_MHBD_MWPM_5x/results/sweep_23_exp_0_checkpoints.csv
0203203000030330333300330,0.0634509365490634,0.0001723728928482,3080000000,results/rs/SC5_MHBD_MWPM_5x/results/sweep_23_exp_0_checkpoints.csv
0203203000030330333300330,0.0634509365490634,0.0001723728928482,3878000000,results/rs/SC5_MHBD_MWPM_5x/results/sweep_23_exp_0_checkpoints.csv
0203203000030330333300330,0.0634509365490634,0.0001723728928482,4884000000,results/rs/SC5_MHBD_MWPM_5x/results/sweep_23_exp_0_checkpoints.csv
0203203000030330333300330,0.0634509365490634,0.0001723728928482,6150000000,results/rs/SC5_MHBD_MWPM_5x/results/sweep_23_exp_0_checkpoints.csv
0203203000030330333300330,0.0634509365490634,0.0001723728928482,7744000000,results/rs/SC5_MHBD_MWPM_5x/results/sweep_23_exp_0_checkpoints.csv
0203203000030330333300330,0.0634509365490634,0.0001723728928482,9750000000,results/rs/SC5_MHBD_MWPM_5x/results/sweep_23_exp_0_checkpoints.csv
0203203000030330333300330,0.0634509365490634,0.0001723728928482,12276000000,results/rs/SC5_MHBD_MWPM_5x/results/sweep_23_exp_0_checkpoints.csv
3302033033000333330000033,0.0626704373295626,0.0001713808160275,15456000000,results/rs/SC5_MHBD_MWPM_5x/results/sweep_23_exp_0_checkpoints.csv
3302033033000333330000033,0.0626704373295626,0.0001713808160275,19458000000,results/rs/SC5_MHBD_MWPM_5x/results/sweep_23_exp_0_checkpoints.csv
3302033033000333330000033,0.0626704373295626,0.0001713808160275,24498000000,results/rs/SC5_MHBD_MWPM_5x/results/sweep_23_exp_0_checkpoints.csv
3302033033000333330000033,0.0626704373295626,0.0001713808160275,30842000000,results/rs/SC5_MHBD_MWPM_5x/results/sweep_23_exp_0_checkpoints.csv
3302033033000333330000033,0.0626704373295626,0.0001713808160275,38828000000,results/rs/SC5_MHBD_MWPM_5x/results/sweep_23_exp_0_checkpoints.csv
3302033033000333330000033,0.0626704373295626,0.0001713808160275,48882000000,results/rs/SC5_MHBD_MWPM_5x/results/sweep_23_exp_0_checkpoints.csv
3302033033000333330000033,0.0626704373295626,0.0001713808160275,61540000000,results/rs/SC5_MHBD_MWPM_5x/results/sweep_23_exp_0_checkpoints.csv
3302033033000333330000033,0.0626704373295626,0.0001713808160275,77476000000,results/rs/SC5_MHBD_MWPM_5x/results/sweep_23_exp_0_checkpoints.csv
0300233033220033023232033,0.0715624284375715,0.0001822651101974,2000000,results/rs/SC5_MHBD_MWPM_5x/results/sweep_3_exp_0_checkpoints.csv
0300233033220033023232033,0.0715624284375715,0.0001822651101974,4000000,results/rs/SC5_MHBD_MWPM_5x/results/sweep_3_exp_0_checkpoints.csv
0300233033220033023232033,0.0715624284375715,0.0001822651101974,6000000,results/rs/SC5_MHBD_MWPM_5x/results/sweep_3_exp_0_checkpoints.csv
0300233033220033023232033,0.0715624284375715,0.0001822651101974,8000000,results/rs/SC5_MHBD_MWPM_5x/results/sweep_3_exp_0_checkpoints.csv
0300233033220033023232033,0.0715624284375715,0.0001822651101974,12000000,results/rs/SC5_MHBD_MWPM_5x/results/sweep_3_exp_0_checkpoints.csv
0300233033220033023232033,0.0715624284375715,0.0001822651101974,16000000,results/rs/SC5_MHBD_MWPM_5x/results/sweep_3_exp_0_checkpoints.csv
0300233033220033023232033,0.0715624284375715,0.0001822651101974,22000000,results/rs/SC5_MHBD_MWPM_5x/results/sweep_3_exp_0_checkpoints.csv
0300233033220033023232033,0.0715624284375715,0.0001822651101974,28000000,results/rs/SC5_MHBD_MWPM_5x/results/sweep_3_exp_0_checkpoints.csv
0300233033220033023232033,0.0715624284375715,0.0001822651101974,36000000,results/rs/SC5_MHBD_MWPM_5x/results/sweep_3_exp_0_checkpoints.csv
3200220300033033300220333,0.0671329328670671,0.0001769548107404,46000000,results/rs/SC5_MHBD_MWPM_5x/results/sweep_3_exp_0_checkpoints.csv
3200220300033033300220333,0.0671329328670671,0.0001769548107404,58000000,results/rs/SC5_MHBD_MWPM_5x/results/sweep_3_exp_0_checkpoints.csv
3200220300033033300220333,0.0671329328670671,0.0001769548107404,74000000,results/rs/SC5_MHBD_MWPM_5x/results/sweep_3_exp_0_checkpoints.csv
3200220300033033300220333,0.0671329328670671,0.0001769548107404,94000000,results/rs/SC5_MHBD_MWPM_5x/results/sweep_3_exp_0_checkpoints.csv
3200220300033033300220333,0.0671329328670671,0.0001769548107404,120000000,results/rs/SC5_MHBD_MWPM_5x/results/sweep_3_exp_0_checkpoints.csv
3200220300033033300220333,0.0671329328670671,0.0001769548107404,152000000,results/rs/SC5_MHBD_MWPM_5x/results/sweep_3_exp_0_checkpoints.csv
3200220300033033300220333,0.0671329328670671,0.0001769548107404,192000000,results/rs/SC5_MHBD_MWPM_5x/results/sweep_3_exp_0_checkpoints.csv
3200220300033033300220333,0.0671329328670671,0.0001769548107404,242000000,results/rs/SC5_MHBD_MWPM_5x/results/sweep_3_exp_0_checkpoints.csv
3200220300033033300220333,0.0671329328670671,0.0001769548107404,306000000,results/rs/SC5_MHBD_MWPM_5x/results/sweep_3_exp_0_checkpoints.csv
3000333203033303000303330,0.0638559361440638,0.0001728847419144,386000000,results/rs/SC5_MHBD_MWPM_5x/results/sweep_3_exp_0_checkpoints.csv
3000333203033303000303330,0.0638559361440638,0.0001728847419144,486000000,results/rs/SC5_MHBD_MWPM_5x/results/sweep_3_exp_0_checkpoints.csv
3000333203033303000303330,0.0638559361440638,0.0001728847419144,612000000,results/rs/SC5_MHBD_MWPM_5x/results/sweep_3_exp_0_checkpoints.csv
3000333203033303000303330,0.0638559361440638,0.0001728847419144,772000000,results/rs/SC5_MHBD_MWPM_5x/results/sweep_3_exp_0_checkpoints.csv
3000333203033303000303330,0.0638559361440638,0.0001728847419144,972000000,results/rs/SC5_MHBD_MWPM_5x/results/sweep_3_exp_0_checkpoints.csv
0303003333300303030020323,0.0634959365040635,0.0001724298635963,1224000000,results/rs/SC5_MHBD_MWPM_5x/results/sweep_3_exp_0_checkpoints.csv
0303003333300303030020323,0.0634959365040635,0.0001724298635963,1542000000,results/rs/SC5_MHBD_MWPM_5x/results/sweep_3_exp_0_checkpoints.csv
0303003333300303030020323,0.0634959365040635,0.0001724298635963,1942000000,results/rs/SC5_MHBD_MWPM_5x/results/sweep_3_exp_0_checkpoints.csv
0303003333300303030020323,0.0634959365040635,0.0001724298635963,2446000000,results/rs/SC5_MHBD_MWPM_5x/results/sweep_3_exp_0_checkpoints.csv
0303003333300303030020323,0.0634959365040635,0.0001724298635963,3080000000,results/rs/SC5_MHBD_MWPM_5x/results/sweep_3_exp_0_checkpoints.csv
0303003333300303030020323,0.0634959365040635,0.0001724298635963,3878000000,results/rs/SC5_MHBD_MWPM_5x/results/sweep_3_exp_0_checkpoints.csv
0303003333300303030020323,0.0634959365040635,0.0001724298635963,4884000000,results/rs/SC5_MHBD_MWPM_5x/results/sweep_3_exp_0_checkpoints.csv
0303003333300303030020323,0.0634959365040635,0.0001724298635963,6150000000,results/rs/SC5_MHBD_MWPM_5x/results/sweep_3_exp_0_checkpoints.csv
0303003333300303030020323,0.0634959365040635,0.0001724298635963,7744000000,results/rs/SC5_MHBD_MWPM_5x/results/sweep_3_exp_0_checkpoints.csv
0033000303303003000330300,0.063003436996563,0.0001718050043564,9750000000,results/rs/SC5_MHBD_MWPM_5x/results/sweep_3_exp_0_checkpoints.csv
0033000303303003000330300,0.063003436996563,0.0001718050043564,12276000000,results/rs/SC5_MHBD_MWPM_5x/results/sweep_3_exp_0_checkpoints.csv
0033000303303003000330300,0.063003436996563,0.0001718050043564,15456000000,results/rs/SC5_MHBD_MWPM_5x/results/sweep_3_exp_0_checkpoints.csv
0033000303303003000330300,0.063003436996563,0.0001718050043564,19458000000,results/rs/SC5_MHBD_MWPM_5x/results/sweep_3_exp_0_checkpoints.csv
0300200330330003033303002,0.0625499374500625,0.0001712269731797,24498000000,results/rs/SC5_MHBD_MWPM_5x/results/sweep_3_exp_0_checkpoints.csv
0300200330330003033303002,0.0625499374500625,0.0001712269731797,30842000000,results/rs/SC5_MHBD_MWPM_5x/results/sweep_3_exp_0_checkpoints.csv
0300200330330003033303002,0.0625499374500625,0.0001712269731797,38828000000,results/rs/SC5_MHBD_MWPM_5x/results/sweep_3_exp_0_checkpoints.csv
0300200330330003033303002,0.0625499374500625,0.0001712269731797,48882000000,results/rs/SC5_MHBD_MWPM_5x/results/sweep_3_exp_0_checkpoints.csv
0303000300033303030003230,0.06002293997706,0.0001679584820521,61540000000,results/rs/SC5_MHBD_MWPM_5x/results/sweep_3_exp_0_checkpoints.csv
0303000300033303030003230,0.06002293997706,0.0001679584820521,77476000000,results/rs/SC5_MHBD_MWPM_5x/results/sweep_3_exp_0_checkpoints.csv
0223233022000302300300003,0.0721344278655721,0.0001829357206588,2000000,results/rs/SC5_MHBD_MWPM_5x/results/sweep_18_exp_0_checkpoints.csv
0223233022000302300300003,0.0721344278655721,0.0001829357206588,4000000,results/rs/SC5_MHBD_MWPM_5x/results/sweep_18_exp_0_checkpoints.csv
0232033020032032330330000,0.0711234288765711,0.0001817481534089,6000000,results/rs/SC5_MHBD_MWPM_5x/results/sweep_18_exp_0_checkpoints.csv
0232033020032032330330000,0.0711234288765711,0.0001817481534089,8000000,results/rs/SC5_MHBD_MWPM_5x/results/sweep_18_exp_0_checkpoints.csv
0232033020032032330330000,0.0711234288765711,0.0001817481534089,12000000,results/rs/SC5_MHBD_MWPM_5x/results/sweep_18_exp_0_checkpoints.csv
0232033020032032330330000,0.0711234288765711,0.0001817481534089,16000000,results/rs/SC5_MHBD_MWPM_5x/results/sweep_18_exp_0_checkpoints.csv
0232033020032032330330000,0.0711234288765711,0.0001817481534089,22000000,results/rs/SC5_MHBD_MWPM_5x/results/sweep_18_exp_0_checkpoints.csv
0232033020032032330330000,0.0711234288765711,0.0001817481534089,28000000,results/rs/SC5_MHBD_MWPM_5x/results/sweep_18_exp_0_checkpoints.csv
2303230230003332303303030,0.0677269322730677,0.0001776793505996,36000000,results/rs/SC5_MHBD_MWPM_5x/results/sweep_18_exp_0_checkpoints.csv
2303230230003332303303030,0.0677269322730677,0.0001776793505996,46000000,results/rs/SC5_MHBD_MWPM_5x/results/sweep_18_exp_0_checkpoints.csv
2303230230003332303303030,0.0677269322730677,0.0001776793505996,58000000,results/rs/SC5_MHBD_MWPM_5x/results/sweep_18_exp_0_checkpoints.csv
2303230230003332303303030,0.0677269322730677,0.0001776793505996,74000000,results/rs/SC5_MHBD_MWPM_5x/results/sweep_18_exp_0_checkpoints.csv
2303230230003332303303030,0.0677269322730677,0.0001776793505996,94000000,results/rs/SC5_MHBD_MWPM_5x/results/sweep_18_exp_0_checkpoints.csv
2303230230003332303303030,0.0677269322730677,0.0001776793505996,120000000,results/rs/SC5_MHBD_MWPM_5x/results/sweep_18_exp_0_checkpoints.csv
3303033332302303300303003,0.0672979327020673,0.0001771564711816,152000000,results/rs/SC5_MHBD_MWPM_5x/results/sweep_18_exp_0_checkpoints.csv
3303033332302303300303003,0.0672979327020673,0.0001771564711816,192000000,results/rs/SC5_MHBD_MWPM_5x/results/sweep_18_exp_0_checkpoints.csv
3303033332302303300303003,0.0672979327020673,0.0001771564711816,242000000,results/rs/SC5_MHBD_MWPM_5x/results/sweep_18_exp_0_checkpoints.csv
2330330203033030033000033,0.0647344352655647,0.0001739882136462,306000000,results/rs/SC5_MHBD_MWPM_5x/results/sweep_18_exp_0_checkpoints.csv
2330330203033030033000033,0.0647344352655647,0.0001739882136462,386000000,results/rs/SC5_MHBD_MWPM_5x/results/sweep_18_exp_0_checkpoints.csv
2330330203033030033000033,0.0647344352655647,0.0001739882136462,486000000,results/rs/SC5_MHBD_MWPM_5x/results/sweep_18_exp_0_checkpoints.csv
2330330203033030033000033,0.0647344352655647,0.0001739882136462,612000000,results/rs/SC5_MHBD_MWPM_5x/results/sweep_18_exp_0_checkpoints.csv
0022033330330030330302030,0.0647039352960647,0.0001739500585244,772000000,results/rs/SC5_MHBD_MWPM_5x/results/sweep_18_exp_0_checkpoints.csv
0022033330330030330302030,0.0647039352960647,0.0001739500585244,972000000,results/rs/SC5_MHBD_MWPM_5x/results/sweep_18_exp_0_checkpoints.csv
0330333300230023030302333,0.0641494358505641,0.0001732544333208,1224000000,results/rs/SC5_MHBD_MWPM_5x/results/sweep_18_exp_0_checkpoints.csv
0330333300230023030302333,0.0641494358505641,0.0001732544333208,1542000000,results/rs/SC5_MHBD_MWPM_5x/results/sweep_18_exp_0_checkpoints.csv
0330333300230023030302333,0.0641494358505641,0.0001732544333208,1942000000,results/rs/SC5_MHBD_MWPM_5x/results/sweep_18_exp_0_checkpoints.csv
0330333300230023030302333,0.0641494358505641,0.0001732544333208,2446000000,results/rs/SC5_MHBD_MWPM_5x/results/sweep_18_exp_0_checkpoints.csv
2033330303033330033000033,0.0625319374680625,0.0001712039811536,3080000000,results/rs/SC5_MHBD_MWPM_5x/results/sweep_18_exp_0_checkpoints.csv
2033330303033330033000033,0.0625319374680625,0.0001712039811536,3878000000,results/rs/SC5_MHBD_MWPM_5x/results/sweep_18_exp_0_checkpoints.csv
2033330303033330033000033,0.0625319374680625,0.0001712039811536,4884000000,results/rs/SC5_MHBD_MWPM_5x/results/sweep_18_exp_0_checkpoints.csv
2033330303033330033000033,0.0625319374680625,0.0001712039811536,6150000000,results/rs/SC5_MHBD_MWPM_5x/results/sweep_18_exp_0_checkpoints.csv
2033330303033330033000033,0.0625319374680625,0.0001712039811536,7744000000,results/rs/SC5_MHBD_MWPM_5x/results/sweep_18_exp_0_checkpoints.csv
2033330303033330033000033,0.0625319374680625,0.0001712039811536,9750000000,results/rs/SC5_MHBD_MWPM_5x/results/sweep_18_exp_0_checkpoints.csv
2033330303033330033000033,0.0625319374680625,0.0001712039811536,12276000000,results/rs/SC5_MHBD_MWPM_5x/results/sweep_18_exp_0_checkpoints.csv
2033330303033330033000033,0.0625319374680625,0.0001712039811536,15456000000,results/rs/SC5_MHBD_MWPM_5x/results/sweep_18_exp_0_checkpoints.csv
2033330303033330033000033,0.0625319374680625,0.0001712039811536,19458000000,results/rs/SC5_MHBD_MWPM_5x/results/sweep_18_exp_0_checkpoints.csv
2033330303033330033000033,0.0625319374680625,0.0001712039811536,24498000000,results/rs/SC5_MHBD_MWPM_5x/results/sweep_18_exp_0_checkpoints.csv
2033330303033330033000033,0.0625319374680625,0.0001712039811536,30842000000,results/rs/SC5_MHBD_MWPM_5x/results/sweep_18_exp_0_checkpoints.csv
0333330303020333000333303,0.0625084374915625,0.0001711739605525,38828000000,results/rs/SC5_MHBD_MWPM_5x/results/sweep_18_exp_0_checkpoints.csv
0333330303020333000333303,0.0625084374915625,0.0001711739605525,48882000000,results/rs/SC5_MHBD_MWPM_5x/results/sweep_18_exp_0_checkpoints.csv
0333330303020333000333303,0.0625084374915625,0.0001711739605525,61540000000,results/rs/SC5_MHBD_MWPM_5x/results/sweep_18_exp_0_checkpoints.csv
0333330303020333000333303,0.0625084374915625,0.0001711739605525,77476000000,results/rs/SC5_MHBD_MWPM_5x/results/sweep_18_exp_0_checkpoints.csv
2220332322030230203202320,0.0796284203715796,0.0001914257300086,2000000,results/rs/SC5_MHBD_MWPM_5x/results/sweep_5_exp_0_checkpoints.csv
0303233300322022222330003,0.0794854205145794,0.0001912686275318,4000000,results/rs/SC5_MHBD_MWPM_5x/results/sweep_5_exp_0_checkpoints.csv
0330302330223302223302300,0.076054423945576,0.0001874433801276,6000000,results/rs/SC5_MHBD_MWPM_5x/results/sweep_5_exp_0_checkpoints.csv
0330302330223302223302300,0.076054423945576,0.0001874433801276,8000000,results/rs/SC5_MHBD_MWPM_5x/results/sweep_5_exp_0_checkpoints.csv
0003330300232223200000230,0.0728404271595728,0.000183758806088,12000000,results/rs/SC5_MHBD_MWPM_5x/results/sweep_5_exp_0_checkpoints.csv
2330003220303003023333330,0.0708009291990708,0.0001813671115087,16000000,results/rs/SC5_MHBD_MWPM_5x/results/sweep_5_exp_0_checkpoints.csv
2330003220303003023333330,0.0708009291990708,0.0001813671115087,22000000,results/rs/SC5_MHBD_MWPM_5x/results/sweep_5_exp_0_checkpoints.csv
2330003220303003023333330,0.0708009291990708,0.0001813671115087,28000000,results/rs/SC5_MHBD_MWPM_5x/results/sweep_5_exp_0_checkpoints.csv
0003023303233330030003323,0.0664719335280664,0.0001761438616085,36000000,results/rs/SC5_MHBD_MWPM_5x/results/sweep_5_exp_0_checkpoints.csv
0003023303233330030003323,0.0664719335280664,0.0001761438616085,46000000,results/rs/SC5_MHBD_MWPM_5x/results/sweep_5_exp_0_checkpoints.csv
0003023303233330030003323,0.0664719335280664,0.0001761438616085,58000000,results/rs/SC5_MHBD_MWPM_5x/results/sweep_5_exp_0_checkpoints.csv
0003023303233330030003323,0.0664719335280664,0.0001761438616085,74000000,results/rs/SC5_MHBD_MWPM_5x/results/sweep_5_exp_0_checkpoints.csv
0003023303233330030003323,0.0664719335280664,0.0001761438616085,94000000,results/rs/SC5_MHBD_MWPM_5x/results/sweep_5_exp_0_checkpoints.csv
0003023303233330030003323,0.0664719335280664,0.0001761438616085,120000000,results/rs/SC5_MHBD_MWPM_5x/results/sweep_5_exp_0_checkpoints.csv
0200320300030330302233000,0.0658799341200658,0.0001754133263602,152000000,results/rs/SC5_MHBD_MWPM_5x/results/sweep_5_exp_0_checkpoints.csv
0200320300030330302233000,0.0658799341200658,0.0001754133263602,192000000,results/rs/SC5_MHBD_MWPM_5x/results/sweep_5_exp_0_checkpoints.csv
0200320300030330302233000,0.0658799341200658,0.0001754133263602,242000000,results/rs/SC5_MHBD_MWPM_5x/results/sweep_5_exp_0_checkpoints.csv
0200320300030330302233000,0.0658799341200658,0.0001754133263602,306000000,results/rs/SC5_MHBD_MWPM_5x/results/sweep_5_exp_0_checkpoints.csv
0200320300030330302233000,0.0658799341200658,0.0001754133263602,386000000,results/rs/SC5_MHBD_MWPM_5x/results/sweep_5_exp_0_checkpoints.csv
0200320300030330302233000,0.0658799341200658,0.0001754133263602,486000000,results/rs/SC5_MHBD_MWPM_5x/results/sweep_5_exp_0_checkpoints.csv
0200320300030330302233000,0.0658799341200658,0.0001754133263602,612000000,results/rs/SC5_MHBD_MWPM_5x/results/sweep_5_exp_0_checkpoints.csv
0200320300030330302233000,0.0658799341200658,0.0001754133263602,772000000,results/rs/SC5_MHBD_MWPM_5x/results/sweep_5_exp_0_checkpoints.csv
3303000033002323030303333,0.0641384358615641,0.0001732405944494,972000000,results/rs/SC5_MHBD_MWPM_5x/results/sweep_5_exp_0_checkpoints.csv
3303000033002323030303333,0.0641384358615641,0.0001732405944494,1224000000,results/rs/SC5_MHBD_MWPM_5x/results/sweep_5_exp_0_checkpoints.csv
3303000033002323030303333,0.0641384358615641,0.0001732405944494,1542000000,results/rs/SC5_MHBD_MWPM_5x/results/sweep_5_exp_0_checkpoints.csv
3303000033002323030303333,0.0641384358615641,0.0001732405944494,1942000000,results/rs/SC5_MHBD_MWPM_5x/results/sweep_5_exp_0_checkpoints.csv
3303000033002323030303333,0.0641384358615641,0.0001732405944494,2446000000,results/rs/SC5_MHBD_MWPM_5x/results/sweep_5_exp_0_checkpoints.csv
3303000033002323030303333,0.0641384358615641,0.0001732405944494,3080000000,results/rs/SC5_MHBD_MWPM_5x/results/sweep_5_exp_0_checkpoints.csv
0330332333000003000333330,0.0625574374425625,0.0001712365628918,3878000000,results/rs/SC5_MHBD_MWPM_5x/results/sweep_5_exp_0_checkpoints.csv
0330332333000003000333330,0.0625574374425625,0.0001712365628918,4884000000,results/rs/SC5_MHBD_MWPM_5x/results/sweep_5_exp_0_checkpoints.csv
0330332333000003000333330,0.0625574374425625,0.0001712365628918,6150000000,results/rs/SC5_MHBD_MWPM_5x/results/sweep_5_exp_0_checkpoints.csv
0333300300000320030203330,0.0624569375430624,0.000171108127688,7744000000,results/rs/SC5_MHBD_MWPM_5x/results/sweep_5_exp_0_checkpoints.csv
0333300300000320030203330,0.0624569375430624,0.000171108127688,9750000000,results/rs/SC5_MHBD_MWPM_5x/results/sweep_5_exp_0_checkpoints.csv
0003030303233003000030330,0.0621099378900621,0.0001706637121969,12276000000,results/rs/SC5_MHBD_MWPM_5x/results/sweep_5_exp_0_checkpoints.csv
0003030303233003000030330,0.0621099378900621,0.0001706637121969,15456000000,results/rs/SC5_MHBD_MWPM_5x/results/sweep_5_exp_0_checkpoints.csv
0003030303233003000030330,0.0621099378900621,0.0001706637121969,19458000000,results/rs/SC5_MHBD_MWPM_5x/results/sweep_5_exp_0_checkpoints.csv
0003030303233003000030330,0.0621099378900621,0.0001706637121969,24498000000,results/rs/SC5_MHBD_MWPM_5x/results/sweep_5_exp_0_checkpoints.csv
0003030303233003000030330,0.0621099378900621,0.0001706637121969,30842000000,results/rs/SC5_MHBD_MWPM_5x/results/sweep_5_exp_0_checkpoints.csv
0003030303233003000030330,0.0621099378900621,0.0001706637121969,38828000000,results/rs/SC5_MHBD_MWPM_5x/results/sweep_5_exp_0_checkpoints.csv
0003030303233003000030330,0.0621099378900621,0.0001706637121969,48882000000,results/rs/SC5_MHBD_MWPM_5x/results/sweep_5_exp_0_checkpoints.csv
0003030303233003000030330,0.0621099378900621,0.0001706637121969,61540000000,results/rs/SC5_MHBD_MWPM_5x/results/sweep_5_exp_0_checkpoints.csv
0303020303303303030003300,0.0616659383340616,0.0001700928696664,77476000000,results/rs/SC5_MHBD_MWPM_5x/results/sweep_5_exp_0_checkpoints.csv
2332322323022200332300223,0.0839669160330839,0.0001961075759027,2000000,results/rs/SC5_MHBD_MWPM_5x/results/sweep_20_exp_0_checkpoints.csv
3302222230330022002230002,0.0797924202075797,0.0001916056935442,4000000,results/rs/SC5_MHBD_MWPM_5x/results/sweep_20_exp_0_checkpoints.csv
3302222230330022002230002,0.0797924202075797,0.0001916056935442,6000000,results/rs/SC5_MHBD_MWPM_5x/results/sweep_20_exp_0_checkpoints.csv
3302222230330022002230002,0.0797924202075797,0.0001916056935442,8000000,results/rs/SC5_MHBD_MWPM_5x/results/sweep_20_exp_0_checkpoints.csv
0302320233030002230202002,0.0735469264530735,0.000184577453183,12000000,results/rs/SC5_MHBD_MWPM_5x/results/sweep_20_exp_0_checkpoints.csv
0302320233030002230202002,0.0735469264530735,0.000184577453183,16000000,results/rs/SC5_MHBD_MWPM_5x/results/sweep_20_exp_0_checkpoints.csv
2302033333202002303200033,0.0716739283260716,0.0001823961065383,22000000,results/rs/SC5_MHBD_MWPM_5x/results/sweep_20_exp_0_checkpoints.csv
0322030303230000000302000,0.0665569334430665,0.0001762484316714,28000000,results/rs/SC5_MHBD_MWPM_5x/results/sweep_20_exp_0_checkpoints.csv
0322030303230000000302000,0.0665569334430665,0.0001762484316714,36000000,results/rs/SC5_MHBD_MWPM_5x/results/sweep_20_exp_0_checkpoints.csv
0322030303230000000302000,0.0665569334430665,0.0001762484316714,46000000,results/rs/SC5_MHBD_MWPM_5x/results/sweep_20_exp_0_checkpoints.csv
0322030303230000000302000,0.0665569334430665,0.0001762484316714,58000000,results/rs/SC5_MHBD_MWPM_5x/results/sweep_20_exp_0_checkpoints.csv
0322030303230000000302000,0.0665569334430665,0.0001762484316714,74000000,results/rs/SC5_MHBD_MWPM_5x/results/sweep_20_exp_0_checkpoints.csv
0322030303230000000302000,0.0665569334430665,0.0001762484316714,94000000,results/rs/SC5_MHBD_MWPM_5x/results/sweep_20_exp_0_checkpoints.csv
0322030303230000000302000,0.0665569334430665,0.0001762484316714,120000000,results/rs/SC5_MHBD_MWPM_5x/results/sweep_20_exp_0_checkpoints.csv
0322030303230000000302000,0.0665569334430665,0.0001762484316714,152000000,results/rs/SC5_MHBD_MWPM_5x/results/sweep_20_exp_0_checkpoints.csv
0322030303230000000302000,0.0665569334430665,0.0001762484316714,192000000,results/rs/SC5_MHBD_MWPM_5x/results/sweep_20_exp_0_checkpoints.csv
0322030303230000000302000,0.0665569334430665,0.0001762484316714,242000000,results/rs/SC5_MHBD_MWPM_5x/results/sweep_20_exp_0_checkpoints.csv
0322030303230000000302000,0.0665569334430665,0.0001762484316714,306000000,results/rs/SC5_MHBD_MWPM_5x/results/sweep_20_exp_0_checkpoints.csv
0322030303230000000302000,0.0665569334430665,0.0001762484316714,386000000,results/rs/SC5_MHBD_MWPM_5x/results/sweep_20_exp_0_checkpoints.csv
0322030303230000000302000,0.0665569334430665,0.0001762484316714,486000000,results/rs/SC5_MHBD_MWPM_5x/results/sweep_20_exp_0_checkpoints.csv
0033030333333300020323033,0.0641449358550641,0.0001732487726258,612000000,results/rs/SC5_MHBD_MWPM_5x/results/sweep_20_exp_0_checkpoints.csv
0033030333333300020323033,0.0641449358550641,0.0001732487726258,772000000,results/rs/SC5_MHBD_MWPM_5x/results/sweep_20_exp_0_checkpoints.csv
0033030333333300020323033,0.0641449358550641,0.0001732487726258,972000000,results/rs/SC5_MHBD_MWPM_5x/results/sweep_20_exp_0_checkpoints.csv
0033030333333300020323033,0.0641449358550641,0.0001732487726258,1224000000,results/rs/SC5_MHBD_MWPM_5x/results/sweep_20_exp_0_checkpoints.csv
0033030333333300020323033,0.0641449358550641,0.0001732487726258,1542000000,results/rs/SC5_MHBD_MWPM_5x/results/sweep_20_exp_0_checkpoints.csv
0033030333333300020323033,0.0641449358550641,0.0001732487726258,1942000000,results/rs/SC5_MHBD_MWPM_5x/results/sweep_20_exp_0_checkpoints.csv
0033030333333300020323033,0.0641449358550641,0.0001732487726258,2446000000,results/rs/SC5_MHBD_MWPM_5x/results/sweep_20_exp_0_checkpoints.csv
0033030333333300020323033,0.0641449358550641,0.0001732487726258,3080000000,results/rs/SC5_MHBD_MWPM_5x/results/sweep_20_exp_0_checkpoints.csv
0033030333333300020323033,0.0641449358550641,0.0001732487726258,3878000000,results/rs/SC5_MHBD_MWPM_5x/results/sweep_20_exp_0_checkpoints.csv
0033030333333300020323033,0.0641449358550641,0.0001732487726258,4884000000,results/rs/SC5_MHBD_MWPM_5x/results/sweep_20_exp_0_checkpoints.csv
0300303003030003030033230,0.0633869366130633,0.0001722918241284,6150000000,results/rs/SC5_MHBD_MWPM_5x/results/sweep_20_exp_0_checkpoints.csv
0300303003030003030033230,0.0633869366130633,0.0001722918241284,7744000000,results/rs/SC5_MHBD_MWPM_5x/results/sweep_20_exp_0_checkpoints.csv
0300303003030003030033230,0.0633869366130633,0.0001722918241284,9750000000,results/rs/SC5_MHBD_MWPM_5x/results/sweep_20_exp_0_checkpoints.csv
0300303003030003030033230,0.0633869366130633,0.0001722918241284,12276000000,results/rs/SC5_MHBD_MWPM_5x/results/sweep_20_exp_0_checkpoints.csv
0303333330030023000300033,0.0626964373035627,0.0001714139798423,15456000000,results/rs/SC5_MHBD_MWPM_5x/results/sweep_20_exp_0_checkpoints.csv
0303333330030023000300033,0.0626964373035627,0.0001714139798423,19458000000,results/rs/SC5_MHBD_MWPM_5x/results/sweep_20_exp_0_checkpoints.csv
0303333330030023000300033,0.0626964373035627,0.0001714139798423,24498000000,results/rs/SC5_MHBD_MWPM_5x/results/sweep_20_exp_0_checkpoints.csv
0303333330030023000300033,0.0626964373035627,0.0001714139798423,30842000000,results/rs/SC5_MHBD_MWPM_5x/results/sweep_20_exp_0_checkpoints.csv
0303333330030023000300033,0.0626964373035627,0.0001714139798423,38828000000,results/rs/SC5_MHBD_MWPM_5x/results/sweep_20_exp_0_checkpoints.csv
0303333330030023000300033,0.0626964373035627,0.0001714139798423,48882000000,results/rs/SC5_MHBD_MWPM_5x/results/sweep_20_exp_0_checkpoints.csv
3333330302030300330203033,0.0614554385445614,0.0001698213454801,61540000000,results/rs/SC5_MHBD_MWPM_5x/results/sweep_20_exp_0_checkpoints.csv
3333330302030300330203033,0.0614554385445614,0.0001698213454801,77476000000,results/rs/SC5_MHBD_MWPM_5x/results/sweep_20_exp_0_checkpoints.csv
0233222220003002230003300,0.0771564228435771,0.0001886838726932,2000000,results/rs/SC5_MHBD_MWPM_5x/results/sweep_17_exp_0_checkpoints.csv
2330330020002000220023030,0.0729934270065729,0.0001839365140767,4000000,results/rs/SC5_MHBD_MWPM_5x/results/sweep_17_exp_0_checkpoints.csv
3230022200330000003303300,0.069009430990569,0.0001792303373804,6000000,results/rs/SC5_MHBD_MWPM_5x/results/sweep_17_exp_0_checkpoints.csv
3230022200330000003303300,0.069009430990569,0.0001792303373804,8000000,results/rs/SC5_MHBD_MWPM_5x/results/sweep_17_exp_0_checkpoints.csv
3230022200330000003303300,0.069009430990569,0.0001792303373804,12000000,results/rs/SC5_MHBD_MWPM_5x/results/sweep_17_exp_0_checkpoints.csv
3230022200330000003303300,0.069009430990569,0.0001792303373804,16000000,results/rs/SC5_MHBD_MWPM_5x/results/sweep_17_exp_0_checkpoints.csv
3230022200330000003303300,0.069009430990569,0.0001792303373804,22000000,results/rs/SC5_MHBD_MWPM_5x/results/sweep_17_exp_0_checkpoints.csv
3230022200330000003303300,0.069009430990569,0.0001792303373804,28000000,results/rs/SC5_MHBD_MWPM_5x/results/sweep_17_exp_0_checkpoints.csv
3230022200330000003303300,0.069009430990569,0.0001792303373804,36000000,results/rs/SC5_MHBD_MWPM_5x/results/sweep_17_exp_0_checkpoints.csv
0003230330000333300302233,0.0655709344290655,0.0001750304218148,46000000,results/rs/SC5_MHBD_MWPM_5x/results/sweep_17_exp_0_checkpoints.csv
0003230330000333300302233,0.0655709344290655,0.0001750304218148,58000000,results/rs/SC5_MHBD_MWPM_5x/results/sweep_17_exp_0_checkpoints.csv
0003230330000333300302233,0.0655709344290655,0.0001750304218148,74000000,results/rs/SC5_MHBD_MWPM_5x/results/sweep_17_exp_0_checkpoints.csv
0003230330000333300302233,0.0655709344290655,0.0001750304218148,94000000,results/rs/SC5_MHBD_MWPM_5x/results/sweep_17_exp_0_checkpoints.csv
0003230330000333300302233,0.0655709344290655,0.0001750304218148,120000000,results/rs/SC5_MHBD_MWPM_5x/results/sweep_17_exp_0_checkpoints.csv
0003230330000333300302233,0.0655709344290655,0.0001750304218148,152000000,results/rs/SC5_MHBD_MWPM_5x/results/sweep_17_exp_0_checkpoints.csv
0003230330000333300302233,0.0655709344290655,0.0001750304218148,192000000,results/rs/SC5_MHBD_MWPM_5x/results/sweep_17_exp_0_checkpoints.csv
0003230330000333300302233,0.0655709344290655,0.0001750304218148,242000000,results/rs/SC5_MHBD_MWPM_5x/results/sweep_17_exp_0_checkpoints.csv
3003303030200303030023030,0.0636909363090637,0.0001726764457998,306000000,results/rs/SC5_MHBD_MWPM_5x/results/sweep_17_exp_0_checkpoints.csv
3003303030200303030023030,0.0636909363090637,0.0001726764457998,386000000,results/rs/SC5_MHBD_MWPM_5x/results/sweep_17_exp_0_checkpoints.csv
3003303030200303030023030,0.0636909363090637,0.0001726764457998,486000000,results/rs/SC5_MHBD_MWPM_5x/results/sweep_17_exp_0_checkpoints.csv
3003303030200303030023030,0.0636909363090637,0.0001726764457998,612000000,results/rs/SC5_MHBD_MWPM_5x/results/sweep_17_exp_0_checkpoints.csv
3003303030200303030023030,0.0636909363090637,0.0001726764457998,772000000,results/rs/SC5_MHBD_MWPM_5x/results/sweep_17_exp_0_checkpoints.csv
3003303030200303030023030,0.0636909363090637,0.0001726764457998,972000000,results/rs/SC5_MHBD_MWPM_5x/results/sweep_17_exp_0_checkpoints.csv
3003303030200303030023030,0.0636909363090637,0.0001726764457998,1224000000,results/rs/SC5_MHBD_MWPM_5x/results/sweep_17_exp_0_checkpoints.csv
3003303030200303030023030,0.0636909363090637,0.0001726764457998,1542000000,results/rs/SC5_MHBD_MWPM_5x/results/sweep_17_exp_0_checkpoints.csv
3003303030200303030023030,0.0636909363090637,0.0001726764457998,1942000000,results/rs/SC5_MHBD_MWPM_5x/results/sweep_17_exp_0_checkpoints.csv
3003303030200303030023030,0.0636909363090637,0.0001726764457998,2446000000,results/rs/SC5_MHBD_MWPM_5x/results/sweep_17_exp_0_checkpoints.csv
3003303030200303030023030,0.0636909363090637,0.0001726764457998,3080000000,results/rs/SC5_MHBD_MWPM_5x/results/sweep_17_exp_0_checkpoints.csv
3003303030200303030023030,0.0636909363090637,0.0001726764457998,3878000000,results/rs/SC5_MHBD_MWPM_5x/results/sweep_17_exp_0_checkpoints.csv
3003303030200303030023030,0.0636909363090637,0.0001726764457998,4884000000,results/rs/SC5_MHBD_MWPM_5x/results/sweep_17_exp_0_checkpoints.csv
3003303030200303030023030,0.0636909363090637,0.0001726764457998,6150000000,results/rs/SC5_MHBD_MWPM_5x/results/sweep_17_exp_0_checkpoints.csv
3003303030200303030023030,0.0636909363090637,0.0001726764457998,7744000000,results/rs/SC5_MHBD_MWPM_5x/results/sweep_17_exp_0_checkpoints.csv
3003303030200303030023030,0.0636909363090637,0.0001726764457998,9750000000,results/rs/SC5_MHBD_MWPM_5x/results/sweep_17_exp_0_checkpoints.csv
3003303030200303030023030,0.0636909363090637,0.0001726764457998,12276000000,results/rs/SC5_MHBD_MWPM_5x/results/sweep_17_exp_0_checkpoints.csv
3000303330300330033003300,0.0624684375315624,0.0001711228251224,15456000000,results/rs/SC5_MHBD_MWPM_5x/results/sweep_17_exp_0_checkpoints.csv
0330303030030303030003033,0.0599399400600599,0.0001678497210377,19458000000,results/rs/SC5_MHBD_MWPM_5x/results/sweep_17_exp_0_checkpoints.csv
0330303030030303030003033,0.0599399400600599,0.0001678497210377,24498000000,results/rs/SC5_MHBD_MWPM_5x/results/sweep_17_exp_0_checkpoints.csv
0330303030030303030003033,0.0599399400600599,0.0001678497210377,30842000000,results/rs/SC5_MHBD_MWPM_5x/results/sweep_17_exp_0_checkpoints.csv
0330303030030303030003033,0.0599399400600599,0.0001678497210377,38828000000,results/rs/SC5_MHBD_MWPM_5x/results/sweep_17_exp_0_checkpoints.csv
0330303030030303030003033,0.0599399400600599,0.0001678497210377,48882000000,results/rs/SC5_MHBD_MWPM_5x/results/sweep_17_exp_0_checkpoints.csv
0330303030030303030003033,0.0599399400600599,0.0001678497210377,61540000000,results/rs/SC5_MHBD_MWPM_5x/results/sweep_17_exp_0_checkpoints.csv
0330303030030303030003033,0.0599399400600599,0.0001678497210377,77476000000,results/rs/SC5_MHBD_MWPM_5x/results/sweep_17_exp_0_checkpoints.csv
2233022003333023003033222,0.0748209251790748,0.00018604118668,2000000,results/rs/SC5_MHBD_MWPM_5x/results/sweep_11_exp_0_checkpoints.csv
2233022003333023003033222,0.0748209251790748,0.00018604118668,4000000,results/rs/SC5_MHBD_MWPM_5x/results/sweep_11_exp_0_checkpoints.csv
3202020200000023232303030,0.0731799268200731,0.0001841528137447,6000000,results/rs/SC5_MHBD_MWPM_5x/results/sweep_11_exp_0_checkpoints.csv
3323320002303323000220302,0.0717129282870717,0.0001824418868636,8000000,results/rs/SC5_MHBD_MWPM_5x/results/sweep_11_exp_0_checkpoints.csv
3323320002303323000220302,0.0717129282870717,0.0001824418868636,12000000,results/rs/SC5_MHBD_MWPM_5x/results/sweep_11_exp_0_checkpoints.csv
3323320002303323000220302,0.0717129282870717,0.0001824418868636,16000000,results/rs/SC5_MHBD_MWPM_5x/results/sweep_11_exp_0_checkpoints.csv
3323320002303323000220302,0.0717129282870717,0.0001824418868636,22000000,results/rs/SC5_MHBD_MWPM_5x/results/sweep_11_exp_0_checkpoints.csv
2000303302030333000323300,0.0647494352505647,0.0001740069856168,28000000,results/rs/SC5_MHBD_MWPM_5x/results/sweep_11_exp_0_checkpoints.csv
2000303302030333000323300,0.0647494352505647,0.0001740069856168,36000000,results/rs/SC5_MHBD_MWPM_5x/results/sweep_11_exp_0_checkpoints.csv
2000303302030333000323300,0.0647494352505647,0.0001740069856168,46000000,results/rs/SC5_MHBD_MWPM_5x/results/sweep_11_exp_0_checkpoints.csv
2000303302030333000323300,0.0647494352505647,0.0001740069856168,58000000,results/rs/SC5_MHBD_MWPM_5x/results/sweep_11_exp_0_checkpoints.csv
2000303302030333000323300,0.0647494352505647,0.0001740069856168,74000000,results/rs/SC5_MHBD_MWPM_5x/results/sweep_11_exp_0_checkpoints.csv
2000303302030333000323300,0.0647494352505647,0.0001740069856168,94000000,results/rs/SC5_MHBD_MWPM_5x/results/sweep_11_exp_0_checkpoints.csv
2000303302030333000323300,0.0647494352505647,0.0001740069856168,120000000,results/rs/SC5_MHBD_MWPM_5x/results/sweep_11_exp_0_checkpoints.csv
2000303302030333000323300,0.0647494352505647,0.0001740069856168,152000000,results/rs/SC5_MHBD_MWPM_5x/results/sweep_11_exp_0_checkpoints.csv
2000303302030333000323300,0.0647494352505647,0.0001740069856168,192000000,results/rs/SC5_MHBD_MWPM_5x/results/sweep_11_exp_0_checkpoints.csv
2000303302030333000323300,0.0647494352505647,0.0001740069856168,242000000,results/rs/SC5_MHBD_MWPM_5x/results/sweep_11_exp_0_checkpoints.csv
2000303302030333000323300,0.0647494352505647,0.0001740069856168,306000000,results/rs/SC5_MHBD_MWPM_5x/results/sweep_11_exp_0_checkpoints.csv
0003233302030303030303320,0.064083435916564,0.0001731713855406,386000000,results/rs/SC5_MHBD_MWPM_5x/results/sweep_11_exp_0_checkpoints.csv
0003233302030303030303320,0.064083435916564,0.0001731713855406,486000000,results/rs/SC5_MHBD_MWPM_5x/results/sweep_11_exp_0_checkpoints.csv
0003233302030303030303320,0.064083435916564,0.0001731713855406,612000000,results/rs/SC5_MHBD_MWPM_5x/results/sweep_11_exp_0_checkpoints.csv
0003233302030303030303320,0.064083435916564,0.0001731713855406,772000000,results/rs/SC5_MHBD_MWPM_5x/results/sweep_11_exp_0_checkpoints.csv
0003233302030303030303320,0.064083435916564,0.0001731713855406,972000000,results/rs/SC5_MHBD_MWPM_5x/results/sweep_11_exp_0_checkpoints.csv
0003233302030303030303320,0.064083435916564,0.0001731713855406,1224000000,results/rs/SC5_MHBD_MWPM_5x/results/sweep_11_exp_0_checkpoints.csv
0003233302030303030303320,0.064083435916564,0.0001731713855406,1542000000,results/rs/SC5_MHBD_MWPM_5x/results/sweep_11_exp_0_checkpoints.csv
0003233302030303030303320,0.064083435916564,0.0001731713855406,1942000000,results/rs/SC5_MHBD_MWPM_5x/results/sweep_11_exp_0_checkpoints.csv
0003233302030303030303320,0.064083435916564,0.0001731713855406,2446000000,results/rs/SC5_MHBD_MWPM_5x/results/sweep_11_exp_0_checkpoints.csv
0003233302030303030303320,0.064083435916564,0.0001731713855406,3080000000,results/rs/SC5_MHBD_MWPM_5x/results/sweep_11_exp_0_checkpoints.csv
0003233302030303030303320,0.064083435916564,0.0001731713855406,3878000000,results/rs/SC5_MHBD_MWPM_5x/results/sweep_11_exp_0_checkpoints.csv
0003233302030303030303320,0.064083435916564,0.0001731713855406,4884000000,results/rs/SC5_MHBD_MWPM_5x/results/sweep_11_exp_0_checkpoints.csv
0003233302030303030303320,0.064083435916564,0.0001731713855406,6150000000,results/rs/SC5_MHBD_MWPM_5x/results/sweep_11_exp_0_checkpoints.csv
0303330030033330300303302,0.0621289378710621,0.0001706880866549,7744000000,results/rs/SC5_MHBD_MWPM_5x/results/sweep_11_exp_0_checkpoints.csv
0303330030033330300303302,0.0621289378710621,0.0001706880866549,9750000000,results/rs/SC5_MHBD_MWPM_5x/results/sweep_11_exp_0_checkpoints.csv
0303330030033330300303302,0.0621289378710621,0.0001706880866549,12276000000,results/rs/SC5_MHBD_MWPM_5x/results/sweep_11_exp_0_checkpoints.csv
0303330030033330300303302,0.0621289378710621,0.0001706880866549,15456000000,results/rs/SC5_MHBD_MWPM_5x/results/sweep_11_exp_0_checkpoints.csv
0303330030033330300303302,0.0621289378710621,0.0001706880866549,19458000000,results/rs/SC5_MHBD_MWPM_5x/results/sweep_11_exp_0_checkpoints.csv
0303330030033330300303302,0.0621289378710621,0.0001706880866549,24498000000,results/rs/SC5_MHBD_MWPM_5x/results/sweep_11_exp_0_checkpoints.csv
0303330030033330300303302,0.0621289378710621,0.0001706880866549,30842000000,results/rs/SC5_MHBD_MWPM_5x/results/sweep_11_exp_0_checkpoints.csv
0303330030033330300303302,0.0621289378710621,0.0001706880866549,38828000000,results/rs/SC5_MHBD_MWPM_5x/results/sweep_11_exp_0_checkpoints.csv
0303330030033330300303302,0.0621289378710621,0.0001706880866549,48882000000,results/rs/SC5_MHBD_MWPM_5x/results/sweep_11_exp_0_checkpoints.csv
0330300033330300032033300,0.062063937936062,0.0001706046896288,61540000000,results/rs/SC5_MHBD_MWPM_5x/results/sweep_11_exp_0_checkpoints.csv
0003030000000300333033330,0.0617089382910617,0.0001701482542557,77476000000,results/rs/SC5_MHBD_MWPM_5x/results/sweep_11_exp_0_checkpoints.csv
0322223303333000022322220,0.0775644224355775,0.0001891402498586,2000000,results/rs/SC5_MHBD_MWPM_5x/results/sweep_6_exp_0_checkpoints.csv
3022303330223330230323023,0.0746539253460746,0.0001858502218965,4000000,results/rs/SC5_MHBD_MWPM_5x/results/sweep_6_exp_0_checkpoints.csv
3022303330223330230323023,0.0746539253460746,0.0001858502218965,6000000,results/rs/SC5_MHBD_MWPM_5x/results/sweep_6_exp_0_checkpoints.csv
3022303330223330230323023,0.0746539253460746,0.0001858502218965,8000000,results/rs/SC5_MHBD_MWPM_5x/results/sweep_6_exp_0_checkpoints.csv
0000230032000322000300000,0.0699224300775699,0.0001803235791157,12000000,results/rs/SC5_MHBD_MWPM_5x/results/sweep_6_exp_0_checkpoints.csv
0000230032000322000300000,0.0699224300775699,0.0001803235791157,16000000,results/rs/SC5_MHBD_MWPM_5x/results/sweep_6_exp_0_checkpoints.csv
0000230032000322000300000,0.0699224300775699,0.0001803235791157,22000000,results/rs/SC5_MHBD_MWPM_5x/results/sweep_6_exp_0_checkpoints.csv
0000230032000322000300000,0.0699224300775699,0.0001803235791157,28000000,results/rs/SC5_MHBD_MWPM_5x/results/sweep_6_exp_0_checkpoints.csv
0000230032000322000300000,0.0699224300775699,0.0001803235791157,36000000,results/rs/SC5_MHBD_MWPM_5x/results/sweep_6_exp_0_checkpoints.csv
0000230032000322000300000,0.0699224300775699,0.0001803235791157,46000000,results/rs/SC5_MHBD_MWPM_5x/results/sweep_6_exp_0_checkpoints.csv
0000230032000322000300000,0.0699224300775699,0.0001803235791157,58000000,results/rs/SC5_MHBD_MWPM_5x/results/sweep_6_exp_0_checkpoints.csv
0000230032000322000300000,0.0699224300775699,0.0001803235791157,74000000,results/rs/SC5_MHBD_MWPM_5x/results/sweep_6_exp_0_checkpoints.csv
0000230032000322000300000,0.0699224300775699,0.0001803235791157,94000000,results/rs/SC5_MHBD_MWPM_5x/results/sweep_6_exp_0_checkpoints.csv
0000230032000322000300000,0.0699224300775699,0.0001803235791157,120000000,results/rs/SC5_MHBD_MWPM_5x/results/sweep_6_exp_0_checkpoints.csv
0000230032000322000300000,0.0699224300775699,0.0001803235791157,152000000,results/rs/SC5_MHBD_MWPM_5x/results/sweep_6_exp_0_checkpoints.csv
3003332030333020000003030,0.0676389323610676,0.0001775722630554,192000000,results/rs/SC5_MHBD_MWPM_5x/results/sweep_6_exp_0_checkpoints.csv
0303032333200033030200330,0.0655664344335655,0.0001750248338794,242000000,results/rs/SC5_MHBD_MWPM_5x/results/sweep_6_exp_0_checkpoints.csv
0303032333200033030200330,0.0655664344335655,0.0001750248338794,306000000,results/rs/SC5_MHBD_MWPM_5x/results/sweep_6_exp_0_checkpoints.csv
0303032333200033030200330,0.0655664344335655,0.0001750248338794,386000000,results/rs/SC5_MHBD_MWPM_5x/results/sweep_6_exp_0_checkpoints.csv
0303032333200033030200330,0.0655664344335655,0.0001750248338794,486000000,results/rs/SC5_MHBD_MWPM_5x/results/sweep_6_exp_0_checkpoints.csv
0303032333200033030200330,0.0655664344335655,0.0001750248338794,612000000,results/rs/SC5_MHBD_MWPM_5x/results/sweep_6_exp_0_checkpoints.csv
0303032333200033030200330,0.0655664344335655,0.0001750248338794,772000000,results/rs/SC5_MHBD_MWPM_5x/results/sweep_6_exp_0_checkpoints.csv
0303032333200033030200330,0.0655664344335655,0.0001750248338794,972000000,results/rs/SC5_MHBD_MWPM_5x/results/sweep_6_exp_0_checkpoints.csv
0303032333200033030200330,0.0655664344335655,0.0001750248338794,1224000000,results/rs/SC5_MHBD_MWPM_5x/results/sweep_6_exp_0_checkpoints.csv
0303032333200033030200330,0.0655664344335655,0.0001750248338794,1542000000,results/rs/SC5_MHBD_MWPM_5x/results/sweep_6_exp_0_checkpoints.csv
3203033002000300330203033,0.0645259354740645,0.000173727152287,1942000000,results/rs/SC5_MHBD_MWPM_5x/results/sweep_6_exp_0_checkpoints.csv
3203033002000300330203033,0.0645259354740645,0.000173727152287,2446000000,results/rs/SC5_MHBD_MWPM_5x/results/sweep_6_exp_0_checkpoints.csv
3203033002000300330203033,0.0645259354740645,0.000173727152287,3080000000,results/rs/SC5_MHBD_MWPM_5x/results/sweep_6_exp_0_checkpoints.csv
0303303032000300300030033,0.0635264364735635,0.0001724684552755,3878000000,results/rs/SC5_MHBD_MWPM_5x/results/sweep_6_exp_0_checkpoints.csv
0323330333033300033000003,0.0633449366550633,0.0001722385932225,4884000000,results/rs/SC5_MHBD_MWPM_5x/results/sweep_6_exp_0_checkpoints.csv
0323330333033300033000003,0.0633449366550633,0.0001722385932225,6150000000,results/rs/SC5_MHBD_MWPM_5x/results/sweep_6_exp_0_checkpoints.csv
0323330333033300033000003,0.0633449366550633,0.0001722385932225,7744000000,results/rs/SC5_MHBD_MWPM_5x/results/sweep_6_exp_0_checkpoints.csv
0323330333033300033000003,0.0633449366550633,0.0001722385932225,9750000000,results/rs/SC5_MHBD_MWPM_5x/results/sweep_6_exp_0_checkpoints.csv
0323330333033300033000003,0.0633449366550633,0.0001722385932225,12276000000,results/rs/SC5_MHBD_MWPM_5x/results/sweep_6_exp_0_checkpoints.csv
0323330333033300033000003,0.0633449366550633,0.0001722385932225,15456000000,results/rs/SC5_MHBD_MWPM_5x/results/sweep_6_exp_0_checkpoints.csv
0303332333030030003003330,0.0626889373110626,0.000171404419234,19458000000,results/rs/SC5_MHBD_MWPM_5x/results/sweep_6_exp_0_checkpoints.csv
0303332333030030003003330,0.0626889373110626,0.000171404419234,24498000000,results/rs/SC5_MHBD_MWPM_5x/results/sweep_6_exp_0_checkpoints.csv
0303332333030030003003330,0.0626889373110626,0.000171404419234,30842000000,results/rs/SC5_MHBD_MWPM_5x/results/sweep_6_exp_0_checkpoints.csv
0303332333030030003003330,0.0626889373110626,0.000171404419234,38828000000,results/rs/SC5_MHBD_MWPM_5x/results/sweep_6_exp_0_checkpoints.csv
0303332333030030003003330,0.0626889373110626,0.000171404419234,48882000000,results/rs/SC5_MHBD_MWPM_5x/results/sweep_6_exp_0_checkpoints.csv
0303030300300302330330003,0.0616999383000617,0.0001701366709312,61540000000,results/rs/SC5_MHBD_MWPM_5x/results/sweep_6_exp_0_checkpoints.csv
0303030300300302330330003,0.0616999383000617,0.0001701366709312,77476000000,results/rs/SC5_MHBD_MWPM_5x/results/sweep_6_exp_0_checkpoints.csv
0303030300300302330330003,0.0616999383000617,0.0001701366709312,97538000000,results/rs/SC5_MHBD_MWPM_5x/results/sweep_6_exp_0_checkpoints.csv
2320322220020332220032202,0.0861964138035862,0.0001984521077247,2000000,results/rs/SC5_MHBD_MWPM_5x/results/sweep_16_exp_0_checkpoints.csv
0222023300300300332330303,0.0685734314265685,0.0001787050860002,4000000,results/rs/SC5_MHBD_MWPM_5x/results/sweep_16_exp_0_checkpoints.csv
0222023300300300332330303,0.0685734314265685,0.0001787050860002,6000000,results/rs/SC5_MHBD_MWPM_5x/results/sweep_16_exp_0_checkpoints.csv
0222023300300300332330303,0.0685734314265685,0.0001787050860002,8000000,results/rs/SC5_MHBD_MWPM_5x/results/sweep_16_exp_0_checkpoints.csv
0222023300300300332330303,0.0685734314265685,0.0001787050860002,12000000,results/rs/SC5_MHBD_MWPM_5x/results/sweep_16_exp_0_checkpoints.csv
0222023300300300332330303,0.0685734314265685,0.0001787050860002,16000000,results/rs/SC5_MHBD_MWPM_5x/results/sweep_16_exp_0_checkpoints.csv
0222023300300300332330303,0.0685734314265685,0.0001787050860002,22000000,results/rs/SC5_MHBD_MWPM_5x/results/sweep_16_exp_0_checkpoints.csv
2330330300032003033030230,0.0650994349005651,0.000174443994183,28000000,results/rs/SC5_MHBD_MWPM_5x/results/sweep_16_exp_0_checkpoints.csv
2330330300032003033030230,0.0650994349005651,0.000174443994183,36000000,results/rs/SC5_MHBD_MWPM_5x/results/sweep_16_exp_0_checkpoints.csv
2330330300032003033030230,0.0650994349005651,0.000174443994183,46000000,results/rs/SC5_MHBD_MWPM_5x/results/sweep_16_exp_0_checkpoints.csv
2330330300032003033030230,0.0650994349005651,0.000174443994183,58000000,results/rs/SC5_MHBD_MWPM_5x/results/sweep_16_exp_0_checkpoints.csv
2330330300032003033030230,0.0650994349005651,0.000174443994183,74000000,results/rs/SC5_MHBD_MWPM_5x/results/sweep_16_exp_0_checkpoints.csv
2330330300032003033030230,0.0650994349005651,0.000174443994183,94000000,results/rs/SC5_MHBD_MWPM_5x/results/sweep_16_exp_0_checkpoints.csv
2330330300032003033030230,0.0650994349005651,0.000174443994183,120000000,results/rs/SC5_MHBD_MWPM_5x/results/sweep_16_exp_0_checkpoints.csv
2330330300032003033030230,0.0650994349005651,0.000174443994183,152000000,results/rs/SC5_MHBD_MWPM_5x/results/sweep_16_exp_0_checkpoints.csv
2330330300032003033030230,0.0650994349005651,0.000174443994183,192000000,results/rs/SC5_MHBD_MWPM_5x/results/sweep_16_exp_0_checkpoints.csv
2330330300032003033030230,0.0650994349005651,0.000174443994183,242000000,results/rs/SC5_MHBD_MWPM_5x/results/sweep_16_exp_0_checkpoints.csv
2330330300032003033030230,0.0650994349005651,0.000174443994183,306000000,results/rs/SC5_MHBD_MWPM_5x/results/sweep_16_exp_0_checkpoints.csv
2330330300032003033030230,0.0650994349005651,0.000174443994183,386000000,results/rs/SC5_MHBD_MWPM_5x/results/sweep_16_exp_0_checkpoints.csv
2330330300032003033030230,0.0650994349005651,0.000174443994183,486000000,results/rs/SC5_MHBD_MWPM_5x/results/sweep_16_exp_0_checkpoints.csv
2330330300032003033030230,0.0650994349005651,0.000174443994183,612000000,results/rs/SC5_MHBD_MWPM_5x/results/sweep_16_exp_0_checkpoints.csv
2330330300032003033030230,0.0650994349005651,0.000174443994183,772000000,results/rs/SC5_MHBD_MWPM_5x/results/sweep_16_exp_0_checkpoints.csv
2330330300032003033030230,0.0650994349005651,0.000174443994183,972000000,results/rs/SC5_MHBD_MWPM_5x/results/sweep_16_exp_0_checkpoints.csv
2330330300032003033030230,0.0650994349005651,0.000174443994183,1224000000,results/rs/SC5_MHBD_MWPM_5x/results/sweep_16_exp_0_checkpoints.csv
2330330300032003033030230,0.0650994349005651,0.000174443994183,1542000000,results/rs/SC5_MHBD_MWPM_5x/results/sweep_16_exp_0_checkpoints.csv
3330330303320003300332300,0.065005934994065,0.0001743273896863,1942000000,results/rs/SC5_MHBD_MWPM_5x/results/sweep_16_exp_0_checkpoints.csv
3330330303320003300332300,0.065005934994065,0.0001743273896863,2446000000,results/rs/SC5_MHBD_MWPM_5x/results/sweep_16_exp_0_checkpoints.csv
3330330303320003300332300,0.065005934994065,0.0001743273896863,3080000000,results/rs/SC5_MHBD_MWPM_5x/results/sweep_16_exp_0_checkpoints.csv
3330330303320003300332300,0.065005934994065,0.0001743273896863,3878000000,results/rs/SC5_MHBD_MWPM_5x/results/sweep_16_exp_0_checkpoints.csv
3330330303320003300332300,0.065005934994065,0.0001743273896863,4884000000,results/rs/SC5_MHBD_MWPM_5x/results/sweep_16_exp_0_checkpoints.csv
0300300033330030032303000,0.0637224362775637,0.000172716245288,6150000000,results/rs/SC5_MHBD_MWPM_5x/results/sweep_16_exp_0_checkpoints.csv
0300300033330030032303000,0.0637224362775637,0.000172716245288,7744000000,results/rs/SC5_MHBD_MWPM_5x/results/sweep_16_exp_0_checkpoints.csv
0030230330000303230330330,0.0634989365010635,0.0001724336616462,9750000000,results/rs/SC5_MHBD_MWPM_5x/results/sweep_16_exp_0_checkpoints.csv
0030230330000303230330330,0.0634989365010635,0.0001724336616462,12276000000,results/rs/SC5_MHBD_MWPM_5x/results/sweep_16_exp_0_checkpoints.csv
0300000030033302330003330,0.0632204367795632,0.0001720806903904,15456000000,results/rs/SC5_MHBD_MWPM_5x/results/sweep_16_exp_0_checkpoints.csv
0300000030033302330003330,0.0632204367795632,0.0001720806903904,19458000000,results/rs/SC5_MHBD_MWPM_5x/results/sweep_16_exp_0_checkpoints.csv
0300000030033302330003330,0.0632204367795632,0.0001720806903904,24498000000,results/rs/SC5_MHBD_MWPM_5x/results/sweep_16_exp_0_checkpoints.csv
0300000030033302330003330,0.0632204367795632,0.0001720806903904,30842000000,results/rs/SC5_MHBD_MWPM_5x/results/sweep_16_exp_0_checkpoints.csv
0303330320000003030303302,0.0622404377595622,0.0001708310301182,38828000000,results/rs/SC5_MHBD_MWPM_5x/results/sweep_16_exp_0_checkpoints.csv
0303330320000003030303302,0.0622404377595622,0.0001708310301182,48882000000,results/rs/SC5_MHBD_MWPM_5x/results/sweep_16_exp_0_checkpoints.csv
0303330320000003030303302,0.0622404377595622,0.0001708310301182,61540000000,results/rs/SC5_MHBD_MWPM_5x/results/sweep_16_exp_0_checkpoints.csv
3333030030330330030003333,0.0606344393655606,0.0001687569601926,77476000000,results/rs/SC5_MHBD_MWPM_5x/results/sweep_16_exp_0_checkpoints.csv
3332332232203332020302202,0.0786554213445786,0.0001903531374409,2000000,results/rs/SC5_MHBD_MWPM_5x/results/sweep_21_exp_0_checkpoints.csv
0032302030200330220230323,0.0754709245290754,0.000186781908269,4000000,results/rs/SC5_MHBD_MWPM_5x/results/sweep_21_exp_0_checkpoints.csv
0032302030200330220230323,0.0754709245290754,0.000186781908269,6000000,results/rs/SC5_MHBD_MWPM_5x/results/sweep_21_exp_0_checkpoints.csv
0032302030200330220230323,0.0754709245290754,0.000186781908269,8000000,results/rs/SC5_MHBD_MWPM_5x/results/sweep_21_exp_0_checkpoints.csv
3233332332020330032302032,0.0729549270450729,0.0001838918251451,12000000,results/rs/SC5_MHBD_MWPM_5x/results/sweep_21_exp_0_checkpoints.csv
3233332332020330032302032,0.0729549270450729,0.0001838918251451,16000000,results/rs/SC5_MHBD_MWPM_5x/results/sweep_21_exp_0_checkpoints.csv
3233332332020330032302032,0.0729549270450729,0.0001838918251451,22000000,results/rs/SC5_MHBD_MWPM_5x/results/sweep_21_exp_0_checkpoints.csv
3323000032202023030300233,0.0716349283650716,0.0001823503116611,28000000,results/rs/SC5_MHBD_MWPM_5x/results/sweep_21_exp_0_checkpoints.csv
3323000032202023030300233,0.0716349283650716,0.0001823503116611,36000000,results/rs/SC5_MHBD_MWPM_5x/results/sweep_21_exp_0_checkpoints.csv
0203220022023333030003032,0.0715549284450715,0.0001822563062887,46000000,results/rs/SC5_MHBD_MWPM_5x/results/sweep_21_exp_0_checkpoints.csv
0203220022023333030003032,0.0715549284450715,0.0001822563062887,58000000,results/rs/SC5_MHBD_MWPM_5x/results/sweep_21_exp_0_checkpoints.csv
2303002302020000330203300,0.0691469308530691,0.0001793955598259,74000000,results/rs/SC5_MHBD_MWPM_5x/results/sweep_21_exp_0_checkpoints.csv
2333330303302333330030002,0.0663184336815663,0.0001759548322297,94000000,results/rs/SC5_MHBD_MWPM_5x/results/sweep_21_exp_0_checkpoints.csv
2333330303302333330030002,0.0663184336815663,0.0001759548322297,120000000,results/rs/SC5_MHBD_MWPM_5x/results/sweep_21_exp_0_checkpoints.csv
2333330303302333330030002,0.0663184336815663,0.0001759548322297,152000000,results/rs/SC5_MHBD_MWPM_5x/results/sweep_21_exp_0_checkpoints.csv
3000220033003032030333333,0.066039933960066,0.0001756111741997,192000000,results/rs/SC5_MHBD_MWPM_5x/results/sweep_21_exp_0_checkpoints.csv
3230030333330300020300002,0.0653839346160653,0.000174798144144,242000000,results/rs/SC5_MHBD_MWPM_5x/results/sweep_21_exp_0_checkpoints.csv
3230030333330300020300002,0.0653839346160653,0.000174798144144,306000000,results/rs/SC5_MHBD_MWPM_5x/results/sweep_21_exp_0_checkpoints.csv
3230030333330300020300002,0.0653839346160653,0.000174798144144,386000000,results/rs/SC5_MHBD_MWPM_5x/results/sweep_21_exp_0_checkpoints.csv
3230030333330300020300002,0.0653839346160653,0.000174798144144,486000000,results/rs/SC5_MHBD_MWPM_5x/results/sweep_21_exp_0_checkpoints.csv
3230030333330300020300002,0.0653839346160653,0.000174798144144,612000000,results/rs/SC5_MHBD_MWPM_5x/results/sweep_21_exp_0_checkpoints.csv
3230030333330300020300002,0.0653839346160653,0.000174798144144,772000000,results/rs/SC5_MHBD_MWPM_5x/results/sweep_21_exp_0_checkpoints.csv
3230030333330300020300002,0.0653839346160653,0.000174798144144,972000000,results/rs/SC5_MHBD_MWPM_5x/results/sweep_21_exp_0_checkpoints.csv
3230030333330300020300002,0.0653839346160653,0.000174798144144,1224000000,results/rs/SC5_MHBD_MWPM_5x/results/sweep_21_exp_0_checkpoints.csv
3230030333330300020300002,0.0653839346160653,0.000174798144144,1542000000,results/rs/SC5_MHBD_MWPM_5x/results/sweep_21_exp_0_checkpoints.csv
3230030333330300020300002,0.0653839346160653,0.000174798144144,1942000000,results/rs/SC5_MHBD_MWPM_5x/results/sweep_21_exp_0_checkpoints.csv
3000000300030302030320302,0.0644389355610644,0.0001736180711304,2446000000,results/rs/SC5_MHBD_MWPM_5x/results/sweep_21_exp_0_checkpoints.csv
0020200300030333032003033,0.0638944361055638,0.0001729332871036,3080000000,results/rs/SC5_MHBD_MWPM_5x/results/sweep_21_exp_0_checkpoints.csv
0020200300030333032003033,0.0638944361055638,0.0001729332871036,3878000000,results/rs/SC5_MHBD_MWPM_5x/results/sweep_21_exp_0_checkpoints.csv
0020200300030333032003033,0.0638944361055638,0.0001729332871036,4884000000,results/rs/SC5_MHBD_MWPM_5x/results/sweep_21_exp_0_checkpoints.csv
0020200300030333032003033,0.0638944361055638,0.0001729332871036,6150000000,results/rs/SC5_MHBD_MWPM_5x/results/sweep_21_exp_0_checkpoints.csv
0020200300030333032003033,0.0638944361055638,0.0001729332871036,7744000000,results/rs/SC5_MHBD_MWPM_5x/results/sweep_21_exp_0_checkpoints.csv
0020200300030333032003033,0.0638944361055638,0.0001729332871036,9750000000,results/rs/SC5_MHBD_MWPM_5x/results/sweep_21_exp_0_checkpoints.csv
0020200300030333032003033,0.0638944361055638,0.0001729332871036,12276000000,results/rs/SC5_MHBD_MWPM_5x/results/sweep_21_exp_0_checkpoints.csv
0020200300030333032003033,0.0638944361055638,0.0001729332871036,15456000000,results/rs/SC5_MHBD_MWPM_5x/results/sweep_21_exp_0_checkpoints.csv
3330200330330000033003023,0.0631799368200631,0.0001720292784739,19458000000,results/rs/SC5_MHBD_MWPM_5x/results/sweep_21_exp_0_checkpoints.csv
0333320303030003000320333,0.0622444377555622,0.0001708361523924,24498000000,results/rs/SC5_MHBD_MWPM_5x/results/sweep_21_exp_0_checkpoints.csv
0333320303030003000320333,0.0622444377555622,0.0001708361523924,30842000000,results/rs/SC5_MHBD_MWPM_5x/results/sweep_21_exp_0_checkpoints.csv
0333320303030003000320333,0.0622444377555622,0.0001708361523924,38828000000,results/rs/SC5_MHBD_MWPM_5x/results/sweep_21_exp_0_checkpoints.csv
0333320303030003000320333,0.0622444377555622,0.0001708361523924,48882000000,results/rs/SC5_MHBD_MWPM_5x/results/sweep_21_exp_0_checkpoints.csv
3030030030330303030320030,0.062053937946062,0.0001705918548395,61540000000,results/rs/SC5_MHBD_MWPM_5x/results/sweep_21_exp_0_checkpoints.csv
0300333302030333030203333,0.062001937998062,0.0001705250906525,77476000000,results/rs/SC5_MHBD_MWPM_5x/results/sweep_21_exp_0_checkpoints.csv
0300333302030333030203333,0.062001937998062,0.0001705250906525,97538000000,results/rs/SC5_MHBD_MWPM_5x/results/sweep_21_exp_0_checkpoints.csv
2300222003333330030302332,0.0693074306925693,0.0001795881544239,2000000,results/rs/SC5_MHBD_MWPM_5x/results/sweep_10_exp_0_checkpoints.csv
2300222003333330030302332,0.0693074306925693,0.0001795881544239,4000000,results/rs/SC5_MHBD_MWPM_5x/results/sweep_10_exp_0_checkpoints.csv
2300222003333330030302332,0.0693074306925693,0.0001795881544239,6000000,results/rs/SC5_MHBD_MWPM_5x/results/sweep_10_exp_0_checkpoints.csv
2300222003333330030302332,0.0693074306925693,0.0001795881544239,8000000,results/rs/SC5_MHBD_MWPM_5x/results/sweep_10_exp_0_checkpoints.csv
2300222003333330030302332,0.0693074306925693,0.0001795881544239,12000000,results/rs/SC5_MHBD_MWPM_5x/results/sweep_10_exp_0_checkpoints.csv
0320303302320032030303003,0.0673564326435673,0.0001772278919816,16000000,results/rs/SC5_MHBD_MWPM_5x/results/sweep_10_exp_0_checkpoints.csv
0320303302320032030303003,0.0673564326435673,0.0001772278919816,22000000,results/rs/SC5_MHBD_MWPM_5x/results/sweep_10_exp_0_checkpoints.csv
0320303302320032030303003,0.0673564326435673,0.0001772278919816,28000000,results/rs/SC5_MHBD_MWPM_5x/results/sweep_10_exp_0_checkpoints.csv
0320303302320032030303003,0.0673564326435673,0.0001772278919816,36000000,results/rs/SC5_MHBD_MWPM_5x/results/sweep_10_exp_0_checkpoints.csv
0320303302320032030303003,0.0673564326435673,0.0001772278919816,46000000,results/rs/SC5_MHBD_MWPM_5x/results/sweep_10_exp_0_checkpoints.csv
0320303302320032030303003,0.0673564326435673,0.0001772278919816,58000000,results/rs/SC5_MHBD_MWPM_5x/results/sweep_10_exp_0_checkpoints.csv
0320303302320032030303003,0.0673564326435673,0.0001772278919816,74000000,results/rs/SC5_MHBD_MWPM_5x/results/sweep_10_exp_0_checkpoints.csv
0320303302320032030303003,0.0673564326435673,0.0001772278919816,94000000,results/rs/SC5_MHBD_MWPM_5x/results/sweep_10_exp_0_checkpoints.csv
0320303302320032030303003,0.0673564326435673,0.0001772278919816,120000000,results/rs/SC5_MHBD_MWPM_5x/results/sweep_10_exp_0_checkpoints.csv
0320303302320032030303003,0.0673564326435673,0.0001772278919816,152000000,results/rs/SC5_MHBD_MWPM_5x/results/sweep_10_exp_0_checkpoints.csv
0320303302320032030303003,0.0673564326435673,0.0001772278919816,192000000,results/rs/SC5_MHBD_MWPM_5x/results/sweep_10_exp_0_checkpoints.csv
0320303302320032030303003,0.0673564326435673,0.0001772278919816,242000000,results/rs/SC5_MHBD_MWPM_5x/results/sweep_10_exp_0_checkpoints.csv
0320303302320032030303003,0.0673564326435673,0.0001772278919816,306000000,results/rs/SC5_MHBD_MWPM_5x/results/sweep_10_exp_0_checkpoints.csv
0320303302320032030303003,0.0673564326435673,0.0001772278919816,386000000,results/rs/SC5_MHBD_MWPM_5x/results/sweep_10_exp_0_checkpoints.csv
0320303302320032030303003,0.0673564326435673,0.0001772278919816,486000000,results/rs/SC5_MHBD_MWPM_5x/results/sweep_10_exp_0_checkpoints.csv
0332000203303203030330332,0.0666714333285666,0.0001763891486916,612000000,results/rs/SC5_MHBD_MWPM_5x/results/sweep_10_exp_0_checkpoints.csv
0332000203303203030330332,0.0666714333285666,0.0001763891486916,772000000,results/rs/SC5_MHBD_MWPM_5x/results/sweep_10_exp_0_checkpoints.csv
0332000203303203030330332,0.0666714333285666,0.0001763891486916,972000000,results/rs/SC5_MHBD_MWPM_5x/results/sweep_10_exp_0_checkpoints.csv
0032330303003303303000030,0.0634874365125634,0.000172419095179,1224000000,results/rs/SC5_MHBD_MWPM_5x/results/sweep_10_exp_0_checkpoints.csv
0032330303003303303000030,0.0634874365125634,0.000172419095179,1542000000,results/rs/SC5_MHBD_MWPM_5x/results/sweep_10_exp_0_checkpoints.csv
0032330303003303303000030,0.0634874365125634,0.000172419095179,1942000000,results/rs/SC5_MHBD_MWPM_5x/results/sweep_10_exp_0_checkpoints.csv
0032330303003303303000030,0.0634874365125634,0.000172419095179,2446000000,results/rs/SC5_MHBD_MWPM_5x/results/sweep_10_exp_0_checkpoints.csv
0032330303003303303000030,0.0634874365125634,0.000172419095179,3080000000,results/rs/SC5_MHBD_MWPM_5x/results/sweep_10_exp_0_checkpoints.csv
0032330303003303303000030,0.0634874365125634,0.000172419095179,3878000000,results/rs/SC5_MHBD_MWPM_5x/results/sweep_10_exp_0_checkpoints.csv
0032330303003303303000030,0.0634874365125634,0.000172419095179,4884000000,results/rs/SC5_MHBD_MWPM_5x/results/sweep_10_exp_0_checkpoints.csv
0000020333333300030230030,0.0631024368975631,0.0001719308493193,6150000000,results/rs/SC5_MHBD_MWPM_5x/results/sweep_10_exp_0_checkpoints.csv
0000020333333300030230030,0.0631024368975631,0.0001719308493193,7744000000,results/rs/SC5_MHBD_MWPM_5x/results/sweep_10_exp_0_checkpoints.csv
0000020333333300030230030,0.0631024368975631,0.0001719308493193,9750000000,results/rs/SC5_MHBD_MWPM_5x/results/sweep_10_exp_0_checkpoints.csv
0000020333333300030230030,0.0631024368975631,0.0001719308493193,12276000000,results/rs/SC5_MHBD_MWPM_5x/results/sweep_10_exp_0_checkpoints.csv
0000020333333300030230030,0.0631024368975631,0.0001719308493193,15456000000,results/rs/SC5_MHBD_MWPM_5x/results/sweep_10_exp_0_checkpoints.csv
0000020333333300030230030,0.0631024368975631,0.0001719308493193,19458000000,results/rs/SC5_MHBD_MWPM_5x/results/sweep_10_exp_0_checkpoints.csv
3333303003033030030303032,0.063040936959063,0.0001718526764307,24498000000,results/rs/SC5_MHBD_MWPM_5x/results/sweep_10_exp_0_checkpoints.csv
0330003303030300000302230,0.063005936994063,0.0001718081766739,30842000000,results/rs/SC5_MHBD_MWPM_5x/results/sweep_10_exp_0_checkpoints.csv
0330003303030300000302230,0.063005936994063,0.0001718081766739,38828000000,results/rs/SC5_MHBD_MWPM_5x/results/sweep_10_exp_0_checkpoints.csv
0330003303030300000302230,0.063005936994063,0.0001718081766739,48882000000,results/rs/SC5_MHBD_MWPM_5x/results/sweep_10_exp_0_checkpoints.csv
3330000003030333333303300,0.0613949386050613,0.0001697432016953,61540000000,results/rs/SC5_MHBD_MWPM_5x/results/sweep_10_exp_0_checkpoints.csv
3330000003030333333303300,0.0613949386050613,0.0001697432016953,77476000000,results/rs/SC5_MHBD_MWPM_5x/results/sweep_10_exp_0_checkpoints.csv
2233233302232020302220303,0.0792389207610792,0.0001909973943838,2000000,results/rs/SC5_MHBD_MWPM_5x/results/sweep_7_exp_0_checkpoints.csv
2233320300202300202233320,0.0759004240995759,0.0001872691209428,4000000,results/rs/SC5_MHBD_MWPM_5x/results/sweep_7_exp_0_checkpoints.csv
2233320300202300202233320,0.0759004240995759,0.0001872691209428,6000000,results/rs/SC5_MHBD_MWPM_5x/results/sweep_7_exp_0_checkpoints.csv
2000030202220202333303300,0.0732884267115732,0.0001842784986365,8000000,results/rs/SC5_MHBD_MWPM_5x/results/sweep_7_exp_0_checkpoints.csv
2230200000002300303333303,0.0698079301920698,0.0001801869657356,12000000,results/rs/SC5_MHBD_MWPM_5x/results/sweep_7_exp_0_checkpoints.csv
3302203030303302000332033,0.0673859326140673,0.0001772638934198,16000000,results/rs/SC5_MHBD_MWPM_5x/results/sweep_7_exp_0_checkpoints.csv
3302203030303302000332033,0.0673859326140673,0.0001772638934198,22000000,results/rs/SC5_MHBD_MWPM_5x/results/sweep_7_exp_0_checkpoints.csv
3302203030303302000332033,0.0673859326140673,0.0001772638934198,28000000,results/rs/SC5_MHBD_MWPM_5x/results/sweep_7_exp_0_checkpoints.csv
3302203030303302000332033,0.0673859326140673,0.0001772638934198,36000000,results/rs/SC5_MHBD_MWPM_5x/results/sweep_7_exp_0_checkpoints.csv
3302203030303302000332033,0.0673859326140673,0.0001772638934198,46000000,results/rs/SC5_MHBD_MWPM_5x/results/sweep_7_exp_0_checkpoints.csv
3302203030303302000332033,0.0673859326140673,0.0001772638934198,58000000,results/rs/SC5_MHBD_MWPM_5x/results/sweep_7_exp_0_checkpoints.csv
3302203030303302000332033,0.0673859326140673,0.0001772638934198,74000000,results/rs/SC5_MHBD_MWPM_5x/results/sweep_7_exp_0_checkpoints.csv
3302203030303302000332033,0.0673859326140673,0.0001772638934198,94000000,results/rs/SC5_MHBD_MWPM_5x/results/sweep_7_exp_0_checkpoints.csv
0003000003020033300033030,0.0669244330755669,0.0001766995410434,120000000,results/rs/SC5_MHBD_MWPM_5x/results/sweep_7_exp_0_checkpoints.csv
0003000003020033300033030,0.0669244330755669,0.0001766995410434,152000000,results/rs/SC5_MHBD_MWPM_5x/results/sweep_7_exp_0_checkpoints.csv
0003000003020033300033030,0.0669244330755669,0.0001766995410434,192000000,results/rs/SC5_MHBD_MWPM_5x/results/sweep_7_exp_0_checkpoints.csv
0003000003020033300033030,0.0669244330755669,0.0001766995410434,242000000,results/rs/SC5_MHBD_MWPM_5x/results/sweep_7_exp_0_checkpoints.csv
0003000003020033300033030,0.0669244330755669,0.0001766995410434,306000000,results/rs/SC5_MHBD_MWPM_5x/results/sweep_7_exp_0_checkpoints.csv
2033033200030330330033230,0.0656929343070656,0.0001751817326294,386000000,results/rs/SC5_MHBD_MWPM_5x/results/sweep_7_exp_0_checkpoints.csv
2033033200030330330033230,0.0656929343070656,0.0001751817326294,486000000,results/rs/SC5_MHBD_MWPM_5x/results/sweep_7_exp_0_checkpoints.csv
2033033200030330330033230,0.0656929343070656,0.0001751817326294,612000000,results/rs/SC5_MHBD_MWPM_5x/results/sweep_7_exp_0_checkpoints.csv
2033033200030330330033230,0.0656929343070656,0.0001751817326294,772000000,results/rs/SC5_MHBD_MWPM_5x/results/sweep_7_exp_0_checkpoints.csv
2033033200030330330033230,0.0656929343070656,0.0001751817326294,972000000,results/rs/SC5_MHBD_MWPM_5x/results/sweep_7_exp_0_checkpoints.csv
2303030332330203033030030,0.0643229356770643,0.0001734724792186,1224000000,results/rs/SC5_MHBD_MWPM_5x/results/sweep_7_exp_0_checkpoints.csv
2303030332330203033030030,0.0643229356770643,0.0001734724792186,1542000000,results/rs/SC5_MHBD_MWPM_5x/results/sweep_7_exp_0_checkpoints.csv
0003033000033330030002023,0.0636084363915636,0.0001725721813272,1942000000,results/rs/SC5_MHBD_MWPM_5x/results/sweep_7_exp_0_checkpoints.csv
0003033000033330030002023,0.0636084363915636,0.0001725721813272,2446000000,results/rs/SC5_MHBD_MWPM_5x/results/sweep_7_exp_0_checkpoints.csv
0003033000033330030002023,0.0636084363915636,0.0001725721813272,3080000000,results/rs/SC5_MHBD_MWPM_5x/results/sweep_7_exp_0_checkpoints.csv
0003033000033330030002023,0.0636084363915636,0.0001725721813272,3878000000,results/rs/SC5_MHBD_MWPM_5x/results/sweep_7_exp_0_checkpoints.csv
0003033000033330030002023,0.0636084363915636,0.0001725721813272,4884000000,results/rs/SC5_MHBD_MWPM_5x/results/sweep_7_exp_0_checkpoints.csv
0003033000033330030002023,0.0636084363915636,0.0001725721813272,6150000000,results/rs/SC5_MHBD_MWPM_5x/results/sweep_7_exp_0_checkpoints.csv
0003033000033330030002023,0.0636084363915636,0.0001725721813272,7744000000,results/rs/SC5_MHBD_MWPM_5x/results/sweep_7_exp_0_checkpoints.csv
0330200000030030330030333,0.063064936935063,0.0001718831917969,9750000000,results/rs/SC5_MHBD_MWPM_5x/results/sweep_7_exp_0_checkpoints.csv
0330200000030030330030333,0.063064936935063,0.0001718831917969,12276000000,results/rs/SC5_MHBD_MWPM_5x/results/sweep_7_exp_0_checkpoints.csv
0330200000030030330030333,0.063064936935063,0.0001718831917969,15456000000,results/rs/SC5_MHBD_MWPM_5x/results/sweep_7_exp_0_checkpoints.csv
0330200000030030330030333,0.063064936935063,0.0001718831917969,19458000000,results/rs/SC5_MHBD_MWPM_5x/results/sweep_7_exp_0_checkpoints.csv
0333300002000003330033030,0.0623949376050623,0.0001710288343019,24498000000,results/rs/SC5_MHBD_MWPM_5x/results/sweep_7_exp_0_checkpoints.csv
0333300002000003330033030,0.0623949376050623,0.0001710288343019,30842000000,results/rs/SC5_MHBD_MWPM_5x/results/sweep_7_exp_0_checkpoints.csv
0333300002000003330033030,0.0623949376050623,0.0001710288343019,38828000000,results/rs/SC5_MHBD_MWPM_5x/results/sweep_7_exp_0_checkpoints.csv
0333300002000003330033030,0.0623949376050623,0.0001710288343019,48882000000,results/rs/SC5_MHBD_MWPM_5x/results/sweep_7_exp_0_checkpoints.csv
0333300002000003330033030,0.0623949376050623,0.0001710288343019,61540000000,results/rs/SC5_MHBD_MWPM_5x/results/sweep_7_exp_0_checkpoints.csv
3333000303330020000003333,0.0614024385975614,0.0001697528932709,77476000000,results/rs/SC5_MHBD_MWPM_5x/results/sweep_7_exp_0_checkpoints.csv
0222330202022300022233030,0.0797359202640797,0.0001915437169373,2000000,results/rs/SC5_MHBD_MWPM_5x/results/sweep_1_exp_0_checkpoints.csv
0222330202022300022233030,0.0797359202640797,0.0001915437169373,4000000,results/rs/SC5_MHBD_MWPM_5x/results/sweep_1_exp_0_checkpoints.csv
3320020322003023220023022,0.0792544207455792,0.0001910144637804,6000000,results/rs/SC5_MHBD_MWPM_5x/results/sweep_1_exp_0_checkpoints.csv
3320020322003023220023022,0.0792544207455792,0.0001910144637804,8000000,results/rs/SC5_MHBD_MWPM_5x/results/sweep_1_exp_0_checkpoints.csv
3020220300303202200232303,0.0746459253540746,0.0001858410687418,12000000,results/rs/SC5_MHBD_MWPM_5x/results/sweep_1_exp_0_checkpoints.csv
0300222220230323032003303,0.0742504257495742,0.000185387689271,16000000,results/rs/SC5_MHBD_MWPM_5x/results/sweep_1_exp_0_checkpoints.csv
0220330003030320320333333,0.0672284327715672,0.0001770715607563,22000000,results/rs/SC5_MHBD_MWPM_5x/results/sweep_1_exp_0_checkpoints.csv
0220330003030320320333333,0.0672284327715672,0.0001770715607563,28000000,results/rs/SC5_MHBD_MWPM_5x/results/sweep_1_exp_0_checkpoints.csv
0220330003030320320333333,0.0672284327715672,0.0001770715607563,36000000,results/rs/SC5_MHBD_MWPM_5x/results/sweep_1_exp_0_checkpoints.csv
0220330003030320320333333,0.0672284327715672,0.0001770715607563,46000000,results/rs/SC5_MHBD_MWPM_5x/results/sweep_1_exp_0_checkpoints.csv
0220330003030320320333333,0.0672284327715672,0.0001770715607563,58000000,results/rs/SC5_MHBD_MWPM_5x/results/sweep_1_exp_0_checkpoints.csv
0220330003030320320333333,0.0672284327715672,0.0001770715607563,74000000,results/rs/SC5_MHBD_MWPM_5x/results/sweep_1_exp_0_checkpoints.csv
0220330003030320320333333,0.0672284327715672,0.0001770715607563,94000000,results/rs/SC5_MHBD_MWPM_5x/results/sweep_1_exp_0_checkpoints.csv
0220330003030320320333333,0.0672284327715672,0.0001770715607563,120000000,results/rs/SC5_MHBD_MWPM_5x/results/sweep_1_exp_0_checkpoints.csv
3030320023030000030033230,0.0663069336930663,0.0001759406586643,152000000,results/rs/SC5_MHBD_MWPM_5x/results/sweep_1_exp_0_checkpoints.csv
3030320023030000030033230,0.0663069336930663,0.0001759406586643,192000000,results/rs/SC5_MHBD_MWPM_5x/results/sweep_1_exp_0_checkpoints.csv
3030320023030000030033230,0.0663069336930663,0.0001759406586643,242000000,results/rs/SC5_MHBD_MWPM_5x/results/sweep_1_exp_0_checkpoints.csv
3030320023030000030033230,0.0663069336930663,0.0001759406586643,306000000,results/rs/SC5_MHBD_MWPM_5x/results/sweep_1_exp_0_checkpoints.csv
3030320023030000030033230,0.0663069336930663,0.0001759406586643,386000000,results/rs/SC5_MHBD_MWPM_5x/results/sweep_1_exp_0_checkpoints.csv
3030320023030000030033230,0.0663069336930663,0.0001759406586643,486000000,results/rs/SC5_MHBD_MWPM_5x/results/sweep_1_exp_0_checkpoints.csv
3030332030033303330203330,0.0658989341010659,0.0001754368422552,612000000,results/rs/SC5_MHBD_MWPM_5x/results/sweep_1_exp_0_checkpoints.csv
3030332030033303330203330,0.0658989341010659,0.0001754368422552,772000000,results/rs/SC5_MHBD_MWPM_5x/results/sweep_1_exp_0_checkpoints.csv
3030332030033303330203330,0.0658989341010659,0.0001754368422552,972000000,results/rs/SC5_MHBD_MWPM_5x/results/sweep_1_exp_0_checkpoints.csv
3030332030033303330203330,0.0658989341010659,0.0001754368422552,1224000000,results/rs/SC5_MHBD_MWPM_5x/results/sweep_1_exp_0_checkpoints.csv
3030332030033303330203330,0.0658989341010659,0.0001754368422552,1542000000,results/rs/SC5_MHBD_MWPM_5x/results/sweep_1_exp_0_checkpoints.csv
0233003333200003030233333,0.0648284351715648,0.0001741057349136,1942000000,results/rs/SC5_MHBD_MWPM_5x/results/sweep_1_exp_0_checkpoints.csv
0233003333200003030233333,0.0648284351715648,0.0001741057349136,2446000000,results/rs/SC5_MHBD_MWPM_5x/results/sweep_1_exp_0_checkpoints.csv
0300003033303323030203030,0.0645444354555645,0.0001737503480399,3080000000,results/rs/SC5_MHBD_MWPM_5x/results/sweep_1_exp_0_checkpoints.csv
0300030333003303330333032,0.0616119383880616,0.0001700232678558,3878000000,results/rs/SC5_MHBD_MWPM_5x/results/sweep_1_exp_0_checkpoints.csv
0300030333003303330333032,0.0616119383880616,0.0001700232678558,4884000000,results/rs/SC5_MHBD_MWPM_5x/results/sweep_1_exp_0_checkpoints.csv
0300030333003303330333032,0.0616119383880616,0.0001700232678558,6150000000,results/rs/SC5_MHBD_MWPM_5x/results/sweep_1_exp_0_checkpoints.csv
0300030333003303330333032,0.0616119383880616,0.0001700232678558,7744000000,results/rs/SC5_MHBD_MWPM_5x/results/sweep_1_exp_0_checkpoints.csv
0300030333003303330333032,0.0616119383880616,0.0001700232678558,9750000000,results/rs/SC5_MHBD_MWPM_5x/results/sweep_1_exp_0_checkpoints.csv
0300030333003303330333032,0.0616119383880616,0.0001700232678558,12276000000,results/rs/SC5_MHBD_MWPM_5x/results/sweep_1_exp_0_checkpoints.csv
0300030333003303330333032,0.0616119383880616,0.0001700232678558,15456000000,results/rs/SC5_MHBD_MWPM_5x/results/sweep_1_exp_0_checkpoints.csv
0300030333003303330333032,0.0616119383880616,0.0001700232678558,19458000000,results/rs/SC5_MHBD_MWPM_5x/results/sweep_1_exp_0_checkpoints.csv
0300030333003303330333032,0.0616119383880616,0.0001700232678558,24498000000,results/rs/SC5_MHBD_MWPM_5x/results/sweep_1_exp_0_checkpoints.csv
0300030333003303330333032,0.0616119383880616,0.0001700232678558,30842000000,results/rs/SC5_MHBD_MWPM_5x/results/sweep_1_exp_0_checkpoints.csv
0300030333003303330333032,0.0616119383880616,0.0001700232678558,38828000000,results/rs/SC5_MHBD_MWPM_5x/results/sweep_1_exp_0_checkpoints.csv
0300030333003303330333032,0.0616119383880616,0.0001700232678558,48882000000,results/rs/SC5_MHBD_MWPM_5x/results/sweep_1_exp_0_checkpoints.csv
0300030333003303330333032,0.0616119383880616,0.0001700232678558,61540000000,results/rs/SC5_MHBD_MWPM_5x/results/sweep_1_exp_0_checkpoints.csv
0300030333003303330333032,0.0616119383880616,0.0001700232678558,77476000000,results/rs/SC5_MHBD_MWPM_5x/results/sweep_1_exp_0_checkpoints.csv
