clifford_deformation,exp_ler,uncertainty,method_shots,source_file
2003030030300322003322320,0.0101443093025917,0.0003232242015656,776933,results/ebbi/SC5_MHBD_MWPM_2_5x/results/sweep_12_exp_0_checkpoints.csv
2003030030300322003322320,0.0101443093025917,0.0003232242015656,1041407,results/ebbi/SC5_MHBD_MWPM_2_5x/results/sweep_12_exp_0_checkpoints.csv
2003030030300322003322320,0.0101443093025917,0.0003232242015656,1249178,results/ebbi/SC5_MHBD_MWPM_2_5x/results/sweep_12_exp_0_checkpoints.csv
2003030030300322003322320,0.0101443093025917,0.0003232242015656,1607265,results/ebbi/SC5_MHBD_MWPM_2_5x/results/sweep_12_exp_0_checkpoints.csv
2003030030300322003322320,0.0102242301769702,0.0002163234748877,1979984,results/ebbi/SC5_MHBD_MWPM_2_5x/results/sweep_12_exp_0_checkpoints.csv
2003030030303302003322320,0.0100312455498127,0.0002039444661932,2713360,results/ebbi/SC5_MHBD_MWPM_2_5x/results/sweep_12_exp_0_checkpoints.csv
2003030030303302003322320,0.0100312455498127,0.0002039444661932,3115541,results/ebbi/SC5_MHBD_MWPM_2_5x/results/sweep_12_exp_0_checkpoints.csv
2003030030303302003322320,0.0100312455498127,0.0002039444661932,4061459,results/ebbi/SC5_MHBD_MWPM_2_5x/results/sweep_12_exp_0_checkpoints.csv
2003030030303302003322320,0.0100312455498127,0.0002039444661932,5054107,results/ebbi/SC5_MHBD_MWPM_2_5x/results/sweep_12_exp_0_checkpoints.csv
2003330030303302003322320,0.0100859631868516,0.0002026952570304,6257455,results/ebbi/SC5_MHBD_MWPM_2_5x/results/sweep_12_exp_0_checkpoints.csv
2003330030303302003322320,0.0100645241526632,0.000134988425998,8464453,results/ebbi/SC5_MHBD_MWPM_2_5x/results/sweep_12_exp_0_checkpoints.csv
2003030032300300003322330,0.0099084008851068,0.0001335006236331,9868227,results/ebbi/SC5_MHBD_MWPM_2_5x/results/sweep_12_exp_0_checkpoints.csv
2003033032300300003322330,0.0095365581584017,0.0001957418571691,12333866,results/ebbi/SC5_MHBD_MWPM_2_5x/results/sweep_12_exp_0_checkpoints.csv
0003033032300300003323330,0.0095598936553117,0.0001283111632801,15621132,results/ebbi/SC5_MHBD_MWPM_2_5x/results/sweep_12_exp_0_checkpoints.csv
0000033032300303003323330,0.0093550181765526,0.0001879217597888,19644505,results/ebbi/SC5_MHBD_MWPM_2_5x/results/sweep_12_exp_0_checkpoints.csv
0300033032300303003323330,0.0092002228739394,0.0001233156363014,24700389,results/ebbi/SC5_MHBD_MWPM_2_5x/results/sweep_12_exp_0_checkpoints.csv
0300033032300303003323330,0.0092002228739394,0.0001233156363014,31180973,results/ebbi/SC5_MHBD_MWPM_2_5x/results/sweep_12_exp_0_checkpoints.csv
0300033032300303033323330,0.0092488452753698,8.215361594920978e-05,39961420,results/ebbi/SC5_MHBD_MWPM_2_5x/results/sweep_12_exp_0_checkpoints.csv
0300033032300303033323330,0.0092488452753698,8.215361594920978e-05,50003602,results/ebbi/SC5_MHBD_MWPM_2_5x/results/sweep_12_exp_0_checkpoints.csv
0003033032300300003323330,0.0093410778753902,3.758475213544443e-05,62441371,results/ebbi/SC5_MHBD_MWPM_2_5x/results/sweep_12_exp_0_checkpoints.csv
0003033032300300003323330,0.0093410778753902,3.758475213544443e-05,79661810,results/ebbi/SC5_MHBD_MWPM_2_5x/results/sweep_12_exp_0_checkpoints.csv
0003033032300300003323330,0.0093410778753902,3.758475213544443e-05,99615750,results/ebbi/SC5_MHBD_MWPM_2_5x/results/sweep_12_exp_0_checkpoints.csv
0003033032300300003323330,0.0093410778753902,3.758475213544443e-05,126068646,results/ebbi/SC5_MHBD_MWPM_2_5x/results/sweep_12_exp_0_checkpoints.csv
0300033032300303003323330,0.0093345092326736,2.4534167096135207e-05,155057782,results/ebbi/SC5_MHBD_MWPM_2_5x/results/sweep_12_exp_0_checkpoints.csv
0300333030000303003333330,0.0085371913491858,0.000114466958621,195243889,results/ebbi/SC5_MHBD_MWPM_2_5x/results/sweep_12_exp_0_checkpoints.csv
0333333030300303003033330,0.0086863028297815,5.119065099279396e-05,245931168,results/ebbi/SC5_MHBD_MWPM_2_5x/results/sweep_12_exp_0_checkpoints.csv
0333333030330300030033330,0.0083923433871615,7.449783879565075e-05,309588903,results/ebbi/SC5_MHBD_MWPM_2_5x/results/sweep_12_exp_0_checkpoints.csv
0333333000030300030030330,0.0082548244308213,4.874045771430247e-05,392242645,results/ebbi/SC5_MHBD_MWPM_2_5x/results/sweep_12_exp_0_checkpoints.csv
0333303000330300030033330,0.0082261458385866,3.2606338209006935e-05,490457816,results/ebbi/SC5_MHBD_MWPM_2_5x/results/sweep_12_exp_0_checkpoints.csv
0333303000330300030033330,0.0082341253350765,2.1748013750766404e-05,625676623,results/ebbi/SC5_MHBD_MWPM_2_5x/results/sweep_12_exp_0_checkpoints.csv
0333303000330300030033330,0.0082340423647872,1.449860428692773e-05,784080774,results/ebbi/SC5_MHBD_MWPM_2_5x/results/sweep_12_exp_0_checkpoints.csv
0333303000030300030033330,0.0080589097589298,7.18331357347779e-05,978110795,results/ebbi/SC5_MHBD_MWPM_2_5x/results/sweep_12_exp_0_checkpoints.csv
0333303300030300030033330,0.0080130789231362,3.170624404447153e-05,1232733809,results/ebbi/SC5_MHBD_MWPM_2_5x/results/sweep_12_exp_0_checkpoints.csv
0333300300030300030033330,0.0079747934172201,2.095708987326361e-05,1553326470,results/ebbi/SC5_MHBD_MWPM_2_5x/results/sweep_12_exp_0_checkpoints.csv
0333330300030300030033330,0.007940201057729,2.0775989469257183e-05,1967302775,results/ebbi/SC5_MHBD_MWPM_2_5x/results/sweep_12_exp_0_checkpoints.csv
0333330300030300030033330,0.007940201057729,2.0775989469257183e-05,2459676358,results/ebbi/SC5_MHBD_MWPM_2_5x/results/sweep_12_exp_0_checkpoints.csv
0333300300030300030033330,0.0079516117431114,9.30082387640141e-06,3093193730,results/ebbi/SC5_MHBD_MWPM_2_5x/results/sweep_12_exp_0_checkpoints.csv
0333300330030300030333330,0.0078222525349201,6.949584349058568e-05,3894667170,results/ebbi/SC5_MHBD_MWPM_2_5x/results/sweep_12_exp_0_checkpoints.csv
0333300300030300030033330,0.0079516117431114,9.30082387640141e-06,4902497618,results/ebbi/SC5_MHBD_MWPM_2_5x/results/sweep_12_exp_0_checkpoints.csv
0333300300030300030033330,0.0079516117431114,9.30082387640141e-06,6171977109,results/ebbi/SC5_MHBD_MWPM_2_5x/results/sweep_12_exp_0_checkpoints.csv
0333300300030300030033330,0.0079516117431114,9.30082387640141e-06,7769418235,results/ebbi/SC5_MHBD_MWPM_2_5x/results/sweep_12_exp_0_checkpoints.csv
0333300300030300030033330,0.0079516117431114,9.30082387640141e-06,9781135927,results/ebbi/SC5_MHBD_MWPM_2_5x/results/sweep_12_exp_0_checkpoints.csv
0333300300030300030033330,0.0079516117431114,9.30082387640141e-06,12314232028,results/ebbi/SC5_MHBD_MWPM_2_5x/results/sweep_12_exp_0_checkpoints.csv
0333300300030300030033330,0.0079516117431114,9.30082387640141e-06,15502840387,results/ebbi/SC5_MHBD_MWPM_2_5x/results/sweep_12_exp_0_checkpoints.csv
0333300300030300030033330,0.0079516117431114,9.30082387640141e-06,19515722515,results/ebbi/SC5_MHBD_MWPM_2_5x/results/sweep_12_exp_0_checkpoints.csv
0333300300030300030033330,0.0079516117431114,9.30082387640141e-06,24568992835,results/ebbi/SC5_MHBD_MWPM_2_5x/results/sweep_12_exp_0_checkpoints.csv
0333300300030300030033330,0.0079516117431114,9.30082387640141e-06,30931087225,results/ebbi/SC5_MHBD_MWPM_2_5x/results/sweep_12_exp_0_checkpoints.csv
0333300300030300030033330,0.0079516117431114,9.30082387640141e-06,38939024302,results/ebbi/SC5_MHBD_MWPM_2_5x/results/sweep_12_exp_0_checkpoints.csv
0333300300030300030033330,0.0079516117431114,9.30082387640141e-06,49021160944,results/ebbi/SC5_MHBD_MWPM_2_5x/results/sweep_12_exp_0_checkpoints.csv
0333300300030300030033330,0.0079516117431114,9.30082387640141e-06,61713997594,results/ebbi/SC5_MHBD_MWPM_2_5x/results/sweep_12_exp_0_checkpoints.csv
0333300300030300030033330,0.0079516117431114,9.30082387640141e-06,77693307622,results/ebbi/SC5_MHBD_MWPM_2_5x/results/sweep_12_exp_0_checkpoints.csv
0333300300030300030033330,0.0079516117431114,9.30082387640141e-06,97810185103,results/ebbi/SC5_MHBD_MWPM_2_5x/results/sweep_12_exp_0_checkpoints.csv
0333300300030300030033330,0.0079516117431114,9.30082387640141e-06,100000000000,results/ebbi/SC5_MHBD_MWPM_2_5x/results/sweep_12_exp_0_checkpoints.csv
3030223320033000200333300,0.0096188457385113,0.0003086273791268,623081,results/ebbi/SC5_MHBD_MWPM_2_5x/results/sweep_3_exp_0_checkpoints.csv
0030223320033000200333300,0.009474204532972,0.0002930916671175,1412461,results/ebbi/SC5_MHBD_MWPM_2_5x/results/sweep_3_exp_0_checkpoints.csv
0030223320033000200333300,0.009474204532972,0.0002930916671175,1633149,results/ebbi/SC5_MHBD_MWPM_2_5x/results/sweep_3_exp_0_checkpoints.csv
0030223320033000220333300,0.009331690241463,0.0002873190096579,1983261,results/ebbi/SC5_MHBD_MWPM_2_5x/results/sweep_3_exp_0_checkpoints.csv
0030223320033000220333300,0.009331690241463,0.0002873190096579,2498994,results/ebbi/SC5_MHBD_MWPM_2_5x/results/sweep_3_exp_0_checkpoints.csv
0030223320033000220333300,0.009331690241463,0.0002873190096579,3188039,results/ebbi/SC5_MHBD_MWPM_2_5x/results/sweep_3_exp_0_checkpoints.csv
3030223320033000200333303,0.0096240362389661,0.0001359517336823,4187617,results/ebbi/SC5_MHBD_MWPM_2_5x/results/sweep_3_exp_0_checkpoints.csv
3030223320033000200333303,0.0096240362389661,0.0001359517336823,5041496,results/ebbi/SC5_MHBD_MWPM_2_5x/results/sweep_3_exp_0_checkpoints.csv
3030223320033000200333303,0.0096240362389661,0.0001359517336823,6425282,results/ebbi/SC5_MHBD_MWPM_2_5x/results/sweep_3_exp_0_checkpoints.csv
3030223320033000200333303,0.0096240362389661,0.0001359517336823,8001913,results/ebbi/SC5_MHBD_MWPM_2_5x/results/sweep_3_exp_0_checkpoints.csv
3030223320033000200333300,0.0097482913058057,9.20538222999312e-05,10516146,results/ebbi/SC5_MHBD_MWPM_2_5x/results/sweep_3_exp_0_checkpoints.csv
3030223320033000200333300,0.0097482913058057,9.20538222999312e-05,12576787,results/ebbi/SC5_MHBD_MWPM_2_5x/results/sweep_3_exp_0_checkpoints.csv
3030223320033000200333300,0.0097482913058057,9.20538222999312e-05,16181222,results/ebbi/SC5_MHBD_MWPM_2_5x/results/sweep_3_exp_0_checkpoints.csv
3030223320033000200333300,0.0097470328374699,6.136533920653164e-05,19890397,results/ebbi/SC5_MHBD_MWPM_2_5x/results/sweep_3_exp_0_checkpoints.csv
3030323323033000200333300,0.009568571900099,0.000127640159917,24838551,results/ebbi/SC5_MHBD_MWPM_2_5x/results/sweep_3_exp_0_checkpoints.csv
3030323320033300000333330,0.0088899878271454,0.0001830762048484,31312089,results/ebbi/SC5_MHBD_MWPM_2_5x/results/sweep_3_exp_0_checkpoints.csv
3330323320033300030330330,0.0089387427506213,0.0001197290403069,40018563,results/ebbi/SC5_MHBD_MWPM_2_5x/results/sweep_3_exp_0_checkpoints.csv
3330323320033300030333030,0.0090806060481659,8.121771679725498e-05,50639599,results/ebbi/SC5_MHBD_MWPM_2_5x/results/sweep_3_exp_0_checkpoints.csv
3330323320033300030333030,0.0090813480000703,5.414737461251207e-05,63990408,results/ebbi/SC5_MHBD_MWPM_2_5x/results/sweep_3_exp_0_checkpoints.csv
3330323320033300030333030,0.0090813480000703,5.414737461251207e-05,78875116,results/ebbi/SC5_MHBD_MWPM_2_5x/results/sweep_3_exp_0_checkpoints.csv
3330303300030300330333030,0.0081911957811655,0.0001688896882114,98867820,results/ebbi/SC5_MHBD_MWPM_2_5x/results/sweep_3_exp_0_checkpoints.csv
3300303300030300330333030,0.0083481867154711,7.410457328660414e-05,124796270,results/ebbi/SC5_MHBD_MWPM_2_5x/results/sweep_3_exp_0_checkpoints.csv
3330303300030300030333030,0.008375446995892,4.954292671754956e-05,158568768,results/ebbi/SC5_MHBD_MWPM_2_5x/results/sweep_3_exp_0_checkpoints.csv
3330303300030300030303030,0.0083775407071163,3.2910633308347315e-05,200018408,results/ebbi/SC5_MHBD_MWPM_2_5x/results/sweep_3_exp_0_checkpoints.csv
3330333300000300030333030,0.0082700864680636,7.343169272644445e-05,248990306,results/ebbi/SC5_MHBD_MWPM_2_5x/results/sweep_3_exp_0_checkpoints.csv
3300303300030300330333030,0.0083021326365272,3.284518970758654e-05,316625466,results/ebbi/SC5_MHBD_MWPM_2_5x/results/sweep_3_exp_0_checkpoints.csv
3300303300030300330333030,0.0083173334589679,2.191666317230556e-05,401608948,results/ebbi/SC5_MHBD_MWPM_2_5x/results/sweep_3_exp_0_checkpoints.csv
0333303300000300030333330,0.007706121482417,0.000158587572514,495314798,results/ebbi/SC5_MHBD_MWPM_2_5x/results/sweep_3_exp_0_checkpoints.csv
0333303300030300030333330,0.0080050228941936,4.768136568600312e-05,624676860,results/ebbi/SC5_MHBD_MWPM_2_5x/results/sweep_3_exp_0_checkpoints.csv
0333300300030300030003330,0.0080161832892769,3.144155562040396e-05,784464116,results/ebbi/SC5_MHBD_MWPM_2_5x/results/sweep_3_exp_0_checkpoints.csv
0333300330030300030003330,0.008014939001178,2.095911622745916e-05,990080441,results/ebbi/SC5_MHBD_MWPM_2_5x/results/sweep_3_exp_0_checkpoints.csv
0333330300030300030033330,0.007950527417508,2.100005440297537e-05,1243595182,results/ebbi/SC5_MHBD_MWPM_2_5x/results/sweep_3_exp_0_checkpoints.csv
0333300300030300030033033,0.0079881078537575,4.713967064162716e-05,1569419898,results/ebbi/SC5_MHBD_MWPM_2_5x/results/sweep_3_exp_0_checkpoints.csv
0333300300030300030333030,0.0079603978311326,2.084675907099154e-05,1972848558,results/ebbi/SC5_MHBD_MWPM_2_5x/results/sweep_3_exp_0_checkpoints.csv
0303330300030300030333330,0.0079560413331731,2.0824672901653685e-05,2484298614,results/ebbi/SC5_MHBD_MWPM_2_5x/results/sweep_3_exp_0_checkpoints.csv
0303330300030300030333330,0.0079560413331731,2.0824672901653685e-05,3126042294,results/ebbi/SC5_MHBD_MWPM_2_5x/results/sweep_3_exp_0_checkpoints.csv
0303330300030300030333330,0.0079560413331731,2.0824672901653685e-05,3932167522,results/ebbi/SC5_MHBD_MWPM_2_5x/results/sweep_3_exp_0_checkpoints.csv
0303330300030300030333330,0.0079560413331731,2.0824672901653685e-05,4949854238,results/ebbi/SC5_MHBD_MWPM_2_5x/results/sweep_3_exp_0_checkpoints.csv
0303330300030300030333330,0.0079560413331731,2.0824672901653685e-05,6230921800,results/ebbi/SC5_MHBD_MWPM_2_5x/results/sweep_3_exp_0_checkpoints.csv
0303330300030300030333330,0.0079560413331731,2.0824672901653685e-05,7846339844,results/ebbi/SC5_MHBD_MWPM_2_5x/results/sweep_3_exp_0_checkpoints.csv
0303330300030300030333330,0.0079560413331731,2.0824672901653685e-05,9875217724,results/ebbi/SC5_MHBD_MWPM_2_5x/results/sweep_3_exp_0_checkpoints.csv
0303330300030300030333330,0.0079560413331731,2.0824672901653685e-05,12432234789,results/ebbi/SC5_MHBD_MWPM_2_5x/results/sweep_3_exp_0_checkpoints.csv
0303330300030300030333330,0.0079560413331731,2.0824672901653685e-05,15651531336,results/ebbi/SC5_MHBD_MWPM_2_5x/results/sweep_3_exp_0_checkpoints.csv
0303330300030300030333330,0.0079560413331731,2.0824672901653685e-05,19703775638,results/ebbi/SC5_MHBD_MWPM_2_5x/results/sweep_3_exp_0_checkpoints.csv
0303330300030300030333330,0.0079560413331731,2.0824672901653685e-05,24805375840,results/ebbi/SC5_MHBD_MWPM_2_5x/results/sweep_3_exp_0_checkpoints.csv
0303330300030300030333330,0.0079560413331731,2.0824672901653685e-05,31228113565,results/ebbi/SC5_MHBD_MWPM_2_5x/results/sweep_3_exp_0_checkpoints.csv
0303330300030300030333330,0.0079560413331731,2.0824672901653685e-05,39313799956,results/ebbi/SC5_MHBD_MWPM_2_5x/results/sweep_3_exp_0_checkpoints.csv
0303330300030300030333330,0.0079560413331731,2.0824672901653685e-05,49493171577,results/ebbi/SC5_MHBD_MWPM_2_5x/results/sweep_3_exp_0_checkpoints.csv
0303330300030300030333330,0.0079560413331731,2.0824672901653685e-05,62308230965,results/ebbi/SC5_MHBD_MWPM_2_5x/results/sweep_3_exp_0_checkpoints.csv
0303330300030300030333330,0.0079560413331731,2.0824672901653685e-05,78441366190,results/ebbi/SC5_MHBD_MWPM_2_5x/results/sweep_3_exp_0_checkpoints.csv
0303330300030300030333330,0.0079560413331731,2.0824672901653685e-05,98751817871,results/ebbi/SC5_MHBD_MWPM_2_5x/results/sweep_3_exp_0_checkpoints.csv
0303330300030300030333330,0.0079560413331731,2.0824672901653685e-05,100000000000,results/ebbi/SC5_MHBD_MWPM_2_5x/results/sweep_3_exp_0_checkpoints.csv
2032000000003302033203232,0.0101219938738089,0.0003258764045313,713725,results/ebbi/SC5_MHBD_MWPM_2_5x/results/sweep_25_exp_0_checkpoints.csv
2032000000003302033303232,0.0094963658328877,0.000305192603264,1185735,results/ebbi/SC5_MHBD_MWPM_2_5x/results/sweep_25_exp_0_checkpoints.csv
2032000000003302033303232,0.0094963658328877,0.000305192603264,1463900,results/ebbi/SC5_MHBD_MWPM_2_5x/results/sweep_25_exp_0_checkpoints.csv
2032000000003302033303232,0.0094963658328877,0.000305192603264,1816036,results/ebbi/SC5_MHBD_MWPM_2_5x/results/sweep_25_exp_0_checkpoints.csv
2032000000003303033303232,0.0091015415461188,0.0002816160849761,2408383,results/ebbi/SC5_MHBD_MWPM_2_5x/results/sweep_25_exp_0_checkpoints.csv
2032000000003303033303232,0.0091015415461188,0.0002816160849761,2929837,results/ebbi/SC5_MHBD_MWPM_2_5x/results/sweep_25_exp_0_checkpoints.csv
2032000000003303033303232,0.0091015415461188,0.0002816160849761,3614386,results/ebbi/SC5_MHBD_MWPM_2_5x/results/sweep_25_exp_0_checkpoints.csv
2032000000003303033303333,0.0092736001730351,0.0001883771910797,4600427,results/ebbi/SC5_MHBD_MWPM_2_5x/results/sweep_25_exp_0_checkpoints.csv
2032000000003303033303333,0.0092736001730351,0.0001883771910797,5807324,results/ebbi/SC5_MHBD_MWPM_2_5x/results/sweep_25_exp_0_checkpoints.csv
2033000000003303033303333,0.0088573622547118,0.0001826811349019,7232253,results/ebbi/SC5_MHBD_MWPM_2_5x/results/sweep_25_exp_0_checkpoints.csv
2033000000003303033300333,0.0087647069587015,0.0001783085754141,9126885,results/ebbi/SC5_MHBD_MWPM_2_5x/results/sweep_25_exp_0_checkpoints.csv
2033000000003303033300333,0.0087647069587015,0.0001783085754141,11344546,results/ebbi/SC5_MHBD_MWPM_2_5x/results/sweep_25_exp_0_checkpoints.csv
2033000030003303033303333,0.0088867157964775,0.0001216510354424,14392075,results/ebbi/SC5_MHBD_MWPM_2_5x/results/sweep_25_exp_0_checkpoints.csv
2033000030003303033303333,0.0088867157964775,0.0001216510354424,18607924,results/ebbi/SC5_MHBD_MWPM_2_5x/results/sweep_25_exp_0_checkpoints.csv
2033000030003303033303333,0.008912682594244,8.12181388027966e-05,23070014,results/ebbi/SC5_MHBD_MWPM_2_5x/results/sweep_25_exp_0_checkpoints.csv
2033000030003303033303333,0.008912682594244,8.12181388027966e-05,29045869,results/ebbi/SC5_MHBD_MWPM_2_5x/results/sweep_25_exp_0_checkpoints.csv
2033000000003303033303333,0.0089578270269332,5.443137706606649e-05,35811096,results/ebbi/SC5_MHBD_MWPM_2_5x/results/sweep_25_exp_0_checkpoints.csv
2333030030003303033303333,0.0086868670797966,0.0001170501418528,45095373,results/ebbi/SC5_MHBD_MWPM_2_5x/results/sweep_25_exp_0_checkpoints.csv
2333030030003303033003333,0.0088688079833238,7.83481664257124e-05,56950374,results/ebbi/SC5_MHBD_MWPM_2_5x/results/sweep_25_exp_0_checkpoints.csv
2333030030003303033003333,0.0088446080851952,5.216147110331804e-05,74735601,results/ebbi/SC5_MHBD_MWPM_2_5x/results/sweep_25_exp_0_checkpoints.csv
2333030000003303033003333,0.008744830856561,7.774907135171816e-05,89934415,results/ebbi/SC5_MHBD_MWPM_2_5x/results/sweep_25_exp_0_checkpoints.csv
0330000000003300033003333,0.0084999381672781,7.609253225382417e-05,113987883,results/ebbi/SC5_MHBD_MWPM_2_5x/results/sweep_25_exp_0_checkpoints.csv
3333000000003303033003333,0.0085114480417751,5.0608039600774646e-05,143133923,results/ebbi/SC5_MHBD_MWPM_2_5x/results/sweep_25_exp_0_checkpoints.csv
3333000000003303033003333,0.0085114480417751,5.0608039600774646e-05,182772300,results/ebbi/SC5_MHBD_MWPM_2_5x/results/sweep_25_exp_0_checkpoints.csv
0333030000003303033003333,0.008549401246727,3.411393117858097e-05,233224131,results/ebbi/SC5_MHBD_MWPM_2_5x/results/sweep_25_exp_0_checkpoints.csv
0333000300003303030003333,0.0082717017006725,7.400404138024896e-05,284262667,results/ebbi/SC5_MHBD_MWPM_2_5x/results/sweep_25_exp_0_checkpoints.csv
0333000300003303030003333,0.0082956624417331,3.2937914511421695e-05,360926065,results/ebbi/SC5_MHBD_MWPM_2_5x/results/sweep_25_exp_0_checkpoints.csv
0333030300030300033033333,0.0081905532582828,4.885621819994413e-05,451822742,results/ebbi/SC5_MHBD_MWPM_2_5x/results/sweep_25_exp_0_checkpoints.csv
0333300300030300033033033,0.0081519562159711,3.201438448741101e-05,567046853,results/ebbi/SC5_MHBD_MWPM_2_5x/results/sweep_25_exp_0_checkpoints.csv
0333300300030300033033030,0.0079979292223086,7.138618093449622e-05,714542221,results/ebbi/SC5_MHBD_MWPM_2_5x/results/sweep_25_exp_0_checkpoints.csv
0333300300030300030033330,0.0079439939684582,3.1369683711091056e-05,898529416,results/ebbi/SC5_MHBD_MWPM_2_5x/results/sweep_25_exp_0_checkpoints.csv
0333300300030300030003330,0.0078178067107411,0.0001044436430674,1131615504,results/ebbi/SC5_MHBD_MWPM_2_5x/results/sweep_25_exp_0_checkpoints.csv
0333300300030300030033330,0.0079164689847885,2.0877152564935383e-05,1424237329,results/ebbi/SC5_MHBD_MWPM_2_5x/results/sweep_25_exp_0_checkpoints.csv
0333300300030300030033330,0.0079164689847885,2.0877152564935383e-05,1792990032,results/ebbi/SC5_MHBD_MWPM_2_5x/results/sweep_25_exp_0_checkpoints.csv
0333300300030300030033330,0.0079164689847885,2.0877152564935383e-05,2257013389,results/ebbi/SC5_MHBD_MWPM_2_5x/results/sweep_25_exp_0_checkpoints.csv
0333300300030300030033330,0.0079164689847885,2.0877152564935383e-05,2841728761,results/ebbi/SC5_MHBD_MWPM_2_5x/results/sweep_25_exp_0_checkpoints.csv
0333300300030300030033330,0.0079164689847885,2.0877152564935383e-05,3577233968,results/ebbi/SC5_MHBD_MWPM_2_5x/results/sweep_25_exp_0_checkpoints.csv
0333300300030300030033330,0.0079164689847885,2.0877152564935383e-05,4503397866,results/ebbi/SC5_MHBD_MWPM_2_5x/results/sweep_25_exp_0_checkpoints.csv
0333300300030300030033330,0.0079164689847885,2.0877152564935383e-05,5669764917,results/ebbi/SC5_MHBD_MWPM_2_5x/results/sweep_25_exp_0_checkpoints.csv
0333300300030300030033330,0.0079164689847885,2.0877152564935383e-05,7137260451,results/ebbi/SC5_MHBD_MWPM_2_5x/results/sweep_25_exp_0_checkpoints.csv
0333300300030300030033330,0.0079164689847885,2.0877152564935383e-05,8985298158,results/ebbi/SC5_MHBD_MWPM_2_5x/results/sweep_25_exp_0_checkpoints.csv
0333300300030300030033330,0.0079164689847885,2.0877152564935383e-05,11312186531,results/ebbi/SC5_MHBD_MWPM_2_5x/results/sweep_25_exp_0_checkpoints.csv
0333300300030300030033330,0.0079164689847885,2.0877152564935383e-05,14240802169,results/ebbi/SC5_MHBD_MWPM_2_5x/results/sweep_25_exp_0_checkpoints.csv
0333300300030300030033330,0.0079164689847885,2.0877152564935383e-05,17928047099,results/ebbi/SC5_MHBD_MWPM_2_5x/results/sweep_25_exp_0_checkpoints.csv
0333300300030300030033330,0.0079164689847885,2.0877152564935383e-05,22570043378,results/ebbi/SC5_MHBD_MWPM_2_5x/results/sweep_25_exp_0_checkpoints.csv
0333300300030300030033330,0.0079164689847885,2.0877152564935383e-05,28413994339,results/ebbi/SC5_MHBD_MWPM_2_5x/results/sweep_25_exp_0_checkpoints.csv
0333300300030300030033330,0.0079164689847885,2.0877152564935383e-05,35771075630,results/ebbi/SC5_MHBD_MWPM_2_5x/results/sweep_25_exp_0_checkpoints.csv
0333300300030300030033330,0.0079164689847885,2.0877152564935383e-05,45033087507,results/ebbi/SC5_MHBD_MWPM_2_5x/results/sweep_25_exp_0_checkpoints.csv
0333300300030300030033330,0.0079164689847885,2.0877152564935383e-05,56693234329,results/ebbi/SC5_MHBD_MWPM_2_5x/results/sweep_25_exp_0_checkpoints.csv
0333300300030300030033330,0.0079164689847885,2.0877152564935383e-05,71372638345,results/ebbi/SC5_MHBD_MWPM_2_5x/results/sweep_25_exp_0_checkpoints.csv
0333300300030300030033330,0.0079164689847885,2.0877152564935383e-05,89852704574,results/ebbi/SC5_MHBD_MWPM_2_5x/results/sweep_25_exp_0_checkpoints.csv
0333300300030300030033330,0.0079164689847885,2.0877152564935383e-05,100000000000,results/ebbi/SC5_MHBD_MWPM_2_5x/results/sweep_25_exp_0_checkpoints.csv
0030333220030330330223303,0.0094497173383123,0.0003115987055934,774035,results/ebbi/SC5_MHBD_MWPM_2_5x/results/sweep_23_exp_0_checkpoints.csv
0030333220330330330223303,0.0092096545196403,0.0002938838733825,1511667,results/ebbi/SC5_MHBD_MWPM_2_5x/results/sweep_23_exp_0_checkpoints.csv
0030333220330330330223303,0.0092096545196403,0.0002938838733825,1670788,results/ebbi/SC5_MHBD_MWPM_2_5x/results/sweep_23_exp_0_checkpoints.csv
0030333220330330330223303,0.0092096545196403,0.0002938838733825,1976077,results/ebbi/SC5_MHBD_MWPM_2_5x/results/sweep_23_exp_0_checkpoints.csv
0030333220330330330223303,0.0092096545196403,0.0002938838733825,2482579,results/ebbi/SC5_MHBD_MWPM_2_5x/results/sweep_23_exp_0_checkpoints.csv
0030333200030330330223303,0.009467517070089,0.0002848786534741,3178267,results/ebbi/SC5_MHBD_MWPM_2_5x/results/sweep_23_exp_0_checkpoints.csv
0030333220030330330223303,0.009497172362921,0.0001388343225698,4168466,results/ebbi/SC5_MHBD_MWPM_2_5x/results/sweep_23_exp_0_checkpoints.csv
0030333220030330330223303,0.009497172362921,0.0001388343225698,5067319,results/ebbi/SC5_MHBD_MWPM_2_5x/results/sweep_23_exp_0_checkpoints.csv
0030333200030330030220303,0.0090220317017246,0.0001851503475336,6669463,results/ebbi/SC5_MHBD_MWPM_2_5x/results/sweep_23_exp_0_checkpoints.csv
0030333200000330030230303,0.0088090674222851,0.0002697548770811,7822976,results/ebbi/SC5_MHBD_MWPM_2_5x/results/sweep_23_exp_0_checkpoints.csv
0030333200030330030230303,0.0090071943539713,0.0001841831108322,9966274,results/ebbi/SC5_MHBD_MWPM_2_5x/results/sweep_23_exp_0_checkpoints.csv
0030333200030330030230303,0.0089303812007621,0.0001222691935254,12530427,results/ebbi/SC5_MHBD_MWPM_2_5x/results/sweep_23_exp_0_checkpoints.csv
0030333200030330030230303,0.0089303812007621,0.0001222691935254,16156389,results/ebbi/SC5_MHBD_MWPM_2_5x/results/sweep_23_exp_0_checkpoints.csv
0030333200030330030230303,0.0089303812007621,0.0001222691935254,19665367,results/ebbi/SC5_MHBD_MWPM_2_5x/results/sweep_23_exp_0_checkpoints.csv
0330333200030330030230303,0.0090892554532297,8.047065057326108e-05,24907288,results/ebbi/SC5_MHBD_MWPM_2_5x/results/sweep_23_exp_0_checkpoints.csv
0330333200030330030230303,0.0090892554532297,8.047065057326108e-05,31539892,results/ebbi/SC5_MHBD_MWPM_2_5x/results/sweep_23_exp_0_checkpoints.csv
0330030200033333030233303,0.0082727258067117,0.0002571990480646,39020688,results/ebbi/SC5_MHBD_MWPM_2_5x/results/sweep_23_exp_0_checkpoints.csv
0330330200030333030230203,0.0085418797919294,0.0001749677467159,49189203,results/ebbi/SC5_MHBD_MWPM_2_5x/results/sweep_23_exp_0_checkpoints.csv
0330030200033303000233303,0.0088154824731959,7.789451046846807e-05,62518726,results/ebbi/SC5_MHBD_MWPM_2_5x/results/sweep_23_exp_0_checkpoints.csv
0330030200033333030333303,0.0087946233792385,7.80716072767973e-05,77552345,results/ebbi/SC5_MHBD_MWPM_2_5x/results/sweep_23_exp_0_checkpoints.csv
0330330000030333030230303,0.0083532256903925,0.0001138313164119,97514882,results/ebbi/SC5_MHBD_MWPM_2_5x/results/sweep_23_exp_0_checkpoints.csv
0330330000030333030030303,0.0085792103487222,5.104470619698986e-05,123220551,results/ebbi/SC5_MHBD_MWPM_2_5x/results/sweep_23_exp_0_checkpoints.csv
0330300000030333030030330,0.0080875388986605,0.000164726152434,154519143,results/ebbi/SC5_MHBD_MWPM_2_5x/results/sweep_23_exp_0_checkpoints.csv
0333300000030333030030330,0.008244566743118,7.357841241173446e-05,195967392,results/ebbi/SC5_MHBD_MWPM_2_5x/results/sweep_23_exp_0_checkpoints.csv
0333300000030333030333330,0.0081791504385935,4.8336278268834576e-05,244838653,results/ebbi/SC5_MHBD_MWPM_2_5x/results/sweep_23_exp_0_checkpoints.csv
0333300000030333030333330,0.0082390916134608,3.234108226024546e-05,309395014,results/ebbi/SC5_MHBD_MWPM_2_5x/results/sweep_23_exp_0_checkpoints.csv
0333303000030300030033330,0.0079663930701595,4.778057336807251e-05,387957326,results/ebbi/SC5_MHBD_MWPM_2_5x/results/sweep_23_exp_0_checkpoints.csv
0333303300030300030033330,0.007961014218834,4.700105637311936e-05,489676359,results/ebbi/SC5_MHBD_MWPM_2_5x/results/sweep_23_exp_0_checkpoints.csv
0333300300030300030033330,0.0079220526901329,4.690646164817736e-05,615746934,results/ebbi/SC5_MHBD_MWPM_2_5x/results/sweep_23_exp_0_checkpoints.csv
0333330300030300030333330,0.0075327557509282,0.0002306016685906,778668169,results/ebbi/SC5_MHBD_MWPM_2_5x/results/sweep_23_exp_0_checkpoints.csv
0333300300030300030033330,0.007909137134014,2.0830459106946364e-05,978885839,results/ebbi/SC5_MHBD_MWPM_2_5x/results/sweep_23_exp_0_checkpoints.csv
0333300300030300030033330,0.007909137134014,2.0830459106946364e-05,1227289202,results/ebbi/SC5_MHBD_MWPM_2_5x/results/sweep_23_exp_0_checkpoints.csv
0333300300030300030033330,0.007909137134014,2.0830459106946364e-05,1545289868,results/ebbi/SC5_MHBD_MWPM_2_5x/results/sweep_23_exp_0_checkpoints.csv
0333300300030300030033330,0.007909137134014,2.0830459106946364e-05,1944810341,results/ebbi/SC5_MHBD_MWPM_2_5x/results/sweep_23_exp_0_checkpoints.csv
0333320300030300030333333,0.0075500639649465,0.000153467975906,2447769397,results/ebbi/SC5_MHBD_MWPM_2_5x/results/sweep_23_exp_0_checkpoints.csv
0303330300000300030333330,0.0080778132573472,2.1134812413947657e-05,3082026046,results/ebbi/SC5_MHBD_MWPM_2_5x/results/sweep_23_exp_0_checkpoints.csv
0303330303030300030333330,0.008083397970482,1.394723676639842e-05,3921399561,results/ebbi/SC5_MHBD_MWPM_2_5x/results/sweep_23_exp_0_checkpoints.csv
0303330303030300030003330,0.0080487688690962,2.1066400222480297e-05,4887994542,results/ebbi/SC5_MHBD_MWPM_2_5x/results/sweep_23_exp_0_checkpoints.csv
0333030303030300030003330,0.0080145100473166,2.0990726625313982e-05,6162265643,results/ebbi/SC5_MHBD_MWPM_2_5x/results/sweep_23_exp_0_checkpoints.csv
0333030300030300030303330,0.0079713420405354,3.132814890705049e-05,7740545516,results/ebbi/SC5_MHBD_MWPM_2_5x/results/sweep_23_exp_0_checkpoints.csv
0333030300030300030303330,0.0079713420405354,3.132814890705049e-05,9744781152,results/ebbi/SC5_MHBD_MWPM_2_5x/results/sweep_23_exp_0_checkpoints.csv
0333030300030300030303330,0.0079713420405354,3.132814890705049e-05,12267788562,results/ebbi/SC5_MHBD_MWPM_2_5x/results/sweep_23_exp_0_checkpoints.csv
0033330330030300000003330,0.0078524235761922,0.0001048854173859,15444043097,results/ebbi/SC5_MHBD_MWPM_2_5x/results/sweep_23_exp_0_checkpoints.csv
0333030300030300030303330,0.007994910634652,2.0916037101414983e-05,19442893360,results/ebbi/SC5_MHBD_MWPM_2_5x/results/sweep_23_exp_0_checkpoints.csv
3333330300030300030303030,0.0076920687980666,0.0001038024711306,24477223355,results/ebbi/SC5_MHBD_MWPM_2_5x/results/sweep_23_exp_0_checkpoints.csv
3333330300030300030303030,0.0076920687980666,0.0001038024711306,30814897102,results/ebbi/SC5_MHBD_MWPM_2_5x/results/sweep_23_exp_0_checkpoints.csv
0333330303030300000033330,0.0080629644048903,2.1062280211481262e-05,38795241378,results/ebbi/SC5_MHBD_MWPM_2_5x/results/sweep_23_exp_0_checkpoints.csv
0333330300030300030033033,0.008054751657061,2.1073483367217705e-05,48838307039,results/ebbi/SC5_MHBD_MWPM_2_5x/results/sweep_23_exp_0_checkpoints.csv
0333330300030300030033033,0.0080436050089259,1.4039344023331068e-05,61483877065,results/ebbi/SC5_MHBD_MWPM_2_5x/results/sweep_23_exp_0_checkpoints.csv
0333303300030300030333030,0.008036675510508,2.1006750102969814e-05,77403693702,results/ebbi/SC5_MHBD_MWPM_2_5x/results/sweep_23_exp_0_checkpoints.csv
0333303300030300030333030,0.008036675510508,2.1006750102969814e-05,97445625655,results/ebbi/SC5_MHBD_MWPM_2_5x/results/sweep_23_exp_0_checkpoints.csv
0333303300030300030333030,0.008036675510508,2.1006750102969814e-05,100000000000,results/ebbi/SC5_MHBD_MWPM_2_5x/results/sweep_23_exp_0_checkpoints.csv
0303302333220320200222033,0.0105156428026383,0.0003297911898698,694076,results/ebbi/SC5_MHBD_MWPM_2_5x/results/sweep_5_exp_0_checkpoints.csv
0303302333220320200222033,0.0105156428026383,0.0003297911898698,888722,results/ebbi/SC5_MHBD_MWPM_2_5x/results/sweep_5_exp_0_checkpoints.csv
0303302333220320200222033,0.0105156428026383,0.0003297911898698,1248602,results/ebbi/SC5_MHBD_MWPM_2_5x/results/sweep_5_exp_0_checkpoints.csv
0303302333220320200222033,0.0105156428026383,0.0003297911898698,1482768,results/ebbi/SC5_MHBD_MWPM_2_5x/results/sweep_5_exp_0_checkpoints.csv
0303302333220320200222033,0.0105156428026383,0.0003297911898698,1842587,results/ebbi/SC5_MHBD_MWPM_2_5x/results/sweep_5_exp_0_checkpoints.csv
0303302333220320200222033,0.0105156428026383,0.0003297911898698,2208943,results/ebbi/SC5_MHBD_MWPM_2_5x/results/sweep_5_exp_0_checkpoints.csv
0303302333220320200222033,0.0107132238162491,0.0002218965819338,2823195,results/ebbi/SC5_MHBD_MWPM_2_5x/results/sweep_5_exp_0_checkpoints.csv
0303302333220320200222033,0.0107132238162491,0.0002218965819338,3621926,results/ebbi/SC5_MHBD_MWPM_2_5x/results/sweep_5_exp_0_checkpoints.csv
0303302333220323200222033,0.0106889056183358,0.0001460916100768,4580154,results/ebbi/SC5_MHBD_MWPM_2_5x/results/sweep_5_exp_0_checkpoints.csv
0303302333220323000023023,0.0102876480541455,0.0003137600724585,5798704,results/ebbi/SC5_MHBD_MWPM_2_5x/results/sweep_5_exp_0_checkpoints.csv
3033303230002022330230200,0.0106414231439539,0.0001445616944693,7075568,results/ebbi/SC5_MHBD_MWPM_2_5x/results/sweep_5_exp_0_checkpoints.csv
3033303230002022330230200,0.0106414231439539,0.0001445616944693,9198982,results/ebbi/SC5_MHBD_MWPM_2_5x/results/sweep_5_exp_0_checkpoints.csv
0303302233230323000222033,0.0106457739239521,0.0001427943061571,11084061,results/ebbi/SC5_MHBD_MWPM_2_5x/results/sweep_5_exp_0_checkpoints.csv
0303300333230323000003223,0.0090488197000711,0.0002806709962897,13906888,results/ebbi/SC5_MHBD_MWPM_2_5x/results/sweep_5_exp_0_checkpoints.csv
0303300333230323000003023,0.0090059439229891,0.0001890047133201,17452366,results/ebbi/SC5_MHBD_MWPM_2_5x/results/sweep_5_exp_0_checkpoints.csv
0303300330230323000033023,0.0091450849530697,0.0001227135944645,22240873,results/ebbi/SC5_MHBD_MWPM_2_5x/results/sweep_5_exp_0_checkpoints.csv
0303300333230323030003023,0.0090855495873182,0.0001214229268953,28288893,results/ebbi/SC5_MHBD_MWPM_2_5x/results/sweep_5_exp_0_checkpoints.csv
2303300333030323030003023,0.0083872557189128,0.0001735859841573,34844515,results/ebbi/SC5_MHBD_MWPM_2_5x/results/sweep_5_exp_0_checkpoints.csv
2303300333030323030003023,0.0083872557189128,0.0001735859841573,44016807,results/ebbi/SC5_MHBD_MWPM_2_5x/results/sweep_5_exp_0_checkpoints.csv
3303300333030333030003023,0.008677714576005,0.0001150769749074,55289649,results/ebbi/SC5_MHBD_MWPM_2_5x/results/sweep_5_exp_0_checkpoints.csv
2303300303030333030003033,0.0086694453703729,7.693465886404738e-05,69626089,results/ebbi/SC5_MHBD_MWPM_2_5x/results/sweep_5_exp_0_checkpoints.csv
2303300333030333030003030,0.0084172737895957,0.0001130608507082,87488613,results/ebbi/SC5_MHBD_MWPM_2_5x/results/sweep_5_exp_0_checkpoints.csv
2303300333030333030003030,0.0085098620329598,7.57838788558729e-05,110034186,results/ebbi/SC5_MHBD_MWPM_2_5x/results/sweep_5_exp_0_checkpoints.csv
2303300303030333030003330,0.0085049243042925,5.017909279558808e-05,138809979,results/ebbi/SC5_MHBD_MWPM_2_5x/results/sweep_5_exp_0_checkpoints.csv
2303300300030330030003330,0.0083235256487975,7.435779116349295e-05,175430380,results/ebbi/SC5_MHBD_MWPM_2_5x/results/sweep_5_exp_0_checkpoints.csv
0303300300030330030003320,0.0083895100052674,4.961700687999837e-05,219975755,results/ebbi/SC5_MHBD_MWPM_2_5x/results/sweep_5_exp_0_checkpoints.csv
2333300300030330030033330,0.0080441752972879,0.0001089353609131,276405598,results/ebbi/SC5_MHBD_MWPM_2_5x/results/sweep_5_exp_0_checkpoints.csv
3333300300030330030033330,0.0081303879560468,4.8371428420068696e-05,351575389,results/ebbi/SC5_MHBD_MWPM_2_5x/results/sweep_5_exp_0_checkpoints.csv
3333300300030330030033330,0.0080514076907017,3.20918952638749e-05,438406754,results/ebbi/SC5_MHBD_MWPM_2_5x/results/sweep_5_exp_0_checkpoints.csv
3333300300030300030033330,0.0077216445478177,0.0001044977107085,551374807,results/ebbi/SC5_MHBD_MWPM_2_5x/results/sweep_5_exp_0_checkpoints.csv
0333300300030300030033330,0.0079349385826926,3.115195795544423e-05,696699657,results/ebbi/SC5_MHBD_MWPM_2_5x/results/sweep_5_exp_0_checkpoints.csv
0333300300030300030033330,0.007935734348008,2.076900818792637e-05,875344261,results/ebbi/SC5_MHBD_MWPM_2_5x/results/sweep_5_exp_0_checkpoints.csv
0333300300030300030033330,0.007935734348008,2.076900818792637e-05,1101581961,results/ebbi/SC5_MHBD_MWPM_2_5x/results/sweep_5_exp_0_checkpoints.csv
0333300300030300030033330,0.007935734348008,2.076900818792637e-05,1385039343,results/ebbi/SC5_MHBD_MWPM_2_5x/results/sweep_5_exp_0_checkpoints.csv
0333300300030300030033330,0.007935734348008,2.076900818792637e-05,1745454538,results/ebbi/SC5_MHBD_MWPM_2_5x/results/sweep_5_exp_0_checkpoints.csv
0333300300030300030033330,0.007935734348008,2.076900818792637e-05,2195175648,results/ebbi/SC5_MHBD_MWPM_2_5x/results/sweep_5_exp_0_checkpoints.csv
0333300300030300030033330,0.007935734348008,2.076900818792637e-05,2763384517,results/ebbi/SC5_MHBD_MWPM_2_5x/results/sweep_5_exp_0_checkpoints.csv
0333300300030300030033330,0.007935734348008,2.076900818792637e-05,3478731789,results/ebbi/SC5_MHBD_MWPM_2_5x/results/sweep_5_exp_0_checkpoints.csv
0333300300030300030033330,0.007935734348008,2.076900818792637e-05,4379443438,results/ebbi/SC5_MHBD_MWPM_2_5x/results/sweep_5_exp_0_checkpoints.csv
0333300300030300030033330,0.007935734348008,2.076900818792637e-05,5513247261,results/ebbi/SC5_MHBD_MWPM_2_5x/results/sweep_5_exp_0_checkpoints.csv
0333300300030300030033330,0.007935734348008,2.076900818792637e-05,6940887165,results/ebbi/SC5_MHBD_MWPM_2_5x/results/sweep_5_exp_0_checkpoints.csv
0333300300030300030033330,0.007935734348008,2.076900818792637e-05,8738514110,results/ebbi/SC5_MHBD_MWPM_2_5x/results/sweep_5_exp_0_checkpoints.csv
0333300300030300030033330,0.007935734348008,2.076900818792637e-05,11000413530,results/ebbi/SC5_MHBD_MWPM_2_5x/results/sweep_5_exp_0_checkpoints.csv
0333300300030300030033330,0.007935734348008,2.076900818792637e-05,13848737406,results/ebbi/SC5_MHBD_MWPM_2_5x/results/sweep_5_exp_0_checkpoints.csv
0333300300030300030033330,0.007935734348008,2.076900818792637e-05,17434510625,results/ebbi/SC5_MHBD_MWPM_2_5x/results/sweep_5_exp_0_checkpoints.csv
0333300300030300030033330,0.007935734348008,2.076900818792637e-05,21948839761,results/ebbi/SC5_MHBD_MWPM_2_5x/results/sweep_5_exp_0_checkpoints.csv
0333300300030300030033330,0.007935734348008,2.076900818792637e-05,27631668536,results/ebbi/SC5_MHBD_MWPM_2_5x/results/sweep_5_exp_0_checkpoints.csv
0333300300030300030033330,0.007935734348008,2.076900818792637e-05,34786230639,results/ebbi/SC5_MHBD_MWPM_2_5x/results/sweep_5_exp_0_checkpoints.csv
0333300300030300030033330,0.007935734348008,2.076900818792637e-05,43793263163,results/ebbi/SC5_MHBD_MWPM_2_5x/results/sweep_5_exp_0_checkpoints.csv
0333300300030300030033330,0.007935734348008,2.076900818792637e-05,55132553602,results/ebbi/SC5_MHBD_MWPM_2_5x/results/sweep_5_exp_0_checkpoints.csv
0333300300030300030033330,0.007935734348008,2.076900818792637e-05,69407688237,results/ebbi/SC5_MHBD_MWPM_2_5x/results/sweep_5_exp_0_checkpoints.csv
0333300300030300030033330,0.007935734348008,2.076900818792637e-05,87379087123,results/ebbi/SC5_MHBD_MWPM_2_5x/results/sweep_5_exp_0_checkpoints.csv
0333300300030300030033330,0.007935734348008,2.076900818792637e-05,100000000000,results/ebbi/SC5_MHBD_MWPM_2_5x/results/sweep_5_exp_0_checkpoints.csv
3333023230033233333330023,0.0105319400347297,0.0003272239700891,811512,results/ebbi/SC5_MHBD_MWPM_2_5x/results/sweep_14_exp_0_checkpoints.csv
3333023230033230333330023,0.0101656514264704,0.0003162106440868,1065233,results/ebbi/SC5_MHBD_MWPM_2_5x/results/sweep_14_exp_0_checkpoints.csv
3333023230033230333330023,0.0101656514264704,0.0003162106440868,1418431,results/ebbi/SC5_MHBD_MWPM_2_5x/results/sweep_14_exp_0_checkpoints.csv
3333023230033230333330023,0.0101656514264704,0.0003162106440868,1650752,results/ebbi/SC5_MHBD_MWPM_2_5x/results/sweep_14_exp_0_checkpoints.csv
3333023230033230333330023,0.0101656514264704,0.0003162106440868,2126009,results/ebbi/SC5_MHBD_MWPM_2_5x/results/sweep_14_exp_0_checkpoints.csv
3333023200033330333330023,0.009836527621195,0.000302496162476,2836612,results/ebbi/SC5_MHBD_MWPM_2_5x/results/sweep_14_exp_0_checkpoints.csv
3333023200033330333330023,0.009836527621195,0.000302496162476,3443115,results/ebbi/SC5_MHBD_MWPM_2_5x/results/sweep_14_exp_0_checkpoints.csv
3333023200033330333330023,0.0096790222433785,0.0002000607346417,4402026,results/ebbi/SC5_MHBD_MWPM_2_5x/results/sweep_14_exp_0_checkpoints.csv
3333023200033330333330023,0.0096790222433785,0.0002000607346417,5209750,results/ebbi/SC5_MHBD_MWPM_2_5x/results/sweep_14_exp_0_checkpoints.csv
3333023200033330333330023,0.0096790222433785,0.0002000607346417,6688809,results/ebbi/SC5_MHBD_MWPM_2_5x/results/sweep_14_exp_0_checkpoints.csv
3333023200033330333330023,0.0097635118206973,0.0001339494629064,8164863,results/ebbi/SC5_MHBD_MWPM_2_5x/results/sweep_14_exp_0_checkpoints.csv
3333023200033330333330023,0.0097635118206973,0.0001339494629064,10701151,results/ebbi/SC5_MHBD_MWPM_2_5x/results/sweep_14_exp_0_checkpoints.csv
3333023200033300033333023,0.0093455773042616,0.0001893205480882,13154933,results/ebbi/SC5_MHBD_MWPM_2_5x/results/sweep_14_exp_0_checkpoints.csv
3333023200033300233333023,0.0092003565895498,0.000280885346001,16292357,results/ebbi/SC5_MHBD_MWPM_2_5x/results/sweep_14_exp_0_checkpoints.csv
3333023200033300033333023,0.0094634889991241,0.0001270003122044,21002749,results/ebbi/SC5_MHBD_MWPM_2_5x/results/sweep_14_exp_0_checkpoints.csv
3333023300033333033330023,0.0095935245415567,8.488331513945013e-05,26096940,results/ebbi/SC5_MHBD_MWPM_2_5x/results/sweep_14_exp_0_checkpoints.csv
3333023200033300033330023,0.0096109490595421,5.745804810430855e-05,32986780,results/ebbi/SC5_MHBD_MWPM_2_5x/results/sweep_14_exp_0_checkpoints.csv
3333020200033300003333023,0.0091558118381987,0.0002790072467178,41178680,results/ebbi/SC5_MHBD_MWPM_2_5x/results/sweep_14_exp_0_checkpoints.csv
3333000200030300033333023,0.0089602671318017,0.0001213974246638,51313483,results/ebbi/SC5_MHBD_MWPM_2_5x/results/sweep_14_exp_0_checkpoints.csv
3333000200030300033333023,0.0089412951822336,8.084679575404152e-05,64765038,results/ebbi/SC5_MHBD_MWPM_2_5x/results/sweep_14_exp_0_checkpoints.csv
3333020200030300033333020,0.0089350965597785,7.926574471639469e-05,81839023,results/ebbi/SC5_MHBD_MWPM_2_5x/results/sweep_14_exp_0_checkpoints.csv
3333320200030300033333020,0.0087319126935863,7.818849553586915e-05,102370130,results/ebbi/SC5_MHBD_MWPM_2_5x/results/sweep_14_exp_0_checkpoints.csv
3333320200030300033033000,0.0087859306238995,5.192182288737968e-05,128653405,results/ebbi/SC5_MHBD_MWPM_2_5x/results/sweep_14_exp_0_checkpoints.csv
3333320200030300033033000,0.0087859306238995,5.192182288737968e-05,162743437,results/ebbi/SC5_MHBD_MWPM_2_5x/results/sweep_14_exp_0_checkpoints.csv
3303330200030300030033030,0.0084319217625756,7.592008478241041e-05,204611476,results/ebbi/SC5_MHBD_MWPM_2_5x/results/sweep_14_exp_0_checkpoints.csv
3303330300030300030333030,0.0080319727872964,7.298390846699476e-05,256673042,results/ebbi/SC5_MHBD_MWPM_2_5x/results/sweep_14_exp_0_checkpoints.csv
3303300300030300030333030,0.0079848176362442,4.741334851132706e-05,323433879,results/ebbi/SC5_MHBD_MWPM_2_5x/results/sweep_14_exp_0_checkpoints.csv
0333330300030300030333030,0.0078927521664497,7.018113683443516e-05,406756907,results/ebbi/SC5_MHBD_MWPM_2_5x/results/sweep_14_exp_0_checkpoints.csv
0303330300030300030333030,0.0079573091573933,3.1383107852889225e-05,514041193,results/ebbi/SC5_MHBD_MWPM_2_5x/results/sweep_14_exp_0_checkpoints.csv
0303330300030300030333030,0.0079573091573933,3.1383107852889225e-05,646554207,results/ebbi/SC5_MHBD_MWPM_2_5x/results/sweep_14_exp_0_checkpoints.csv
0303330300030300030333330,0.0079847086168368,2.086542735924013e-05,828451808,results/ebbi/SC5_MHBD_MWPM_2_5x/results/sweep_14_exp_0_checkpoints.csv
0303330300030300030333030,0.0079866849480656,1.397356481902534e-05,1023329341,results/ebbi/SC5_MHBD_MWPM_2_5x/results/sweep_14_exp_0_checkpoints.csv
0303330300030300030333330,0.0079783578231508,1.3904797015129589e-05,1287534973,results/ebbi/SC5_MHBD_MWPM_2_5x/results/sweep_14_exp_0_checkpoints.csv
0333300300030300030033330,0.0079393130296248,2.0776544261025265e-05,1619806444,results/ebbi/SC5_MHBD_MWPM_2_5x/results/sweep_14_exp_0_checkpoints.csv
0333330300030300030033330,0.0079062153841302,3.108458986389451e-05,2038726778,results/ebbi/SC5_MHBD_MWPM_2_5x/results/sweep_14_exp_0_checkpoints.csv
0333330300030300030033330,0.0079062153841302,3.108458986389451e-05,2566243006,results/ebbi/SC5_MHBD_MWPM_2_5x/results/sweep_14_exp_0_checkpoints.csv
0333330300030300030033330,0.0079062153841302,3.108458986389451e-05,3230973602,results/ebbi/SC5_MHBD_MWPM_2_5x/results/sweep_14_exp_0_checkpoints.csv
0333330300030300030033330,0.0079062153841302,3.108458986389451e-05,4067294274,results/ebbi/SC5_MHBD_MWPM_2_5x/results/sweep_14_exp_0_checkpoints.csv
0333330300030300030033330,0.0079062153841302,3.108458986389451e-05,5120344268,results/ebbi/SC5_MHBD_MWPM_2_5x/results/sweep_14_exp_0_checkpoints.csv
0333330300030300030033330,0.0079062153841302,3.108458986389451e-05,6446156781,results/ebbi/SC5_MHBD_MWPM_2_5x/results/sweep_14_exp_0_checkpoints.csv
0333330300030300030033330,0.0079062153841302,3.108458986389451e-05,8115180442,results/ebbi/SC5_MHBD_MWPM_2_5x/results/sweep_14_exp_0_checkpoints.csv
0333330300030300030033330,0.0079062153841302,3.108458986389451e-05,10216372101,results/ebbi/SC5_MHBD_MWPM_2_5x/results/sweep_14_exp_0_checkpoints.csv
0333330300030300030033330,0.0079062153841302,3.108458986389451e-05,12861694727,results/ebbi/SC5_MHBD_MWPM_2_5x/results/sweep_14_exp_0_checkpoints.csv
0333330300030300030033330,0.0079062153841302,3.108458986389451e-05,16191903684,results/ebbi/SC5_MHBD_MWPM_2_5x/results/sweep_14_exp_0_checkpoints.csv
0333330300030300030033330,0.0079062153841302,3.108458986389451e-05,20384343282,results/ebbi/SC5_MHBD_MWPM_2_5x/results/sweep_14_exp_0_checkpoints.csv
0333330300030300030033330,0.0079062153841302,3.108458986389451e-05,25662390493,results/ebbi/SC5_MHBD_MWPM_2_5x/results/sweep_14_exp_0_checkpoints.csv
0333330300030300030033330,0.0079062153841302,3.108458986389451e-05,32306880916,results/ebbi/SC5_MHBD_MWPM_2_5x/results/sweep_14_exp_0_checkpoints.csv
0333330300030300030033330,0.0079062153841302,3.108458986389451e-05,40672017881,results/ebbi/SC5_MHBD_MWPM_2_5x/results/sweep_14_exp_0_checkpoints.csv
0333330300030300030033330,0.0079062153841302,3.108458986389451e-05,51203017657,results/ebbi/SC5_MHBD_MWPM_2_5x/results/sweep_14_exp_0_checkpoints.csv
0333330300030300030033330,0.0079062153841302,3.108458986389451e-05,64460750985,results/ebbi/SC5_MHBD_MWPM_2_5x/results/sweep_14_exp_0_checkpoints.csv
0333330300030300030033330,0.0079062153841302,3.108458986389451e-05,81151288586,results/ebbi/SC5_MHBD_MWPM_2_5x/results/sweep_14_exp_0_checkpoints.csv
0333330300030300030033330,0.0079062153841302,3.108458986389451e-05,100000000000,results/ebbi/SC5_MHBD_MWPM_2_5x/results/sweep_14_exp_0_checkpoints.csv
2333223300002323333320033,0.0106322156133083,0.0003248235734645,675568,results/ebbi/SC5_MHBD_MWPM_2_5x/results/sweep_9_exp_0_checkpoints.csv
2333233302002323333320033,0.0103007788630345,0.0003144541406072,1033754,results/ebbi/SC5_MHBD_MWPM_2_5x/results/sweep_9_exp_0_checkpoints.csv
2333233302002323333320033,0.0103007788630345,0.0003144541406072,1194121,results/ebbi/SC5_MHBD_MWPM_2_5x/results/sweep_9_exp_0_checkpoints.csv
2333233302302323333320033,0.0102703013132202,0.0003119173634331,1356181,results/ebbi/SC5_MHBD_MWPM_2_5x/results/sweep_9_exp_0_checkpoints.csv
2333233302302323333320033,0.0102703013132202,0.0003119173634331,1770370,results/ebbi/SC5_MHBD_MWPM_2_5x/results/sweep_9_exp_0_checkpoints.csv
2333233300002323333320033,0.0101178013999586,0.0002121254219673,2145692,results/ebbi/SC5_MHBD_MWPM_2_5x/results/sweep_9_exp_0_checkpoints.csv
2333233300002323333320033,0.0101178013999586,0.0002121254219673,2775232,results/ebbi/SC5_MHBD_MWPM_2_5x/results/sweep_9_exp_0_checkpoints.csv
2333233300002323333320033,0.0101178013999586,0.0002121254219673,3447302,results/ebbi/SC5_MHBD_MWPM_2_5x/results/sweep_9_exp_0_checkpoints.csv
2333233300002323333320033,0.0101178013999586,0.0002121254219673,4303518,results/ebbi/SC5_MHBD_MWPM_2_5x/results/sweep_9_exp_0_checkpoints.csv
2333233300002323333320033,0.0102296734411878,0.0001421891211066,5467260,results/ebbi/SC5_MHBD_MWPM_2_5x/results/sweep_9_exp_0_checkpoints.csv
2333233300002323333320033,0.0102296734411878,0.0001421891211066,7228688,results/ebbi/SC5_MHBD_MWPM_2_5x/results/sweep_9_exp_0_checkpoints.csv
0320030303002203033023320,0.0102245247873439,0.0001368872035527,9042836,results/ebbi/SC5_MHBD_MWPM_2_5x/results/sweep_9_exp_0_checkpoints.csv
0320030303003203033023320,0.0097089793549456,0.0001996460196096,10730450,results/ebbi/SC5_MHBD_MWPM_2_5x/results/sweep_9_exp_0_checkpoints.csv
0330030303003203033023300,0.0091969929020671,0.0001882050564745,13488960,results/ebbi/SC5_MHBD_MWPM_2_5x/results/sweep_9_exp_0_checkpoints.csv
0330030303003203033023300,0.0091969929020671,0.0001882050564745,17195993,results/ebbi/SC5_MHBD_MWPM_2_5x/results/sweep_9_exp_0_checkpoints.csv
0330030303003203033023300,0.0093862079927024,0.0001267424668185,22078693,results/ebbi/SC5_MHBD_MWPM_2_5x/results/sweep_9_exp_0_checkpoints.csv
3330030300003003033023300,0.0087925366637145,0.0001808462548069,27147449,results/ebbi/SC5_MHBD_MWPM_2_5x/results/sweep_9_exp_0_checkpoints.csv
3300030300003003030023330,0.0087327527341342,0.0001171093535958,34126388,results/ebbi/SC5_MHBD_MWPM_2_5x/results/sweep_9_exp_0_checkpoints.csv
3330030300003003030023330,0.0088046059796673,7.976123742992058e-05,42773426,results/ebbi/SC5_MHBD_MWPM_2_5x/results/sweep_9_exp_0_checkpoints.csv
3330030300003003030023330,0.0088595295588184,5.333830995368771e-05,54541535,results/ebbi/SC5_MHBD_MWPM_2_5x/results/sweep_9_exp_0_checkpoints.csv
3330030300003003030023330,0.0088595295588184,5.333830995368771e-05,69293374,results/ebbi/SC5_MHBD_MWPM_2_5x/results/sweep_9_exp_0_checkpoints.csv
0333030330003003030020330,0.0084299816876802,0.0001712421508273,85222252,results/ebbi/SC5_MHBD_MWPM_2_5x/results/sweep_9_exp_0_checkpoints.csv
0333030330003003030020330,0.0085137522114204,7.648194878129289e-05,107883410,results/ebbi/SC5_MHBD_MWPM_2_5x/results/sweep_9_exp_0_checkpoints.csv
0333030333003003030020330,0.0084409723513364,7.522416126448661e-05,135244057,results/ebbi/SC5_MHBD_MWPM_2_5x/results/sweep_9_exp_0_checkpoints.csv
0333030333003003030000330,0.0085193783269478,5.025253631174565e-05,172502616,results/ebbi/SC5_MHBD_MWPM_2_5x/results/sweep_9_exp_0_checkpoints.csv
0333030333003003330300330,0.0083966603507033,7.466367242159322e-05,214206274,results/ebbi/SC5_MHBD_MWPM_2_5x/results/sweep_9_exp_0_checkpoints.csv
0333030333003003030300330,0.0084390824604679,3.329860919620842e-05,269283145,results/ebbi/SC5_MHBD_MWPM_2_5x/results/sweep_9_exp_0_checkpoints.csv
0333300333030003030300330,0.0082534164271628,7.341280434047803e-05,339025233,results/ebbi/SC5_MHBD_MWPM_2_5x/results/sweep_9_exp_0_checkpoints.csv
0333030303030003030300330,0.0081711213359436,4.842477574129589e-05,428176295,results/ebbi/SC5_MHBD_MWPM_2_5x/results/sweep_9_exp_0_checkpoints.csv
0333030303030303030300330,0.0081549641158332,3.214205935364589e-05,536737427,results/ebbi/SC5_MHBD_MWPM_2_5x/results/sweep_9_exp_0_checkpoints.csv
0333030303030303030000330,0.0081449812499088,3.2016239856602624e-05,677408530,results/ebbi/SC5_MHBD_MWPM_2_5x/results/sweep_9_exp_0_checkpoints.csv
0333030303030300330030330,0.0079597228289351,7.065328099997714e-05,850960173,results/ebbi/SC5_MHBD_MWPM_2_5x/results/sweep_9_exp_0_checkpoints.csv
0333030303030300030330330,0.0080280698924697,3.1677944207331166e-05,1072389168,results/ebbi/SC5_MHBD_MWPM_2_5x/results/sweep_9_exp_0_checkpoints.csv
0333030303030300030303330,0.0080427428143291,2.102978760376573e-05,1358912067,results/ebbi/SC5_MHBD_MWPM_2_5x/results/sweep_9_exp_0_checkpoints.csv
0333030300030300030003330,0.0079944765570042,3.136746454401873e-05,1699591303,results/ebbi/SC5_MHBD_MWPM_2_5x/results/sweep_9_exp_0_checkpoints.csv
0333030303030300030003330,0.0080142388052243,1.3989154467708431e-05,2137567977,results/ebbi/SC5_MHBD_MWPM_2_5x/results/sweep_9_exp_0_checkpoints.csv
0333330300030300030033330,0.0079639955744505,2.0858449715888128e-05,2690769644,results/ebbi/SC5_MHBD_MWPM_2_5x/results/sweep_9_exp_0_checkpoints.csv
0333300300030300030333330,0.0079101199830573,3.108027158305049e-05,3395315446,results/ebbi/SC5_MHBD_MWPM_2_5x/results/sweep_9_exp_0_checkpoints.csv
0333300300030300030033330,0.007931199901489,2.0779078113264404e-05,4262555672,results/ebbi/SC5_MHBD_MWPM_2_5x/results/sweep_9_exp_0_checkpoints.csv
0333300300030300030033330,0.007931199901489,2.0779078113264404e-05,5366266910,results/ebbi/SC5_MHBD_MWPM_2_5x/results/sweep_9_exp_0_checkpoints.csv
3303300300030300030033333,0.0075694840219023,0.0001537971984362,6755686044,results/ebbi/SC5_MHBD_MWPM_2_5x/results/sweep_9_exp_0_checkpoints.csv
3303300300030300030033333,0.0080932445445831,1.3957790542917792e-05,8511325801,results/ebbi/SC5_MHBD_MWPM_2_5x/results/sweep_9_exp_0_checkpoints.csv
0333330330030300030003330,0.0080148497260716,2.099371704389341e-05,10707184816,results/ebbi/SC5_MHBD_MWPM_2_5x/results/sweep_9_exp_0_checkpoints.csv
0333330330030300030003330,0.0080148497260716,2.099371704389341e-05,13479796761,results/ebbi/SC5_MHBD_MWPM_2_5x/results/sweep_9_exp_0_checkpoints.csv
0333330330030300030003330,0.0080148497260716,2.099371704389341e-05,16969573570,results/ebbi/SC5_MHBD_MWPM_2_5x/results/sweep_9_exp_0_checkpoints.csv
0333330300030300030333033,0.0080152538362764,3.161592030664906e-05,21367425610,results/ebbi/SC5_MHBD_MWPM_2_5x/results/sweep_9_exp_0_checkpoints.csv
0303330300030300030333030,0.0079606572517487,3.136087616439909e-05,26895280472,results/ebbi/SC5_MHBD_MWPM_2_5x/results/sweep_9_exp_0_checkpoints.csv
0303330300030300030333030,0.0079606572517487,3.136087616439909e-05,33858691181,results/ebbi/SC5_MHBD_MWPM_2_5x/results/sweep_9_exp_0_checkpoints.csv
0303330300030300030333030,0.0079606572517487,3.136087616439909e-05,42625552504,results/ebbi/SC5_MHBD_MWPM_2_5x/results/sweep_9_exp_0_checkpoints.csv
0303330300030300030333030,0.0079606572517487,3.136087616439909e-05,53662430782,results/ebbi/SC5_MHBD_MWPM_2_5x/results/sweep_9_exp_0_checkpoints.csv
0303330300030300030333030,0.0079606572517487,3.136087616439909e-05,67556810796,results/ebbi/SC5_MHBD_MWPM_2_5x/results/sweep_9_exp_0_checkpoints.csv
0200322330003302033033223,0.0100683384776198,0.0003135056758765,635450,results/ebbi/SC5_MHBD_MWPM_2_5x/results/sweep_18_exp_0_checkpoints.csv
0200322330003302033033223,0.0100683384776198,0.0003135056758765,954478,results/ebbi/SC5_MHBD_MWPM_2_5x/results/sweep_18_exp_0_checkpoints.csv
0200322330003302033033223,0.0100683384776198,0.0003135056758765,1058170,results/ebbi/SC5_MHBD_MWPM_2_5x/results/sweep_18_exp_0_checkpoints.csv
0200322330003302033033223,0.0100683384776198,0.0003135056758765,1381722,results/ebbi/SC5_MHBD_MWPM_2_5x/results/sweep_18_exp_0_checkpoints.csv
0300322330003302033033223,0.0099307882919234,0.0003055262786801,1603191,results/ebbi/SC5_MHBD_MWPM_2_5x/results/sweep_18_exp_0_checkpoints.csv
0300322330003302033033223,0.0099307882919234,0.0003055262786801,2030820,results/ebbi/SC5_MHBD_MWPM_2_5x/results/sweep_18_exp_0_checkpoints.csv
0300322330003302033033223,0.0099307882919234,0.0003055262786801,2658005,results/ebbi/SC5_MHBD_MWPM_2_5x/results/sweep_18_exp_0_checkpoints.csv
0300322330003302033033223,0.0099307882919234,0.0003055262786801,3189815,results/ebbi/SC5_MHBD_MWPM_2_5x/results/sweep_18_exp_0_checkpoints.csv
0300322330003302033033223,0.0098908378940617,0.0002032801130553,4341466,results/ebbi/SC5_MHBD_MWPM_2_5x/results/sweep_18_exp_0_checkpoints.csv
0300322330003302033033223,0.0098908378940617,0.0002032801130553,5301372,results/ebbi/SC5_MHBD_MWPM_2_5x/results/sweep_18_exp_0_checkpoints.csv
0300322330003302033033223,0.0098908378940617,0.0002032801130553,6493663,results/ebbi/SC5_MHBD_MWPM_2_5x/results/sweep_18_exp_0_checkpoints.csv
0300322333003303033033220,0.0099128479761044,0.0001326512865489,8018187,results/ebbi/SC5_MHBD_MWPM_2_5x/results/sweep_18_exp_0_checkpoints.csv
0300302330003302033033223,0.0097425762353914,0.0001311812084168,10096275,results/ebbi/SC5_MHBD_MWPM_2_5x/results/sweep_18_exp_0_checkpoints.csv
0300302330003302033033223,0.0097425762353914,0.0001311812084168,12798384,results/ebbi/SC5_MHBD_MWPM_2_5x/results/sweep_18_exp_0_checkpoints.csv
0300302330003302033333220,0.009425890315322,0.000127817998873,15979610,results/ebbi/SC5_MHBD_MWPM_2_5x/results/sweep_18_exp_0_checkpoints.csv
0330302330003002033333220,0.0094127129686077,0.0001261845609406,20404683,results/ebbi/SC5_MHBD_MWPM_2_5x/results/sweep_18_exp_0_checkpoints.csv
0330302330003002033333230,0.0093482596886296,0.0001255411480087,25613498,results/ebbi/SC5_MHBD_MWPM_2_5x/results/sweep_18_exp_0_checkpoints.csv
0330302330003002033333230,0.0093482596886296,0.0001255411480087,31895824,results/ebbi/SC5_MHBD_MWPM_2_5x/results/sweep_18_exp_0_checkpoints.csv
0330302030033002033303230,0.0093321751262736,0.0001245127932634,40685891,results/ebbi/SC5_MHBD_MWPM_2_5x/results/sweep_18_exp_0_checkpoints.csv
0300303330003003033003030,0.0084254153550505,0.0001730690128169,50611641,results/ebbi/SC5_MHBD_MWPM_2_5x/results/sweep_18_exp_0_checkpoints.csv
0300303330003003033003030,0.0087428311617306,7.834288408048451e-05,64033724,results/ebbi/SC5_MHBD_MWPM_2_5x/results/sweep_18_exp_0_checkpoints.csv
0300303330003003030003330,0.0087241198811312,7.722777081653476e-05,80276085,results/ebbi/SC5_MHBD_MWPM_2_5x/results/sweep_18_exp_0_checkpoints.csv
0300303330003003033003030,0.0087114272572321,3.475705307209864e-05,103125932,results/ebbi/SC5_MHBD_MWPM_2_5x/results/sweep_18_exp_0_checkpoints.csv
0300303330003003033003030,0.0087114272572321,3.475705307209864e-05,127768608,results/ebbi/SC5_MHBD_MWPM_2_5x/results/sweep_18_exp_0_checkpoints.csv
0300303333000003033033030,0.0086128588514206,5.089809201308526e-05,160962388,results/ebbi/SC5_MHBD_MWPM_2_5x/results/sweep_18_exp_0_checkpoints.csv
0300303333000003033033030,0.0086128588514206,5.089809201308526e-05,201145796,results/ebbi/SC5_MHBD_MWPM_2_5x/results/sweep_18_exp_0_checkpoints.csv
3300303333000003030333030,0.0085094283938738,5.030366810387932e-05,253740424,results/ebbi/SC5_MHBD_MWPM_2_5x/results/sweep_18_exp_0_checkpoints.csv
0300333333000003030333030,0.0084629022969966,5.006333958590403e-05,319121317,results/ebbi/SC5_MHBD_MWPM_2_5x/results/sweep_18_exp_0_checkpoints.csv
0300333333000003030333030,0.0085148766416157,3.3477019314887e-05,405031782,results/ebbi/SC5_MHBD_MWPM_2_5x/results/sweep_18_exp_0_checkpoints.csv
0300333333000003030333030,0.0084850391418862,2.2279215045273304e-05,504822432,results/ebbi/SC5_MHBD_MWPM_2_5x/results/sweep_18_exp_0_checkpoints.csv
0333333300030300030333330,0.0079996114632306,4.8040015826700255e-05,636383260,results/ebbi/SC5_MHBD_MWPM_2_5x/results/sweep_18_exp_0_checkpoints.csv
0333330300030300030333330,0.0079499541289306,4.709680797532201e-05,800574594,results/ebbi/SC5_MHBD_MWPM_2_5x/results/sweep_18_exp_0_checkpoints.csv
0333300300030300030333330,0.0078808862332295,4.6723991545150056e-05,1008185650,results/ebbi/SC5_MHBD_MWPM_2_5x/results/sweep_18_exp_0_checkpoints.csv
0333300300030300030333330,0.0079102684698681,3.12068841594737e-05,1267954802,results/ebbi/SC5_MHBD_MWPM_2_5x/results/sweep_18_exp_0_checkpoints.csv
0333300300030300030333330,0.0079102684698681,3.12068841594737e-05,1598858720,results/ebbi/SC5_MHBD_MWPM_2_5x/results/sweep_18_exp_0_checkpoints.csv
0333300300030300030333330,0.0079102684698681,3.12068841594737e-05,2009577548,results/ebbi/SC5_MHBD_MWPM_2_5x/results/sweep_18_exp_0_checkpoints.csv
0333300300030300030333330,0.0079102684698681,3.12068841594737e-05,2529968475,results/ebbi/SC5_MHBD_MWPM_2_5x/results/sweep_18_exp_0_checkpoints.csv
0333300300030300030333330,0.0079155783422081,2.081151797028724e-05,3186934523,results/ebbi/SC5_MHBD_MWPM_2_5x/results/sweep_18_exp_0_checkpoints.csv
0333300300030300030333330,0.0079155783422081,2.081151797028724e-05,4009589952,results/ebbi/SC5_MHBD_MWPM_2_5x/results/sweep_18_exp_0_checkpoints.csv
0333300300030300030333330,0.0079155783422081,2.081151797028724e-05,5047681065,results/ebbi/SC5_MHBD_MWPM_2_5x/results/sweep_18_exp_0_checkpoints.csv
0333300300030300030333330,0.0079155783422081,2.081151797028724e-05,6354541603,results/ebbi/SC5_MHBD_MWPM_2_5x/results/sweep_18_exp_0_checkpoints.csv
0333300300030300030333330,0.0079155783422081,2.081151797028724e-05,8000151445,results/ebbi/SC5_MHBD_MWPM_2_5x/results/sweep_18_exp_0_checkpoints.csv
0333300300030300030333330,0.0079155783422081,2.081151797028724e-05,10072407537,results/ebbi/SC5_MHBD_MWPM_2_5x/results/sweep_18_exp_0_checkpoints.csv
0333300300030300030333330,0.0079155783422081,2.081151797028724e-05,12678930619,results/ebbi/SC5_MHBD_MWPM_2_5x/results/sweep_18_exp_0_checkpoints.csv
0333300300030300030333330,0.0079155783422081,2.081151797028724e-05,15962713665,results/ebbi/SC5_MHBD_MWPM_2_5x/results/sweep_18_exp_0_checkpoints.csv
0333300300030300030333330,0.0079155783422081,2.081151797028724e-05,20094740640,results/ebbi/SC5_MHBD_MWPM_2_5x/results/sweep_18_exp_0_checkpoints.csv
0333300300030300030333330,0.0079155783422081,2.081151797028724e-05,25298647018,results/ebbi/SC5_MHBD_MWPM_2_5x/results/sweep_18_exp_0_checkpoints.csv
0333300300030300030333330,0.0079155783422081,2.081151797028724e-05,31848154331,results/ebbi/SC5_MHBD_MWPM_2_5x/results/sweep_18_exp_0_checkpoints.csv
0333300300030300030333330,0.0079155783422081,2.081151797028724e-05,40094187190,results/ebbi/SC5_MHBD_MWPM_2_5x/results/sweep_18_exp_0_checkpoints.csv
0333300300030300030333330,0.0079155783422081,2.081151797028724e-05,50475822607,results/ebbi/SC5_MHBD_MWPM_2_5x/results/sweep_18_exp_0_checkpoints.csv
0333300300030300030333330,0.0079155783422081,2.081151797028724e-05,63545010843,results/ebbi/SC5_MHBD_MWPM_2_5x/results/sweep_18_exp_0_checkpoints.csv
0333300300030300030333330,0.0079155783422081,2.081151797028724e-05,79998436552,results/ebbi/SC5_MHBD_MWPM_2_5x/results/sweep_18_exp_0_checkpoints.csv
0333300300030300030333330,0.0079155783422081,2.081151797028724e-05,100000000000,results/ebbi/SC5_MHBD_MWPM_2_5x/results/sweep_18_exp_0_checkpoints.csv
2230323200302332030003302,0.0104655548105933,0.0003293765475973,739311,results/ebbi/SC5_MHBD_MWPM_2_5x/results/sweep_24_exp_0_checkpoints.csv
0023202000330000000003032,0.009916623922598,0.0003142382774967,1234865,results/ebbi/SC5_MHBD_MWPM_2_5x/results/sweep_24_exp_0_checkpoints.csv
0023202000330000000003032,0.009916623922598,0.0003142382774967,1506085,results/ebbi/SC5_MHBD_MWPM_2_5x/results/sweep_24_exp_0_checkpoints.csv
0023202000330000000003032,0.009916623922598,0.0003142382774967,1966801,results/ebbi/SC5_MHBD_MWPM_2_5x/results/sweep_24_exp_0_checkpoints.csv
0023202000330000000003032,0.0099145329709626,0.0002094724186463,2381314,results/ebbi/SC5_MHBD_MWPM_2_5x/results/sweep_24_exp_0_checkpoints.csv
0023202000330000300003032,0.009913556391742,0.0001998192747123,2969548,results/ebbi/SC5_MHBD_MWPM_2_5x/results/sweep_24_exp_0_checkpoints.csv
0023202000330000300003032,0.009913556391742,0.0001998192747123,3821017,results/ebbi/SC5_MHBD_MWPM_2_5x/results/sweep_24_exp_0_checkpoints.csv
0023202000330000300003032,0.009913556391742,0.0001998192747123,4861269,results/ebbi/SC5_MHBD_MWPM_2_5x/results/sweep_24_exp_0_checkpoints.csv
0023202000330000300003032,0.009913556391742,0.0001998192747123,6064366,results/ebbi/SC5_MHBD_MWPM_2_5x/results/sweep_24_exp_0_checkpoints.csv
0023202000330000300003032,0.0100849208917688,0.0001343481853837,7891877,results/ebbi/SC5_MHBD_MWPM_2_5x/results/sweep_24_exp_0_checkpoints.csv
3023302000330000000003032,0.0100065408083722,0.0001332376705249,9791894,results/ebbi/SC5_MHBD_MWPM_2_5x/results/sweep_24_exp_0_checkpoints.csv
3023302000330000000003032,0.0100065408083722,0.0001332376705249,12296386,results/ebbi/SC5_MHBD_MWPM_2_5x/results/sweep_24_exp_0_checkpoints.csv
3023302000330000000003032,0.0100065408083722,0.0001332376705249,15068478,results/ebbi/SC5_MHBD_MWPM_2_5x/results/sweep_24_exp_0_checkpoints.csv
3023302000330000000003032,0.0099396611594997,8.85309127625078e-05,19842490,results/ebbi/SC5_MHBD_MWPM_2_5x/results/sweep_24_exp_0_checkpoints.csv
3023302000330000000003032,0.0099396611594997,8.85309127625078e-05,24383710,results/ebbi/SC5_MHBD_MWPM_2_5x/results/sweep_24_exp_0_checkpoints.csv
3023302000330000000003032,0.0099396611594997,8.85309127625078e-05,30639397,results/ebbi/SC5_MHBD_MWPM_2_5x/results/sweep_24_exp_0_checkpoints.csv
3022302000330300000003032,0.0099476938307285,5.871678877156228e-05,38031392,results/ebbi/SC5_MHBD_MWPM_2_5x/results/sweep_24_exp_0_checkpoints.csv
0023203300330000300003033,0.0091758180043027,0.0002802715171128,46780102,results/ebbi/SC5_MHBD_MWPM_2_5x/results/sweep_24_exp_0_checkpoints.csv
0023203300330300300023033,0.0089911571677604,0.0001218591860379,58790746,results/ebbi/SC5_MHBD_MWPM_2_5x/results/sweep_24_exp_0_checkpoints.csv
0023203300330300300023033,0.0089876554914767,8.122389408526942e-05,74899119,results/ebbi/SC5_MHBD_MWPM_2_5x/results/sweep_24_exp_0_checkpoints.csv
0033303300330300303023033,0.0088322402460695,7.904131052782759e-05,93654878,results/ebbi/SC5_MHBD_MWPM_2_5x/results/sweep_24_exp_0_checkpoints.csv
0000303300330300300003033,0.0087443398661801,7.77664317865856e-05,117726375,results/ebbi/SC5_MHBD_MWPM_2_5x/results/sweep_24_exp_0_checkpoints.csv
0030333300030300300020033,0.0085743304645319,0.000113944603072,148088189,results/ebbi/SC5_MHBD_MWPM_2_5x/results/sweep_24_exp_0_checkpoints.csv
0030333300030300300000033,0.0085453638090064,5.079072434455156e-05,187466026,results/ebbi/SC5_MHBD_MWPM_2_5x/results/sweep_24_exp_0_checkpoints.csv
0030333303030300330000033,0.0084628650977363,5.013749250792898e-05,233841721,results/ebbi/SC5_MHBD_MWPM_2_5x/results/sweep_24_exp_0_checkpoints.csv
0030333300030300330030033,0.0083969640305427,4.974080002284609e-05,294716674,results/ebbi/SC5_MHBD_MWPM_2_5x/results/sweep_24_exp_0_checkpoints.csv
0030333303030300330030033,0.0083949080655254,3.317195296403952e-05,370568161,results/ebbi/SC5_MHBD_MWPM_2_5x/results/sweep_24_exp_0_checkpoints.csv
0030333303030300330030033,0.0083949080655254,3.317195296403952e-05,466710788,results/ebbi/SC5_MHBD_MWPM_2_5x/results/sweep_24_exp_0_checkpoints.csv
0030333300030300330030033,0.0084118661928967,2.2126472686068155e-05,595790446,results/ebbi/SC5_MHBD_MWPM_2_5x/results/sweep_24_exp_0_checkpoints.csv
0030333303030300330033030,0.0081665291232791,7.295224349945784e-05,739316421,results/ebbi/SC5_MHBD_MWPM_2_5x/results/sweep_24_exp_0_checkpoints.csv
0030030303030300030003030,0.0081816037090284,7.272158109117299e-05,930785401,results/ebbi/SC5_MHBD_MWPM_2_5x/results/sweep_24_exp_0_checkpoints.csv
0330030303030300030003330,0.008117545973869,3.243009632569738e-05,1172324622,results/ebbi/SC5_MHBD_MWPM_2_5x/results/sweep_24_exp_0_checkpoints.csv
0333330300030300030003330,0.0079072387996223,4.692784568760544e-05,1475127899,results/ebbi/SC5_MHBD_MWPM_2_5x/results/sweep_24_exp_0_checkpoints.csv
0333330300030300030003330,0.0079329748343709,3.133570498903282e-05,1857072120,results/ebbi/SC5_MHBD_MWPM_2_5x/results/sweep_24_exp_0_checkpoints.csv
0333300300030300030033330,0.0078905844856891,3.103450217167847e-05,2338665374,results/ebbi/SC5_MHBD_MWPM_2_5x/results/sweep_24_exp_0_checkpoints.csv
0333300300030300030033330,0.0078905844856891,3.103450217167847e-05,2943717161,results/ebbi/SC5_MHBD_MWPM_2_5x/results/sweep_24_exp_0_checkpoints.csv
0333300300030300030033330,0.0078905844856891,3.103450217167847e-05,3705365336,results/ebbi/SC5_MHBD_MWPM_2_5x/results/sweep_24_exp_0_checkpoints.csv
0333300300030300030033330,0.0078905844856891,3.103450217167847e-05,4664874303,results/ebbi/SC5_MHBD_MWPM_2_5x/results/sweep_24_exp_0_checkpoints.csv
0333300300030300030033330,0.0078905844856891,3.103450217167847e-05,5872643266,results/ebbi/SC5_MHBD_MWPM_2_5x/results/sweep_24_exp_0_checkpoints.csv
0333300300030300030033330,0.0078905844856891,3.103450217167847e-05,7393229278,results/ebbi/SC5_MHBD_MWPM_2_5x/results/sweep_24_exp_0_checkpoints.csv
0333300300030300030033330,0.0078905844856891,3.103450217167847e-05,9307566033,results/ebbi/SC5_MHBD_MWPM_2_5x/results/sweep_24_exp_0_checkpoints.csv
0333300300030300030033330,0.0078905844856891,3.103450217167847e-05,11717410616,results/ebbi/SC5_MHBD_MWPM_2_5x/results/sweep_24_exp_0_checkpoints.csv
0333300300030300030033330,0.0078905844856891,3.103450217167847e-05,14751231053,results/ebbi/SC5_MHBD_MWPM_2_5x/results/sweep_24_exp_0_checkpoints.csv
0333300300030300030033330,0.0078905844856891,3.103450217167847e-05,18570804037,results/ebbi/SC5_MHBD_MWPM_2_5x/results/sweep_24_exp_0_checkpoints.csv
0333300300030300030033330,0.0078905844856891,3.103450217167847e-05,23379122053,results/ebbi/SC5_MHBD_MWPM_2_5x/results/sweep_24_exp_0_checkpoints.csv
0333300300030300030033330,0.0078905844856891,3.103450217167847e-05,29432599608,results/ebbi/SC5_MHBD_MWPM_2_5x/results/sweep_24_exp_0_checkpoints.csv
0333300300030300030033330,0.0078905844856891,3.103450217167847e-05,37055800249,results/ebbi/SC5_MHBD_MWPM_2_5x/results/sweep_24_exp_0_checkpoints.csv
0333300300030300030033330,0.0078905844856891,3.103450217167847e-05,46647488898,results/ebbi/SC5_MHBD_MWPM_2_5x/results/sweep_24_exp_0_checkpoints.csv
0333300300030300030033330,0.0078905844856891,3.103450217167847e-05,58725619145,results/ebbi/SC5_MHBD_MWPM_2_5x/results/sweep_24_exp_0_checkpoints.csv
0333300300030300030033330,0.0078905844856891,3.103450217167847e-05,73931226168,results/ebbi/SC5_MHBD_MWPM_2_5x/results/sweep_24_exp_0_checkpoints.csv
0333300300030300030033330,0.0078905844856891,3.103450217167847e-05,93073945126,results/ebbi/SC5_MHBD_MWPM_2_5x/results/sweep_24_exp_0_checkpoints.csv
0333300300030300030033330,0.0078905844856891,3.103450217167847e-05,100000000000,results/ebbi/SC5_MHBD_MWPM_2_5x/results/sweep_24_exp_0_checkpoints.csv
0330320302000303200203020,0.0098681590058153,0.00031192030292,729883,results/ebbi/SC5_MHBD_MWPM_2_5x/results/sweep_2_exp_0_checkpoints.csv
0303302003030323302220000,0.0093977335987847,0.0002963746665045,1041844,results/ebbi/SC5_MHBD_MWPM_2_5x/results/sweep_2_exp_0_checkpoints.csv
0303302003030323302220000,0.0093977335987847,0.0002963746665045,1353066,results/ebbi/SC5_MHBD_MWPM_2_5x/results/sweep_2_exp_0_checkpoints.csv
0303302003030323302220000,0.0093977335987847,0.0002963746665045,1475321,results/ebbi/SC5_MHBD_MWPM_2_5x/results/sweep_2_exp_0_checkpoints.csv
0303302003030323302220000,0.0093977335987847,0.0002963746665045,1835485,results/ebbi/SC5_MHBD_MWPM_2_5x/results/sweep_2_exp_0_checkpoints.csv
0303302003030323302220000,0.0093977335987847,0.0002963746665045,2311348,results/ebbi/SC5_MHBD_MWPM_2_5x/results/sweep_2_exp_0_checkpoints.csv
0303302003030323302220000,0.0093977335987847,0.0002963746665045,3044512,results/ebbi/SC5_MHBD_MWPM_2_5x/results/sweep_2_exp_0_checkpoints.csv
0303300003030323302220000,0.0094008401503426,0.0002869770105462,3776873,results/ebbi/SC5_MHBD_MWPM_2_5x/results/sweep_2_exp_0_checkpoints.csv
0303300003030023303220000,0.0090442647186711,0.0002791784063447,5195029,results/ebbi/SC5_MHBD_MWPM_2_5x/results/sweep_2_exp_0_checkpoints.csv
0303300003030023303220000,0.0090442647186711,0.0002791784063447,5818404,results/ebbi/SC5_MHBD_MWPM_2_5x/results/sweep_2_exp_0_checkpoints.csv
0303300003030320303220000,0.0091285150245637,0.0001845998194767,7412598,results/ebbi/SC5_MHBD_MWPM_2_5x/results/sweep_2_exp_0_checkpoints.csv
0303300003030320303220000,0.0091285150245637,0.0001845998194767,9510514,results/ebbi/SC5_MHBD_MWPM_2_5x/results/sweep_2_exp_0_checkpoints.csv
0303300003030023303320000,0.0092487227713076,0.0001243806182174,11909026,results/ebbi/SC5_MHBD_MWPM_2_5x/results/sweep_2_exp_0_checkpoints.csv
0303300003030023303320000,0.0092487227713076,0.0001243806182174,14689502,results/ebbi/SC5_MHBD_MWPM_2_5x/results/sweep_2_exp_0_checkpoints.csv
3303300003030320303320000,0.009163123481788,0.0001226539898198,18587879,results/ebbi/SC5_MHBD_MWPM_2_5x/results/sweep_2_exp_0_checkpoints.csv
3303300003030320303320000,0.009163123481788,0.0001226539898198,23645070,results/ebbi/SC5_MHBD_MWPM_2_5x/results/sweep_2_exp_0_checkpoints.csv
3303300003030320303320000,0.009151725549862,8.171904482878745e-05,29126044,results/ebbi/SC5_MHBD_MWPM_2_5x/results/sweep_2_exp_0_checkpoints.csv
3303300003030320303320030,0.009017454026886,8.055146463448182e-05,37297498,results/ebbi/SC5_MHBD_MWPM_2_5x/results/sweep_2_exp_0_checkpoints.csv
3303300003030320303320030,0.009017454026886,8.055146463448182e-05,46234946,results/ebbi/SC5_MHBD_MWPM_2_5x/results/sweep_2_exp_0_checkpoints.csv
3303300003030320303320030,0.009017454026886,8.055146463448182e-05,58019221,results/ebbi/SC5_MHBD_MWPM_2_5x/results/sweep_2_exp_0_checkpoints.csv
3303330303030320300320030,0.0085816656471205,0.0001162686530733,73348098,results/ebbi/SC5_MHBD_MWPM_2_5x/results/sweep_2_exp_0_checkpoints.csv
3303330303030320300320030,0.0087446365570015,7.823867053957656e-05,93281948,results/ebbi/SC5_MHBD_MWPM_2_5x/results/sweep_2_exp_0_checkpoints.csv
3303330300030320330300030,0.0084353195089948,0.0001132301258621,115853271,results/ebbi/SC5_MHBD_MWPM_2_5x/results/sweep_2_exp_0_checkpoints.csv
3303030300030300330333030,0.0082366055237364,0.0001099660003092,146362089,results/ebbi/SC5_MHBD_MWPM_2_5x/results/sweep_2_exp_0_checkpoints.csv
0303030300030300330333030,0.0081694558666614,4.848366734222509e-05,183418451,results/ebbi/SC5_MHBD_MWPM_2_5x/results/sweep_2_exp_0_checkpoints.csv
0303330330030300030333030,0.007982449116851,7.121997623471543e-05,231723737,results/ebbi/SC5_MHBD_MWPM_2_5x/results/sweep_2_exp_0_checkpoints.csv
0303330330030300030333030,0.0080549079738009,4.769327642861754e-05,292515862,results/ebbi/SC5_MHBD_MWPM_2_5x/results/sweep_2_exp_0_checkpoints.csv
0303330330030300030333030,0.0080562398216776,3.1798132113181055e-05,366780920,results/ebbi/SC5_MHBD_MWPM_2_5x/results/sweep_2_exp_0_checkpoints.csv
3303300300030300030333330,0.0079184436518428,4.732965317089111e-05,460758034,results/ebbi/SC5_MHBD_MWPM_2_5x/results/sweep_2_exp_0_checkpoints.csv
3303330300030300030333330,0.0080016596443863,3.156251477776095e-05,589804390,results/ebbi/SC5_MHBD_MWPM_2_5x/results/sweep_2_exp_0_checkpoints.csv
0303330300030300030333330,0.0079590706152512,3.130278491880745e-05,734040856,results/ebbi/SC5_MHBD_MWPM_2_5x/results/sweep_2_exp_0_checkpoints.csv
0303330300030300030033330,0.0079787715267916,2.0864055841229856e-05,927319570,results/ebbi/SC5_MHBD_MWPM_2_5x/results/sweep_2_exp_0_checkpoints.csv
0333330300030300030033330,0.0079484610740249,2.0812531147385016e-05,1160766110,results/ebbi/SC5_MHBD_MWPM_2_5x/results/sweep_2_exp_0_checkpoints.csv
0333330300030300030033330,0.0079484610740249,2.0812531147385016e-05,1456884444,results/ebbi/SC5_MHBD_MWPM_2_5x/results/sweep_2_exp_0_checkpoints.csv
0333330300030300030033330,0.0079484610740249,2.0812531147385016e-05,1855587111,results/ebbi/SC5_MHBD_MWPM_2_5x/results/sweep_2_exp_0_checkpoints.csv
0333330300030300030033330,0.0079484610740249,2.0812531147385016e-05,2308204878,results/ebbi/SC5_MHBD_MWPM_2_5x/results/sweep_2_exp_0_checkpoints.csv
0333330300030300030033330,0.0079484610740249,2.0812531147385016e-05,2906018034,results/ebbi/SC5_MHBD_MWPM_2_5x/results/sweep_2_exp_0_checkpoints.csv
0333330300030300030033330,0.0079484610740249,2.0812531147385016e-05,3658912438,results/ebbi/SC5_MHBD_MWPM_2_5x/results/sweep_2_exp_0_checkpoints.csv
0333330300030300030033330,0.0079484610740249,2.0812531147385016e-05,4605302914,results/ebbi/SC5_MHBD_MWPM_2_5x/results/sweep_2_exp_0_checkpoints.csv
0333330300030300030033330,0.0079484610740249,2.0812531147385016e-05,5797740847,results/ebbi/SC5_MHBD_MWPM_2_5x/results/sweep_2_exp_0_checkpoints.csv
0333330300030300030033330,0.0079484610740249,2.0812531147385016e-05,7300332480,results/ebbi/SC5_MHBD_MWPM_2_5x/results/sweep_2_exp_0_checkpoints.csv
0333330300030300030033330,0.0079484610740249,2.0812531147385016e-05,9188776138,results/ebbi/SC5_MHBD_MWPM_2_5x/results/sweep_2_exp_0_checkpoints.csv
0333330300030300030033330,0.0079484610740249,2.0812531147385016e-05,11567984231,results/ebbi/SC5_MHBD_MWPM_2_5x/results/sweep_2_exp_0_checkpoints.csv
0333330300030300030033330,0.0079484610740249,2.0812531147385016e-05,14563099388,results/ebbi/SC5_MHBD_MWPM_2_5x/results/sweep_2_exp_0_checkpoints.csv
0333330300030300030033330,0.0079484610740249,2.0812531147385016e-05,18333853562,results/ebbi/SC5_MHBD_MWPM_2_5x/results/sweep_2_exp_0_checkpoints.csv
0333330300030300030033330,0.0079484610740249,2.0812531147385016e-05,23081063702,results/ebbi/SC5_MHBD_MWPM_2_5x/results/sweep_2_exp_0_checkpoints.csv
0333330300030300030033330,0.0079484610740249,2.0812531147385016e-05,29057283674,results/ebbi/SC5_MHBD_MWPM_2_5x/results/sweep_2_exp_0_checkpoints.csv
0333330300030300030033330,0.0079484610740249,2.0812531147385016e-05,36580861187,results/ebbi/SC5_MHBD_MWPM_2_5x/results/sweep_2_exp_0_checkpoints.csv
0333330300030300030033330,0.0079484610740249,2.0812531147385016e-05,46052693774,results/ebbi/SC5_MHBD_MWPM_2_5x/results/sweep_2_exp_0_checkpoints.csv
0333330300030300030033330,0.0079484610740249,2.0812531147385016e-05,57976725349,results/ebbi/SC5_MHBD_MWPM_2_5x/results/sweep_2_exp_0_checkpoints.csv
0333330300030300030033330,0.0079484610740249,2.0812531147385016e-05,72988376615,results/ebbi/SC5_MHBD_MWPM_2_5x/results/sweep_2_exp_0_checkpoints.csv
0333330300030300030033330,0.0079484610740249,2.0812531147385016e-05,91886985300,results/ebbi/SC5_MHBD_MWPM_2_5x/results/sweep_2_exp_0_checkpoints.csv
0333330300030300030033330,0.0079484610740249,2.0812531147385016e-05,100000000000,results/ebbi/SC5_MHBD_MWPM_2_5x/results/sweep_2_exp_0_checkpoints.csv
0323030200200330233320303,0.0098177270534017,0.0003093989216722,695831,results/ebbi/SC5_MHBD_MWPM_2_5x/results/sweep_13_exp_0_checkpoints.csv
3330330000030200003203203,0.0092619115821636,0.0002960002748295,1278866,results/ebbi/SC5_MHBD_MWPM_2_5x/results/sweep_13_exp_0_checkpoints.csv
3330330000030200003203203,0.0092619115821636,0.0002960002748295,1610995,results/ebbi/SC5_MHBD_MWPM_2_5x/results/sweep_13_exp_0_checkpoints.csv
3330330000030200003203203,0.0092619115821636,0.0002960002748295,1800938,results/ebbi/SC5_MHBD_MWPM_2_5x/results/sweep_13_exp_0_checkpoints.csv
3330330000030200003203203,0.0092619115821636,0.0002960002748295,2307855,results/ebbi/SC5_MHBD_MWPM_2_5x/results/sweep_13_exp_0_checkpoints.csv
3330000000030200003203203,0.0094644691231223,0.0001939395733643,2851866,results/ebbi/SC5_MHBD_MWPM_2_5x/results/sweep_13_exp_0_checkpoints.csv
3332000300030200003203203,0.0091009376723662,0.0002787834673654,3771053,results/ebbi/SC5_MHBD_MWPM_2_5x/results/sweep_13_exp_0_checkpoints.csv
3330000330030200003203203,0.0092470430741968,0.0001882720098365,4658891,results/ebbi/SC5_MHBD_MWPM_2_5x/results/sweep_13_exp_0_checkpoints.csv
3330000330030200003203203,0.0092470430741968,0.0001882720098365,5613325,results/ebbi/SC5_MHBD_MWPM_2_5x/results/sweep_13_exp_0_checkpoints.csv
3330000330030200003203203,0.009235917418414,0.00012544033234,7327134,results/ebbi/SC5_MHBD_MWPM_2_5x/results/sweep_13_exp_0_checkpoints.csv
3330000330030200003203203,0.009235917418414,0.00012544033234,8955392,results/ebbi/SC5_MHBD_MWPM_2_5x/results/sweep_13_exp_0_checkpoints.csv
3330300330030200033203203,0.009130113315111,0.0001230176276294,11202660,results/ebbi/SC5_MHBD_MWPM_2_5x/results/sweep_13_exp_0_checkpoints.csv
3330300330030200033203203,0.009130113315111,0.0001230176276294,13948697,results/ebbi/SC5_MHBD_MWPM_2_5x/results/sweep_13_exp_0_checkpoints.csv
3330300330030200033203203,0.009130113315111,0.0001230176276294,17681227,results/ebbi/SC5_MHBD_MWPM_2_5x/results/sweep_13_exp_0_checkpoints.csv
3330300330030200033203203,0.0090621031751932,8.170864748535678e-05,22119082,results/ebbi/SC5_MHBD_MWPM_2_5x/results/sweep_13_exp_0_checkpoints.csv
3333300330030200033203203,0.0089222710519319,0.0001204617728944,27788782,results/ebbi/SC5_MHBD_MWPM_2_5x/results/sweep_13_exp_0_checkpoints.csv
3333300330030200030203203,0.0089095137696437,7.998543878784403e-05,35085657,results/ebbi/SC5_MHBD_MWPM_2_5x/results/sweep_13_exp_0_checkpoints.csv
3333300330030200030203203,0.0089095137696437,7.998543878784403e-05,45516515,results/ebbi/SC5_MHBD_MWPM_2_5x/results/sweep_13_exp_0_checkpoints.csv
3333300330030200030233203,0.0087505520727751,0.0001173896016553,55351051,results/ebbi/SC5_MHBD_MWPM_2_5x/results/sweep_13_exp_0_checkpoints.csv
3333300330030200030333203,0.0088668720047551,7.853236456867307e-05,70272187,results/ebbi/SC5_MHBD_MWPM_2_5x/results/sweep_13_exp_0_checkpoints.csv
3333300330030000030203203,0.0088342070654984,5.220033199293539e-05,89118699,results/ebbi/SC5_MHBD_MWPM_2_5x/results/sweep_13_exp_0_checkpoints.csv
3333300330030000030300303,0.0083976888152675,0.0001123906477005,110362129,results/ebbi/SC5_MHBD_MWPM_2_5x/results/sweep_13_exp_0_checkpoints.csv
3333330330030000030300303,0.0084593814244965,7.499509956687689e-05,139386094,results/ebbi/SC5_MHBD_MWPM_2_5x/results/sweep_13_exp_0_checkpoints.csv
3333330330030000030300303,0.0084787585507286,5.005349885323085e-05,176303076,results/ebbi/SC5_MHBD_MWPM_2_5x/results/sweep_13_exp_0_checkpoints.csv
3333330330030000030300303,0.0085288606163804,3.3466607419541106e-05,227112832,results/ebbi/SC5_MHBD_MWPM_2_5x/results/sweep_13_exp_0_checkpoints.csv
3333300330030200030303333,0.0085350019526354,2.2393571271095425e-05,277434487,results/ebbi/SC5_MHBD_MWPM_2_5x/results/sweep_13_exp_0_checkpoints.csv
0333300300030303030303033,0.0081779835619623,4.807698496733792e-05,351426545,results/ebbi/SC5_MHBD_MWPM_2_5x/results/sweep_13_exp_0_checkpoints.csv
0333300330030300030033330,0.007922330880943,0.0001064490134012,439050891,results/ebbi/SC5_MHBD_MWPM_2_5x/results/sweep_13_exp_0_checkpoints.csv
0333300330030300030003330,0.0080587331880342,4.750558582600206e-05,555553185,results/ebbi/SC5_MHBD_MWPM_2_5x/results/sweep_13_exp_0_checkpoints.csv
0333300330030300030003330,0.008026457988044,3.160742926411331e-05,698881750,results/ebbi/SC5_MHBD_MWPM_2_5x/results/sweep_13_exp_0_checkpoints.csv
0333330330030300030003330,0.0080313003170232,2.1026673493906856e-05,896707487,results/ebbi/SC5_MHBD_MWPM_2_5x/results/sweep_13_exp_0_checkpoints.csv
0333330300030300030303330,0.0080334462745525,1.397577034367714e-05,1107099992,results/ebbi/SC5_MHBD_MWPM_2_5x/results/sweep_13_exp_0_checkpoints.csv
0333330300030300030003330,0.0080165487228573,1.3972778106108308e-05,1391717923,results/ebbi/SC5_MHBD_MWPM_2_5x/results/sweep_13_exp_0_checkpoints.csv
0333330300030300030003330,0.0080165487228573,1.3972778106108308e-05,1748986996,results/ebbi/SC5_MHBD_MWPM_2_5x/results/sweep_13_exp_0_checkpoints.csv
0333330300030300030033330,0.0079541921785393,2.085560299747158e-05,2202373208,results/ebbi/SC5_MHBD_MWPM_2_5x/results/sweep_13_exp_0_checkpoints.csv
0333330000030300030033330,0.0078508001619656,7.003599603194743e-05,2770254546,results/ebbi/SC5_MHBD_MWPM_2_5x/results/sweep_13_exp_0_checkpoints.csv
0333330300030300030033330,0.0079344716645418,1.388662803947227e-05,3487432046,results/ebbi/SC5_MHBD_MWPM_2_5x/results/sweep_13_exp_0_checkpoints.csv
0333330300030300030333033,0.0078117997390672,6.945861969143152e-05,4390546470,results/ebbi/SC5_MHBD_MWPM_2_5x/results/sweep_13_exp_0_checkpoints.csv
0333330300030300030333033,0.0078117997390672,6.945861969143152e-05,5527264757,results/ebbi/SC5_MHBD_MWPM_2_5x/results/sweep_13_exp_0_checkpoints.csv
0333330300030300030333033,0.0078117997390672,6.945861969143152e-05,6958370798,results/ebbi/SC5_MHBD_MWPM_2_5x/results/sweep_13_exp_0_checkpoints.csv
0333330300030300030033330,0.0079344716645418,1.388662803947227e-05,8760053957,results/ebbi/SC5_MHBD_MWPM_2_5x/results/sweep_13_exp_0_checkpoints.csv
0333330300030300030033330,0.0079344716645418,1.388662803947227e-05,11028270161,results/ebbi/SC5_MHBD_MWPM_2_5x/results/sweep_13_exp_0_checkpoints.csv
0333330300030300030033330,0.0079344716645418,1.388662803947227e-05,13883682879,results/ebbi/SC5_MHBD_MWPM_2_5x/results/sweep_13_exp_0_checkpoints.csv
0303330303030300033003330,0.0081424890550672,1.4175358046486508e-05,17499706076,results/ebbi/SC5_MHBD_MWPM_2_5x/results/sweep_13_exp_0_checkpoints.csv
0303303300030300033033330,0.0077914744925681,0.0001047262485371,22004901268,results/ebbi/SC5_MHBD_MWPM_2_5x/results/sweep_13_exp_0_checkpoints.csv
0303330330030300033030330,0.0080978922257604,3.156624734401703e-05,27702021536,results/ebbi/SC5_MHBD_MWPM_2_5x/results/sweep_13_exp_0_checkpoints.csv
2000330300230000200230033,0.0096906605729761,0.0003186315589118,539264,results/ebbi/SC5_MHBD_MWPM_2_5x/results/sweep_15_exp_0_checkpoints.csv
2000330300230000200230033,0.0096906605729761,0.0003186315589118,1356277,results/ebbi/SC5_MHBD_MWPM_2_5x/results/sweep_15_exp_0_checkpoints.csv
2000330300230000200230033,0.0096906605729761,0.0003186315589118,1718493,results/ebbi/SC5_MHBD_MWPM_2_5x/results/sweep_15_exp_0_checkpoints.csv
2000330300230000200230033,0.0094839097970621,0.0002101668505929,2189750,results/ebbi/SC5_MHBD_MWPM_2_5x/results/sweep_15_exp_0_checkpoints.csv
2000330300230000200230033,0.0094839097970621,0.0002101668505929,2827907,results/ebbi/SC5_MHBD_MWPM_2_5x/results/sweep_15_exp_0_checkpoints.csv
2020330300330000230230033,0.0093169882874376,0.0001897688489407,3662290,results/ebbi/SC5_MHBD_MWPM_2_5x/results/sweep_15_exp_0_checkpoints.csv
2020330300330000230230033,0.0093169882874376,0.0001897688489407,4593224,results/ebbi/SC5_MHBD_MWPM_2_5x/results/sweep_15_exp_0_checkpoints.csv
2020330300330000230230033,0.0093169882874376,0.0001897688489407,5596378,results/ebbi/SC5_MHBD_MWPM_2_5x/results/sweep_15_exp_0_checkpoints.csv
2020330300330000230230033,0.0093169882874376,0.0001897688489407,6799997,results/ebbi/SC5_MHBD_MWPM_2_5x/results/sweep_15_exp_0_checkpoints.csv
2020330300330000230030033,0.009292977022652,0.0001255472452612,8630275,results/ebbi/SC5_MHBD_MWPM_2_5x/results/sweep_15_exp_0_checkpoints.csv
2020330300330000230030033,0.009292977022652,0.0001255472452612,11084940,results/ebbi/SC5_MHBD_MWPM_2_5x/results/sweep_15_exp_0_checkpoints.csv
2020330300330000230030033,0.009292977022652,0.0001255472452612,13868694,results/ebbi/SC5_MHBD_MWPM_2_5x/results/sweep_15_exp_0_checkpoints.csv
2020330300330000230030030,0.0093252722358362,8.3551014540717e-05,17106014,results/ebbi/SC5_MHBD_MWPM_2_5x/results/sweep_15_exp_0_checkpoints.csv
3020330300030000330030033,0.0085110862769868,0.0002614121767692,21571253,results/ebbi/SC5_MHBD_MWPM_2_5x/results/sweep_15_exp_0_checkpoints.csv
0020330300330000330030033,0.0086686696547308,0.0001187803354696,27029661,results/ebbi/SC5_MHBD_MWPM_2_5x/results/sweep_15_exp_0_checkpoints.csv
3020330300030000330033033,0.0087086142228757,0.0001159590465249,34321407,results/ebbi/SC5_MHBD_MWPM_2_5x/results/sweep_15_exp_0_checkpoints.csv
3020330300030000330030033,0.0086963940393584,7.828772504581138e-05,43204858,results/ebbi/SC5_MHBD_MWPM_2_5x/results/sweep_15_exp_0_checkpoints.csv
3020330300030000330030033,0.0087573864280891,5.237294317339547e-05,55059087,results/ebbi/SC5_MHBD_MWPM_2_5x/results/sweep_15_exp_0_checkpoints.csv
3020330300030000330033033,0.0087358883696659,5.161739318282344e-05,69175170,results/ebbi/SC5_MHBD_MWPM_2_5x/results/sweep_15_exp_0_checkpoints.csv
3020330300030000330033033,0.0087358883696659,5.161739318282344e-05,88357476,results/ebbi/SC5_MHBD_MWPM_2_5x/results/sweep_15_exp_0_checkpoints.csv
3020330300030000330033333,0.0086670126588542,5.123025403008796e-05,110229122,results/ebbi/SC5_MHBD_MWPM_2_5x/results/sweep_15_exp_0_checkpoints.csv
3020330300030000330033333,0.0086670126588542,5.123025403008796e-05,136662243,results/ebbi/SC5_MHBD_MWPM_2_5x/results/sweep_15_exp_0_checkpoints.csv
3030330300030300330033333,0.0082848134308308,7.382649346254766e-05,171322257,results/ebbi/SC5_MHBD_MWPM_2_5x/results/sweep_15_exp_0_checkpoints.csv
3030330300030300330030333,0.0083380092809026,4.918289778288454e-05,215523951,results/ebbi/SC5_MHBD_MWPM_2_5x/results/sweep_15_exp_0_checkpoints.csv
3030330300030300330030330,0.0083340537080216,4.912864096695557e-05,271977607,results/ebbi/SC5_MHBD_MWPM_2_5x/results/sweep_15_exp_0_checkpoints.csv
3030330300030300330030330,0.0083723147049558,3.282690158812329e-05,345641103,results/ebbi/SC5_MHBD_MWPM_2_5x/results/sweep_15_exp_0_checkpoints.csv
3030330300030300330030330,0.0083630429775065,2.1872583602089435e-05,429140567,results/ebbi/SC5_MHBD_MWPM_2_5x/results/sweep_15_exp_0_checkpoints.csv
3030330303030300030030330,0.0082833879358321,3.2542557164561003e-05,547037198,results/ebbi/SC5_MHBD_MWPM_2_5x/results/sweep_15_exp_0_checkpoints.csv
3330330303030300030030330,0.0081828187418676,3.2301519240718335e-05,682507031,results/ebbi/SC5_MHBD_MWPM_2_5x/results/sweep_15_exp_0_checkpoints.csv
3330330303030300030030330,0.0081828187418676,3.2301519240718335e-05,862341310,results/ebbi/SC5_MHBD_MWPM_2_5x/results/sweep_15_exp_0_checkpoints.csv
3333330300030330000033330,0.0078610690671552,0.0001576458744239,1076172680,results/ebbi/SC5_MHBD_MWPM_2_5x/results/sweep_15_exp_0_checkpoints.csv
0333300300030300030033330,0.0078991746794448,4.6703102270839736e-05,1355766929,results/ebbi/SC5_MHBD_MWPM_2_5x/results/sweep_15_exp_0_checkpoints.csv
0333300300030300030333030,0.0078893052582304,4.6315686631714925e-05,1705419216,results/ebbi/SC5_MHBD_MWPM_2_5x/results/sweep_15_exp_0_checkpoints.csv
0333300300030300030033330,0.0079212349517565,2.078567376884166e-05,2146849536,results/ebbi/SC5_MHBD_MWPM_2_5x/results/sweep_15_exp_0_checkpoints.csv
0303330300030300033033330,0.0080479256357823,2.0878589566564187e-05,2722864470,results/ebbi/SC5_MHBD_MWPM_2_5x/results/sweep_15_exp_0_checkpoints.csv
0303330300030300030033333,0.0080260027191341,1.3992789718031418e-05,3403769206,results/ebbi/SC5_MHBD_MWPM_2_5x/results/sweep_15_exp_0_checkpoints.csv
0303330300030300030033333,0.0080260027191341,1.3992789718031418e-05,4305656537,results/ebbi/SC5_MHBD_MWPM_2_5x/results/sweep_15_exp_0_checkpoints.csv
0303330300030300033033330,0.0080261936160887,1.3900407793698832e-05,5410252016,results/ebbi/SC5_MHBD_MWPM_2_5x/results/sweep_15_exp_0_checkpoints.csv
2303330300030300033033030,0.0076960474345978,0.000155776637257,6789002948,results/ebbi/SC5_MHBD_MWPM_2_5x/results/sweep_15_exp_0_checkpoints.csv
0033300300030303030333030,0.0080959937503989,3.182992077199742e-05,8547107545,results/ebbi/SC5_MHBD_MWPM_2_5x/results/sweep_15_exp_0_checkpoints.csv
0303300300030300030033030,0.0080036510416115,3.144310903735459e-05,10759872462,results/ebbi/SC5_MHBD_MWPM_2_5x/results/sweep_15_exp_0_checkpoints.csv
0303300300030300030333330,0.0080276644767838,9.324133316113148e-06,13545737505,results/ebbi/SC5_MHBD_MWPM_2_5x/results/sweep_15_exp_0_checkpoints.csv
0303330300030300030333030,0.0080011967333326,2.0920007955282927e-05,17053142555,results/ebbi/SC5_MHBD_MWPM_2_5x/results/sweep_15_exp_0_checkpoints.csv
0303330300030300030333030,0.0080011967333326,2.0920007955282927e-05,21468833081,results/ebbi/SC5_MHBD_MWPM_2_5x/results/sweep_15_exp_0_checkpoints.csv
0303330300030300030333030,0.0080011967333326,2.0920007955282927e-05,27027260617,results/ebbi/SC5_MHBD_MWPM_2_5x/results/sweep_15_exp_0_checkpoints.csv
3222032332330302020320230,0.010675226364986,0.0003323008131701,687736,results/ebbi/SC5_MHBD_MWPM_2_5x/results/sweep_4_exp_0_checkpoints.csv
3233030232033200320320230,0.010332878950271,0.0003262038226239,1131296,results/ebbi/SC5_MHBD_MWPM_2_5x/results/sweep_4_exp_0_checkpoints.csv
3233030232033200320320230,0.010332878950271,0.0003262038226239,1509664,results/ebbi/SC5_MHBD_MWPM_2_5x/results/sweep_4_exp_0_checkpoints.csv
3233030232033200320320230,0.010332878950271,0.0003262038226239,1787169,results/ebbi/SC5_MHBD_MWPM_2_5x/results/sweep_4_exp_0_checkpoints.csv
3233030232033200320320230,0.010332878950271,0.0003262038226239,2267654,results/ebbi/SC5_MHBD_MWPM_2_5x/results/sweep_4_exp_0_checkpoints.csv
3222032332330302030320230,0.0105657096414463,0.0002222568873548,2768831,results/ebbi/SC5_MHBD_MWPM_2_5x/results/sweep_4_exp_0_checkpoints.csv
3233030232033200320320200,0.0105757189078999,0.0002033181517617,3566783,results/ebbi/SC5_MHBD_MWPM_2_5x/results/sweep_4_exp_0_checkpoints.csv
3222032332330302030320230,0.0103683635752688,0.0001467962574679,4346753,results/ebbi/SC5_MHBD_MWPM_2_5x/results/sweep_4_exp_0_checkpoints.csv
3322032302330302030320230,0.0097405379671506,0.0003030522784683,5588064,results/ebbi/SC5_MHBD_MWPM_2_5x/results/sweep_4_exp_0_checkpoints.csv
3322032300330302030320232,0.0099662407058384,0.0002021657855948,6897554,results/ebbi/SC5_MHBD_MWPM_2_5x/results/sweep_4_exp_0_checkpoints.csv
3322032302330302030320230,0.0100173224821743,0.0001365728821838,8908940,results/ebbi/SC5_MHBD_MWPM_2_5x/results/sweep_4_exp_0_checkpoints.csv
3320002302330302030320230,0.0099460574130191,0.0001329972728854,10920489,results/ebbi/SC5_MHBD_MWPM_2_5x/results/sweep_4_exp_0_checkpoints.csv
3320002302330302330320230,0.0098364111569841,0.000131908149342,13835991,results/ebbi/SC5_MHBD_MWPM_2_5x/results/sweep_4_exp_0_checkpoints.csv
3320002302330302330320230,0.0098364111569841,0.000131908149342,17739943,results/ebbi/SC5_MHBD_MWPM_2_5x/results/sweep_4_exp_0_checkpoints.csv
3320002302330302330320230,0.0098364111569841,0.000131908149342,21903721,results/ebbi/SC5_MHBD_MWPM_2_5x/results/sweep_4_exp_0_checkpoints.csv
3320002302330302330320230,0.0098979713366945,8.821093797450885e-05,27552072,results/ebbi/SC5_MHBD_MWPM_2_5x/results/sweep_4_exp_0_checkpoints.csv
3320002302330302330320230,0.0098979713366945,8.821093797450885e-05,34982546,results/ebbi/SC5_MHBD_MWPM_2_5x/results/sweep_4_exp_0_checkpoints.csv
3320002302330302330320230,0.0098979713366945,8.821093797450885e-05,43594843,results/ebbi/SC5_MHBD_MWPM_2_5x/results/sweep_4_exp_0_checkpoints.csv
3300002302330303330330330,0.0090642630838825,0.0002758426999207,54671598,results/ebbi/SC5_MHBD_MWPM_2_5x/results/sweep_4_exp_0_checkpoints.csv
3300002302330303330320330,0.0087006766262477,0.0002687483793124,68813555,results/ebbi/SC5_MHBD_MWPM_2_5x/results/sweep_4_exp_0_checkpoints.csv
3300000302330303330300300,0.0088625136423688,7.94169754954055e-05,87018671,results/ebbi/SC5_MHBD_MWPM_2_5x/results/sweep_4_exp_0_checkpoints.csv
3300000303300303330333330,0.0086749298279743,7.729692151769996e-05,109278133,results/ebbi/SC5_MHBD_MWPM_2_5x/results/sweep_4_exp_0_checkpoints.csv
3300000303330303330330030,0.0084122630419802,7.50686667743139e-05,137505023,results/ebbi/SC5_MHBD_MWPM_2_5x/results/sweep_4_exp_0_checkpoints.csv
3303300303003303030333030,0.0083598454267835,7.273711526067927e-05,174048098,results/ebbi/SC5_MHBD_MWPM_2_5x/results/sweep_4_exp_0_checkpoints.csv
3303300303000303330303030,0.0083504801320835,3.284928243374452e-05,218756802,results/ebbi/SC5_MHBD_MWPM_2_5x/results/sweep_4_exp_0_checkpoints.csv
3333300303030300030033030,0.0080977782758902,7.364073826465756e-05,274100282,results/ebbi/SC5_MHBD_MWPM_2_5x/results/sweep_4_exp_0_checkpoints.csv
3303300303030300030033030,0.0081230036843603,4.803374395123683e-05,348742364,results/ebbi/SC5_MHBD_MWPM_2_5x/results/sweep_4_exp_0_checkpoints.csv
0303330300030300030033030,0.0080417025155395,4.760867523145862e-05,434703301,results/ebbi/SC5_MHBD_MWPM_2_5x/results/sweep_4_exp_0_checkpoints.csv
0303330300030300030033030,0.008008429713325,3.1673927878728136e-05,548279413,results/ebbi/SC5_MHBD_MWPM_2_5x/results/sweep_4_exp_0_checkpoints.csv
0303330300030300030033030,0.0079995069869612,2.1104282495798543e-05,694845834,results/ebbi/SC5_MHBD_MWPM_2_5x/results/sweep_4_exp_0_checkpoints.csv
0333330000030300030033030,0.0079172134716032,7.014388393145055e-05,866389653,results/ebbi/SC5_MHBD_MWPM_2_5x/results/sweep_4_exp_0_checkpoints.csv
0303330300030300030033330,0.0080072347804797,2.098502955050208e-05,1099938656,results/ebbi/SC5_MHBD_MWPM_2_5x/results/sweep_4_exp_0_checkpoints.csv
0303330300030300030033330,0.0079966832209116,1.398087442794349e-05,1375911996,results/ebbi/SC5_MHBD_MWPM_2_5x/results/sweep_4_exp_0_checkpoints.csv
0333300300030300030333030,0.0079796423127146,1.3904323168389963e-05,1729376379,results/ebbi/SC5_MHBD_MWPM_2_5x/results/sweep_4_exp_0_checkpoints.csv
0333330300030300030033330,0.0077899953828294,6.939834565855563e-05,2174976973,results/ebbi/SC5_MHBD_MWPM_2_5x/results/sweep_4_exp_0_checkpoints.csv
0333330300030300030033330,0.0078446956846835,4.642645944841206e-05,2741099015,results/ebbi/SC5_MHBD_MWPM_2_5x/results/sweep_4_exp_0_checkpoints.csv
0333330300030300030033330,0.0078446956846835,4.642645944841206e-05,3446985634,results/ebbi/SC5_MHBD_MWPM_2_5x/results/sweep_4_exp_0_checkpoints.csv
0333330300030300030033330,0.0078446956846835,4.642645944841206e-05,4339432927,results/ebbi/SC5_MHBD_MWPM_2_5x/results/sweep_4_exp_0_checkpoints.csv
0333330300030300030033330,0.0078446956846835,4.642645944841206e-05,5462935301,results/ebbi/SC5_MHBD_MWPM_2_5x/results/sweep_4_exp_0_checkpoints.csv
0333330300030300030033330,0.0078446956846835,4.642645944841206e-05,6877470471,results/ebbi/SC5_MHBD_MWPM_2_5x/results/sweep_4_exp_0_checkpoints.csv
0333330300030300030033330,0.0078446956846835,4.642645944841206e-05,8658144396,results/ebbi/SC5_MHBD_MWPM_2_5x/results/sweep_4_exp_0_checkpoints.csv
0333330300030300030033330,0.0078446956846835,4.642645944841206e-05,10900115146,results/ebbi/SC5_MHBD_MWPM_2_5x/results/sweep_4_exp_0_checkpoints.csv
0333330300030300030033330,0.0078446956846835,4.642645944841206e-05,13722418645,results/ebbi/SC5_MHBD_MWPM_2_5x/results/sweep_4_exp_0_checkpoints.csv
0333330300030300030033330,0.0078446956846835,4.642645944841206e-05,17275289503,results/ebbi/SC5_MHBD_MWPM_2_5x/results/sweep_4_exp_0_checkpoints.csv
0333330300030300030033330,0.0078446956846835,4.642645944841206e-05,21748133936,results/ebbi/SC5_MHBD_MWPM_2_5x/results/sweep_4_exp_0_checkpoints.csv
0333330300030300030033330,0.0078446956846835,4.642645944841206e-05,27379482146,results/ebbi/SC5_MHBD_MWPM_2_5x/results/sweep_4_exp_0_checkpoints.csv
0333330300030300030033330,0.0078446956846835,4.642645944841206e-05,34468501486,results/ebbi/SC5_MHBD_MWPM_2_5x/results/sweep_4_exp_0_checkpoints.csv
0333330300030300030033330,0.0078446956846835,4.642645944841206e-05,43393318659,results/ebbi/SC5_MHBD_MWPM_2_5x/results/sweep_4_exp_0_checkpoints.csv
0333330300030300030033330,0.0078446956846835,4.642645944841206e-05,54628912583,results/ebbi/SC5_MHBD_MWPM_2_5x/results/sweep_4_exp_0_checkpoints.csv
0333330300030300030033330,0.0078446956846835,4.642645944841206e-05,68773680680,results/ebbi/SC5_MHBD_MWPM_2_5x/results/sweep_4_exp_0_checkpoints.csv
0333330300030300030033330,0.0078446956846835,4.642645944841206e-05,86580893360,results/ebbi/SC5_MHBD_MWPM_2_5x/results/sweep_4_exp_0_checkpoints.csv
0333330300030300030033330,0.0078446956846835,4.642645944841206e-05,100000000000,results/ebbi/SC5_MHBD_MWPM_2_5x/results/sweep_4_exp_0_checkpoints.csv
0003330023303230330323302,0.0107178742882661,0.0003280458622612,660861,results/ebbi/SC5_MHBD_MWPM_2_5x/results/sweep_22_exp_0_checkpoints.csv
0003330023303230330323302,0.0107178742882661,0.0003280458622612,870135,results/ebbi/SC5_MHBD_MWPM_2_5x/results/sweep_22_exp_0_checkpoints.csv
0003330023303230330323302,0.0107178742882661,0.0003280458622612,1097850,results/ebbi/SC5_MHBD_MWPM_2_5x/results/sweep_22_exp_0_checkpoints.csv
0003330020303230330323302,0.0105124965451889,0.0003204306703992,1447633,results/ebbi/SC5_MHBD_MWPM_2_5x/results/sweep_22_exp_0_checkpoints.csv
0023330020303230330323302,0.0099470920130415,0.0003100531175732,1673688,results/ebbi/SC5_MHBD_MWPM_2_5x/results/sweep_22_exp_0_checkpoints.csv
0023330020303230330323302,0.0099470920130415,0.0003100531175732,2111472,results/ebbi/SC5_MHBD_MWPM_2_5x/results/sweep_22_exp_0_checkpoints.csv
0023330020303230330323302,0.0099470920130415,0.0003100531175732,2812948,results/ebbi/SC5_MHBD_MWPM_2_5x/results/sweep_22_exp_0_checkpoints.csv
0023330020303230330323302,0.0099470920130415,0.0003100531175732,3435475,results/ebbi/SC5_MHBD_MWPM_2_5x/results/sweep_22_exp_0_checkpoints.csv
0023330020303230330323302,0.0100871179910799,0.0002081388520309,4173142,results/ebbi/SC5_MHBD_MWPM_2_5x/results/sweep_22_exp_0_checkpoints.csv
0003330023303230330323302,0.0100203695387181,0.000141025710036,5394636,results/ebbi/SC5_MHBD_MWPM_2_5x/results/sweep_22_exp_0_checkpoints.csv
0003333023303230330323302,0.0099370828117418,0.0002002911060117,6847422,results/ebbi/SC5_MHBD_MWPM_2_5x/results/sweep_22_exp_0_checkpoints.csv
0003333023303230330323302,0.0099370828117418,0.0002002911060117,8589085,results/ebbi/SC5_MHBD_MWPM_2_5x/results/sweep_22_exp_0_checkpoints.csv
0033330030303330330303302,0.0089633467798024,0.0002778969937935,10486295,results/ebbi/SC5_MHBD_MWPM_2_5x/results/sweep_22_exp_0_checkpoints.csv
0033330030303330330303302,0.0091073836654417,0.0001867352402769,13385667,results/ebbi/SC5_MHBD_MWPM_2_5x/results/sweep_22_exp_0_checkpoints.csv
0033330330303330330303302,0.0089840000296501,0.0001816531585063,16733177,results/ebbi/SC5_MHBD_MWPM_2_5x/results/sweep_22_exp_0_checkpoints.csv
0033330330303330330303302,0.0089033333552965,0.0001205625521834,21211603,results/ebbi/SC5_MHBD_MWPM_2_5x/results/sweep_22_exp_0_checkpoints.csv
0333330330303330330303002,0.0088580515540227,0.0001195107106468,26309846,results/ebbi/SC5_MHBD_MWPM_2_5x/results/sweep_22_exp_0_checkpoints.csv
0333330330333330330303002,0.0088875830915567,0.0001185968576464,33341324,results/ebbi/SC5_MHBD_MWPM_2_5x/results/sweep_22_exp_0_checkpoints.csv
0033330330303300330303302,0.0089414228398933,8.015986531972885e-05,42312410,results/ebbi/SC5_MHBD_MWPM_2_5x/results/sweep_22_exp_0_checkpoints.csv
0033303330000330330303302,0.0084109160685097,0.0001721508888294,52554068,results/ebbi/SC5_MHBD_MWPM_2_5x/results/sweep_22_exp_0_checkpoints.csv
0033303330000330330303302,0.0086529836131852,0.0001163932392955,66293734,results/ebbi/SC5_MHBD_MWPM_2_5x/results/sweep_22_exp_0_checkpoints.csv
0033303330000330330303302,0.0086594945247315,7.76245360611938e-05,83518877,results/ebbi/SC5_MHBD_MWPM_2_5x/results/sweep_22_exp_0_checkpoints.csv
0033303330000330330303300,0.0086926627282888,5.129269993631169e-05,105953009,results/ebbi/SC5_MHBD_MWPM_2_5x/results/sweep_22_exp_0_checkpoints.csv
0003303300000330330303300,0.0084842630386102,7.554177864221856e-05,132890730,results/ebbi/SC5_MHBD_MWPM_2_5x/results/sweep_22_exp_0_checkpoints.csv
0003303300000330330303300,0.0085368067066769,5.051558764535002e-05,166799815,results/ebbi/SC5_MHBD_MWPM_2_5x/results/sweep_22_exp_0_checkpoints.csv
0303303300030330330303300,0.0083368732474421,4.9836311518447474e-05,208988681,results/ebbi/SC5_MHBD_MWPM_2_5x/results/sweep_22_exp_0_checkpoints.csv
0303303300030330330303300,0.0083645477867535,3.32788513333071e-05,263878687,results/ebbi/SC5_MHBD_MWPM_2_5x/results/sweep_22_exp_0_checkpoints.csv
0303303300030330330303300,0.0083637330797624,2.218483132310212e-05,337813912,results/ebbi/SC5_MHBD_MWPM_2_5x/results/sweep_22_exp_0_checkpoints.csv
0303303300030300330303300,0.0081613438908907,7.254802039824426e-05,417083230,results/ebbi/SC5_MHBD_MWPM_2_5x/results/sweep_22_exp_0_checkpoints.csv
0303303300030300330303300,0.0081703081413813,4.839171015191823e-05,526530526,results/ebbi/SC5_MHBD_MWPM_2_5x/results/sweep_22_exp_0_checkpoints.csv
0303300300030300330303330,0.0081574748309651,4.8096218961291015e-05,662500289,results/ebbi/SC5_MHBD_MWPM_2_5x/results/sweep_22_exp_0_checkpoints.csv
0303330300030300330303300,0.0081136355494921,3.1860789022175595e-05,834090895,results/ebbi/SC5_MHBD_MWPM_2_5x/results/sweep_22_exp_0_checkpoints.csv
0333330300030300330003300,0.0080890815858758,3.179690975230187e-05,1051643153,results/ebbi/SC5_MHBD_MWPM_2_5x/results/sweep_22_exp_0_checkpoints.csv
0303330300030300330303330,0.0081509734642224,1.4214891052688472e-05,1321850630,results/ebbi/SC5_MHBD_MWPM_2_5x/results/sweep_22_exp_0_checkpoints.csv
0303330300030300330303330,0.0081287237340433,9.463757123739924e-06,1669112694,results/ebbi/SC5_MHBD_MWPM_2_5x/results/sweep_22_exp_0_checkpoints.csv
0303330300030300330303030,0.0080738409867613,3.174689118168317e-05,2097193111,results/ebbi/SC5_MHBD_MWPM_2_5x/results/sweep_22_exp_0_checkpoints.csv
0303330300030300330333030,0.0080982946082487,1.4153722986520734e-05,2639225740,results/ebbi/SC5_MHBD_MWPM_2_5x/results/sweep_22_exp_0_checkpoints.csv
0333330300030300300003330,0.008082182137545,3.177385951858014e-05,3320574029,results/ebbi/SC5_MHBD_MWPM_2_5x/results/sweep_22_exp_0_checkpoints.csv
0333300300030300030333333,0.0077906616557628,6.934050179552287e-05,4169777762,results/ebbi/SC5_MHBD_MWPM_2_5x/results/sweep_22_exp_0_checkpoints.csv
0333330300030300030033330,0.0079341686741452,1.3898699762648905e-05,5249504320,results/ebbi/SC5_MHBD_MWPM_2_5x/results/sweep_22_exp_0_checkpoints.csv
0333330300030300030033330,0.0079341686741452,1.3898699762648905e-05,6608713961,results/ebbi/SC5_MHBD_MWPM_2_5x/results/sweep_22_exp_0_checkpoints.csv
0333330300030300030033330,0.0079341686741452,1.3898699762648905e-05,8319816182,results/ebbi/SC5_MHBD_MWPM_2_5x/results/sweep_22_exp_0_checkpoints.csv
0333330300030300030033330,0.0079341686741452,1.3898699762648905e-05,10473984432,results/ebbi/SC5_MHBD_MWPM_2_5x/results/sweep_22_exp_0_checkpoints.csv
0333330300030300030033330,0.0079341686741452,1.3898699762648905e-05,13186002288,results/ebbi/SC5_MHBD_MWPM_2_5x/results/sweep_22_exp_0_checkpoints.csv
0303330330030300030030330,0.0081028319973294,2.119569035130553e-05,16608419070,results/ebbi/SC5_MHBD_MWPM_2_5x/results/sweep_22_exp_0_checkpoints.csv
0303303300030300030333033,0.0073600204711564,0.0001528677530586,20898398053,results/ebbi/SC5_MHBD_MWPM_2_5x/results/sweep_22_exp_0_checkpoints.csv
0303303300030300030333033,0.0073600204711564,0.0001528677530586,26309414782,results/ebbi/SC5_MHBD_MWPM_2_5x/results/sweep_22_exp_0_checkpoints.csv
0303303300030300030333033,0.0073600204711564,0.0001528677530586,33121529243,results/ebbi/SC5_MHBD_MWPM_2_5x/results/sweep_22_exp_0_checkpoints.csv
0303303300030300030333033,0.0073600204711564,0.0001528677530586,41697512449,results/ebbi/SC5_MHBD_MWPM_2_5x/results/sweep_22_exp_0_checkpoints.csv
0303303300030300030333033,0.0073600204711564,0.0001528677530586,52494100680,results/ebbi/SC5_MHBD_MWPM_2_5x/results/sweep_22_exp_0_checkpoints.csv
0303303300030300030333033,0.0073600204711564,0.0001528677530586,66086157772,results/ebbi/SC5_MHBD_MWPM_2_5x/results/sweep_22_exp_0_checkpoints.csv
0303303300030300030333033,0.0073600204711564,0.0001528677530586,83197539746,results/ebbi/SC5_MHBD_MWPM_2_5x/results/sweep_22_exp_0_checkpoints.csv
0303303300030300030333033,0.0073600204711564,0.0001528677530586,100000000000,results/ebbi/SC5_MHBD_MWPM_2_5x/results/sweep_22_exp_0_checkpoints.csv
3200033002230022033232300,0.0106370702948797,0.0003322604170534,682612,results/ebbi/SC5_MHBD_MWPM_2_5x/results/sweep_19_exp_0_checkpoints.csv
3200033002230022033232300,0.0106370702948797,0.0003322604170534,931968,results/ebbi/SC5_MHBD_MWPM_2_5x/results/sweep_19_exp_0_checkpoints.csv
3200033002230022033232300,0.0106370702948797,0.0003322604170534,1085030,results/ebbi/SC5_MHBD_MWPM_2_5x/results/sweep_19_exp_0_checkpoints.csv
3200233002230022033232300,0.0104509273495124,0.0003172263386659,1523080,results/ebbi/SC5_MHBD_MWPM_2_5x/results/sweep_19_exp_0_checkpoints.csv
3200233002230022033232300,0.0104509273495124,0.0003172263386659,1754497,results/ebbi/SC5_MHBD_MWPM_2_5x/results/sweep_19_exp_0_checkpoints.csv
3200233002230022033232300,0.0104509273495124,0.0003172263386659,2235444,results/ebbi/SC5_MHBD_MWPM_2_5x/results/sweep_19_exp_0_checkpoints.csv
3200233002230022033232300,0.0104509273495124,0.0003172263386659,2759370,results/ebbi/SC5_MHBD_MWPM_2_5x/results/sweep_19_exp_0_checkpoints.csv
3203233002230022033232300,0.0103778582903236,0.0002094728552037,3456707,results/ebbi/SC5_MHBD_MWPM_2_5x/results/sweep_19_exp_0_checkpoints.csv
3203233002230022033232300,0.0103778582903236,0.0002094728552037,4525753,results/ebbi/SC5_MHBD_MWPM_2_5x/results/sweep_19_exp_0_checkpoints.csv
3203233002230022033232300,0.0103778582903236,0.0002094728552037,5663947,results/ebbi/SC5_MHBD_MWPM_2_5x/results/sweep_19_exp_0_checkpoints.csv
3203233002230022033232300,0.0105027695334233,0.0001404781796736,7158743,results/ebbi/SC5_MHBD_MWPM_2_5x/results/sweep_19_exp_0_checkpoints.csv
3203233002230022033232300,0.0105027695334233,0.0001404781796736,8843945,results/ebbi/SC5_MHBD_MWPM_2_5x/results/sweep_19_exp_0_checkpoints.csv
3203233002230022033232300,0.0105027695334233,0.0001404781796736,11261339,results/ebbi/SC5_MHBD_MWPM_2_5x/results/sweep_19_exp_0_checkpoints.csv
3200033002230022033202330,0.0105114242916871,9.35028656385839e-05,13878160,results/ebbi/SC5_MHBD_MWPM_2_5x/results/sweep_19_exp_0_checkpoints.csv
3200033002230022033202330,0.0105114242916871,9.35028656385839e-05,18414255,results/ebbi/SC5_MHBD_MWPM_2_5x/results/sweep_19_exp_0_checkpoints.csv
3203033000230302033002230,0.0095103433990471,0.0002912642958108,21666033,results/ebbi/SC5_MHBD_MWPM_2_5x/results/sweep_19_exp_0_checkpoints.csv
3303033000230332033002230,0.0094701786043983,0.0001278238487429,27379403,results/ebbi/SC5_MHBD_MWPM_2_5x/results/sweep_19_exp_0_checkpoints.csv
3200033000230302033003330,0.0090952855816512,0.0002783476666081,34435624,results/ebbi/SC5_MHBD_MWPM_2_5x/results/sweep_19_exp_0_checkpoints.csv
3300033000230300033003333,0.0086052259595116,0.0002655574062373,43424176,results/ebbi/SC5_MHBD_MWPM_2_5x/results/sweep_19_exp_0_checkpoints.csv
3300033000230300033003333,0.0087963083916814,0.0001193185744341,54542220,results/ebbi/SC5_MHBD_MWPM_2_5x/results/sweep_19_exp_0_checkpoints.csv
3300033000230300033003330,0.0088492145609138,8.00840207375586e-05,69303728,results/ebbi/SC5_MHBD_MWPM_2_5x/results/sweep_19_exp_0_checkpoints.csv
3200033030030300033003330,0.0087990824912236,7.807378278812394e-05,86608977,results/ebbi/SC5_MHBD_MWPM_2_5x/results/sweep_19_exp_0_checkpoints.csv
3200033030030300033003330,0.008690838913364,5.173090903554112e-05,108823402,results/ebbi/SC5_MHBD_MWPM_2_5x/results/sweep_19_exp_0_checkpoints.csv
3203033030030300030003330,0.0084730465149319,7.593572809128091e-05,136384050,results/ebbi/SC5_MHBD_MWPM_2_5x/results/sweep_19_exp_0_checkpoints.csv
3003033330030300030003330,0.0084460811515243,7.505339453928173e-05,173187234,results/ebbi/SC5_MHBD_MWPM_2_5x/results/sweep_19_exp_0_checkpoints.csv
3003003300030300030000330,0.0080877189007951,0.0002461310068611,216056500,results/ebbi/SC5_MHBD_MWPM_2_5x/results/sweep_19_exp_0_checkpoints.csv
3003003300030300030003330,0.0083283721037315,4.937376797897741e-05,273022301,results/ebbi/SC5_MHBD_MWPM_2_5x/results/sweep_19_exp_0_checkpoints.csv
3303003300030300030003330,0.0081628428009117,4.886370152235031e-05,342232404,results/ebbi/SC5_MHBD_MWPM_2_5x/results/sweep_19_exp_0_checkpoints.csv
3303303300030300030003330,0.0081743830060649,4.82674477098044e-05,431138541,results/ebbi/SC5_MHBD_MWPM_2_5x/results/sweep_19_exp_0_checkpoints.csv
3333003300030300030003330,0.0082132214520231,2.152591696358286e-05,549486134,results/ebbi/SC5_MHBD_MWPM_2_5x/results/sweep_19_exp_0_checkpoints.csv
3333000303030300030003330,0.0080922020598332,4.781275492860004e-05,682787194,results/ebbi/SC5_MHBD_MWPM_2_5x/results/sweep_19_exp_0_checkpoints.csv
0333030303030300030003330,0.0079994418404044,7.094527973094955e-05,859553048,results/ebbi/SC5_MHBD_MWPM_2_5x/results/sweep_19_exp_0_checkpoints.csv
0333030303030300030003330,0.007974110389171,3.148170071654022e-05,1083834099,results/ebbi/SC5_MHBD_MWPM_2_5x/results/sweep_19_exp_0_checkpoints.csv
0333030303030300030003330,0.007974110389171,3.148170071654022e-05,1362472324,results/ebbi/SC5_MHBD_MWPM_2_5x/results/sweep_19_exp_0_checkpoints.csv
0333030303030300030003330,0.007974110389171,3.148170071654022e-05,1716151107,results/ebbi/SC5_MHBD_MWPM_2_5x/results/sweep_19_exp_0_checkpoints.csv
0333330300030300030303330,0.0079974014946915,2.090767520712689e-05,2179436051,results/ebbi/SC5_MHBD_MWPM_2_5x/results/sweep_19_exp_0_checkpoints.csv
0333330300030300030033330,0.0079588351421195,2.082764149236027e-05,2724604473,results/ebbi/SC5_MHBD_MWPM_2_5x/results/sweep_19_exp_0_checkpoints.csv
0333330300030300030333330,0.0079648897292741,1.3902718819736036e-05,3427430815,results/ebbi/SC5_MHBD_MWPM_2_5x/results/sweep_19_exp_0_checkpoints.csv
0333300300030300030033330,0.0079577036762181,1.387210977554787e-05,4307028220,results/ebbi/SC5_MHBD_MWPM_2_5x/results/sweep_19_exp_0_checkpoints.csv
0333300300030300030033330,0.0079577036762181,1.387210977554787e-05,5422231015,results/ebbi/SC5_MHBD_MWPM_2_5x/results/sweep_19_exp_0_checkpoints.csv
0333300300030300030033330,0.0079577036762181,1.387210977554787e-05,6826321137,results/ebbi/SC5_MHBD_MWPM_2_5x/results/sweep_19_exp_0_checkpoints.csv
0333300300030300030033330,0.0079577036762181,1.387210977554787e-05,8593609576,results/ebbi/SC5_MHBD_MWPM_2_5x/results/sweep_19_exp_0_checkpoints.csv
0333300300030300030033330,0.0079577036762181,1.387210977554787e-05,10818903591,results/ebbi/SC5_MHBD_MWPM_2_5x/results/sweep_19_exp_0_checkpoints.csv
0333300300030300030033330,0.0079577036762181,1.387210977554787e-05,13620697070,results/ebbi/SC5_MHBD_MWPM_2_5x/results/sweep_19_exp_0_checkpoints.csv
0333300300030300030033330,0.0079577036762181,1.387210977554787e-05,17146500452,results/ebbi/SC5_MHBD_MWPM_2_5x/results/sweep_19_exp_0_checkpoints.csv
0333300300030300030033330,0.0079577036762181,1.387210977554787e-05,21586324577,results/ebbi/SC5_MHBD_MWPM_2_5x/results/sweep_19_exp_0_checkpoints.csv
0333300300030300030033330,0.0079577036762181,1.387210977554787e-05,27177137975,results/ebbi/SC5_MHBD_MWPM_2_5x/results/sweep_19_exp_0_checkpoints.csv
0333300300030300030033330,0.0079577036762181,1.387210977554787e-05,34211951981,results/ebbi/SC5_MHBD_MWPM_2_5x/results/sweep_19_exp_0_checkpoints.csv
0333300300030300030033330,0.0079577036762181,1.387210977554787e-05,43069978544,results/ebbi/SC5_MHBD_MWPM_2_5x/results/sweep_19_exp_0_checkpoints.csv
0333300300030300030033330,0.0079577036762181,1.387210977554787e-05,54221932307,results/ebbi/SC5_MHBD_MWPM_2_5x/results/sweep_19_exp_0_checkpoints.csv
0333300300030300030033330,0.0079577036762181,1.387210977554787e-05,68261241453,results/ebbi/SC5_MHBD_MWPM_2_5x/results/sweep_19_exp_0_checkpoints.csv
0333300300030300030033330,0.0079577036762181,1.387210977554787e-05,85935832851,results/ebbi/SC5_MHBD_MWPM_2_5x/results/sweep_19_exp_0_checkpoints.csv
0333300300030300030033330,0.0079577036762181,1.387210977554787e-05,100000000000,results/ebbi/SC5_MHBD_MWPM_2_5x/results/sweep_19_exp_0_checkpoints.csv
0333000320033303303003323,0.0085745133596788,0.0002985111786983,618755,results/ebbi/SC5_MHBD_MWPM_2_5x/results/sweep_8_exp_0_checkpoints.csv
0333000320033303303003323,0.0085745133596788,0.0002985111786983,1602404,results/ebbi/SC5_MHBD_MWPM_2_5x/results/sweep_8_exp_0_checkpoints.csv
0333000320033303303023323,0.00872375070659,0.0002701086632441,2044167,results/ebbi/SC5_MHBD_MWPM_2_5x/results/sweep_8_exp_0_checkpoints.csv
0333000320033303303023323,0.00872375070659,0.0002701086632441,2584844,results/ebbi/SC5_MHBD_MWPM_2_5x/results/sweep_8_exp_0_checkpoints.csv
0333000320033303303003320,0.0089819473842085,0.0001939227367984,3178313,results/ebbi/SC5_MHBD_MWPM_2_5x/results/sweep_8_exp_0_checkpoints.csv
0333000320033303303003320,0.0089819473842085,0.0001939227367984,4087633,results/ebbi/SC5_MHBD_MWPM_2_5x/results/sweep_8_exp_0_checkpoints.csv
0333000320033303303003323,0.0091417709567075,0.0001369525998597,5234740,results/ebbi/SC5_MHBD_MWPM_2_5x/results/sweep_8_exp_0_checkpoints.csv
0333000020033303303003323,0.0091466729327922,0.0001260661956621,6234244,results/ebbi/SC5_MHBD_MWPM_2_5x/results/sweep_8_exp_0_checkpoints.csv
0333000020033303303003323,0.0091466729327922,0.0001260661956621,8162156,results/ebbi/SC5_MHBD_MWPM_2_5x/results/sweep_8_exp_0_checkpoints.csv
0333030320033303303003320,0.0090744695114174,0.0001212536735692,10048846,results/ebbi/SC5_MHBD_MWPM_2_5x/results/sweep_8_exp_0_checkpoints.csv
0333030320033303303003320,0.0090744695114174,0.0001212536735692,12935219,results/ebbi/SC5_MHBD_MWPM_2_5x/results/sweep_8_exp_0_checkpoints.csv
0333000030033303303003323,0.0090648983708855,8.09407647466287e-05,15630052,results/ebbi/SC5_MHBD_MWPM_2_5x/results/sweep_8_exp_0_checkpoints.csv
0333000030033303303003323,0.0090648983708855,8.09407647466287e-05,19857397,results/ebbi/SC5_MHBD_MWPM_2_5x/results/sweep_8_exp_0_checkpoints.csv
0333000320033303303003320,0.0090864582174251,5.778925697086379e-05,25188911,results/ebbi/SC5_MHBD_MWPM_2_5x/results/sweep_8_exp_0_checkpoints.csv
0333000320033303303003320,0.0090864582174251,5.778925697086379e-05,32560809,results/ebbi/SC5_MHBD_MWPM_2_5x/results/sweep_8_exp_0_checkpoints.csv
0333000320033303303003320,0.0090864582174251,5.778925697086379e-05,40252716,results/ebbi/SC5_MHBD_MWPM_2_5x/results/sweep_8_exp_0_checkpoints.csv
0333033030003303303003333,0.008414902117459,0.0001725239271763,49252758,results/ebbi/SC5_MHBD_MWPM_2_5x/results/sweep_8_exp_0_checkpoints.csv
0333033030003303300003333,0.0085135267373823,0.0001145045316661,62431366,results/ebbi/SC5_MHBD_MWPM_2_5x/results/sweep_8_exp_0_checkpoints.csv
0333033030000303300003333,0.0085945458269595,7.640042895218357e-05,78642292,results/ebbi/SC5_MHBD_MWPM_2_5x/results/sweep_8_exp_0_checkpoints.csv
0333033030000303300003333,0.0085945458269595,7.640042895218357e-05,99214729,results/ebbi/SC5_MHBD_MWPM_2_5x/results/sweep_8_exp_0_checkpoints.csv
0333030030000303303003330,0.0080281743477108,0.0001655775413382,123586629,results/ebbi/SC5_MHBD_MWPM_2_5x/results/sweep_8_exp_0_checkpoints.csv
0333030030000303333303330,0.0084642788388889,4.9818023398984224e-05,156762551,results/ebbi/SC5_MHBD_MWPM_2_5x/results/sweep_8_exp_0_checkpoints.csv
0333030030000303333003330,0.0084440483661057,3.340662078699097e-05,199021324,results/ebbi/SC5_MHBD_MWPM_2_5x/results/sweep_8_exp_0_checkpoints.csv
0333330330000303333003330,0.0084334532622814,3.287452273070812e-05,246634959,results/ebbi/SC5_MHBD_MWPM_2_5x/results/sweep_8_exp_0_checkpoints.csv
0333330330000303333003330,0.0084334532622814,3.287452273070812e-05,314727698,results/ebbi/SC5_MHBD_MWPM_2_5x/results/sweep_8_exp_0_checkpoints.csv
0303330330000303330003030,0.0083534040482357,4.9398269766243175e-05,392680401,results/ebbi/SC5_MHBD_MWPM_2_5x/results/sweep_8_exp_0_checkpoints.csv
0303330330000303330303030,0.0083242544961906,3.2797001040307805e-05,491656829,results/ebbi/SC5_MHBD_MWPM_2_5x/results/sweep_8_exp_0_checkpoints.csv
0303330330000300030303030,0.0082515838129432,3.2496871426701546e-05,622950042,results/ebbi/SC5_MHBD_MWPM_2_5x/results/sweep_8_exp_0_checkpoints.csv
0303330330000300030303030,0.0082795307315758,2.1700932848034427e-05,783701137,results/ebbi/SC5_MHBD_MWPM_2_5x/results/sweep_8_exp_0_checkpoints.csv
0303330330000303030303030,0.0082475333148327,3.236478005419485e-05,987149265,results/ebbi/SC5_MHBD_MWPM_2_5x/results/sweep_8_exp_0_checkpoints.csv
0303330330030300030303033,0.0082065901400501,2.1511588784051128e-05,1239158543,results/ebbi/SC5_MHBD_MWPM_2_5x/results/sweep_8_exp_0_checkpoints.csv
3303330330030300030303333,0.0081216758485246,4.799885937245563e-05,1554333917,results/ebbi/SC5_MHBD_MWPM_2_5x/results/sweep_8_exp_0_checkpoints.csv
3333300300030300030003330,0.0080466127433339,3.1686227885074914e-05,1957846650,results/ebbi/SC5_MHBD_MWPM_2_5x/results/sweep_8_exp_0_checkpoints.csv
0333300300030300030003330,0.008049333197277,1.4055799510970246e-05,2479386362,results/ebbi/SC5_MHBD_MWPM_2_5x/results/sweep_8_exp_0_checkpoints.csv
0333300300030300030033330,0.0079419475262683,4.69384431198705e-05,3104124039,results/ebbi/SC5_MHBD_MWPM_2_5x/results/sweep_8_exp_0_checkpoints.csv
0333300300030300030033330,0.0079263838205674,3.1261872209142894e-05,3913087477,results/ebbi/SC5_MHBD_MWPM_2_5x/results/sweep_8_exp_0_checkpoints.csv
0333300300030300030033330,0.0079263838205674,3.1261872209142894e-05,4915069787,results/ebbi/SC5_MHBD_MWPM_2_5x/results/sweep_8_exp_0_checkpoints.csv
0333300300030300030033330,0.0079263838205674,3.1261872209142894e-05,6187662185,results/ebbi/SC5_MHBD_MWPM_2_5x/results/sweep_8_exp_0_checkpoints.csv
0333300300030300030033330,0.0079263838205674,3.1261872209142894e-05,7790390858,results/ebbi/SC5_MHBD_MWPM_2_5x/results/sweep_8_exp_0_checkpoints.csv
0333300300030300030033330,0.0079263838205674,3.1261872209142894e-05,9806663396,results/ebbi/SC5_MHBD_MWPM_2_5x/results/sweep_8_exp_0_checkpoints.csv
0333300300030300030033330,0.0079263838205674,3.1261872209142894e-05,12345938007,results/ebbi/SC5_MHBD_MWPM_2_5x/results/sweep_8_exp_0_checkpoints.csv
0333300300030300030033330,0.0079263838205674,3.1261872209142894e-05,15542504987,results/ebbi/SC5_MHBD_MWPM_2_5x/results/sweep_8_exp_0_checkpoints.csv
0333300300030300030033330,0.0079263838205674,3.1261872209142894e-05,19566828747,results/ebbi/SC5_MHBD_MWPM_2_5x/results/sweep_8_exp_0_checkpoints.csv
0333300300030300030033330,0.0079263838205674,3.1261872209142894e-05,24633117745,results/ebbi/SC5_MHBD_MWPM_2_5x/results/sweep_8_exp_0_checkpoints.csv
0333300300030300030033330,0.0079263838205674,3.1261872209142894e-05,31011218202,results/ebbi/SC5_MHBD_MWPM_2_5x/results/sweep_8_exp_0_checkpoints.csv
0333300300030300030033330,0.0079263838205674,3.1261872209142894e-05,39040830968,results/ebbi/SC5_MHBD_MWPM_2_5x/results/sweep_8_exp_0_checkpoints.csv
0333300300030300030033330,0.0079263838205674,3.1261872209142894e-05,49149489075,results/ebbi/SC5_MHBD_MWPM_2_5x/results/sweep_8_exp_0_checkpoints.csv
0333300300030300030033330,0.0079263838205674,3.1261872209142894e-05,61875605524,results/ebbi/SC5_MHBD_MWPM_2_5x/results/sweep_8_exp_0_checkpoints.csv
0333300300030300030033330,0.0079263838205674,3.1261872209142894e-05,77896680094,results/ebbi/SC5_MHBD_MWPM_2_5x/results/sweep_8_exp_0_checkpoints.csv
0333300300030300030033330,0.0079263838205674,3.1261872209142894e-05,98066130827,results/ebbi/SC5_MHBD_MWPM_2_5x/results/sweep_8_exp_0_checkpoints.csv
0333300300030300030033330,0.0079263838205674,3.1261872209142894e-05,100000000000,results/ebbi/SC5_MHBD_MWPM_2_5x/results/sweep_8_exp_0_checkpoints.csv
0030203022030320003030223,0.0101526814620643,0.00031351915095,802908,results/ebbi/SC5_MHBD_MWPM_2_5x/results/sweep_21_exp_0_checkpoints.csv
0030203022030320003030223,0.0101526814620643,0.00031351915095,1012433,results/ebbi/SC5_MHBD_MWPM_2_5x/results/sweep_21_exp_0_checkpoints.csv
0030203022030320003030223,0.0101526814620643,0.00031351915095,1353879,results/ebbi/SC5_MHBD_MWPM_2_5x/results/sweep_21_exp_0_checkpoints.csv
0030203022030320003030223,0.0101526814620643,0.00031351915095,1608338,results/ebbi/SC5_MHBD_MWPM_2_5x/results/sweep_21_exp_0_checkpoints.csv
0030203022030320003030223,0.0101526814620643,0.00031351915095,2083335,results/ebbi/SC5_MHBD_MWPM_2_5x/results/sweep_21_exp_0_checkpoints.csv
0030203022030320003030223,0.0101526814620643,0.00031351915095,2579251,results/ebbi/SC5_MHBD_MWPM_2_5x/results/sweep_21_exp_0_checkpoints.csv
3220202300333002000323300,0.0101275058194072,0.0002086540916934,3425415,results/ebbi/SC5_MHBD_MWPM_2_5x/results/sweep_21_exp_0_checkpoints.csv
0030203022030320003030223,0.0099419653530984,0.0002068562025669,4063590,results/ebbi/SC5_MHBD_MWPM_2_5x/results/sweep_21_exp_0_checkpoints.csv
0030203022030320003030223,0.0099419653530984,0.0002068562025669,5374833,results/ebbi/SC5_MHBD_MWPM_2_5x/results/sweep_21_exp_0_checkpoints.csv
0030203022030320003030223,0.0099419653530984,0.0002068562025669,6634304,results/ebbi/SC5_MHBD_MWPM_2_5x/results/sweep_21_exp_0_checkpoints.csv
3220202300333002000323300,0.0100561484372436,0.0001386173826176,8320841,results/ebbi/SC5_MHBD_MWPM_2_5x/results/sweep_21_exp_0_checkpoints.csv
3220202300333002000033300,0.0099599156573616,0.0001331936800852,10110110,results/ebbi/SC5_MHBD_MWPM_2_5x/results/sweep_21_exp_0_checkpoints.csv
3220202300333002000033300,0.0099599156573616,0.0001331936800852,13109466,results/ebbi/SC5_MHBD_MWPM_2_5x/results/sweep_21_exp_0_checkpoints.csv
3220202300333002000033300,0.0099599156573616,0.0001331936800852,16428029,results/ebbi/SC5_MHBD_MWPM_2_5x/results/sweep_21_exp_0_checkpoints.csv
3020202300333002000323303,0.0099890587668624,8.88051581569016e-05,20264220,results/ebbi/SC5_MHBD_MWPM_2_5x/results/sweep_21_exp_0_checkpoints.csv
3020202300333002000323303,0.0099890587668624,8.88051581569016e-05,25533473,results/ebbi/SC5_MHBD_MWPM_2_5x/results/sweep_21_exp_0_checkpoints.csv
3030203300333002000323303,0.0093219656643913,0.0002874338824767,31997302,results/ebbi/SC5_MHBD_MWPM_2_5x/results/sweep_21_exp_0_checkpoints.csv
3030303300330002000323303,0.0093116134164125,0.0001236413081642,40877506,results/ebbi/SC5_MHBD_MWPM_2_5x/results/sweep_21_exp_0_checkpoints.csv
3030303300330002000323303,0.0093383328288173,8.254473505076021e-05,51083144,results/ebbi/SC5_MHBD_MWPM_2_5x/results/sweep_21_exp_0_checkpoints.csv
3030303300330002000303303,0.008969431630574,0.0001216901873704,63942161,results/ebbi/SC5_MHBD_MWPM_2_5x/results/sweep_21_exp_0_checkpoints.csv
3030330303330002000303300,0.0088031580548816,0.0001182102787424,80830674,results/ebbi/SC5_MHBD_MWPM_2_5x/results/sweep_21_exp_0_checkpoints.csv
3030330303330002000303303,0.0088248359400289,7.82857314334251e-05,101429544,results/ebbi/SC5_MHBD_MWPM_2_5x/results/sweep_21_exp_0_checkpoints.csv
3330330303330002000303300,0.0088270134037403,5.227877772995271e-05,128223341,results/ebbi/SC5_MHBD_MWPM_2_5x/results/sweep_21_exp_0_checkpoints.csv
3330330303330002000303330,0.0084175440826501,0.0001716706028673,160229947,results/ebbi/SC5_MHBD_MWPM_2_5x/results/sweep_21_exp_0_checkpoints.csv
0330330303030000000303330,0.0082216680052415,7.456095045199618e-05,203532398,results/ebbi/SC5_MHBD_MWPM_2_5x/results/sweep_21_exp_0_checkpoints.csv
0330330303030300000303330,0.0079627608218896,0.0001618904789211,254031006,results/ebbi/SC5_MHBD_MWPM_2_5x/results/sweep_21_exp_0_checkpoints.csv
0330330303030300000303330,0.0080771397429646,4.830827674595639e-05,319810380,results/ebbi/SC5_MHBD_MWPM_2_5x/results/sweep_21_exp_0_checkpoints.csv
0330330300030300000303330,0.0081283993421926,4.789864033227786e-05,402570400,results/ebbi/SC5_MHBD_MWPM_2_5x/results/sweep_21_exp_0_checkpoints.csv
0330330300030300300303330,0.0081211346467927,3.19015234708786e-05,510850960,results/ebbi/SC5_MHBD_MWPM_2_5x/results/sweep_21_exp_0_checkpoints.csv
0330330300030300300303330,0.0081211346467927,3.19015234708786e-05,638109893,results/ebbi/SC5_MHBD_MWPM_2_5x/results/sweep_21_exp_0_checkpoints.csv
0333330330030300000303330,0.0081363620969974,2.125424725818448e-05,818978093,results/ebbi/SC5_MHBD_MWPM_2_5x/results/sweep_21_exp_0_checkpoints.csv
0333330330030300000303330,0.0081363620969974,2.125424725818448e-05,1021275956,results/ebbi/SC5_MHBD_MWPM_2_5x/results/sweep_21_exp_0_checkpoints.csv
0333330300030300300303330,0.0081466904912754,1.417934981873259e-05,1272949377,results/ebbi/SC5_MHBD_MWPM_2_5x/results/sweep_21_exp_0_checkpoints.csv
0333330300030300030033333,0.0079360461312436,4.681806240114384e-05,1602345299,results/ebbi/SC5_MHBD_MWPM_2_5x/results/sweep_21_exp_0_checkpoints.csv
0303330300030300030033330,0.0078621036157006,4.6557848691008985e-05,2017016883,results/ebbi/SC5_MHBD_MWPM_2_5x/results/sweep_21_exp_0_checkpoints.csv
0303330330030300030003330,0.0073387857816923,0.0001513793686171,2539141049,results/ebbi/SC5_MHBD_MWPM_2_5x/results/sweep_21_exp_0_checkpoints.csv
0303330330030300030003330,0.0073387857816923,0.0001513793686171,3196446437,results/ebbi/SC5_MHBD_MWPM_2_5x/results/sweep_21_exp_0_checkpoints.csv
0303330330030300030003330,0.0073387857816923,0.0001513793686171,4024163288,results/ebbi/SC5_MHBD_MWPM_2_5x/results/sweep_21_exp_0_checkpoints.csv
0303330330030300030003330,0.0073387857816923,0.0001513793686171,5066105387,results/ebbi/SC5_MHBD_MWPM_2_5x/results/sweep_21_exp_0_checkpoints.csv
0303330330030300030003330,0.0073387857816923,0.0001513793686171,6377804856,results/ebbi/SC5_MHBD_MWPM_2_5x/results/sweep_21_exp_0_checkpoints.csv
0303330330030300030003330,0.0073387857816923,0.0001513793686171,8029129246,results/ebbi/SC5_MHBD_MWPM_2_5x/results/sweep_21_exp_0_checkpoints.csv
0303330330030300030003330,0.0073387857816923,0.0001513793686171,10108057645,results/ebbi/SC5_MHBD_MWPM_2_5x/results/sweep_21_exp_0_checkpoints.csv
0303330330030300030003330,0.0073387857816923,0.0001513793686171,12725295884,results/ebbi/SC5_MHBD_MWPM_2_5x/results/sweep_21_exp_0_checkpoints.csv
0303330330030300030003330,0.0073387857816923,0.0001513793686171,16020213958,results/ebbi/SC5_MHBD_MWPM_2_5x/results/sweep_21_exp_0_checkpoints.csv
0303330330030300030003330,0.0073387857816923,0.0001513793686171,20168183962,results/ebbi/SC5_MHBD_MWPM_2_5x/results/sweep_21_exp_0_checkpoints.csv
0303330330030300030003330,0.0073387857816923,0.0001513793686171,25390317124,results/ebbi/SC5_MHBD_MWPM_2_5x/results/sweep_21_exp_0_checkpoints.csv
0303330330030300030003330,0.0073387857816923,0.0001513793686171,31964508509,results/ebbi/SC5_MHBD_MWPM_2_5x/results/sweep_21_exp_0_checkpoints.csv
0303330330030300030003330,0.0073387857816923,0.0001513793686171,40240725074,results/ebbi/SC5_MHBD_MWPM_2_5x/results/sweep_21_exp_0_checkpoints.csv
0303330330030300030003330,0.0073387857816923,0.0001513793686171,50660072764,results/ebbi/SC5_MHBD_MWPM_2_5x/results/sweep_21_exp_0_checkpoints.csv
0303330330030300030003330,0.0073387857816923,0.0001513793686171,63777298342,results/ebbi/SC5_MHBD_MWPM_2_5x/results/sweep_21_exp_0_checkpoints.csv
0303330330030300030003330,0.0073387857816923,0.0001513793686171,80290828688,results/ebbi/SC5_MHBD_MWPM_2_5x/results/sweep_21_exp_0_checkpoints.csv
0303330330030300030003330,0.0073387857816923,0.0001513793686171,100000000000,results/ebbi/SC5_MHBD_MWPM_2_5x/results/sweep_21_exp_0_checkpoints.csv
0023002033330002000030033,0.0093623143723344,0.0003087302902713,724852,results/ebbi/SC5_MHBD_MWPM_2_5x/results/sweep_7_exp_0_checkpoints.csv
0023002033330002000030033,0.0093623143723344,0.0003087302902713,1518430,results/ebbi/SC5_MHBD_MWPM_2_5x/results/sweep_7_exp_0_checkpoints.csv
0023002033330002000030033,0.0093623143723344,0.0003087302902713,1884420,results/ebbi/SC5_MHBD_MWPM_2_5x/results/sweep_7_exp_0_checkpoints.csv
2033303300333330003230320,0.0094684122987149,0.0002952039940282,2392196,results/ebbi/SC5_MHBD_MWPM_2_5x/results/sweep_7_exp_0_checkpoints.csv
0023032033330002000030033,0.0095827350789695,0.0001948293065652,2925605,results/ebbi/SC5_MHBD_MWPM_2_5x/results/sweep_7_exp_0_checkpoints.csv
0023002033330002000030033,0.0095900088510665,0.0001388580712955,4021679,results/ebbi/SC5_MHBD_MWPM_2_5x/results/sweep_7_exp_0_checkpoints.csv
0023002033330002000030033,0.0095900088510665,0.0001388580712955,4736069,results/ebbi/SC5_MHBD_MWPM_2_5x/results/sweep_7_exp_0_checkpoints.csv
0023002033330002000030033,0.0095900088510665,0.0001388580712955,6027588,results/ebbi/SC5_MHBD_MWPM_2_5x/results/sweep_7_exp_0_checkpoints.csv
0023002033330002000030033,0.0095900088510665,0.0001388580712955,7251931,results/ebbi/SC5_MHBD_MWPM_2_5x/results/sweep_7_exp_0_checkpoints.csv
0023002033330002000030033,0.0097010117852135,9.310121822636576e-05,9456135,results/ebbi/SC5_MHBD_MWPM_2_5x/results/sweep_7_exp_0_checkpoints.csv
0023002033330002000030033,0.0097010117852135,9.310121822636576e-05,12167595,results/ebbi/SC5_MHBD_MWPM_2_5x/results/sweep_7_exp_0_checkpoints.csv
2033303300333330003200320,0.0096575045521546,0.000128785992274,14916827,results/ebbi/SC5_MHBD_MWPM_2_5x/results/sweep_7_exp_0_checkpoints.csv
2033303300333330003200320,0.0097120527800471,8.609721407992765e-05,19160676,results/ebbi/SC5_MHBD_MWPM_2_5x/results/sweep_7_exp_0_checkpoints.csv
2033303300333330003200320,0.0097120527800471,8.609721407992765e-05,23679236,results/ebbi/SC5_MHBD_MWPM_2_5x/results/sweep_7_exp_0_checkpoints.csv
2033303300333330003200320,0.0097120527800471,8.609721407992765e-05,30141964,results/ebbi/SC5_MHBD_MWPM_2_5x/results/sweep_7_exp_0_checkpoints.csv
2033303300333330003230320,0.0097648927939275,5.920988041907549e-05,38172303,results/ebbi/SC5_MHBD_MWPM_2_5x/results/sweep_7_exp_0_checkpoints.csv
2333300300330330003332320,0.0091088692047349,0.0001208970861625,46325209,results/ebbi/SC5_MHBD_MWPM_2_5x/results/sweep_7_exp_0_checkpoints.csv
2333300300330330033330320,0.0090645821711842,8.051154873101041e-05,57852950,results/ebbi/SC5_MHBD_MWPM_2_5x/results/sweep_7_exp_0_checkpoints.csv
3333300300330330033330020,0.0086065380698887,0.0001758405123837,72523703,results/ebbi/SC5_MHBD_MWPM_2_5x/results/sweep_7_exp_0_checkpoints.csv
3333300300030330033330020,0.0085918494190819,7.787447248119861e-05,92103404,results/ebbi/SC5_MHBD_MWPM_2_5x/results/sweep_7_exp_0_checkpoints.csv
3333300000330330030333020,0.0085239283068369,7.579047814942896e-05,115289692,results/ebbi/SC5_MHBD_MWPM_2_5x/results/sweep_7_exp_0_checkpoints.csv
0333330300030330030333020,0.0081404692549941,0.0001092091406462,145092400,results/ebbi/SC5_MHBD_MWPM_2_5x/results/sweep_7_exp_0_checkpoints.csv
0303330300030330030333030,0.0080127547313889,7.196436490630731e-05,182693787,results/ebbi/SC5_MHBD_MWPM_2_5x/results/sweep_7_exp_0_checkpoints.csv
0303330300030300030333033,0.0080049213881074,7.122276292648166e-05,229275404,results/ebbi/SC5_MHBD_MWPM_2_5x/results/sweep_7_exp_0_checkpoints.csv
0333330300030300030333033,0.0079038348821988,7.045074016787112e-05,288914333,results/ebbi/SC5_MHBD_MWPM_2_5x/results/sweep_7_exp_0_checkpoints.csv
0303330300030300030333033,0.0080065474734094,3.1657778890803456e-05,364263257,results/ebbi/SC5_MHBD_MWPM_2_5x/results/sweep_7_exp_0_checkpoints.csv
0303330300030300030333033,0.0080065474734094,3.1657778890803456e-05,457578084,results/ebbi/SC5_MHBD_MWPM_2_5x/results/sweep_7_exp_0_checkpoints.csv
0333330300030300030333033,0.0080228175246931,3.154436853947118e-05,576043232,results/ebbi/SC5_MHBD_MWPM_2_5x/results/sweep_7_exp_0_checkpoints.csv
0333330300030300030333033,0.0080215545555231,2.1027939510531723e-05,726157743,results/ebbi/SC5_MHBD_MWPM_2_5x/results/sweep_7_exp_0_checkpoints.csv
0333330300030300030333033,0.0080215545555231,2.1027939510531723e-05,920300058,results/ebbi/SC5_MHBD_MWPM_2_5x/results/sweep_7_exp_0_checkpoints.csv
0333300300030300030333330,0.0078983065193325,4.670868656830862e-05,1153112048,results/ebbi/SC5_MHBD_MWPM_2_5x/results/sweep_7_exp_0_checkpoints.csv
0333330300030300030003330,0.0078976242801062,3.101375841652043e-05,1455386655,results/ebbi/SC5_MHBD_MWPM_2_5x/results/sweep_7_exp_0_checkpoints.csv
0333300300030300030333330,0.0079364786919733,2.0809127818210985e-05,1821010193,results/ebbi/SC5_MHBD_MWPM_2_5x/results/sweep_7_exp_0_checkpoints.csv
0333330300030300030003330,0.0079399911089209,2.0730782125610855e-05,2292211571,results/ebbi/SC5_MHBD_MWPM_2_5x/results/sweep_7_exp_0_checkpoints.csv
0333330300030300030003330,0.0079399911089209,2.0730782125610855e-05,2888997311,results/ebbi/SC5_MHBD_MWPM_2_5x/results/sweep_7_exp_0_checkpoints.csv
0333030303030300030003330,0.0079455811208656,4.6688553993590176e-05,3633780095,results/ebbi/SC5_MHBD_MWPM_2_5x/results/sweep_7_exp_0_checkpoints.csv
0333030303030300030003330,0.0079979420413759,3.122727503068745e-05,4574096400,results/ebbi/SC5_MHBD_MWPM_2_5x/results/sweep_7_exp_0_checkpoints.csv
0333030303030300030003330,0.0080067787988608,2.0829591449000876e-05,5757764469,results/ebbi/SC5_MHBD_MWPM_2_5x/results/sweep_7_exp_0_checkpoints.csv
0303330300030300030333330,0.007989077360479,2.0906680219923143e-05,7249778001,results/ebbi/SC5_MHBD_MWPM_2_5x/results/sweep_7_exp_0_checkpoints.csv
0303330300030300030333030,0.0079849420571748,2.0893234250252132e-05,9125861974,results/ebbi/SC5_MHBD_MWPM_2_5x/results/sweep_7_exp_0_checkpoints.csv
0303330300030300030333330,0.0079707125539402,1.3921888239565304e-05,11488253754,results/ebbi/SC5_MHBD_MWPM_2_5x/results/sweep_7_exp_0_checkpoints.csv
0303330300030300030333330,0.0079707125539402,1.3921888239565304e-05,14463080804,results/ebbi/SC5_MHBD_MWPM_2_5x/results/sweep_7_exp_0_checkpoints.csv
0303330300030300030333330,0.0079707125539402,1.3921888239565304e-05,18207564836,results/ebbi/SC5_MHBD_MWPM_2_5x/results/sweep_7_exp_0_checkpoints.csv
0303330300030300030333330,0.0079707125539402,1.3921888239565304e-05,22921901602,results/ebbi/SC5_MHBD_MWPM_2_5x/results/sweep_7_exp_0_checkpoints.csv
0333300330030300030303330,0.0081006462783398,1.4095232472755017e-05,28905897087,results/ebbi/SC5_MHBD_MWPM_2_5x/results/sweep_7_exp_0_checkpoints.csv
0333300300030300003033330,0.0080376099294029,3.163460496580228e-05,36329312225,results/ebbi/SC5_MHBD_MWPM_2_5x/results/sweep_7_exp_0_checkpoints.csv
3333002320333002322033033,0.0101821280221535,0.0003276309580542,839294,results/ebbi/SC5_MHBD_MWPM_2_5x/results/sweep_16_exp_0_checkpoints.csv
3333002300333002022033033,0.009452199846511,0.0003015866386704,1301740,results/ebbi/SC5_MHBD_MWPM_2_5x/results/sweep_16_exp_0_checkpoints.csv
3333002300333002022033033,0.009452199846511,0.0003015866386704,1716602,results/ebbi/SC5_MHBD_MWPM_2_5x/results/sweep_16_exp_0_checkpoints.csv
3333002300333002022033033,0.009452199846511,0.0003015866386704,2117581,results/ebbi/SC5_MHBD_MWPM_2_5x/results/sweep_16_exp_0_checkpoints.csv
3333002300333002022033033,0.009452199846511,0.0003015866386704,2656377,results/ebbi/SC5_MHBD_MWPM_2_5x/results/sweep_16_exp_0_checkpoints.csv
3333002300333002022033033,0.009452199846511,0.0003015866386704,3583009,results/ebbi/SC5_MHBD_MWPM_2_5x/results/sweep_16_exp_0_checkpoints.csv
3333002300333003022333033,0.0095844064937046,0.0002918679383583,4365138,results/ebbi/SC5_MHBD_MWPM_2_5x/results/sweep_16_exp_0_checkpoints.csv
3333002300333003022333033,0.009744054052976,0.0001961782254511,5383705,results/ebbi/SC5_MHBD_MWPM_2_5x/results/sweep_16_exp_0_checkpoints.csv
3333002300333003022333033,0.009744054052976,0.0001961782254511,6859070,results/ebbi/SC5_MHBD_MWPM_2_5x/results/sweep_16_exp_0_checkpoints.csv
3333002300333003022333033,0.0097534168867774,0.0001308482023887,8673153,results/ebbi/SC5_MHBD_MWPM_2_5x/results/sweep_16_exp_0_checkpoints.csv
3333002300333003022333033,0.0097534168867774,0.0001308482023887,10670343,results/ebbi/SC5_MHBD_MWPM_2_5x/results/sweep_16_exp_0_checkpoints.csv
3333003300333003022333003,0.009603166749134,0.0001940317742992,13384039,results/ebbi/SC5_MHBD_MWPM_2_5x/results/sweep_16_exp_0_checkpoints.csv
3333003300333303022333003,0.009680151585271,0.0001293889217777,17059170,results/ebbi/SC5_MHBD_MWPM_2_5x/results/sweep_16_exp_0_checkpoints.csv
3333003300333303022333003,0.009744788226464,8.654409612063318e-05,22144681,results/ebbi/SC5_MHBD_MWPM_2_5x/results/sweep_16_exp_0_checkpoints.csv
3333003300333303022333003,0.009744788226464,8.654409612063318e-05,27637082,results/ebbi/SC5_MHBD_MWPM_2_5x/results/sweep_16_exp_0_checkpoints.csv
3333003300333303022333003,0.009744788226464,8.654409612063318e-05,34995540,results/ebbi/SC5_MHBD_MWPM_2_5x/results/sweep_16_exp_0_checkpoints.csv
3333003300333303022333003,0.009744788226464,8.654409612063318e-05,43148073,results/ebbi/SC5_MHBD_MWPM_2_5x/results/sweep_16_exp_0_checkpoints.csv
3333000300333303000030003,0.0087921074639523,0.0001210965710924,52998171,results/ebbi/SC5_MHBD_MWPM_2_5x/results/sweep_16_exp_0_checkpoints.csv
3333000300333303000030003,0.0087642674556177,8.060438267420977e-05,67751963,results/ebbi/SC5_MHBD_MWPM_2_5x/results/sweep_16_exp_0_checkpoints.csv
3333000300333303000030003,0.0088577583413133,5.401959060691297e-05,84674815,results/ebbi/SC5_MHBD_MWPM_2_5x/results/sweep_16_exp_0_checkpoints.csv
3333000300333303000030003,0.0088374870295478,3.597220711526461e-05,105762581,results/ebbi/SC5_MHBD_MWPM_2_5x/results/sweep_16_exp_0_checkpoints.csv
3333030330330300030030300,0.0083350243429092,0.0001122983594541,133118466,results/ebbi/SC5_MHBD_MWPM_2_5x/results/sweep_16_exp_0_checkpoints.csv
3333030330330300030330300,0.0082885044528067,7.385333447018638e-05,167526761,results/ebbi/SC5_MHBD_MWPM_2_5x/results/sweep_16_exp_0_checkpoints.csv
3333030330330300030330300,0.0083823678604037,4.95112435601186e-05,212809580,results/ebbi/SC5_MHBD_MWPM_2_5x/results/sweep_16_exp_0_checkpoints.csv
3303030330330300030030300,0.0084222200045073,3.3224794606212527e-05,271881184,results/ebbi/SC5_MHBD_MWPM_2_5x/results/sweep_16_exp_0_checkpoints.csv
3333000330330300030300300,0.0083817254627172,3.2956766517600045e-05,342680630,results/ebbi/SC5_MHBD_MWPM_2_5x/results/sweep_16_exp_0_checkpoints.csv
3333000330330300030300300,0.0083817254627172,3.2956766517600045e-05,424994661,results/ebbi/SC5_MHBD_MWPM_2_5x/results/sweep_16_exp_0_checkpoints.csv
3333000330030300030300330,0.0082759569204939,3.263305552536622e-05,529772142,results/ebbi/SC5_MHBD_MWPM_2_5x/results/sweep_16_exp_0_checkpoints.csv
3333000330030300030330330,0.0082368906278223,3.2418716727988794e-05,675881519,results/ebbi/SC5_MHBD_MWPM_2_5x/results/sweep_16_exp_0_checkpoints.csv
3333000300030300030330330,0.0081342086225297,3.212404772057198e-05,840594190,results/ebbi/SC5_MHBD_MWPM_2_5x/results/sweep_16_exp_0_checkpoints.csv
3333000300030300030333330,0.0081273271169372,2.1245803509373214e-05,1060151469,results/ebbi/SC5_MHBD_MWPM_2_5x/results/sweep_16_exp_0_checkpoints.csv
3333000300030300030333330,0.0081273271169372,2.1245803509373214e-05,1334506503,results/ebbi/SC5_MHBD_MWPM_2_5x/results/sweep_16_exp_0_checkpoints.csv
0333300300030300030333030,0.0080043422549477,2.097733522532508e-05,1681690929,results/ebbi/SC5_MHBD_MWPM_2_5x/results/sweep_16_exp_0_checkpoints.csv
0333330300030300030033330,0.0079455584079162,2.089861845888663e-05,2108826097,results/ebbi/SC5_MHBD_MWPM_2_5x/results/sweep_16_exp_0_checkpoints.csv
0333330300030300030033330,0.0079424560777923,1.392971444147406e-05,2654144327,results/ebbi/SC5_MHBD_MWPM_2_5x/results/sweep_16_exp_0_checkpoints.csv
0333330300030300033003330,0.0076214941915693,0.0001544968254165,3341364885,results/ebbi/SC5_MHBD_MWPM_2_5x/results/sweep_16_exp_0_checkpoints.csv
0333330300030300030033330,0.0079424560777923,1.392971444147406e-05,4206502687,results/ebbi/SC5_MHBD_MWPM_2_5x/results/sweep_16_exp_0_checkpoints.csv
0333330300030300030033330,0.0079424560777923,1.392971444147406e-05,5295661450,results/ebbi/SC5_MHBD_MWPM_2_5x/results/sweep_16_exp_0_checkpoints.csv
0333330300030300030033330,0.0079424560777923,1.392971444147406e-05,6666875581,results/ebbi/SC5_MHBD_MWPM_2_5x/results/sweep_16_exp_0_checkpoints.csv
0333330300030300030033330,0.0079424560777923,1.392971444147406e-05,8393017465,results/ebbi/SC5_MHBD_MWPM_2_5x/results/sweep_16_exp_0_checkpoints.csv
0333330300030300030033330,0.0079424560777923,1.392971444147406e-05,10566124041,results/ebbi/SC5_MHBD_MWPM_2_5x/results/sweep_16_exp_0_checkpoints.csv
0303330300030300030333330,0.0079545139601013,4.676606840803288e-05,13302548211,results/ebbi/SC5_MHBD_MWPM_2_5x/results/sweep_16_exp_0_checkpoints.csv
0303330300030300030333330,0.0079507907555166,3.117014784947969e-05,16746199285,results/ebbi/SC5_MHBD_MWPM_2_5x/results/sweep_16_exp_0_checkpoints.csv
0303330300030300030333330,0.0079507907555166,3.117014784947969e-05,21085921121,results/ebbi/SC5_MHBD_MWPM_2_5x/results/sweep_16_exp_0_checkpoints.csv
0303330300030300030333330,0.0079507907555166,3.117014784947969e-05,26540962705,results/ebbi/SC5_MHBD_MWPM_2_5x/results/sweep_16_exp_0_checkpoints.csv
0303330300030300030333330,0.0079507907555166,3.117014784947969e-05,33412898099,results/ebbi/SC5_MHBD_MWPM_2_5x/results/sweep_16_exp_0_checkpoints.csv
0303330300030300030333330,0.0079507907555166,3.117014784947969e-05,42064371695,results/ebbi/SC5_MHBD_MWPM_2_5x/results/sweep_16_exp_0_checkpoints.csv
0303330300030300030333330,0.0079507907555166,3.117014784947969e-05,52955885004,results/ebbi/SC5_MHBD_MWPM_2_5x/results/sweep_16_exp_0_checkpoints.csv
0303330300030300030333330,0.0079507907555166,3.117014784947969e-05,66667566861,results/ebbi/SC5_MHBD_MWPM_2_5x/results/sweep_16_exp_0_checkpoints.csv
0303330300030300030333330,0.0079507907555166,3.117014784947969e-05,83929400890,results/ebbi/SC5_MHBD_MWPM_2_5x/results/sweep_16_exp_0_checkpoints.csv
0303330300030300030333330,0.0079507907555166,3.117014784947969e-05,100000000000,results/ebbi/SC5_MHBD_MWPM_2_5x/results/sweep_16_exp_0_checkpoints.csv
0000220200330023033300333,0.0097247214671312,0.0003036030975636,651381,results/ebbi/SC5_MHBD_MWPM_2_5x/results/sweep_10_exp_0_checkpoints.csv
0000220000330023033300333,0.0094421100641442,0.0003012662346009,1281221,results/ebbi/SC5_MHBD_MWPM_2_5x/results/sweep_10_exp_0_checkpoints.csv
0000220000330023033300333,0.0094421100641442,0.0003012662346009,1443227,results/ebbi/SC5_MHBD_MWPM_2_5x/results/sweep_10_exp_0_checkpoints.csv
0000220000330023033300333,0.0094421100641442,0.0003012662346009,1754881,results/ebbi/SC5_MHBD_MWPM_2_5x/results/sweep_10_exp_0_checkpoints.csv
0000220200330023033300333,0.0095376656967345,0.0002004667476285,2152637,results/ebbi/SC5_MHBD_MWPM_2_5x/results/sweep_10_exp_0_checkpoints.csv
0000220000330023033300333,0.0095274242313149,0.0002017427468672,2700783,results/ebbi/SC5_MHBD_MWPM_2_5x/results/sweep_10_exp_0_checkpoints.csv
0000220000330023033300333,0.0095274242313149,0.0002017427468672,3610117,results/ebbi/SC5_MHBD_MWPM_2_5x/results/sweep_10_exp_0_checkpoints.csv
0000220000330023033300333,0.0095274242313149,0.0002017427468672,4115691,results/ebbi/SC5_MHBD_MWPM_2_5x/results/sweep_10_exp_0_checkpoints.csv
0000220200330023033300333,0.0096955946303649,0.0001347362267551,5268968,results/ebbi/SC5_MHBD_MWPM_2_5x/results/sweep_10_exp_0_checkpoints.csv
0233232330330030033200303,0.0095748323139891,0.0001920814247569,6785651,results/ebbi/SC5_MHBD_MWPM_2_5x/results/sweep_10_exp_0_checkpoints.csv
0233232330330030033200303,0.0096989503899292,0.0001288739877054,8374248,results/ebbi/SC5_MHBD_MWPM_2_5x/results/sweep_10_exp_0_checkpoints.csv
0000220000330023033300333,0.009675693451676,9.035221592057496e-05,10363037,results/ebbi/SC5_MHBD_MWPM_2_5x/results/sweep_10_exp_0_checkpoints.csv
0000220000330023033300333,0.009675693451676,9.035221592057496e-05,13674438,results/ebbi/SC5_MHBD_MWPM_2_5x/results/sweep_10_exp_0_checkpoints.csv
0000220000330023033300333,0.009675693451676,9.035221592057496e-05,16941006,results/ebbi/SC5_MHBD_MWPM_2_5x/results/sweep_10_exp_0_checkpoints.csv
0000220000330023033300333,0.009675693451676,9.035221592057496e-05,22027096,results/ebbi/SC5_MHBD_MWPM_2_5x/results/sweep_10_exp_0_checkpoints.csv
0000220000330023033300333,0.0097043852431548,6.0323225625324994e-05,26323741,results/ebbi/SC5_MHBD_MWPM_2_5x/results/sweep_10_exp_0_checkpoints.csv
0000220000330023033300333,0.0097043852431548,6.0323225625324994e-05,34082051,results/ebbi/SC5_MHBD_MWPM_2_5x/results/sweep_10_exp_0_checkpoints.csv
0000220000330023033300333,0.0097043852431548,6.0323225625324994e-05,43981995,results/ebbi/SC5_MHBD_MWPM_2_5x/results/sweep_10_exp_0_checkpoints.csv
0000220000330023033300333,0.0097120889262563,4.023129804409109e-05,53167441,results/ebbi/SC5_MHBD_MWPM_2_5x/results/sweep_10_exp_0_checkpoints.csv
0000220000330023033300333,0.0097120889262563,4.023129804409109e-05,66611832,results/ebbi/SC5_MHBD_MWPM_2_5x/results/sweep_10_exp_0_checkpoints.csv
0000220000330023033300333,0.0097120889262563,4.023129804409109e-05,84936765,results/ebbi/SC5_MHBD_MWPM_2_5x/results/sweep_10_exp_0_checkpoints.csv
0000220200030323333303333,0.0096225775622803,8.529095066478476e-05,103274829,results/ebbi/SC5_MHBD_MWPM_2_5x/results/sweep_10_exp_0_checkpoints.csv
0000300200030330300333333,0.0088998838730026,0.0001185368600999,130021404,results/ebbi/SC5_MHBD_MWPM_2_5x/results/sweep_10_exp_0_checkpoints.csv
0000300200030330300303333,0.0090054399071589,3.5980581742478535e-05,164784379,results/ebbi/SC5_MHBD_MWPM_2_5x/results/sweep_10_exp_0_checkpoints.csv
0000300300030330000333332,0.0087321363470014,7.782622560625896e-05,206716809,results/ebbi/SC5_MHBD_MWPM_2_5x/results/sweep_10_exp_0_checkpoints.csv
0030300303030300000333332,0.0085976430625252,5.076298475614749e-05,259513312,results/ebbi/SC5_MHBD_MWPM_2_5x/results/sweep_10_exp_0_checkpoints.csv
0030300303030300000333332,0.0085976430625252,5.076298475614749e-05,328223486,results/ebbi/SC5_MHBD_MWPM_2_5x/results/sweep_10_exp_0_checkpoints.csv
0330300300030330030333330,0.0082932802030123,3.268033469794318e-05,412400208,results/ebbi/SC5_MHBD_MWPM_2_5x/results/sweep_10_exp_0_checkpoints.csv
0333330300030330000333330,0.0080899409735847,4.795922359335236e-05,518691367,results/ebbi/SC5_MHBD_MWPM_2_5x/results/sweep_10_exp_0_checkpoints.csv
0333330300030300000033330,0.0080682532509979,3.167272370774299e-05,654798442,results/ebbi/SC5_MHBD_MWPM_2_5x/results/sweep_10_exp_0_checkpoints.csv
0333330300030300030333330,0.0078019397986563,6.986007065279409e-05,820166132,results/ebbi/SC5_MHBD_MWPM_2_5x/results/sweep_10_exp_0_checkpoints.csv
0333300300030300030033330,0.0079007913448143,3.103531344095245e-05,1035145708,results/ebbi/SC5_MHBD_MWPM_2_5x/results/sweep_10_exp_0_checkpoints.csv
0333300300030300030033330,0.0079007913448143,3.103531344095245e-05,1299901883,results/ebbi/SC5_MHBD_MWPM_2_5x/results/sweep_10_exp_0_checkpoints.csv
0303330300030300030033330,0.0078299810271836,4.632255149772391e-05,1636802552,results/ebbi/SC5_MHBD_MWPM_2_5x/results/sweep_10_exp_0_checkpoints.csv
0303330300030300030033330,0.0078299810271836,4.632255149772391e-05,2060043722,results/ebbi/SC5_MHBD_MWPM_2_5x/results/sweep_10_exp_0_checkpoints.csv
0303330300030300030033330,0.0078299810271836,4.632255149772391e-05,2593392988,results/ebbi/SC5_MHBD_MWPM_2_5x/results/sweep_10_exp_0_checkpoints.csv
0303330300030300030033330,0.0078299810271836,4.632255149772391e-05,3265005064,results/ebbi/SC5_MHBD_MWPM_2_5x/results/sweep_10_exp_0_checkpoints.csv
0303330300030300030033330,0.0078299810271836,4.632255149772391e-05,4110010482,results/ebbi/SC5_MHBD_MWPM_2_5x/results/sweep_10_exp_0_checkpoints.csv
0333300300030303030033300,0.0075129688152167,0.0001529717555968,5174232783,results/ebbi/SC5_MHBD_MWPM_2_5x/results/sweep_10_exp_0_checkpoints.csv
0303330300030300030033330,0.0078299810271836,4.632255149772391e-05,6514142244,results/ebbi/SC5_MHBD_MWPM_2_5x/results/sweep_10_exp_0_checkpoints.csv
0303330300030300030033330,0.0078299810271836,4.632255149772391e-05,8200404955,results/ebbi/SC5_MHBD_MWPM_2_5x/results/sweep_10_exp_0_checkpoints.csv
0303330300030300030033330,0.0078299810271836,4.632255149772391e-05,10323923953,results/ebbi/SC5_MHBD_MWPM_2_5x/results/sweep_10_exp_0_checkpoints.csv
0303330300030300030033330,0.0078299810271836,4.632255149772391e-05,12996775414,results/ebbi/SC5_MHBD_MWPM_2_5x/results/sweep_10_exp_0_checkpoints.csv
0303330300030300030033330,0.0078299810271836,4.632255149772391e-05,16362081784,results/ebbi/SC5_MHBD_MWPM_2_5x/results/sweep_10_exp_0_checkpoints.csv
0303330300030300030033330,0.0078299810271836,4.632255149772391e-05,20598496210,results/ebbi/SC5_MHBD_MWPM_2_5x/results/sweep_10_exp_0_checkpoints.csv
0303330300030300030033330,0.0078299810271836,4.632255149772391e-05,25932166888,results/ebbi/SC5_MHBD_MWPM_2_5x/results/sweep_10_exp_0_checkpoints.csv
0303330300030300030033330,0.0078299810271836,4.632255149772391e-05,32646443414,results/ebbi/SC5_MHBD_MWPM_2_5x/results/sweep_10_exp_0_checkpoints.csv
0303330300030300030033330,0.0078299810271836,4.632255149772391e-05,41099487216,results/ebbi/SC5_MHBD_MWPM_2_5x/results/sweep_10_exp_0_checkpoints.csv
0303330300030300030033330,0.0078299810271836,4.632255149772391e-05,51741182428,results/ebbi/SC5_MHBD_MWPM_2_5x/results/sweep_10_exp_0_checkpoints.csv
0303330300030300030033330,0.0078299810271836,4.632255149772391e-05,65138119291,results/ebbi/SC5_MHBD_MWPM_2_5x/results/sweep_10_exp_0_checkpoints.csv
0303330300030300030033330,0.0078299810271836,4.632255149772391e-05,82004091187,results/ebbi/SC5_MHBD_MWPM_2_5x/results/sweep_10_exp_0_checkpoints.csv
0303330300030300030033330,0.0078299810271836,4.632255149772391e-05,100000000000,results/ebbi/SC5_MHBD_MWPM_2_5x/results/sweep_10_exp_0_checkpoints.csv
0200300030332323030232000,0.0103103204285858,0.0003211584989912,673859,results/ebbi/SC5_MHBD_MWPM_2_5x/results/sweep_1_exp_0_checkpoints.csv
0200300030332323030232000,0.0103103204285858,0.0003211584989912,885684,results/ebbi/SC5_MHBD_MWPM_2_5x/results/sweep_1_exp_0_checkpoints.csv
0200300030332323030232000,0.0103103204285858,0.0003211584989912,1099284,results/ebbi/SC5_MHBD_MWPM_2_5x/results/sweep_1_exp_0_checkpoints.csv
0200300030332323330232000,0.0102582002579093,0.0003137525054626,1568610,results/ebbi/SC5_MHBD_MWPM_2_5x/results/sweep_1_exp_0_checkpoints.csv
0200300030332323330232000,0.0102582002579093,0.0003137525054626,1814398,results/ebbi/SC5_MHBD_MWPM_2_5x/results/sweep_1_exp_0_checkpoints.csv
0200300030332323330232000,0.0102582002579093,0.0003137525054626,2195343,results/ebbi/SC5_MHBD_MWPM_2_5x/results/sweep_1_exp_0_checkpoints.csv
0200300030330323030232000,0.0093800784999477,0.0002971661742776,2875038,results/ebbi/SC5_MHBD_MWPM_2_5x/results/sweep_1_exp_0_checkpoints.csv
0200300030330323030232000,0.0093800784999477,0.0002971661742776,3386063,results/ebbi/SC5_MHBD_MWPM_2_5x/results/sweep_1_exp_0_checkpoints.csv
0200300030330323030232000,0.0094192583706794,0.0001985218550544,4286678,results/ebbi/SC5_MHBD_MWPM_2_5x/results/sweep_1_exp_0_checkpoints.csv
0200300030330323030232000,0.0094192583706794,0.0001985218550544,5482791,results/ebbi/SC5_MHBD_MWPM_2_5x/results/sweep_1_exp_0_checkpoints.csv
0200300030330323330233000,0.0094732360385079,0.0001923329691635,6963304,results/ebbi/SC5_MHBD_MWPM_2_5x/results/sweep_1_exp_0_checkpoints.csv
0200300030330323030233000,0.0094507771266069,0.000130550834001,8539987,results/ebbi/SC5_MHBD_MWPM_2_5x/results/sweep_1_exp_0_checkpoints.csv
0200300030330323030233000,0.0094507771266069,0.000130550834001,10880782,results/ebbi/SC5_MHBD_MWPM_2_5x/results/sweep_1_exp_0_checkpoints.csv
0300300030330323030033000,0.0091099672757022,0.0002773568267002,13541211,results/ebbi/SC5_MHBD_MWPM_2_5x/results/sweep_1_exp_0_checkpoints.csv
3300330030330323030033000,0.008923006987367,0.0001800544414436,17041208,results/ebbi/SC5_MHBD_MWPM_2_5x/results/sweep_1_exp_0_checkpoints.csv
0300300030330323030033000,0.0089976500057234,0.0001225158339366,21557552,results/ebbi/SC5_MHBD_MWPM_2_5x/results/sweep_1_exp_0_checkpoints.csv
0300300030330323030033000,0.0089496003279973,8.146094478433952e-05,27044391,results/ebbi/SC5_MHBD_MWPM_2_5x/results/sweep_1_exp_0_checkpoints.csv
0300300030330333330333000,0.0088268109988267,0.0001182578707812,33778128,results/ebbi/SC5_MHBD_MWPM_2_5x/results/sweep_1_exp_0_checkpoints.csv
0303300030330333330303000,0.0086682005457755,0.0001162896805908,43148242,results/ebbi/SC5_MHBD_MWPM_2_5x/results/sweep_1_exp_0_checkpoints.csv
0303300030330333330303000,0.0086808057041097,7.758240826660767e-05,54704316,results/ebbi/SC5_MHBD_MWPM_2_5x/results/sweep_1_exp_0_checkpoints.csv
0303300030330333330303000,0.0087318719387621,5.187220813240856e-05,68832619,results/ebbi/SC5_MHBD_MWPM_2_5x/results/sweep_1_exp_0_checkpoints.csv
0330300030330303030333000,0.0082104825002601,0.0001680654968367,85103166,results/ebbi/SC5_MHBD_MWPM_2_5x/results/sweep_1_exp_0_checkpoints.csv
0330000330330303030333000,0.0083095338248208,7.435309089487419e-05,107005922,results/ebbi/SC5_MHBD_MWPM_2_5x/results/sweep_1_exp_0_checkpoints.csv
0333000330330000030333030,0.0082559535295983,7.318465213757008e-05,134924333,results/ebbi/SC5_MHBD_MWPM_2_5x/results/sweep_1_exp_0_checkpoints.csv
0030000330330300030333030,0.0082744773401515,4.887319664703682e-05,170443555,results/ebbi/SC5_MHBD_MWPM_2_5x/results/sweep_1_exp_0_checkpoints.csv
0330300330330300030333030,0.008274089119301,4.883313522441313e-05,215964180,results/ebbi/SC5_MHBD_MWPM_2_5x/results/sweep_1_exp_0_checkpoints.csv
0033000330330300030333030,0.0082631290799037,4.868329779128544e-05,269259741,results/ebbi/SC5_MHBD_MWPM_2_5x/results/sweep_1_exp_0_checkpoints.csv
0330300330330300030333030,0.0082624997594355,3.253281465731561e-05,337824856,results/ebbi/SC5_MHBD_MWPM_2_5x/results/sweep_1_exp_0_checkpoints.csv
0330300330330300030333030,0.0082624997594355,3.253281465731561e-05,425891633,results/ebbi/SC5_MHBD_MWPM_2_5x/results/sweep_1_exp_0_checkpoints.csv
0330300330330300030333030,0.0082538043843596,2.167722414014861e-05,544405229,results/ebbi/SC5_MHBD_MWPM_2_5x/results/sweep_1_exp_0_checkpoints.csv
0333000330330300030333030,0.0082382724876968,2.153106288460549e-05,675268939,results/ebbi/SC5_MHBD_MWPM_2_5x/results/sweep_1_exp_0_checkpoints.csv
0333000330330300030333030,0.0082397482408845,1.4355317944136914e-05,848872805,results/ebbi/SC5_MHBD_MWPM_2_5x/results/sweep_1_exp_0_checkpoints.csv
0333000330330300030303030,0.0082376702931026,1.439380048395833e-05,1068356868,results/ebbi/SC5_MHBD_MWPM_2_5x/results/sweep_1_exp_0_checkpoints.csv
0333000300030300330033330,0.0079640999647515,4.735229231300764e-05,1345215052,results/ebbi/SC5_MHBD_MWPM_2_5x/results/sweep_1_exp_0_checkpoints.csv
0333300300030300030333330,0.0079221900195621,4.688573972089216e-05,1693445157,results/ebbi/SC5_MHBD_MWPM_2_5x/results/sweep_1_exp_0_checkpoints.csv
0333300300030300030333330,0.0079203278220627,3.125352304778062e-05,2134893130,results/ebbi/SC5_MHBD_MWPM_2_5x/results/sweep_1_exp_0_checkpoints.csv
0333330300030300030333330,0.0079509007420785,2.082134051306639e-05,2701816033,results/ebbi/SC5_MHBD_MWPM_2_5x/results/sweep_1_exp_0_checkpoints.csv
0333330300030300030033330,0.0079516028488069,1.3846002730133478e-05,3377481385,results/ebbi/SC5_MHBD_MWPM_2_5x/results/sweep_1_exp_0_checkpoints.csv
3303300300030300030033330,0.007868574585972,4.649914626497775e-05,4252394946,results/ebbi/SC5_MHBD_MWPM_2_5x/results/sweep_1_exp_0_checkpoints.csv
3303300300030300030033330,0.007868574585972,4.649914626497775e-05,5352680346,results/ebbi/SC5_MHBD_MWPM_2_5x/results/sweep_1_exp_0_checkpoints.csv
0303330303030300033033330,0.0075315756509478,0.0001533812173875,6738617140,results/ebbi/SC5_MHBD_MWPM_2_5x/results/sweep_1_exp_0_checkpoints.csv
3303300300030300030033330,0.007868574585972,4.649914626497775e-05,8483456413,results/ebbi/SC5_MHBD_MWPM_2_5x/results/sweep_1_exp_0_checkpoints.csv
3303300300030300030033330,0.007868574585972,4.649914626497775e-05,10680146607,results/ebbi/SC5_MHBD_MWPM_2_5x/results/sweep_1_exp_0_checkpoints.csv
3303300300030300030033330,0.007868574585972,4.649914626497775e-05,13445317291,results/ebbi/SC5_MHBD_MWPM_2_5x/results/sweep_1_exp_0_checkpoints.csv
3303300300030300030033330,0.007868574585972,4.649914626497775e-05,16926655992,results/ebbi/SC5_MHBD_MWPM_2_5x/results/sweep_1_exp_0_checkpoints.csv
3303300300030300030033330,0.007868574585972,4.649914626497775e-05,21309437445,results/ebbi/SC5_MHBD_MWPM_2_5x/results/sweep_1_exp_0_checkpoints.csv
3303300300030300030033330,0.007868574585972,4.649914626497775e-05,26826959311,results/ebbi/SC5_MHBD_MWPM_2_5x/results/sweep_1_exp_0_checkpoints.csv
3303300300030300030033330,0.007868574585972,4.649914626497775e-05,33773545772,results/ebbi/SC5_MHBD_MWPM_2_5x/results/sweep_1_exp_0_checkpoints.csv
3303300300030300030033330,0.007868574585972,4.649914626497775e-05,42517683451,results/ebbi/SC5_MHBD_MWPM_2_5x/results/sweep_1_exp_0_checkpoints.csv
3303300300030300030033330,0.007868574585972,4.649914626497775e-05,53526645895,results/ebbi/SC5_MHBD_MWPM_2_5x/results/sweep_1_exp_0_checkpoints.csv
3303300300030300030033330,0.007868574585972,4.649914626497775e-05,67385974835,results/ebbi/SC5_MHBD_MWPM_2_5x/results/sweep_1_exp_0_checkpoints.csv
3303300300030300030033330,0.007868574585972,4.649914626497775e-05,84833847058,results/ebbi/SC5_MHBD_MWPM_2_5x/results/sweep_1_exp_0_checkpoints.csv
3303300300030300030033330,0.007868574585972,4.649914626497775e-05,100000000000,results/ebbi/SC5_MHBD_MWPM_2_5x/results/sweep_1_exp_0_checkpoints.csv
3030322000300003032330030,0.0094387599422282,0.0003083751653321,825945,results/ebbi/SC5_MHBD_MWPM_2_5x/results/sweep_17_exp_0_checkpoints.csv
3030322000300003032330030,0.0094387599422282,0.0003083751653321,1496537,results/ebbi/SC5_MHBD_MWPM_2_5x/results/sweep_17_exp_0_checkpoints.csv
3030322000300003032330030,0.0094387599422282,0.0003083751653321,1666556,results/ebbi/SC5_MHBD_MWPM_2_5x/results/sweep_17_exp_0_checkpoints.csv
3030322000300003032330030,0.0094387599422282,0.0003083751653321,2074699,results/ebbi/SC5_MHBD_MWPM_2_5x/results/sweep_17_exp_0_checkpoints.csv
3030322000300003032330030,0.0094387599422282,0.0003083751653321,2726675,results/ebbi/SC5_MHBD_MWPM_2_5x/results/sweep_17_exp_0_checkpoints.csv
3030322000300003032330030,0.0095744825123297,0.00020704382041,3369945,results/ebbi/SC5_MHBD_MWPM_2_5x/results/sweep_17_exp_0_checkpoints.csv
3030322000300003032330030,0.0095744825123297,0.00020704382041,4304302,results/ebbi/SC5_MHBD_MWPM_2_5x/results/sweep_17_exp_0_checkpoints.csv
3030322000300003032330030,0.0096438602765376,0.0001385241630487,5481855,results/ebbi/SC5_MHBD_MWPM_2_5x/results/sweep_17_exp_0_checkpoints.csv
3030322000300003032330030,0.0096438602765376,0.0001385241630487,6648008,results/ebbi/SC5_MHBD_MWPM_2_5x/results/sweep_17_exp_0_checkpoints.csv
3030322000300003032330030,0.0096438602765376,0.0001385241630487,8360615,results/ebbi/SC5_MHBD_MWPM_2_5x/results/sweep_17_exp_0_checkpoints.csv
0030330000303003032330330,0.0093783924659332,0.0001908139383886,10401515,results/ebbi/SC5_MHBD_MWPM_2_5x/results/sweep_17_exp_0_checkpoints.csv
0030330000303003002330330,0.0092488357030503,0.0001879547926364,13376492,results/ebbi/SC5_MHBD_MWPM_2_5x/results/sweep_17_exp_0_checkpoints.csv
0030330000303003032330330,0.0093780100991275,0.0001272072258871,16536769,results/ebbi/SC5_MHBD_MWPM_2_5x/results/sweep_17_exp_0_checkpoints.csv
0030330300303002002330330,0.0089790104444386,0.0001821548939915,20748875,results/ebbi/SC5_MHBD_MWPM_2_5x/results/sweep_17_exp_0_checkpoints.csv
0030330300303303002300330,0.0091093490070592,0.0001229081390192,26314885,results/ebbi/SC5_MHBD_MWPM_2_5x/results/sweep_17_exp_0_checkpoints.csv
0030330300303003002300330,0.008925392951409,0.0001190991242765,33319163,results/ebbi/SC5_MHBD_MWPM_2_5x/results/sweep_17_exp_0_checkpoints.csv
0030330300303303002000330,0.0089296628922328,8.04868686827831e-05,42133326,results/ebbi/SC5_MHBD_MWPM_2_5x/results/sweep_17_exp_0_checkpoints.csv
0033330300303303002000330,0.0088735594247515,7.909371197456494e-05,52633859,results/ebbi/SC5_MHBD_MWPM_2_5x/results/sweep_17_exp_0_checkpoints.csv
3033330300303303002003330,0.0083922935455633,0.0002585179754532,66542558,results/ebbi/SC5_MHBD_MWPM_2_5x/results/sweep_17_exp_0_checkpoints.csv
3003330300003303002003330,0.0088184732805332,7.793309487169608e-05,82801612,results/ebbi/SC5_MHBD_MWPM_2_5x/results/sweep_17_exp_0_checkpoints.csv
0333330300003303030003330,0.0082771291866028,0.0001121079840231,104100804,results/ebbi/SC5_MHBD_MWPM_2_5x/results/sweep_17_exp_0_checkpoints.csv
0333330300003303030003330,0.0081978703365978,7.438304601237178e-05,132446804,results/ebbi/SC5_MHBD_MWPM_2_5x/results/sweep_17_exp_0_checkpoints.csv
0333330000003300030003330,0.0081352720682127,7.206503505585715e-05,164996389,results/ebbi/SC5_MHBD_MWPM_2_5x/results/sweep_17_exp_0_checkpoints.csv
0333330300003303030003330,0.0081494987012526,3.296228896942921e-05,210660084,results/ebbi/SC5_MHBD_MWPM_2_5x/results/sweep_17_exp_0_checkpoints.csv
0333330300003303030003330,0.0081494987012526,3.296228896942921e-05,262651536,results/ebbi/SC5_MHBD_MWPM_2_5x/results/sweep_17_exp_0_checkpoints.csv
0333330300003303030003330,0.0081494987012526,3.296228896942921e-05,330174830,results/ebbi/SC5_MHBD_MWPM_2_5x/results/sweep_17_exp_0_checkpoints.csv
0333300330030303030003330,0.0080709922214222,3.1786312320036814e-05,414026956,results/ebbi/SC5_MHBD_MWPM_2_5x/results/sweep_17_exp_0_checkpoints.csv
0333330330030300030003330,0.0079585315610736,7.08060251781717e-05,521778841,results/ebbi/SC5_MHBD_MWPM_2_5x/results/sweep_17_exp_0_checkpoints.csv
0333330330030300030003330,0.0080479356476223,3.1644209229853004e-05,658345690,results/ebbi/SC5_MHBD_MWPM_2_5x/results/sweep_17_exp_0_checkpoints.csv
0333330300030300030003330,0.0080421524937223,2.1071502487757243e-05,826056447,results/ebbi/SC5_MHBD_MWPM_2_5x/results/sweep_17_exp_0_checkpoints.csv
0333330300030300030033330,0.0079015938025176,4.6877841668901965e-05,1043946287,results/ebbi/SC5_MHBD_MWPM_2_5x/results/sweep_17_exp_0_checkpoints.csv
0303300300030300030033330,0.0077847738268194,6.935478450031951e-05,1309189919,results/ebbi/SC5_MHBD_MWPM_2_5x/results/sweep_17_exp_0_checkpoints.csv
0333300300030300030033330,0.0079111167687483,3.108441524091177e-05,1648061069,results/ebbi/SC5_MHBD_MWPM_2_5x/results/sweep_17_exp_0_checkpoints.csv
0333330300030300030333030,0.0079025719903539,3.0994353437563404e-05,2077151607,results/ebbi/SC5_MHBD_MWPM_2_5x/results/sweep_17_exp_0_checkpoints.csv
0333330300030300030333030,0.0079025719903539,3.0994353437563404e-05,2611887388,results/ebbi/SC5_MHBD_MWPM_2_5x/results/sweep_17_exp_0_checkpoints.csv
0333330300030300030333030,0.0079025719903539,3.0994353437563404e-05,3288839888,results/ebbi/SC5_MHBD_MWPM_2_5x/results/sweep_17_exp_0_checkpoints.csv
0333330300030300030333030,0.0079025719903539,3.0994353437563404e-05,4139556430,results/ebbi/SC5_MHBD_MWPM_2_5x/results/sweep_17_exp_0_checkpoints.csv
0333330300030300030333030,0.0079025719903539,3.0994353437563404e-05,5211393462,results/ebbi/SC5_MHBD_MWPM_2_5x/results/sweep_17_exp_0_checkpoints.csv
0333330300030300030333030,0.0079025719903539,3.0994353437563404e-05,6560745555,results/ebbi/SC5_MHBD_MWPM_2_5x/results/sweep_17_exp_0_checkpoints.csv
0333330300030300030333030,0.0079025719903539,3.0994353437563404e-05,8259573266,results/ebbi/SC5_MHBD_MWPM_2_5x/results/sweep_17_exp_0_checkpoints.csv
0333330300030300030333030,0.0079025719903539,3.0994353437563404e-05,10398140601,results/ebbi/SC5_MHBD_MWPM_2_5x/results/sweep_17_exp_0_checkpoints.csv
0333330300030300030333030,0.0079025719903539,3.0994353437563404e-05,13090478088,results/ebbi/SC5_MHBD_MWPM_2_5x/results/sweep_17_exp_0_checkpoints.csv
0333330300030300030333030,0.0079025719903539,3.0994353437563404e-05,16479807950,results/ebbi/SC5_MHBD_MWPM_2_5x/results/sweep_17_exp_0_checkpoints.csv
0333330300030300030333030,0.0079025719903539,3.0994353437563404e-05,20746838001,results/ebbi/SC5_MHBD_MWPM_2_5x/results/sweep_17_exp_0_checkpoints.csv
0333330300030300030333030,0.0079025719903539,3.0994353437563404e-05,26118680635,results/ebbi/SC5_MHBD_MWPM_2_5x/results/sweep_17_exp_0_checkpoints.csv
0333330300030300030333030,0.0079025719903539,3.0994353437563404e-05,32881538179,results/ebbi/SC5_MHBD_MWPM_2_5x/results/sweep_17_exp_0_checkpoints.csv
0333330300030300030333030,0.0079025719903539,3.0994353437563404e-05,41395409389,results/ebbi/SC5_MHBD_MWPM_2_5x/results/sweep_17_exp_0_checkpoints.csv
0333330300030300030333030,0.0079025719903539,3.0994353437563404e-05,52113817980,results/ebbi/SC5_MHBD_MWPM_2_5x/results/sweep_17_exp_0_checkpoints.csv
0333330300030300030333030,0.0079025719903539,3.0994353437563404e-05,65607218661,results/ebbi/SC5_MHBD_MWPM_2_5x/results/sweep_17_exp_0_checkpoints.csv
0333330300030300030333030,0.0079025719903539,3.0994353437563404e-05,82594549868,results/ebbi/SC5_MHBD_MWPM_2_5x/results/sweep_17_exp_0_checkpoints.csv
0333330300030300030333030,0.0079025719903539,3.0994353437563404e-05,100000000000,results/ebbi/SC5_MHBD_MWPM_2_5x/results/sweep_17_exp_0_checkpoints.csv
3020330320003002223320303,0.0106513196040114,0.0003363720607012,596791,results/ebbi/SC5_MHBD_MWPM_2_5x/results/sweep_6_exp_0_checkpoints.csv
3020330320003002223320303,0.0106513196040114,0.0003363720607012,801459,results/ebbi/SC5_MHBD_MWPM_2_5x/results/sweep_6_exp_0_checkpoints.csv
3020330320003002223320303,0.0106513196040114,0.0003363720607012,964676,results/ebbi/SC5_MHBD_MWPM_2_5x/results/sweep_6_exp_0_checkpoints.csv
3020330030003202233320303,0.0103786335303491,0.0003218583879061,1500473,results/ebbi/SC5_MHBD_MWPM_2_5x/results/sweep_6_exp_0_checkpoints.csv
3020330030003202233320303,0.0103786335303491,0.0003218583879061,1969127,results/ebbi/SC5_MHBD_MWPM_2_5x/results/sweep_6_exp_0_checkpoints.csv
3020330030003202233320303,0.0103786335303491,0.0003218583879061,2434898,results/ebbi/SC5_MHBD_MWPM_2_5x/results/sweep_6_exp_0_checkpoints.csv
3020330030003202233320303,0.0103786335303491,0.0003218583879061,3055594,results/ebbi/SC5_MHBD_MWPM_2_5x/results/sweep_6_exp_0_checkpoints.csv
3020330030003202233320303,0.0102296975021965,0.0002130449429387,3860188,results/ebbi/SC5_MHBD_MWPM_2_5x/results/sweep_6_exp_0_checkpoints.csv
3020330030003202233320303,0.0102296975021965,0.0002130449429387,5005555,results/ebbi/SC5_MHBD_MWPM_2_5x/results/sweep_6_exp_0_checkpoints.csv
3020330030003202233320303,0.0102296975021965,0.0002130449429387,6235931,results/ebbi/SC5_MHBD_MWPM_2_5x/results/sweep_6_exp_0_checkpoints.csv
3000330020003202233320303,0.0104093643041867,0.0001422239292878,7582949,results/ebbi/SC5_MHBD_MWPM_2_5x/results/sweep_6_exp_0_checkpoints.csv
3000330020003202233320303,0.0104093643041867,0.0001422239292878,9702432,results/ebbi/SC5_MHBD_MWPM_2_5x/results/sweep_6_exp_0_checkpoints.csv
3020330030003202233320303,0.010413410631065,9.552478149998932e-05,11913535,results/ebbi/SC5_MHBD_MWPM_2_5x/results/sweep_6_exp_0_checkpoints.csv
3020330030003202233320303,0.010413410631065,9.552478149998932e-05,15605449,results/ebbi/SC5_MHBD_MWPM_2_5x/results/sweep_6_exp_0_checkpoints.csv
3020330030003202233320303,0.010413410631065,9.552478149998932e-05,18955540,results/ebbi/SC5_MHBD_MWPM_2_5x/results/sweep_6_exp_0_checkpoints.csv
3320330030003202233320303,0.0103882826767141,9.20641905395314e-05,24139650,results/ebbi/SC5_MHBD_MWPM_2_5x/results/sweep_6_exp_0_checkpoints.csv
3320330030003202233320303,0.0103882826767141,9.20641905395314e-05,30018804,results/ebbi/SC5_MHBD_MWPM_2_5x/results/sweep_6_exp_0_checkpoints.csv
3320330030003202233320303,0.0104289687959068,6.149498221930116e-05,37825907,results/ebbi/SC5_MHBD_MWPM_2_5x/results/sweep_6_exp_0_checkpoints.csv
3320330030003202233333303,0.010276256202776,9.12214381969534e-05,47789194,results/ebbi/SC5_MHBD_MWPM_2_5x/results/sweep_6_exp_0_checkpoints.csv
3320030030033200003333303,0.0094054621556603,0.0001272591325687,60245890,results/ebbi/SC5_MHBD_MWPM_2_5x/results/sweep_6_exp_0_checkpoints.csv
3320030030003200033333303,0.009498185019096,5.8068024372914806e-05,76548578,results/ebbi/SC5_MHBD_MWPM_2_5x/results/sweep_6_exp_0_checkpoints.csv
0320030030000200333033303,0.0090427878253198,0.0002757079782895,95285481,results/ebbi/SC5_MHBD_MWPM_2_5x/results/sweep_6_exp_0_checkpoints.csv
0330333030000300333033003,0.0087529660268128,7.784902845742181e-05,119489648,results/ebbi/SC5_MHBD_MWPM_2_5x/results/sweep_6_exp_0_checkpoints.csv
0330030030000300333033303,0.0086150223765028,7.663665746804327e-05,149991158,results/ebbi/SC5_MHBD_MWPM_2_5x/results/sweep_6_exp_0_checkpoints.csv
0330030030000300333033333,0.0084028368351655,0.000254967046203,191874125,results/ebbi/SC5_MHBD_MWPM_2_5x/results/sweep_6_exp_0_checkpoints.csv
0330030030000300333033333,0.0086662071804064,5.114086889079772e-05,239269362,results/ebbi/SC5_MHBD_MWPM_2_5x/results/sweep_6_exp_0_checkpoints.csv
0330030030030300333033303,0.0084802512307423,5.050986510468647e-05,300130402,results/ebbi/SC5_MHBD_MWPM_2_5x/results/sweep_6_exp_0_checkpoints.csv
0330030030030300330333330,0.0083019400369254,4.9092610424850136e-05,378126748,results/ebbi/SC5_MHBD_MWPM_2_5x/results/sweep_6_exp_0_checkpoints.csv
0330330030030300030333330,0.0082301806514893,3.259001096012071e-05,475223907,results/ebbi/SC5_MHBD_MWPM_2_5x/results/sweep_6_exp_0_checkpoints.csv
0330030030030300030333330,0.0082348301923185,2.1671958165825345e-05,596825442,results/ebbi/SC5_MHBD_MWPM_2_5x/results/sweep_6_exp_0_checkpoints.csv
0333033030000300030303333,0.0077908727099166,0.0002382475358899,758706707,results/ebbi/SC5_MHBD_MWPM_2_5x/results/sweep_6_exp_0_checkpoints.csv
0333030030030300030303333,0.0082202273439028,2.1492980522452854e-05,950206641,results/ebbi/SC5_MHBD_MWPM_2_5x/results/sweep_6_exp_0_checkpoints.csv
0333330000030300030033330,0.0079715791664448,4.7449877456529066e-05,1191300186,results/ebbi/SC5_MHBD_MWPM_2_5x/results/sweep_6_exp_0_checkpoints.csv
0333330300030300030033330,0.0078252694911005,6.975600263103843e-05,1499324837,results/ebbi/SC5_MHBD_MWPM_2_5x/results/sweep_6_exp_0_checkpoints.csv
0333330300030300030033330,0.0078529911587347,4.658567559090443e-05,1887337007,results/ebbi/SC5_MHBD_MWPM_2_5x/results/sweep_6_exp_0_checkpoints.csv
0333330300030300030033330,0.0078529911587347,4.658567559090443e-05,2376006082,results/ebbi/SC5_MHBD_MWPM_2_5x/results/sweep_6_exp_0_checkpoints.csv
0333330300030300030033330,0.0078529911587347,4.658567559090443e-05,2991337246,results/ebbi/SC5_MHBD_MWPM_2_5x/results/sweep_6_exp_0_checkpoints.csv
0333330300030300030033330,0.0078529911587347,4.658567559090443e-05,3765510191,results/ebbi/SC5_MHBD_MWPM_2_5x/results/sweep_6_exp_0_checkpoints.csv
0333330300030300030033330,0.0078529911587347,4.658567559090443e-05,4740630090,results/ebbi/SC5_MHBD_MWPM_2_5x/results/sweep_6_exp_0_checkpoints.csv
0333330300030300030033330,0.0078529911587347,4.658567559090443e-05,5968023861,results/ebbi/SC5_MHBD_MWPM_2_5x/results/sweep_6_exp_0_checkpoints.csv
0333330300030300030033330,0.0078529911587347,4.658567559090443e-05,7513203645,results/ebbi/SC5_MHBD_MWPM_2_5x/results/sweep_6_exp_0_checkpoints.csv
0333330300030300030033330,0.0078529911587347,4.658567559090443e-05,9458747581,results/ebbi/SC5_MHBD_MWPM_2_5x/results/sweep_6_exp_0_checkpoints.csv
0333330300030300030033330,0.0078529911587347,4.658567559090443e-05,11907582466,results/ebbi/SC5_MHBD_MWPM_2_5x/results/sweep_6_exp_0_checkpoints.csv
0333330300030300030033330,0.0078529911587347,4.658567559090443e-05,14991127158,results/ebbi/SC5_MHBD_MWPM_2_5x/results/sweep_6_exp_0_checkpoints.csv
0333330300030300030033330,0.0078529911587347,4.658567559090443e-05,18872272368,results/ebbi/SC5_MHBD_MWPM_2_5x/results/sweep_6_exp_0_checkpoints.csv
0333330300030300030033330,0.0078529911587347,4.658567559090443e-05,23759497340,results/ebbi/SC5_MHBD_MWPM_2_5x/results/sweep_6_exp_0_checkpoints.csv
0333330300030300030033330,0.0078529911587347,4.658567559090443e-05,29910481220,results/ebbi/SC5_MHBD_MWPM_2_5x/results/sweep_6_exp_0_checkpoints.csv
0333330300030300030033330,0.0078529911587347,4.658567559090443e-05,37655295222,results/ebbi/SC5_MHBD_MWPM_2_5x/results/sweep_6_exp_0_checkpoints.csv
0333330300030300030033330,0.0078529911587347,4.658567559090443e-05,47404847919,results/ebbi/SC5_MHBD_MWPM_2_5x/results/sweep_6_exp_0_checkpoints.csv
0333330300030300030033330,0.0078529911587347,4.658567559090443e-05,59679104216,results/ebbi/SC5_MHBD_MWPM_2_5x/results/sweep_6_exp_0_checkpoints.csv
0333330300030300030033330,0.0078529911587347,4.658567559090443e-05,75131680943,results/ebbi/SC5_MHBD_MWPM_2_5x/results/sweep_6_exp_0_checkpoints.csv
0333330300030300030033330,0.0078529911587347,4.658567559090443e-05,94585009741,results/ebbi/SC5_MHBD_MWPM_2_5x/results/sweep_6_exp_0_checkpoints.csv
0333330300030300030033330,0.0078529911587347,4.658567559090443e-05,100000000000,results/ebbi/SC5_MHBD_MWPM_2_5x/results/sweep_6_exp_0_checkpoints.csv
0000230320330300300000300,0.0091276020324536,0.0003043858741875,777179,results/ebbi/SC5_MHBD_MWPM_2_5x/results/sweep_20_exp_0_checkpoints.csv
0000230320330300000003300,0.0085625348887816,0.0002834057668223,1630925,results/ebbi/SC5_MHBD_MWPM_2_5x/results/sweep_20_exp_0_checkpoints.csv
0000230320330300000003300,0.0085625348887816,0.0002834057668223,2059197,results/ebbi/SC5_MHBD_MWPM_2_5x/results/sweep_20_exp_0_checkpoints.csv
0000230320330300000003300,0.0085625348887816,0.0002834057668223,2502930,results/ebbi/SC5_MHBD_MWPM_2_5x/results/sweep_20_exp_0_checkpoints.csv
0000230320330300000003300,0.008893804193334,0.0001925269607454,3200864,results/ebbi/SC5_MHBD_MWPM_2_5x/results/sweep_20_exp_0_checkpoints.csv
0000230320330300000003300,0.008893804193334,0.0001925269607454,4050511,results/ebbi/SC5_MHBD_MWPM_2_5x/results/sweep_20_exp_0_checkpoints.csv
0000230320330300000003300,0.008893804193334,0.0001925269607454,4928587,results/ebbi/SC5_MHBD_MWPM_2_5x/results/sweep_20_exp_0_checkpoints.csv
0000230320330300300003300,0.0090954150699224,0.00013184119598,6192419,results/ebbi/SC5_MHBD_MWPM_2_5x/results/sweep_20_exp_0_checkpoints.csv
0000230320330300300003300,0.0090954150699224,0.00013184119598,8131838,results/ebbi/SC5_MHBD_MWPM_2_5x/results/sweep_20_exp_0_checkpoints.csv
0000230320330300000303300,0.0091709803400249,0.0001213728901348,10138457,results/ebbi/SC5_MHBD_MWPM_2_5x/results/sweep_20_exp_0_checkpoints.csv
0000230320330300000303300,0.0091709803400249,0.0001213728901348,13080838,results/ebbi/SC5_MHBD_MWPM_2_5x/results/sweep_20_exp_0_checkpoints.csv
0000230320330300000303300,0.0092111709946104,8.109085320029408e-05,16676949,results/ebbi/SC5_MHBD_MWPM_2_5x/results/sweep_20_exp_0_checkpoints.csv
0000230320330300300003300,0.009223547303681,5.90037161600776e-05,21015295,results/ebbi/SC5_MHBD_MWPM_2_5x/results/sweep_20_exp_0_checkpoints.csv
0000230320330300300003300,0.009223547303681,5.90037161600776e-05,25738933,results/ebbi/SC5_MHBD_MWPM_2_5x/results/sweep_20_exp_0_checkpoints.csv
0000230320330300300003300,0.009223547303681,5.90037161600776e-05,32280321,results/ebbi/SC5_MHBD_MWPM_2_5x/results/sweep_20_exp_0_checkpoints.csv
0000230320330300300003300,0.009223547303681,5.90037161600776e-05,40371571,results/ebbi/SC5_MHBD_MWPM_2_5x/results/sweep_20_exp_0_checkpoints.csv
0000230320330300000303300,0.0092435233691577,5.41545741725713e-05,50530078,results/ebbi/SC5_MHBD_MWPM_2_5x/results/sweep_20_exp_0_checkpoints.csv
0000230320330300300303300,0.0090792089066228,0.0001821472687879,61805757,results/ebbi/SC5_MHBD_MWPM_2_5x/results/sweep_20_exp_0_checkpoints.csv
0000300330330300330303000,0.0083979171344819,0.0001124038462876,77764205,results/ebbi/SC5_MHBD_MWPM_2_5x/results/sweep_20_exp_0_checkpoints.csv
0000300330330300330303300,0.0084602677777529,7.531399023719132e-05,98687510,results/ebbi/SC5_MHBD_MWPM_2_5x/results/sweep_20_exp_0_checkpoints.csv
0000300330330300330303030,0.0085079117732949,5.016231443732977e-05,124688987,results/ebbi/SC5_MHBD_MWPM_2_5x/results/sweep_20_exp_0_checkpoints.csv
3330300330330300330303030,0.0082829602761784,0.0001108215583371,155647335,results/ebbi/SC5_MHBD_MWPM_2_5x/results/sweep_20_exp_0_checkpoints.csv
3330300330330300330303030,0.0083738702407465,4.9521408072905615e-05,195420833,results/ebbi/SC5_MHBD_MWPM_2_5x/results/sweep_20_exp_0_checkpoints.csv
3330300330330300330303030,0.0083738702407465,4.9521408072905615e-05,248150744,results/ebbi/SC5_MHBD_MWPM_2_5x/results/sweep_20_exp_0_checkpoints.csv
0330300330330300330303030,0.0084069045912048,2.212876825069543e-05,309711066,results/ebbi/SC5_MHBD_MWPM_2_5x/results/sweep_20_exp_0_checkpoints.csv
0330300330330300030333030,0.0082432163132352,4.883988367510028e-05,389585521,results/ebbi/SC5_MHBD_MWPM_2_5x/results/sweep_20_exp_0_checkpoints.csv
0330300330330300030333030,0.0082417927987147,3.2557141821598634e-05,498752446,results/ebbi/SC5_MHBD_MWPM_2_5x/results/sweep_20_exp_0_checkpoints.csv
0330300330330300030333030,0.0082660008419251,2.173635220970027e-05,623135605,results/ebbi/SC5_MHBD_MWPM_2_5x/results/sweep_20_exp_0_checkpoints.csv
0333330330030300033333030,0.0080371777543231,0.0001075852924259,777187294,results/ebbi/SC5_MHBD_MWPM_2_5x/results/sweep_20_exp_0_checkpoints.csv
0303330300030300033333030,0.0080494453392361,4.754107794724405e-05,979728276,results/ebbi/SC5_MHBD_MWPM_2_5x/results/sweep_20_exp_0_checkpoints.csv
0303330300030300030333030,0.0079882349092771,3.1514715374214575e-05,1233401892,results/ebbi/SC5_MHBD_MWPM_2_5x/results/sweep_20_exp_0_checkpoints.csv
0333330300030300030033030,0.0079728731090281,3.169041519868188e-05,1551007350,results/ebbi/SC5_MHBD_MWPM_2_5x/results/sweep_20_exp_0_checkpoints.csv
0333330300030300030033330,0.0079621809864098,2.0832192603847943e-05,1961203198,results/ebbi/SC5_MHBD_MWPM_2_5x/results/sweep_20_exp_0_checkpoints.csv
0333330300030300030033330,0.0079621809864098,2.0832192603847943e-05,2457724397,results/ebbi/SC5_MHBD_MWPM_2_5x/results/sweep_20_exp_0_checkpoints.csv
0333030300030300030003330,0.0076396038198019,0.0002320052881259,3094768737,results/ebbi/SC5_MHBD_MWPM_2_5x/results/sweep_20_exp_0_checkpoints.csv
0333330300030300030033330,0.0079618274947225,1.38878231155104e-05,3895197886,results/ebbi/SC5_MHBD_MWPM_2_5x/results/sweep_20_exp_0_checkpoints.csv
0333330300030300030033330,0.0079618274947225,1.38878231155104e-05,4908012873,results/ebbi/SC5_MHBD_MWPM_2_5x/results/sweep_20_exp_0_checkpoints.csv
0333330300030300030033330,0.0079618274947225,1.38878231155104e-05,6173423628,results/ebbi/SC5_MHBD_MWPM_2_5x/results/sweep_20_exp_0_checkpoints.csv
0333330300030300030033330,0.0079618274947225,1.38878231155104e-05,7772658360,results/ebbi/SC5_MHBD_MWPM_2_5x/results/sweep_20_exp_0_checkpoints.csv
0333000300030303030303330,0.008033488932336,2.1057128833490424e-05,9791269698,results/ebbi/SC5_MHBD_MWPM_2_5x/results/sweep_20_exp_0_checkpoints.csv
0333030303030300330003330,0.0080863769497261,2.1151436158106662e-05,12331485402,results/ebbi/SC5_MHBD_MWPM_2_5x/results/sweep_20_exp_0_checkpoints.csv
0333030300030330030003330,0.008076011591026,3.173116419930011e-05,15509253025,results/ebbi/SC5_MHBD_MWPM_2_5x/results/sweep_20_exp_0_checkpoints.csv
0333300303030300000333330,0.0080333831143381,3.15432516799774e-05,19521864183,results/ebbi/SC5_MHBD_MWPM_2_5x/results/sweep_20_exp_0_checkpoints.csv
0333300300030300030033033,0.0080298345190629,2.100826714013237e-05,24576849287,results/ebbi/SC5_MHBD_MWPM_2_5x/results/sweep_20_exp_0_checkpoints.csv
3332303033230332233000020,0.0101928937783394,0.0003061734023503,705150,results/ebbi/SC5_MHBD_MWPM_2_5x/results/sweep_11_exp_0_checkpoints.csv
3332303033230332233000020,0.0101928937783394,0.0003061734023503,968891,results/ebbi/SC5_MHBD_MWPM_2_5x/results/sweep_11_exp_0_checkpoints.csv
3332303033230332233000020,0.0101928937783394,0.0003061734023503,1141763,results/ebbi/SC5_MHBD_MWPM_2_5x/results/sweep_11_exp_0_checkpoints.csv
3332303033230332233000020,0.0101928937783394,0.0003061734023503,1460076,results/ebbi/SC5_MHBD_MWPM_2_5x/results/sweep_11_exp_0_checkpoints.csv
3332303033230332233000020,0.0101928937783394,0.0003061734023503,1845234,results/ebbi/SC5_MHBD_MWPM_2_5x/results/sweep_11_exp_0_checkpoints.csv
3332303033230332233000020,0.0101928937783394,0.0003061734023503,2241537,results/ebbi/SC5_MHBD_MWPM_2_5x/results/sweep_11_exp_0_checkpoints.csv
3332303033230332233000020,0.0103943407212854,0.0002061035775113,2853971,results/ebbi/SC5_MHBD_MWPM_2_5x/results/sweep_11_exp_0_checkpoints.csv
3332303033230332233000020,0.0103943407212854,0.0002061035775113,3729083,results/ebbi/SC5_MHBD_MWPM_2_5x/results/sweep_11_exp_0_checkpoints.csv
3332303033230332233000020,0.0103943407212854,0.0002061035775113,4676445,results/ebbi/SC5_MHBD_MWPM_2_5x/results/sweep_11_exp_0_checkpoints.csv
3332303033230332233000020,0.0103943407212854,0.0002061035775113,5845776,results/ebbi/SC5_MHBD_MWPM_2_5x/results/sweep_11_exp_0_checkpoints.csv
3332303033230332233000020,0.0103792510420547,0.0001373041741317,7280680,results/ebbi/SC5_MHBD_MWPM_2_5x/results/sweep_11_exp_0_checkpoints.csv
3330303033230330333000020,0.0090226391219431,0.0002863293921109,9385845,results/ebbi/SC5_MHBD_MWPM_2_5x/results/sweep_11_exp_0_checkpoints.csv
3330303033230330333000020,0.0091368489689461,0.0001920810755109,11222103,results/ebbi/SC5_MHBD_MWPM_2_5x/results/sweep_11_exp_0_checkpoints.csv
3330303033230330333000020,0.0091903307722123,0.0001284253085032,14224653,results/ebbi/SC5_MHBD_MWPM_2_5x/results/sweep_11_exp_0_checkpoints.csv
3300303033230330333003020,0.0091758858585757,0.0001230579073308,17972172,results/ebbi/SC5_MHBD_MWPM_2_5x/results/sweep_11_exp_0_checkpoints.csv
3330303033230330030030020,0.0090473568190875,0.0001217627504956,22463190,results/ebbi/SC5_MHBD_MWPM_2_5x/results/sweep_11_exp_0_checkpoints.csv
3030300033330330030033030,0.0087434085080151,0.0001176471487269,28478900,results/ebbi/SC5_MHBD_MWPM_2_5x/results/sweep_11_exp_0_checkpoints.csv
3030300033330330030033030,0.0087434085080151,0.0001176471487269,35399494,results/ebbi/SC5_MHBD_MWPM_2_5x/results/sweep_11_exp_0_checkpoints.csv
3030300033330330030033030,0.008735084277558,7.839452155167237e-05,44678761,results/ebbi/SC5_MHBD_MWPM_2_5x/results/sweep_11_exp_0_checkpoints.csv
3030300033330330030033030,0.008735084277558,7.839452155167237e-05,57070233,results/ebbi/SC5_MHBD_MWPM_2_5x/results/sweep_11_exp_0_checkpoints.csv
3030300003330330030033030,0.008787269087309,5.225474524195306e-05,71052571,results/ebbi/SC5_MHBD_MWPM_2_5x/results/sweep_11_exp_0_checkpoints.csv
3030300033330330030033030,0.008785120996076,3.494081101962365e-05,90942582,results/ebbi/SC5_MHBD_MWPM_2_5x/results/sweep_11_exp_0_checkpoints.csv
3030300003030330030033030,0.008578533291196,7.67744641052559e-05,112498414,results/ebbi/SC5_MHBD_MWPM_2_5x/results/sweep_11_exp_0_checkpoints.csv
3330300300030333030033030,0.0083902642115422,7.498769264202565e-05,140961096,results/ebbi/SC5_MHBD_MWPM_2_5x/results/sweep_11_exp_0_checkpoints.csv
3330300300030333030003330,0.0082884735987219,7.32399639673531e-05,178321173,results/ebbi/SC5_MHBD_MWPM_2_5x/results/sweep_11_exp_0_checkpoints.csv
3330300300030303000003330,0.0082422365078241,4.870069096796215e-05,223648887,results/ebbi/SC5_MHBD_MWPM_2_5x/results/sweep_11_exp_0_checkpoints.csv
0330300300030303030003330,0.0082176180966311,4.854728831560351e-05,282609070,results/ebbi/SC5_MHBD_MWPM_2_5x/results/sweep_11_exp_0_checkpoints.csv
0330330303030303030303330,0.0081246654272867,4.792792969965376e-05,357674452,results/ebbi/SC5_MHBD_MWPM_2_5x/results/sweep_11_exp_0_checkpoints.csv
0330300303030303030003330,0.0081269162540429,2.1411486159195192e-05,447147871,results/ebbi/SC5_MHBD_MWPM_2_5x/results/sweep_11_exp_0_checkpoints.csv
0330300303030303030003330,0.0081269162540429,2.1411486159195192e-05,560198445,results/ebbi/SC5_MHBD_MWPM_2_5x/results/sweep_11_exp_0_checkpoints.csv
0330330303030300030303330,0.0080598054950417,3.171096250298433e-05,706542386,results/ebbi/SC5_MHBD_MWPM_2_5x/results/sweep_11_exp_0_checkpoints.csv
0330030303030300030303330,0.0080460829077756,3.160814958391711e-05,887792010,results/ebbi/SC5_MHBD_MWPM_2_5x/results/sweep_11_exp_0_checkpoints.csv
0333030303030300030303330,0.0080405502564348,3.155264857923612e-05,1121572216,results/ebbi/SC5_MHBD_MWPM_2_5x/results/sweep_11_exp_0_checkpoints.csv
0333030303030300030003330,0.0079733665415925,3.1487434171140194e-05,1415494153,results/ebbi/SC5_MHBD_MWPM_2_5x/results/sweep_11_exp_0_checkpoints.csv
0333030303030300030003330,0.0079733665415925,3.1487434171140194e-05,1771442874,results/ebbi/SC5_MHBD_MWPM_2_5x/results/sweep_11_exp_0_checkpoints.csv
0333330300030300030333330,0.0079814603401419,2.08796227525454e-05,2243959206,results/ebbi/SC5_MHBD_MWPM_2_5x/results/sweep_11_exp_0_checkpoints.csv
0333330300030300030033330,0.0079330127741781,2.0787116227438677e-05,2807686988,results/ebbi/SC5_MHBD_MWPM_2_5x/results/sweep_11_exp_0_checkpoints.csv
0333330300030300030033330,0.0079330127741781,2.0787116227438677e-05,3534175901,results/ebbi/SC5_MHBD_MWPM_2_5x/results/sweep_11_exp_0_checkpoints.csv
0333330300030300030033330,0.0079330127741781,2.0787116227438677e-05,4449384124,results/ebbi/SC5_MHBD_MWPM_2_5x/results/sweep_11_exp_0_checkpoints.csv
0333330300030300030033330,0.0079330127741781,2.0787116227438677e-05,5601268669,results/ebbi/SC5_MHBD_MWPM_2_5x/results/sweep_11_exp_0_checkpoints.csv
0333330300030300030033330,0.0079330127741781,2.0787116227438677e-05,7051601229,results/ebbi/SC5_MHBD_MWPM_2_5x/results/sweep_11_exp_0_checkpoints.csv
0333330300030300030033330,0.0079330127741781,2.0787116227438677e-05,8877363184,results/ebbi/SC5_MHBD_MWPM_2_5x/results/sweep_11_exp_0_checkpoints.csv
0333330300030300030033330,0.0079330127741781,2.0787116227438677e-05,11175942025,results/ebbi/SC5_MHBD_MWPM_2_5x/results/sweep_11_exp_0_checkpoints.csv
0333330300030300030033330,0.0079330127741781,2.0787116227438677e-05,14069761598,results/ebbi/SC5_MHBD_MWPM_2_5x/results/sweep_11_exp_0_checkpoints.csv
0333330300030300030033330,0.0079330127741781,2.0787116227438677e-05,17712603403,results/ebbi/SC5_MHBD_MWPM_2_5x/results/sweep_11_exp_0_checkpoints.csv
0333330300030300030033330,0.0079330127741781,2.0787116227438677e-05,22299140741,results/ebbi/SC5_MHBD_MWPM_2_5x/results/sweep_11_exp_0_checkpoints.csv
0333330300030300030033330,0.0079330127741781,2.0787116227438677e-05,28072650238,results/ebbi/SC5_MHBD_MWPM_2_5x/results/sweep_11_exp_0_checkpoints.csv
0333330300030300030033330,0.0079330127741781,2.0787116227438677e-05,35341224723,results/ebbi/SC5_MHBD_MWPM_2_5x/results/sweep_11_exp_0_checkpoints.csv
0333330300030300030033330,0.0079330127741781,2.0787116227438677e-05,44492084820,results/ebbi/SC5_MHBD_MWPM_2_5x/results/sweep_11_exp_0_checkpoints.csv
0333330300030300030033330,0.0079330127741781,2.0787116227438677e-05,56012064967,results/ebbi/SC5_MHBD_MWPM_2_5x/results/sweep_11_exp_0_checkpoints.csv
0333330300030300030033330,0.0079330127741781,2.0787116227438677e-05,70515046422,results/ebbi/SC5_MHBD_MWPM_2_5x/results/sweep_11_exp_0_checkpoints.csv
3303330330030300030303330,0.0080427122778709,3.165361704304814e-05,88773479930,results/ebbi/SC5_MHBD_MWPM_2_5x/results/sweep_11_exp_0_checkpoints.csv
3333000303030300030003330,0.0080962457584854,1.4073523743718395e-05,100000000000,results/ebbi/SC5_MHBD_MWPM_2_5x/results/sweep_11_exp_0_checkpoints.csv
