clifford_deformation,exp_ler,uncertainty,method_shots,source_file
3303030322002300222330320,0.0107224064918538,0.0003326231963001,687141,results/ebbi/SC5_HBD_MWPM_2_5x/results/sweep_21_exp_0_checkpoints.csv
3303330322002300222330320,0.0102977773963786,0.0003306418657302,1229876,results/ebbi/SC5_HBD_MWPM_2_5x/results/sweep_21_exp_0_checkpoints.csv
3303330322002300222330320,0.0102977773963786,0.0003306418657302,1375267,results/ebbi/SC5_HBD_MWPM_2_5x/results/sweep_21_exp_0_checkpoints.csv
3303330323002300222300320,0.0098812360528007,0.0003041548479814,1814040,results/ebbi/SC5_HBD_MWPM_2_5x/results/sweep_21_exp_0_checkpoints.csv
3303330323002300222300320,0.0098812360528007,0.0003041548479814,2276402,results/ebbi/SC5_HBD_MWPM_2_5x/results/sweep_21_exp_0_checkpoints.csv
3303330323002300222300320,0.0098812360528007,0.0003041548479814,2770745,results/ebbi/SC5_HBD_MWPM_2_5x/results/sweep_21_exp_0_checkpoints.csv
0303330303002300032300320,0.0077294287481955,0.0002515306405257,3982325,results/ebbi/SC5_HBD_MWPM_2_5x/results/sweep_21_exp_0_checkpoints.csv
0203330303002300030303330,0.0070153452162837,0.0002178212453145,4936564,results/ebbi/SC5_HBD_MWPM_2_5x/results/sweep_21_exp_0_checkpoints.csv
0203330303032300030303330,0.0065946353752677,0.000210068639717,5533273,results/ebbi/SC5_HBD_MWPM_2_5x/results/sweep_21_exp_0_checkpoints.csv
0303330303032300030303330,0.0062635670195607,0.0001942700473591,6972400,results/ebbi/SC5_HBD_MWPM_2_5x/results/sweep_21_exp_0_checkpoints.csv
0303030303032300030303330,0.0059118426031025,0.0001863949000835,8833501,results/ebbi/SC5_HBD_MWPM_2_5x/results/sweep_21_exp_0_checkpoints.csv
0303030303032300030303330,0.0059118426031025,0.0001863949000835,11074436,results/ebbi/SC5_HBD_MWPM_2_5x/results/sweep_21_exp_0_checkpoints.csv
0303030303030300030303030,0.0052350657752857,0.0001675604726187,14519616,results/ebbi/SC5_HBD_MWPM_2_5x/results/sweep_21_exp_0_checkpoints.csv
0303030303030300030303030,0.0052350657752857,0.0001675604726187,17448555,results/ebbi/SC5_HBD_MWPM_2_5x/results/sweep_21_exp_0_checkpoints.csv
0303030303030300030303030,0.0053650973936505,0.0001130789823946,21945549,results/ebbi/SC5_HBD_MWPM_2_5x/results/sweep_21_exp_0_checkpoints.csv
0303030303030300030303030,0.0054431230384362,7.592936890432611e-05,27896137,results/ebbi/SC5_HBD_MWPM_2_5x/results/sweep_21_exp_0_checkpoints.csv
3303030303030300030303030,0.0054172973388179,7.28420345694758e-05,34480102,results/ebbi/SC5_HBD_MWPM_2_5x/results/sweep_21_exp_0_checkpoints.csv
3303030303030300030303030,0.0054172973388179,7.28420345694758e-05,43580744,results/ebbi/SC5_HBD_MWPM_2_5x/results/sweep_21_exp_0_checkpoints.csv
3303030303030300030303030,0.0054172973388179,7.28420345694758e-05,54920397,results/ebbi/SC5_HBD_MWPM_2_5x/results/sweep_21_exp_0_checkpoints.csv
0003330303030303030303030,0.0052953692938776,0.0001074915271601,68863261,results/ebbi/SC5_HBD_MWPM_2_5x/results/sweep_21_exp_0_checkpoints.csv
0003330303030303030303030,0.0053845891362526,7.225908484542742e-05,86509549,results/ebbi/SC5_HBD_MWPM_2_5x/results/sweep_21_exp_0_checkpoints.csv
0303330303030303030323030,0.0053030339989364,0.0001604183198651,109112671,results/ebbi/SC5_HBD_MWPM_2_5x/results/sweep_21_exp_0_checkpoints.csv
0303030303030303030303030,0.0052280145211912,7.081391231622547e-05,137373025,results/ebbi/SC5_HBD_MWPM_2_5x/results/sweep_21_exp_0_checkpoints.csv
0303030303030303030303030,0.0052805184353175,4.744453326566145e-05,172873723,results/ebbi/SC5_HBD_MWPM_2_5x/results/sweep_21_exp_0_checkpoints.csv
0303030303030303030303030,0.005246904292184,3.1529401894658804e-05,217393640,results/ebbi/SC5_HBD_MWPM_2_5x/results/sweep_21_exp_0_checkpoints.csv
0303030303030303030303030,0.005246904292184,3.1529401894658804e-05,273726879,results/ebbi/SC5_HBD_MWPM_2_5x/results/sweep_21_exp_0_checkpoints.csv
0303030303030303030303030,0.005246904292184,3.1529401894658804e-05,344451447,results/ebbi/SC5_HBD_MWPM_2_5x/results/sweep_21_exp_0_checkpoints.csv
0303030303030303030303030,0.005246904292184,3.1529401894658804e-05,433571000,results/ebbi/SC5_HBD_MWPM_2_5x/results/sweep_21_exp_0_checkpoints.csv
0303030303030303030303030,0.005246904292184,3.1529401894658804e-05,545937243,results/ebbi/SC5_HBD_MWPM_2_5x/results/sweep_21_exp_0_checkpoints.csv
0303030303030303030303030,0.005246904292184,3.1529401894658804e-05,687388825,results/ebbi/SC5_HBD_MWPM_2_5x/results/sweep_21_exp_0_checkpoints.csv
0303030303030303030303030,0.005246904292184,3.1529401894658804e-05,865175208,results/ebbi/SC5_HBD_MWPM_2_5x/results/sweep_21_exp_0_checkpoints.csv
0303030303030303030303030,0.005246904292184,3.1529401894658804e-05,1089193593,results/ebbi/SC5_HBD_MWPM_2_5x/results/sweep_21_exp_0_checkpoints.csv
0303030303030303030303030,0.005246904292184,3.1529401894658804e-05,1371092186,results/ebbi/SC5_HBD_MWPM_2_5x/results/sweep_21_exp_0_checkpoints.csv
0303030303030303030303030,0.005246904292184,3.1529401894658804e-05,1726141853,results/ebbi/SC5_HBD_MWPM_2_5x/results/sweep_21_exp_0_checkpoints.csv
0303030303030303030303030,0.005246904292184,3.1529401894658804e-05,2172952574,results/ebbi/SC5_HBD_MWPM_2_5x/results/sweep_21_exp_0_checkpoints.csv
0303030303030303030303030,0.005246904292184,3.1529401894658804e-05,2735696153,results/ebbi/SC5_HBD_MWPM_2_5x/results/sweep_21_exp_0_checkpoints.csv
0303030303030303030303030,0.005246904292184,3.1529401894658804e-05,3444047738,results/ebbi/SC5_HBD_MWPM_2_5x/results/sweep_21_exp_0_checkpoints.csv
0303030303030303030303030,0.005246904292184,3.1529401894658804e-05,4335630674,results/ebbi/SC5_HBD_MWPM_2_5x/results/sweep_21_exp_0_checkpoints.csv
0303030303030303030303030,0.005246904292184,3.1529401894658804e-05,5458214232,results/ebbi/SC5_HBD_MWPM_2_5x/results/sweep_21_exp_0_checkpoints.csv
0303030303030303030303030,0.005246904292184,3.1529401894658804e-05,6871534525,results/ebbi/SC5_HBD_MWPM_2_5x/results/sweep_21_exp_0_checkpoints.csv
0303030303030303030303030,0.005246904292184,3.1529401894658804e-05,8650689122,results/ebbi/SC5_HBD_MWPM_2_5x/results/sweep_21_exp_0_checkpoints.csv
0303030303030303030303030,0.005246904292184,3.1529401894658804e-05,10890621870,results/ebbi/SC5_HBD_MWPM_2_5x/results/sweep_21_exp_0_checkpoints.csv
0303030303030303030303030,0.005246904292184,3.1529401894658804e-05,13710423555,results/ebbi/SC5_HBD_MWPM_2_5x/results/sweep_21_exp_0_checkpoints.csv
0303030303030303030303030,0.005246904292184,3.1529401894658804e-05,17260407648,results/ebbi/SC5_HBD_MWPM_2_5x/results/sweep_21_exp_0_checkpoints.csv
0303030303030303030303030,0.005246904292184,3.1529401894658804e-05,21729343906,results/ebbi/SC5_HBD_MWPM_2_5x/results/sweep_21_exp_0_checkpoints.csv
0303030303030303030303030,0.005246904292184,3.1529401894658804e-05,27355584910,results/ebbi/SC5_HBD_MWPM_2_5x/results/sweep_21_exp_0_checkpoints.csv
0303030303030303030303030,0.005246904292184,3.1529401894658804e-05,34438692325,results/ebbi/SC5_HBD_MWPM_2_5x/results/sweep_21_exp_0_checkpoints.csv
0303030303030303030303030,0.005246904292184,3.1529401894658804e-05,43355771665,results/ebbi/SC5_HBD_MWPM_2_5x/results/sweep_21_exp_0_checkpoints.csv
0303030303030303030303030,0.005246904292184,3.1529401894658804e-05,54581686787,results/ebbi/SC5_HBD_MWPM_2_5x/results/sweep_21_exp_0_checkpoints.csv
0303030303030303030303030,0.005246904292184,3.1529401894658804e-05,68714127503,results/ebbi/SC5_HBD_MWPM_2_5x/results/sweep_21_exp_0_checkpoints.csv
0303030303030303030303030,0.005246904292184,3.1529401894658804e-05,86506134280,results/ebbi/SC5_HBD_MWPM_2_5x/results/sweep_21_exp_0_checkpoints.csv
0303030303030303030303030,0.005246904292184,3.1529401894658804e-05,100000000000,results/ebbi/SC5_HBD_MWPM_2_5x/results/sweep_21_exp_0_checkpoints.csv
0300002330030032200202203,0.009647970504145,0.0003247675776947,673147,results/ebbi/SC5_HBD_MWPM_2_5x/results/sweep_16_exp_0_checkpoints.csv
3300330322020320000032033,0.0090793246256769,0.0002992770459968,1394399,results/ebbi/SC5_HBD_MWPM_2_5x/results/sweep_16_exp_0_checkpoints.csv
3300330322030300000032033,0.0076172282599971,0.0002463211712893,2239775,results/ebbi/SC5_HBD_MWPM_2_5x/results/sweep_16_exp_0_checkpoints.csv
3300330322030300000032033,0.0076172282599971,0.0002463211712893,2882468,results/ebbi/SC5_HBD_MWPM_2_5x/results/sweep_16_exp_0_checkpoints.csv
3300330322030300000332033,0.0076098235904531,0.0002332825679332,3580085,results/ebbi/SC5_HBD_MWPM_2_5x/results/sweep_16_exp_0_checkpoints.csv
3300330322030300000332033,0.0076098235904531,0.0002332825679332,4292316,results/ebbi/SC5_HBD_MWPM_2_5x/results/sweep_16_exp_0_checkpoints.csv
3300330322030300000032033,0.0075985673311548,0.00016401548055,5418483,results/ebbi/SC5_HBD_MWPM_2_5x/results/sweep_16_exp_0_checkpoints.csv
3300330322030300000032033,0.0075985673311548,0.00016401548055,7055573,results/ebbi/SC5_HBD_MWPM_2_5x/results/sweep_16_exp_0_checkpoints.csv
3300330322030300000332033,0.0076547361678276,0.0001559775118948,8612064,results/ebbi/SC5_HBD_MWPM_2_5x/results/sweep_16_exp_0_checkpoints.csv
3302330322030300000332033,0.0075583787355533,0.0001529060245957,10986903,results/ebbi/SC5_HBD_MWPM_2_5x/results/sweep_16_exp_0_checkpoints.csv
3302330322030300000332033,0.0075583787355533,0.0001529060245957,13433997,results/ebbi/SC5_HBD_MWPM_2_5x/results/sweep_16_exp_0_checkpoints.csv
3302030322030300000332033,0.0075776274867946,0.0001523234095657,16955398,results/ebbi/SC5_HBD_MWPM_2_5x/results/sweep_16_exp_0_checkpoints.csv
3302330322030300000332033,0.0076370245387724,0.0001024625526042,21488156,results/ebbi/SC5_HBD_MWPM_2_5x/results/sweep_16_exp_0_checkpoints.csv
0302330322030300000332033,0.0076596114181165,6.81758756400086e-05,27001186,results/ebbi/SC5_HBD_MWPM_2_5x/results/sweep_16_exp_0_checkpoints.csv
0203030320030300030333033,0.0063840575725919,0.0001968550641322,33874859,results/ebbi/SC5_HBD_MWPM_2_5x/results/sweep_16_exp_0_checkpoints.csv
3303030320030300030033033,0.0064172297930945,0.0001307062193518,42553704,results/ebbi/SC5_HBD_MWPM_2_5x/results/sweep_16_exp_0_checkpoints.csv
3303030320030300030333033,0.0064881815859809,8.875705680111423e-05,53679556,results/ebbi/SC5_HBD_MWPM_2_5x/results/sweep_16_exp_0_checkpoints.csv
3303030323030303030303030,0.005973605347799,0.0001217230601469,67849094,results/ebbi/SC5_HBD_MWPM_2_5x/results/sweep_16_exp_0_checkpoints.csv
3303030323030303030303030,0.0058643871560162,8.040804095799103e-05,84911572,results/ebbi/SC5_HBD_MWPM_2_5x/results/sweep_16_exp_0_checkpoints.csv
0303030300030303030303033,0.0052944419519795,0.000108420055767,106902076,results/ebbi/SC5_HBD_MWPM_2_5x/results/sweep_16_exp_0_checkpoints.csv
0303030303030303030303033,0.0053047222069343,7.137779903132468e-05,135402049,results/ebbi/SC5_HBD_MWPM_2_5x/results/sweep_16_exp_0_checkpoints.csv
0303030303030303030303030,0.0052629911188825,7.09017040207982e-05,169234888,results/ebbi/SC5_HBD_MWPM_2_5x/results/sweep_16_exp_0_checkpoints.csv
0303030303030303030303030,0.0052573426328707,4.7242603613995016e-05,214258315,results/ebbi/SC5_HBD_MWPM_2_5x/results/sweep_16_exp_0_checkpoints.csv
0303030303030303030303030,0.0052573426328707,4.7242603613995016e-05,268034025,results/ebbi/SC5_HBD_MWPM_2_5x/results/sweep_16_exp_0_checkpoints.csv
0303030303030303030303030,0.0052573426328707,4.7242603613995016e-05,337619851,results/ebbi/SC5_HBD_MWPM_2_5x/results/sweep_16_exp_0_checkpoints.csv
0303030303030303030303030,0.0052737047851985,3.154379373881966e-05,424878244,results/ebbi/SC5_HBD_MWPM_2_5x/results/sweep_16_exp_0_checkpoints.csv
0303030303030303030303030,0.0052737047851985,3.154379373881966e-05,534771949,results/ebbi/SC5_HBD_MWPM_2_5x/results/sweep_16_exp_0_checkpoints.csv
0303030303030303030303030,0.0052737047851985,3.154379373881966e-05,673300016,results/ebbi/SC5_HBD_MWPM_2_5x/results/sweep_16_exp_0_checkpoints.csv
0303030303030303030303030,0.0052737047851985,3.154379373881966e-05,847612639,results/ebbi/SC5_HBD_MWPM_2_5x/results/sweep_16_exp_0_checkpoints.csv
0303030303030303030303030,0.0052737047851985,3.154379373881966e-05,1067041489,results/ebbi/SC5_HBD_MWPM_2_5x/results/sweep_16_exp_0_checkpoints.csv
0303030303030303030303030,0.0052737047851985,3.154379373881966e-05,1343286275,results/ebbi/SC5_HBD_MWPM_2_5x/results/sweep_16_exp_0_checkpoints.csv
0303030303030303030303030,0.0052737047851985,3.154379373881966e-05,1690899337,results/ebbi/SC5_HBD_MWPM_2_5x/results/sweep_16_exp_0_checkpoints.csv
0303030303030303030303030,0.0052737047851985,3.154379373881966e-05,2128679099,results/ebbi/SC5_HBD_MWPM_2_5x/results/sweep_16_exp_0_checkpoints.csv
0303030303030303030303030,0.0052737047851985,3.154379373881966e-05,2679919830,results/ebbi/SC5_HBD_MWPM_2_5x/results/sweep_16_exp_0_checkpoints.csv
0303030303030303030303030,0.0052737047851985,3.154379373881966e-05,3373778802,results/ebbi/SC5_HBD_MWPM_2_5x/results/sweep_16_exp_0_checkpoints.csv
0303030303030303030303030,0.0052737047851985,3.154379373881966e-05,4247392761,results/ebbi/SC5_HBD_MWPM_2_5x/results/sweep_16_exp_0_checkpoints.csv
0303030303030303030303030,0.0052737047851985,3.154379373881966e-05,5347205641,results/ebbi/SC5_HBD_MWPM_2_5x/results/sweep_16_exp_0_checkpoints.csv
0303030303030303030303030,0.0052737047851985,3.154379373881966e-05,6731637155,results/ebbi/SC5_HBD_MWPM_2_5x/results/sweep_16_exp_0_checkpoints.csv
0303030303030303030303030,0.0052737047851985,3.154379373881966e-05,8474566418,results/ebbi/SC5_HBD_MWPM_2_5x/results/sweep_16_exp_0_checkpoints.csv
0303030303030303030303030,0.0052737047851985,3.154379373881966e-05,10668855008,results/ebbi/SC5_HBD_MWPM_2_5x/results/sweep_16_exp_0_checkpoints.csv
0303030303030303030303030,0.0052737047851985,3.154379373881966e-05,13431250330,results/ebbi/SC5_HBD_MWPM_2_5x/results/sweep_16_exp_0_checkpoints.csv
0303030303030303030303030,0.0052737047851985,3.154379373881966e-05,16908735014,results/ebbi/SC5_HBD_MWPM_2_5x/results/sweep_16_exp_0_checkpoints.csv
0303030303030303030303030,0.0052737047851985,3.154379373881966e-05,21286848177,results/ebbi/SC5_HBD_MWPM_2_5x/results/sweep_16_exp_0_checkpoints.csv
0303030303030303030303030,0.0052737047851985,3.154379373881966e-05,26798506216,results/ebbi/SC5_HBD_MWPM_2_5x/results/sweep_16_exp_0_checkpoints.csv
0303030303030303030303030,0.0052737047851985,3.154379373881966e-05,33737358896,results/ebbi/SC5_HBD_MWPM_2_5x/results/sweep_16_exp_0_checkpoints.csv
0303030303030303030303030,0.0052737047851985,3.154379373881966e-05,42472814937,results/ebbi/SC5_HBD_MWPM_2_5x/results/sweep_16_exp_0_checkpoints.csv
0303030303030303030303030,0.0052737047851985,3.154379373881966e-05,53470141868,results/ebbi/SC5_HBD_MWPM_2_5x/results/sweep_16_exp_0_checkpoints.csv
0303030303030303030303030,0.0052737047851985,3.154379373881966e-05,67314825104,results/ebbi/SC5_HBD_MWPM_2_5x/results/sweep_16_exp_0_checkpoints.csv
0303030303030303030303030,0.0052737047851985,3.154379373881966e-05,84744196616,results/ebbi/SC5_HBD_MWPM_2_5x/results/sweep_16_exp_0_checkpoints.csv
0303030303030303030303030,0.0052737047851985,3.154379373881966e-05,100000000000,results/ebbi/SC5_HBD_MWPM_2_5x/results/sweep_16_exp_0_checkpoints.csv
2300320033020303022322332,0.0097565537233876,0.000316834426485,711016,results/ebbi/SC5_HBD_MWPM_2_5x/results/sweep_7_exp_0_checkpoints.csv
2300320033020303033322332,0.0084787586860391,0.0002880610700231,1409075,results/ebbi/SC5_HBD_MWPM_2_5x/results/sweep_7_exp_0_checkpoints.csv
2302320023030303033022332,0.0083431137418992,0.0002652604598551,2003830,results/ebbi/SC5_HBD_MWPM_2_5x/results/sweep_7_exp_0_checkpoints.csv
2302320023030303033022332,0.0083431137418992,0.0002652604598551,2398258,results/ebbi/SC5_HBD_MWPM_2_5x/results/sweep_7_exp_0_checkpoints.csv
2302320023030303033022332,0.0083431137418992,0.0002652604598551,3073989,results/ebbi/SC5_HBD_MWPM_2_5x/results/sweep_7_exp_0_checkpoints.csv
2302320023030303033022332,0.0084669844305763,0.0001781383907655,3583534,results/ebbi/SC5_HBD_MWPM_2_5x/results/sweep_7_exp_0_checkpoints.csv
2302320023030303033032332,0.0084662533955561,0.0001709825446596,4571869,results/ebbi/SC5_HBD_MWPM_2_5x/results/sweep_7_exp_0_checkpoints.csv
2302320023030303030032332,0.00823476879303,0.0001681349094724,5892154,results/ebbi/SC5_HBD_MWPM_2_5x/results/sweep_7_exp_0_checkpoints.csv
2302320023030303030032332,0.00823476879303,0.0001681349094724,7221036,results/ebbi/SC5_HBD_MWPM_2_5x/results/sweep_7_exp_0_checkpoints.csv
2302320023030303030002332,0.0075310994060293,0.0002363115490879,9423774,results/ebbi/SC5_HBD_MWPM_2_5x/results/sweep_7_exp_0_checkpoints.csv
2302320023030303030003332,0.0073535329884611,0.0002311046700924,11375124,results/ebbi/SC5_HBD_MWPM_2_5x/results/sweep_7_exp_0_checkpoints.csv
2300320023030303030003332,0.0074143676319138,0.0001513196766609,14301600,results/ebbi/SC5_HBD_MWPM_2_5x/results/sweep_7_exp_0_checkpoints.csv
2300320023030303030003332,0.0074143676319138,0.0001513196766609,18077171,results/ebbi/SC5_HBD_MWPM_2_5x/results/sweep_7_exp_0_checkpoints.csv
2302320023030303030003330,0.0073917365843587,0.0001018612238112,22733241,results/ebbi/SC5_HBD_MWPM_2_5x/results/sweep_7_exp_0_checkpoints.csv
0300320023030303030003332,0.0072664536052213,0.0001469916896894,28337303,results/ebbi/SC5_HBD_MWPM_2_5x/results/sweep_7_exp_0_checkpoints.csv
0300320023030303030003332,0.0072791268242745,9.807951573748142e-05,36630617,results/ebbi/SC5_HBD_MWPM_2_5x/results/sweep_7_exp_0_checkpoints.csv
0300320023030333030003032,0.0068364688856729,0.0001401850313413,44966889,results/ebbi/SC5_HBD_MWPM_2_5x/results/sweep_7_exp_0_checkpoints.csv
0303320033030303030003032,0.0067436452472284,9.032897651195526e-05,57069095,results/ebbi/SC5_HBD_MWPM_2_5x/results/sweep_7_exp_0_checkpoints.csv
0303320003030303030003032,0.0061637894170973,0.0001934453466674,71153357,results/ebbi/SC5_HBD_MWPM_2_5x/results/sweep_7_exp_0_checkpoints.csv
0303230303030303030303032,0.0053728486654203,7.260988058988005e-05,89572189,results/ebbi/SC5_HBD_MWPM_2_5x/results/sweep_7_exp_0_checkpoints.csv
0303330303030303030303032,0.0053343029047296,7.270031346706674e-05,112716529,results/ebbi/SC5_HBD_MWPM_2_5x/results/sweep_7_exp_0_checkpoints.csv
0303330303030303030303030,0.0053712181311363,4.782451651408337e-05,142063665,results/ebbi/SC5_HBD_MWPM_2_5x/results/sweep_7_exp_0_checkpoints.csv
0303030303030303030303032,0.0053858337445014,3.280499004176818e-05,180265938,results/ebbi/SC5_HBD_MWPM_2_5x/results/sweep_7_exp_0_checkpoints.csv
0303330303030303030303030,0.0053638952953938,3.186139656463638e-05,224910657,results/ebbi/SC5_HBD_MWPM_2_5x/results/sweep_7_exp_0_checkpoints.csv
0303030303030303030303030,0.0051877470355731,7.029584230622277e-05,283848059,results/ebbi/SC5_HBD_MWPM_2_5x/results/sweep_7_exp_0_checkpoints.csv
0303030303030303030303030,0.0052432888583622,4.711282599600963e-05,356568762,results/ebbi/SC5_HBD_MWPM_2_5x/results/sweep_7_exp_0_checkpoints.csv
0303030303030303030303030,0.0052432888583622,4.711282599600963e-05,448657671,results/ebbi/SC5_HBD_MWPM_2_5x/results/sweep_7_exp_0_checkpoints.csv
0303030303030303030303030,0.0052432888583622,4.711282599600963e-05,564840690,results/ebbi/SC5_HBD_MWPM_2_5x/results/sweep_7_exp_0_checkpoints.csv
0303030303030303030303030,0.0052432888583622,4.711282599600963e-05,711033268,results/ebbi/SC5_HBD_MWPM_2_5x/results/sweep_7_exp_0_checkpoints.csv
0303030303030303030303030,0.0052432888583622,4.711282599600963e-05,895224209,results/ebbi/SC5_HBD_MWPM_2_5x/results/sweep_7_exp_0_checkpoints.csv
0303030303030303030303030,0.0052432888583622,4.711282599600963e-05,1126981061,results/ebbi/SC5_HBD_MWPM_2_5x/results/sweep_7_exp_0_checkpoints.csv
0303030303030303030303030,0.0052432888583622,4.711282599600963e-05,1418717726,results/ebbi/SC5_HBD_MWPM_2_5x/results/sweep_7_exp_0_checkpoints.csv
0303030303030303030303030,0.0052432888583622,4.711282599600963e-05,1786025282,results/ebbi/SC5_HBD_MWPM_2_5x/results/sweep_7_exp_0_checkpoints.csv
0303030303030303030303030,0.0052432888583622,4.711282599600963e-05,2248530152,results/ebbi/SC5_HBD_MWPM_2_5x/results/sweep_7_exp_0_checkpoints.csv
0303030303030303030303030,0.0052432888583622,4.711282599600963e-05,2830654004,results/ebbi/SC5_HBD_MWPM_2_5x/results/sweep_7_exp_0_checkpoints.csv
0303030303030303030303030,0.0052432888583622,4.711282599600963e-05,3563608471,results/ebbi/SC5_HBD_MWPM_2_5x/results/sweep_7_exp_0_checkpoints.csv
0303030303030303030303030,0.0052432888583622,4.711282599600963e-05,4486351612,results/ebbi/SC5_HBD_MWPM_2_5x/results/sweep_7_exp_0_checkpoints.csv
0303030303030303030303030,0.0052432888583622,4.711282599600963e-05,5647847950,results/ebbi/SC5_HBD_MWPM_2_5x/results/sweep_7_exp_0_checkpoints.csv
0303030303030303030303030,0.0052432888583622,4.711282599600963e-05,7110265282,results/ebbi/SC5_HBD_MWPM_2_5x/results/sweep_7_exp_0_checkpoints.csv
0303030303030303030303030,0.0052432888583622,4.711282599600963e-05,8951218378,results/ebbi/SC5_HBD_MWPM_2_5x/results/sweep_7_exp_0_checkpoints.csv
0303030303030303030303030,0.0052432888583622,4.711282599600963e-05,11268983461,results/ebbi/SC5_HBD_MWPM_2_5x/results/sweep_7_exp_0_checkpoints.csv
0303030303030303030303030,0.0052432888583622,4.711282599600963e-05,14186638372,results/ebbi/SC5_HBD_MWPM_2_5x/results/sweep_7_exp_0_checkpoints.csv
0303030303030303030303030,0.0052432888583622,4.711282599600963e-05,17859949816,results/ebbi/SC5_HBD_MWPM_2_5x/results/sweep_7_exp_0_checkpoints.csv
0303030303030303030303030,0.0052432888583622,4.711282599600963e-05,22484343496,results/ebbi/SC5_HBD_MWPM_2_5x/results/sweep_7_exp_0_checkpoints.csv
0303030303030303030303030,0.0052432888583622,4.711282599600963e-05,28306079905,results/ebbi/SC5_HBD_MWPM_2_5x/results/sweep_7_exp_0_checkpoints.csv
0303030303030303030303030,0.0052432888583622,4.711282599600963e-05,35635369177,results/ebbi/SC5_HBD_MWPM_2_5x/results/sweep_7_exp_0_checkpoints.csv
0303030303030303030303030,0.0052432888583622,4.711282599600963e-05,44862145597,results/ebbi/SC5_HBD_MWPM_2_5x/results/sweep_7_exp_0_checkpoints.csv
0303030303030303030303030,0.0052432888583622,4.711282599600963e-05,56478065434,results/ebbi/SC5_HBD_MWPM_2_5x/results/sweep_7_exp_0_checkpoints.csv
0303030303030303030303030,0.0052432888583622,4.711282599600963e-05,71101662307,results/ebbi/SC5_HBD_MWPM_2_5x/results/sweep_7_exp_0_checkpoints.csv
0303030303030303030303030,0.0052432888583622,4.711282599600963e-05,89511664930,results/ebbi/SC5_HBD_MWPM_2_5x/results/sweep_7_exp_0_checkpoints.csv
0303030303030303030303030,0.0052432888583622,4.711282599600963e-05,100000000000,results/ebbi/SC5_HBD_MWPM_2_5x/results/sweep_7_exp_0_checkpoints.csv
2323323023330230330302222,0.0104284135189754,0.0003394423110876,776502,results/ebbi/SC5_HBD_MWPM_2_5x/results/sweep_10_exp_0_checkpoints.csv
2323323023330220330302222,0.0104167731515083,0.0003246160922572,1168943,results/ebbi/SC5_HBD_MWPM_2_5x/results/sweep_10_exp_0_checkpoints.csv
2323323023330220330302222,0.0104167731515083,0.0003246160922572,1288595,results/ebbi/SC5_HBD_MWPM_2_5x/results/sweep_10_exp_0_checkpoints.csv
2323323023330220330302222,0.0104167731515083,0.0003246160922572,1639379,results/ebbi/SC5_HBD_MWPM_2_5x/results/sweep_10_exp_0_checkpoints.csv
2323323023330230330302222,0.0104856238276248,0.0002269104588776,1975913,results/ebbi/SC5_HBD_MWPM_2_5x/results/sweep_10_exp_0_checkpoints.csv
2323323023330230330302222,0.0104856238276248,0.0002269104588776,2470420,results/ebbi/SC5_HBD_MWPM_2_5x/results/sweep_10_exp_0_checkpoints.csv
2323323023330230330302222,0.0104856238276248,0.0002269104588776,3152015,results/ebbi/SC5_HBD_MWPM_2_5x/results/sweep_10_exp_0_checkpoints.csv
2323303023330200330302222,0.0103343569186228,0.000209289821214,4091728,results/ebbi/SC5_HBD_MWPM_2_5x/results/sweep_10_exp_0_checkpoints.csv
2323303023330200330302222,0.0103343569186228,0.000209289821214,4922644,results/ebbi/SC5_HBD_MWPM_2_5x/results/sweep_10_exp_0_checkpoints.csv
2323303023330200330302222,0.0104138907712103,0.0001400573964929,6240709,results/ebbi/SC5_HBD_MWPM_2_5x/results/sweep_10_exp_0_checkpoints.csv
2303300303330200330302220,0.0077201204183606,0.0002437967632431,8169706,results/ebbi/SC5_HBD_MWPM_2_5x/results/sweep_10_exp_0_checkpoints.csv
2303300303330000330302220,0.0076886603202392,0.0002359134814469,9791995,results/ebbi/SC5_HBD_MWPM_2_5x/results/sweep_10_exp_0_checkpoints.csv
2303300303330200330302220,0.0077072686267612,0.0001623980788281,12492162,results/ebbi/SC5_HBD_MWPM_2_5x/results/sweep_10_exp_0_checkpoints.csv
2303300303330300330302220,0.0074497463232933,0.0001540895027574,15595016,results/ebbi/SC5_HBD_MWPM_2_5x/results/sweep_10_exp_0_checkpoints.csv
2303300303330300330300220,0.0071347411427673,0.0001463102380512,19653066,results/ebbi/SC5_HBD_MWPM_2_5x/results/sweep_10_exp_0_checkpoints.csv
2303300303330300330300220,0.0071347411427673,0.0001463102380512,24600223,results/ebbi/SC5_HBD_MWPM_2_5x/results/sweep_10_exp_0_checkpoints.csv
3303300303330300330300220,0.0071512612427087,9.650414722273126e-05,31142293,results/ebbi/SC5_HBD_MWPM_2_5x/results/sweep_10_exp_0_checkpoints.csv
2303000303330302330300220,0.0066729909554007,0.0002075295924441,39072755,results/ebbi/SC5_HBD_MWPM_2_5x/results/sweep_10_exp_0_checkpoints.csv
2303000303330333030302230,0.0063363640004806,0.0001296613045269,49129575,results/ebbi/SC5_HBD_MWPM_2_5x/results/sweep_10_exp_0_checkpoints.csv
2303000303030333030302030,0.0059847730494811,0.0001237196847796,61812381,results/ebbi/SC5_HBD_MWPM_2_5x/results/sweep_10_exp_0_checkpoints.csv
2303030303030333030302020,0.0057618152465698,7.706978067290038e-05,78116064,results/ebbi/SC5_HBD_MWPM_2_5x/results/sweep_10_exp_0_checkpoints.csv
3303230303030303030302030,0.0057583114396567,5.153712118044496e-05,98386302,results/ebbi/SC5_HBD_MWPM_2_5x/results/sweep_10_exp_0_checkpoints.csv
3303230303030303030302030,0.0057583114396567,5.153712118044496e-05,123247628,results/ebbi/SC5_HBD_MWPM_2_5x/results/sweep_10_exp_0_checkpoints.csv
3303230303030303030303032,0.0055535376103111,0.0001123226757044,155082430,results/ebbi/SC5_HBD_MWPM_2_5x/results/sweep_10_exp_0_checkpoints.csv
0303230303030303030303032,0.0055917635513624,4.996222196496092e-05,195479761,results/ebbi/SC5_HBD_MWPM_2_5x/results/sweep_10_exp_0_checkpoints.csv
3303330303030303030303030,0.0054637534595493,7.347165956161916e-05,245821334,results/ebbi/SC5_HBD_MWPM_2_5x/results/sweep_10_exp_0_checkpoints.csv
0303330303030303030303030,0.0052453763673396,0.0001073049061233,309304153,results/ebbi/SC5_HBD_MWPM_2_5x/results/sweep_10_exp_0_checkpoints.csv
0303030303030303030303030,0.0052352598360333,4.717121919384226e-05,389444433,results/ebbi/SC5_HBD_MWPM_2_5x/results/sweep_10_exp_0_checkpoints.csv
0303030303030303030303030,0.0052352598360333,4.717121919384226e-05,490106790,results/ebbi/SC5_HBD_MWPM_2_5x/results/sweep_10_exp_0_checkpoints.csv
0303030303030303030303030,0.0052352598360333,4.717121919384226e-05,616803638,results/ebbi/SC5_HBD_MWPM_2_5x/results/sweep_10_exp_0_checkpoints.csv
0303030303030303030303030,0.0052352598360333,4.717121919384226e-05,776517851,results/ebbi/SC5_HBD_MWPM_2_5x/results/sweep_10_exp_0_checkpoints.csv
0303030303030303030303030,0.0052352598360333,4.717121919384226e-05,977822452,results/ebbi/SC5_HBD_MWPM_2_5x/results/sweep_10_exp_0_checkpoints.csv
0303030303030303030303030,0.0052352598360333,4.717121919384226e-05,1230767656,results/ebbi/SC5_HBD_MWPM_2_5x/results/sweep_10_exp_0_checkpoints.csv
0303030303030303030303030,0.0052352598360333,4.717121919384226e-05,1549446863,results/ebbi/SC5_HBD_MWPM_2_5x/results/sweep_10_exp_0_checkpoints.csv
0303030303030303030303030,0.0052352598360333,4.717121919384226e-05,1950544419,results/ebbi/SC5_HBD_MWPM_2_5x/results/sweep_10_exp_0_checkpoints.csv
0303030303030303030303030,0.0052352598360333,4.717121919384226e-05,2455543683,results/ebbi/SC5_HBD_MWPM_2_5x/results/sweep_10_exp_0_checkpoints.csv
0303030303030303030303030,0.0052352598360333,4.717121919384226e-05,3091456458,results/ebbi/SC5_HBD_MWPM_2_5x/results/sweep_10_exp_0_checkpoints.csv
0303030303030303030303030,0.0052352598360333,4.717121919384226e-05,3891842864,results/ebbi/SC5_HBD_MWPM_2_5x/results/sweep_10_exp_0_checkpoints.csv
0303030303030303030303030,0.0052352598360333,4.717121919384226e-05,4899597011,results/ebbi/SC5_HBD_MWPM_2_5x/results/sweep_10_exp_0_checkpoints.csv
0303030303030303030303030,0.0052352598360333,4.717121919384226e-05,6168082393,results/ebbi/SC5_HBD_MWPM_2_5x/results/sweep_10_exp_0_checkpoints.csv
0303030303030303030303030,0.0052352598360333,4.717121919384226e-05,7765224585,results/ebbi/SC5_HBD_MWPM_2_5x/results/sweep_10_exp_0_checkpoints.csv
0303030303030303030303030,0.0052352598360333,4.717121919384226e-05,9775782034,results/ebbi/SC5_HBD_MWPM_2_5x/results/sweep_10_exp_0_checkpoints.csv
0303030303030303030303030,0.0052352598360333,4.717121919384226e-05,12306930606,results/ebbi/SC5_HBD_MWPM_2_5x/results/sweep_10_exp_0_checkpoints.csv
0303030303030303030303030,0.0052352598360333,4.717121919384226e-05,15493320048,results/ebbi/SC5_HBD_MWPM_2_5x/results/sweep_10_exp_0_checkpoints.csv
0303030303030303030303030,0.0052352598360333,4.717121919384226e-05,19504902924,results/ebbi/SC5_HBD_MWPM_2_5x/results/sweep_10_exp_0_checkpoints.csv
0303030303030303030303030,0.0052352598360333,4.717121919384226e-05,24555186021,results/ebbi/SC5_HBD_MWPM_2_5x/results/sweep_10_exp_0_checkpoints.csv
0303030303030303030303030,0.0052352598360333,4.717121919384226e-05,30913231194,results/ebbi/SC5_HBD_MWPM_2_5x/results/sweep_10_exp_0_checkpoints.csv
0303030303030303030303030,0.0052352598360333,4.717121919384226e-05,38917491324,results/ebbi/SC5_HBD_MWPM_2_5x/results/sweep_10_exp_0_checkpoints.csv
0303030303030303030303030,0.0052352598360333,4.717121919384226e-05,48994135041,results/ebbi/SC5_HBD_MWPM_2_5x/results/sweep_10_exp_0_checkpoints.csv
0303030303030303030303030,0.0052352598360333,4.717121919384226e-05,61679767796,results/ebbi/SC5_HBD_MWPM_2_5x/results/sweep_10_exp_0_checkpoints.csv
0303030303030303030303030,0.0052352598360333,4.717121919384226e-05,77650212767,results/ebbi/SC5_HBD_MWPM_2_5x/results/sweep_10_exp_0_checkpoints.csv
0303030303030303030303030,0.0052352598360333,4.717121919384226e-05,97755972101,results/ebbi/SC5_HBD_MWPM_2_5x/results/sweep_10_exp_0_checkpoints.csv
0303030303030303030303030,0.0052352598360333,4.717121919384226e-05,100000000000,results/ebbi/SC5_HBD_MWPM_2_5x/results/sweep_10_exp_0_checkpoints.csv
0320000003332323220002032,0.0095020532968302,0.0002892367483582,724652,results/ebbi/SC5_HBD_MWPM_2_5x/results/sweep_1_exp_0_checkpoints.csv
0332000003332323220002032,0.0088770815784358,0.0002853794139809,1342617,results/ebbi/SC5_HBD_MWPM_2_5x/results/sweep_1_exp_0_checkpoints.csv
0332000003332323220002032,0.0088770815784358,0.0002853794139809,1678690,results/ebbi/SC5_HBD_MWPM_2_5x/results/sweep_1_exp_0_checkpoints.csv
0332000003332323220002032,0.0088770815784358,0.0002853794139809,1860573,results/ebbi/SC5_HBD_MWPM_2_5x/results/sweep_1_exp_0_checkpoints.csv
0332000003332323220002032,0.0088770815784358,0.0002853794139809,2342572,results/ebbi/SC5_HBD_MWPM_2_5x/results/sweep_1_exp_0_checkpoints.csv
0332000003332323220002032,0.0088770815784358,0.0002853794139809,2923239,results/ebbi/SC5_HBD_MWPM_2_5x/results/sweep_1_exp_0_checkpoints.csv
0302000003332323220000032,0.0085753780698777,0.0002652781258802,3734124,results/ebbi/SC5_HBD_MWPM_2_5x/results/sweep_1_exp_0_checkpoints.csv
0302000003332323220002032,0.0086210816710119,0.0001799658348318,4797854,results/ebbi/SC5_HBD_MWPM_2_5x/results/sweep_1_exp_0_checkpoints.csv
0300000003332323230000032,0.0084319790072798,0.0001743195025483,5853430,results/ebbi/SC5_HBD_MWPM_2_5x/results/sweep_1_exp_0_checkpoints.csv
0300000003330323330300332,0.0069426031621987,0.000219329202082,8224618,results/ebbi/SC5_HBD_MWPM_2_5x/results/sweep_1_exp_0_checkpoints.csv
0300000003330323330300332,0.0069426031621987,0.000219329202082,9154298,results/ebbi/SC5_HBD_MWPM_2_5x/results/sweep_1_exp_0_checkpoints.csv
0300000003330323330200032,0.0071229472739277,0.0001516647607786,11849297,results/ebbi/SC5_HBD_MWPM_2_5x/results/sweep_1_exp_0_checkpoints.csv
0300000003330323330300032,0.0072303826014982,0.0001037460533552,14459447,results/ebbi/SC5_HBD_MWPM_2_5x/results/sweep_1_exp_0_checkpoints.csv
0300200303330323030300332,0.0064523690156067,0.000204303258215,18380948,results/ebbi/SC5_HBD_MWPM_2_5x/results/sweep_1_exp_0_checkpoints.csv
0300200303330323030300332,0.0064872512137873,9.104573837248608e-05,23283779,results/ebbi/SC5_HBD_MWPM_2_5x/results/sweep_1_exp_0_checkpoints.csv
0300200303330323030300332,0.0064872512137873,9.104573837248608e-05,28951681,results/ebbi/SC5_HBD_MWPM_2_5x/results/sweep_1_exp_0_checkpoints.csv
0300000303330323030303332,0.0062440473610406,8.525938756065443e-05,36464105,results/ebbi/SC5_HBD_MWPM_2_5x/results/sweep_1_exp_0_checkpoints.csv
0302000303030303030303332,0.0058115631215761,0.000179167924216,46006232,results/ebbi/SC5_HBD_MWPM_2_5x/results/sweep_1_exp_0_checkpoints.csv
0300000303230303030303332,0.0060977344072398,5.4992648074403405e-05,58589499,results/ebbi/SC5_HBD_MWPM_2_5x/results/sweep_1_exp_0_checkpoints.csv
0303300303030303030303332,0.0059090105633459,7.98121836851351e-05,72680946,results/ebbi/SC5_HBD_MWPM_2_5x/results/sweep_1_exp_0_checkpoints.csv
0303330303030303030303332,0.0057475110151043,7.729743083473295e-05,92433373,results/ebbi/SC5_HBD_MWPM_2_5x/results/sweep_1_exp_0_checkpoints.csv
0303030303030303030303032,0.0052823158353035,7.293964881682768e-05,114945547,results/ebbi/SC5_HBD_MWPM_2_5x/results/sweep_1_exp_0_checkpoints.csv
0303030303030303030303030,0.0052025896057433,7.041850039968267e-05,144869780,results/ebbi/SC5_HBD_MWPM_2_5x/results/sweep_1_exp_0_checkpoints.csv
0303030303030303030303030,0.0052025896057433,7.041850039968267e-05,182083934,results/ebbi/SC5_HBD_MWPM_2_5x/results/sweep_1_exp_0_checkpoints.csv
0303030303030303030303030,0.0052309134893608,4.707265179604292e-05,231629158,results/ebbi/SC5_HBD_MWPM_2_5x/results/sweep_1_exp_0_checkpoints.csv
0303030303030303030303030,0.0052309134893608,4.707265179604292e-05,288608860,results/ebbi/SC5_HBD_MWPM_2_5x/results/sweep_1_exp_0_checkpoints.csv
0303030303030303030303030,0.0052309134893608,4.707265179604292e-05,363372277,results/ebbi/SC5_HBD_MWPM_2_5x/results/sweep_1_exp_0_checkpoints.csv
0303030303030303030303030,0.0052309134893608,4.707265179604292e-05,457421742,results/ebbi/SC5_HBD_MWPM_2_5x/results/sweep_1_exp_0_checkpoints.csv
0303030303030303030303030,0.0052309134893608,4.707265179604292e-05,575682882,results/ebbi/SC5_HBD_MWPM_2_5x/results/sweep_1_exp_0_checkpoints.csv
0303030303030303030303030,0.0052309134893608,4.707265179604292e-05,724835344,results/ebbi/SC5_HBD_MWPM_2_5x/results/sweep_1_exp_0_checkpoints.csv
0303030303030303030303030,0.0052309134893608,4.707265179604292e-05,912436215,results/ebbi/SC5_HBD_MWPM_2_5x/results/sweep_1_exp_0_checkpoints.csv
0303030303030303030303030,0.0052309134893608,4.707265179604292e-05,1148496750,results/ebbi/SC5_HBD_MWPM_2_5x/results/sweep_1_exp_0_checkpoints.csv
0303030303030303030303030,0.0052309134893608,4.707265179604292e-05,1445963913,results/ebbi/SC5_HBD_MWPM_2_5x/results/sweep_1_exp_0_checkpoints.csv
0303030303030303030303030,0.0052309134893608,4.707265179604292e-05,1820341088,results/ebbi/SC5_HBD_MWPM_2_5x/results/sweep_1_exp_0_checkpoints.csv
0303030303030303030303030,0.0052309134893608,4.707265179604292e-05,2291564976,results/ebbi/SC5_HBD_MWPM_2_5x/results/sweep_1_exp_0_checkpoints.csv
0303030303030303030303030,0.0052309134893608,4.707265179604292e-05,2885021544,results/ebbi/SC5_HBD_MWPM_2_5x/results/sweep_1_exp_0_checkpoints.csv
0303030303030303030303030,0.0052309134893608,4.707265179604292e-05,3632125133,results/ebbi/SC5_HBD_MWPM_2_5x/results/sweep_1_exp_0_checkpoints.csv
0303030303030303030303030,0.0052309134893608,4.707265179604292e-05,4572397301,results/ebbi/SC5_HBD_MWPM_2_5x/results/sweep_1_exp_0_checkpoints.csv
0303030303030303030303030,0.0052309134893608,4.707265179604292e-05,5756315325,results/ebbi/SC5_HBD_MWPM_2_5x/results/sweep_1_exp_0_checkpoints.csv
0303030303030303030303030,0.0052309134893608,4.707265179604292e-05,7246593539,results/ebbi/SC5_HBD_MWPM_2_5x/results/sweep_1_exp_0_checkpoints.csv
0303030303030303030303030,0.0052309134893608,4.707265179604292e-05,9122833612,results/ebbi/SC5_HBD_MWPM_2_5x/results/sweep_1_exp_0_checkpoints.csv
0303030303030303030303030,0.0052309134893608,4.707265179604292e-05,11485075314,results/ebbi/SC5_HBD_MWPM_2_5x/results/sweep_1_exp_0_checkpoints.csv
0303030303030303030303030,0.0052309134893608,4.707265179604292e-05,14458731174,results/ebbi/SC5_HBD_MWPM_2_5x/results/sweep_1_exp_0_checkpoints.csv
0303030303030303030303030,0.0052309134893608,4.707265179604292e-05,18202608679,results/ebbi/SC5_HBD_MWPM_2_5x/results/sweep_1_exp_0_checkpoints.csv
0303030303030303030303030,0.0052309134893608,4.707265179604292e-05,22915533861,results/ebbi/SC5_HBD_MWPM_2_5x/results/sweep_1_exp_0_checkpoints.csv
0303030303030303030303030,0.0052309134893608,4.707265179604292e-05,28848938730,results/ebbi/SC5_HBD_MWPM_2_5x/results/sweep_1_exp_0_checkpoints.csv
0303030303030303030303030,0.0052309134893608,4.707265179604292e-05,36318696613,results/ebbi/SC5_HBD_MWPM_2_5x/results/sweep_1_exp_0_checkpoints.csv
0303030303030303030303030,0.0052309134893608,4.707265179604292e-05,45722538756,results/ebbi/SC5_HBD_MWPM_2_5x/results/sweep_1_exp_0_checkpoints.csv
0303030303030303030303030,0.0052309134893608,4.707265179604292e-05,57561218091,results/ebbi/SC5_HBD_MWPM_2_5x/results/sweep_1_exp_0_checkpoints.csv
0303030303030303030303030,0.0052309134893608,4.707265179604292e-05,72465320176,results/ebbi/SC5_HBD_MWPM_2_5x/results/sweep_1_exp_0_checkpoints.csv
0303030303030303030303030,0.0052309134893608,4.707265179604292e-05,91228407499,results/ebbi/SC5_HBD_MWPM_2_5x/results/sweep_1_exp_0_checkpoints.csv
0303030303030303030303030,0.0052309134893608,4.707265179604292e-05,100000000000,results/ebbi/SC5_HBD_MWPM_2_5x/results/sweep_1_exp_0_checkpoints.csv
2220323333030333330333230,0.0081490360823041,0.0002981384168379,665435,results/ebbi/SC5_HBD_MWPM_2_5x/results/sweep_17_exp_0_checkpoints.csv
2220323333030333330333230,0.0081490360823041,0.0002981384168379,1634177,results/ebbi/SC5_HBD_MWPM_2_5x/results/sweep_17_exp_0_checkpoints.csv
2220323333030333330333230,0.0081490360823041,0.0002981384168379,1836762,results/ebbi/SC5_HBD_MWPM_2_5x/results/sweep_17_exp_0_checkpoints.csv
2220323303030333330333230,0.0081642003977964,0.0002903843706008,2198049,results/ebbi/SC5_HBD_MWPM_2_5x/results/sweep_17_exp_0_checkpoints.csv
2320323303030333330333230,0.0076753137312956,0.0002404616388957,2775532,results/ebbi/SC5_HBD_MWPM_2_5x/results/sweep_17_exp_0_checkpoints.csv
2320323303030333330333230,0.0076753137312956,0.0002404616388957,3389975,results/ebbi/SC5_HBD_MWPM_2_5x/results/sweep_17_exp_0_checkpoints.csv
2320323303030333330333230,0.0076753137312956,0.0002404616388957,4323604,results/ebbi/SC5_HBD_MWPM_2_5x/results/sweep_17_exp_0_checkpoints.csv
2320333303030333330333230,0.0076037973532811,0.0001565232814755,5588115,results/ebbi/SC5_HBD_MWPM_2_5x/results/sweep_17_exp_0_checkpoints.csv
2320303303030333330333230,0.0073299314933325,0.000226456177188,6812543,results/ebbi/SC5_HBD_MWPM_2_5x/results/sweep_17_exp_0_checkpoints.csv
2330303303030333330333230,0.00754366086164,0.0001518287899671,8510246,results/ebbi/SC5_HBD_MWPM_2_5x/results/sweep_17_exp_0_checkpoints.csv
2320333303030333330333230,0.0074631388472827,0.0001033868393278,10589784,results/ebbi/SC5_HBD_MWPM_2_5x/results/sweep_17_exp_0_checkpoints.csv
2320333303030333330333230,0.0074631388472827,0.0001033868393278,13643121,results/ebbi/SC5_HBD_MWPM_2_5x/results/sweep_17_exp_0_checkpoints.csv
2320333303030333330333230,0.0074932932972735,6.906269845785573e-05,17075926,results/ebbi/SC5_HBD_MWPM_2_5x/results/sweep_17_exp_0_checkpoints.csv
2320333303030333330333230,0.0074932932972735,6.906269845785573e-05,21719766,results/ebbi/SC5_HBD_MWPM_2_5x/results/sweep_17_exp_0_checkpoints.csv
2320333303030333330333230,0.0074932932972735,6.906269845785573e-05,26609866,results/ebbi/SC5_HBD_MWPM_2_5x/results/sweep_17_exp_0_checkpoints.csv
0333303303030333330333030,0.006647837787429,0.0002097323013003,33389150,results/ebbi/SC5_HBD_MWPM_2_5x/results/sweep_17_exp_0_checkpoints.csv
0333303303030333030333030,0.0066410809663612,9.12898758542724e-05,42041300,results/ebbi/SC5_HBD_MWPM_2_5x/results/sweep_17_exp_0_checkpoints.csv
0333000303030333030323030,0.0058569441393952,0.0001810829853639,52865138,results/ebbi/SC5_HBD_MWPM_2_5x/results/sweep_17_exp_0_checkpoints.csv
0333000303030333030323030,0.0060316556238347,8.1666286860127e-05,67072357,results/ebbi/SC5_HBD_MWPM_2_5x/results/sweep_17_exp_0_checkpoints.csv
0333000303030333030323030,0.0060803648416672,5.466230504680425e-05,83824905,results/ebbi/SC5_HBD_MWPM_2_5x/results/sweep_17_exp_0_checkpoints.csv
0333030303330303030333030,0.0058088290298344,7.912649743957445e-05,106554575,results/ebbi/SC5_HBD_MWPM_2_5x/results/sweep_17_exp_0_checkpoints.csv
0303020303330303030303030,0.0056009651144545,7.533210737165064e-05,133227912,results/ebbi/SC5_HBD_MWPM_2_5x/results/sweep_17_exp_0_checkpoints.csv
0333030303030303030300030,0.0055205970438418,7.44304052204825e-05,167313939,results/ebbi/SC5_HBD_MWPM_2_5x/results/sweep_17_exp_0_checkpoints.csv
0303030303030303030303020,0.0054221735732145,4.882687790086493e-05,210649410,results/ebbi/SC5_HBD_MWPM_2_5x/results/sweep_17_exp_0_checkpoints.csv
0303030303030303030303030,0.0052703686094071,4.76679670100566e-05,265453389,results/ebbi/SC5_HBD_MWPM_2_5x/results/sweep_17_exp_0_checkpoints.csv
0303030303030303030333030,0.005083791165,0.0001036811736412,333515317,results/ebbi/SC5_HBD_MWPM_2_5x/results/sweep_17_exp_0_checkpoints.csv
0303030303030303030333030,0.005083791165,0.0001036811736412,419943565,results/ebbi/SC5_HBD_MWPM_2_5x/results/sweep_17_exp_0_checkpoints.csv
0303030303030303030333030,0.005083791165,0.0001036811736412,528723056,results/ebbi/SC5_HBD_MWPM_2_5x/results/sweep_17_exp_0_checkpoints.csv
0303030303030303030333030,0.0052075461717498,6.995281000854447e-05,665538787,results/ebbi/SC5_HBD_MWPM_2_5x/results/sweep_17_exp_0_checkpoints.csv
0303030303030303030333030,0.0052075461717498,6.995281000854447e-05,837759241,results/ebbi/SC5_HBD_MWPM_2_5x/results/sweep_17_exp_0_checkpoints.csv
0303030303030303030333030,0.0052075461717498,6.995281000854447e-05,1054751854,results/ebbi/SC5_HBD_MWPM_2_5x/results/sweep_17_exp_0_checkpoints.csv
0303030303030303030333030,0.0052075461717498,6.995281000854447e-05,1327737085,results/ebbi/SC5_HBD_MWPM_2_5x/results/sweep_17_exp_0_checkpoints.csv
0303030303030303030303030,0.0052497599341974,3.17167941830121e-05,1671735081,results/ebbi/SC5_HBD_MWPM_2_5x/results/sweep_17_exp_0_checkpoints.csv
0303030303030303030303030,0.0052497599341974,3.17167941830121e-05,2104456599,results/ebbi/SC5_HBD_MWPM_2_5x/results/sweep_17_exp_0_checkpoints.csv
0303030303030303030303030,0.0052497599341974,3.17167941830121e-05,2649180679,results/ebbi/SC5_HBD_MWPM_2_5x/results/sweep_17_exp_0_checkpoints.csv
0303030303030303030303030,0.0052497599341974,3.17167941830121e-05,3335129363,results/ebbi/SC5_HBD_MWPM_2_5x/results/sweep_17_exp_0_checkpoints.csv
0303030303030303030303030,0.0052497599341974,3.17167941830121e-05,4198750087,results/ebbi/SC5_HBD_MWPM_2_5x/results/sweep_17_exp_0_checkpoints.csv
0303030303030303030303030,0.0052497599341974,3.17167941830121e-05,5285841120,results/ebbi/SC5_HBD_MWPM_2_5x/results/sweep_17_exp_0_checkpoints.csv
0303030303030303030303030,0.0052497599341974,3.17167941830121e-05,6654531032,results/ebbi/SC5_HBD_MWPM_2_5x/results/sweep_17_exp_0_checkpoints.csv
0303030303030303030303030,0.0052497599341974,3.17167941830121e-05,8377496144,results/ebbi/SC5_HBD_MWPM_2_5x/results/sweep_17_exp_0_checkpoints.csv
0303030303030303030303030,0.0052497599341974,3.17167941830121e-05,10546485010,results/ebbi/SC5_HBD_MWPM_2_5x/results/sweep_17_exp_0_checkpoints.csv
0303030303030303030303030,0.0052497599341974,3.17167941830121e-05,13277327621,results/ebbi/SC5_HBD_MWPM_2_5x/results/sweep_17_exp_0_checkpoints.csv
0303030303030303030303030,0.0052497599341974,3.17167941830121e-05,16715045749,results/ebbi/SC5_HBD_MWPM_2_5x/results/sweep_17_exp_0_checkpoints.csv
0303030303030303030303030,0.0052497599341974,3.17167941830121e-05,21042998926,results/ebbi/SC5_HBD_MWPM_2_5x/results/sweep_17_exp_0_checkpoints.csv
0303030303030303030303030,0.0052497599341974,3.17167941830121e-05,26491606802,results/ebbi/SC5_HBD_MWPM_2_5x/results/sweep_17_exp_0_checkpoints.csv
0303030303030303030303030,0.0052497599341974,3.17167941830121e-05,33350781879,results/ebbi/SC5_HBD_MWPM_2_5x/results/sweep_17_exp_0_checkpoints.csv
0303030303030303030303030,0.0052497599341974,3.17167941830121e-05,41986269645,results/ebbi/SC5_HBD_MWPM_2_5x/results/sweep_17_exp_0_checkpoints.csv
0303030303030303030303030,0.0052497599341974,3.17167941830121e-05,52857396432,results/ebbi/SC5_HBD_MWPM_2_5x/results/sweep_17_exp_0_checkpoints.csv
0303030303030303030303030,0.0052497599341974,3.17167941830121e-05,66543697810,results/ebbi/SC5_HBD_MWPM_2_5x/results/sweep_17_exp_0_checkpoints.csv
0303030303030303030303030,0.0052497599341974,3.17167941830121e-05,83773415147,results/ebbi/SC5_HBD_MWPM_2_5x/results/sweep_17_exp_0_checkpoints.csv
0303030303030303030303030,0.0052497599341974,3.17167941830121e-05,100000000000,results/ebbi/SC5_HBD_MWPM_2_5x/results/sweep_17_exp_0_checkpoints.csv
2203000232023003033300333,0.0097593611282203,0.0003203551459591,767738,results/ebbi/SC5_HBD_MWPM_2_5x/results/sweep_6_exp_0_checkpoints.csv
2203000233023003033300033,0.0092258873305649,0.0002992043446283,1347717,results/ebbi/SC5_HBD_MWPM_2_5x/results/sweep_6_exp_0_checkpoints.csv
2203000233023023033300033,0.0091406535924375,0.0002843356633093,1687873,results/ebbi/SC5_HBD_MWPM_2_5x/results/sweep_6_exp_0_checkpoints.csv
2203000233023023033300033,0.0091406535924375,0.0002843356633093,2109912,results/ebbi/SC5_HBD_MWPM_2_5x/results/sweep_6_exp_0_checkpoints.csv
2203000233023023033300033,0.0091406535924375,0.0002843356633093,2501027,results/ebbi/SC5_HBD_MWPM_2_5x/results/sweep_6_exp_0_checkpoints.csv
2203000332023003033300233,0.0094109402695906,0.0001960315275937,3194494,results/ebbi/SC5_HBD_MWPM_2_5x/results/sweep_6_exp_0_checkpoints.csv
2203000233023023033303033,0.0092180704780774,0.000186904479051,3867656,results/ebbi/SC5_HBD_MWPM_2_5x/results/sweep_6_exp_0_checkpoints.csv
2203000233023023033303033,0.0092180704780774,0.000186904479051,5043168,results/ebbi/SC5_HBD_MWPM_2_5x/results/sweep_6_exp_0_checkpoints.csv
2203000233023023033303033,0.0092180704780774,0.000186904479051,6195060,results/ebbi/SC5_HBD_MWPM_2_5x/results/sweep_6_exp_0_checkpoints.csv
2203000233023023033303033,0.0092180704780774,0.000186904479051,7758961,results/ebbi/SC5_HBD_MWPM_2_5x/results/sweep_6_exp_0_checkpoints.csv
2203000203023003033303033,0.0081384628279272,0.0002601096639409,9977875,results/ebbi/SC5_HBD_MWPM_2_5x/results/sweep_6_exp_0_checkpoints.csv
0003030203003023030303033,0.0072254444251698,0.0002325977402506,12187783,results/ebbi/SC5_HBD_MWPM_2_5x/results/sweep_6_exp_0_checkpoints.csv
0003030203033023030303033,0.0074288560931564,0.0001515189214842,15512870,results/ebbi/SC5_HBD_MWPM_2_5x/results/sweep_6_exp_0_checkpoints.csv
0003030203230323030303033,0.006178650508479,0.0002017615479417,19667709,results/ebbi/SC5_HBD_MWPM_2_5x/results/sweep_6_exp_0_checkpoints.csv
0203030203230303030303033,0.0062590208752261,0.0001302703894907,24464290,results/ebbi/SC5_HBD_MWPM_2_5x/results/sweep_6_exp_0_checkpoints.csv
0203030303230303030303033,0.0057211769278251,0.0001803105697035,30607404,results/ebbi/SC5_HBD_MWPM_2_5x/results/sweep_6_exp_0_checkpoints.csv
0203030303230303030303033,0.0057747932251458,8.051109762163833e-05,38966323,results/ebbi/SC5_HBD_MWPM_2_5x/results/sweep_6_exp_0_checkpoints.csv
2203030303230303030303030,0.005765498938208,7.72092753322795e-05,48468665,results/ebbi/SC5_HBD_MWPM_2_5x/results/sweep_6_exp_0_checkpoints.csv
0203030303330303030303033,0.0056986054750168,7.665553857805207e-05,61215305,results/ebbi/SC5_HBD_MWPM_2_5x/results/sweep_6_exp_0_checkpoints.csv
0203030303330303030303033,0.0057180862709237,5.119051274959929e-05,78262977,results/ebbi/SC5_HBD_MWPM_2_5x/results/sweep_6_exp_0_checkpoints.csv
0203030303330303030303033,0.0057180862709237,5.119051274959929e-05,99257369,results/ebbi/SC5_HBD_MWPM_2_5x/results/sweep_6_exp_0_checkpoints.csv
0303030303330303030303033,0.0055564237939602,5.00303867738694e-05,122047457,results/ebbi/SC5_HBD_MWPM_2_5x/results/sweep_6_exp_0_checkpoints.csv
0303030303330303030303033,0.0055564237939602,5.00303867738694e-05,154143640,results/ebbi/SC5_HBD_MWPM_2_5x/results/sweep_6_exp_0_checkpoints.csv
0303030303330303030303033,0.0055164627152552,3.32341187458951e-05,193154130,results/ebbi/SC5_HBD_MWPM_2_5x/results/sweep_6_exp_0_checkpoints.csv
0303030303030303030303030,0.0051962029783329,0.0001067742923623,242920428,results/ebbi/SC5_HBD_MWPM_2_5x/results/sweep_6_exp_0_checkpoints.csv
0303030303030303030303030,0.0052523198907944,3.18064157909248e-05,305849642,results/ebbi/SC5_HBD_MWPM_2_5x/results/sweep_6_exp_0_checkpoints.csv
0303030303030303030303030,0.0052523198907944,3.18064157909248e-05,384943304,results/ebbi/SC5_HBD_MWPM_2_5x/results/sweep_6_exp_0_checkpoints.csv
0303030303030303030303030,0.0052523198907944,3.18064157909248e-05,484598705,results/ebbi/SC5_HBD_MWPM_2_5x/results/sweep_6_exp_0_checkpoints.csv
0303030303030303030303030,0.0052523198907944,3.18064157909248e-05,610117983,results/ebbi/SC5_HBD_MWPM_2_5x/results/sweep_6_exp_0_checkpoints.csv
0303030303030303030303030,0.0052523198907944,3.18064157909248e-05,767814784,results/ebbi/SC5_HBD_MWPM_2_5x/results/sweep_6_exp_0_checkpoints.csv
0303030303030303030303030,0.0052523198907944,3.18064157909248e-05,966717690,results/ebbi/SC5_HBD_MWPM_2_5x/results/sweep_6_exp_0_checkpoints.csv
0303030303030303030303030,0.0052523198907944,3.18064157909248e-05,1217074956,results/ebbi/SC5_HBD_MWPM_2_5x/results/sweep_6_exp_0_checkpoints.csv
0303030303030303030303030,0.0052523198907944,3.18064157909248e-05,1531866948,results/ebbi/SC5_HBD_MWPM_2_5x/results/sweep_6_exp_0_checkpoints.csv
0303030303030303030303030,0.0052523198907944,3.18064157909248e-05,1928528016,results/ebbi/SC5_HBD_MWPM_2_5x/results/sweep_6_exp_0_checkpoints.csv
0303030303030303030303030,0.0052523198907944,3.18064157909248e-05,2427860958,results/ebbi/SC5_HBD_MWPM_2_5x/results/sweep_6_exp_0_checkpoints.csv
0303030303030303030303030,0.0052523198907944,3.18064157909248e-05,3056431776,results/ebbi/SC5_HBD_MWPM_2_5x/results/sweep_6_exp_0_checkpoints.csv
0303030303030303030303030,0.0052523198907944,3.18064157909248e-05,3847898634,results/ebbi/SC5_HBD_MWPM_2_5x/results/sweep_6_exp_0_checkpoints.csv
0303030303030303030303030,0.0052523198907944,3.18064157909248e-05,4844103972,results/ebbi/SC5_HBD_MWPM_2_5x/results/sweep_6_exp_0_checkpoints.csv
0303030303030303030303030,0.0052523198907944,3.18064157909248e-05,6098364006,results/ebbi/SC5_HBD_MWPM_2_5x/results/sweep_6_exp_0_checkpoints.csv
0303030303030303030303030,0.0052523198907944,3.18064157909248e-05,7677429270,results/ebbi/SC5_HBD_MWPM_2_5x/results/sweep_6_exp_0_checkpoints.csv
0303030303030303030303030,0.0052523198907944,3.18064157909248e-05,9665260962,results/ebbi/SC5_HBD_MWPM_2_5x/results/sweep_6_exp_0_checkpoints.csv
0303030303030303030303030,0.0052523198907944,3.18064157909248e-05,12168030984,results/ebbi/SC5_HBD_MWPM_2_5x/results/sweep_6_exp_0_checkpoints.csv
0303030303030303030303030,0.0052523198907944,3.18064157909248e-05,15318529872,results/ebbi/SC5_HBD_MWPM_2_5x/results/sweep_6_exp_0_checkpoints.csv
0303030303030303030303030,0.0052523198907944,3.18064157909248e-05,19284824760,results/ebbi/SC5_HBD_MWPM_2_5x/results/sweep_6_exp_0_checkpoints.csv
0303030303030303030303030,0.0052523198907944,3.18064157909248e-05,24278022600,results/ebbi/SC5_HBD_MWPM_2_5x/results/sweep_6_exp_0_checkpoints.csv
0303030303030303030303030,0.0052523198907944,3.18064157909248e-05,30564243942,results/ebbi/SC5_HBD_MWPM_2_5x/results/sweep_6_exp_0_checkpoints.csv
0303030303030303030303030,0.0052523198907944,3.18064157909248e-05,38478215148,results/ebbi/SC5_HBD_MWPM_2_5x/results/sweep_6_exp_0_checkpoints.csv
0303030303030303030303030,0.0052523198907944,3.18064157909248e-05,48441031692,results/ebbi/SC5_HBD_MWPM_2_5x/results/sweep_6_exp_0_checkpoints.csv
0303030303030303030303030,0.0052523198907944,3.18064157909248e-05,60983605716,results/ebbi/SC5_HBD_MWPM_2_5x/results/sweep_6_exp_0_checkpoints.csv
0303030303030303030303030,0.0052523198907944,3.18064157909248e-05,76773942564,results/ebbi/SC5_HBD_MWPM_2_5x/results/sweep_6_exp_0_checkpoints.csv
0303030303030303030303030,0.0052523198907944,3.18064157909248e-05,96652575276,results/ebbi/SC5_HBD_MWPM_2_5x/results/sweep_6_exp_0_checkpoints.csv
0303030303030303030303030,0.0052523198907944,3.18064157909248e-05,100000000000,results/ebbi/SC5_HBD_MWPM_2_5x/results/sweep_6_exp_0_checkpoints.csv
0032230030323303032003232,0.0101607296711132,0.0003155959420837,775878,results/ebbi/SC5_HBD_MWPM_2_5x/results/sweep_20_exp_0_checkpoints.csv
0322200302320302002303230,0.0091675798371947,0.0002981143479701,1148991,results/ebbi/SC5_HBD_MWPM_2_5x/results/sweep_20_exp_0_checkpoints.csv
0320200302020302002303230,0.0090576899874174,0.0002781239454634,1709249,results/ebbi/SC5_HBD_MWPM_2_5x/results/sweep_20_exp_0_checkpoints.csv
0322200302300302002300233,0.0089671737389911,0.0002736698661465,2138484,results/ebbi/SC5_HBD_MWPM_2_5x/results/sweep_20_exp_0_checkpoints.csv
0322200302300302002300233,0.0089671737389911,0.0002736698661465,2510871,results/ebbi/SC5_HBD_MWPM_2_5x/results/sweep_20_exp_0_checkpoints.csv
0322200302300302002303230,0.0090368589350409,0.0001913591549964,3194097,results/ebbi/SC5_HBD_MWPM_2_5x/results/sweep_20_exp_0_checkpoints.csv
0320200302020302002303230,0.0089782973409837,0.0001846102968556,4025657,results/ebbi/SC5_HBD_MWPM_2_5x/results/sweep_20_exp_0_checkpoints.csv
0320200302020302002303233,0.0088552329740262,0.0002686327206902,5198239,results/ebbi/SC5_HBD_MWPM_2_5x/results/sweep_20_exp_0_checkpoints.csv
0320200302020302002303233,0.0087922850074365,0.0001784577762009,6213004,results/ebbi/SC5_HBD_MWPM_2_5x/results/sweep_20_exp_0_checkpoints.csv
0320200302020302002303233,0.0087922850074365,0.0001784577762009,7836112,results/ebbi/SC5_HBD_MWPM_2_5x/results/sweep_20_exp_0_checkpoints.csv
0320200302020302002303230,0.008850657287705,0.0001222038263222,9836750,results/ebbi/SC5_HBD_MWPM_2_5x/results/sweep_20_exp_0_checkpoints.csv
0320200302020302002303230,0.008850657287705,0.0001222038263222,12570226,results/ebbi/SC5_HBD_MWPM_2_5x/results/sweep_20_exp_0_checkpoints.csv
0302200303300302002300233,0.0085687038461674,0.0001735430996632,15798901,results/ebbi/SC5_HBD_MWPM_2_5x/results/sweep_20_exp_0_checkpoints.csv
0302200303300302002300233,0.0086439847414604,0.0001161985128419,19564457,results/ebbi/SC5_HBD_MWPM_2_5x/results/sweep_20_exp_0_checkpoints.csv
0302200300300302000300233,0.0084644618235497,0.0002567097835708,25270644,results/ebbi/SC5_HBD_MWPM_2_5x/results/sweep_20_exp_0_checkpoints.csv
3303230303300302002300030,0.0072501940778529,0.0002233583509223,30938984,results/ebbi/SC5_HBD_MWPM_2_5x/results/sweep_20_exp_0_checkpoints.csv
0303230303330302002303030,0.0066490711602882,9.154748840956016e-05,38915674,results/ebbi/SC5_HBD_MWPM_2_5x/results/sweep_20_exp_0_checkpoints.csv
0303330303330303032000030,0.006409812578891,0.0001302297896472,49271785,results/ebbi/SC5_HBD_MWPM_2_5x/results/sweep_20_exp_0_checkpoints.csv
0303330303330303032000030,0.0064148616484774,8.685402281116694e-05,62457029,results/ebbi/SC5_HBD_MWPM_2_5x/results/sweep_20_exp_0_checkpoints.csv
0303330303330303032000030,0.0063601660344725,5.765695823356509e-05,77903044,results/ebbi/SC5_HBD_MWPM_2_5x/results/sweep_20_exp_0_checkpoints.csv
0303230303330300033303030,0.005999959062113,0.0001235291565535,97792449,results/ebbi/SC5_HBD_MWPM_2_5x/results/sweep_20_exp_0_checkpoints.csv
0303030303330300033303030,0.0060010519244028,8.118582627503201e-05,123836036,results/ebbi/SC5_HBD_MWPM_2_5x/results/sweep_20_exp_0_checkpoints.csv
0303030303230300033303030,0.0058977831878889,7.926197577035055e-05,154933939,results/ebbi/SC5_HBD_MWPM_2_5x/results/sweep_20_exp_0_checkpoints.csv
0303030303030303030303000,0.0052140919872612,0.0001106985218939,195140077,results/ebbi/SC5_HBD_MWPM_2_5x/results/sweep_20_exp_0_checkpoints.csv
0303030303030303030303030,0.0052755228416135,4.740553777082823e-05,247075511,results/ebbi/SC5_HBD_MWPM_2_5x/results/sweep_20_exp_0_checkpoints.csv
0303030303030303030303030,0.0052755228416135,4.740553777082823e-05,308890860,results/ebbi/SC5_HBD_MWPM_2_5x/results/sweep_20_exp_0_checkpoints.csv
0303030303030303030303030,0.0052470239012901,3.15186771331355e-05,388943731,results/ebbi/SC5_HBD_MWPM_2_5x/results/sweep_20_exp_0_checkpoints.csv
0303030303030303030303030,0.0052470239012901,3.15186771331355e-05,489607042,results/ebbi/SC5_HBD_MWPM_2_5x/results/sweep_20_exp_0_checkpoints.csv
0303030303030303030303030,0.0052470239012901,3.15186771331355e-05,616509039,results/ebbi/SC5_HBD_MWPM_2_5x/results/sweep_20_exp_0_checkpoints.csv
0303030303030303030303030,0.0052470239012901,3.15186771331355e-05,775993599,results/ebbi/SC5_HBD_MWPM_2_5x/results/sweep_20_exp_0_checkpoints.csv
0303030303030303030303030,0.0052470239012901,3.15186771331355e-05,976780301,results/ebbi/SC5_HBD_MWPM_2_5x/results/sweep_20_exp_0_checkpoints.csv
0303030303030303030303030,0.0052470239012901,3.15186771331355e-05,1229982725,results/ebbi/SC5_HBD_MWPM_2_5x/results/sweep_20_exp_0_checkpoints.csv
0303030303030303030303030,0.0052470239012901,3.15186771331355e-05,1548285631,results/ebbi/SC5_HBD_MWPM_2_5x/results/sweep_20_exp_0_checkpoints.csv
0303030303030303030303030,0.0052470239012901,3.15186771331355e-05,1949086861,results/ebbi/SC5_HBD_MWPM_2_5x/results/sweep_20_exp_0_checkpoints.csv
0303030303030303030303030,0.0052470239012901,3.15186771331355e-05,2453579983,results/ebbi/SC5_HBD_MWPM_2_5x/results/sweep_20_exp_0_checkpoints.csv
0303030303030303030303030,0.0052470239012901,3.15186771331355e-05,3088989536,results/ebbi/SC5_HBD_MWPM_2_5x/results/sweep_20_exp_0_checkpoints.csv
0303030303030303030303030,0.0052470239012901,3.15186771331355e-05,3888795414,results/ebbi/SC5_HBD_MWPM_2_5x/results/sweep_20_exp_0_checkpoints.csv
0303030303030303030303030,0.0052470239012901,3.15186771331355e-05,4895617905,results/ebbi/SC5_HBD_MWPM_2_5x/results/sweep_20_exp_0_checkpoints.csv
0303030303030303030303030,0.0052470239012901,3.15186771331355e-05,6163119241,results/ebbi/SC5_HBD_MWPM_2_5x/results/sweep_20_exp_0_checkpoints.csv
0303030303030303030303030,0.0052470239012901,3.15186771331355e-05,7758849323,results/ebbi/SC5_HBD_MWPM_2_5x/results/sweep_20_exp_0_checkpoints.csv
0303030303030303030303030,0.0052470239012901,3.15186771331355e-05,9767799593,results/ebbi/SC5_HBD_MWPM_2_5x/results/sweep_20_exp_0_checkpoints.csv
0303030303030303030303030,0.0052470239012901,3.15186771331355e-05,12297019123,results/ebbi/SC5_HBD_MWPM_2_5x/results/sweep_20_exp_0_checkpoints.csv
0303030303030303030303030,0.0052470239012901,3.15186771331355e-05,15480925756,results/ebbi/SC5_HBD_MWPM_2_5x/results/sweep_20_exp_0_checkpoints.csv
0303030303030303030303030,0.0052470239012901,3.15186771331355e-05,19489174492,results/ebbi/SC5_HBD_MWPM_2_5x/results/sweep_20_exp_0_checkpoints.csv
0303030303030303030303030,0.0052470239012901,3.15186771331355e-05,24535470073,results/ebbi/SC5_HBD_MWPM_2_5x/results/sweep_20_exp_0_checkpoints.csv
0303030303030303030303030,0.0052470239012901,3.15186771331355e-05,30888294120,results/ebbi/SC5_HBD_MWPM_2_5x/results/sweep_20_exp_0_checkpoints.csv
0303030303030303030303030,0.0052470239012901,3.15186771331355e-05,38886078029,results/ebbi/SC5_HBD_MWPM_2_5x/results/sweep_20_exp_0_checkpoints.csv
0303030303030303030303030,0.0052470239012901,3.15186771331355e-05,48954605107,results/ebbi/SC5_HBD_MWPM_2_5x/results/sweep_20_exp_0_checkpoints.csv
0303030303030303030303030,0.0052470239012901,3.15186771331355e-05,61630274773,results/ebbi/SC5_HBD_MWPM_2_5x/results/sweep_20_exp_0_checkpoints.csv
0303030303030303030303030,0.0052470239012901,3.15186771331355e-05,77587943347,results/ebbi/SC5_HBD_MWPM_2_5x/results/sweep_20_exp_0_checkpoints.csv
0303030303030303030303030,0.0052470239012901,3.15186771331355e-05,97677341539,results/ebbi/SC5_HBD_MWPM_2_5x/results/sweep_20_exp_0_checkpoints.csv
0303030303030303030303030,0.0052470239012901,3.15186771331355e-05,100000000000,results/ebbi/SC5_HBD_MWPM_2_5x/results/sweep_20_exp_0_checkpoints.csv
2303000223303223330300232,0.0095659909888364,0.0003010514192283,592436,results/ebbi/SC5_HBD_MWPM_2_5x/results/sweep_11_exp_0_checkpoints.csv
2303000223303223330300232,0.0095659909888364,0.0003010514192283,1054021,results/ebbi/SC5_HBD_MWPM_2_5x/results/sweep_11_exp_0_checkpoints.csv
2303000223303223330300232,0.0095659909888364,0.0003010514192283,1265250,results/ebbi/SC5_HBD_MWPM_2_5x/results/sweep_11_exp_0_checkpoints.csv
2303000223303223330300232,0.0095659909888364,0.0003010514192283,1491159,results/ebbi/SC5_HBD_MWPM_2_5x/results/sweep_11_exp_0_checkpoints.csv
2303000223303223330300232,0.0095659909888364,0.0003010514192283,1876698,results/ebbi/SC5_HBD_MWPM_2_5x/results/sweep_11_exp_0_checkpoints.csv
2303000223303223330300232,0.0095659909888364,0.0003010514192283,2366964,results/ebbi/SC5_HBD_MWPM_2_5x/results/sweep_11_exp_0_checkpoints.csv
2303000223303223330300232,0.0095659909888364,0.0003010514192283,3061119,results/ebbi/SC5_HBD_MWPM_2_5x/results/sweep_11_exp_0_checkpoints.csv
2303000223303223330300232,0.0095659909888364,0.0003010514192283,3862526,results/ebbi/SC5_HBD_MWPM_2_5x/results/sweep_11_exp_0_checkpoints.csv
2303000223332223330300232,0.0096028998052369,0.0002928399480879,4764523,results/ebbi/SC5_HBD_MWPM_2_5x/results/sweep_11_exp_0_checkpoints.csv
2303000223332223330300232,0.0098184193547094,0.0001973854377865,5966727,results/ebbi/SC5_HBD_MWPM_2_5x/results/sweep_11_exp_0_checkpoints.csv
2303000223332223330300232,0.0098184193547094,0.0001973854377865,7837139,results/ebbi/SC5_HBD_MWPM_2_5x/results/sweep_11_exp_0_checkpoints.csv
2303000223332223330300232,0.0098184193547094,0.0001973854377865,9541846,results/ebbi/SC5_HBD_MWPM_2_5x/results/sweep_11_exp_0_checkpoints.csv
2302000023303203330300232,0.0099197977586099,0.0001322306343354,12064640,results/ebbi/SC5_HBD_MWPM_2_5x/results/sweep_11_exp_0_checkpoints.csv
2302000023303203330300232,0.0099197977586099,0.0001322306343354,15428758,results/ebbi/SC5_HBD_MWPM_2_5x/results/sweep_11_exp_0_checkpoints.csv
2303000023303203330300232,0.0098938673657943,8.795258327154443e-05,18941788,results/ebbi/SC5_HBD_MWPM_2_5x/results/sweep_11_exp_0_checkpoints.csv
0303000003303203030300232,0.0081499391427349,0.0002578331623226,23678840,results/ebbi/SC5_HBD_MWPM_2_5x/results/sweep_11_exp_0_checkpoints.csv
0303000303303300030300232,0.0074778972324206,0.0001563292753417,29708649,results/ebbi/SC5_HBD_MWPM_2_5x/results/sweep_11_exp_0_checkpoints.csv
0303000303303300030300033,0.007156479828415,0.0001471287978347,37381390,results/ebbi/SC5_HBD_MWPM_2_5x/results/sweep_11_exp_0_checkpoints.csv
0303000303303303030302033,0.0070581950519181,0.0002163299359381,47439332,results/ebbi/SC5_HBD_MWPM_2_5x/results/sweep_11_exp_0_checkpoints.csv
0303000303303303030302030,0.0067112345440997,9.318627417087556e-05,59617905,results/ebbi/SC5_HBD_MWPM_2_5x/results/sweep_11_exp_0_checkpoints.csv
0303300303330303030302030,0.0056894437397697,0.0001220119665958,74740170,results/ebbi/SC5_HBD_MWPM_2_5x/results/sweep_11_exp_0_checkpoints.csv
0303300303030303030302030,0.0056978301064756,7.758987339911982e-05,93979413,results/ebbi/SC5_HBD_MWPM_2_5x/results/sweep_11_exp_0_checkpoints.csv
3303300303030303030303030,0.0056981923646679,7.615955109940842e-05,118743527,results/ebbi/SC5_HBD_MWPM_2_5x/results/sweep_11_exp_0_checkpoints.csv
3303300303030303030303030,0.0056765882594359,5.067729944130406e-05,149315889,results/ebbi/SC5_HBD_MWPM_2_5x/results/sweep_11_exp_0_checkpoints.csv
0303030303030303030303030,0.0053023160012358,7.261897553689778e-05,187682997,results/ebbi/SC5_HBD_MWPM_2_5x/results/sweep_11_exp_0_checkpoints.csv
0303030303030303030303030,0.0052779934292825,4.83021249237936e-05,236646151,results/ebbi/SC5_HBD_MWPM_2_5x/results/sweep_11_exp_0_checkpoints.csv
0303030303030303030303030,0.0052793294599816,3.220548387616873e-05,297175130,results/ebbi/SC5_HBD_MWPM_2_5x/results/sweep_11_exp_0_checkpoints.csv
0303030303030303030303030,0.0052793294599816,3.220548387616873e-05,373939916,results/ebbi/SC5_HBD_MWPM_2_5x/results/sweep_11_exp_0_checkpoints.csv
0303030303030303030303030,0.0052793294599816,3.220548387616873e-05,470993579,results/ebbi/SC5_HBD_MWPM_2_5x/results/sweep_11_exp_0_checkpoints.csv
0303030303030303030303030,0.0052793294599816,3.220548387616873e-05,592604892,results/ebbi/SC5_HBD_MWPM_2_5x/results/sweep_11_exp_0_checkpoints.csv
0303030303030303030303030,0.0052793294599816,3.220548387616873e-05,746028633,results/ebbi/SC5_HBD_MWPM_2_5x/results/sweep_11_exp_0_checkpoints.csv
0303030303030303030303030,0.0052793294599816,3.220548387616873e-05,939012058,results/ebbi/SC5_HBD_MWPM_2_5x/results/sweep_11_exp_0_checkpoints.csv
0303030303030303030303030,0.0052793294599816,3.220548387616873e-05,1182074903,results/ebbi/SC5_HBD_MWPM_2_5x/results/sweep_11_exp_0_checkpoints.csv
0303030303030303030303030,0.0052793294599816,3.220548387616873e-05,1488332103,results/ebbi/SC5_HBD_MWPM_2_5x/results/sweep_11_exp_0_checkpoints.csv
0303030303030303030303030,0.0052793294599816,3.220548387616873e-05,1873505332,results/ebbi/SC5_HBD_MWPM_2_5x/results/sweep_11_exp_0_checkpoints.csv
0303030303030303030303030,0.0052793294599816,3.220548387616873e-05,2358638893,results/ebbi/SC5_HBD_MWPM_2_5x/results/sweep_11_exp_0_checkpoints.csv
0303030303030303030303030,0.0052793294599816,3.220548387616873e-05,2969316529,results/ebbi/SC5_HBD_MWPM_2_5x/results/sweep_11_exp_0_checkpoints.csv
0303030303030303030303030,0.0052793294599816,3.220548387616873e-05,3738075544,results/ebbi/SC5_HBD_MWPM_2_5x/results/sweep_11_exp_0_checkpoints.csv
0303030303030303030303030,0.0052793294599816,3.220548387616873e-05,4705981127,results/ebbi/SC5_HBD_MWPM_2_5x/results/sweep_11_exp_0_checkpoints.csv
0303030303030303030303030,0.0052793294599816,3.220548387616873e-05,5924489456,results/ebbi/SC5_HBD_MWPM_2_5x/results/sweep_11_exp_0_checkpoints.csv
0303030303030303030303030,0.0052793294599816,3.220548387616873e-05,7458360222,results/ebbi/SC5_HBD_MWPM_2_5x/results/sweep_11_exp_0_checkpoints.csv
0303030303030303030303030,0.0052793294599816,3.220548387616873e-05,9389632011,results/ebbi/SC5_HBD_MWPM_2_5x/results/sweep_11_exp_0_checkpoints.csv
0303030303030303030303030,0.0052793294599816,3.220548387616873e-05,11820849769,results/ebbi/SC5_HBD_MWPM_2_5x/results/sweep_11_exp_0_checkpoints.csv
0303030303030303030303030,0.0052793294599816,3.220548387616873e-05,14881480415,results/ebbi/SC5_HBD_MWPM_2_5x/results/sweep_11_exp_0_checkpoints.csv
0303030303030303030303030,0.0052793294599816,3.220548387616873e-05,18734525273,results/ebbi/SC5_HBD_MWPM_2_5x/results/sweep_11_exp_0_checkpoints.csv
0303030303030303030303030,0.0052793294599816,3.220548387616873e-05,23585415341,results/ebbi/SC5_HBD_MWPM_2_5x/results/sweep_11_exp_0_checkpoints.csv
0303030303030303030303030,0.0052793294599816,3.220548387616873e-05,29692257913,results/ebbi/SC5_HBD_MWPM_2_5x/results/sweep_11_exp_0_checkpoints.csv
0303030303030303030303030,0.0052793294599816,3.220548387616873e-05,37380347188,results/ebbi/SC5_HBD_MWPM_2_5x/results/sweep_11_exp_0_checkpoints.csv
0303030303030303030303030,0.0052793294599816,3.220548387616873e-05,47058878939,results/ebbi/SC5_HBD_MWPM_2_5x/results/sweep_11_exp_0_checkpoints.csv
0303030303030303030303030,0.0052793294599816,3.220548387616873e-05,59243726650,results/ebbi/SC5_HBD_MWPM_2_5x/results/sweep_11_exp_0_checkpoints.csv
0303030303030303030303030,0.0052793294599816,3.220548387616873e-05,74583431991,results/ebbi/SC5_HBD_MWPM_2_5x/results/sweep_11_exp_0_checkpoints.csv
0303030303030303030303030,0.0052793294599816,3.220548387616873e-05,93894903978,results/ebbi/SC5_HBD_MWPM_2_5x/results/sweep_11_exp_0_checkpoints.csv
0303030303030303030303030,0.0052793294599816,3.220548387616873e-05,100000000000,results/ebbi/SC5_HBD_MWPM_2_5x/results/sweep_11_exp_0_checkpoints.csv
2232220302233300020233030,0.0093382197476918,0.0002854775520972,752563,results/ebbi/SC5_HBD_MWPM_2_5x/results/sweep_18_exp_0_checkpoints.csv
2203230302233300020303030,0.0077401985529194,0.0002541962021496,1677727,results/ebbi/SC5_HBD_MWPM_2_5x/results/sweep_18_exp_0_checkpoints.csv
2203030302233300020303030,0.0069989083561081,0.0002319632912985,2382804,results/ebbi/SC5_HBD_MWPM_2_5x/results/sweep_18_exp_0_checkpoints.csv
2203030302233300020303030,0.0069989083561081,0.0002319632912985,3310839,results/ebbi/SC5_HBD_MWPM_2_5x/results/sweep_18_exp_0_checkpoints.csv
2203030302233300020303030,0.0069989083561081,0.0002319632912985,3928323,results/ebbi/SC5_HBD_MWPM_2_5x/results/sweep_18_exp_0_checkpoints.csv
2203030302233300030303030,0.0070098633206947,0.0001505775289842,4922133,results/ebbi/SC5_HBD_MWPM_2_5x/results/sweep_18_exp_0_checkpoints.csv
2203030302233300030003030,0.0069674531642028,0.000141992495628,6045257,results/ebbi/SC5_HBD_MWPM_2_5x/results/sweep_18_exp_0_checkpoints.csv
2203000302230300030303030,0.0065534954132001,0.0002052291820291,7966716,results/ebbi/SC5_HBD_MWPM_2_5x/results/sweep_18_exp_0_checkpoints.csv
2203030302230300030303030,0.0062786975410494,0.0001963602844625,9538794,results/ebbi/SC5_HBD_MWPM_2_5x/results/sweep_18_exp_0_checkpoints.csv
2203030302230300030303030,0.0062210747490283,0.0001303093595197,11992190,results/ebbi/SC5_HBD_MWPM_2_5x/results/sweep_18_exp_0_checkpoints.csv
2203030303030300030333030,0.0057351496533357,0.0001799425517674,15313852,results/ebbi/SC5_HBD_MWPM_2_5x/results/sweep_18_exp_0_checkpoints.csv
2203030303030300030333030,0.0057995447180734,0.0001206300003104,18983733,results/ebbi/SC5_HBD_MWPM_2_5x/results/sweep_18_exp_0_checkpoints.csv
2203030303030300030333030,0.0058618133036017,8.084820728981867e-05,24233301,results/ebbi/SC5_HBD_MWPM_2_5x/results/sweep_18_exp_0_checkpoints.csv
2203030303030300030333030,0.0058618133036017,8.084820728981867e-05,31275983,results/ebbi/SC5_HBD_MWPM_2_5x/results/sweep_18_exp_0_checkpoints.csv
2303030300030300030303030,0.0058046832929456,7.790834206389263e-05,38360150,results/ebbi/SC5_HBD_MWPM_2_5x/results/sweep_18_exp_0_checkpoints.csv
2303030300030300030303030,0.0057800333853606,5.18291890330147e-05,47601302,results/ebbi/SC5_HBD_MWPM_2_5x/results/sweep_18_exp_0_checkpoints.csv
2303030303030300030300030,0.0054444767080101,0.0001675617531873,59800412,results/ebbi/SC5_HBD_MWPM_2_5x/results/sweep_18_exp_0_checkpoints.csv
2303030303030300030303030,0.0055026393893658,7.51356637920253e-05,75536555,results/ebbi/SC5_HBD_MWPM_2_5x/results/sweep_18_exp_0_checkpoints.csv
2303030303030300030303030,0.0055026393893658,7.51356637920253e-05,95763954,results/ebbi/SC5_HBD_MWPM_2_5x/results/sweep_18_exp_0_checkpoints.csv
2303030303030300030303030,0.0055170902335169,5.015586066292599e-05,119753500,results/ebbi/SC5_HBD_MWPM_2_5x/results/sweep_18_exp_0_checkpoints.csv
2303030303030300030303030,0.0055231562359967,3.345552977407351e-05,150157388,results/ebbi/SC5_HBD_MWPM_2_5x/results/sweep_18_exp_0_checkpoints.csv
0303030303030300030303030,0.0054512519922825,4.866918970947154e-05,189096645,results/ebbi/SC5_HBD_MWPM_2_5x/results/sweep_18_exp_0_checkpoints.csv
0303330303030303030303030,0.0051931456242583,7.045338134048507e-05,238317656,results/ebbi/SC5_HBD_MWPM_2_5x/results/sweep_18_exp_0_checkpoints.csv
0303330303030303030303030,0.0051931456242583,7.045338134048507e-05,299727456,results/ebbi/SC5_HBD_MWPM_2_5x/results/sweep_18_exp_0_checkpoints.csv
0303330303030303030303030,0.0051931456242583,7.045338134048507e-05,377382187,results/ebbi/SC5_HBD_MWPM_2_5x/results/sweep_18_exp_0_checkpoints.csv
0303330303030303030303030,0.0051931456242583,7.045338134048507e-05,474999107,results/ebbi/SC5_HBD_MWPM_2_5x/results/sweep_18_exp_0_checkpoints.csv
0303330303030303030303030,0.0051931456242583,7.045338134048507e-05,597787961,results/ebbi/SC5_HBD_MWPM_2_5x/results/sweep_18_exp_0_checkpoints.csv
0303330303030303030303030,0.0051931456242583,7.045338134048507e-05,752822483,results/ebbi/SC5_HBD_MWPM_2_5x/results/sweep_18_exp_0_checkpoints.csv
0303330303030303030303030,0.0051931456242583,7.045338134048507e-05,947629427,results/ebbi/SC5_HBD_MWPM_2_5x/results/sweep_18_exp_0_checkpoints.csv
0303330303030303030303030,0.0051931456242583,7.045338134048507e-05,1193008190,results/ebbi/SC5_HBD_MWPM_2_5x/results/sweep_18_exp_0_checkpoints.csv
0303330303030303030303030,0.0051931456242583,7.045338134048507e-05,1501691252,results/ebbi/SC5_HBD_MWPM_2_5x/results/sweep_18_exp_0_checkpoints.csv
0303330303030303030303030,0.0051931456242583,7.045338134048507e-05,1890469571,results/ebbi/SC5_HBD_MWPM_2_5x/results/sweep_18_exp_0_checkpoints.csv
0303330303030303030303030,0.0051931456242583,7.045338134048507e-05,2379993638,results/ebbi/SC5_HBD_MWPM_2_5x/results/sweep_18_exp_0_checkpoints.csv
0303330303030303030303030,0.0051931456242583,7.045338134048507e-05,2996099777,results/ebbi/SC5_HBD_MWPM_2_5x/results/sweep_18_exp_0_checkpoints.csv
0303330303030303030303030,0.0051931456242583,7.045338134048507e-05,3771852647,results/ebbi/SC5_HBD_MWPM_2_5x/results/sweep_18_exp_0_checkpoints.csv
0303330303030303030303030,0.0051931456242583,7.045338134048507e-05,4748420600,results/ebbi/SC5_HBD_MWPM_2_5x/results/sweep_18_exp_0_checkpoints.csv
0303330303030303030303030,0.0051931456242583,7.045338134048507e-05,5977953752,results/ebbi/SC5_HBD_MWPM_2_5x/results/sweep_18_exp_0_checkpoints.csv
0303330303030303030303030,0.0051931456242583,7.045338134048507e-05,7525798904,results/ebbi/SC5_HBD_MWPM_2_5x/results/sweep_18_exp_0_checkpoints.csv
0303330303030303030303030,0.0051931456242583,7.045338134048507e-05,9474332549,results/ebbi/SC5_HBD_MWPM_2_5x/results/sweep_18_exp_0_checkpoints.csv
0303330303030303030303030,0.0051931456242583,7.045338134048507e-05,11927523344,results/ebbi/SC5_HBD_MWPM_2_5x/results/sweep_18_exp_0_checkpoints.csv
0303330303030303030303030,0.0051931456242583,7.045338134048507e-05,15015733316,results/ebbi/SC5_HBD_MWPM_2_5x/results/sweep_18_exp_0_checkpoints.csv
0303330303030303030303030,0.0051931456242583,7.045338134048507e-05,18903662399,results/ebbi/SC5_HBD_MWPM_2_5x/results/sweep_18_exp_0_checkpoints.csv
0303330303030303030303030,0.0051931456242583,7.045338134048507e-05,23798292971,results/ebbi/SC5_HBD_MWPM_2_5x/results/sweep_18_exp_0_checkpoints.csv
0303330303030303030303030,0.0051931456242583,7.045338134048507e-05,29960282771,results/ebbi/SC5_HBD_MWPM_2_5x/results/sweep_18_exp_0_checkpoints.csv
0303330303030303030303030,0.0051931456242583,7.045338134048507e-05,37717599263,results/ebbi/SC5_HBD_MWPM_2_5x/results/sweep_18_exp_0_checkpoints.csv
0303330303030303030303030,0.0051931456242583,7.045338134048507e-05,47483517527,results/ebbi/SC5_HBD_MWPM_2_5x/results/sweep_18_exp_0_checkpoints.csv
0303330303030303030303030,0.0051931456242583,7.045338134048507e-05,59778265475,results/ebbi/SC5_HBD_MWPM_2_5x/results/sweep_18_exp_0_checkpoints.csv
0303330303030303030303030,0.0051931456242583,7.045338134048507e-05,75256504787,results/ebbi/SC5_HBD_MWPM_2_5x/results/sweep_18_exp_0_checkpoints.csv
0303330303030303030303030,0.0051931456242583,7.045338134048507e-05,94742133023,results/ebbi/SC5_HBD_MWPM_2_5x/results/sweep_18_exp_0_checkpoints.csv
0303330303030303030303030,0.0051931456242583,7.045338134048507e-05,100000000000,results/ebbi/SC5_HBD_MWPM_2_5x/results/sweep_18_exp_0_checkpoints.csv
3203030323300320000033032,0.0081470537855429,0.0002941233979072,763293,results/ebbi/SC5_HBD_MWPM_2_5x/results/sweep_9_exp_0_checkpoints.csv
3203030333300300000033033,0.007401882494102,0.0002440572861814,1649671,results/ebbi/SC5_HBD_MWPM_2_5x/results/sweep_9_exp_0_checkpoints.csv
3203030333300300000033033,0.007401882494102,0.0002440572861814,2244052,results/ebbi/SC5_HBD_MWPM_2_5x/results/sweep_9_exp_0_checkpoints.csv
3203030333300300000033033,0.007401882494102,0.0002440572861814,2520130,results/ebbi/SC5_HBD_MWPM_2_5x/results/sweep_9_exp_0_checkpoints.csv
3203030333300300000033033,0.007401882494102,0.0002440572861814,3116646,results/ebbi/SC5_HBD_MWPM_2_5x/results/sweep_9_exp_0_checkpoints.csv
3203030333300300000033033,0.007401882494102,0.0002440572861814,3908486,results/ebbi/SC5_HBD_MWPM_2_5x/results/sweep_9_exp_0_checkpoints.csv
3202330333330300000033033,0.0074878764675855,0.0001539817894808,4890522,results/ebbi/SC5_HBD_MWPM_2_5x/results/sweep_9_exp_0_checkpoints.csv
3202330333330300000033033,0.0074878764675855,0.0001539817894808,6073447,results/ebbi/SC5_HBD_MWPM_2_5x/results/sweep_9_exp_0_checkpoints.csv
3202330333330300000033033,0.0074878764675855,0.0001539817894808,7720122,results/ebbi/SC5_HBD_MWPM_2_5x/results/sweep_9_exp_0_checkpoints.csv
3202330333330300000033033,0.0074878764675855,0.0001539817894808,9904615,results/ebbi/SC5_HBD_MWPM_2_5x/results/sweep_9_exp_0_checkpoints.csv
3202330333330300000033033,0.0074878764675855,0.0001539817894808,12098085,results/ebbi/SC5_HBD_MWPM_2_5x/results/sweep_9_exp_0_checkpoints.csv
3202330333330300000203030,0.0073318643006647,0.0001494540629209,15753424,results/ebbi/SC5_HBD_MWPM_2_5x/results/sweep_9_exp_0_checkpoints.csv
3202330333330303000203030,0.0071345169306308,0.0001456287427572,19372110,results/ebbi/SC5_HBD_MWPM_2_5x/results/sweep_9_exp_0_checkpoints.csv
3202330333330303000203030,0.007071002767724,9.665604738984256e-05,24197011,results/ebbi/SC5_HBD_MWPM_2_5x/results/sweep_9_exp_0_checkpoints.csv
2202330303330303000203030,0.0067604824813325,0.0001388675736961,30398376,results/ebbi/SC5_HBD_MWPM_2_5x/results/sweep_9_exp_0_checkpoints.csv
2202330303330303000003030,0.0068074148457088,9.127094381256028e-05,39019777,results/ebbi/SC5_HBD_MWPM_2_5x/results/sweep_9_exp_0_checkpoints.csv
2202030303330303000003030,0.0062844964205694,0.0001306282210862,48541449,results/ebbi/SC5_HBD_MWPM_2_5x/results/sweep_9_exp_0_checkpoints.csv
2202030303030303000303030,0.00617504435929,8.422535029239953e-05,60864943,results/ebbi/SC5_HBD_MWPM_2_5x/results/sweep_9_exp_0_checkpoints.csv
3002030303030303000303030,0.0060159562282743,8.13494116300717e-05,76404852,results/ebbi/SC5_HBD_MWPM_2_5x/results/sweep_9_exp_0_checkpoints.csv
2303330303030303000303030,0.0055413784000399,0.0001144808120443,96713691,results/ebbi/SC5_HBD_MWPM_2_5x/results/sweep_9_exp_0_checkpoints.csv
3303030303030303030303030,0.0052693416093992,0.0001077938650269,121033709,results/ebbi/SC5_HBD_MWPM_2_5x/results/sweep_9_exp_0_checkpoints.csv
0303030303030303030303030,0.0051828556439222,7.038580224616453e-05,152478582,results/ebbi/SC5_HBD_MWPM_2_5x/results/sweep_9_exp_0_checkpoints.csv
0303030303030303030303030,0.0051828556439222,7.038580224616453e-05,191804832,results/ebbi/SC5_HBD_MWPM_2_5x/results/sweep_9_exp_0_checkpoints.csv
0303030303030303030303030,0.0052125415303673,4.7057397750904784e-05,241509956,results/ebbi/SC5_HBD_MWPM_2_5x/results/sweep_9_exp_0_checkpoints.csv
0303030303030303030303030,0.0052125415303673,4.7057397750904784e-05,304411031,results/ebbi/SC5_HBD_MWPM_2_5x/results/sweep_9_exp_0_checkpoints.csv
0303030303030303030303030,0.0052125415303673,4.7057397750904784e-05,382882592,results/ebbi/SC5_HBD_MWPM_2_5x/results/sweep_9_exp_0_checkpoints.csv
0303030303030303030303030,0.0052125415303673,4.7057397750904784e-05,481801942,results/ebbi/SC5_HBD_MWPM_2_5x/results/sweep_9_exp_0_checkpoints.csv
0303030303030303030303030,0.0052125415303673,4.7057397750904784e-05,606313138,results/ebbi/SC5_HBD_MWPM_2_5x/results/sweep_9_exp_0_checkpoints.csv
0303030303030303030303030,0.0052125415303673,4.7057397750904784e-05,763328711,results/ebbi/SC5_HBD_MWPM_2_5x/results/sweep_9_exp_0_checkpoints.csv
0303030303030303030303030,0.0052125415303673,4.7057397750904784e-05,961062027,results/ebbi/SC5_HBD_MWPM_2_5x/results/sweep_9_exp_0_checkpoints.csv
0303030303030303030303030,0.0052125415303673,4.7057397750904784e-05,1209834132,results/ebbi/SC5_HBD_MWPM_2_5x/results/sweep_9_exp_0_checkpoints.csv
0303030303030303030303030,0.0052125415303673,4.7057397750904784e-05,1523048553,results/ebbi/SC5_HBD_MWPM_2_5x/results/sweep_9_exp_0_checkpoints.csv
0303030303030303030303030,0.0052125415303673,4.7057397750904784e-05,1917342789,results/ebbi/SC5_HBD_MWPM_2_5x/results/sweep_9_exp_0_checkpoints.csv
0303030303030303030303030,0.0052125415303673,4.7057397750904784e-05,2413780467,results/ebbi/SC5_HBD_MWPM_2_5x/results/sweep_9_exp_0_checkpoints.csv
0303030303030303030303030,0.0052125415303673,4.7057397750904784e-05,3038799798,results/ebbi/SC5_HBD_MWPM_2_5x/results/sweep_9_exp_0_checkpoints.csv
0303030303030303030303030,0.0052125415303673,4.7057397750904784e-05,3825715299,results/ebbi/SC5_HBD_MWPM_2_5x/results/sweep_9_exp_0_checkpoints.csv
0303030303030303030303030,0.0052125415303673,4.7057397750904784e-05,4816061439,results/ebbi/SC5_HBD_MWPM_2_5x/results/sweep_9_exp_0_checkpoints.csv
0303030303030303030303030,0.0052125415303673,4.7057397750904784e-05,6063083484,results/ebbi/SC5_HBD_MWPM_2_5x/results/sweep_9_exp_0_checkpoints.csv
0303030303030303030303030,0.0052125415303673,4.7057397750904784e-05,7633133835,results/ebbi/SC5_HBD_MWPM_2_5x/results/sweep_9_exp_0_checkpoints.csv
0303030303030303030303030,0.0052125415303673,4.7057397750904784e-05,9609334122,results/ebbi/SC5_HBD_MWPM_2_5x/results/sweep_9_exp_0_checkpoints.csv
0303030303030303030303030,0.0052125415303673,4.7057397750904784e-05,12097410843,results/ebbi/SC5_HBD_MWPM_2_5x/results/sweep_9_exp_0_checkpoints.csv
0303030303030303030303030,0.0052125415303673,4.7057397750904784e-05,15229739475,results/ebbi/SC5_HBD_MWPM_2_5x/results/sweep_9_exp_0_checkpoints.csv
0303030303030303030303030,0.0052125415303673,4.7057397750904784e-05,19173103371,results/ebbi/SC5_HBD_MWPM_2_5x/results/sweep_9_exp_0_checkpoints.csv
0303030303030303030303030,0.0052125415303673,4.7057397750904784e-05,24137480151,results/ebbi/SC5_HBD_MWPM_2_5x/results/sweep_9_exp_0_checkpoints.csv
0303030303030303030303030,0.0052125415303673,4.7057397750904784e-05,30387436347,results/ebbi/SC5_HBD_MWPM_2_5x/results/sweep_9_exp_0_checkpoints.csv
0303030303030303030303030,0.0052125415303673,4.7057397750904784e-05,38255353095,results/ebbi/SC5_HBD_MWPM_2_5x/results/sweep_9_exp_0_checkpoints.csv
0303030303030303030303030,0.0052125415303673,4.7057397750904784e-05,48160553331,results/ebbi/SC5_HBD_MWPM_2_5x/results/sweep_9_exp_0_checkpoints.csv
0303030303030303030303030,0.0052125415303673,4.7057397750904784e-05,60630536667,results/ebbi/SC5_HBD_MWPM_2_5x/results/sweep_9_exp_0_checkpoints.csv
0303030303030303030303030,0.0052125415303673,4.7057397750904784e-05,76329498936,results/ebbi/SC5_HBD_MWPM_2_5x/results/sweep_9_exp_0_checkpoints.csv
0303030303030303030303030,0.0052125415303673,4.7057397750904784e-05,96093003528,results/ebbi/SC5_HBD_MWPM_2_5x/results/sweep_9_exp_0_checkpoints.csv
0303030303030303030303030,0.0052125415303673,4.7057397750904784e-05,100000000000,results/ebbi/SC5_HBD_MWPM_2_5x/results/sweep_9_exp_0_checkpoints.csv
2000300300020200332332003,0.0100237817089452,0.0003217214543838,710593,results/ebbi/SC5_HBD_MWPM_2_5x/results/sweep_3_exp_0_checkpoints.csv
3030300300020200332332023,0.0096264299615512,0.0003008456551469,1379888,results/ebbi/SC5_HBD_MWPM_2_5x/results/sweep_3_exp_0_checkpoints.csv
3000300300020200032332003,0.0095202237521514,0.0002907406596932,1553938,results/ebbi/SC5_HBD_MWPM_2_5x/results/sweep_3_exp_0_checkpoints.csv
3000300300020200032332003,0.0095202237521514,0.0002907406596932,1834283,results/ebbi/SC5_HBD_MWPM_2_5x/results/sweep_3_exp_0_checkpoints.csv
3000300300020200032332003,0.0095202237521514,0.0002907406596932,2266426,results/ebbi/SC5_HBD_MWPM_2_5x/results/sweep_3_exp_0_checkpoints.csv
3000300300020200032332003,0.0095202237521514,0.0002907406596932,2911712,results/ebbi/SC5_HBD_MWPM_2_5x/results/sweep_3_exp_0_checkpoints.csv
3000300300020200032332002,0.0091813849172974,0.000282307708403,3738390,results/ebbi/SC5_HBD_MWPM_2_5x/results/sweep_3_exp_0_checkpoints.csv
3000300300020200030332003,0.0086085201832558,0.0002718667092267,4512805,results/ebbi/SC5_HBD_MWPM_2_5x/results/sweep_3_exp_0_checkpoints.csv
3300000300020200030333003,0.0073070446802678,0.000238345368416,5865962,results/ebbi/SC5_HBD_MWPM_2_5x/results/sweep_3_exp_0_checkpoints.csv
3300000300020300030333003,0.0071544528567529,0.0002258843014715,7131695,results/ebbi/SC5_HBD_MWPM_2_5x/results/sweep_3_exp_0_checkpoints.csv
0300000300020300030333000,0.0069580020401132,0.0002160470176022,9087721,results/ebbi/SC5_HBD_MWPM_2_5x/results/sweep_3_exp_0_checkpoints.csv
3303300303030300030333003,0.0061345027757357,0.0001965640694834,11285594,results/ebbi/SC5_HBD_MWPM_2_5x/results/sweep_3_exp_0_checkpoints.csv
3303300303030300030333003,0.0061345027757357,0.0001965640694834,14390849,results/ebbi/SC5_HBD_MWPM_2_5x/results/sweep_3_exp_0_checkpoints.csv
3303330303030300030333003,0.0061369332704667,8.699361205799505e-05,18538186,results/ebbi/SC5_HBD_MWPM_2_5x/results/sweep_3_exp_0_checkpoints.csv
3303330303030300030333003,0.0061369332704667,8.699361205799505e-05,22941333,results/ebbi/SC5_HBD_MWPM_2_5x/results/sweep_3_exp_0_checkpoints.csv
3303330303030300030333003,0.0061369332704667,8.699361205799505e-05,28997463,results/ebbi/SC5_HBD_MWPM_2_5x/results/sweep_3_exp_0_checkpoints.csv
3303330303030300030333023,0.0056618664714561,0.0001794352720025,35621241,results/ebbi/SC5_HBD_MWPM_2_5x/results/sweep_3_exp_0_checkpoints.csv
0303330303030300030333033,0.0056826080911997,0.0001184368302347,45000830,results/ebbi/SC5_HBD_MWPM_2_5x/results/sweep_3_exp_0_checkpoints.csv
0303030303030300030333030,0.0056299617697989,7.651149644516408e-05,56559116,results/ebbi/SC5_HBD_MWPM_2_5x/results/sweep_3_exp_0_checkpoints.csv
0303030303030300030333030,0.0056299617697989,7.651149644516408e-05,71285479,results/ebbi/SC5_HBD_MWPM_2_5x/results/sweep_3_exp_0_checkpoints.csv
0303030303030300030333030,0.0056197451409328,5.096167660667561e-05,90373324,results/ebbi/SC5_HBD_MWPM_2_5x/results/sweep_3_exp_0_checkpoints.csv
0303030303030300030323030,0.0056091156017897,5.014501584810205e-05,112748625,results/ebbi/SC5_HBD_MWPM_2_5x/results/sweep_3_exp_0_checkpoints.csv
0303030303030333030303033,0.0054118793469251,7.227833702927455e-05,142390776,results/ebbi/SC5_HBD_MWPM_2_5x/results/sweep_3_exp_0_checkpoints.csv
0303030303030303030303033,0.0053721543039551,4.868226096732542e-05,179460683,results/ebbi/SC5_HBD_MWPM_2_5x/results/sweep_3_exp_0_checkpoints.csv
0303030303030303030303033,0.0053987701519982,3.253471732023172e-05,224747659,results/ebbi/SC5_HBD_MWPM_2_5x/results/sweep_3_exp_0_checkpoints.csv
0303030303030303030303030,0.005223429603027,7.071285654092208e-05,282936526,results/ebbi/SC5_HBD_MWPM_2_5x/results/sweep_3_exp_0_checkpoints.csv
0303030303030303030303030,0.0052482931166953,3.1502295314567164e-05,356190772,results/ebbi/SC5_HBD_MWPM_2_5x/results/sweep_3_exp_0_checkpoints.csv
0303030303030303030303030,0.0052482931166953,3.1502295314567164e-05,448508808,results/ebbi/SC5_HBD_MWPM_2_5x/results/sweep_3_exp_0_checkpoints.csv
0303030303030303030303030,0.0052482931166953,3.1502295314567164e-05,564473039,results/ebbi/SC5_HBD_MWPM_2_5x/results/sweep_3_exp_0_checkpoints.csv
0303030303030303030303030,0.0052482931166953,3.1502295314567164e-05,710664024,results/ebbi/SC5_HBD_MWPM_2_5x/results/sweep_3_exp_0_checkpoints.csv
0303030303030303030303030,0.0052482931166953,3.1502295314567164e-05,894614553,results/ebbi/SC5_HBD_MWPM_2_5x/results/sweep_3_exp_0_checkpoints.csv
0303030303030303030303030,0.0052482931166953,3.1502295314567164e-05,1126277792,results/ebbi/SC5_HBD_MWPM_2_5x/results/sweep_3_exp_0_checkpoints.csv
0303030303030303030303030,0.0052482931166953,3.1502295314567164e-05,1418005268,results/ebbi/SC5_HBD_MWPM_2_5x/results/sweep_3_exp_0_checkpoints.csv
0303030303030303030303030,0.0052482931166953,3.1502295314567164e-05,1784974827,results/ebbi/SC5_HBD_MWPM_2_5x/results/sweep_3_exp_0_checkpoints.csv
0303030303030303030303030,0.0052482931166953,3.1502295314567164e-05,2247207731,results/ebbi/SC5_HBD_MWPM_2_5x/results/sweep_3_exp_0_checkpoints.csv
0303030303030303030303030,0.0052482931166953,3.1502295314567164e-05,2829100039,results/ebbi/SC5_HBD_MWPM_2_5x/results/sweep_3_exp_0_checkpoints.csv
0303030303030303030303030,0.0052482931166953,3.1502295314567164e-05,3561549038,results/ebbi/SC5_HBD_MWPM_2_5x/results/sweep_3_exp_0_checkpoints.csv
0303030303030303030303030,0.0052482931166953,3.1502295314567164e-05,4483693927,results/ebbi/SC5_HBD_MWPM_2_5x/results/sweep_3_exp_0_checkpoints.csv
0303030303030303030303030,0.0052482931166953,3.1502295314567164e-05,5644630146,results/ebbi/SC5_HBD_MWPM_2_5x/results/sweep_3_exp_0_checkpoints.csv
0303030303030303030303030,0.0052482931166953,3.1502295314567164e-05,7106139070,results/ebbi/SC5_HBD_MWPM_2_5x/results/sweep_3_exp_0_checkpoints.csv
0303030303030303030303030,0.0052482931166953,3.1502295314567164e-05,8945879325,results/ebbi/SC5_HBD_MWPM_2_5x/results/sweep_3_exp_0_checkpoints.csv
0303030303030303030303030,0.0052482931166953,3.1502295314567164e-05,11262318702,results/ebbi/SC5_HBD_MWPM_2_5x/results/sweep_3_exp_0_checkpoints.csv
0303030303030303030303030,0.0052482931166953,3.1502295314567164e-05,14178360627,results/ebbi/SC5_HBD_MWPM_2_5x/results/sweep_3_exp_0_checkpoints.csv
0303030303030303030303030,0.0052482931166953,3.1502295314567164e-05,17849441012,results/ebbi/SC5_HBD_MWPM_2_5x/results/sweep_3_exp_0_checkpoints.csv
0303030303030303030303030,0.0052482931166953,3.1502295314567164e-05,22471031677,results/ebbi/SC5_HBD_MWPM_2_5x/results/sweep_3_exp_0_checkpoints.csv
0303030303030303030303030,0.0052482931166953,3.1502295314567164e-05,28289427388,results/ebbi/SC5_HBD_MWPM_2_5x/results/sweep_3_exp_0_checkpoints.csv
0303030303030303030303030,0.0052482931166953,3.1502295314567164e-05,35614102121,results/ebbi/SC5_HBD_MWPM_2_5x/results/sweep_3_exp_0_checkpoints.csv
0303030303030303030303030,0.0052482931166953,3.1502295314567164e-05,44835392931,results/ebbi/SC5_HBD_MWPM_2_5x/results/sweep_3_exp_0_checkpoints.csv
0303030303030303030303030,0.0052482931166953,3.1502295314567164e-05,56444557457,results/ebbi/SC5_HBD_MWPM_2_5x/results/sweep_3_exp_0_checkpoints.csv
0303030303030303030303030,0.0052482931166953,3.1502295314567164e-05,71059304084,results/ebbi/SC5_HBD_MWPM_2_5x/results/sweep_3_exp_0_checkpoints.csv
0303030303030303030303030,0.0052482931166953,3.1502295314567164e-05,89458473906,results/ebbi/SC5_HBD_MWPM_2_5x/results/sweep_3_exp_0_checkpoints.csv
0303030303030303030303030,0.0052482931166953,3.1502295314567164e-05,100000000000,results/ebbi/SC5_HBD_MWPM_2_5x/results/sweep_3_exp_0_checkpoints.csv
0303323002330200030332022,0.0088244201468299,0.0003022253222297,690754,results/ebbi/SC5_HBD_MWPM_2_5x/results/sweep_12_exp_0_checkpoints.csv
0303333002330200030032022,0.0086538106320883,0.0002814804611261,1588098,results/ebbi/SC5_HBD_MWPM_2_5x/results/sweep_12_exp_0_checkpoints.csv
0203333003330200030032022,0.0086231212475319,0.0002624763874337,1899840,results/ebbi/SC5_HBD_MWPM_2_5x/results/sweep_12_exp_0_checkpoints.csv
0303323002330200030332022,0.0086238106289162,0.0001992024190258,2209260,results/ebbi/SC5_HBD_MWPM_2_5x/results/sweep_12_exp_0_checkpoints.csv
0303323002330200030332022,0.0086238106289162,0.0001992024190258,2789148,results/ebbi/SC5_HBD_MWPM_2_5x/results/sweep_12_exp_0_checkpoints.csv
0303323002330200030332022,0.0086238106289162,0.0001992024190258,3601774,results/ebbi/SC5_HBD_MWPM_2_5x/results/sweep_12_exp_0_checkpoints.csv
0303323002330200030332022,0.008618697912369,0.0001327630889136,4643491,results/ebbi/SC5_HBD_MWPM_2_5x/results/sweep_12_exp_0_checkpoints.csv
0303323002330200030332022,0.008618697912369,0.0001327630889136,5500834,results/ebbi/SC5_HBD_MWPM_2_5x/results/sweep_12_exp_0_checkpoints.csv
0303323002330200030332022,0.008618697912369,0.0001327630889136,6953433,results/ebbi/SC5_HBD_MWPM_2_5x/results/sweep_12_exp_0_checkpoints.csv
0303320003330000030302020,0.0074368166869129,0.0002338286285521,9060127,results/ebbi/SC5_HBD_MWPM_2_5x/results/sweep_12_exp_0_checkpoints.csv
3333320003330300030302000,0.0067415286070143,0.0002100633428199,11358071,results/ebbi/SC5_HBD_MWPM_2_5x/results/sweep_12_exp_0_checkpoints.csv
3303320003330300030300000,0.0067587396462816,0.0001417838211636,13893086,results/ebbi/SC5_HBD_MWPM_2_5x/results/sweep_12_exp_0_checkpoints.csv
0303320303330300030300003,0.0066387729716162,0.0001348661025986,17730841,results/ebbi/SC5_HBD_MWPM_2_5x/results/sweep_12_exp_0_checkpoints.csv
0303320303230300030300003,0.0066128007262823,8.917207014746964e-05,22254362,results/ebbi/SC5_HBD_MWPM_2_5x/results/sweep_12_exp_0_checkpoints.csv
0303320303330300030300003,0.0065704552614514,8.945020817918703e-05,28003591,results/ebbi/SC5_HBD_MWPM_2_5x/results/sweep_12_exp_0_checkpoints.csv
0303320303330302030300032,0.0062703218685678,0.0001928063429659,34650543,results/ebbi/SC5_HBD_MWPM_2_5x/results/sweep_12_exp_0_checkpoints.csv
0303320303330302030300032,0.0062943260321822,8.585519390180707e-05,43867484,results/ebbi/SC5_HBD_MWPM_2_5x/results/sweep_12_exp_0_checkpoints.csv
0303320303330302030300032,0.0062943260321822,8.585519390180707e-05,55034935,results/ebbi/SC5_HBD_MWPM_2_5x/results/sweep_12_exp_0_checkpoints.csv
0300320303330303030300033,0.0062833765127545,8.443536353297532e-05,69406284,results/ebbi/SC5_HBD_MWPM_2_5x/results/sweep_12_exp_0_checkpoints.csv
0300320303030303030303033,0.0058582898722153,8.076885569607839e-05,87267450,results/ebbi/SC5_HBD_MWPM_2_5x/results/sweep_12_exp_0_checkpoints.csv
0300300303030303030303033,0.0057956292671292,7.83283612690866e-05,109766564,results/ebbi/SC5_HBD_MWPM_2_5x/results/sweep_12_exp_0_checkpoints.csv
0303330303030303030303033,0.0054142577516701,7.452126010321081e-05,138057045,results/ebbi/SC5_HBD_MWPM_2_5x/results/sweep_12_exp_0_checkpoints.csv
0303030303030303030303032,0.0053599763648423,7.221791747724637e-05,174153149,results/ebbi/SC5_HBD_MWPM_2_5x/results/sweep_12_exp_0_checkpoints.csv
0303230303030303030303030,0.0051153052528669,0.0001049160418915,218495698,results/ebbi/SC5_HBD_MWPM_2_5x/results/sweep_12_exp_0_checkpoints.csv
0303030303030303030303030,0.005271365247845,4.752671884489246e-05,276715254,results/ebbi/SC5_HBD_MWPM_2_5x/results/sweep_12_exp_0_checkpoints.csv
0303030303030303030303030,0.005270171179571,3.168092007399537e-05,346294078,results/ebbi/SC5_HBD_MWPM_2_5x/results/sweep_12_exp_0_checkpoints.csv
0303030303030303030303030,0.005270171179571,3.168092007399537e-05,436079071,results/ebbi/SC5_HBD_MWPM_2_5x/results/sweep_12_exp_0_checkpoints.csv
0303030303030303030303030,0.005270171179571,3.168092007399537e-05,548879598,results/ebbi/SC5_HBD_MWPM_2_5x/results/sweep_12_exp_0_checkpoints.csv
0303030303030303030303030,0.005270171179571,3.168092007399537e-05,690880328,results/ebbi/SC5_HBD_MWPM_2_5x/results/sweep_12_exp_0_checkpoints.csv
0303030303030303030303030,0.005270171179571,3.168092007399537e-05,869735835,results/ebbi/SC5_HBD_MWPM_2_5x/results/sweep_12_exp_0_checkpoints.csv
0303030303030303030303030,0.005270171179571,3.168092007399537e-05,1094964934,results/ebbi/SC5_HBD_MWPM_2_5x/results/sweep_12_exp_0_checkpoints.csv
0303030303030303030303030,0.005270171179571,3.168092007399537e-05,1378389988,results/ebbi/SC5_HBD_MWPM_2_5x/results/sweep_12_exp_0_checkpoints.csv
0303030303030303030303030,0.005270171179571,3.168092007399537e-05,1735340966,results/ebbi/SC5_HBD_MWPM_2_5x/results/sweep_12_exp_0_checkpoints.csv
0303030303030303030303030,0.005270171179571,3.168092007399537e-05,2184541698,results/ebbi/SC5_HBD_MWPM_2_5x/results/sweep_12_exp_0_checkpoints.csv
0303030303030303030303030,0.005270171179571,3.168092007399537e-05,2750022416,results/ebbi/SC5_HBD_MWPM_2_5x/results/sweep_12_exp_0_checkpoints.csv
0303030303030303030303030,0.005270171179571,3.168092007399537e-05,3462067793,results/ebbi/SC5_HBD_MWPM_2_5x/results/sweep_12_exp_0_checkpoints.csv
0303030303030303030303030,0.005270171179571,3.168092007399537e-05,4358573175,results/ebbi/SC5_HBD_MWPM_2_5x/results/sweep_12_exp_0_checkpoints.csv
0303030303030303030303030,0.005270171179571,3.168092007399537e-05,5486953830,results/ebbi/SC5_HBD_MWPM_2_5x/results/sweep_12_exp_0_checkpoints.csv
0303030303030303030303030,0.005270171179571,3.168092007399537e-05,6907673770,results/ebbi/SC5_HBD_MWPM_2_5x/results/sweep_12_exp_0_checkpoints.csv
0303030303030303030303030,0.005270171179571,3.168092007399537e-05,8696286675,results/ebbi/SC5_HBD_MWPM_2_5x/results/sweep_12_exp_0_checkpoints.csv
0303030303030303030303030,0.005270171179571,3.168092007399537e-05,10947794254,results/ebbi/SC5_HBD_MWPM_2_5x/results/sweep_12_exp_0_checkpoints.csv
0303030303030303030303030,0.005270171179571,3.168092007399537e-05,13782439834,results/ebbi/SC5_HBD_MWPM_2_5x/results/sweep_12_exp_0_checkpoints.csv
0303030303030303030303030,0.005270171179571,3.168092007399537e-05,17351027929,results/ebbi/SC5_HBD_MWPM_2_5x/results/sweep_12_exp_0_checkpoints.csv
0303030303030303030303030,0.005270171179571,3.168092007399537e-05,21843640960,results/ebbi/SC5_HBD_MWPM_2_5x/results/sweep_12_exp_0_checkpoints.csv
0303030303030303030303030,0.005270171179571,3.168092007399537e-05,27499567361,results/ebbi/SC5_HBD_MWPM_2_5x/results/sweep_12_exp_0_checkpoints.csv
0303030303030303030303030,0.005270171179571,3.168092007399537e-05,34619902638,results/ebbi/SC5_HBD_MWPM_2_5x/results/sweep_12_exp_0_checkpoints.csv
0303030303030303030303030,0.005270171179571,3.168092007399537e-05,43583692417,results/ebbi/SC5_HBD_MWPM_2_5x/results/sweep_12_exp_0_checkpoints.csv
0303030303030303030303030,0.005270171179571,3.168092007399537e-05,54868723531,results/ebbi/SC5_HBD_MWPM_2_5x/results/sweep_12_exp_0_checkpoints.csv
0303030303030303030303030,0.005270171179571,3.168092007399537e-05,69075606922,results/ebbi/SC5_HBD_MWPM_2_5x/results/sweep_12_exp_0_checkpoints.csv
0303030303030303030303030,0.005270171179571,3.168092007399537e-05,86960893273,results/ebbi/SC5_HBD_MWPM_2_5x/results/sweep_12_exp_0_checkpoints.csv
0303030303030303030303030,0.005270171179571,3.168092007399537e-05,100000000000,results/ebbi/SC5_HBD_MWPM_2_5x/results/sweep_12_exp_0_checkpoints.csv
3220332200333233000303203,0.0109207917574024,0.0003420873836148,579866,results/ebbi/SC5_HBD_MWPM_2_5x/results/sweep_25_exp_0_checkpoints.csv
3223332200330233000303003,0.0093339502323429,0.0003049670776817,1012814,results/ebbi/SC5_HBD_MWPM_2_5x/results/sweep_25_exp_0_checkpoints.csv
3223332200030233000303002,0.0085303758844478,0.0002826584386639,1764259,results/ebbi/SC5_HBD_MWPM_2_5x/results/sweep_25_exp_0_checkpoints.csv
3223330200030233000303002,0.0084422110552763,0.0002647787623573,2177902,results/ebbi/SC5_HBD_MWPM_2_5x/results/sweep_25_exp_0_checkpoints.csv
3223330200030233000303002,0.0084422110552763,0.0002647787623573,2314817,results/ebbi/SC5_HBD_MWPM_2_5x/results/sweep_25_exp_0_checkpoints.csv
3223330200030233000303002,0.0084422110552763,0.0002647787623573,2972888,results/ebbi/SC5_HBD_MWPM_2_5x/results/sweep_25_exp_0_checkpoints.csv
3223330200030233000303022,0.0084775755779978,0.0002630283415783,3709674,results/ebbi/SC5_HBD_MWPM_2_5x/results/sweep_25_exp_0_checkpoints.csv
3303330200030233000303022,0.0079470096779653,0.0002462744596414,4609177,results/ebbi/SC5_HBD_MWPM_2_5x/results/sweep_25_exp_0_checkpoints.csv
3303330200030233000300022,0.0078967831555424,0.0002431986504234,5875366,results/ebbi/SC5_HBD_MWPM_2_5x/results/sweep_25_exp_0_checkpoints.csv
3303330200030233000333002,0.0078200861321335,0.0002398164215264,7474810,results/ebbi/SC5_HBD_MWPM_2_5x/results/sweep_25_exp_0_checkpoints.csv
3303330200030233000333002,0.0076990993009204,0.0001586468861205,9283151,results/ebbi/SC5_HBD_MWPM_2_5x/results/sweep_25_exp_0_checkpoints.csv
3303330200030233000333002,0.0076990993009204,0.0001586468861205,11701653,results/ebbi/SC5_HBD_MWPM_2_5x/results/sweep_25_exp_0_checkpoints.csv
3303330200030233000333000,0.0077792162931051,0.0001041081704897,14861116,results/ebbi/SC5_HBD_MWPM_2_5x/results/sweep_25_exp_0_checkpoints.csv
3303330000030203000333002,0.0077470877320713,0.0001045516328304,18473789,results/ebbi/SC5_HBD_MWPM_2_5x/results/sweep_25_exp_0_checkpoints.csv
3303330000030203000333002,0.0077470877320713,0.0001045516328304,23504656,results/ebbi/SC5_HBD_MWPM_2_5x/results/sweep_25_exp_0_checkpoints.csv
3303330000030203000333002,0.0078103027993343,6.998275057412684e-05,29805493,results/ebbi/SC5_HBD_MWPM_2_5x/results/sweep_25_exp_0_checkpoints.csv
3303330000030203000333002,0.0078103027993343,6.998275057412684e-05,38210375,results/ebbi/SC5_HBD_MWPM_2_5x/results/sweep_25_exp_0_checkpoints.csv
2303230300030303000303022,0.0066765384212181,0.0002084530278807,46298843,results/ebbi/SC5_HBD_MWPM_2_5x/results/sweep_25_exp_0_checkpoints.csv
0303230303030303000302032,0.0062041620234794,0.0001264064048882,58208165,results/ebbi/SC5_HBD_MWPM_2_5x/results/sweep_25_exp_0_checkpoints.csv
0303230303030303000302030,0.0058759779612933,0.0001214772782986,73015113,results/ebbi/SC5_HBD_MWPM_2_5x/results/sweep_25_exp_0_checkpoints.csv
0303030303030303000302030,0.0057399979309557,7.801706669852138e-05,92558038,results/ebbi/SC5_HBD_MWPM_2_5x/results/sweep_25_exp_0_checkpoints.csv
0303030303030303000303030,0.0055854047474385,7.58865280658938e-05,116582145,results/ebbi/SC5_HBD_MWPM_2_5x/results/sweep_25_exp_0_checkpoints.csv
0303030303030303000303030,0.005614557666954,5.072217754786834e-05,146781484,results/ebbi/SC5_HBD_MWPM_2_5x/results/sweep_25_exp_0_checkpoints.csv
0203030303030303030303030,0.0051725282331857,6.985205254750326e-05,183653956,results/ebbi/SC5_HBD_MWPM_2_5x/results/sweep_25_exp_0_checkpoints.csv
0203030303030303030303030,0.0051725282331857,6.985205254750326e-05,231294625,results/ebbi/SC5_HBD_MWPM_2_5x/results/sweep_25_exp_0_checkpoints.csv
0203030303030303030303030,0.0051725282331857,6.985205254750326e-05,291301752,results/ebbi/SC5_HBD_MWPM_2_5x/results/sweep_25_exp_0_checkpoints.csv
0303030303030303030303030,0.0052355509187548,3.2232270314125344e-05,366058628,results/ebbi/SC5_HBD_MWPM_2_5x/results/sweep_25_exp_0_checkpoints.csv
0303030303030303030303030,0.0052355509187548,3.2232270314125344e-05,460764804,results/ebbi/SC5_HBD_MWPM_2_5x/results/sweep_25_exp_0_checkpoints.csv
0303030303030303030303030,0.0052355509187548,3.2232270314125344e-05,579965491,results/ebbi/SC5_HBD_MWPM_2_5x/results/sweep_25_exp_0_checkpoints.csv
0303030303030303030303030,0.0052355509187548,3.2232270314125344e-05,730191252,results/ebbi/SC5_HBD_MWPM_2_5x/results/sweep_25_exp_0_checkpoints.csv
0303030303030303030303030,0.0052355509187548,3.2232270314125344e-05,919110436,results/ebbi/SC5_HBD_MWPM_2_5x/results/sweep_25_exp_0_checkpoints.csv
0303030303030303030303030,0.0052355509187548,3.2232270314125344e-05,1157130485,results/ebbi/SC5_HBD_MWPM_2_5x/results/sweep_25_exp_0_checkpoints.csv
0303030303030303030303030,0.0052355509187548,3.2232270314125344e-05,1456760067,results/ebbi/SC5_HBD_MWPM_2_5x/results/sweep_25_exp_0_checkpoints.csv
0303030303030303030303030,0.0052355509187548,3.2232270314125344e-05,1833861919,results/ebbi/SC5_HBD_MWPM_2_5x/results/sweep_25_exp_0_checkpoints.csv
0303030303030303030303030,0.0052355509187548,3.2232270314125344e-05,2308665633,results/ebbi/SC5_HBD_MWPM_2_5x/results/sweep_25_exp_0_checkpoints.csv
0303030303030303030303030,0.0052355509187548,3.2232270314125344e-05,2906451652,results/ebbi/SC5_HBD_MWPM_2_5x/results/sweep_25_exp_0_checkpoints.csv
0303030303030303030303030,0.0052355509187548,3.2232270314125344e-05,3658721845,results/ebbi/SC5_HBD_MWPM_2_5x/results/sweep_25_exp_0_checkpoints.csv
0303030303030303030303030,0.0052355509187548,3.2232270314125344e-05,4606211632,results/ebbi/SC5_HBD_MWPM_2_5x/results/sweep_25_exp_0_checkpoints.csv
0303030303030303030303030,0.0052355509187548,3.2232270314125344e-05,5798824222,results/ebbi/SC5_HBD_MWPM_2_5x/results/sweep_25_exp_0_checkpoints.csv
0303030303030303030303030,0.0052355509187548,3.2232270314125344e-05,7300168440,results/ebbi/SC5_HBD_MWPM_2_5x/results/sweep_25_exp_0_checkpoints.csv
0303030303030303030303030,0.0052355509187548,3.2232270314125344e-05,9190307746,results/ebbi/SC5_HBD_MWPM_2_5x/results/sweep_25_exp_0_checkpoints.csv
0303030303030303030303030,0.0052355509187548,3.2232270314125344e-05,11569877179,results/ebbi/SC5_HBD_MWPM_2_5x/results/sweep_25_exp_0_checkpoints.csv
0303030303030303030303030,0.0052355509187548,3.2232270314125344e-05,14565752376,results/ebbi/SC5_HBD_MWPM_2_5x/results/sweep_25_exp_0_checkpoints.csv
0303030303030303030303030,0.0052355509187548,3.2232270314125344e-05,18337086890,results/ebbi/SC5_HBD_MWPM_2_5x/results/sweep_25_exp_0_checkpoints.csv
0303030303030303030303030,0.0052355509187548,3.2232270314125344e-05,23084966650,results/ebbi/SC5_HBD_MWPM_2_5x/results/sweep_25_exp_0_checkpoints.csv
0303030303030303030303030,0.0052355509187548,3.2232270314125344e-05,29062195919,results/ebbi/SC5_HBD_MWPM_2_5x/results/sweep_25_exp_0_checkpoints.csv
0303030303030303030303030,0.0052355509187548,3.2232270314125344e-05,36587134463,results/ebbi/SC5_HBD_MWPM_2_5x/results/sweep_25_exp_0_checkpoints.csv
0303030303030303030303030,0.0052355509187548,3.2232270314125344e-05,46060494116,results/ebbi/SC5_HBD_MWPM_2_5x/results/sweep_25_exp_0_checkpoints.csv
0303030303030303030303030,0.0052355509187548,3.2232270314125344e-05,57986712792,results/ebbi/SC5_HBD_MWPM_2_5x/results/sweep_25_exp_0_checkpoints.csv
0303030303030303030303030,0.0052355509187548,3.2232270314125344e-05,73000813228,results/ebbi/SC5_HBD_MWPM_2_5x/results/sweep_25_exp_0_checkpoints.csv
0303030303030303030303030,0.0052355509187548,3.2232270314125344e-05,91902574996,results/ebbi/SC5_HBD_MWPM_2_5x/results/sweep_25_exp_0_checkpoints.csv
0303030303030303030303030,0.0052355509187548,3.2232270314125344e-05,100000000000,results/ebbi/SC5_HBD_MWPM_2_5x/results/sweep_25_exp_0_checkpoints.csv
0203302003033023333303220,0.0097570167816501,0.0003180370549671,700982,results/ebbi/SC5_HBD_MWPM_2_5x/results/sweep_23_exp_0_checkpoints.csv
0203300003033023333303020,0.008492112547365,0.0002746361715253,1500233,results/ebbi/SC5_HBD_MWPM_2_5x/results/sweep_23_exp_0_checkpoints.csv
0203300003033023333303032,0.0081627146085607,0.000261285516899,2209394,results/ebbi/SC5_HBD_MWPM_2_5x/results/sweep_23_exp_0_checkpoints.csv
0233300003033323330303032,0.0076176250933532,0.0002437785733491,2461225,results/ebbi/SC5_HBD_MWPM_2_5x/results/sweep_23_exp_0_checkpoints.csv
0233020003033323030303032,0.0072934822984827,0.0002274212019983,3345152,results/ebbi/SC5_HBD_MWPM_2_5x/results/sweep_23_exp_0_checkpoints.csv
0233020003033323030303032,0.0072934822984827,0.0002274212019983,3694738,results/ebbi/SC5_HBD_MWPM_2_5x/results/sweep_23_exp_0_checkpoints.csv
0203020003033323030303032,0.0070382710245351,0.0002182129828725,4452297,results/ebbi/SC5_HBD_MWPM_2_5x/results/sweep_23_exp_0_checkpoints.csv
0203020003030323030303032,0.0066108007448789,0.0002089869376504,5687507,results/ebbi/SC5_HBD_MWPM_2_5x/results/sweep_23_exp_0_checkpoints.csv
0203020003030323030303032,0.0066108007448789,0.0002089869376504,7139197,results/ebbi/SC5_HBD_MWPM_2_5x/results/sweep_23_exp_0_checkpoints.csv
0203020003030323030303332,0.006504845272133,0.0001354586274828,8957929,results/ebbi/SC5_HBD_MWPM_2_5x/results/sweep_23_exp_0_checkpoints.csv
0203020003030323030303332,0.006504845272133,0.0001354586274828,11356171,results/ebbi/SC5_HBD_MWPM_2_5x/results/sweep_23_exp_0_checkpoints.csv
0203020003030323030303332,0.006504845272133,0.0001354586274828,14047703,results/ebbi/SC5_HBD_MWPM_2_5x/results/sweep_23_exp_0_checkpoints.csv
0203020003030323030303032,0.0065647382775345,9.2561895144172e-05,17752006,results/ebbi/SC5_HBD_MWPM_2_5x/results/sweep_23_exp_0_checkpoints.csv
0203020003030303030303032,0.0060788889216335,0.0001272278896067,22192784,results/ebbi/SC5_HBD_MWPM_2_5x/results/sweep_23_exp_0_checkpoints.csv
0203020303030303030303033,0.0054935327896967,0.0001738520077196,28005895,results/ebbi/SC5_HBD_MWPM_2_5x/results/sweep_23_exp_0_checkpoints.csv
0203020303030303030303033,0.0056344862028305,7.824753265595064e-05,35175300,results/ebbi/SC5_HBD_MWPM_2_5x/results/sweep_23_exp_0_checkpoints.csv
0203030303030303030303033,0.005615348139268,7.570425805170089e-05,44678516,results/ebbi/SC5_HBD_MWPM_2_5x/results/sweep_23_exp_0_checkpoints.csv
0203030303030303030303033,0.005615348139268,7.570425805170089e-05,55697222,results/ebbi/SC5_HBD_MWPM_2_5x/results/sweep_23_exp_0_checkpoints.csv
3203030303030303030303030,0.0052911207833652,0.0001071837396011,70553489,results/ebbi/SC5_HBD_MWPM_2_5x/results/sweep_23_exp_0_checkpoints.csv
3203030303030303030303030,0.0053464314922374,7.18264709576033e-05,88475362,results/ebbi/SC5_HBD_MWPM_2_5x/results/sweep_23_exp_0_checkpoints.csv
3303030303030303030303030,0.0053741633253936,4.784876000485383e-05,112229913,results/ebbi/SC5_HBD_MWPM_2_5x/results/sweep_23_exp_0_checkpoints.csv
3303030303030303030303030,0.0053741633253936,4.784876000485383e-05,142404543,results/ebbi/SC5_HBD_MWPM_2_5x/results/sweep_23_exp_0_checkpoints.csv
2303030303030303030303030,0.0053668209533457,4.7726538468850777e-05,176522533,results/ebbi/SC5_HBD_MWPM_2_5x/results/sweep_23_exp_0_checkpoints.csv
0303030303030303030303030,0.005297605925571,4.731056105811149e-05,221834087,results/ebbi/SC5_HBD_MWPM_2_5x/results/sweep_23_exp_0_checkpoints.csv
0303030303030303030303030,0.0052819397456007,3.1493964343098924e-05,280100486,results/ebbi/SC5_HBD_MWPM_2_5x/results/sweep_23_exp_0_checkpoints.csv
0303030303030303030303030,0.0052819397456007,3.1493964343098924e-05,351544291,results/ebbi/SC5_HBD_MWPM_2_5x/results/sweep_23_exp_0_checkpoints.csv
0303030303030303030303030,0.0052819397456007,3.1493964343098924e-05,442383632,results/ebbi/SC5_HBD_MWPM_2_5x/results/sweep_23_exp_0_checkpoints.csv
0303030303030303030303030,0.0052819397456007,3.1493964343098924e-05,557427625,results/ebbi/SC5_HBD_MWPM_2_5x/results/sweep_23_exp_0_checkpoints.csv
0303030303030303030303030,0.0052819397456007,3.1493964343098924e-05,701176783,results/ebbi/SC5_HBD_MWPM_2_5x/results/sweep_23_exp_0_checkpoints.csv
0303030303030303030303030,0.0052819397456007,3.1493964343098924e-05,882513361,results/ebbi/SC5_HBD_MWPM_2_5x/results/sweep_23_exp_0_checkpoints.csv
0303030303030303030303030,0.0052819397456007,3.1493964343098924e-05,1111172698,results/ebbi/SC5_HBD_MWPM_2_5x/results/sweep_23_exp_0_checkpoints.csv
0303030303030303030303030,0.0052819397456007,3.1493964343098924e-05,1398754765,results/ebbi/SC5_HBD_MWPM_2_5x/results/sweep_23_exp_0_checkpoints.csv
0303030303030303030303030,0.0052819397456007,3.1493964343098924e-05,1761045491,results/ebbi/SC5_HBD_MWPM_2_5x/results/sweep_23_exp_0_checkpoints.csv
0303030303030303030303030,0.0052819397456007,3.1493964343098924e-05,2216795755,results/ebbi/SC5_HBD_MWPM_2_5x/results/sweep_23_exp_0_checkpoints.csv
0303030303030303030303030,0.0052819397456007,3.1493964343098924e-05,2790790696,results/ebbi/SC5_HBD_MWPM_2_5x/results/sweep_23_exp_0_checkpoints.csv
0303030303030303030303030,0.0052819397456007,3.1493964343098924e-05,3513394665,results/ebbi/SC5_HBD_MWPM_2_5x/results/sweep_23_exp_0_checkpoints.csv
0303030303030303030303030,0.0052819397456007,3.1493964343098924e-05,4422934860,results/ebbi/SC5_HBD_MWPM_2_5x/results/sweep_23_exp_0_checkpoints.csv
0303030303030303030303030,0.0052819397456007,3.1493964343098924e-05,5568165972,results/ebbi/SC5_HBD_MWPM_2_5x/results/sweep_23_exp_0_checkpoints.csv
0303030303030303030303030,0.0052819397456007,3.1493964343098924e-05,7009925448,results/ebbi/SC5_HBD_MWPM_2_5x/results/sweep_23_exp_0_checkpoints.csv
0303030303030303030303030,0.0052819397456007,3.1493964343098924e-05,8824933368,results/ebbi/SC5_HBD_MWPM_2_5x/results/sweep_23_exp_0_checkpoints.csv
0303030303030303030303030,0.0052819397456007,3.1493964343098924e-05,11109943737,results/ebbi/SC5_HBD_MWPM_2_5x/results/sweep_23_exp_0_checkpoints.csv
0303030303030303030303030,0.0052819397456007,3.1493964343098924e-05,13986526353,results/ebbi/SC5_HBD_MWPM_2_5x/results/sweep_23_exp_0_checkpoints.csv
0303030303030303030303030,0.0052819397456007,3.1493964343098924e-05,17607924321,results/ebbi/SC5_HBD_MWPM_2_5x/results/sweep_23_exp_0_checkpoints.csv
0303030303030303030303030,0.0052819397456007,3.1493964343098924e-05,22167159582,results/ebbi/SC5_HBD_MWPM_2_5x/results/sweep_23_exp_0_checkpoints.csv
0303030303030303030303030,0.0052819397456007,3.1493964343098924e-05,27906767430,results/ebbi/SC5_HBD_MWPM_2_5x/results/sweep_23_exp_0_checkpoints.csv
0303030303030303030303030,0.0052819397456007,3.1493964343098924e-05,35132380170,results/ebbi/SC5_HBD_MWPM_2_5x/results/sweep_23_exp_0_checkpoints.csv
0303030303030303030303030,0.0052819397456007,3.1493964343098924e-05,44229016998,results/ebbi/SC5_HBD_MWPM_2_5x/results/sweep_23_exp_0_checkpoints.csv
0303030303030303030303030,0.0052819397456007,3.1493964343098924e-05,55681012830,results/ebbi/SC5_HBD_MWPM_2_5x/results/sweep_23_exp_0_checkpoints.csv
0303030303030303030303030,0.0052819397456007,3.1493964343098924e-05,70098344850,results/ebbi/SC5_HBD_MWPM_2_5x/results/sweep_23_exp_0_checkpoints.csv
0303030303030303030303030,0.0052819397456007,3.1493964343098924e-05,88248529146,results/ebbi/SC5_HBD_MWPM_2_5x/results/sweep_23_exp_0_checkpoints.csv
0303030303030303030303030,0.0052819397456007,3.1493964343098924e-05,100000000000,results/ebbi/SC5_HBD_MWPM_2_5x/results/sweep_23_exp_0_checkpoints.csv
2022023302332332000003023,0.0098576025315105,0.0002945455198641,779323,results/ebbi/SC5_HBD_MWPM_2_5x/results/sweep_5_exp_0_checkpoints.csv
2022023302332332000003020,0.0094411108152941,0.0003094536077696,1378832,results/ebbi/SC5_HBD_MWPM_2_5x/results/sweep_5_exp_0_checkpoints.csv
2022023302332332000003020,0.0094411108152941,0.0003094536077696,1751133,results/ebbi/SC5_HBD_MWPM_2_5x/results/sweep_5_exp_0_checkpoints.csv
2022023302332332000003020,0.0094411108152941,0.0003094536077696,2051594,results/ebbi/SC5_HBD_MWPM_2_5x/results/sweep_5_exp_0_checkpoints.csv
2022033302332332000003020,0.0094875633556393,0.0002911218616645,2542814,results/ebbi/SC5_HBD_MWPM_2_5x/results/sweep_5_exp_0_checkpoints.csv
2022033302332332000003020,0.0094875633556393,0.0002911218616645,3219056,results/ebbi/SC5_HBD_MWPM_2_5x/results/sweep_5_exp_0_checkpoints.csv
2023033302332333000003023,0.0082929687177667,0.000260505505139,4666120,results/ebbi/SC5_HBD_MWPM_2_5x/results/sweep_5_exp_0_checkpoints.csv
2023033302332333000003023,0.0082929687177667,0.000260505505139,5027769,results/ebbi/SC5_HBD_MWPM_2_5x/results/sweep_5_exp_0_checkpoints.csv
2003033303332302000003020,0.0081743448956614,0.0002500437549315,6229900,results/ebbi/SC5_HBD_MWPM_2_5x/results/sweep_5_exp_0_checkpoints.csv
2003033303333302000023020,0.0078212796126317,0.0002419255615677,8054574,results/ebbi/SC5_HBD_MWPM_2_5x/results/sweep_5_exp_0_checkpoints.csv
2003330303332302000003020,0.007354161704953,0.0002295311714988,9835903,results/ebbi/SC5_HBD_MWPM_2_5x/results/sweep_5_exp_0_checkpoints.csv
2303330303030302000003020,0.0061258876738681,0.0002037957310676,12405045,results/ebbi/SC5_HBD_MWPM_2_5x/results/sweep_5_exp_0_checkpoints.csv
2303330303030302000003020,0.0062547941799792,0.0001372777915094,15656996,results/ebbi/SC5_HBD_MWPM_2_5x/results/sweep_5_exp_0_checkpoints.csv
2303330303030302000003020,0.0062547941799792,0.0001372777915094,19747314,results/ebbi/SC5_HBD_MWPM_2_5x/results/sweep_5_exp_0_checkpoints.csv
0303330303030302000003020,0.0064473639026113,8.863563562044874e-05,24912095,results/ebbi/SC5_HBD_MWPM_2_5x/results/sweep_5_exp_0_checkpoints.csv
0303330303030302000003020,0.0063970905665807,5.886115104658529e-05,31228116,results/ebbi/SC5_HBD_MWPM_2_5x/results/sweep_5_exp_0_checkpoints.csv
0303330303030302000003020,0.0063970905665807,5.886115104658529e-05,39224842,results/ebbi/SC5_HBD_MWPM_2_5x/results/sweep_5_exp_0_checkpoints.csv
0303330303030300000203020,0.0062722191380267,8.4640400018543e-05,49557207,results/ebbi/SC5_HBD_MWPM_2_5x/results/sweep_5_exp_0_checkpoints.csv
0303330303030303000203030,0.0058626945003645,0.0001204293293994,62212423,results/ebbi/SC5_HBD_MWPM_2_5x/results/sweep_5_exp_0_checkpoints.csv
0303330303030303000203030,0.0060075935451548,8.126657485263422e-05,78069199,results/ebbi/SC5_HBD_MWPM_2_5x/results/sweep_5_exp_0_checkpoints.csv
0303330303030333000303030,0.0057389288286955,0.0001166628862847,98133897,results/ebbi/SC5_HBD_MWPM_2_5x/results/sweep_5_exp_0_checkpoints.csv
0303330303030303030303030,0.0052103300847239,0.0001077984052244,123712930,results/ebbi/SC5_HBD_MWPM_2_5x/results/sweep_5_exp_0_checkpoints.csv
0303030303030303030300030,0.0053021786028987,7.076638576108962e-05,155809277,results/ebbi/SC5_HBD_MWPM_2_5x/results/sweep_5_exp_0_checkpoints.csv
0303030303030303030303030,0.0053160766219665,4.731976878247224e-05,196339113,results/ebbi/SC5_HBD_MWPM_2_5x/results/sweep_5_exp_0_checkpoints.csv
0303030303030303030303030,0.0052898252872732,3.1468956876778975e-05,246716045,results/ebbi/SC5_HBD_MWPM_2_5x/results/sweep_5_exp_0_checkpoints.csv
0303030303030303030303030,0.0052898252872732,3.1468956876778975e-05,312667104,results/ebbi/SC5_HBD_MWPM_2_5x/results/sweep_5_exp_0_checkpoints.csv
0303030303030303030303030,0.0052898252872732,3.1468956876778975e-05,390740699,results/ebbi/SC5_HBD_MWPM_2_5x/results/sweep_5_exp_0_checkpoints.csv
0303030303030303030303030,0.0052898252872732,3.1468956876778975e-05,491777915,results/ebbi/SC5_HBD_MWPM_2_5x/results/sweep_5_exp_0_checkpoints.csv
0303030303030303030303030,0.0052898252872732,3.1468956876778975e-05,619202177,results/ebbi/SC5_HBD_MWPM_2_5x/results/sweep_5_exp_0_checkpoints.csv
0303030303030303030303030,0.0052898252872732,3.1468956876778975e-05,779404670,results/ebbi/SC5_HBD_MWPM_2_5x/results/sweep_5_exp_0_checkpoints.csv
0303030303030303030303030,0.0052898252872732,3.1468956876778975e-05,981259730,results/ebbi/SC5_HBD_MWPM_2_5x/results/sweep_5_exp_0_checkpoints.csv
0303030303030303030303030,0.0052898252872732,3.1468956876778975e-05,1235322218,results/ebbi/SC5_HBD_MWPM_2_5x/results/sweep_5_exp_0_checkpoints.csv
0303030303030303030303030,0.0052898252872732,3.1468956876778975e-05,1555111541,results/ebbi/SC5_HBD_MWPM_2_5x/results/sweep_5_exp_0_checkpoints.csv
0303030303030303030303030,0.0052898252872732,3.1468956876778975e-05,1957780076,results/ebbi/SC5_HBD_MWPM_2_5x/results/sweep_5_exp_0_checkpoints.csv
0303030303030303030303030,0.0052898252872732,3.1468956876778975e-05,2464607840,results/ebbi/SC5_HBD_MWPM_2_5x/results/sweep_5_exp_0_checkpoints.csv
0303030303030303030303030,0.0052898252872732,3.1468956876778975e-05,3102617384,results/ebbi/SC5_HBD_MWPM_2_5x/results/sweep_5_exp_0_checkpoints.csv
0303030303030303030303030,0.0052898252872732,3.1468956876778975e-05,3905936606,results/ebbi/SC5_HBD_MWPM_2_5x/results/sweep_5_exp_0_checkpoints.csv
0303030303030303030303030,0.0052898252872732,3.1468956876778975e-05,4917210638,results/ebbi/SC5_HBD_MWPM_2_5x/results/sweep_5_exp_0_checkpoints.csv
0303030303030303030303030,0.0052898252872732,3.1468956876778975e-05,6190563302,results/ebbi/SC5_HBD_MWPM_2_5x/results/sweep_5_exp_0_checkpoints.csv
0303030303030303030303030,0.0052898252872732,3.1468956876778975e-05,7793415002,results/ebbi/SC5_HBD_MWPM_2_5x/results/sweep_5_exp_0_checkpoints.csv
0303030303030303030303030,0.0052898252872732,3.1468956876778975e-05,9811095359,results/ebbi/SC5_HBD_MWPM_2_5x/results/sweep_5_exp_0_checkpoints.csv
0303030303030303030303030,0.0052898252872732,3.1468956876778975e-05,12351445637,results/ebbi/SC5_HBD_MWPM_2_5x/results/sweep_5_exp_0_checkpoints.csv
0303030303030303030303030,0.0052898252872732,3.1468956876778975e-05,15549588464,results/ebbi/SC5_HBD_MWPM_2_5x/results/sweep_5_exp_0_checkpoints.csv
0303030303030303030303030,0.0052898252872732,3.1468956876778975e-05,19575855446,results/ebbi/SC5_HBD_MWPM_2_5x/results/sweep_5_exp_0_checkpoints.csv
0303030303030303030303030,0.0052898252872732,3.1468956876778975e-05,24644382944,results/ebbi/SC5_HBD_MWPM_2_5x/results/sweep_5_exp_0_checkpoints.csv
0303030303030303030303030,0.0052898252872732,3.1468956876778975e-05,31025612783,results/ebbi/SC5_HBD_MWPM_2_5x/results/sweep_5_exp_0_checkpoints.csv
0303030303030303030303030,0.0052898252872732,3.1468956876778975e-05,39058766789,results/ebbi/SC5_HBD_MWPM_2_5x/results/sweep_5_exp_0_checkpoints.csv
0303030303030303030303030,0.0052898252872732,3.1468956876778975e-05,49172104610,results/ebbi/SC5_HBD_MWPM_2_5x/results/sweep_5_exp_0_checkpoints.csv
0303030303030303030303030,0.0052898252872732,3.1468956876778975e-05,61903941656,results/ebbi/SC5_HBD_MWPM_2_5x/results/sweep_5_exp_0_checkpoints.csv
0303030303030303030303030,0.0052898252872732,3.1468956876778975e-05,77932433255,results/ebbi/SC5_HBD_MWPM_2_5x/results/sweep_5_exp_0_checkpoints.csv
0303030303030303030303030,0.0052898252872732,3.1468956876778975e-05,98110953869,results/ebbi/SC5_HBD_MWPM_2_5x/results/sweep_5_exp_0_checkpoints.csv
0303030303030303030303030,0.0052898252872732,3.1468956876778975e-05,100000000000,results/ebbi/SC5_HBD_MWPM_2_5x/results/sweep_5_exp_0_checkpoints.csv
3333330323033330020233303,0.0086570875004199,0.0003100213361904,675335,results/ebbi/SC5_HBD_MWPM_2_5x/results/sweep_14_exp_0_checkpoints.csv
3333330323030330020233303,0.008067903224231,0.0002795821928884,1686432,results/ebbi/SC5_HBD_MWPM_2_5x/results/sweep_14_exp_0_checkpoints.csv
3333330323030330020233203,0.0078720219254801,0.0002411743043921,2022010,results/ebbi/SC5_HBD_MWPM_2_5x/results/sweep_14_exp_0_checkpoints.csv
3333330323030330020233203,0.0078720219254801,0.0002411743043921,2269840,results/ebbi/SC5_HBD_MWPM_2_5x/results/sweep_14_exp_0_checkpoints.csv
3333330323030330020233203,0.0078720219254801,0.0002411743043921,2807618,results/ebbi/SC5_HBD_MWPM_2_5x/results/sweep_14_exp_0_checkpoints.csv
3333330323030330020233203,0.0078720219254801,0.0002411743043921,3456774,results/ebbi/SC5_HBD_MWPM_2_5x/results/sweep_14_exp_0_checkpoints.csv
3333330323030330020233303,0.0079920470232772,0.0001855187292676,4318435,results/ebbi/SC5_HBD_MWPM_2_5x/results/sweep_14_exp_0_checkpoints.csv
3323330323030330000233300,0.0080397750208563,0.0001637914974708,5528436,results/ebbi/SC5_HBD_MWPM_2_5x/results/sweep_14_exp_0_checkpoints.csv
3323330323030330000233300,0.0080824209586773,0.0001094815452233,7120544,results/ebbi/SC5_HBD_MWPM_2_5x/results/sweep_14_exp_0_checkpoints.csv
3333230303030330020233203,0.0076243085974868,0.0002332834992557,8539517,results/ebbi/SC5_HBD_MWPM_2_5x/results/sweep_14_exp_0_checkpoints.csv
3333030303030300020033203,0.0071253036551607,0.0002235133579233,11198721,results/ebbi/SC5_HBD_MWPM_2_5x/results/sweep_14_exp_0_checkpoints.csv
3333030303030330020033203,0.0070896264867675,0.000150307212607,13511856,results/ebbi/SC5_HBD_MWPM_2_5x/results/sweep_14_exp_0_checkpoints.csv
3333030303030300020033233,0.0070858257057194,0.0001437364844605,17049605,results/ebbi/SC5_HBD_MWPM_2_5x/results/sweep_14_exp_0_checkpoints.csv
3333030303030300020033233,0.0070150480938646,9.53481940086931e-05,21423986,results/ebbi/SC5_HBD_MWPM_2_5x/results/sweep_14_exp_0_checkpoints.csv
3333030303030330030033233,0.006453767954269,0.0002010277676163,27140964,results/ebbi/SC5_HBD_MWPM_2_5x/results/sweep_14_exp_0_checkpoints.csv
3033030303030303030003233,0.0062125418329639,0.0001277017581742,34129049,results/ebbi/SC5_HBD_MWPM_2_5x/results/sweep_14_exp_0_checkpoints.csv
0033030303030303030003033,0.0060502320516084,0.0001231255300808,42716339,results/ebbi/SC5_HBD_MWPM_2_5x/results/sweep_14_exp_0_checkpoints.csv
0333030303030303030003030,0.0052544958472532,0.0001690534991212,53823092,results/ebbi/SC5_HBD_MWPM_2_5x/results/sweep_14_exp_0_checkpoints.csv
0303030303030303030003030,0.0054222621790189,0.0001123647525673,67756068,results/ebbi/SC5_HBD_MWPM_2_5x/results/sweep_14_exp_0_checkpoints.csv
0303030303030303030003030,0.0054556990944011,5.009294909541495e-05,86103787,results/ebbi/SC5_HBD_MWPM_2_5x/results/sweep_14_exp_0_checkpoints.csv
0303030303030303030303030,0.005299759395028,7.177649240475148e-05,107123520,results/ebbi/SC5_HBD_MWPM_2_5x/results/sweep_14_exp_0_checkpoints.csv
0303030303030303030303030,0.0053072575954939,4.788469232153148e-05,135885091,results/ebbi/SC5_HBD_MWPM_2_5x/results/sweep_14_exp_0_checkpoints.csv
0303030303030303030303030,0.0053072575954939,4.788469232153148e-05,170855846,results/ebbi/SC5_HBD_MWPM_2_5x/results/sweep_14_exp_0_checkpoints.csv
0303030303030303030303030,0.0052905140037623,3.187301263096742e-05,213699787,results/ebbi/SC5_HBD_MWPM_2_5x/results/sweep_14_exp_0_checkpoints.csv
0303030303030303030303030,0.0052905140037623,3.187301263096742e-05,269057128,results/ebbi/SC5_HBD_MWPM_2_5x/results/sweep_14_exp_0_checkpoints.csv
0303030303030303030303030,0.0052905140037623,3.187301263096742e-05,338818402,results/ebbi/SC5_HBD_MWPM_2_5x/results/sweep_14_exp_0_checkpoints.csv
0303030303030303030303030,0.0052905140037623,3.187301263096742e-05,426372955,results/ebbi/SC5_HBD_MWPM_2_5x/results/sweep_14_exp_0_checkpoints.csv
0303030303030303030303030,0.0052905140037623,3.187301263096742e-05,536519447,results/ebbi/SC5_HBD_MWPM_2_5x/results/sweep_14_exp_0_checkpoints.csv
0303030303030303030303030,0.0052905140037623,3.187301263096742e-05,675535524,results/ebbi/SC5_HBD_MWPM_2_5x/results/sweep_14_exp_0_checkpoints.csv
0303030303030303030303030,0.0052905140037623,3.187301263096742e-05,850540320,results/ebbi/SC5_HBD_MWPM_2_5x/results/sweep_14_exp_0_checkpoints.csv
0303030303030303030303030,0.0052905140037623,3.187301263096742e-05,1070492418,results/ebbi/SC5_HBD_MWPM_2_5x/results/sweep_14_exp_0_checkpoints.csv
0303030303030303030303030,0.0052905140037623,3.187301263096742e-05,1347625525,results/ebbi/SC5_HBD_MWPM_2_5x/results/sweep_14_exp_0_checkpoints.csv
0303030303030303030303030,0.0052905140037623,3.187301263096742e-05,1696440752,results/ebbi/SC5_HBD_MWPM_2_5x/results/sweep_14_exp_0_checkpoints.csv
0303030303030303030303030,0.0052905140037623,3.187301263096742e-05,2135656008,results/ebbi/SC5_HBD_MWPM_2_5x/results/sweep_14_exp_0_checkpoints.csv
0303030303030303030303030,0.0052905140037623,3.187301263096742e-05,2688652357,results/ebbi/SC5_HBD_MWPM_2_5x/results/sweep_14_exp_0_checkpoints.csv
0303030303030303030303030,0.0052905140037623,3.187301263096742e-05,3384878381,results/ebbi/SC5_HBD_MWPM_2_5x/results/sweep_14_exp_0_checkpoints.csv
0303030303030303030303030,0.0052905140037623,3.187301263096742e-05,4261235081,results/ebbi/SC5_HBD_MWPM_2_5x/results/sweep_14_exp_0_checkpoints.csv
0303030303030303030303030,0.0052905140037623,3.187301263096742e-05,5364399172,results/ebbi/SC5_HBD_MWPM_2_5x/results/sweep_14_exp_0_checkpoints.csv
0303030303030303030303030,0.0052905140037623,3.187301263096742e-05,6753477885,results/ebbi/SC5_HBD_MWPM_2_5x/results/sweep_14_exp_0_checkpoints.csv
0303030303030303030303030,0.0052905140037623,3.187301263096742e-05,8502069740,results/ebbi/SC5_HBD_MWPM_2_5x/results/sweep_14_exp_0_checkpoints.csv
0303030303030303030303030,0.0052905140037623,3.187301263096742e-05,10703449438,results/ebbi/SC5_HBD_MWPM_2_5x/results/sweep_14_exp_0_checkpoints.csv
0303030303030303030303030,0.0052905140037623,3.187301263096742e-05,13474899471,results/ebbi/SC5_HBD_MWPM_2_5x/results/sweep_14_exp_0_checkpoints.csv
0303030303030303030303030,0.0052905140037623,3.187301263096742e-05,16963708777,results/ebbi/SC5_HBD_MWPM_2_5x/results/sweep_14_exp_0_checkpoints.csv
0303030303030303030303030,0.0052905140037623,3.187301263096742e-05,21355993582,results/ebbi/SC5_HBD_MWPM_2_5x/results/sweep_14_exp_0_checkpoints.csv
0303030303030303030303030,0.0052905140037623,3.187301263096742e-05,26885754418,results/ebbi/SC5_HBD_MWPM_2_5x/results/sweep_14_exp_0_checkpoints.csv
0303030303030303030303030,0.0052905140037623,3.187301263096742e-05,33846939133,results/ebbi/SC5_HBD_MWPM_2_5x/results/sweep_14_exp_0_checkpoints.csv
0303030303030303030303030,0.0052905140037623,3.187301263096742e-05,42610769417,results/ebbi/SC5_HBD_MWPM_2_5x/results/sweep_14_exp_0_checkpoints.csv
0303030303030303030303030,0.0052905140037623,3.187301263096742e-05,53643802513,results/ebbi/SC5_HBD_MWPM_2_5x/results/sweep_14_exp_0_checkpoints.csv
0303030303030303030303030,0.0052905140037623,3.187301263096742e-05,67533619043,results/ebbi/SC5_HBD_MWPM_2_5x/results/sweep_14_exp_0_checkpoints.csv
0303030303030303030303030,0.0052905140037623,3.187301263096742e-05,85019748449,results/ebbi/SC5_HBD_MWPM_2_5x/results/sweep_14_exp_0_checkpoints.csv
0303030303030303030303030,0.0052905140037623,3.187301263096742e-05,100000000000,results/ebbi/SC5_HBD_MWPM_2_5x/results/sweep_14_exp_0_checkpoints.csv
0032230333200320230002030,0.0092471758900534,0.0003056229325011,760798,results/ebbi/SC5_HBD_MWPM_2_5x/results/sweep_19_exp_0_checkpoints.csv
0032230333230320230002030,0.0078922760426407,0.0002705879451241,1808400,results/ebbi/SC5_HBD_MWPM_2_5x/results/sweep_19_exp_0_checkpoints.csv
0032230333230320230002030,0.0078922760426407,0.0002705879451241,2290915,results/ebbi/SC5_HBD_MWPM_2_5x/results/sweep_19_exp_0_checkpoints.csv
0032230333230320230002030,0.0078922760426407,0.0002705879451241,2494937,results/ebbi/SC5_HBD_MWPM_2_5x/results/sweep_19_exp_0_checkpoints.csv
0032230333230320230002030,0.0078922760426407,0.0002705879451241,3119280,results/ebbi/SC5_HBD_MWPM_2_5x/results/sweep_19_exp_0_checkpoints.csv
0032230333230320230002030,0.0080669293302079,0.0001823625934775,3838928,results/ebbi/SC5_HBD_MWPM_2_5x/results/sweep_19_exp_0_checkpoints.csv
0032200333230300230302030,0.0080051617162706,0.0002440849348204,4955254,results/ebbi/SC5_HBD_MWPM_2_5x/results/sweep_19_exp_0_checkpoints.csv
0032230333230320230002030,0.0081976600280028,0.0001225486194016,6068300,results/ebbi/SC5_HBD_MWPM_2_5x/results/sweep_19_exp_0_checkpoints.csv
0032030333230320230003030,0.0078002703559686,0.0001607234007678,8117692,results/ebbi/SC5_HBD_MWPM_2_5x/results/sweep_19_exp_0_checkpoints.csv
0032030333230320230203030,0.0077745894373272,0.0001591442996868,9933284,results/ebbi/SC5_HBD_MWPM_2_5x/results/sweep_19_exp_0_checkpoints.csv
0032030333230320230003030,0.0077168643600135,0.0001065793767338,12092298,results/ebbi/SC5_HBD_MWPM_2_5x/results/sweep_19_exp_0_checkpoints.csv
0032030333230320230003030,0.0077168643600135,0.0001065793767338,15208368,results/ebbi/SC5_HBD_MWPM_2_5x/results/sweep_19_exp_0_checkpoints.csv
0032030333230320230003030,0.0077168643600135,0.0001065793767338,19657417,results/ebbi/SC5_HBD_MWPM_2_5x/results/sweep_19_exp_0_checkpoints.csv
0032030333330330230203030,0.0074343158677619,0.0001505920517956,24059054,results/ebbi/SC5_HBD_MWPM_2_5x/results/sweep_19_exp_0_checkpoints.csv
0032030333030330220303030,0.0075841126642578,0.0001011698259389,30309625,results/ebbi/SC5_HBD_MWPM_2_5x/results/sweep_19_exp_0_checkpoints.csv
0032030333030330230303030,0.0072362870645367,0.0002219785528723,38349583,results/ebbi/SC5_HBD_MWPM_2_5x/results/sweep_19_exp_0_checkpoints.csv
0032030333030330330300030,0.0071926522839814,9.670657891547307e-05,48563257,results/ebbi/SC5_HBD_MWPM_2_5x/results/sweep_19_exp_0_checkpoints.csv
0000030333330302030303000,0.0061621712426918,0.0001248514454346,60666042,results/ebbi/SC5_HBD_MWPM_2_5x/results/sweep_19_exp_0_checkpoints.csv
0000030333030302030303000,0.0061352060037975,8.573858212912455e-05,76326558,results/ebbi/SC5_HBD_MWPM_2_5x/results/sweep_19_exp_0_checkpoints.csv
0000030333030302030303030,0.0061730741490153,3.866383485728875e-05,97013007,results/ebbi/SC5_HBD_MWPM_2_5x/results/sweep_19_exp_0_checkpoints.csv
0000230303030300030303030,0.0059589693711614,8.072977652773261e-05,120698626,results/ebbi/SC5_HBD_MWPM_2_5x/results/sweep_19_exp_0_checkpoints.csv
0000030303030300030303033,0.0058916769876555,5.362025331123732e-05,152009803,results/ebbi/SC5_HBD_MWPM_2_5x/results/sweep_19_exp_0_checkpoints.csv
0003030303030303030303030,0.0053873872955519,0.0001652595528867,191315621,results/ebbi/SC5_HBD_MWPM_2_5x/results/sweep_19_exp_0_checkpoints.csv
0303030303030303030303030,0.0051865965185938,7.06595164956525e-05,240633260,results/ebbi/SC5_HBD_MWPM_2_5x/results/sweep_19_exp_0_checkpoints.csv
0303030303030303030303030,0.0051865965185938,7.06595164956525e-05,303737423,results/ebbi/SC5_HBD_MWPM_2_5x/results/sweep_19_exp_0_checkpoints.csv
0303030303030303030303030,0.005200795967351,4.717049523605965e-05,381448964,results/ebbi/SC5_HBD_MWPM_2_5x/results/sweep_19_exp_0_checkpoints.csv
0303030303030303030303030,0.005200795967351,4.717049523605965e-05,480149460,results/ebbi/SC5_HBD_MWPM_2_5x/results/sweep_19_exp_0_checkpoints.csv
0303030303030303030303030,0.005200795967351,4.717049523605965e-05,604372830,results/ebbi/SC5_HBD_MWPM_2_5x/results/sweep_19_exp_0_checkpoints.csv
0303030303030303030303030,0.005200795967351,4.717049523605965e-05,760845831,results/ebbi/SC5_HBD_MWPM_2_5x/results/sweep_19_exp_0_checkpoints.csv
0303030303030303030303030,0.005200795967351,4.717049523605965e-05,957939075,results/ebbi/SC5_HBD_MWPM_2_5x/results/sweep_19_exp_0_checkpoints.csv
0303030303030303030303030,0.005200795967351,4.717049523605965e-05,1205869523,results/ebbi/SC5_HBD_MWPM_2_5x/results/sweep_19_exp_0_checkpoints.csv
0303030303030303030303030,0.005200795967351,4.717049523605965e-05,1517992243,results/ebbi/SC5_HBD_MWPM_2_5x/results/sweep_19_exp_0_checkpoints.csv
0303030303030303030303030,0.005200795967351,4.717049523605965e-05,1911074267,results/ebbi/SC5_HBD_MWPM_2_5x/results/sweep_19_exp_0_checkpoints.csv
0303030303030303030303030,0.005200795967351,4.717049523605965e-05,2406051299,results/ebbi/SC5_HBD_MWPM_2_5x/results/sweep_19_exp_0_checkpoints.csv
0303030303030303030303030,0.005200795967351,4.717049523605965e-05,3028845619,results/ebbi/SC5_HBD_MWPM_2_5x/results/sweep_19_exp_0_checkpoints.csv
0303030303030303030303030,0.005200795967351,4.717049523605965e-05,3813205661,results/ebbi/SC5_HBD_MWPM_2_5x/results/sweep_19_exp_0_checkpoints.csv
0303030303030303030303030,0.005200795967351,4.717049523605965e-05,4800402597,results/ebbi/SC5_HBD_MWPM_2_5x/results/sweep_19_exp_0_checkpoints.csv
0303030303030303030303030,0.005200795967351,4.717049523605965e-05,6043405605,results/ebbi/SC5_HBD_MWPM_2_5x/results/sweep_19_exp_0_checkpoints.csv
0303030303030303030303030,0.005200795967351,4.717049523605965e-05,7608135109,results/ebbi/SC5_HBD_MWPM_2_5x/results/sweep_19_exp_0_checkpoints.csv
0303030303030303030303030,0.005200795967351,4.717049523605965e-05,9577964549,results/ebbi/SC5_HBD_MWPM_2_5x/results/sweep_19_exp_0_checkpoints.csv
0303030303030303030303030,0.005200795967351,4.717049523605965e-05,12057902245,results/ebbi/SC5_HBD_MWPM_2_5x/results/sweep_19_exp_0_checkpoints.csv
0303030303030303030303030,0.005200795967351,4.717049523605965e-05,15179986925,results/ebbi/SC5_HBD_MWPM_2_5x/results/sweep_19_exp_0_checkpoints.csv
0303030303030303030303030,0.005200795967351,4.717049523605965e-05,19110569709,results/ebbi/SC5_HBD_MWPM_2_5x/results/sweep_19_exp_0_checkpoints.csv
0303030303030303030303030,0.005200795967351,4.717049523605965e-05,24058572301,results/ebbi/SC5_HBD_MWPM_2_5x/results/sweep_19_exp_0_checkpoints.csv
0303030303030303030303030,0.005200795967351,4.717049523605965e-05,30287993005,results/ebbi/SC5_HBD_MWPM_2_5x/results/sweep_19_exp_0_checkpoints.csv
0303030303030303030303030,0.005200795967351,4.717049523605965e-05,38130267629,results/ebbi/SC5_HBD_MWPM_2_5x/results/sweep_19_exp_0_checkpoints.csv
0303030303030303030303030,0.005200795967351,4.717049523605965e-05,48003318733,results/ebbi/SC5_HBD_MWPM_2_5x/results/sweep_19_exp_0_checkpoints.csv
0303030303030303030303030,0.005200795967351,4.717049523605965e-05,60432451757,results/ebbi/SC5_HBD_MWPM_2_5x/results/sweep_19_exp_0_checkpoints.csv
0303030303030303030303030,0.005200795967351,4.717049523605965e-05,76080010637,results/ebbi/SC5_HBD_MWPM_2_5x/results/sweep_19_exp_0_checkpoints.csv
0303030303030303030303030,0.005200795967351,4.717049523605965e-05,95778938253,results/ebbi/SC5_HBD_MWPM_2_5x/results/sweep_19_exp_0_checkpoints.csv
0303030303030303030303030,0.005200795967351,4.717049523605965e-05,100000000000,results/ebbi/SC5_HBD_MWPM_2_5x/results/sweep_19_exp_0_checkpoints.csv
0233022003330003000022332,0.0091673951048951,0.0003150378470309,732350,results/ebbi/SC5_HBD_MWPM_2_5x/results/sweep_8_exp_0_checkpoints.csv
0233002000330003030022032,0.0088545469669941,0.000284806737909,1674263,results/ebbi/SC5_HBD_MWPM_2_5x/results/sweep_8_exp_0_checkpoints.csv
0233002000330003030022033,0.0087868147376556,0.0002704875951167,1859589,results/ebbi/SC5_HBD_MWPM_2_5x/results/sweep_8_exp_0_checkpoints.csv
0233002000330003030022033,0.0087868147376556,0.0002704875951167,2359377,results/ebbi/SC5_HBD_MWPM_2_5x/results/sweep_8_exp_0_checkpoints.csv
0233002000330003030022033,0.0087868147376556,0.0002704875951167,3024017,results/ebbi/SC5_HBD_MWPM_2_5x/results/sweep_8_exp_0_checkpoints.csv
0233002000330003030022032,0.0088731509134005,0.0001900704955914,3715664,results/ebbi/SC5_HBD_MWPM_2_5x/results/sweep_8_exp_0_checkpoints.csv
0233002000330003030022032,0.0088731509134005,0.0001900704955914,4697175,results/ebbi/SC5_HBD_MWPM_2_5x/results/sweep_8_exp_0_checkpoints.csv
0233022000330003030022032,0.0089187388138278,0.0001333999825874,5873695,results/ebbi/SC5_HBD_MWPM_2_5x/results/sweep_8_exp_0_checkpoints.csv
0233022000330003030022033,0.0087502206467742,0.0001767648936947,7396899,results/ebbi/SC5_HBD_MWPM_2_5x/results/sweep_8_exp_0_checkpoints.csv
0233022000330003030022033,0.0087502206467742,0.0001767648936947,9388954,results/ebbi/SC5_HBD_MWPM_2_5x/results/sweep_8_exp_0_checkpoints.csv
0233022000330003030022033,0.0087306530297911,0.0001177130106952,11656048,results/ebbi/SC5_HBD_MWPM_2_5x/results/sweep_8_exp_0_checkpoints.csv
0203022000230003030022033,0.0082941621259247,0.0002532161888666,14744488,results/ebbi/SC5_HBD_MWPM_2_5x/results/sweep_8_exp_0_checkpoints.csv
0203032300030033030000030,0.006854505373381,0.0002165556506952,18426087,results/ebbi/SC5_HBD_MWPM_2_5x/results/sweep_8_exp_0_checkpoints.csv
0303032300030033030000030,0.0067886026458143,0.0002124617749359,23205089,results/ebbi/SC5_HBD_MWPM_2_5x/results/sweep_8_exp_0_checkpoints.csv
0303032300030033030000030,0.0068020531131443,0.0001417813764419,29607418,results/ebbi/SC5_HBD_MWPM_2_5x/results/sweep_8_exp_0_checkpoints.csv
0303032300030033030003030,0.0067683836182172,9.30869791773148e-05,36850716,results/ebbi/SC5_HBD_MWPM_2_5x/results/sweep_8_exp_0_checkpoints.csv
0303032300030033030003030,0.0068137967066458,6.22644874965772e-05,46258999,results/ebbi/SC5_HBD_MWPM_2_5x/results/sweep_8_exp_0_checkpoints.csv
0303032300030033030003030,0.0068137967066458,6.22644874965772e-05,59697679,results/ebbi/SC5_HBD_MWPM_2_5x/results/sweep_8_exp_0_checkpoints.csv
0303033303030023030303030,0.0061407896310633,0.0001288035855395,73656406,results/ebbi/SC5_HBD_MWPM_2_5x/results/sweep_8_exp_0_checkpoints.csv
0303030303030322030333030,0.0057822436734253,0.0001173459240817,92508430,results/ebbi/SC5_HBD_MWPM_2_5x/results/sweep_8_exp_0_checkpoints.csv
0303030303030323030303030,0.0053555094424436,7.46229343349114e-05,116163556,results/ebbi/SC5_HBD_MWPM_2_5x/results/sweep_8_exp_0_checkpoints.csv
0303030303030323030303030,0.0053732891080433,4.9830741772893816e-05,146381612,results/ebbi/SC5_HBD_MWPM_2_5x/results/sweep_8_exp_0_checkpoints.csv
0303030303030303030333030,0.0054048505766884,3.328630918986164e-05,185223309,results/ebbi/SC5_HBD_MWPM_2_5x/results/sweep_8_exp_0_checkpoints.csv
0303030303030303030303030,0.0052105585256861,7.062368968036026e-05,232292814,results/ebbi/SC5_HBD_MWPM_2_5x/results/sweep_8_exp_0_checkpoints.csv
0303030303030303030303030,0.0052217914208661,4.7132962208706886e-05,291605707,results/ebbi/SC5_HBD_MWPM_2_5x/results/sweep_8_exp_0_checkpoints.csv
0303030303030303030303030,0.0052217914208661,4.7132962208706886e-05,367061302,results/ebbi/SC5_HBD_MWPM_2_5x/results/sweep_8_exp_0_checkpoints.csv
0303030303030303030303030,0.0052217914208661,4.7132962208706886e-05,462319424,results/ebbi/SC5_HBD_MWPM_2_5x/results/sweep_8_exp_0_checkpoints.csv
0303030303030303030303030,0.0052217914208661,4.7132962208706886e-05,582195390,results/ebbi/SC5_HBD_MWPM_2_5x/results/sweep_8_exp_0_checkpoints.csv
0303030303030303030303030,0.0052217914208661,4.7132962208706886e-05,732351336,results/ebbi/SC5_HBD_MWPM_2_5x/results/sweep_8_exp_0_checkpoints.csv
0303030303030303030303030,0.0052217914208661,4.7132962208706886e-05,922136772,results/ebbi/SC5_HBD_MWPM_2_5x/results/sweep_8_exp_0_checkpoints.csv
0303030303030303030303030,0.0052217914208661,4.7132962208706886e-05,1160786855,results/ebbi/SC5_HBD_MWPM_2_5x/results/sweep_8_exp_0_checkpoints.csv
0303030303030303030303030,0.0052217914208661,4.7132962208706886e-05,1461239997,results/ebbi/SC5_HBD_MWPM_2_5x/results/sweep_8_exp_0_checkpoints.csv
0303030303030303030303030,0.0052217914208661,4.7132962208706886e-05,1839681543,results/ebbi/SC5_HBD_MWPM_2_5x/results/sweep_8_exp_0_checkpoints.csv
0303030303030303030303030,0.0052217914208661,4.7132962208706886e-05,2315931149,results/ebbi/SC5_HBD_MWPM_2_5x/results/sweep_8_exp_0_checkpoints.csv
0303030303030303030303030,0.0052217914208661,4.7132962208706886e-05,2915557058,results/ebbi/SC5_HBD_MWPM_2_5x/results/sweep_8_exp_0_checkpoints.csv
0303030303030303030303030,0.0052217914208661,4.7132962208706886e-05,3670549132,results/ebbi/SC5_HBD_MWPM_2_5x/results/sweep_8_exp_0_checkpoints.csv
0303030303030303030303030,0.0052217914208661,4.7132962208706886e-05,4620858586,results/ebbi/SC5_HBD_MWPM_2_5x/results/sweep_8_exp_0_checkpoints.csv
0303030303030303030303030,0.0052217914208661,4.7132962208706886e-05,5817300184,results/ebbi/SC5_HBD_MWPM_2_5x/results/sweep_8_exp_0_checkpoints.csv
0303030303030303030303030,0.0052217914208661,4.7132962208706886e-05,7323594283,results/ebbi/SC5_HBD_MWPM_2_5x/results/sweep_8_exp_0_checkpoints.csv
0303030303030303030303030,0.0052217914208661,4.7132962208706886e-05,9219938778,results/ebbi/SC5_HBD_MWPM_2_5x/results/sweep_8_exp_0_checkpoints.csv
0303030303030303030303030,0.0052217914208661,4.7132962208706886e-05,11607148974,results/ebbi/SC5_HBD_MWPM_2_5x/results/sweep_8_exp_0_checkpoints.csv
0303030303030303030303030,0.0052217914208661,4.7132962208706886e-05,14612356974,results/ebbi/SC5_HBD_MWPM_2_5x/results/sweep_8_exp_0_checkpoints.csv
0303030303030303030303030,0.0052217914208661,4.7132962208706886e-05,18395840361,results/ebbi/SC5_HBD_MWPM_2_5x/results/sweep_8_exp_0_checkpoints.csv
0303030303030303030303030,0.0052217914208661,4.7132962208706886e-05,23158967135,results/ebbi/SC5_HBD_MWPM_2_5x/results/sweep_8_exp_0_checkpoints.csv
0303030303030303030303030,0.0052217914208661,4.7132962208706886e-05,29155410549,results/ebbi/SC5_HBD_MWPM_2_5x/results/sweep_8_exp_0_checkpoints.csv
0303030303030303030303030,0.0052217914208661,4.7132962208706886e-05,36704648947,results/ebbi/SC5_HBD_MWPM_2_5x/results/sweep_8_exp_0_checkpoints.csv
0303030303030303030303030,0.0052217914208661,4.7132962208706886e-05,46208210195,results/ebbi/SC5_HBD_MWPM_2_5x/results/sweep_8_exp_0_checkpoints.csv
0303030303030303030303030,0.0052217914208661,4.7132962208706886e-05,58172692264,results/ebbi/SC5_HBD_MWPM_2_5x/results/sweep_8_exp_0_checkpoints.csv
0303030303030303030303030,0.0052217914208661,4.7132962208706886e-05,73235029496,results/ebbi/SC5_HBD_MWPM_2_5x/results/sweep_8_exp_0_checkpoints.csv
0303030303030303030303030,0.0052217914208661,4.7132962208706886e-05,92197607864,results/ebbi/SC5_HBD_MWPM_2_5x/results/sweep_8_exp_0_checkpoints.csv
0303030303030303030303030,0.0052217914208661,4.7132962208706886e-05,100000000000,results/ebbi/SC5_HBD_MWPM_2_5x/results/sweep_8_exp_0_checkpoints.csv
0223030323202330030330020,0.0096290586970917,0.0003217500343453,646087,results/ebbi/SC5_HBD_MWPM_2_5x/results/sweep_24_exp_0_checkpoints.csv
3300223202330302030330032,0.0080320267565307,0.0002594070974737,1442186,results/ebbi/SC5_HBD_MWPM_2_5x/results/sweep_24_exp_0_checkpoints.csv
3300220202030302030330032,0.0074381663029004,0.0002411887107882,2176217,results/ebbi/SC5_HBD_MWPM_2_5x/results/sweep_24_exp_0_checkpoints.csv
2300220202030302030330032,0.0073197256148569,0.0002250625984743,3002787,results/ebbi/SC5_HBD_MWPM_2_5x/results/sweep_24_exp_0_checkpoints.csv
2300220202030302030330032,0.0073197256148569,0.0002250625984743,3383920,results/ebbi/SC5_HBD_MWPM_2_5x/results/sweep_24_exp_0_checkpoints.csv
2300220202030302030330032,0.0073197256148569,0.0002250625984743,4225919,results/ebbi/SC5_HBD_MWPM_2_5x/results/sweep_24_exp_0_checkpoints.csv
2300220202030302030330032,0.007494849034097,0.0001518135977676,5434304,results/ebbi/SC5_HBD_MWPM_2_5x/results/sweep_24_exp_0_checkpoints.csv
2300220202030302030330032,0.007494849034097,0.0001518135977676,6549096,results/ebbi/SC5_HBD_MWPM_2_5x/results/sweep_24_exp_0_checkpoints.csv
2300220202030302030330032,0.007494849034097,0.0001518135977676,8451548,results/ebbi/SC5_HBD_MWPM_2_5x/results/sweep_24_exp_0_checkpoints.csv
3303030202030303030300032,0.006390522092407,0.0002001419488806,11246403,results/ebbi/SC5_HBD_MWPM_2_5x/results/sweep_24_exp_0_checkpoints.csv
3303030202030303030300032,0.006390522092407,0.0002001419488806,13004336,results/ebbi/SC5_HBD_MWPM_2_5x/results/sweep_24_exp_0_checkpoints.csv
3303030202030303030302033,0.0063031365230864,0.0001285777834709,16585176,results/ebbi/SC5_HBD_MWPM_2_5x/results/sweep_24_exp_0_checkpoints.csv
3303030202030303030302033,0.0063031365230864,0.0001285777834709,20494274,results/ebbi/SC5_HBD_MWPM_2_5x/results/sweep_24_exp_0_checkpoints.csv
3303030202030303030302033,0.0063981793226423,8.635843551019207e-05,26047267,results/ebbi/SC5_HBD_MWPM_2_5x/results/sweep_24_exp_0_checkpoints.csv
3303030202030303030302033,0.0063981793226423,8.635843551019207e-05,33184501,results/ebbi/SC5_HBD_MWPM_2_5x/results/sweep_24_exp_0_checkpoints.csv
3303030202030303030302033,0.0064260818106691,5.769693962065503e-05,40919452,results/ebbi/SC5_HBD_MWPM_2_5x/results/sweep_24_exp_0_checkpoints.csv
0303030203030303030303030,0.0056928575879277,0.0001790631940821,52598571,results/ebbi/SC5_HBD_MWPM_2_5x/results/sweep_24_exp_0_checkpoints.csv
0303030203030303030303030,0.0057557949576371,8.002047252375633e-05,64676671,results/ebbi/SC5_HBD_MWPM_2_5x/results/sweep_24_exp_0_checkpoints.csv
0303030303030303030303033,0.0054466621277815,0.0001665223535383,81572706,results/ebbi/SC5_HBD_MWPM_2_5x/results/sweep_24_exp_0_checkpoints.csv
0302030303030303030303033,0.0053972687244897,7.320158329093829e-05,102477429,results/ebbi/SC5_HBD_MWPM_2_5x/results/sweep_24_exp_0_checkpoints.csv
0303030303030303030303033,0.0053740897686013,4.901233842247166e-05,129409282,results/ebbi/SC5_HBD_MWPM_2_5x/results/sweep_24_exp_0_checkpoints.csv
0303030303030303030303033,0.0053494254191385,3.260024459450506e-05,162749341,results/ebbi/SC5_HBD_MWPM_2_5x/results/sweep_24_exp_0_checkpoints.csv
0303030303030303030303033,0.0053494254191385,3.260024459450506e-05,204412896,results/ebbi/SC5_HBD_MWPM_2_5x/results/sweep_24_exp_0_checkpoints.csv
0303030303030303030303030,0.0052803559870825,4.726124097942375e-05,258066888,results/ebbi/SC5_HBD_MWPM_2_5x/results/sweep_24_exp_0_checkpoints.csv
0303030303030303030303030,0.0052975103270171,3.1558371119899675e-05,324027672,results/ebbi/SC5_HBD_MWPM_2_5x/results/sweep_24_exp_0_checkpoints.csv
0302030303030303030303030,0.0050699204477618,0.0001033342341543,407808873,results/ebbi/SC5_HBD_MWPM_2_5x/results/sweep_24_exp_0_checkpoints.csv
0302030303030303030303030,0.0050699204477618,0.0001033342341543,513404963,results/ebbi/SC5_HBD_MWPM_2_5x/results/sweep_24_exp_0_checkpoints.csv
0302030303030303030303030,0.0050699204477618,0.0001033342341543,646200427,results/ebbi/SC5_HBD_MWPM_2_5x/results/sweep_24_exp_0_checkpoints.csv
0302030303030303030303030,0.0050699204477618,0.0001033342341543,813404590,results/ebbi/SC5_HBD_MWPM_2_5x/results/sweep_24_exp_0_checkpoints.csv
0302030303030303030303030,0.0050699204477618,0.0001033342341543,1024017153,results/ebbi/SC5_HBD_MWPM_2_5x/results/sweep_24_exp_0_checkpoints.csv
0302030303030303030303030,0.0050699204477618,0.0001033342341543,1289158115,results/ebbi/SC5_HBD_MWPM_2_5x/results/sweep_24_exp_0_checkpoints.csv
0302030303030303030303030,0.0050699204477618,0.0001033342341543,1623020769,results/ebbi/SC5_HBD_MWPM_2_5x/results/sweep_24_exp_0_checkpoints.csv
0302030303030303030303030,0.0050699204477618,0.0001033342341543,2043235243,results/ebbi/SC5_HBD_MWPM_2_5x/results/sweep_24_exp_0_checkpoints.csv
0302030303030303030303030,0.0050699204477618,0.0001033342341543,2572304957,results/ebbi/SC5_HBD_MWPM_2_5x/results/sweep_24_exp_0_checkpoints.csv
0302030303030303030303030,0.0050699204477618,0.0001033342341543,3238181416,results/ebbi/SC5_HBD_MWPM_2_5x/results/sweep_24_exp_0_checkpoints.csv
0302030303030303030303030,0.0050699204477618,0.0001033342341543,4076630209,results/ebbi/SC5_HBD_MWPM_2_5x/results/sweep_24_exp_0_checkpoints.csv
0302030303030303030303030,0.0050699204477618,0.0001033342341543,5132071831,results/ebbi/SC5_HBD_MWPM_2_5x/results/sweep_24_exp_0_checkpoints.csv
0302030303030303030303030,0.0050699204477618,0.0001033342341543,6460898955,results/ebbi/SC5_HBD_MWPM_2_5x/results/sweep_24_exp_0_checkpoints.csv
0302030303030303030303030,0.0050699204477618,0.0001033342341543,8133880829,results/ebbi/SC5_HBD_MWPM_2_5x/results/sweep_24_exp_0_checkpoints.csv
0302030303030303030303030,0.0050699204477618,0.0001033342341543,10239865079,results/ebbi/SC5_HBD_MWPM_2_5x/results/sweep_24_exp_0_checkpoints.csv
0302030303030303030303030,0.0050699204477618,0.0001033342341543,12891142641,results/ebbi/SC5_HBD_MWPM_2_5x/results/sweep_24_exp_0_checkpoints.csv
0302030303030303030303030,0.0050699204477618,0.0001033342341543,16228972453,results/ebbi/SC5_HBD_MWPM_2_5x/results/sweep_24_exp_0_checkpoints.csv
0302030303030303030303030,0.0050699204477618,0.0001033342341543,20431182889,results/ebbi/SC5_HBD_MWPM_2_5x/results/sweep_24_exp_0_checkpoints.csv
0302030303030303030303030,0.0050699204477618,0.0001033342341543,25721370701,results/ebbi/SC5_HBD_MWPM_2_5x/results/sweep_24_exp_0_checkpoints.csv
0302030303030303030303030,0.0050699204477618,0.0001033342341543,32381255013,results/ebbi/SC5_HBD_MWPM_2_5x/results/sweep_24_exp_0_checkpoints.csv
0302030303030303030303030,0.0050699204477618,0.0001033342341543,40765494137,results/ebbi/SC5_HBD_MWPM_2_5x/results/sweep_24_exp_0_checkpoints.csv
0302030303030303030303030,0.0050699204477618,0.0001033342341543,51320722449,results/ebbi/SC5_HBD_MWPM_2_5x/results/sweep_24_exp_0_checkpoints.csv
0302030303030303030303030,0.0050699204477618,0.0001033342341543,64608887199,results/ebbi/SC5_HBD_MWPM_2_5x/results/sweep_24_exp_0_checkpoints.csv
0302030303030303030303030,0.0050699204477618,0.0001033342341543,81337640949,results/ebbi/SC5_HBD_MWPM_2_5x/results/sweep_24_exp_0_checkpoints.csv
0302030303030303030303030,0.0050699204477618,0.0001033342341543,100000000000,results/ebbi/SC5_HBD_MWPM_2_5x/results/sweep_24_exp_0_checkpoints.csv
3332020232203323030303303,0.0096623159736373,0.0003084164927713,738537,results/ebbi/SC5_HBD_MWPM_2_5x/results/sweep_2_exp_0_checkpoints.csv
3332030232200323030303303,0.0089232215779721,0.0002855194034054,1266346,results/ebbi/SC5_HBD_MWPM_2_5x/results/sweep_2_exp_0_checkpoints.csv
3322030232200323030302303,0.0087816739409948,0.0002759263734333,1844269,results/ebbi/SC5_HBD_MWPM_2_5x/results/sweep_2_exp_0_checkpoints.csv
3322030232200323030302303,0.0087816739409948,0.0002759263734333,1910324,results/ebbi/SC5_HBD_MWPM_2_5x/results/sweep_2_exp_0_checkpoints.csv
3322030232200323030302303,0.0087816739409948,0.0002759263734333,2457317,results/ebbi/SC5_HBD_MWPM_2_5x/results/sweep_2_exp_0_checkpoints.csv
3322030232200323030302303,0.0087816739409948,0.0002759263734333,3069118,results/ebbi/SC5_HBD_MWPM_2_5x/results/sweep_2_exp_0_checkpoints.csv
3322033232200323030303003,0.0083402034625451,0.0002572897064965,3871505,results/ebbi/SC5_HBD_MWPM_2_5x/results/sweep_2_exp_0_checkpoints.csv
3322033232200323030303003,0.0083402034625451,0.0002572897064965,4780320,results/ebbi/SC5_HBD_MWPM_2_5x/results/sweep_2_exp_0_checkpoints.csv
3322033232200323030303003,0.0083402034625451,0.0002572897064965,5915159,results/ebbi/SC5_HBD_MWPM_2_5x/results/sweep_2_exp_0_checkpoints.csv
3322030232200323030303203,0.0085325792855346,0.0001795525895431,7692993,results/ebbi/SC5_HBD_MWPM_2_5x/results/sweep_2_exp_0_checkpoints.csv
3302033232200323030303033,0.0085376930063578,0.0001719599385978,9561590,results/ebbi/SC5_HBD_MWPM_2_5x/results/sweep_2_exp_0_checkpoints.csv
0302033232200323030303033,0.0082463457292317,0.0002544063027016,11936690,results/ebbi/SC5_HBD_MWPM_2_5x/results/sweep_2_exp_0_checkpoints.csv
0302033232200323030303033,0.0082833576616661,0.0001699824206298,15019108,results/ebbi/SC5_HBD_MWPM_2_5x/results/sweep_2_exp_0_checkpoints.csv
0300033203030333000303033,0.0065092320042815,0.0002079954283544,19257357,results/ebbi/SC5_HBD_MWPM_2_5x/results/sweep_2_exp_0_checkpoints.csv
0300030203030333000303033,0.0064408777768226,0.0001982224493985,23517672,results/ebbi/SC5_HBD_MWPM_2_5x/results/sweep_2_exp_0_checkpoints.csv
0300030003030303030300033,0.0059604203061038,0.0001242911093868,29885208,results/ebbi/SC5_HBD_MWPM_2_5x/results/sweep_2_exp_0_checkpoints.csv
0303030003030303030300030,0.0058634742491475,0.000119410768093,37165646,results/ebbi/SC5_HBD_MWPM_2_5x/results/sweep_2_exp_0_checkpoints.csv
0303000003030303030303030,0.0055902930018872,0.0001150940079241,46788480,results/ebbi/SC5_HBD_MWPM_2_5x/results/sweep_2_exp_0_checkpoints.csv
0303030303030303030303330,0.0053804195017713,0.000109714383143,59131238,results/ebbi/SC5_HBD_MWPM_2_5x/results/sweep_2_exp_0_checkpoints.csv
0303030303030303030303330,0.00536743807552,7.305525650735945e-05,74101452,results/ebbi/SC5_HBD_MWPM_2_5x/results/sweep_2_exp_0_checkpoints.csv
0303030303030303030303030,0.0052752616126526,4.886916576651856e-05,93761745,results/ebbi/SC5_HBD_MWPM_2_5x/results/sweep_2_exp_0_checkpoints.csv
0303030303030303030303030,0.005298779476433,3.265161285526119e-05,119194604,results/ebbi/SC5_HBD_MWPM_2_5x/results/sweep_2_exp_0_checkpoints.csv
0303030303030303030303030,0.005298779476433,3.265161285526119e-05,147906309,results/ebbi/SC5_HBD_MWPM_2_5x/results/sweep_2_exp_0_checkpoints.csv
0303030303030303030303030,0.005298779476433,3.265161285526119e-05,185547640,results/ebbi/SC5_HBD_MWPM_2_5x/results/sweep_2_exp_0_checkpoints.csv
0303030303030303030303030,0.0052834080490119,2.1736317648901604e-05,239356441,results/ebbi/SC5_HBD_MWPM_2_5x/results/sweep_2_exp_0_checkpoints.csv
0303030303030303030303030,0.0052834080490119,2.1736317648901604e-05,294602685,results/ebbi/SC5_HBD_MWPM_2_5x/results/sweep_2_exp_0_checkpoints.csv
0303030303030303030303030,0.0052834080490119,2.1736317648901604e-05,370161524,results/ebbi/SC5_HBD_MWPM_2_5x/results/sweep_2_exp_0_checkpoints.csv
0303030303030303030303030,0.0052834080490119,2.1736317648901604e-05,466079998,results/ebbi/SC5_HBD_MWPM_2_5x/results/sweep_2_exp_0_checkpoints.csv
0303030303030303030303030,0.0052834080490119,2.1736317648901604e-05,586817651,results/ebbi/SC5_HBD_MWPM_2_5x/results/sweep_2_exp_0_checkpoints.csv
0303030303030303030303030,0.0052834080490119,2.1736317648901604e-05,738619693,results/ebbi/SC5_HBD_MWPM_2_5x/results/sweep_2_exp_0_checkpoints.csv
0303030303030303030303030,0.0052834080490119,2.1736317648901604e-05,929851257,results/ebbi/SC5_HBD_MWPM_2_5x/results/sweep_2_exp_0_checkpoints.csv
0303030303030303030303030,0.0052834080490119,2.1736317648901604e-05,1170610428,results/ebbi/SC5_HBD_MWPM_2_5x/results/sweep_2_exp_0_checkpoints.csv
0303030303030303030303030,0.0052834080490119,2.1736317648901604e-05,1473725667,results/ebbi/SC5_HBD_MWPM_2_5x/results/sweep_2_exp_0_checkpoints.csv
0303030303030303030303030,0.0052834080490119,2.1736317648901604e-05,1855236636,results/ebbi/SC5_HBD_MWPM_2_5x/results/sweep_2_exp_0_checkpoints.csv
0303030303030303030303030,0.0052834080490119,2.1736317648901604e-05,2335645206,results/ebbi/SC5_HBD_MWPM_2_5x/results/sweep_2_exp_0_checkpoints.csv
0303030303030303030303030,0.0052834080490119,2.1736317648901604e-05,2940194577,results/ebbi/SC5_HBD_MWPM_2_5x/results/sweep_2_exp_0_checkpoints.csv
0303030303030303030303030,0.0052834080490119,2.1736317648901604e-05,3701495995,results/ebbi/SC5_HBD_MWPM_2_5x/results/sweep_2_exp_0_checkpoints.csv
0303030303030303030303030,0.0052834080490119,2.1736317648901604e-05,4659870265,results/ebbi/SC5_HBD_MWPM_2_5x/results/sweep_2_exp_0_checkpoints.csv
0303030303030303030303030,0.0052834080490119,2.1736317648901604e-05,5866529410,results/ebbi/SC5_HBD_MWPM_2_5x/results/sweep_2_exp_0_checkpoints.csv
0303030303030303030303030,0.0052834080490119,2.1736317648901604e-05,7385389131,results/ebbi/SC5_HBD_MWPM_2_5x/results/sweep_2_exp_0_checkpoints.csv
0303030303030303030303030,0.0052834080490119,2.1736317648901604e-05,9297751012,results/ebbi/SC5_HBD_MWPM_2_5x/results/sweep_2_exp_0_checkpoints.csv
0303030303030303030303030,0.0052834080490119,2.1736317648901604e-05,11705178826,results/ebbi/SC5_HBD_MWPM_2_5x/results/sweep_2_exp_0_checkpoints.csv
0303030303030303030303030,0.0052834080490119,2.1736317648901604e-05,14735937384,results/ebbi/SC5_HBD_MWPM_2_5x/results/sweep_2_exp_0_checkpoints.csv
0303030303030303030303030,0.0052834080490119,2.1736317648901604e-05,18551217966,results/ebbi/SC5_HBD_MWPM_2_5x/results/sweep_2_exp_0_checkpoints.csv
0303030303030303030303030,0.0052834080490119,2.1736317648901604e-05,23354726007,results/ebbi/SC5_HBD_MWPM_2_5x/results/sweep_2_exp_0_checkpoints.csv
0303030303030303030303030,0.0052834080490119,2.1736317648901604e-05,29401690880,results/ebbi/SC5_HBD_MWPM_2_5x/results/sweep_2_exp_0_checkpoints.csv
0303030303030303030303030,0.0052834080490119,2.1736317648901604e-05,37014731549,results/ebbi/SC5_HBD_MWPM_2_5x/results/sweep_2_exp_0_checkpoints.csv
0303030303030303030303030,0.0052834080490119,2.1736317648901604e-05,46598737190,results/ebbi/SC5_HBD_MWPM_2_5x/results/sweep_2_exp_0_checkpoints.csv
0303030303030303030303030,0.0052834080490119,2.1736317648901604e-05,58664087765,results/ebbi/SC5_HBD_MWPM_2_5x/results/sweep_2_exp_0_checkpoints.csv
0303030303030303030303030,0.0052834080490119,2.1736317648901604e-05,73853709658,results/ebbi/SC5_HBD_MWPM_2_5x/results/sweep_2_exp_0_checkpoints.csv
0303030303030303030303030,0.0052834080490119,2.1736317648901604e-05,92976435574,results/ebbi/SC5_HBD_MWPM_2_5x/results/sweep_2_exp_0_checkpoints.csv
0303030303030303030303030,0.0052834080490119,2.1736317648901604e-05,100000000000,results/ebbi/SC5_HBD_MWPM_2_5x/results/sweep_2_exp_0_checkpoints.csv
0033330330030320000002023,0.0084894582045011,0.0003011363733094,531746,results/ebbi/SC5_HBD_MWPM_2_5x/results/sweep_13_exp_0_checkpoints.csv
2033330333030320030002003,0.0072897995305129,0.0002329657436348,1541877,results/ebbi/SC5_HBD_MWPM_2_5x/results/sweep_13_exp_0_checkpoints.csv
2033330333030320030002003,0.0072897995305129,0.0002329657436348,1748343,results/ebbi/SC5_HBD_MWPM_2_5x/results/sweep_13_exp_0_checkpoints.csv
2033330333030320030002003,0.0072897995305129,0.0002329657436348,2305214,results/ebbi/SC5_HBD_MWPM_2_5x/results/sweep_13_exp_0_checkpoints.csv
2033330333030320030002003,0.0072897995305129,0.0002329657436348,2730644,results/ebbi/SC5_HBD_MWPM_2_5x/results/sweep_13_exp_0_checkpoints.csv
2033330333030320030002023,0.0072875009281751,0.0001599376118974,3397903,results/ebbi/SC5_HBD_MWPM_2_5x/results/sweep_13_exp_0_checkpoints.csv
2033330333030320030002023,0.0072875009281751,0.0001599376118974,4286502,results/ebbi/SC5_HBD_MWPM_2_5x/results/sweep_13_exp_0_checkpoints.csv
2033330333030320030002023,0.0072875009281751,0.0001599376118974,5331405,results/ebbi/SC5_HBD_MWPM_2_5x/results/sweep_13_exp_0_checkpoints.csv
0033330333030320030002023,0.0073198461015276,0.0001100587396649,6860164,results/ebbi/SC5_HBD_MWPM_2_5x/results/sweep_13_exp_0_checkpoints.csv
0033330333030320030002023,0.0073198461015276,0.0001100587396649,8766071,results/ebbi/SC5_HBD_MWPM_2_5x/results/sweep_13_exp_0_checkpoints.csv
0033330333030320030002003,0.0072235842851163,0.0001464297674829,10747127,results/ebbi/SC5_HBD_MWPM_2_5x/results/sweep_13_exp_0_checkpoints.csv
0033330333030320030002003,0.0072235842851163,0.0001464297674829,13772250,results/ebbi/SC5_HBD_MWPM_2_5x/results/sweep_13_exp_0_checkpoints.csv
0003300333030320030000023,0.0069823477728374,0.0002148279454559,16890947,results/ebbi/SC5_HBD_MWPM_2_5x/results/sweep_13_exp_0_checkpoints.csv
0003330333030320030000023,0.0069873900378909,9.59788158070296e-05,21214034,results/ebbi/SC5_HBD_MWPM_2_5x/results/sweep_13_exp_0_checkpoints.csv
0003330333030320030000023,0.0069873900378909,9.59788158070296e-05,26791908,results/ebbi/SC5_HBD_MWPM_2_5x/results/sweep_13_exp_0_checkpoints.csv
0003330333030320030200023,0.0070487126984066,9.396890527568758e-05,34522624,results/ebbi/SC5_HBD_MWPM_2_5x/results/sweep_13_exp_0_checkpoints.csv
0003330333030320030200003,0.0070115440163869,6.240558286663145e-05,44061699,results/ebbi/SC5_HBD_MWPM_2_5x/results/sweep_13_exp_0_checkpoints.csv
0303330333030320030200032,0.0065068535555528,0.0002000556269194,53187716,results/ebbi/SC5_HBD_MWPM_2_5x/results/sweep_13_exp_0_checkpoints.csv
0303330333030320030200032,0.0065109692220957,8.894220081856474e-05,67457125,results/ebbi/SC5_HBD_MWPM_2_5x/results/sweep_13_exp_0_checkpoints.csv
0303030303030320030300030,0.0056213416368508,0.0001180958788609,84289597,results/ebbi/SC5_HBD_MWPM_2_5x/results/sweep_13_exp_0_checkpoints.csv
0303330303030323030300030,0.0056264389278986,7.576339703518897e-05,107034770,results/ebbi/SC5_HBD_MWPM_2_5x/results/sweep_13_exp_0_checkpoints.csv
0303030303030303030303030,0.005197592046189,0.0001066218901542,133575938,results/ebbi/SC5_HBD_MWPM_2_5x/results/sweep_13_exp_0_checkpoints.csv
0303030303030303030303030,0.0052728542466867,4.772769170813263e-05,168305807,results/ebbi/SC5_HBD_MWPM_2_5x/results/sweep_13_exp_0_checkpoints.csv
0303030303030303030303030,0.0052793718259781,3.183802982675843e-05,213411871,results/ebbi/SC5_HBD_MWPM_2_5x/results/sweep_13_exp_0_checkpoints.csv
0303030303030303030303030,0.0052793718259781,3.183802982675843e-05,267612307,results/ebbi/SC5_HBD_MWPM_2_5x/results/sweep_13_exp_0_checkpoints.csv
0303030303030303030303030,0.0052793718259781,3.183802982675843e-05,335554404,results/ebbi/SC5_HBD_MWPM_2_5x/results/sweep_13_exp_0_checkpoints.csv
0303030303030303030303030,0.0052793718259781,3.183802982675843e-05,423796515,results/ebbi/SC5_HBD_MWPM_2_5x/results/sweep_13_exp_0_checkpoints.csv
0303030303030303030303030,0.0052793718259781,3.183802982675843e-05,531896808,results/ebbi/SC5_HBD_MWPM_2_5x/results/sweep_13_exp_0_checkpoints.csv
0303030303030303030303030,0.0052793718259781,3.183802982675843e-05,669650693,results/ebbi/SC5_HBD_MWPM_2_5x/results/sweep_13_exp_0_checkpoints.csv
0303030303030303030303030,0.0052793718259781,3.183802982675843e-05,842868323,results/ebbi/SC5_HBD_MWPM_2_5x/results/sweep_13_exp_0_checkpoints.csv
0303030303030303030303030,0.0052793718259781,3.183802982675843e-05,1061003078,results/ebbi/SC5_HBD_MWPM_2_5x/results/sweep_13_exp_0_checkpoints.csv
0303030303030303030303030,0.0052793718259781,3.183802982675843e-05,1335864671,results/ebbi/SC5_HBD_MWPM_2_5x/results/sweep_13_exp_0_checkpoints.csv
0303030303030303030303030,0.0052793718259781,3.183802982675843e-05,1681706933,results/ebbi/SC5_HBD_MWPM_2_5x/results/sweep_13_exp_0_checkpoints.csv
0303030303030303030303030,0.0052793718259781,3.183802982675843e-05,2116940516,results/ebbi/SC5_HBD_MWPM_2_5x/results/sweep_13_exp_0_checkpoints.csv
0303030303030303030303030,0.0052793718259781,3.183802982675843e-05,2665063916,results/ebbi/SC5_HBD_MWPM_2_5x/results/sweep_13_exp_0_checkpoints.csv
0303030303030303030303030,0.0052793718259781,3.183802982675843e-05,3355253558,results/ebbi/SC5_HBD_MWPM_2_5x/results/sweep_13_exp_0_checkpoints.csv
0303030303030303030303030,0.0052793718259781,3.183802982675843e-05,4223898017,results/ebbi/SC5_HBD_MWPM_2_5x/results/sweep_13_exp_0_checkpoints.csv
0303030303030303030303030,0.0052793718259781,3.183802982675843e-05,5317600895,results/ebbi/SC5_HBD_MWPM_2_5x/results/sweep_13_exp_0_checkpoints.csv
0303030303030303030303030,0.0052793718259781,3.183802982675843e-05,6694387217,results/ebbi/SC5_HBD_MWPM_2_5x/results/sweep_13_exp_0_checkpoints.csv
0303030303030303030303030,0.0052793718259781,3.183802982675843e-05,8427676670,results/ebbi/SC5_HBD_MWPM_2_5x/results/sweep_13_exp_0_checkpoints.csv
0303030303030303030303030,0.0052793718259781,3.183802982675843e-05,10609771661,results/ebbi/SC5_HBD_MWPM_2_5x/results/sweep_13_exp_0_checkpoints.csv
0303030303030303030303030,0.0052793718259781,3.183802982675843e-05,13357010726,results/ebbi/SC5_HBD_MWPM_2_5x/results/sweep_13_exp_0_checkpoints.csv
0303030303030303030303030,0.0052793718259781,3.183802982675843e-05,16815380894,results/ebbi/SC5_HBD_MWPM_2_5x/results/sweep_13_exp_0_checkpoints.csv
0303030303030303030303030,0.0052793718259781,3.183802982675843e-05,21169290284,results/ebbi/SC5_HBD_MWPM_2_5x/results/sweep_13_exp_0_checkpoints.csv
0303030303030303030303030,0.0052793718259781,3.183802982675843e-05,26650629188,results/ebbi/SC5_HBD_MWPM_2_5x/results/sweep_13_exp_0_checkpoints.csv
0303030303030303030303030,0.0052793718259781,3.183802982675843e-05,33550952048,results/ebbi/SC5_HBD_MWPM_2_5x/results/sweep_13_exp_0_checkpoints.csv
0303030303030303030303030,0.0052793718259781,3.183802982675843e-05,42238157192,results/ebbi/SC5_HBD_MWPM_2_5x/results/sweep_13_exp_0_checkpoints.csv
0303030303030303030303030,0.0052793718259781,3.183802982675843e-05,53174713904,results/ebbi/SC5_HBD_MWPM_2_5x/results/sweep_13_exp_0_checkpoints.csv
0303030303030303030303030,0.0052793718259781,3.183802982675843e-05,66942996740,results/ebbi/SC5_HBD_MWPM_2_5x/results/sweep_13_exp_0_checkpoints.csv
0303030303030303030303030,0.0052793718259781,3.183802982675843e-05,84276179756,results/ebbi/SC5_HBD_MWPM_2_5x/results/sweep_13_exp_0_checkpoints.csv
0303030303030303030303030,0.0052793718259781,3.183802982675843e-05,100000000000,results/ebbi/SC5_HBD_MWPM_2_5x/results/sweep_13_exp_0_checkpoints.csv
0330300303332302300030300,0.0091548486210248,0.0003078929439652,739814,results/ebbi/SC5_HBD_MWPM_2_5x/results/sweep_4_exp_0_checkpoints.csv
0303300303330303300030300,0.0073208607557494,0.0002591803204268,1804246,results/ebbi/SC5_HBD_MWPM_2_5x/results/sweep_4_exp_0_checkpoints.csv
0303300303030303300030300,0.0071518328366782,0.0002258018794236,2332833,results/ebbi/SC5_HBD_MWPM_2_5x/results/sweep_4_exp_0_checkpoints.csv
0303000303030303300030300,0.0071014305088904,0.0002192113024648,2911997,results/ebbi/SC5_HBD_MWPM_2_5x/results/sweep_4_exp_0_checkpoints.csv
0303000303030303300030300,0.0071014305088904,0.0002192113024648,2991703,results/ebbi/SC5_HBD_MWPM_2_5x/results/sweep_4_exp_0_checkpoints.csv
0303000303030303300030300,0.0071014305088904,0.0002192113024648,3767402,results/ebbi/SC5_HBD_MWPM_2_5x/results/sweep_4_exp_0_checkpoints.csv
2303000303030303300030300,0.0071029288702928,0.0002172853419324,4762170,results/ebbi/SC5_HBD_MWPM_2_5x/results/sweep_4_exp_0_checkpoints.csv
0003000303030303330030300,0.0068315773600739,0.0002109100023517,6230930,results/ebbi/SC5_HBD_MWPM_2_5x/results/sweep_4_exp_0_checkpoints.csv
0003000303030303330030300,0.0068315773600739,0.0002109100023517,7435106,results/ebbi/SC5_HBD_MWPM_2_5x/results/sweep_4_exp_0_checkpoints.csv
0003000303030303330030300,0.0068971947911172,0.0001412764686392,9611900,results/ebbi/SC5_HBD_MWPM_2_5x/results/sweep_4_exp_0_checkpoints.csv
0003000303030303330030300,0.0068971947911172,0.0001412764686392,12115112,results/ebbi/SC5_HBD_MWPM_2_5x/results/sweep_4_exp_0_checkpoints.csv
0303000303030303330030300,0.0067410838970571,9.369941835757344e-05,14764840,results/ebbi/SC5_HBD_MWPM_2_5x/results/sweep_4_exp_0_checkpoints.csv
0303000303030303330030300,0.0067410838970571,9.369941835757344e-05,18618655,results/ebbi/SC5_HBD_MWPM_2_5x/results/sweep_4_exp_0_checkpoints.csv
0303000303030303330030300,0.0067403681968378,6.24630629317835e-05,24716159,results/ebbi/SC5_HBD_MWPM_2_5x/results/sweep_4_exp_0_checkpoints.csv
0303000303030303330000300,0.0065777353294806,8.89945004018955e-05,29791708,results/ebbi/SC5_HBD_MWPM_2_5x/results/sweep_4_exp_0_checkpoints.csv
0303000303030303330002300,0.0065391935757998,8.849106234265491e-05,37734976,results/ebbi/SC5_HBD_MWPM_2_5x/results/sweep_4_exp_0_checkpoints.csv
0303000303030303330002300,0.0065391935757998,8.849106234265491e-05,47129887,results/ebbi/SC5_HBD_MWPM_2_5x/results/sweep_4_exp_0_checkpoints.csv
0303000303030303330002230,0.0065698437080289,5.834548574057408e-05,60572781,results/ebbi/SC5_HBD_MWPM_2_5x/results/sweep_4_exp_0_checkpoints.csv
0303000303030303330002230,0.0065698437080289,5.834548574057408e-05,75823450,results/ebbi/SC5_HBD_MWPM_2_5x/results/sweep_4_exp_0_checkpoints.csv
0303000303030303330002230,0.0065698437080289,5.834548574057408e-05,93149725,results/ebbi/SC5_HBD_MWPM_2_5x/results/sweep_4_exp_0_checkpoints.csv
0303000303030303030000230,0.0058919396314061,0.0001195407530758,117730771,results/ebbi/SC5_HBD_MWPM_2_5x/results/sweep_4_exp_0_checkpoints.csv
0303030303030303030303230,0.0054028551077479,0.0001109385411837,147676880,results/ebbi/SC5_HBD_MWPM_2_5x/results/sweep_4_exp_0_checkpoints.csv
2303030303030303030003030,0.0053513648974414,0.0001086476331693,185941718,results/ebbi/SC5_HBD_MWPM_2_5x/results/sweep_4_exp_0_checkpoints.csv
0003030303030303030303033,0.0051801779705083,0.0001589951425557,234068895,results/ebbi/SC5_HBD_MWPM_2_5x/results/sweep_4_exp_0_checkpoints.csv
0303030303030303030303033,0.0053715914054537,4.811633334611543e-05,295851478,results/ebbi/SC5_HBD_MWPM_2_5x/results/sweep_4_exp_0_checkpoints.csv
0303030303030303030303030,0.0052836809706875,3.146217932226136e-05,370824389,results/ebbi/SC5_HBD_MWPM_2_5x/results/sweep_4_exp_0_checkpoints.csv
0303030303030303030303030,0.0052836809706875,3.146217932226136e-05,467108015,results/ebbi/SC5_HBD_MWPM_2_5x/results/sweep_4_exp_0_checkpoints.csv
0303030303030303030303030,0.0052836809706875,3.146217932226136e-05,587821637,results/ebbi/SC5_HBD_MWPM_2_5x/results/sweep_4_exp_0_checkpoints.csv
0303030303030303030303030,0.0052836809706875,3.146217932226136e-05,739856425,results/ebbi/SC5_HBD_MWPM_2_5x/results/sweep_4_exp_0_checkpoints.csv
0303030303030303030303030,0.0052836809706875,3.146217932226136e-05,931495159,results/ebbi/SC5_HBD_MWPM_2_5x/results/sweep_4_exp_0_checkpoints.csv
0303030303030303030303030,0.0052836809706875,3.146217932226136e-05,1172696233,results/ebbi/SC5_HBD_MWPM_2_5x/results/sweep_4_exp_0_checkpoints.csv
0303030303030303030303030,0.0052836809706875,3.146217932226136e-05,1476178932,results/ebbi/SC5_HBD_MWPM_2_5x/results/sweep_4_exp_0_checkpoints.csv
0303030303030303030303030,0.0052836809706875,3.146217932226136e-05,1858446543,results/ebbi/SC5_HBD_MWPM_2_5x/results/sweep_4_exp_0_checkpoints.csv
0303030303030303030303030,0.0052836809706875,3.146217932226136e-05,2339504331,results/ebbi/SC5_HBD_MWPM_2_5x/results/sweep_4_exp_0_checkpoints.csv
0303030303030303030303030,0.0052836809706875,3.146217932226136e-05,2945453264,results/ebbi/SC5_HBD_MWPM_2_5x/results/sweep_4_exp_0_checkpoints.csv
0303030303030303030303030,0.0052836809706875,3.146217932226136e-05,3708060451,results/ebbi/SC5_HBD_MWPM_2_5x/results/sweep_4_exp_0_checkpoints.csv
0303030303030303030303030,0.0052836809706875,3.146217932226136e-05,4668116846,results/ebbi/SC5_HBD_MWPM_2_5x/results/sweep_4_exp_0_checkpoints.csv
0303030303030303030303030,0.0052836809706875,3.146217932226136e-05,5876552112,results/ebbi/SC5_HBD_MWPM_2_5x/results/sweep_4_exp_0_checkpoints.csv
0303030303030303030303030,0.0052836809706875,3.146217932226136e-05,7398330121,results/ebbi/SC5_HBD_MWPM_2_5x/results/sweep_4_exp_0_checkpoints.csv
0303030303030303030303030,0.0052836809706875,3.146217932226136e-05,9313865442,results/ebbi/SC5_HBD_MWPM_2_5x/results/sweep_4_exp_0_checkpoints.csv
0303030303030303030303030,0.0052836809706875,3.146217932226136e-05,11725292867,results/ebbi/SC5_HBD_MWPM_2_5x/results/sweep_4_exp_0_checkpoints.csv
0303030303030303030303030,0.0052836809706875,3.146217932226136e-05,14761412115,results/ebbi/SC5_HBD_MWPM_2_5x/results/sweep_4_exp_0_checkpoints.csv
0303030303030303030303030,0.0052836809706875,3.146217932226136e-05,18583301550,results/ebbi/SC5_HBD_MWPM_2_5x/results/sweep_4_exp_0_checkpoints.csv
0303030303030303030303030,0.0052836809706875,3.146217932226136e-05,23395033990,results/ebbi/SC5_HBD_MWPM_2_5x/results/sweep_4_exp_0_checkpoints.csv
0303030303030303030303030,0.0052836809706875,3.146217932226136e-05,29452556272,results/ebbi/SC5_HBD_MWPM_2_5x/results/sweep_4_exp_0_checkpoints.csv
0303030303030303030303030,0.0052836809706875,3.146217932226136e-05,37078720280,results/ebbi/SC5_HBD_MWPM_2_5x/results/sweep_4_exp_0_checkpoints.csv
0303030303030303030303030,0.0052836809706875,3.146217932226136e-05,46679258302,results/ebbi/SC5_HBD_MWPM_2_5x/results/sweep_4_exp_0_checkpoints.csv
0303030303030303030303030,0.0052836809706875,3.146217932226136e-05,58765709880,results/ebbi/SC5_HBD_MWPM_2_5x/results/sweep_4_exp_0_checkpoints.csv
0303030303030303030303030,0.0052836809706875,3.146217932226136e-05,73981601504,results/ebbi/SC5_HBD_MWPM_2_5x/results/sweep_4_exp_0_checkpoints.csv
0303030303030303030303030,0.0052836809706875,3.146217932226136e-05,93137243520,results/ebbi/SC5_HBD_MWPM_2_5x/results/sweep_4_exp_0_checkpoints.csv
0303030303030303030303030,0.0052836809706875,3.146217932226136e-05,100000000000,results/ebbi/SC5_HBD_MWPM_2_5x/results/sweep_4_exp_0_checkpoints.csv
2000230303200222003300330,0.0090887347524515,0.0003129070391878,772116,results/ebbi/SC5_HBD_MWPM_2_5x/results/sweep_15_exp_0_checkpoints.csv
2300230303200322003300330,0.0082182199685259,0.0002738785988185,1536748,results/ebbi/SC5_HBD_MWPM_2_5x/results/sweep_15_exp_0_checkpoints.csv
2300230303200322033300330,0.0078913345105953,0.0002484341675881,2310294,results/ebbi/SC5_HBD_MWPM_2_5x/results/sweep_15_exp_0_checkpoints.csv
2300030303200322033300330,0.0077865279768324,0.0002389045985182,3170998,results/ebbi/SC5_HBD_MWPM_2_5x/results/sweep_15_exp_0_checkpoints.csv
2300030303200322033300330,0.0077865279768324,0.0002389045985182,3909726,results/ebbi/SC5_HBD_MWPM_2_5x/results/sweep_15_exp_0_checkpoints.csv
2300030303200322033300330,0.0075025774719104,0.0001563620462547,5246102,results/ebbi/SC5_HBD_MWPM_2_5x/results/sweep_15_exp_0_checkpoints.csv
2300030303330322030300330,0.0063469961607094,0.0002064673317363,6376084,results/ebbi/SC5_HBD_MWPM_2_5x/results/sweep_15_exp_0_checkpoints.csv
2300030303330300030300330,0.0060381906697546,0.0001883063378045,7765926,results/ebbi/SC5_HBD_MWPM_2_5x/results/sweep_15_exp_0_checkpoints.csv
2300030303330300030300330,0.0060381906697546,0.0001883063378045,9810330,results/ebbi/SC5_HBD_MWPM_2_5x/results/sweep_15_exp_0_checkpoints.csv
2300030303330300030300330,0.0060381906697546,0.0001883063378045,12241345,results/ebbi/SC5_HBD_MWPM_2_5x/results/sweep_15_exp_0_checkpoints.csv
0300030303330300030300330,0.0061218744401504,0.0001247871405212,15762268,results/ebbi/SC5_HBD_MWPM_2_5x/results/sweep_15_exp_0_checkpoints.csv
3300030303330300030300330,0.0061198679476316,0.0001236654061358,19615192,results/ebbi/SC5_HBD_MWPM_2_5x/results/sweep_15_exp_0_checkpoints.csv
2300030303330303030300330,0.0061519532451553,8.299968612845987e-05,24469599,results/ebbi/SC5_HBD_MWPM_2_5x/results/sweep_15_exp_0_checkpoints.csv
0303030303330300030300330,0.0060372683950432,8.132316725095734e-05,31949102,results/ebbi/SC5_HBD_MWPM_2_5x/results/sweep_15_exp_0_checkpoints.csv
0300030303030300030300330,0.0060335205302588,8.097039244603366e-05,39309641,results/ebbi/SC5_HBD_MWPM_2_5x/results/sweep_15_exp_0_checkpoints.csv
0300030303030300030300330,0.0060335205302588,8.097039244603366e-05,48992635,results/ebbi/SC5_HBD_MWPM_2_5x/results/sweep_15_exp_0_checkpoints.csv
0303030303330303030303330,0.0057384603379807,7.756507693557069e-05,62534725,results/ebbi/SC5_HBD_MWPM_2_5x/results/sweep_15_exp_0_checkpoints.csv
0203030303330303030303030,0.0055368468896556,0.000168639133335,77508322,results/ebbi/SC5_HBD_MWPM_2_5x/results/sweep_15_exp_0_checkpoints.csv
0203030303330303030303030,0.0056644404007188,5.0536764319986105e-05,99707379,results/ebbi/SC5_HBD_MWPM_2_5x/results/sweep_15_exp_0_checkpoints.csv
0203030303330303030303030,0.0056644404007188,5.0536764319986105e-05,122631450,results/ebbi/SC5_HBD_MWPM_2_5x/results/sweep_15_exp_0_checkpoints.csv
0303030303330303030302030,0.0054431917263485,0.0001651792408665,154238766,results/ebbi/SC5_HBD_MWPM_2_5x/results/sweep_15_exp_0_checkpoints.csv
0303030303330303030303030,0.0054955791008412,4.977709977538325e-05,194778114,results/ebbi/SC5_HBD_MWPM_2_5x/results/sweep_15_exp_0_checkpoints.csv
0303030303030303030303030,0.0052388602284576,7.129653386073187e-05,245289039,results/ebbi/SC5_HBD_MWPM_2_5x/results/sweep_15_exp_0_checkpoints.csv
0303030303030303030300030,0.0051150799371661,6.902132736286148e-05,307512146,results/ebbi/SC5_HBD_MWPM_2_5x/results/sweep_15_exp_0_checkpoints.csv
0303030303030303030300030,0.0051150799371661,6.902132736286148e-05,387012056,results/ebbi/SC5_HBD_MWPM_2_5x/results/sweep_15_exp_0_checkpoints.csv
0303030303030303030300030,0.0051150799371661,6.902132736286148e-05,487183018,results/ebbi/SC5_HBD_MWPM_2_5x/results/sweep_15_exp_0_checkpoints.csv
0303030303030303030300030,0.0051150799371661,6.902132736286148e-05,613337028,results/ebbi/SC5_HBD_MWPM_2_5x/results/sweep_15_exp_0_checkpoints.csv
0303030303030303030300030,0.0051150799371661,6.902132736286148e-05,772278857,results/ebbi/SC5_HBD_MWPM_2_5x/results/sweep_15_exp_0_checkpoints.csv
0303030303030303030300030,0.0051150799371661,6.902132736286148e-05,972049294,results/ebbi/SC5_HBD_MWPM_2_5x/results/sweep_15_exp_0_checkpoints.csv
0303030303030303030300030,0.0051150799371661,6.902132736286148e-05,1223905446,results/ebbi/SC5_HBD_MWPM_2_5x/results/sweep_15_exp_0_checkpoints.csv
0303030303030303030300030,0.0051150799371661,6.902132736286148e-05,1540685993,results/ebbi/SC5_HBD_MWPM_2_5x/results/sweep_15_exp_0_checkpoints.csv
0303030303030303030300030,0.0051150799371661,6.902132736286148e-05,1939628803,results/ebbi/SC5_HBD_MWPM_2_5x/results/sweep_15_exp_0_checkpoints.csv
0303030303030303030300030,0.0051150799371661,6.902132736286148e-05,2441759541,results/ebbi/SC5_HBD_MWPM_2_5x/results/sweep_15_exp_0_checkpoints.csv
0303030303030303030300030,0.0051150799371661,6.902132736286148e-05,3073858686,results/ebbi/SC5_HBD_MWPM_2_5x/results/sweep_15_exp_0_checkpoints.csv
0303030303030303030300030,0.0051150799371661,6.902132736286148e-05,3869750724,results/ebbi/SC5_HBD_MWPM_2_5x/results/sweep_15_exp_0_checkpoints.csv
0303030303030303030300030,0.0051150799371661,6.902132736286148e-05,4871752806,results/ebbi/SC5_HBD_MWPM_2_5x/results/sweep_15_exp_0_checkpoints.csv
0303030303030303030300030,0.0051150799371661,6.902132736286148e-05,6133346155,results/ebbi/SC5_HBD_MWPM_2_5x/results/sweep_15_exp_0_checkpoints.csv
0303030303030303030300030,0.0051150799371661,6.902132736286148e-05,7721209518,results/ebbi/SC5_HBD_MWPM_2_5x/results/sweep_15_exp_0_checkpoints.csv
0303030303030303030300030,0.0051150799371661,6.902132736286148e-05,9720468953,results/ebbi/SC5_HBD_MWPM_2_5x/results/sweep_15_exp_0_checkpoints.csv
0303030303030303030300030,0.0051150799371661,6.902132736286148e-05,12237236314,results/ebbi/SC5_HBD_MWPM_2_5x/results/sweep_15_exp_0_checkpoints.csv
0303030303030303030300030,0.0051150799371661,6.902132736286148e-05,15405919053,results/ebbi/SC5_HBD_MWPM_2_5x/results/sweep_15_exp_0_checkpoints.csv
0303030303030303030300030,0.0051150799371661,6.902132736286148e-05,19394695952,results/ebbi/SC5_HBD_MWPM_2_5x/results/sweep_15_exp_0_checkpoints.csv
0303030303030303030300030,0.0051150799371661,6.902132736286148e-05,24416521697,results/ebbi/SC5_HBD_MWPM_2_5x/results/sweep_15_exp_0_checkpoints.csv
0303030303030303030300030,0.0051150799371661,6.902132736286148e-05,30738523301,results/ebbi/SC5_HBD_MWPM_2_5x/results/sweep_15_exp_0_checkpoints.csv
0303030303030303030300030,0.0051150799371661,6.902132736286148e-05,38697550070,results/ebbi/SC5_HBD_MWPM_2_5x/results/sweep_15_exp_0_checkpoints.csv
0303030303030303030300030,0.0051150799371661,6.902132736286148e-05,48717305135,results/ebbi/SC5_HBD_MWPM_2_5x/results/sweep_15_exp_0_checkpoints.csv
0303030303030303030300030,0.0051150799371661,6.902132736286148e-05,61331378000,results/ebbi/SC5_HBD_MWPM_2_5x/results/sweep_15_exp_0_checkpoints.csv
0303030303030303030300030,0.0051150799371661,6.902132736286148e-05,77211739504,results/ebbi/SC5_HBD_MWPM_2_5x/results/sweep_15_exp_0_checkpoints.csv
0303030303030303030300030,0.0051150799371661,6.902132736286148e-05,97203828911,results/ebbi/SC5_HBD_MWPM_2_5x/results/sweep_15_exp_0_checkpoints.csv
0303030303030303030300030,0.0051150799371661,6.902132736286148e-05,100000000000,results/ebbi/SC5_HBD_MWPM_2_5x/results/sweep_15_exp_0_checkpoints.csv
0032000323030220033002033,0.0090500523302345,0.0003033475077245,822359,results/ebbi/SC5_HBD_MWPM_2_5x/results/sweep_22_exp_0_checkpoints.csv
0032000323030220033002033,0.0090500523302345,0.0003033475077245,1308598,results/ebbi/SC5_HBD_MWPM_2_5x/results/sweep_22_exp_0_checkpoints.csv
0032000323030220033002033,0.0090500523302345,0.0003033475077245,1677271,results/ebbi/SC5_HBD_MWPM_2_5x/results/sweep_22_exp_0_checkpoints.csv
0032000303030220033002033,0.0079890945142101,0.0002558825945015,2341942,results/ebbi/SC5_HBD_MWPM_2_5x/results/sweep_22_exp_0_checkpoints.csv
0032000303030220033002233,0.0079594678217821,0.0002471379120834,3160595,results/ebbi/SC5_HBD_MWPM_2_5x/results/sweep_22_exp_0_checkpoints.csv
0032000303030220033002233,0.0079594678217821,0.0002471379120834,3364092,results/ebbi/SC5_HBD_MWPM_2_5x/results/sweep_22_exp_0_checkpoints.csv
0032000303030220033002233,0.0079594678217821,0.0002471379120834,4156183,results/ebbi/SC5_HBD_MWPM_2_5x/results/sweep_22_exp_0_checkpoints.csv
0032000303030220033002033,0.0079717408945534,0.0001704058377072,5243672,results/ebbi/SC5_HBD_MWPM_2_5x/results/sweep_22_exp_0_checkpoints.csv
0032000303030220033002033,0.0079717408945534,0.0001704058377072,6826868,results/ebbi/SC5_HBD_MWPM_2_5x/results/sweep_22_exp_0_checkpoints.csv
0002000303030320033002033,0.0073553160877352,0.0002315062884008,8230556,results/ebbi/SC5_HBD_MWPM_2_5x/results/sweep_22_exp_0_checkpoints.csv
0022030303030320033002033,0.0071535347881584,0.0002201808820245,10484021,results/ebbi/SC5_HBD_MWPM_2_5x/results/sweep_22_exp_0_checkpoints.csv
0022030303030320033002033,0.0071172002038686,0.0001464176748413,13242733,results/ebbi/SC5_HBD_MWPM_2_5x/results/sweep_22_exp_0_checkpoints.csv
0022000303030303033002033,0.0069605906875114,0.0001420016778865,16414423,results/ebbi/SC5_HBD_MWPM_2_5x/results/sweep_22_exp_0_checkpoints.csv
0022000303030303033000033,0.0069099999433141,0.0001394616701873,20666846,results/ebbi/SC5_HBD_MWPM_2_5x/results/sweep_22_exp_0_checkpoints.csv
0022000303030303033000033,0.0068476671197346,9.2557274911087e-05,26015995,results/ebbi/SC5_HBD_MWPM_2_5x/results/sweep_22_exp_0_checkpoints.csv
0023000303030303033000033,0.0068283278340782,9.166658855974674e-05,33072800,results/ebbi/SC5_HBD_MWPM_2_5x/results/sweep_22_exp_0_checkpoints.csv
0003030303330303030002033,0.0058979939928902,0.0001834988361224,41453464,results/ebbi/SC5_HBD_MWPM_2_5x/results/sweep_22_exp_0_checkpoints.csv
0303030303330303030002033,0.0057570595168527,0.0001190515249618,52049894,results/ebbi/SC5_HBD_MWPM_2_5x/results/sweep_22_exp_0_checkpoints.csv
0303030303330303030002033,0.005885563860789,8.024358976399526e-05,65458904,results/ebbi/SC5_HBD_MWPM_2_5x/results/sweep_22_exp_0_checkpoints.csv
0303030303330303030002033,0.0059183434898955,5.364366006688215e-05,82792060,results/ebbi/SC5_HBD_MWPM_2_5x/results/sweep_22_exp_0_checkpoints.csv
0303030303030303030003030,0.0054900002748435,0.0001118259096983,104008518,results/ebbi/SC5_HBD_MWPM_2_5x/results/sweep_22_exp_0_checkpoints.csv
0303030303030303030303032,0.0052942273037966,7.095339969964698e-05,130411554,results/ebbi/SC5_HBD_MWPM_2_5x/results/sweep_22_exp_0_checkpoints.csv
0303030303030303030303032,0.0052942273037966,7.095339969964698e-05,164742652,results/ebbi/SC5_HBD_MWPM_2_5x/results/sweep_22_exp_0_checkpoints.csv
0303030303030303030303030,0.0052981337322441,3.231807568226941e-05,207016273,results/ebbi/SC5_HBD_MWPM_2_5x/results/sweep_22_exp_0_checkpoints.csv
0303030303030303030303030,0.0052981337322441,3.231807568226941e-05,260193406,results/ebbi/SC5_HBD_MWPM_2_5x/results/sweep_22_exp_0_checkpoints.csv
0303030303030303030303030,0.0052798797841258,2.1508436475414783e-05,333046651,results/ebbi/SC5_HBD_MWPM_2_5x/results/sweep_22_exp_0_checkpoints.csv
0303030303030303030303030,0.0052798797841258,2.1508436475414783e-05,412180852,results/ebbi/SC5_HBD_MWPM_2_5x/results/sweep_22_exp_0_checkpoints.csv
0303030303030303030303030,0.0052798797841258,2.1508436475414783e-05,518882843,results/ebbi/SC5_HBD_MWPM_2_5x/results/sweep_22_exp_0_checkpoints.csv
0303030303030303030303030,0.0052798797841258,2.1508436475414783e-05,653289726,results/ebbi/SC5_HBD_MWPM_2_5x/results/sweep_22_exp_0_checkpoints.csv
0303030303030303030303030,0.0052798797841258,2.1508436475414783e-05,822499900,results/ebbi/SC5_HBD_MWPM_2_5x/results/sweep_22_exp_0_checkpoints.csv
0303030303030303030303030,0.0052798797841258,2.1508436475414783e-05,1035499953,results/ebbi/SC5_HBD_MWPM_2_5x/results/sweep_22_exp_0_checkpoints.csv
0303030303030303030303030,0.0052798797841258,2.1508436475414783e-05,1303419968,results/ebbi/SC5_HBD_MWPM_2_5x/results/sweep_22_exp_0_checkpoints.csv
0303030303030303030303030,0.0052798797841258,2.1508436475414783e-05,1641002862,results/ebbi/SC5_HBD_MWPM_2_5x/results/sweep_22_exp_0_checkpoints.csv
0303030303030303030303030,0.0052798797841258,2.1508436475414783e-05,2065841457,results/ebbi/SC5_HBD_MWPM_2_5x/results/sweep_22_exp_0_checkpoints.csv
0303030303030303030303030,0.0052798797841258,2.1508436475414783e-05,2600684437,results/ebbi/SC5_HBD_MWPM_2_5x/results/sweep_22_exp_0_checkpoints.csv
0303030303030303030303030,0.0052798797841258,2.1508436475414783e-05,3273934825,results/ebbi/SC5_HBD_MWPM_2_5x/results/sweep_22_exp_0_checkpoints.csv
0303030303030303030303030,0.0052798797841258,2.1508436475414783e-05,4121709774,results/ebbi/SC5_HBD_MWPM_2_5x/results/sweep_22_exp_0_checkpoints.csv
0303030303030303030303030,0.0052798797841258,2.1508436475414783e-05,5188771925,results/ebbi/SC5_HBD_MWPM_2_5x/results/sweep_22_exp_0_checkpoints.csv
0303030303030303030303030,0.0052798797841258,2.1508436475414783e-05,6532240828,results/ebbi/SC5_HBD_MWPM_2_5x/results/sweep_22_exp_0_checkpoints.csv
0303030303030303030303030,0.0052798797841258,2.1508436475414783e-05,8223685227,results/ebbi/SC5_HBD_MWPM_2_5x/results/sweep_22_exp_0_checkpoints.csv
0303030303030303030303030,0.0052798797841258,2.1508436475414783e-05,10352939649,results/ebbi/SC5_HBD_MWPM_2_5x/results/sweep_22_exp_0_checkpoints.csv
0303030303030303030303030,0.0052798797841258,2.1508436475414783e-05,13033606706,results/ebbi/SC5_HBD_MWPM_2_5x/results/sweep_22_exp_0_checkpoints.csv
0303030303030303030303030,0.0052798797841258,2.1508436475414783e-05,16408379159,results/ebbi/SC5_HBD_MWPM_2_5x/results/sweep_22_exp_0_checkpoints.csv
0303030303030303030303030,0.0052798797841258,2.1508436475414783e-05,20656775402,results/ebbi/SC5_HBD_MWPM_2_5x/results/sweep_22_exp_0_checkpoints.csv
0303030303030303030303030,0.0052798797841258,2.1508436475414783e-05,26005475330,results/ebbi/SC5_HBD_MWPM_2_5x/results/sweep_22_exp_0_checkpoints.csv
0303030303030303030303030,0.0052798797841258,2.1508436475414783e-05,32738787539,results/ebbi/SC5_HBD_MWPM_2_5x/results/sweep_22_exp_0_checkpoints.csv
0303030303030303030303030,0.0052798797841258,2.1508436475414783e-05,41215722551,results/ebbi/SC5_HBD_MWPM_2_5x/results/sweep_22_exp_0_checkpoints.csv
0303030303030303030303030,0.0052798797841258,2.1508436475414783e-05,51887433770,results/ebbi/SC5_HBD_MWPM_2_5x/results/sweep_22_exp_0_checkpoints.csv
0303030303030303030303030,0.0052798797841258,2.1508436475414783e-05,65322380789,results/ebbi/SC5_HBD_MWPM_2_5x/results/sweep_22_exp_0_checkpoints.csv
0303030303030303030303030,0.0052798797841258,2.1508436475414783e-05,82235905469,results/ebbi/SC5_HBD_MWPM_2_5x/results/sweep_22_exp_0_checkpoints.csv
0303030303030303030303030,0.0052798797841258,2.1508436475414783e-05,100000000000,results/ebbi/SC5_HBD_MWPM_2_5x/results/sweep_22_exp_0_checkpoints.csv
