clifford_deformation,exp_ler,uncertainty,method_shots,source_file
2323022323030022303022020,0.0706734293265706,0.000181216164492,2000000,results/rs/SC5_HBD_MWPM_5x/results/sweep_2_exp_0_checkpoints.csv
2323022323030022303022020,0.0706734293265706,0.000181216164492,4000000,results/rs/SC5_HBD_MWPM_5x/results/sweep_2_exp_0_checkpoints.csv
2323022323030022303022020,0.0706734293265706,0.000181216164492,6000000,results/rs/SC5_HBD_MWPM_5x/results/sweep_2_exp_0_checkpoints.csv
2323022323030022303022020,0.0706734293265706,0.000181216164492,8000000,results/rs/SC5_HBD_MWPM_5x/results/sweep_2_exp_0_checkpoints.csv
2323022323030022303022020,0.0706734293265706,0.000181216164492,12000000,results/rs/SC5_HBD_MWPM_5x/results/sweep_2_exp_0_checkpoints.csv
2323022323030022303022020,0.0706734293265706,0.000181216164492,16000000,results/rs/SC5_HBD_MWPM_5x/results/sweep_2_exp_0_checkpoints.csv
3020332033230333020320232,0.0651999348000652,0.0001745691988617,22000000,results/rs/SC5_HBD_MWPM_5x/results/sweep_2_exp_0_checkpoints.csv
0320330202303330020300233,0.0649774350225649,0.0001742918248055,28000000,results/rs/SC5_HBD_MWPM_5x/results/sweep_2_exp_0_checkpoints.csv
2000333322000323300333333,0.0639169360830639,0.0001729616633383,36000000,results/rs/SC5_HBD_MWPM_5x/results/sweep_2_exp_0_checkpoints.csv
2000333322000323300333333,0.0639169360830639,0.0001729616633383,46000000,results/rs/SC5_HBD_MWPM_5x/results/sweep_2_exp_0_checkpoints.csv
2000333322000323300333333,0.0639169360830639,0.0001729616633383,58000000,results/rs/SC5_HBD_MWPM_5x/results/sweep_2_exp_0_checkpoints.csv
2000333322000323300333333,0.0639169360830639,0.0001729616633383,74000000,results/rs/SC5_HBD_MWPM_5x/results/sweep_2_exp_0_checkpoints.csv
0200320200030002300302033,0.0603799396200603,0.0001684252347331,94000000,results/rs/SC5_HBD_MWPM_5x/results/sweep_2_exp_0_checkpoints.csv
0200320200030002300302033,0.0603799396200603,0.0001684252347331,120000000,results/rs/SC5_HBD_MWPM_5x/results/sweep_2_exp_0_checkpoints.csv
0200320200030002300302033,0.0603799396200603,0.0001684252347331,152000000,results/rs/SC5_HBD_MWPM_5x/results/sweep_2_exp_0_checkpoints.csv
0200320200030002300302033,0.0603799396200603,0.0001684252347331,192000000,results/rs/SC5_HBD_MWPM_5x/results/sweep_2_exp_0_checkpoints.csv
0323320330230303030233322,0.0551469448530551,0.0001614089269423,242000000,results/rs/SC5_HBD_MWPM_5x/results/sweep_2_exp_0_checkpoints.csv
0200030300030233230303002,0.0514759485240514,0.0001562467659823,306000000,results/rs/SC5_HBD_MWPM_5x/results/sweep_2_exp_0_checkpoints.csv
0200030300030233230303002,0.0514759485240514,0.0001562467659823,386000000,results/rs/SC5_HBD_MWPM_5x/results/sweep_2_exp_0_checkpoints.csv
0200030300030233230303002,0.0514759485240514,0.0001562467659823,486000000,results/rs/SC5_HBD_MWPM_5x/results/sweep_2_exp_0_checkpoints.csv
0200030300030233230303002,0.0514759485240514,0.0001562467659823,612000000,results/rs/SC5_HBD_MWPM_5x/results/sweep_2_exp_0_checkpoints.csv
0200030300030233230303002,0.0514759485240514,0.0001562467659823,772000000,results/rs/SC5_HBD_MWPM_5x/results/sweep_2_exp_0_checkpoints.csv
0200030300030233230303002,0.0514759485240514,0.0001562467659823,972000000,results/rs/SC5_HBD_MWPM_5x/results/sweep_2_exp_0_checkpoints.csv
0200030300030233230303002,0.0514759485240514,0.0001562467659823,1224000000,results/rs/SC5_HBD_MWPM_5x/results/sweep_2_exp_0_checkpoints.csv
0200030300030233230303002,0.0514759485240514,0.0001562467659823,1542000000,results/rs/SC5_HBD_MWPM_5x/results/sweep_2_exp_0_checkpoints.csv
0200030300030233230303002,0.0514759485240514,0.0001562467659823,1942000000,results/rs/SC5_HBD_MWPM_5x/results/sweep_2_exp_0_checkpoints.csv
0200030300030233230303002,0.0514759485240514,0.0001562467659823,2446000000,results/rs/SC5_HBD_MWPM_5x/results/sweep_2_exp_0_checkpoints.csv
0300030303002333030203020,0.0491584508415491,0.0001528754801256,3080000000,results/rs/SC5_HBD_MWPM_5x/results/sweep_2_exp_0_checkpoints.csv
0300030303002333030203020,0.0491584508415491,0.0001528754801256,3878000000,results/rs/SC5_HBD_MWPM_5x/results/sweep_2_exp_0_checkpoints.csv
0300030303002333030203020,0.0491584508415491,0.0001528754801256,4884000000,results/rs/SC5_HBD_MWPM_5x/results/sweep_2_exp_0_checkpoints.csv
0300030303002333030203020,0.0491584508415491,0.0001528754801256,6150000000,results/rs/SC5_HBD_MWPM_5x/results/sweep_2_exp_0_checkpoints.csv
0300030303002333030203020,0.0491584508415491,0.0001528754801256,7744000000,results/rs/SC5_HBD_MWPM_5x/results/sweep_2_exp_0_checkpoints.csv
0300030303002333030203020,0.0491584508415491,0.0001528754801256,9750000000,results/rs/SC5_HBD_MWPM_5x/results/sweep_2_exp_0_checkpoints.csv
0300030303002333030203020,0.0491584508415491,0.0001528754801256,12276000000,results/rs/SC5_HBD_MWPM_5x/results/sweep_2_exp_0_checkpoints.csv
0300030303002333030203020,0.0491584508415491,0.0001528754801256,15456000000,results/rs/SC5_HBD_MWPM_5x/results/sweep_2_exp_0_checkpoints.csv
0300030303002333030203020,0.0491584508415491,0.0001528754801256,19458000000,results/rs/SC5_HBD_MWPM_5x/results/sweep_2_exp_0_checkpoints.csv
0300030303002333030203020,0.0491584508415491,0.0001528754801256,24498000000,results/rs/SC5_HBD_MWPM_5x/results/sweep_2_exp_0_checkpoints.csv
2300030333030303330202020,0.0482304517695482,0.0001514995092293,30842000000,results/rs/SC5_HBD_MWPM_5x/results/sweep_2_exp_0_checkpoints.csv
2300030333030303330202020,0.0482304517695482,0.0001514995092293,38828000000,results/rs/SC5_HBD_MWPM_5x/results/sweep_2_exp_0_checkpoints.csv
2300030333030303330202020,0.0482304517695482,0.0001514995092293,48882000000,results/rs/SC5_HBD_MWPM_5x/results/sweep_2_exp_0_checkpoints.csv
2300030333030303330202020,0.0482304517695482,0.0001514995092293,61540000000,results/rs/SC5_HBD_MWPM_5x/results/sweep_2_exp_0_checkpoints.csv
2300030333030303330202020,0.0482304517695482,0.0001514995092293,77476000000,results/rs/SC5_HBD_MWPM_5x/results/sweep_2_exp_0_checkpoints.csv
2300030333030303330202020,0.0482304517695482,0.0001514995092293,97538000000,results/rs/SC5_HBD_MWPM_5x/results/sweep_2_exp_0_checkpoints.csv
0202300020220002232032222,0.0817249182750817,0.0001937083434313,2000000,results/rs/SC5_HBD_MWPM_5x/results/sweep_4_exp_0_checkpoints.csv
2033230200000203232223300,0.0684549315450684,0.0001785619824659,4000000,results/rs/SC5_HBD_MWPM_5x/results/sweep_4_exp_0_checkpoints.csv
2033230200000203232223300,0.0684549315450684,0.0001785619824659,6000000,results/rs/SC5_HBD_MWPM_5x/results/sweep_4_exp_0_checkpoints.csv
2033230200000203232223300,0.0684549315450684,0.0001785619824659,8000000,results/rs/SC5_HBD_MWPM_5x/results/sweep_4_exp_0_checkpoints.csv
2033230200000203232223300,0.0684549315450684,0.0001785619824659,12000000,results/rs/SC5_HBD_MWPM_5x/results/sweep_4_exp_0_checkpoints.csv
2332320023230033032302232,0.0655719344280655,0.0001750316587276,16000000,results/rs/SC5_HBD_MWPM_5x/results/sweep_4_exp_0_checkpoints.csv
2332320023230033032302232,0.0655719344280655,0.0001750316587276,22000000,results/rs/SC5_HBD_MWPM_5x/results/sweep_4_exp_0_checkpoints.csv
2332320023230033032302232,0.0655719344280655,0.0001750316587276,28000000,results/rs/SC5_HBD_MWPM_5x/results/sweep_4_exp_0_checkpoints.csv
2332320023230033032302232,0.0655719344280655,0.0001750316587276,36000000,results/rs/SC5_HBD_MWPM_5x/results/sweep_4_exp_0_checkpoints.csv
2332320023230033032302232,0.0655719344280655,0.0001750316587276,46000000,results/rs/SC5_HBD_MWPM_5x/results/sweep_4_exp_0_checkpoints.csv
2332320023230033032302232,0.0655719344280655,0.0001750316587276,58000000,results/rs/SC5_HBD_MWPM_5x/results/sweep_4_exp_0_checkpoints.csv
3203330302233303032230320,0.0584959415040585,0.000165942881722,74000000,results/rs/SC5_HBD_MWPM_5x/results/sweep_4_exp_0_checkpoints.csv
3203330302233303032230320,0.0584959415040585,0.000165942881722,94000000,results/rs/SC5_HBD_MWPM_5x/results/sweep_4_exp_0_checkpoints.csv
3203330302233303032230320,0.0584959415040585,0.000165942881722,120000000,results/rs/SC5_HBD_MWPM_5x/results/sweep_4_exp_0_checkpoints.csv
3203330302233303032230320,0.0584959415040585,0.000165942881722,152000000,results/rs/SC5_HBD_MWPM_5x/results/sweep_4_exp_0_checkpoints.csv
3203330302233303032230320,0.0584959415040585,0.000165942881722,192000000,results/rs/SC5_HBD_MWPM_5x/results/sweep_4_exp_0_checkpoints.csv
3203330302233303032230320,0.0584959415040585,0.000165942881722,242000000,results/rs/SC5_HBD_MWPM_5x/results/sweep_4_exp_0_checkpoints.csv
3203330302233303032230320,0.0584959415040585,0.000165942881722,306000000,results/rs/SC5_HBD_MWPM_5x/results/sweep_4_exp_0_checkpoints.csv
0003032002030303020220023,0.0562649437350562,0.0001629403559491,386000000,results/rs/SC5_HBD_MWPM_5x/results/sweep_4_exp_0_checkpoints.csv
0033322332033303030323033,0.056057443942556,0.0001626575103728,486000000,results/rs/SC5_HBD_MWPM_5x/results/sweep_4_exp_0_checkpoints.csv
3303032332030300030020220,0.0546904453095546,0.000160778305144,612000000,results/rs/SC5_HBD_MWPM_5x/results/sweep_4_exp_0_checkpoints.csv
3303032332030300030020220,0.0546904453095546,0.000160778305144,772000000,results/rs/SC5_HBD_MWPM_5x/results/sweep_4_exp_0_checkpoints.csv
3303032332030300030020220,0.0546904453095546,0.000160778305144,972000000,results/rs/SC5_HBD_MWPM_5x/results/sweep_4_exp_0_checkpoints.csv
2003030302330330033303303,0.0509334490665509,0.0001554656919324,1224000000,results/rs/SC5_HBD_MWPM_5x/results/sweep_4_exp_0_checkpoints.csv
2003030302330330033303303,0.0509334490665509,0.0001554656919324,1542000000,results/rs/SC5_HBD_MWPM_5x/results/sweep_4_exp_0_checkpoints.csv
2003030302330330033303303,0.0509334490665509,0.0001554656919324,1942000000,results/rs/SC5_HBD_MWPM_5x/results/sweep_4_exp_0_checkpoints.csv
2003030302330330033303303,0.0509334490665509,0.0001554656919324,2446000000,results/rs/SC5_HBD_MWPM_5x/results/sweep_4_exp_0_checkpoints.csv
2003030302330330033303303,0.0509334490665509,0.0001554656919324,3080000000,results/rs/SC5_HBD_MWPM_5x/results/sweep_4_exp_0_checkpoints.csv
2003030302330330033303303,0.0509334490665509,0.0001554656919324,3878000000,results/rs/SC5_HBD_MWPM_5x/results/sweep_4_exp_0_checkpoints.csv
0223320303030333030300033,0.0462929537070462,0.0001485763204982,4884000000,results/rs/SC5_HBD_MWPM_5x/results/sweep_4_exp_0_checkpoints.csv
0223320303030333030300033,0.0462929537070462,0.0001485763204982,6150000000,results/rs/SC5_HBD_MWPM_5x/results/sweep_4_exp_0_checkpoints.csv
0223320303030333030300033,0.0462929537070462,0.0001485763204982,7744000000,results/rs/SC5_HBD_MWPM_5x/results/sweep_4_exp_0_checkpoints.csv
0223320303030333030300033,0.0462929537070462,0.0001485763204982,9750000000,results/rs/SC5_HBD_MWPM_5x/results/sweep_4_exp_0_checkpoints.csv
0223320303030333030300033,0.0462929537070462,0.0001485763204982,12276000000,results/rs/SC5_HBD_MWPM_5x/results/sweep_4_exp_0_checkpoints.csv
0223320303030333030300033,0.0462929537070462,0.0001485763204982,15456000000,results/rs/SC5_HBD_MWPM_5x/results/sweep_4_exp_0_checkpoints.csv
0223320303030333030300033,0.0462929537070462,0.0001485763204982,19458000000,results/rs/SC5_HBD_MWPM_5x/results/sweep_4_exp_0_checkpoints.csv
0223320303030333030300033,0.0462929537070462,0.0001485763204982,24498000000,results/rs/SC5_HBD_MWPM_5x/results/sweep_4_exp_0_checkpoints.csv
0223320303030333030300033,0.0462929537070462,0.0001485763204982,30842000000,results/rs/SC5_HBD_MWPM_5x/results/sweep_4_exp_0_checkpoints.csv
0223320303030333030300033,0.0462929537070462,0.0001485763204982,38828000000,results/rs/SC5_HBD_MWPM_5x/results/sweep_4_exp_0_checkpoints.csv
0223320303030333030300033,0.0462929537070462,0.0001485763204982,48882000000,results/rs/SC5_HBD_MWPM_5x/results/sweep_4_exp_0_checkpoints.csv
0223320303030333030300033,0.0462929537070462,0.0001485763204982,61540000000,results/rs/SC5_HBD_MWPM_5x/results/sweep_4_exp_0_checkpoints.csv
0223320303030333030300033,0.0462929537070462,0.0001485763204982,77476000000,results/rs/SC5_HBD_MWPM_5x/results/sweep_4_exp_0_checkpoints.csv
0223320303030333030300033,0.0462929537070462,0.0001485763204982,97538000000,results/rs/SC5_HBD_MWPM_5x/results/sweep_4_exp_0_checkpoints.csv
3203203232330302000323323,0.066015433984566,0.0001755808916641,2000000,results/rs/SC5_HBD_MWPM_5x/results/sweep_8_exp_0_checkpoints.csv
3203203232330302000323323,0.066015433984566,0.0001755808916641,4000000,results/rs/SC5_HBD_MWPM_5x/results/sweep_8_exp_0_checkpoints.csv
3203203232330302000323323,0.066015433984566,0.0001755808916641,6000000,results/rs/SC5_HBD_MWPM_5x/results/sweep_8_exp_0_checkpoints.csv
3203203232330302000323323,0.066015433984566,0.0001755808916641,8000000,results/rs/SC5_HBD_MWPM_5x/results/sweep_8_exp_0_checkpoints.csv
3203203232330302000323323,0.066015433984566,0.0001755808916641,12000000,results/rs/SC5_HBD_MWPM_5x/results/sweep_8_exp_0_checkpoints.csv
3203203232330302000323323,0.066015433984566,0.0001755808916641,16000000,results/rs/SC5_HBD_MWPM_5x/results/sweep_8_exp_0_checkpoints.csv
3203203232330302000323323,0.066015433984566,0.0001755808916641,22000000,results/rs/SC5_HBD_MWPM_5x/results/sweep_8_exp_0_checkpoints.csv
3203203232330302000323323,0.066015433984566,0.0001755808916641,28000000,results/rs/SC5_HBD_MWPM_5x/results/sweep_8_exp_0_checkpoints.csv
3302003333003002030333220,0.0626319373680626,0.0001713316887617,36000000,results/rs/SC5_HBD_MWPM_5x/results/sweep_8_exp_0_checkpoints.csv
3302003333003002030333220,0.0626319373680626,0.0001713316887617,46000000,results/rs/SC5_HBD_MWPM_5x/results/sweep_8_exp_0_checkpoints.csv
0203200022230333000203020,0.0586504413495586,0.0001661482529016,58000000,results/rs/SC5_HBD_MWPM_5x/results/sweep_8_exp_0_checkpoints.csv
0203200022230333000203020,0.0586504413495586,0.0001661482529016,74000000,results/rs/SC5_HBD_MWPM_5x/results/sweep_8_exp_0_checkpoints.csv
0203200022230333000203020,0.0586504413495586,0.0001661482529016,94000000,results/rs/SC5_HBD_MWPM_5x/results/sweep_8_exp_0_checkpoints.csv
0203200022230333000203020,0.0586504413495586,0.0001661482529016,120000000,results/rs/SC5_HBD_MWPM_5x/results/sweep_8_exp_0_checkpoints.csv
0203200022230333000203020,0.0586504413495586,0.0001661482529016,152000000,results/rs/SC5_HBD_MWPM_5x/results/sweep_8_exp_0_checkpoints.csv
0203200022230333000203020,0.0586504413495586,0.0001661482529016,192000000,results/rs/SC5_HBD_MWPM_5x/results/sweep_8_exp_0_checkpoints.csv
2000320302032320032203030,0.0577699422300577,0.0001649734767852,242000000,results/rs/SC5_HBD_MWPM_5x/results/sweep_8_exp_0_checkpoints.csv
2000320302032320032203030,0.0577699422300577,0.0001649734767852,306000000,results/rs/SC5_HBD_MWPM_5x/results/sweep_8_exp_0_checkpoints.csv
3303030302230302023003223,0.0549114450885549,0.0001610839826753,386000000,results/rs/SC5_HBD_MWPM_5x/results/sweep_8_exp_0_checkpoints.csv
0003002303030303003330222,0.0546284453715546,0.0001606924051884,486000000,results/rs/SC5_HBD_MWPM_5x/results/sweep_8_exp_0_checkpoints.csv
0003002303030303003330222,0.0546284453715546,0.0001606924051884,612000000,results/rs/SC5_HBD_MWPM_5x/results/sweep_8_exp_0_checkpoints.csv
0303032000030323030202332,0.0517619482380517,0.0001566565915709,772000000,results/rs/SC5_HBD_MWPM_5x/results/sweep_8_exp_0_checkpoints.csv
0303032000030323030202332,0.0517619482380517,0.0001566565915709,972000000,results/rs/SC5_HBD_MWPM_5x/results/sweep_8_exp_0_checkpoints.csv
0303032000030323030202332,0.0517619482380517,0.0001566565915709,1224000000,results/rs/SC5_HBD_MWPM_5x/results/sweep_8_exp_0_checkpoints.csv
0303032000030323030202332,0.0517619482380517,0.0001566565915709,1542000000,results/rs/SC5_HBD_MWPM_5x/results/sweep_8_exp_0_checkpoints.csv
0303032000030323030202332,0.0517619482380517,0.0001566565915709,1942000000,results/rs/SC5_HBD_MWPM_5x/results/sweep_8_exp_0_checkpoints.csv
3203033300000000030303020,0.0515719484280515,0.0001563844707561,2446000000,results/rs/SC5_HBD_MWPM_5x/results/sweep_8_exp_0_checkpoints.csv
3203033300000000030303020,0.0515719484280515,0.0001563844707561,3080000000,results/rs/SC5_HBD_MWPM_5x/results/sweep_8_exp_0_checkpoints.csv
3203033300000000030303020,0.0515719484280515,0.0001563844707561,3878000000,results/rs/SC5_HBD_MWPM_5x/results/sweep_8_exp_0_checkpoints.csv
3203033300000000030303020,0.0515719484280515,0.0001563844707561,4884000000,results/rs/SC5_HBD_MWPM_5x/results/sweep_8_exp_0_checkpoints.csv
3203033300000000030303020,0.0515719484280515,0.0001563844707561,6150000000,results/rs/SC5_HBD_MWPM_5x/results/sweep_8_exp_0_checkpoints.csv
3203033300000000030303020,0.0515719484280515,0.0001563844707561,7744000000,results/rs/SC5_HBD_MWPM_5x/results/sweep_8_exp_0_checkpoints.csv
0233300303230333030300202,0.0503354496645503,0.0001545990235172,9750000000,results/rs/SC5_HBD_MWPM_5x/results/sweep_8_exp_0_checkpoints.csv
0233300303230333030300202,0.0503354496645503,0.0001545990235172,12276000000,results/rs/SC5_HBD_MWPM_5x/results/sweep_8_exp_0_checkpoints.csv
0233300303230333030300202,0.0503354496645503,0.0001545990235172,15456000000,results/rs/SC5_HBD_MWPM_5x/results/sweep_8_exp_0_checkpoints.csv
0233300303230333030300202,0.0503354496645503,0.0001545990235172,19458000000,results/rs/SC5_HBD_MWPM_5x/results/sweep_8_exp_0_checkpoints.csv
0233300303230333030300202,0.0503354496645503,0.0001545990235172,24498000000,results/rs/SC5_HBD_MWPM_5x/results/sweep_8_exp_0_checkpoints.csv
0233300303230333030300202,0.0503354496645503,0.0001545990235172,30842000000,results/rs/SC5_HBD_MWPM_5x/results/sweep_8_exp_0_checkpoints.csv
0233300303230333030300202,0.0503354496645503,0.0001545990235172,38828000000,results/rs/SC5_HBD_MWPM_5x/results/sweep_8_exp_0_checkpoints.csv
0233300303230333030300202,0.0503354496645503,0.0001545990235172,48882000000,results/rs/SC5_HBD_MWPM_5x/results/sweep_8_exp_0_checkpoints.csv
3302300303330323000333032,0.0491404508595491,0.0001528489374322,61540000000,results/rs/SC5_HBD_MWPM_5x/results/sweep_8_exp_0_checkpoints.csv
2000300303030323030300303,0.0487499512500487,0.0001522716629551,77476000000,results/rs/SC5_HBD_MWPM_5x/results/sweep_8_exp_0_checkpoints.csv
2000300303030323030300303,0.0487499512500487,0.0001522716629551,97538000000,results/rs/SC5_HBD_MWPM_5x/results/sweep_8_exp_0_checkpoints.csv
2223323000022233323222230,0.0867049132950867,0.0001989812153624,2000000,results/rs/SC5_HBD_MWPM_5x/results/sweep_17_exp_0_checkpoints.csv
2033000023300233223030223,0.0812624187375812,0.0001932080922415,4000000,results/rs/SC5_HBD_MWPM_5x/results/sweep_17_exp_0_checkpoints.csv
0322002303003333322320023,0.069060430939569,0.0001792916591512,6000000,results/rs/SC5_HBD_MWPM_5x/results/sweep_17_exp_0_checkpoints.csv
0322002303003333322320023,0.069060430939569,0.0001792916591512,8000000,results/rs/SC5_HBD_MWPM_5x/results/sweep_17_exp_0_checkpoints.csv
0322002303003333322320023,0.069060430939569,0.0001792916591512,12000000,results/rs/SC5_HBD_MWPM_5x/results/sweep_17_exp_0_checkpoints.csv
0322002303003333322320023,0.069060430939569,0.0001792916591512,16000000,results/rs/SC5_HBD_MWPM_5x/results/sweep_17_exp_0_checkpoints.csv
0322002303003333322320023,0.069060430939569,0.0001792916591512,22000000,results/rs/SC5_HBD_MWPM_5x/results/sweep_17_exp_0_checkpoints.csv
0323030030332332230020333,0.0659619340380659,0.0001755147532094,28000000,results/rs/SC5_HBD_MWPM_5x/results/sweep_17_exp_0_checkpoints.csv
0323030030332332230020333,0.0659619340380659,0.0001755147532094,36000000,results/rs/SC5_HBD_MWPM_5x/results/sweep_17_exp_0_checkpoints.csv
0233333303033330003302033,0.0577384422615577,0.0001649312471272,46000000,results/rs/SC5_HBD_MWPM_5x/results/sweep_17_exp_0_checkpoints.csv
0233333303033330003302033,0.0577384422615577,0.0001649312471272,58000000,results/rs/SC5_HBD_MWPM_5x/results/sweep_17_exp_0_checkpoints.csv
0233333303033330003302033,0.0577384422615577,0.0001649312471272,74000000,results/rs/SC5_HBD_MWPM_5x/results/sweep_17_exp_0_checkpoints.csv
0233333303033330003302033,0.0577384422615577,0.0001649312471272,94000000,results/rs/SC5_HBD_MWPM_5x/results/sweep_17_exp_0_checkpoints.csv
0233333303033330003302033,0.0577384422615577,0.0001649312471272,120000000,results/rs/SC5_HBD_MWPM_5x/results/sweep_17_exp_0_checkpoints.csv
0233333303033330003302033,0.0577384422615577,0.0001649312471272,152000000,results/rs/SC5_HBD_MWPM_5x/results/sweep_17_exp_0_checkpoints.csv
0233333303033330003302033,0.0577384422615577,0.0001649312471272,192000000,results/rs/SC5_HBD_MWPM_5x/results/sweep_17_exp_0_checkpoints.csv
0233333303033330003302033,0.0577384422615577,0.0001649312471272,242000000,results/rs/SC5_HBD_MWPM_5x/results/sweep_17_exp_0_checkpoints.csv
0233333303033330003302033,0.0577384422615577,0.0001649312471272,306000000,results/rs/SC5_HBD_MWPM_5x/results/sweep_17_exp_0_checkpoints.csv
3300030223200320230333030,0.0575214424785575,0.000164639975992,386000000,results/rs/SC5_HBD_MWPM_5x/results/sweep_17_exp_0_checkpoints.csv
0000330332330333023203030,0.0546824453175546,0.0001607672165846,486000000,results/rs/SC5_HBD_MWPM_5x/results/sweep_17_exp_0_checkpoints.csv
0000330332330333023203030,0.0546824453175546,0.0001607672165846,612000000,results/rs/SC5_HBD_MWPM_5x/results/sweep_17_exp_0_checkpoints.csv
0000330332330333023203030,0.0546824453175546,0.0001607672165846,772000000,results/rs/SC5_HBD_MWPM_5x/results/sweep_17_exp_0_checkpoints.csv
0003003300030202030000330,0.0535304464695535,0.0001591616455698,972000000,results/rs/SC5_HBD_MWPM_5x/results/sweep_17_exp_0_checkpoints.csv
0003003300030202030000330,0.0535304464695535,0.0001591616455698,1224000000,results/rs/SC5_HBD_MWPM_5x/results/sweep_17_exp_0_checkpoints.csv
0330330303030302002203200,0.0528479471520528,0.0001582007680553,1542000000,results/rs/SC5_HBD_MWPM_5x/results/sweep_17_exp_0_checkpoints.csv
0330330303030302002203200,0.0528479471520528,0.0001582007680553,1942000000,results/rs/SC5_HBD_MWPM_5x/results/sweep_17_exp_0_checkpoints.csv
0330330303030302002203200,0.0528479471520528,0.0001582007680553,2446000000,results/rs/SC5_HBD_MWPM_5x/results/sweep_17_exp_0_checkpoints.csv
0330330303030302002203200,0.0528479471520528,0.0001582007680553,3080000000,results/rs/SC5_HBD_MWPM_5x/results/sweep_17_exp_0_checkpoints.csv
0330330303030302002203200,0.0528479471520528,0.0001582007680553,3878000000,results/rs/SC5_HBD_MWPM_5x/results/sweep_17_exp_0_checkpoints.csv
2333030320230300030330002,0.0519079480920519,0.0001568652951391,4884000000,results/rs/SC5_HBD_MWPM_5x/results/sweep_17_exp_0_checkpoints.csv
2303330303230230030300230,0.0501509498490501,0.0001543304242659,6150000000,results/rs/SC5_HBD_MWPM_5x/results/sweep_17_exp_0_checkpoints.csv
2303330303230230030300230,0.0501509498490501,0.0001543304242659,7744000000,results/rs/SC5_HBD_MWPM_5x/results/sweep_17_exp_0_checkpoints.csv
2303330303230230030300230,0.0501509498490501,0.0001543304242659,9750000000,results/rs/SC5_HBD_MWPM_5x/results/sweep_17_exp_0_checkpoints.csv
2303330303230230030300230,0.0501509498490501,0.0001543304242659,12276000000,results/rs/SC5_HBD_MWPM_5x/results/sweep_17_exp_0_checkpoints.csv
2303330303230230030300230,0.0501509498490501,0.0001543304242659,15456000000,results/rs/SC5_HBD_MWPM_5x/results/sweep_17_exp_0_checkpoints.csv
2303330303230230030300230,0.0501509498490501,0.0001543304242659,19458000000,results/rs/SC5_HBD_MWPM_5x/results/sweep_17_exp_0_checkpoints.csv
2303330303230230030300230,0.0501509498490501,0.0001543304242659,24498000000,results/rs/SC5_HBD_MWPM_5x/results/sweep_17_exp_0_checkpoints.csv
2303330303230230030300230,0.0501509498490501,0.0001543304242659,30842000000,results/rs/SC5_HBD_MWPM_5x/results/sweep_17_exp_0_checkpoints.csv
2303330303230230030300230,0.0501509498490501,0.0001543304242659,38828000000,results/rs/SC5_HBD_MWPM_5x/results/sweep_17_exp_0_checkpoints.csv
2303330303230230030300230,0.0501509498490501,0.0001543304242659,48882000000,results/rs/SC5_HBD_MWPM_5x/results/sweep_17_exp_0_checkpoints.csv
2203030203030323230300030,0.0489864510135489,0.0001526216074125,61540000000,results/rs/SC5_HBD_MWPM_5x/results/sweep_17_exp_0_checkpoints.csv
2203030203030323230300030,0.0489864510135489,0.0001526216074125,77476000000,results/rs/SC5_HBD_MWPM_5x/results/sweep_17_exp_0_checkpoints.csv
2203030203030323230300030,0.0489864510135489,0.0001526216074125,97538000000,results/rs/SC5_HBD_MWPM_5x/results/sweep_17_exp_0_checkpoints.csv
0232020303232303000022200,0.06004443995556,0.0001679866400081,2000000,results/rs/SC5_HBD_MWPM_5x/results/sweep_20_exp_0_checkpoints.csv
0232020303232303000022200,0.06004443995556,0.0001679866400081,4000000,results/rs/SC5_HBD_MWPM_5x/results/sweep_20_exp_0_checkpoints.csv
0232020303232303000022200,0.06004443995556,0.0001679866400081,6000000,results/rs/SC5_HBD_MWPM_5x/results/sweep_20_exp_0_checkpoints.csv
0232020303232303000022200,0.06004443995556,0.0001679866400081,8000000,results/rs/SC5_HBD_MWPM_5x/results/sweep_20_exp_0_checkpoints.csv
0232020303232303000022200,0.06004443995556,0.0001679866400081,12000000,results/rs/SC5_HBD_MWPM_5x/results/sweep_20_exp_0_checkpoints.csv
0232020303232303000022200,0.06004443995556,0.0001679866400081,16000000,results/rs/SC5_HBD_MWPM_5x/results/sweep_20_exp_0_checkpoints.csv
0232020303232303000022200,0.06004443995556,0.0001679866400081,22000000,results/rs/SC5_HBD_MWPM_5x/results/sweep_20_exp_0_checkpoints.csv
0232020303232303000022200,0.06004443995556,0.0001679866400081,28000000,results/rs/SC5_HBD_MWPM_5x/results/sweep_20_exp_0_checkpoints.csv
0232020303232303000022200,0.06004443995556,0.0001679866400081,36000000,results/rs/SC5_HBD_MWPM_5x/results/sweep_20_exp_0_checkpoints.csv
0232020303232303000022200,0.06004443995556,0.0001679866400081,46000000,results/rs/SC5_HBD_MWPM_5x/results/sweep_20_exp_0_checkpoints.csv
0232020303232303000022200,0.06004443995556,0.0001679866400081,58000000,results/rs/SC5_HBD_MWPM_5x/results/sweep_20_exp_0_checkpoints.csv
0232020303232303000022200,0.06004443995556,0.0001679866400081,74000000,results/rs/SC5_HBD_MWPM_5x/results/sweep_20_exp_0_checkpoints.csv
0232020303232303000022200,0.06004443995556,0.0001679866400081,94000000,results/rs/SC5_HBD_MWPM_5x/results/sweep_20_exp_0_checkpoints.csv
0232020303232303000022200,0.06004443995556,0.0001679866400081,120000000,results/rs/SC5_HBD_MWPM_5x/results/sweep_20_exp_0_checkpoints.csv
0232020303232303000022200,0.06004443995556,0.0001679866400081,152000000,results/rs/SC5_HBD_MWPM_5x/results/sweep_20_exp_0_checkpoints.csv
0232020303232303000022200,0.06004443995556,0.0001679866400081,192000000,results/rs/SC5_HBD_MWPM_5x/results/sweep_20_exp_0_checkpoints.csv
0232020303232303000022200,0.06004443995556,0.0001679866400081,242000000,results/rs/SC5_HBD_MWPM_5x/results/sweep_20_exp_0_checkpoints.csv
0232020303232303000022200,0.06004443995556,0.0001679866400081,306000000,results/rs/SC5_HBD_MWPM_5x/results/sweep_20_exp_0_checkpoints.csv
0000230322033033030000232,0.0599134400865599,0.0001678149856161,386000000,results/rs/SC5_HBD_MWPM_5x/results/sweep_20_exp_0_checkpoints.csv
2222033300000302030302203,0.0577724422275577,0.0001649768237257,486000000,results/rs/SC5_HBD_MWPM_5x/results/sweep_20_exp_0_checkpoints.csv
3303030003030200330333030,0.049027450972549,0.0001526821724837,612000000,results/rs/SC5_HBD_MWPM_5x/results/sweep_20_exp_0_checkpoints.csv
3303030003030200330333030,0.049027450972549,0.0001526821724837,772000000,results/rs/SC5_HBD_MWPM_5x/results/sweep_20_exp_0_checkpoints.csv
3303030003030200330333030,0.049027450972549,0.0001526821724837,972000000,results/rs/SC5_HBD_MWPM_5x/results/sweep_20_exp_0_checkpoints.csv
3303030003030200330333030,0.049027450972549,0.0001526821724837,1224000000,results/rs/SC5_HBD_MWPM_5x/results/sweep_20_exp_0_checkpoints.csv
3303030003030200330333030,0.049027450972549,0.0001526821724837,1542000000,results/rs/SC5_HBD_MWPM_5x/results/sweep_20_exp_0_checkpoints.csv
3303030003030200330333030,0.049027450972549,0.0001526821724837,1942000000,results/rs/SC5_HBD_MWPM_5x/results/sweep_20_exp_0_checkpoints.csv
3303030003030200330333030,0.049027450972549,0.0001526821724837,2446000000,results/rs/SC5_HBD_MWPM_5x/results/sweep_20_exp_0_checkpoints.csv
3303030003030200330333030,0.049027450972549,0.0001526821724837,3080000000,results/rs/SC5_HBD_MWPM_5x/results/sweep_20_exp_0_checkpoints.csv
3303030003030200330333030,0.049027450972549,0.0001526821724837,3878000000,results/rs/SC5_HBD_MWPM_5x/results/sweep_20_exp_0_checkpoints.csv
3303030003030200330333030,0.049027450972549,0.0001526821724837,4884000000,results/rs/SC5_HBD_MWPM_5x/results/sweep_20_exp_0_checkpoints.csv
3303030003030200330333030,0.049027450972549,0.0001526821724837,6150000000,results/rs/SC5_HBD_MWPM_5x/results/sweep_20_exp_0_checkpoints.csv
3303030003030200330333030,0.049027450972549,0.0001526821724837,7744000000,results/rs/SC5_HBD_MWPM_5x/results/sweep_20_exp_0_checkpoints.csv
3303030003030200330333030,0.049027450972549,0.0001526821724837,9750000000,results/rs/SC5_HBD_MWPM_5x/results/sweep_20_exp_0_checkpoints.csv
3303030003030200330333030,0.049027450972549,0.0001526821724837,12276000000,results/rs/SC5_HBD_MWPM_5x/results/sweep_20_exp_0_checkpoints.csv
3303030003030200330333030,0.049027450972549,0.0001526821724837,15456000000,results/rs/SC5_HBD_MWPM_5x/results/sweep_20_exp_0_checkpoints.csv
3303030003030200330333030,0.049027450972549,0.0001526821724837,19458000000,results/rs/SC5_HBD_MWPM_5x/results/sweep_20_exp_0_checkpoints.csv
3303030003030200330333030,0.049027450972549,0.0001526821724837,24498000000,results/rs/SC5_HBD_MWPM_5x/results/sweep_20_exp_0_checkpoints.csv
3303030003030200330333030,0.049027450972549,0.0001526821724837,30842000000,results/rs/SC5_HBD_MWPM_5x/results/sweep_20_exp_0_checkpoints.csv
3303030003030200330333030,0.049027450972549,0.0001526821724837,38828000000,results/rs/SC5_HBD_MWPM_5x/results/sweep_20_exp_0_checkpoints.csv
3303030003030200330333030,0.049027450972549,0.0001526821724837,48882000000,results/rs/SC5_HBD_MWPM_5x/results/sweep_20_exp_0_checkpoints.csv
3303030003030200330333030,0.049027450972549,0.0001526821724837,61540000000,results/rs/SC5_HBD_MWPM_5x/results/sweep_20_exp_0_checkpoints.csv
3303030003030200330333030,0.049027450972549,0.0001526821724837,77476000000,results/rs/SC5_HBD_MWPM_5x/results/sweep_20_exp_0_checkpoints.csv
0303220303330203030202030,0.0481899518100481,0.0001514391187811,97538000000,results/rs/SC5_HBD_MWPM_5x/results/sweep_20_exp_0_checkpoints.csv
2220233032203322233232330,0.083072916927083,0.0001951559534063,2000000,results/rs/SC5_HBD_MWPM_5x/results/sweep_11_exp_0_checkpoints.csv
0332300223032033220023000,0.0706374293625706,0.0001811735128285,4000000,results/rs/SC5_HBD_MWPM_5x/results/sweep_11_exp_0_checkpoints.csv
0332300223032033220023000,0.0706374293625706,0.0001811735128285,6000000,results/rs/SC5_HBD_MWPM_5x/results/sweep_11_exp_0_checkpoints.csv
0032303333330320223302002,0.0679614320385679,0.0001779642916517,8000000,results/rs/SC5_HBD_MWPM_5x/results/sweep_11_exp_0_checkpoints.csv
0303200330332000000203022,0.061071438928561,0.00016932458675,12000000,results/rs/SC5_HBD_MWPM_5x/results/sweep_11_exp_0_checkpoints.csv
0303200330332000000203022,0.061071438928561,0.00016932458675,16000000,results/rs/SC5_HBD_MWPM_5x/results/sweep_11_exp_0_checkpoints.csv
0303200330332000000203022,0.061071438928561,0.00016932458675,22000000,results/rs/SC5_HBD_MWPM_5x/results/sweep_11_exp_0_checkpoints.csv
0303200330332000000203022,0.061071438928561,0.00016932458675,28000000,results/rs/SC5_HBD_MWPM_5x/results/sweep_11_exp_0_checkpoints.csv
0303200330332000000203022,0.061071438928561,0.00016932458675,36000000,results/rs/SC5_HBD_MWPM_5x/results/sweep_11_exp_0_checkpoints.csv
0303200330332000000203022,0.061071438928561,0.00016932458675,46000000,results/rs/SC5_HBD_MWPM_5x/results/sweep_11_exp_0_checkpoints.csv
0303200330332000000203022,0.061071438928561,0.00016932458675,58000000,results/rs/SC5_HBD_MWPM_5x/results/sweep_11_exp_0_checkpoints.csv
0303200330332000000203022,0.061071438928561,0.00016932458675,74000000,results/rs/SC5_HBD_MWPM_5x/results/sweep_11_exp_0_checkpoints.csv
0303200330332000000203022,0.061071438928561,0.00016932458675,94000000,results/rs/SC5_HBD_MWPM_5x/results/sweep_11_exp_0_checkpoints.csv
0303200330332000000203022,0.061071438928561,0.00016932458675,120000000,results/rs/SC5_HBD_MWPM_5x/results/sweep_11_exp_0_checkpoints.csv
3200000303020303200302230,0.056066443933556,0.0001626697776373,152000000,results/rs/SC5_HBD_MWPM_5x/results/sweep_11_exp_0_checkpoints.csv
3200000303020303200302230,0.056066443933556,0.0001626697776373,192000000,results/rs/SC5_HBD_MWPM_5x/results/sweep_11_exp_0_checkpoints.csv
3200000303020303200302230,0.056066443933556,0.0001626697776373,242000000,results/rs/SC5_HBD_MWPM_5x/results/sweep_11_exp_0_checkpoints.csv
0033200333030303003000032,0.0532109467890532,0.0001587127335369,306000000,results/rs/SC5_HBD_MWPM_5x/results/sweep_11_exp_0_checkpoints.csv
0033200333030303003000032,0.0532109467890532,0.0001587127335369,386000000,results/rs/SC5_HBD_MWPM_5x/results/sweep_11_exp_0_checkpoints.csv
0033200333030303003000032,0.0532109467890532,0.0001587127335369,486000000,results/rs/SC5_HBD_MWPM_5x/results/sweep_11_exp_0_checkpoints.csv
0033200333030303003000032,0.0532109467890532,0.0001587127335369,612000000,results/rs/SC5_HBD_MWPM_5x/results/sweep_11_exp_0_checkpoints.csv
0033200333030303003000032,0.0532109467890532,0.0001587127335369,772000000,results/rs/SC5_HBD_MWPM_5x/results/sweep_11_exp_0_checkpoints.csv
0033200333030303003000032,0.0532109467890532,0.0001587127335369,972000000,results/rs/SC5_HBD_MWPM_5x/results/sweep_11_exp_0_checkpoints.csv
0033200333030303003000032,0.0532109467890532,0.0001587127335369,1224000000,results/rs/SC5_HBD_MWPM_5x/results/sweep_11_exp_0_checkpoints.csv
0033200333030303003000032,0.0532109467890532,0.0001587127335369,1542000000,results/rs/SC5_HBD_MWPM_5x/results/sweep_11_exp_0_checkpoints.csv
0033200333030303003000032,0.0532109467890532,0.0001587127335369,1942000000,results/rs/SC5_HBD_MWPM_5x/results/sweep_11_exp_0_checkpoints.csv
0033200333030303003000032,0.0532109467890532,0.0001587127335369,2446000000,results/rs/SC5_HBD_MWPM_5x/results/sweep_11_exp_0_checkpoints.csv
0033200333030303003000032,0.0532109467890532,0.0001587127335369,3080000000,results/rs/SC5_HBD_MWPM_5x/results/sweep_11_exp_0_checkpoints.csv
3302000302230303033332220,0.053019946980053,0.0001584436104167,3878000000,results/rs/SC5_HBD_MWPM_5x/results/sweep_11_exp_0_checkpoints.csv
3302000302230303033332220,0.053019946980053,0.0001584436104167,4884000000,results/rs/SC5_HBD_MWPM_5x/results/sweep_11_exp_0_checkpoints.csv
3302000302230303033332220,0.053019946980053,0.0001584436104167,6150000000,results/rs/SC5_HBD_MWPM_5x/results/sweep_11_exp_0_checkpoints.csv
3302000302230303033332220,0.053019946980053,0.0001584436104167,7744000000,results/rs/SC5_HBD_MWPM_5x/results/sweep_11_exp_0_checkpoints.csv
3302000302230303033332220,0.053019946980053,0.0001584436104167,9750000000,results/rs/SC5_HBD_MWPM_5x/results/sweep_11_exp_0_checkpoints.csv
0200233332030300030323000,0.052064947935052,0.000157089321874,12276000000,results/rs/SC5_HBD_MWPM_5x/results/sweep_11_exp_0_checkpoints.csv
0200233332030300030323000,0.052064947935052,0.000157089321874,15456000000,results/rs/SC5_HBD_MWPM_5x/results/sweep_11_exp_0_checkpoints.csv
3320033300030323030203003,0.0508849491150508,0.0001553956244606,19458000000,results/rs/SC5_HBD_MWPM_5x/results/sweep_11_exp_0_checkpoints.csv
3303020303020303032300320,0.0501834498165501,0.00015437779075,24498000000,results/rs/SC5_HBD_MWPM_5x/results/sweep_11_exp_0_checkpoints.csv
0302232300330033030303030,0.0498599501400498,0.0001539055956527,30842000000,results/rs/SC5_HBD_MWPM_5x/results/sweep_11_exp_0_checkpoints.csv
2303230300030020030332030,0.0496244503755496,0.0001535607298137,38828000000,results/rs/SC5_HBD_MWPM_5x/results/sweep_11_exp_0_checkpoints.csv
2303230300030020030332030,0.0496244503755496,0.0001535607298137,48882000000,results/rs/SC5_HBD_MWPM_5x/results/sweep_11_exp_0_checkpoints.csv
2303230300030020030332030,0.0496244503755496,0.0001535607298137,61540000000,results/rs/SC5_HBD_MWPM_5x/results/sweep_11_exp_0_checkpoints.csv
2303230300030020030332030,0.0496244503755496,0.0001535607298137,77476000000,results/rs/SC5_HBD_MWPM_5x/results/sweep_11_exp_0_checkpoints.csv
0303232203030303030333232,0.0488044511955488,0.0001523523969808,97538000000,results/rs/SC5_HBD_MWPM_5x/results/sweep_11_exp_0_checkpoints.csv
2333300230330022303300020,0.0694779305220694,0.0001797924487618,2000000,results/rs/SC5_HBD_MWPM_5x/results/sweep_3_exp_0_checkpoints.csv
3330000020000222033203023,0.0685314314685685,0.0001786543871276,4000000,results/rs/SC5_HBD_MWPM_5x/results/sweep_3_exp_0_checkpoints.csv
3330000020000222033203023,0.0685314314685685,0.0001786543871276,6000000,results/rs/SC5_HBD_MWPM_5x/results/sweep_3_exp_0_checkpoints.csv
3330000020000222033203023,0.0685314314685685,0.0001786543871276,8000000,results/rs/SC5_HBD_MWPM_5x/results/sweep_3_exp_0_checkpoints.csv
3330000020000222033203023,0.0685314314685685,0.0001786543871276,12000000,results/rs/SC5_HBD_MWPM_5x/results/sweep_3_exp_0_checkpoints.csv
3330000020000222033203023,0.0685314314685685,0.0001786543871276,16000000,results/rs/SC5_HBD_MWPM_5x/results/sweep_3_exp_0_checkpoints.csv
0302202303000003022023223,0.0665604334395665,0.0001762527244864,22000000,results/rs/SC5_HBD_MWPM_5x/results/sweep_3_exp_0_checkpoints.csv
3333003003303302000302203,0.0653349346650653,0.0001747372152749,28000000,results/rs/SC5_HBD_MWPM_5x/results/sweep_3_exp_0_checkpoints.csv
0002032002332300033320220,0.0648034351965648,0.0001740744919516,36000000,results/rs/SC5_HBD_MWPM_5x/results/sweep_3_exp_0_checkpoints.csv
0002032002332300033320220,0.0648034351965648,0.0001740744919516,46000000,results/rs/SC5_HBD_MWPM_5x/results/sweep_3_exp_0_checkpoints.csv
0000200003333332300302023,0.0629879370120629,0.0001717852865112,58000000,results/rs/SC5_HBD_MWPM_5x/results/sweep_3_exp_0_checkpoints.csv
0000200003333332300302023,0.0629879370120629,0.0001717852865112,74000000,results/rs/SC5_HBD_MWPM_5x/results/sweep_3_exp_0_checkpoints.csv
0000200003333332300302023,0.0629879370120629,0.0001717852865112,94000000,results/rs/SC5_HBD_MWPM_5x/results/sweep_3_exp_0_checkpoints.csv
0000200003333332300302023,0.0629879370120629,0.0001717852865112,120000000,results/rs/SC5_HBD_MWPM_5x/results/sweep_3_exp_0_checkpoints.csv
0000200003333332300302023,0.0629879370120629,0.0001717852865112,152000000,results/rs/SC5_HBD_MWPM_5x/results/sweep_3_exp_0_checkpoints.csv
0030300300000330000022000,0.0607994392005608,0.0001689715718384,192000000,results/rs/SC5_HBD_MWPM_5x/results/sweep_3_exp_0_checkpoints.csv
3003233302033003020202000,0.0599699400300599,0.0001678890403127,242000000,results/rs/SC5_HBD_MWPM_5x/results/sweep_3_exp_0_checkpoints.csv
0023203300020330330302230,0.0598349401650598,0.000167712001712,306000000,results/rs/SC5_HBD_MWPM_5x/results/sweep_3_exp_0_checkpoints.csv
0023203300020330330302230,0.0598349401650598,0.000167712001712,386000000,results/rs/SC5_HBD_MWPM_5x/results/sweep_3_exp_0_checkpoints.csv
2300230203030322320233003,0.0584404415595584,0.0001658690307522,486000000,results/rs/SC5_HBD_MWPM_5x/results/sweep_3_exp_0_checkpoints.csv
2303223002330323030202233,0.0580984419015581,0.0001654130173847,612000000,results/rs/SC5_HBD_MWPM_5x/results/sweep_3_exp_0_checkpoints.csv
2303223002330323030202233,0.0580984419015581,0.0001654130173847,772000000,results/rs/SC5_HBD_MWPM_5x/results/sweep_3_exp_0_checkpoints.csv
0333333302330302023300220,0.0566624433375566,0.0001634804793866,972000000,results/rs/SC5_HBD_MWPM_5x/results/sweep_3_exp_0_checkpoints.csv
2203000002030033032203033,0.0562424437575562,0.0001629097241675,1224000000,results/rs/SC5_HBD_MWPM_5x/results/sweep_3_exp_0_checkpoints.csv
2203000002030033032203033,0.0562424437575562,0.0001629097241675,1542000000,results/rs/SC5_HBD_MWPM_5x/results/sweep_3_exp_0_checkpoints.csv
3203330303233320000203232,0.0562329437670562,0.0001628967729629,1942000000,results/rs/SC5_HBD_MWPM_5x/results/sweep_3_exp_0_checkpoints.csv
0223030333030333003300202,0.0545234454765545,0.0001605468132765,2446000000,results/rs/SC5_HBD_MWPM_5x/results/sweep_3_exp_0_checkpoints.csv
0300020300320303020322033,0.0544559455440544,0.0001604531280463,3080000000,results/rs/SC5_HBD_MWPM_5x/results/sweep_3_exp_0_checkpoints.csv
2303030333000303033200320,0.0506974493025507,0.0001551243767607,3878000000,results/rs/SC5_HBD_MWPM_5x/results/sweep_3_exp_0_checkpoints.csv
2303030333000303033200320,0.0506974493025507,0.0001551243767607,4884000000,results/rs/SC5_HBD_MWPM_5x/results/sweep_3_exp_0_checkpoints.csv
2303030333000303033200320,0.0506974493025507,0.0001551243767607,6150000000,results/rs/SC5_HBD_MWPM_5x/results/sweep_3_exp_0_checkpoints.csv
2303030333000303033200320,0.0506974493025507,0.0001551243767607,7744000000,results/rs/SC5_HBD_MWPM_5x/results/sweep_3_exp_0_checkpoints.csv
2303030333000303033200320,0.0506974493025507,0.0001551243767607,9750000000,results/rs/SC5_HBD_MWPM_5x/results/sweep_3_exp_0_checkpoints.csv
3000000300030003230300030,0.0501574498425501,0.0001543398975627,12276000000,results/rs/SC5_HBD_MWPM_5x/results/sweep_3_exp_0_checkpoints.csv
3000000300030003230300030,0.0501574498425501,0.0001543398975627,15456000000,results/rs/SC5_HBD_MWPM_5x/results/sweep_3_exp_0_checkpoints.csv
3000000300030003230300030,0.0501574498425501,0.0001543398975627,19458000000,results/rs/SC5_HBD_MWPM_5x/results/sweep_3_exp_0_checkpoints.csv
3000000300030003230300030,0.0501574498425501,0.0001543398975627,24498000000,results/rs/SC5_HBD_MWPM_5x/results/sweep_3_exp_0_checkpoints.csv
3000000300030003230300030,0.0501574498425501,0.0001543398975627,30842000000,results/rs/SC5_HBD_MWPM_5x/results/sweep_3_exp_0_checkpoints.csv
3000000300030003230300030,0.0501574498425501,0.0001543398975627,38828000000,results/rs/SC5_HBD_MWPM_5x/results/sweep_3_exp_0_checkpoints.csv
3000000300030003230300030,0.0501574498425501,0.0001543398975627,48882000000,results/rs/SC5_HBD_MWPM_5x/results/sweep_3_exp_0_checkpoints.csv
0303000303030333330032032,0.0474759525240474,0.0001503694074926,61540000000,results/rs/SC5_HBD_MWPM_5x/results/sweep_3_exp_0_checkpoints.csv
0303000303030333330032032,0.0474759525240474,0.0001503694074926,77476000000,results/rs/SC5_HBD_MWPM_5x/results/sweep_3_exp_0_checkpoints.csv
0303000303030333330032032,0.0474759525240474,0.0001503694074926,97538000000,results/rs/SC5_HBD_MWPM_5x/results/sweep_3_exp_0_checkpoints.csv
2230003200030333332202033,0.063032436967563,0.0001718418789096,2000000,results/rs/SC5_HBD_MWPM_5x/results/sweep_5_exp_0_checkpoints.csv
2230003200030333332202033,0.063032436967563,0.0001718418789096,4000000,results/rs/SC5_HBD_MWPM_5x/results/sweep_5_exp_0_checkpoints.csv
2230003200030333332202033,0.063032436967563,0.0001718418789096,6000000,results/rs/SC5_HBD_MWPM_5x/results/sweep_5_exp_0_checkpoints.csv
2230003200030333332202033,0.063032436967563,0.0001718418789096,8000000,results/rs/SC5_HBD_MWPM_5x/results/sweep_5_exp_0_checkpoints.csv
2230003200030333332202033,0.063032436967563,0.0001718418789096,12000000,results/rs/SC5_HBD_MWPM_5x/results/sweep_5_exp_0_checkpoints.csv
2230003200030333332202033,0.063032436967563,0.0001718418789096,16000000,results/rs/SC5_HBD_MWPM_5x/results/sweep_5_exp_0_checkpoints.csv
2230003200030333332202033,0.063032436967563,0.0001718418789096,22000000,results/rs/SC5_HBD_MWPM_5x/results/sweep_5_exp_0_checkpoints.csv
2230003200030333332202033,0.063032436967563,0.0001718418789096,28000000,results/rs/SC5_HBD_MWPM_5x/results/sweep_5_exp_0_checkpoints.csv
3320030200203300330330003,0.0622829377170622,0.0001708854688331,36000000,results/rs/SC5_HBD_MWPM_5x/results/sweep_5_exp_0_checkpoints.csv
3320030200203300330330003,0.0622829377170622,0.0001708854688331,46000000,results/rs/SC5_HBD_MWPM_5x/results/sweep_5_exp_0_checkpoints.csv
3320030200203300330330003,0.0622829377170622,0.0001708854688331,58000000,results/rs/SC5_HBD_MWPM_5x/results/sweep_5_exp_0_checkpoints.csv
2203330303032003003002303,0.0604059395940604,0.0001684591552475,74000000,results/rs/SC5_HBD_MWPM_5x/results/sweep_5_exp_0_checkpoints.csv
2203330303032003003002303,0.0604059395940604,0.0001684591552475,94000000,results/rs/SC5_HBD_MWPM_5x/results/sweep_5_exp_0_checkpoints.csv
2203330303032003003002303,0.0604059395940604,0.0001684591552475,120000000,results/rs/SC5_HBD_MWPM_5x/results/sweep_5_exp_0_checkpoints.csv
2203330303032003003002303,0.0604059395940604,0.0001684591552475,152000000,results/rs/SC5_HBD_MWPM_5x/results/sweep_5_exp_0_checkpoints.csv
2203330303032003003002303,0.0604059395940604,0.0001684591552475,192000000,results/rs/SC5_HBD_MWPM_5x/results/sweep_5_exp_0_checkpoints.csv
2303022303200033030202200,0.059052940947059,0.0001666817406658,242000000,results/rs/SC5_HBD_MWPM_5x/results/sweep_5_exp_0_checkpoints.csv
2303022303200033030202200,0.059052940947059,0.0001666817406658,306000000,results/rs/SC5_HBD_MWPM_5x/results/sweep_5_exp_0_checkpoints.csv
2303022303200033030202200,0.059052940947059,0.0001666817406658,386000000,results/rs/SC5_HBD_MWPM_5x/results/sweep_5_exp_0_checkpoints.csv
0303000230030320330232230,0.0587049412950587,0.000166220619576,486000000,results/rs/SC5_HBD_MWPM_5x/results/sweep_5_exp_0_checkpoints.csv
0303000230030320330232230,0.0587049412950587,0.000166220619576,612000000,results/rs/SC5_HBD_MWPM_5x/results/sweep_5_exp_0_checkpoints.csv
0303000230030320330232230,0.0587049412950587,0.000166220619576,772000000,results/rs/SC5_HBD_MWPM_5x/results/sweep_5_exp_0_checkpoints.csv
0303000230030320330232230,0.0587049412950587,0.000166220619576,972000000,results/rs/SC5_HBD_MWPM_5x/results/sweep_5_exp_0_checkpoints.csv
0303000230030320330232230,0.0587049412950587,0.000166220619576,1224000000,results/rs/SC5_HBD_MWPM_5x/results/sweep_5_exp_0_checkpoints.csv
0300233330030303230203233,0.0541644458355541,0.0001600477844476,1542000000,results/rs/SC5_HBD_MWPM_5x/results/sweep_5_exp_0_checkpoints.csv
0300233330030303230203233,0.0541644458355541,0.0001600477844476,1942000000,results/rs/SC5_HBD_MWPM_5x/results/sweep_5_exp_0_checkpoints.csv
0300233330030303230203233,0.0541644458355541,0.0001600477844476,2446000000,results/rs/SC5_HBD_MWPM_5x/results/sweep_5_exp_0_checkpoints.csv
0300233330030303230203233,0.0541644458355541,0.0001600477844476,3080000000,results/rs/SC5_HBD_MWPM_5x/results/sweep_5_exp_0_checkpoints.csv
0300233330030303230203233,0.0541644458355541,0.0001600477844476,3878000000,results/rs/SC5_HBD_MWPM_5x/results/sweep_5_exp_0_checkpoints.csv
0300233330030303230203233,0.0541644458355541,0.0001600477844476,4884000000,results/rs/SC5_HBD_MWPM_5x/results/sweep_5_exp_0_checkpoints.csv
2003000303030323233233022,0.0533964466035533,0.0001589735620655,6150000000,results/rs/SC5_HBD_MWPM_5x/results/sweep_5_exp_0_checkpoints.csv
2003000303030323233233022,0.0533964466035533,0.0001589735620655,7744000000,results/rs/SC5_HBD_MWPM_5x/results/sweep_5_exp_0_checkpoints.csv
2003000303030323233233022,0.0533964466035533,0.0001589735620655,9750000000,results/rs/SC5_HBD_MWPM_5x/results/sweep_5_exp_0_checkpoints.csv
2003000303030323233233022,0.0533964466035533,0.0001589735620655,12276000000,results/rs/SC5_HBD_MWPM_5x/results/sweep_5_exp_0_checkpoints.csv
2003000303030323233233022,0.0533964466035533,0.0001589735620655,15456000000,results/rs/SC5_HBD_MWPM_5x/results/sweep_5_exp_0_checkpoints.csv
2333033323030303033032030,0.0524079475920524,0.0001575774076627,19458000000,results/rs/SC5_HBD_MWPM_5x/results/sweep_5_exp_0_checkpoints.csv
0333030302030330032203220,0.0505729494270505,0.0001549439475638,24498000000,results/rs/SC5_HBD_MWPM_5x/results/sweep_5_exp_0_checkpoints.csv
0333030302030330032203220,0.0505729494270505,0.0001549439475638,30842000000,results/rs/SC5_HBD_MWPM_5x/results/sweep_5_exp_0_checkpoints.csv
0333030302030330032203220,0.0505729494270505,0.0001549439475638,38828000000,results/rs/SC5_HBD_MWPM_5x/results/sweep_5_exp_0_checkpoints.csv
0333030302030330032203220,0.0505729494270505,0.0001549439475638,48882000000,results/rs/SC5_HBD_MWPM_5x/results/sweep_5_exp_0_checkpoints.csv
0333030302030330032203220,0.0505729494270505,0.0001549439475638,61540000000,results/rs/SC5_HBD_MWPM_5x/results/sweep_5_exp_0_checkpoints.csv
0333030302030330032203220,0.0505729494270505,0.0001549439475638,77476000000,results/rs/SC5_HBD_MWPM_5x/results/sweep_5_exp_0_checkpoints.csv
0333030302030330032203220,0.0505729494270505,0.0001549439475638,97538000000,results/rs/SC5_HBD_MWPM_5x/results/sweep_5_exp_0_checkpoints.csv
0003203033230200033003022,0.0637444362555637,0.0001727440248942,2000000,results/rs/SC5_HBD_MWPM_5x/results/sweep_9_exp_0_checkpoints.csv
0003203033230200033003022,0.0637444362555637,0.0001727440248942,4000000,results/rs/SC5_HBD_MWPM_5x/results/sweep_9_exp_0_checkpoints.csv
0003203033230200033003022,0.0637444362555637,0.0001727440248942,6000000,results/rs/SC5_HBD_MWPM_5x/results/sweep_9_exp_0_checkpoints.csv
0003203033230200033003022,0.0637444362555637,0.0001727440248942,8000000,results/rs/SC5_HBD_MWPM_5x/results/sweep_9_exp_0_checkpoints.csv
0003203033230200033003022,0.0637444362555637,0.0001727440248942,12000000,results/rs/SC5_HBD_MWPM_5x/results/sweep_9_exp_0_checkpoints.csv
0003203033230200033003022,0.0637444362555637,0.0001727440248942,16000000,results/rs/SC5_HBD_MWPM_5x/results/sweep_9_exp_0_checkpoints.csv
2203230332320320032323002,0.0612124387875612,0.0001695072132861,22000000,results/rs/SC5_HBD_MWPM_5x/results/sweep_9_exp_0_checkpoints.csv
0222032302230300230322320,0.0609154390845609,0.0001691222423687,28000000,results/rs/SC5_HBD_MWPM_5x/results/sweep_9_exp_0_checkpoints.csv
0222032302230300230322320,0.0609154390845609,0.0001691222423687,36000000,results/rs/SC5_HBD_MWPM_5x/results/sweep_9_exp_0_checkpoints.csv
0222032302230300230322320,0.0609154390845609,0.0001691222423687,46000000,results/rs/SC5_HBD_MWPM_5x/results/sweep_9_exp_0_checkpoints.csv
0222032302230300230322320,0.0609154390845609,0.0001691222423687,58000000,results/rs/SC5_HBD_MWPM_5x/results/sweep_9_exp_0_checkpoints.csv
0222032302230300230322320,0.0609154390845609,0.0001691222423687,74000000,results/rs/SC5_HBD_MWPM_5x/results/sweep_9_exp_0_checkpoints.csv
0222032302230300230322320,0.0609154390845609,0.0001691222423687,94000000,results/rs/SC5_HBD_MWPM_5x/results/sweep_9_exp_0_checkpoints.csv
0222032302230300230322320,0.0609154390845609,0.0001691222423687,120000000,results/rs/SC5_HBD_MWPM_5x/results/sweep_9_exp_0_checkpoints.csv
0222032302230300230322320,0.0609154390845609,0.0001691222423687,152000000,results/rs/SC5_HBD_MWPM_5x/results/sweep_9_exp_0_checkpoints.csv
0222032302230300230322320,0.0609154390845609,0.0001691222423687,192000000,results/rs/SC5_HBD_MWPM_5x/results/sweep_9_exp_0_checkpoints.csv
0222032302230300230322320,0.0609154390845609,0.0001691222423687,242000000,results/rs/SC5_HBD_MWPM_5x/results/sweep_9_exp_0_checkpoints.csv
0222032302230300230322320,0.0609154390845609,0.0001691222423687,306000000,results/rs/SC5_HBD_MWPM_5x/results/sweep_9_exp_0_checkpoints.csv
0023000300330223033222030,0.0573719426280573,0.0001644389267312,386000000,results/rs/SC5_HBD_MWPM_5x/results/sweep_9_exp_0_checkpoints.csv
0023000300330223033222030,0.0573719426280573,0.0001644389267312,486000000,results/rs/SC5_HBD_MWPM_5x/results/sweep_9_exp_0_checkpoints.csv
0023000300330223033222030,0.0573719426280573,0.0001644389267312,612000000,results/rs/SC5_HBD_MWPM_5x/results/sweep_9_exp_0_checkpoints.csv
0023000300330223033222030,0.0573719426280573,0.0001644389267312,772000000,results/rs/SC5_HBD_MWPM_5x/results/sweep_9_exp_0_checkpoints.csv
2302020303033302032323303,0.0559059440940559,0.0001624505966901,972000000,results/rs/SC5_HBD_MWPM_5x/results/sweep_9_exp_0_checkpoints.csv
2302020303033302032323303,0.0559059440940559,0.0001624505966901,1224000000,results/rs/SC5_HBD_MWPM_5x/results/sweep_9_exp_0_checkpoints.csv
2302020303033302032323303,0.0559059440940559,0.0001624505966901,1542000000,results/rs/SC5_HBD_MWPM_5x/results/sweep_9_exp_0_checkpoints.csv
0302300302032203030300002,0.0543424456575543,0.0001602954580448,1942000000,results/rs/SC5_HBD_MWPM_5x/results/sweep_9_exp_0_checkpoints.csv
0302300302032203030300002,0.0543424456575543,0.0001602954580448,2446000000,results/rs/SC5_HBD_MWPM_5x/results/sweep_9_exp_0_checkpoints.csv
3303200300033323030233030,0.0503554496445503,0.0001546281127957,3080000000,results/rs/SC5_HBD_MWPM_5x/results/sweep_9_exp_0_checkpoints.csv
3303200300033323030233030,0.0503554496445503,0.0001546281127957,3878000000,results/rs/SC5_HBD_MWPM_5x/results/sweep_9_exp_0_checkpoints.csv
3303200300033323030233030,0.0503554496445503,0.0001546281127957,4884000000,results/rs/SC5_HBD_MWPM_5x/results/sweep_9_exp_0_checkpoints.csv
3303200300033323030233030,0.0503554496445503,0.0001546281127957,6150000000,results/rs/SC5_HBD_MWPM_5x/results/sweep_9_exp_0_checkpoints.csv
3303200300033323030233030,0.0503554496445503,0.0001546281127957,7744000000,results/rs/SC5_HBD_MWPM_5x/results/sweep_9_exp_0_checkpoints.csv
3303200300033323030233030,0.0503554496445503,0.0001546281127957,9750000000,results/rs/SC5_HBD_MWPM_5x/results/sweep_9_exp_0_checkpoints.csv
3303200300033323030233030,0.0503554496445503,0.0001546281127957,12276000000,results/rs/SC5_HBD_MWPM_5x/results/sweep_9_exp_0_checkpoints.csv
3303200300033323030233030,0.0503554496445503,0.0001546281127957,15456000000,results/rs/SC5_HBD_MWPM_5x/results/sweep_9_exp_0_checkpoints.csv
3303200300033323030233030,0.0503554496445503,0.0001546281127957,19458000000,results/rs/SC5_HBD_MWPM_5x/results/sweep_9_exp_0_checkpoints.csv
3303200300033323030233030,0.0503554496445503,0.0001546281127957,24498000000,results/rs/SC5_HBD_MWPM_5x/results/sweep_9_exp_0_checkpoints.csv
3303200300033323030233030,0.0503554496445503,0.0001546281127957,30842000000,results/rs/SC5_HBD_MWPM_5x/results/sweep_9_exp_0_checkpoints.csv
3303200300033323030233030,0.0503554496445503,0.0001546281127957,38828000000,results/rs/SC5_HBD_MWPM_5x/results/sweep_9_exp_0_checkpoints.csv
3233033303330300030323000,0.0483129516870483,0.000151622458361,48882000000,results/rs/SC5_HBD_MWPM_5x/results/sweep_9_exp_0_checkpoints.csv
3233033303330300030323000,0.0483129516870483,0.000151622458361,61540000000,results/rs/SC5_HBD_MWPM_5x/results/sweep_9_exp_0_checkpoints.csv
3233033303330300030323000,0.0483129516870483,0.000151622458361,77476000000,results/rs/SC5_HBD_MWPM_5x/results/sweep_9_exp_0_checkpoints.csv
3233033303330300030323000,0.0483129516870483,0.000151622458361,97538000000,results/rs/SC5_HBD_MWPM_5x/results/sweep_9_exp_0_checkpoints.csv
0003232333302200022332022,0.074018925981074,0.0001851216220529,2000000,results/rs/SC5_HBD_MWPM_5x/results/sweep_21_exp_0_checkpoints.csv
0003232333302200022332022,0.074018925981074,0.0001851216220529,4000000,results/rs/SC5_HBD_MWPM_5x/results/sweep_21_exp_0_checkpoints.csv
0003232333302200022332022,0.074018925981074,0.0001851216220529,6000000,results/rs/SC5_HBD_MWPM_5x/results/sweep_21_exp_0_checkpoints.csv
2000220030233302000332200,0.0677064322935677,0.0001776544086169,8000000,results/rs/SC5_HBD_MWPM_5x/results/sweep_21_exp_0_checkpoints.csv
2000220030233302000332200,0.0677064322935677,0.0001776544086169,12000000,results/rs/SC5_HBD_MWPM_5x/results/sweep_21_exp_0_checkpoints.csv
2000220030233302000332200,0.0677064322935677,0.0001776544086169,16000000,results/rs/SC5_HBD_MWPM_5x/results/sweep_21_exp_0_checkpoints.csv
2000220030233302000332200,0.0677064322935677,0.0001776544086169,22000000,results/rs/SC5_HBD_MWPM_5x/results/sweep_21_exp_0_checkpoints.csv
3203333323332303333023222,0.0668794331205668,0.0001766443892847,28000000,results/rs/SC5_HBD_MWPM_5x/results/sweep_21_exp_0_checkpoints.csv
3203333323332303333023222,0.0668794331205668,0.0001766443892847,36000000,results/rs/SC5_HBD_MWPM_5x/results/sweep_21_exp_0_checkpoints.csv
3203333323332303333023222,0.0668794331205668,0.0001766443892847,46000000,results/rs/SC5_HBD_MWPM_5x/results/sweep_21_exp_0_checkpoints.csv
3323332223032302333330030,0.0661979338020661,0.0001758062571752,58000000,results/rs/SC5_HBD_MWPM_5x/results/sweep_21_exp_0_checkpoints.csv
3323332223032302333330030,0.0661979338020661,0.0001758062571752,74000000,results/rs/SC5_HBD_MWPM_5x/results/sweep_21_exp_0_checkpoints.csv
0002020022033303032032022,0.0638694361305638,0.0001729017676552,94000000,results/rs/SC5_HBD_MWPM_5x/results/sweep_21_exp_0_checkpoints.csv
0033320300033330333300030,0.056052943947056,0.0001626513549126,120000000,results/rs/SC5_HBD_MWPM_5x/results/sweep_21_exp_0_checkpoints.csv
0033320300033330333300030,0.056052943947056,0.0001626513549126,152000000,results/rs/SC5_HBD_MWPM_5x/results/sweep_21_exp_0_checkpoints.csv
0033320300033330333300030,0.056052943947056,0.0001626513549126,192000000,results/rs/SC5_HBD_MWPM_5x/results/sweep_21_exp_0_checkpoints.csv
0033320300033330333300030,0.056052943947056,0.0001626513549126,242000000,results/rs/SC5_HBD_MWPM_5x/results/sweep_21_exp_0_checkpoints.csv
0033320300033330333300030,0.056052943947056,0.0001626513549126,306000000,results/rs/SC5_HBD_MWPM_5x/results/sweep_21_exp_0_checkpoints.csv
0033320300033330333300030,0.056052943947056,0.0001626513549126,386000000,results/rs/SC5_HBD_MWPM_5x/results/sweep_21_exp_0_checkpoints.csv
0033320300033330333300030,0.056052943947056,0.0001626513549126,486000000,results/rs/SC5_HBD_MWPM_5x/results/sweep_21_exp_0_checkpoints.csv
0033320300033330333300030,0.056052943947056,0.0001626513549126,612000000,results/rs/SC5_HBD_MWPM_5x/results/sweep_21_exp_0_checkpoints.csv
0033320300033330333300030,0.056052943947056,0.0001626513549126,772000000,results/rs/SC5_HBD_MWPM_5x/results/sweep_21_exp_0_checkpoints.csv
0033320300033330333300030,0.056052943947056,0.0001626513549126,972000000,results/rs/SC5_HBD_MWPM_5x/results/sweep_21_exp_0_checkpoints.csv
2203020003030303030223200,0.0503099496900503,0.0001545619452372,1224000000,results/rs/SC5_HBD_MWPM_5x/results/sweep_21_exp_0_checkpoints.csv
2203020003030303030223200,0.0503099496900503,0.0001545619452372,1542000000,results/rs/SC5_HBD_MWPM_5x/results/sweep_21_exp_0_checkpoints.csv
2203020003030303030223200,0.0503099496900503,0.0001545619452372,1942000000,results/rs/SC5_HBD_MWPM_5x/results/sweep_21_exp_0_checkpoints.csv
2203020003030303030223200,0.0503099496900503,0.0001545619452372,2446000000,results/rs/SC5_HBD_MWPM_5x/results/sweep_21_exp_0_checkpoints.csv
2203020003030303030223200,0.0503099496900503,0.0001545619452372,3080000000,results/rs/SC5_HBD_MWPM_5x/results/sweep_21_exp_0_checkpoints.csv
2203020003030303030223200,0.0503099496900503,0.0001545619452372,3878000000,results/rs/SC5_HBD_MWPM_5x/results/sweep_21_exp_0_checkpoints.csv
2203020003030303030223200,0.0503099496900503,0.0001545619452372,4884000000,results/rs/SC5_HBD_MWPM_5x/results/sweep_21_exp_0_checkpoints.csv
2203020003030303030223200,0.0503099496900503,0.0001545619452372,6150000000,results/rs/SC5_HBD_MWPM_5x/results/sweep_21_exp_0_checkpoints.csv
2203020003030303030223200,0.0503099496900503,0.0001545619452372,7744000000,results/rs/SC5_HBD_MWPM_5x/results/sweep_21_exp_0_checkpoints.csv
2203020003030303030223200,0.0503099496900503,0.0001545619452372,9750000000,results/rs/SC5_HBD_MWPM_5x/results/sweep_21_exp_0_checkpoints.csv
2203020003030303030223200,0.0503099496900503,0.0001545619452372,12276000000,results/rs/SC5_HBD_MWPM_5x/results/sweep_21_exp_0_checkpoints.csv
2203020003030303030223200,0.0503099496900503,0.0001545619452372,15456000000,results/rs/SC5_HBD_MWPM_5x/results/sweep_21_exp_0_checkpoints.csv
2203020003030303030223200,0.0503099496900503,0.0001545619452372,19458000000,results/rs/SC5_HBD_MWPM_5x/results/sweep_21_exp_0_checkpoints.csv
0303230303333300030203332,0.0488454511545488,0.0001524130930192,24498000000,results/rs/SC5_HBD_MWPM_5x/results/sweep_21_exp_0_checkpoints.csv
0303230303333300030203332,0.0488454511545488,0.0001524130930192,30842000000,results/rs/SC5_HBD_MWPM_5x/results/sweep_21_exp_0_checkpoints.csv
0303230303333300030203332,0.0488454511545488,0.0001524130930192,38828000000,results/rs/SC5_HBD_MWPM_5x/results/sweep_21_exp_0_checkpoints.csv
0303230303333300030203332,0.0488454511545488,0.0001524130930192,48882000000,results/rs/SC5_HBD_MWPM_5x/results/sweep_21_exp_0_checkpoints.csv
0303230303333300030203332,0.0488454511545488,0.0001524130930192,61540000000,results/rs/SC5_HBD_MWPM_5x/results/sweep_21_exp_0_checkpoints.csv
0303230303333300030203332,0.0488454511545488,0.0001524130930192,77476000000,results/rs/SC5_HBD_MWPM_5x/results/sweep_21_exp_0_checkpoints.csv
0303203303330333030333002,0.0477779522220477,0.0001508229906903,97538000000,results/rs/SC5_HBD_MWPM_5x/results/sweep_21_exp_0_checkpoints.csv
3232030030332222220202000,0.0777109222890777,0.0001893037551781,2000000,results/rs/SC5_HBD_MWPM_5x/results/sweep_16_exp_0_checkpoints.csv
3232030030332222220202000,0.0777109222890777,0.0001893037551781,4000000,results/rs/SC5_HBD_MWPM_5x/results/sweep_16_exp_0_checkpoints.csv
0333232203203302323032000,0.072092427907572,0.000182886593393,6000000,results/rs/SC5_HBD_MWPM_5x/results/sweep_16_exp_0_checkpoints.csv
0333232203203302323032000,0.072092427907572,0.000182886593393,8000000,results/rs/SC5_HBD_MWPM_5x/results/sweep_16_exp_0_checkpoints.csv
3223000233330223022020022,0.0717764282235717,0.0001825164072215,12000000,results/rs/SC5_HBD_MWPM_5x/results/sweep_16_exp_0_checkpoints.csv
3223000233330223022020022,0.0717764282235717,0.0001825164072215,16000000,results/rs/SC5_HBD_MWPM_5x/results/sweep_16_exp_0_checkpoints.csv
2323222003033233030000003,0.0643444356555643,0.0001734994730213,22000000,results/rs/SC5_HBD_MWPM_5x/results/sweep_16_exp_0_checkpoints.csv
2323222003033233030000003,0.0643444356555643,0.0001734994730213,28000000,results/rs/SC5_HBD_MWPM_5x/results/sweep_16_exp_0_checkpoints.csv
2323222003033233030000003,0.0643444356555643,0.0001734994730213,36000000,results/rs/SC5_HBD_MWPM_5x/results/sweep_16_exp_0_checkpoints.csv
2323222003033233030000003,0.0643444356555643,0.0001734994730213,46000000,results/rs/SC5_HBD_MWPM_5x/results/sweep_16_exp_0_checkpoints.csv
2323222003033233030000003,0.0643444356555643,0.0001734994730213,58000000,results/rs/SC5_HBD_MWPM_5x/results/sweep_16_exp_0_checkpoints.csv
2323222003033233030000003,0.0643444356555643,0.0001734994730213,74000000,results/rs/SC5_HBD_MWPM_5x/results/sweep_16_exp_0_checkpoints.csv
3203330333033303000222332,0.0562149437850562,0.0001628722529858,94000000,results/rs/SC5_HBD_MWPM_5x/results/sweep_16_exp_0_checkpoints.csv
3203330333033303000222332,0.0562149437850562,0.0001628722529858,120000000,results/rs/SC5_HBD_MWPM_5x/results/sweep_16_exp_0_checkpoints.csv
3203330333033303000222332,0.0562149437850562,0.0001628722529858,152000000,results/rs/SC5_HBD_MWPM_5x/results/sweep_16_exp_0_checkpoints.csv
3203330333033303000222332,0.0562149437850562,0.0001628722529858,192000000,results/rs/SC5_HBD_MWPM_5x/results/sweep_16_exp_0_checkpoints.csv
3033032302030303030323323,0.0513369486630513,0.0001560470991535,242000000,results/rs/SC5_HBD_MWPM_5x/results/sweep_16_exp_0_checkpoints.csv
3302003302030300030303030,0.0465584534415465,0.0001489810383645,306000000,results/rs/SC5_HBD_MWPM_5x/results/sweep_16_exp_0_checkpoints.csv
3302003302030300030303030,0.0465584534415465,0.0001489810383645,386000000,results/rs/SC5_HBD_MWPM_5x/results/sweep_16_exp_0_checkpoints.csv
3302003302030300030303030,0.0465584534415465,0.0001489810383645,486000000,results/rs/SC5_HBD_MWPM_5x/results/sweep_16_exp_0_checkpoints.csv
3302003302030300030303030,0.0465584534415465,0.0001489810383645,612000000,results/rs/SC5_HBD_MWPM_5x/results/sweep_16_exp_0_checkpoints.csv
3302003302030300030303030,0.0465584534415465,0.0001489810383645,772000000,results/rs/SC5_HBD_MWPM_5x/results/sweep_16_exp_0_checkpoints.csv
3302003302030300030303030,0.0465584534415465,0.0001489810383645,972000000,results/rs/SC5_HBD_MWPM_5x/results/sweep_16_exp_0_checkpoints.csv
3302003302030300030303030,0.0465584534415465,0.0001489810383645,1224000000,results/rs/SC5_HBD_MWPM_5x/results/sweep_16_exp_0_checkpoints.csv
3302003302030300030303030,0.0465584534415465,0.0001489810383645,1542000000,results/rs/SC5_HBD_MWPM_5x/results/sweep_16_exp_0_checkpoints.csv
3302003302030300030303030,0.0465584534415465,0.0001489810383645,1942000000,results/rs/SC5_HBD_MWPM_5x/results/sweep_16_exp_0_checkpoints.csv
3302003302030300030303030,0.0465584534415465,0.0001489810383645,2446000000,results/rs/SC5_HBD_MWPM_5x/results/sweep_16_exp_0_checkpoints.csv
3302003302030300030303030,0.0465584534415465,0.0001489810383645,3080000000,results/rs/SC5_HBD_MWPM_5x/results/sweep_16_exp_0_checkpoints.csv
3302003302030300030303030,0.0465584534415465,0.0001489810383645,3878000000,results/rs/SC5_HBD_MWPM_5x/results/sweep_16_exp_0_checkpoints.csv
3302003302030300030303030,0.0465584534415465,0.0001489810383645,4884000000,results/rs/SC5_HBD_MWPM_5x/results/sweep_16_exp_0_checkpoints.csv
3302003302030300030303030,0.0465584534415465,0.0001489810383645,6150000000,results/rs/SC5_HBD_MWPM_5x/results/sweep_16_exp_0_checkpoints.csv
3302003302030300030303030,0.0465584534415465,0.0001489810383645,7744000000,results/rs/SC5_HBD_MWPM_5x/results/sweep_16_exp_0_checkpoints.csv
3302003302030300030303030,0.0465584534415465,0.0001489810383645,9750000000,results/rs/SC5_HBD_MWPM_5x/results/sweep_16_exp_0_checkpoints.csv
3302003302030300030303030,0.0465584534415465,0.0001489810383645,12276000000,results/rs/SC5_HBD_MWPM_5x/results/sweep_16_exp_0_checkpoints.csv
3302003302030300030303030,0.0465584534415465,0.0001489810383645,15456000000,results/rs/SC5_HBD_MWPM_5x/results/sweep_16_exp_0_checkpoints.csv
3302003302030300030303030,0.0465584534415465,0.0001489810383645,19458000000,results/rs/SC5_HBD_MWPM_5x/results/sweep_16_exp_0_checkpoints.csv
3302003302030300030303030,0.0465584534415465,0.0001489810383645,24498000000,results/rs/SC5_HBD_MWPM_5x/results/sweep_16_exp_0_checkpoints.csv
3302003302030300030303030,0.0465584534415465,0.0001489810383645,30842000000,results/rs/SC5_HBD_MWPM_5x/results/sweep_16_exp_0_checkpoints.csv
3302003302030300030303030,0.0465584534415465,0.0001489810383645,38828000000,results/rs/SC5_HBD_MWPM_5x/results/sweep_16_exp_0_checkpoints.csv
3302003302030300030303030,0.0465584534415465,0.0001489810383645,48882000000,results/rs/SC5_HBD_MWPM_5x/results/sweep_16_exp_0_checkpoints.csv
3302003302030300030303030,0.0465584534415465,0.0001489810383645,61540000000,results/rs/SC5_HBD_MWPM_5x/results/sweep_16_exp_0_checkpoints.csv
3302003302030300030303030,0.0465584534415465,0.0001489810383645,77476000000,results/rs/SC5_HBD_MWPM_5x/results/sweep_16_exp_0_checkpoints.csv
3302003302030300030303030,0.0465584534415465,0.0001489810383645,97538000000,results/rs/SC5_HBD_MWPM_5x/results/sweep_16_exp_0_checkpoints.csv
2330200232223333232320020,0.0753514246485753,0.0001866460370365,2000000,results/rs/SC5_HBD_MWPM_5x/results/sweep_10_exp_0_checkpoints.csv
2330000323303003300332323,0.0711469288530711,0.0001817758893594,4000000,results/rs/SC5_HBD_MWPM_5x/results/sweep_10_exp_0_checkpoints.csv
2330000323303003300332323,0.0711469288530711,0.0001817758893594,6000000,results/rs/SC5_HBD_MWPM_5x/results/sweep_10_exp_0_checkpoints.csv
0020320302333202030300223,0.0628694371305628,0.0001716344704618,8000000,results/rs/SC5_HBD_MWPM_5x/results/sweep_10_exp_0_checkpoints.csv
0020320302333202030300223,0.0628694371305628,0.0001716344704618,12000000,results/rs/SC5_HBD_MWPM_5x/results/sweep_10_exp_0_checkpoints.csv
0020320302333202030300223,0.0628694371305628,0.0001716344704618,16000000,results/rs/SC5_HBD_MWPM_5x/results/sweep_10_exp_0_checkpoints.csv
0020320302333202030300223,0.0628694371305628,0.0001716344704618,22000000,results/rs/SC5_HBD_MWPM_5x/results/sweep_10_exp_0_checkpoints.csv
0020320302333202030300223,0.0628694371305628,0.0001716344704618,28000000,results/rs/SC5_HBD_MWPM_5x/results/sweep_10_exp_0_checkpoints.csv
0020320302333202030300223,0.0628694371305628,0.0001716344704618,36000000,results/rs/SC5_HBD_MWPM_5x/results/sweep_10_exp_0_checkpoints.csv
0020320302333202030300223,0.0628694371305628,0.0001716344704618,46000000,results/rs/SC5_HBD_MWPM_5x/results/sweep_10_exp_0_checkpoints.csv
0020320302333202030300223,0.0628694371305628,0.0001716344704618,58000000,results/rs/SC5_HBD_MWPM_5x/results/sweep_10_exp_0_checkpoints.csv
0020320302333202030300223,0.0628694371305628,0.0001716344704618,74000000,results/rs/SC5_HBD_MWPM_5x/results/sweep_10_exp_0_checkpoints.csv
3000002302333203030330232,0.0613254386745613,0.0001696533872745,94000000,results/rs/SC5_HBD_MWPM_5x/results/sweep_10_exp_0_checkpoints.csv
3000002302333203030330232,0.0613254386745613,0.0001696533872745,120000000,results/rs/SC5_HBD_MWPM_5x/results/sweep_10_exp_0_checkpoints.csv
3000002302333203030330232,0.0613254386745613,0.0001696533872745,152000000,results/rs/SC5_HBD_MWPM_5x/results/sweep_10_exp_0_checkpoints.csv
3000002302333203030330232,0.0613254386745613,0.0001696533872745,192000000,results/rs/SC5_HBD_MWPM_5x/results/sweep_10_exp_0_checkpoints.csv
3000002302333203030330232,0.0613254386745613,0.0001696533872745,242000000,results/rs/SC5_HBD_MWPM_5x/results/sweep_10_exp_0_checkpoints.csv
0303320322330203330233020,0.0568984431015569,0.0001638000831007,306000000,results/rs/SC5_HBD_MWPM_5x/results/sweep_10_exp_0_checkpoints.csv
0303320322330203330233020,0.0568984431015569,0.0001638000831007,386000000,results/rs/SC5_HBD_MWPM_5x/results/sweep_10_exp_0_checkpoints.csv
0303320322330203330233020,0.0568984431015569,0.0001638000831007,486000000,results/rs/SC5_HBD_MWPM_5x/results/sweep_10_exp_0_checkpoints.csv
0303320322330203330233020,0.0568984431015569,0.0001638000831007,612000000,results/rs/SC5_HBD_MWPM_5x/results/sweep_10_exp_0_checkpoints.csv
0230030323320302030203332,0.0559484440515559,0.0001625086733838,772000000,results/rs/SC5_HBD_MWPM_5x/results/sweep_10_exp_0_checkpoints.csv
0230030323320302030203332,0.0559484440515559,0.0001625086733838,972000000,results/rs/SC5_HBD_MWPM_5x/results/sweep_10_exp_0_checkpoints.csv
0230030323320302030203332,0.0559484440515559,0.0001625086733838,1224000000,results/rs/SC5_HBD_MWPM_5x/results/sweep_10_exp_0_checkpoints.csv
0230030323320302030203332,0.0559484440515559,0.0001625086733838,1542000000,results/rs/SC5_HBD_MWPM_5x/results/sweep_10_exp_0_checkpoints.csv
0300000203030330020302003,0.0522934477065522,0.0001574146881466,1942000000,results/rs/SC5_HBD_MWPM_5x/results/sweep_10_exp_0_checkpoints.csv
0300000203030330020302003,0.0522934477065522,0.0001574146881466,2446000000,results/rs/SC5_HBD_MWPM_5x/results/sweep_10_exp_0_checkpoints.csv
0300000203030330020302003,0.0522934477065522,0.0001574146881466,3080000000,results/rs/SC5_HBD_MWPM_5x/results/sweep_10_exp_0_checkpoints.csv
2233330330030303030302003,0.0499324500675499,0.0001540115772513,3878000000,results/rs/SC5_HBD_MWPM_5x/results/sweep_10_exp_0_checkpoints.csv
2233330330030303030302003,0.0499324500675499,0.0001540115772513,4884000000,results/rs/SC5_HBD_MWPM_5x/results/sweep_10_exp_0_checkpoints.csv
2233330330030303030302003,0.0499324500675499,0.0001540115772513,6150000000,results/rs/SC5_HBD_MWPM_5x/results/sweep_10_exp_0_checkpoints.csv
2233330330030303030302003,0.0499324500675499,0.0001540115772513,7744000000,results/rs/SC5_HBD_MWPM_5x/results/sweep_10_exp_0_checkpoints.csv
2233330330030303030302003,0.0499324500675499,0.0001540115772513,9750000000,results/rs/SC5_HBD_MWPM_5x/results/sweep_10_exp_0_checkpoints.csv
2233330330030303030302003,0.0499324500675499,0.0001540115772513,12276000000,results/rs/SC5_HBD_MWPM_5x/results/sweep_10_exp_0_checkpoints.csv
2233330330030303030302003,0.0499324500675499,0.0001540115772513,15456000000,results/rs/SC5_HBD_MWPM_5x/results/sweep_10_exp_0_checkpoints.csv
3203020303030333033302300,0.0481739518260481,0.0001514152390882,19458000000,results/rs/SC5_HBD_MWPM_5x/results/sweep_10_exp_0_checkpoints.csv
3203020303030333033302300,0.0481739518260481,0.0001514152390882,24498000000,results/rs/SC5_HBD_MWPM_5x/results/sweep_10_exp_0_checkpoints.csv
3203020303030333033302300,0.0481739518260481,0.0001514152390882,30842000000,results/rs/SC5_HBD_MWPM_5x/results/sweep_10_exp_0_checkpoints.csv
3203020303030333033302300,0.0481739518260481,0.0001514152390882,38828000000,results/rs/SC5_HBD_MWPM_5x/results/sweep_10_exp_0_checkpoints.csv
3203020303030333033302300,0.0481739518260481,0.0001514152390882,48882000000,results/rs/SC5_HBD_MWPM_5x/results/sweep_10_exp_0_checkpoints.csv
3203020303030333033302300,0.0481739518260481,0.0001514152390882,61540000000,results/rs/SC5_HBD_MWPM_5x/results/sweep_10_exp_0_checkpoints.csv
3203020303030333033302300,0.0481739518260481,0.0001514152390882,77476000000,results/rs/SC5_HBD_MWPM_5x/results/sweep_10_exp_0_checkpoints.csv
3203020303030333033302300,0.0481739518260481,0.0001514152390882,97538000000,results/rs/SC5_HBD_MWPM_5x/results/sweep_10_exp_0_checkpoints.csv
0203230030030203200222032,0.0635369364630635,0.0001724817411741,2000000,results/rs/SC5_HBD_MWPM_5x/results/sweep_6_exp_0_checkpoints.csv
0203230030030203200222032,0.0635369364630635,0.0001724817411741,4000000,results/rs/SC5_HBD_MWPM_5x/results/sweep_6_exp_0_checkpoints.csv
0203230030030203200222032,0.0635369364630635,0.0001724817411741,6000000,results/rs/SC5_HBD_MWPM_5x/results/sweep_6_exp_0_checkpoints.csv
0203230030030203200222032,0.0635369364630635,0.0001724817411741,8000000,results/rs/SC5_HBD_MWPM_5x/results/sweep_6_exp_0_checkpoints.csv
0203230030030203200222032,0.0635369364630635,0.0001724817411741,12000000,results/rs/SC5_HBD_MWPM_5x/results/sweep_6_exp_0_checkpoints.csv
0203230030030203200222032,0.0635369364630635,0.0001724817411741,16000000,results/rs/SC5_HBD_MWPM_5x/results/sweep_6_exp_0_checkpoints.csv
0203230030030203200222032,0.0635369364630635,0.0001724817411741,22000000,results/rs/SC5_HBD_MWPM_5x/results/sweep_6_exp_0_checkpoints.csv
3303033003000320200222333,0.0629329370670629,0.0001717153063509,28000000,results/rs/SC5_HBD_MWPM_5x/results/sweep_6_exp_0_checkpoints.csv
3030200203200303032003233,0.06000593999406,0.0001679362176219,36000000,results/rs/SC5_HBD_MWPM_5x/results/sweep_6_exp_0_checkpoints.csv
3030200203200303032003233,0.06000593999406,0.0001679362176219,46000000,results/rs/SC5_HBD_MWPM_5x/results/sweep_6_exp_0_checkpoints.csv
3030200203200303032003233,0.06000593999406,0.0001679362176219,58000000,results/rs/SC5_HBD_MWPM_5x/results/sweep_6_exp_0_checkpoints.csv
3030200203200303032003233,0.06000593999406,0.0001679362176219,74000000,results/rs/SC5_HBD_MWPM_5x/results/sweep_6_exp_0_checkpoints.csv
3030200203200303032003233,0.06000593999406,0.0001679362176219,94000000,results/rs/SC5_HBD_MWPM_5x/results/sweep_6_exp_0_checkpoints.csv
0203233002030033033203033,0.0567859432140567,0.0001636478264117,120000000,results/rs/SC5_HBD_MWPM_5x/results/sweep_6_exp_0_checkpoints.csv
0203233002030033033203033,0.0567859432140567,0.0001636478264117,152000000,results/rs/SC5_HBD_MWPM_5x/results/sweep_6_exp_0_checkpoints.csv
0203233002030033033203033,0.0567859432140567,0.0001636478264117,192000000,results/rs/SC5_HBD_MWPM_5x/results/sweep_6_exp_0_checkpoints.csv
0203233002030033033203033,0.0567859432140567,0.0001636478264117,242000000,results/rs/SC5_HBD_MWPM_5x/results/sweep_6_exp_0_checkpoints.csv
0203233002030033033203033,0.0567859432140567,0.0001636478264117,306000000,results/rs/SC5_HBD_MWPM_5x/results/sweep_6_exp_0_checkpoints.csv
0203233002030033033203033,0.0567859432140567,0.0001636478264117,386000000,results/rs/SC5_HBD_MWPM_5x/results/sweep_6_exp_0_checkpoints.csv
0203233002030033033203033,0.0567859432140567,0.0001636478264117,486000000,results/rs/SC5_HBD_MWPM_5x/results/sweep_6_exp_0_checkpoints.csv
0203233002030033033203033,0.0567859432140567,0.0001636478264117,612000000,results/rs/SC5_HBD_MWPM_5x/results/sweep_6_exp_0_checkpoints.csv
0203233002030033033203033,0.0567859432140567,0.0001636478264117,772000000,results/rs/SC5_HBD_MWPM_5x/results/sweep_6_exp_0_checkpoints.csv
0203233002030033033203033,0.0567859432140567,0.0001636478264117,972000000,results/rs/SC5_HBD_MWPM_5x/results/sweep_6_exp_0_checkpoints.csv
0203233002030033033203033,0.0567859432140567,0.0001636478264117,1224000000,results/rs/SC5_HBD_MWPM_5x/results/sweep_6_exp_0_checkpoints.csv
0300230300330333002203323,0.0562089437910562,0.0001628640893613,1542000000,results/rs/SC5_HBD_MWPM_5x/results/sweep_6_exp_0_checkpoints.csv
0303030003003303030222320,0.0536344463655536,0.0001593074266565,1942000000,results/rs/SC5_HBD_MWPM_5x/results/sweep_6_exp_0_checkpoints.csv
0303030003003303030222320,0.0536344463655536,0.0001593074266565,2446000000,results/rs/SC5_HBD_MWPM_5x/results/sweep_6_exp_0_checkpoints.csv
0303030003003303030222320,0.0536344463655536,0.0001593074266565,3080000000,results/rs/SC5_HBD_MWPM_5x/results/sweep_6_exp_0_checkpoints.csv
0303030003003303030222320,0.0536344463655536,0.0001593074266565,3878000000,results/rs/SC5_HBD_MWPM_5x/results/sweep_6_exp_0_checkpoints.csv
0302030002230333030000003,0.0503474496525503,0.0001546164858154,4884000000,results/rs/SC5_HBD_MWPM_5x/results/sweep_6_exp_0_checkpoints.csv
0302030002230333030000003,0.0503474496525503,0.0001546164858154,6150000000,results/rs/SC5_HBD_MWPM_5x/results/sweep_6_exp_0_checkpoints.csv
0302030002230333030000003,0.0503474496525503,0.0001546164858154,7744000000,results/rs/SC5_HBD_MWPM_5x/results/sweep_6_exp_0_checkpoints.csv
0302030002230333030000003,0.0503474496525503,0.0001546164858154,9750000000,results/rs/SC5_HBD_MWPM_5x/results/sweep_6_exp_0_checkpoints.csv
0302030002230333030000003,0.0503474496525503,0.0001546164858154,12276000000,results/rs/SC5_HBD_MWPM_5x/results/sweep_6_exp_0_checkpoints.csv
0300030300030303033200200,0.0479329520670479,0.0001510551519459,15456000000,results/rs/SC5_HBD_MWPM_5x/results/sweep_6_exp_0_checkpoints.csv
0300030300030303033200200,0.0479329520670479,0.0001510551519459,19458000000,results/rs/SC5_HBD_MWPM_5x/results/sweep_6_exp_0_checkpoints.csv
0300030300030303033200200,0.0479329520670479,0.0001510551519459,24498000000,results/rs/SC5_HBD_MWPM_5x/results/sweep_6_exp_0_checkpoints.csv
0300030300030303033200200,0.0479329520670479,0.0001510551519459,30842000000,results/rs/SC5_HBD_MWPM_5x/results/sweep_6_exp_0_checkpoints.csv
0300030300030303033200200,0.0479329520670479,0.0001510551519459,38828000000,results/rs/SC5_HBD_MWPM_5x/results/sweep_6_exp_0_checkpoints.csv
0300030300030303033200200,0.0479329520670479,0.0001510551519459,48882000000,results/rs/SC5_HBD_MWPM_5x/results/sweep_6_exp_0_checkpoints.csv
0300030300030303033200200,0.0479329520670479,0.0001510551519459,61540000000,results/rs/SC5_HBD_MWPM_5x/results/sweep_6_exp_0_checkpoints.csv
0300030300030303033200200,0.0479329520670479,0.0001510551519459,77476000000,results/rs/SC5_HBD_MWPM_5x/results/sweep_6_exp_0_checkpoints.csv
0300030300030303033200200,0.0479329520670479,0.0001510551519459,97538000000,results/rs/SC5_HBD_MWPM_5x/results/sweep_6_exp_0_checkpoints.csv
2000222203002222200022222,0.0886824113175886,0.0002010195457842,2000000,results/rs/SC5_HBD_MWPM_5x/results/sweep_19_exp_0_checkpoints.csv
2330322200322322003333323,0.0805654194345805,0.0001924506650539,4000000,results/rs/SC5_HBD_MWPM_5x/results/sweep_19_exp_0_checkpoints.csv
2330322200322322003333323,0.0805654194345805,0.0001924506650539,6000000,results/rs/SC5_HBD_MWPM_5x/results/sweep_19_exp_0_checkpoints.csv
3033222223333232022302230,0.0803794196205803,0.0001922478259075,8000000,results/rs/SC5_HBD_MWPM_5x/results/sweep_19_exp_0_checkpoints.csv
3330320300020232302332302,0.074023925976074,0.0001851273700594,12000000,results/rs/SC5_HBD_MWPM_5x/results/sweep_19_exp_0_checkpoints.csv
0303303032332322002000233,0.0719889280110719,0.0001827654486987,16000000,results/rs/SC5_HBD_MWPM_5x/results/sweep_19_exp_0_checkpoints.csv
3300022303022302032302302,0.0648159351840648,0.0001740901207085,22000000,results/rs/SC5_HBD_MWPM_5x/results/sweep_19_exp_0_checkpoints.csv
3300022303022302032302302,0.0648159351840648,0.0001740901207085,28000000,results/rs/SC5_HBD_MWPM_5x/results/sweep_19_exp_0_checkpoints.csv
3300022303022302032302302,0.0648159351840648,0.0001740901207085,36000000,results/rs/SC5_HBD_MWPM_5x/results/sweep_19_exp_0_checkpoints.csv
3300022303022302032302302,0.0648159351840648,0.0001740901207085,46000000,results/rs/SC5_HBD_MWPM_5x/results/sweep_19_exp_0_checkpoints.csv
0330203223220300030033033,0.0628949371050629,0.0001716669357847,58000000,results/rs/SC5_HBD_MWPM_5x/results/sweep_19_exp_0_checkpoints.csv
0330203223220300030033033,0.0628949371050629,0.0001716669357847,74000000,results/rs/SC5_HBD_MWPM_5x/results/sweep_19_exp_0_checkpoints.csv
0330203223220300030033033,0.0628949371050629,0.0001716669357847,94000000,results/rs/SC5_HBD_MWPM_5x/results/sweep_19_exp_0_checkpoints.csv
0223023003030223032203233,0.0616819383180616,0.0001701134751783,120000000,results/rs/SC5_HBD_MWPM_5x/results/sweep_19_exp_0_checkpoints.csv
0333020333330030330230330,0.058997941002059,0.0001666089810896,152000000,results/rs/SC5_HBD_MWPM_5x/results/sweep_19_exp_0_checkpoints.csv
0333020333330030330230330,0.058997941002059,0.0001666089810896,192000000,results/rs/SC5_HBD_MWPM_5x/results/sweep_19_exp_0_checkpoints.csv
0333020333330030330230330,0.058997941002059,0.0001666089810896,242000000,results/rs/SC5_HBD_MWPM_5x/results/sweep_19_exp_0_checkpoints.csv
3303320220030300330332330,0.0571374428625571,0.000164122931892,306000000,results/rs/SC5_HBD_MWPM_5x/results/sweep_19_exp_0_checkpoints.csv
3303320220030300330332330,0.0571374428625571,0.000164122931892,386000000,results/rs/SC5_HBD_MWPM_5x/results/sweep_19_exp_0_checkpoints.csv
3303320220030300330332330,0.0571374428625571,0.000164122931892,486000000,results/rs/SC5_HBD_MWPM_5x/results/sweep_19_exp_0_checkpoints.csv
3303320220030300330332330,0.0571374428625571,0.000164122931892,612000000,results/rs/SC5_HBD_MWPM_5x/results/sweep_19_exp_0_checkpoints.csv
2003020233030332030303330,0.0516754483245516,0.0001565327838761,772000000,results/rs/SC5_HBD_MWPM_5x/results/sweep_19_exp_0_checkpoints.csv
2003020233030332030303330,0.0516754483245516,0.0001565327838761,972000000,results/rs/SC5_HBD_MWPM_5x/results/sweep_19_exp_0_checkpoints.csv
2003020233030332030303330,0.0516754483245516,0.0001565327838761,1224000000,results/rs/SC5_HBD_MWPM_5x/results/sweep_19_exp_0_checkpoints.csv
2003020233030332030303330,0.0516754483245516,0.0001565327838761,1542000000,results/rs/SC5_HBD_MWPM_5x/results/sweep_19_exp_0_checkpoints.csv
2003020233030332030303330,0.0516754483245516,0.0001565327838761,1942000000,results/rs/SC5_HBD_MWPM_5x/results/sweep_19_exp_0_checkpoints.csv
2003020233030332030303330,0.0516754483245516,0.0001565327838761,2446000000,results/rs/SC5_HBD_MWPM_5x/results/sweep_19_exp_0_checkpoints.csv
2003020233030332030303330,0.0516754483245516,0.0001565327838761,3080000000,results/rs/SC5_HBD_MWPM_5x/results/sweep_19_exp_0_checkpoints.csv
2003020233030332030303330,0.0516754483245516,0.0001565327838761,3878000000,results/rs/SC5_HBD_MWPM_5x/results/sweep_19_exp_0_checkpoints.csv
2003020233030332030303330,0.0516754483245516,0.0001565327838761,4884000000,results/rs/SC5_HBD_MWPM_5x/results/sweep_19_exp_0_checkpoints.csv
2003020233030332030303330,0.0516754483245516,0.0001565327838761,6150000000,results/rs/SC5_HBD_MWPM_5x/results/sweep_19_exp_0_checkpoints.csv
2003020233030332030303330,0.0516754483245516,0.0001565327838761,7744000000,results/rs/SC5_HBD_MWPM_5x/results/sweep_19_exp_0_checkpoints.csv
2003020233030332030303330,0.0516754483245516,0.0001565327838761,9750000000,results/rs/SC5_HBD_MWPM_5x/results/sweep_19_exp_0_checkpoints.csv
2003020233030332030303330,0.0516754483245516,0.0001565327838761,12276000000,results/rs/SC5_HBD_MWPM_5x/results/sweep_19_exp_0_checkpoints.csv
0333230302230303330303222,0.0514374485625514,0.0001561914832564,15456000000,results/rs/SC5_HBD_MWPM_5x/results/sweep_19_exp_0_checkpoints.csv
0333230302230303330303222,0.0514374485625514,0.0001561914832564,19458000000,results/rs/SC5_HBD_MWPM_5x/results/sweep_19_exp_0_checkpoints.csv
2230330303030303030300200,0.0478224521775478,0.0001508896966697,24498000000,results/rs/SC5_HBD_MWPM_5x/results/sweep_19_exp_0_checkpoints.csv
2230330303030303030300200,0.0478224521775478,0.0001508896966697,30842000000,results/rs/SC5_HBD_MWPM_5x/results/sweep_19_exp_0_checkpoints.csv
2230330303030303030300200,0.0478224521775478,0.0001508896966697,38828000000,results/rs/SC5_HBD_MWPM_5x/results/sweep_19_exp_0_checkpoints.csv
2230330303030303030300200,0.0478224521775478,0.0001508896966697,48882000000,results/rs/SC5_HBD_MWPM_5x/results/sweep_19_exp_0_checkpoints.csv
2230330303030303030300200,0.0478224521775478,0.0001508896966697,61540000000,results/rs/SC5_HBD_MWPM_5x/results/sweep_19_exp_0_checkpoints.csv
2230330303030303030300200,0.0478224521775478,0.0001508896966697,77476000000,results/rs/SC5_HBD_MWPM_5x/results/sweep_19_exp_0_checkpoints.csv
2230330303030303030300200,0.0478224521775478,0.0001508896966697,97538000000,results/rs/SC5_HBD_MWPM_5x/results/sweep_19_exp_0_checkpoints.csv
2320033220202322222003202,0.0873164126835873,0.0001996148057514,2000000,results/rs/SC5_HBD_MWPM_5x/results/sweep_24_exp_0_checkpoints.csv
2233023200222323330320322,0.0749324250675749,0.0001861685450421,4000000,results/rs/SC5_HBD_MWPM_5x/results/sweep_24_exp_0_checkpoints.csv
2233023200222323330320322,0.0749324250675749,0.0001861685450421,6000000,results/rs/SC5_HBD_MWPM_5x/results/sweep_24_exp_0_checkpoints.csv
3300320023003330033033302,0.0668024331975668,0.0001765499473549,8000000,results/rs/SC5_HBD_MWPM_5x/results/sweep_24_exp_0_checkpoints.csv
3303320302332300200330333,0.0608734391265608,0.0001690677017904,12000000,results/rs/SC5_HBD_MWPM_5x/results/sweep_24_exp_0_checkpoints.csv
3303320302332300200330333,0.0608734391265608,0.0001690677017904,16000000,results/rs/SC5_HBD_MWPM_5x/results/sweep_24_exp_0_checkpoints.csv
3303320302332300200330333,0.0608734391265608,0.0001690677017904,22000000,results/rs/SC5_HBD_MWPM_5x/results/sweep_24_exp_0_checkpoints.csv
3303320302332300200330333,0.0608734391265608,0.0001690677017904,28000000,results/rs/SC5_HBD_MWPM_5x/results/sweep_24_exp_0_checkpoints.csv
3303320302332300200330333,0.0608734391265608,0.0001690677017904,36000000,results/rs/SC5_HBD_MWPM_5x/results/sweep_24_exp_0_checkpoints.csv
3303320302332300200330333,0.0608734391265608,0.0001690677017904,46000000,results/rs/SC5_HBD_MWPM_5x/results/sweep_24_exp_0_checkpoints.csv
2300300033033333230022030,0.059089440910559,0.0001667300093686,58000000,results/rs/SC5_HBD_MWPM_5x/results/sweep_24_exp_0_checkpoints.csv
2300300033033333230022030,0.059089440910559,0.0001667300093686,74000000,results/rs/SC5_HBD_MWPM_5x/results/sweep_24_exp_0_checkpoints.csv
2300300033033333230022030,0.059089440910559,0.0001667300093686,94000000,results/rs/SC5_HBD_MWPM_5x/results/sweep_24_exp_0_checkpoints.csv
2003020303000030030323030,0.0515584484415515,0.0001563651167089,120000000,results/rs/SC5_HBD_MWPM_5x/results/sweep_24_exp_0_checkpoints.csv
2003020303000030030323030,0.0515584484415515,0.0001563651167089,152000000,results/rs/SC5_HBD_MWPM_5x/results/sweep_24_exp_0_checkpoints.csv
2003020303000030030323030,0.0515584484415515,0.0001563651167089,192000000,results/rs/SC5_HBD_MWPM_5x/results/sweep_24_exp_0_checkpoints.csv
2003020303000030030323030,0.0515584484415515,0.0001563651167089,242000000,results/rs/SC5_HBD_MWPM_5x/results/sweep_24_exp_0_checkpoints.csv
2003020303000030030323030,0.0515584484415515,0.0001563651167089,306000000,results/rs/SC5_HBD_MWPM_5x/results/sweep_24_exp_0_checkpoints.csv
2003020303000030030323030,0.0515584484415515,0.0001563651167089,386000000,results/rs/SC5_HBD_MWPM_5x/results/sweep_24_exp_0_checkpoints.csv
2003020303000030030323030,0.0515584484415515,0.0001563651167089,486000000,results/rs/SC5_HBD_MWPM_5x/results/sweep_24_exp_0_checkpoints.csv
2003020303000030030323030,0.0515584484415515,0.0001563651167089,612000000,results/rs/SC5_HBD_MWPM_5x/results/sweep_24_exp_0_checkpoints.csv
2003020303000030030323030,0.0515584484415515,0.0001563651167089,772000000,results/rs/SC5_HBD_MWPM_5x/results/sweep_24_exp_0_checkpoints.csv
2003020303000030030323030,0.0515584484415515,0.0001563651167089,972000000,results/rs/SC5_HBD_MWPM_5x/results/sweep_24_exp_0_checkpoints.csv
2003020303000030030323030,0.0515584484415515,0.0001563651167089,1224000000,results/rs/SC5_HBD_MWPM_5x/results/sweep_24_exp_0_checkpoints.csv
2003020303000030030323030,0.0515584484415515,0.0001563651167089,1542000000,results/rs/SC5_HBD_MWPM_5x/results/sweep_24_exp_0_checkpoints.csv
2003020303000030030323030,0.0515584484415515,0.0001563651167089,1942000000,results/rs/SC5_HBD_MWPM_5x/results/sweep_24_exp_0_checkpoints.csv
2003020303000030030323030,0.0515584484415515,0.0001563651167089,2446000000,results/rs/SC5_HBD_MWPM_5x/results/sweep_24_exp_0_checkpoints.csv
2003020303000030030323030,0.0515584484415515,0.0001563651167089,3080000000,results/rs/SC5_HBD_MWPM_5x/results/sweep_24_exp_0_checkpoints.csv
2003020303000030030323030,0.0515584484415515,0.0001563651167089,3878000000,results/rs/SC5_HBD_MWPM_5x/results/sweep_24_exp_0_checkpoints.csv
2003020303000030030323030,0.0515584484415515,0.0001563651167089,4884000000,results/rs/SC5_HBD_MWPM_5x/results/sweep_24_exp_0_checkpoints.csv
2003020303000030030323030,0.0515584484415515,0.0001563651167089,6150000000,results/rs/SC5_HBD_MWPM_5x/results/sweep_24_exp_0_checkpoints.csv
2003020303000030030323030,0.0515584484415515,0.0001563651167089,7744000000,results/rs/SC5_HBD_MWPM_5x/results/sweep_24_exp_0_checkpoints.csv
2003020303000030030323030,0.0515584484415515,0.0001563651167089,9750000000,results/rs/SC5_HBD_MWPM_5x/results/sweep_24_exp_0_checkpoints.csv
2003020303000030030323030,0.0515584484415515,0.0001563651167089,12276000000,results/rs/SC5_HBD_MWPM_5x/results/sweep_24_exp_0_checkpoints.csv
2003020303000030030323030,0.0515584484415515,0.0001563651167089,15456000000,results/rs/SC5_HBD_MWPM_5x/results/sweep_24_exp_0_checkpoints.csv
2003020303000030030323030,0.0515584484415515,0.0001563651167089,19458000000,results/rs/SC5_HBD_MWPM_5x/results/sweep_24_exp_0_checkpoints.csv
2303300303030303232303020,0.0475604524395475,0.0001504964893683,24498000000,results/rs/SC5_HBD_MWPM_5x/results/sweep_24_exp_0_checkpoints.csv
2303300303030303232303020,0.0475604524395475,0.0001504964893683,30842000000,results/rs/SC5_HBD_MWPM_5x/results/sweep_24_exp_0_checkpoints.csv
2303300303030303232303020,0.0475604524395475,0.0001504964893683,38828000000,results/rs/SC5_HBD_MWPM_5x/results/sweep_24_exp_0_checkpoints.csv
2303300303030303232303020,0.0475604524395475,0.0001504964893683,48882000000,results/rs/SC5_HBD_MWPM_5x/results/sweep_24_exp_0_checkpoints.csv
2303300303030303232303020,0.0475604524395475,0.0001504964893683,61540000000,results/rs/SC5_HBD_MWPM_5x/results/sweep_24_exp_0_checkpoints.csv
2303300303030303232303020,0.0475604524395475,0.0001504964893683,77476000000,results/rs/SC5_HBD_MWPM_5x/results/sweep_24_exp_0_checkpoints.csv
2303300303030303232303020,0.0475604524395475,0.0001504964893683,97538000000,results/rs/SC5_HBD_MWPM_5x/results/sweep_24_exp_0_checkpoints.csv
0302020300330220033333202,0.0582594417405582,0.0001656278909649,2000000,results/rs/SC5_HBD_MWPM_5x/results/sweep_13_exp_0_checkpoints.csv
0302020300330220033333202,0.0582594417405582,0.0001656278909649,4000000,results/rs/SC5_HBD_MWPM_5x/results/sweep_13_exp_0_checkpoints.csv
0302020300330220033333202,0.0582594417405582,0.0001656278909649,6000000,results/rs/SC5_HBD_MWPM_5x/results/sweep_13_exp_0_checkpoints.csv
0302020300330220033333202,0.0582594417405582,0.0001656278909649,8000000,results/rs/SC5_HBD_MWPM_5x/results/sweep_13_exp_0_checkpoints.csv
0302020300330220033333202,0.0582594417405582,0.0001656278909649,12000000,results/rs/SC5_HBD_MWPM_5x/results/sweep_13_exp_0_checkpoints.csv
0302020300330220033333202,0.0582594417405582,0.0001656278909649,16000000,results/rs/SC5_HBD_MWPM_5x/results/sweep_13_exp_0_checkpoints.csv
0302020300330220033333202,0.0582594417405582,0.0001656278909649,22000000,results/rs/SC5_HBD_MWPM_5x/results/sweep_13_exp_0_checkpoints.csv
0302020300330220033333202,0.0582594417405582,0.0001656278909649,28000000,results/rs/SC5_HBD_MWPM_5x/results/sweep_13_exp_0_checkpoints.csv
0302020300330220033333202,0.0582594417405582,0.0001656278909649,36000000,results/rs/SC5_HBD_MWPM_5x/results/sweep_13_exp_0_checkpoints.csv
0302020300330220033333202,0.0582594417405582,0.0001656278909649,46000000,results/rs/SC5_HBD_MWPM_5x/results/sweep_13_exp_0_checkpoints.csv
0302020300330220033333202,0.0582594417405582,0.0001656278909649,58000000,results/rs/SC5_HBD_MWPM_5x/results/sweep_13_exp_0_checkpoints.csv
0302020300330220033333202,0.0582594417405582,0.0001656278909649,74000000,results/rs/SC5_HBD_MWPM_5x/results/sweep_13_exp_0_checkpoints.csv
0302020300330220033333202,0.0582594417405582,0.0001656278909649,94000000,results/rs/SC5_HBD_MWPM_5x/results/sweep_13_exp_0_checkpoints.csv
0302020300330220033333202,0.0582594417405582,0.0001656278909649,120000000,results/rs/SC5_HBD_MWPM_5x/results/sweep_13_exp_0_checkpoints.csv
3000033302000303023203000,0.0572404427595572,0.0001642618299229,152000000,results/rs/SC5_HBD_MWPM_5x/results/sweep_13_exp_0_checkpoints.csv
3000033302000303023203000,0.0572404427595572,0.0001642618299229,192000000,results/rs/SC5_HBD_MWPM_5x/results/sweep_13_exp_0_checkpoints.csv
0032230033030303230233023,0.0567054432945567,0.0001635387598071,242000000,results/rs/SC5_HBD_MWPM_5x/results/sweep_13_exp_0_checkpoints.csv
0032230033030303230233023,0.0567054432945567,0.0001635387598071,306000000,results/rs/SC5_HBD_MWPM_5x/results/sweep_13_exp_0_checkpoints.csv
0032230033030303230233023,0.0567054432945567,0.0001635387598071,386000000,results/rs/SC5_HBD_MWPM_5x/results/sweep_13_exp_0_checkpoints.csv
0032230033030303230233023,0.0567054432945567,0.0001635387598071,486000000,results/rs/SC5_HBD_MWPM_5x/results/sweep_13_exp_0_checkpoints.csv
0032230033030303230233023,0.0567054432945567,0.0001635387598071,612000000,results/rs/SC5_HBD_MWPM_5x/results/sweep_13_exp_0_checkpoints.csv
0032230033030303230233023,0.0567054432945567,0.0001635387598071,772000000,results/rs/SC5_HBD_MWPM_5x/results/sweep_13_exp_0_checkpoints.csv
0003202332030333032203033,0.0551919448080551,0.0001614709181012,972000000,results/rs/SC5_HBD_MWPM_5x/results/sweep_13_exp_0_checkpoints.csv
0003202332030333032203033,0.0551919448080551,0.0001614709181012,1224000000,results/rs/SC5_HBD_MWPM_5x/results/sweep_13_exp_0_checkpoints.csv
0003202332030333032203033,0.0551919448080551,0.0001614709181012,1542000000,results/rs/SC5_HBD_MWPM_5x/results/sweep_13_exp_0_checkpoints.csv
0003202332030333032203033,0.0551919448080551,0.0001614709181012,1942000000,results/rs/SC5_HBD_MWPM_5x/results/sweep_13_exp_0_checkpoints.csv
0003202332030333032203033,0.0551919448080551,0.0001614709181012,2446000000,results/rs/SC5_HBD_MWPM_5x/results/sweep_13_exp_0_checkpoints.csv
0003202332030333032203033,0.0551919448080551,0.0001614709181012,3080000000,results/rs/SC5_HBD_MWPM_5x/results/sweep_13_exp_0_checkpoints.csv
0303030002030323023032020,0.0547784452215547,0.0001609001046745,3878000000,results/rs/SC5_HBD_MWPM_5x/results/sweep_13_exp_0_checkpoints.csv
0303030002030323023032020,0.0547784452215547,0.0001609001046745,4884000000,results/rs/SC5_HBD_MWPM_5x/results/sweep_13_exp_0_checkpoints.csv
0303030002030323023032020,0.0547784452215547,0.0001609001046745,6150000000,results/rs/SC5_HBD_MWPM_5x/results/sweep_13_exp_0_checkpoints.csv
0202200330033300030303022,0.0532169467830532,0.0001587211881997,7744000000,results/rs/SC5_HBD_MWPM_5x/results/sweep_13_exp_0_checkpoints.csv
0202200330033300030303022,0.0532169467830532,0.0001587211881997,9750000000,results/rs/SC5_HBD_MWPM_5x/results/sweep_13_exp_0_checkpoints.csv
0002333002330303030303230,0.0511664488335511,0.0001558017538627,12276000000,results/rs/SC5_HBD_MWPM_5x/results/sweep_13_exp_0_checkpoints.csv
2003030323333303030323020,0.0494549505450494,0.0001533119211671,15456000000,results/rs/SC5_HBD_MWPM_5x/results/sweep_13_exp_0_checkpoints.csv
2003030323333303030323020,0.0494549505450494,0.0001533119211671,19458000000,results/rs/SC5_HBD_MWPM_5x/results/sweep_13_exp_0_checkpoints.csv
2003030323333303030323020,0.0494549505450494,0.0001533119211671,24498000000,results/rs/SC5_HBD_MWPM_5x/results/sweep_13_exp_0_checkpoints.csv
2003030323333303030323020,0.0494549505450494,0.0001533119211671,30842000000,results/rs/SC5_HBD_MWPM_5x/results/sweep_13_exp_0_checkpoints.csv
0003033303030333032003323,0.0494479505520494,0.0001533016329631,38828000000,results/rs/SC5_HBD_MWPM_5x/results/sweep_13_exp_0_checkpoints.csv
0003033303030333032003323,0.0494479505520494,0.0001533016329631,48882000000,results/rs/SC5_HBD_MWPM_5x/results/sweep_13_exp_0_checkpoints.csv
0003033303030333032003323,0.0494479505520494,0.0001533016329631,61540000000,results/rs/SC5_HBD_MWPM_5x/results/sweep_13_exp_0_checkpoints.csv
0002030303030303020322300,0.0492039507960492,0.0001529425499029,77476000000,results/rs/SC5_HBD_MWPM_5x/results/sweep_13_exp_0_checkpoints.csv
0002030303030303020322300,0.0492039507960492,0.0001529425499029,97538000000,results/rs/SC5_HBD_MWPM_5x/results/sweep_13_exp_0_checkpoints.csv
3022233232330302202030320,0.0779819220180779,0.0001896056928671,2000000,results/rs/SC5_HBD_MWPM_5x/results/sweep_15_exp_0_checkpoints.csv
3022233232330302202030320,0.0779819220180779,0.0001896056928671,4000000,results/rs/SC5_HBD_MWPM_5x/results/sweep_15_exp_0_checkpoints.csv
3022233232330302202030320,0.0779819220180779,0.0001896056928671,6000000,results/rs/SC5_HBD_MWPM_5x/results/sweep_15_exp_0_checkpoints.csv
3022233232330302202030320,0.0779819220180779,0.0001896056928671,8000000,results/rs/SC5_HBD_MWPM_5x/results/sweep_15_exp_0_checkpoints.csv
0333200302203000220002222,0.0733229266770733,0.0001843184436438,12000000,results/rs/SC5_HBD_MWPM_5x/results/sweep_15_exp_0_checkpoints.csv
2323320023000233300000230,0.0696474303525696,0.0001799952297005,16000000,results/rs/SC5_HBD_MWPM_5x/results/sweep_15_exp_0_checkpoints.csv
3033332303032000000300330,0.059081440918559,0.0001667194301262,22000000,results/rs/SC5_HBD_MWPM_5x/results/sweep_15_exp_0_checkpoints.csv
3033332303032000000300330,0.059081440918559,0.0001667194301262,28000000,results/rs/SC5_HBD_MWPM_5x/results/sweep_15_exp_0_checkpoints.csv
3033332303032000000300330,0.059081440918559,0.0001667194301262,36000000,results/rs/SC5_HBD_MWPM_5x/results/sweep_15_exp_0_checkpoints.csv
3033332303032000000300330,0.059081440918559,0.0001667194301262,46000000,results/rs/SC5_HBD_MWPM_5x/results/sweep_15_exp_0_checkpoints.csv
3033332303032000000300330,0.059081440918559,0.0001667194301262,58000000,results/rs/SC5_HBD_MWPM_5x/results/sweep_15_exp_0_checkpoints.csv
3033332303032000000300330,0.059081440918559,0.0001667194301262,74000000,results/rs/SC5_HBD_MWPM_5x/results/sweep_15_exp_0_checkpoints.csv
3033332303032000000300330,0.059081440918559,0.0001667194301262,94000000,results/rs/SC5_HBD_MWPM_5x/results/sweep_15_exp_0_checkpoints.csv
3033332303032000000300330,0.059081440918559,0.0001667194301262,120000000,results/rs/SC5_HBD_MWPM_5x/results/sweep_15_exp_0_checkpoints.csv
3033332303032000000300330,0.059081440918559,0.0001667194301262,152000000,results/rs/SC5_HBD_MWPM_5x/results/sweep_15_exp_0_checkpoints.csv
3033332303032000000300330,0.059081440918559,0.0001667194301262,192000000,results/rs/SC5_HBD_MWPM_5x/results/sweep_15_exp_0_checkpoints.csv
2002330333330320032333022,0.0551559448440551,0.0001614213251741,242000000,results/rs/SC5_HBD_MWPM_5x/results/sweep_15_exp_0_checkpoints.csv
2002330333330320032333022,0.0551559448440551,0.0001614213251741,306000000,results/rs/SC5_HBD_MWPM_5x/results/sweep_15_exp_0_checkpoints.csv
2002330333330320032333022,0.0551559448440551,0.0001614213251741,386000000,results/rs/SC5_HBD_MWPM_5x/results/sweep_15_exp_0_checkpoints.csv
2002330333330320032333022,0.0551559448440551,0.0001614213251741,486000000,results/rs/SC5_HBD_MWPM_5x/results/sweep_15_exp_0_checkpoints.csv
2002330333330320032333022,0.0551559448440551,0.0001614213251741,612000000,results/rs/SC5_HBD_MWPM_5x/results/sweep_15_exp_0_checkpoints.csv
3203023203030323030003030,0.0496999503000497,0.000153671397129,772000000,results/rs/SC5_HBD_MWPM_5x/results/sweep_15_exp_0_checkpoints.csv
3203023203030323030003030,0.0496999503000497,0.000153671397129,972000000,results/rs/SC5_HBD_MWPM_5x/results/sweep_15_exp_0_checkpoints.csv
3203023203030323030003030,0.0496999503000497,0.000153671397129,1224000000,results/rs/SC5_HBD_MWPM_5x/results/sweep_15_exp_0_checkpoints.csv
3203023203030323030003030,0.0496999503000497,0.000153671397129,1542000000,results/rs/SC5_HBD_MWPM_5x/results/sweep_15_exp_0_checkpoints.csv
3203023203030323030003030,0.0496999503000497,0.000153671397129,1942000000,results/rs/SC5_HBD_MWPM_5x/results/sweep_15_exp_0_checkpoints.csv
3203023203030323030003030,0.0496999503000497,0.000153671397129,2446000000,results/rs/SC5_HBD_MWPM_5x/results/sweep_15_exp_0_checkpoints.csv
3203023203030323030003030,0.0496999503000497,0.000153671397129,3080000000,results/rs/SC5_HBD_MWPM_5x/results/sweep_15_exp_0_checkpoints.csv
3203023203030323030003030,0.0496999503000497,0.000153671397129,3878000000,results/rs/SC5_HBD_MWPM_5x/results/sweep_15_exp_0_checkpoints.csv
3203023203030323030003030,0.0496999503000497,0.000153671397129,4884000000,results/rs/SC5_HBD_MWPM_5x/results/sweep_15_exp_0_checkpoints.csv
3203023203030323030003030,0.0496999503000497,0.000153671397129,6150000000,results/rs/SC5_HBD_MWPM_5x/results/sweep_15_exp_0_checkpoints.csv
3203023203030323030003030,0.0496999503000497,0.000153671397129,7744000000,results/rs/SC5_HBD_MWPM_5x/results/sweep_15_exp_0_checkpoints.csv
3203023203030323030003030,0.0496999503000497,0.000153671397129,9750000000,results/rs/SC5_HBD_MWPM_5x/results/sweep_15_exp_0_checkpoints.csv
3203023203030323030003030,0.0496999503000497,0.000153671397129,12276000000,results/rs/SC5_HBD_MWPM_5x/results/sweep_15_exp_0_checkpoints.csv
3203023203030323030003030,0.0496999503000497,0.000153671397129,15456000000,results/rs/SC5_HBD_MWPM_5x/results/sweep_15_exp_0_checkpoints.csv
3203023203030323030003030,0.0496999503000497,0.000153671397129,19458000000,results/rs/SC5_HBD_MWPM_5x/results/sweep_15_exp_0_checkpoints.csv
3203023203030323030003030,0.0496999503000497,0.000153671397129,24498000000,results/rs/SC5_HBD_MWPM_5x/results/sweep_15_exp_0_checkpoints.csv
3203023203030323030003030,0.0496999503000497,0.000153671397129,30842000000,results/rs/SC5_HBD_MWPM_5x/results/sweep_15_exp_0_checkpoints.csv
3203023203030323030003030,0.0496999503000497,0.000153671397129,38828000000,results/rs/SC5_HBD_MWPM_5x/results/sweep_15_exp_0_checkpoints.csv
3203023203030323030003030,0.0496999503000497,0.000153671397129,48882000000,results/rs/SC5_HBD_MWPM_5x/results/sweep_15_exp_0_checkpoints.csv
3203023203030323030003030,0.0496999503000497,0.000153671397129,61540000000,results/rs/SC5_HBD_MWPM_5x/results/sweep_15_exp_0_checkpoints.csv
3203023203030323030003030,0.0496999503000497,0.000153671397129,77476000000,results/rs/SC5_HBD_MWPM_5x/results/sweep_15_exp_0_checkpoints.csv
3203023203030323030003030,0.0496999503000497,0.000153671397129,97538000000,results/rs/SC5_HBD_MWPM_5x/results/sweep_15_exp_0_checkpoints.csv
3203022332223330023023333,0.0767349232650767,0.0001882107462733,2000000,results/rs/SC5_HBD_MWPM_5x/results/sweep_22_exp_0_checkpoints.csv
2322003023232032230303302,0.0745624254375745,0.0001857454772107,4000000,results/rs/SC5_HBD_MWPM_5x/results/sweep_22_exp_0_checkpoints.csv
2322003023232032230303302,0.0745624254375745,0.0001857454772107,6000000,results/rs/SC5_HBD_MWPM_5x/results/sweep_22_exp_0_checkpoints.csv
2322003023232032230303302,0.0745624254375745,0.0001857454772107,8000000,results/rs/SC5_HBD_MWPM_5x/results/sweep_22_exp_0_checkpoints.csv
2322003023232032230303302,0.0745624254375745,0.0001857454772107,12000000,results/rs/SC5_HBD_MWPM_5x/results/sweep_22_exp_0_checkpoints.csv
2322003023232032230303302,0.0745624254375745,0.0001857454772107,16000000,results/rs/SC5_HBD_MWPM_5x/results/sweep_22_exp_0_checkpoints.csv
2032203220333303030232333,0.0698849301150698,0.0001802788610802,22000000,results/rs/SC5_HBD_MWPM_5x/results/sweep_22_exp_0_checkpoints.csv
3330322023320032030323000,0.0688769311230688,0.0001790709502529,28000000,results/rs/SC5_HBD_MWPM_5x/results/sweep_22_exp_0_checkpoints.csv
3330322023320032030323000,0.0688769311230688,0.0001790709502529,36000000,results/rs/SC5_HBD_MWPM_5x/results/sweep_22_exp_0_checkpoints.csv
3330322023320032030323000,0.0688769311230688,0.0001790709502529,46000000,results/rs/SC5_HBD_MWPM_5x/results/sweep_22_exp_0_checkpoints.csv
0003020000332302020302232,0.0608134391865608,0.0001689897617325,58000000,results/rs/SC5_HBD_MWPM_5x/results/sweep_22_exp_0_checkpoints.csv
0003020000332302020302232,0.0608134391865608,0.0001689897617325,74000000,results/rs/SC5_HBD_MWPM_5x/results/sweep_22_exp_0_checkpoints.csv
0003020000332302020302232,0.0608134391865608,0.0001689897617325,94000000,results/rs/SC5_HBD_MWPM_5x/results/sweep_22_exp_0_checkpoints.csv
0003020000332302020302232,0.0608134391865608,0.0001689897617325,120000000,results/rs/SC5_HBD_MWPM_5x/results/sweep_22_exp_0_checkpoints.csv
2333200302020230330300033,0.0598304401695598,0.0001677061081863,152000000,results/rs/SC5_HBD_MWPM_5x/results/sweep_22_exp_0_checkpoints.csv
2333200302020230330300033,0.0598304401695598,0.0001677061081863,192000000,results/rs/SC5_HBD_MWPM_5x/results/sweep_22_exp_0_checkpoints.csv
2333200302020230330300033,0.0598304401695598,0.0001677061081863,242000000,results/rs/SC5_HBD_MWPM_5x/results/sweep_22_exp_0_checkpoints.csv
2333200302020230330300033,0.0598304401695598,0.0001677061081863,306000000,results/rs/SC5_HBD_MWPM_5x/results/sweep_22_exp_0_checkpoints.csv
2333200302020230330300033,0.0598304401695598,0.0001677061081863,386000000,results/rs/SC5_HBD_MWPM_5x/results/sweep_22_exp_0_checkpoints.csv
2333233303003323230300032,0.0577329422670577,0.0001649238693062,486000000,results/rs/SC5_HBD_MWPM_5x/results/sweep_22_exp_0_checkpoints.csv
0203020302300320230300033,0.0558244441755558,0.0001623391435714,612000000,results/rs/SC5_HBD_MWPM_5x/results/sweep_22_exp_0_checkpoints.csv
0303003333020333330302020,0.0537614462385537,0.0001594852219568,772000000,results/rs/SC5_HBD_MWPM_5x/results/sweep_22_exp_0_checkpoints.csv
0303003333020333330302020,0.0537614462385537,0.0001594852219568,972000000,results/rs/SC5_HBD_MWPM_5x/results/sweep_22_exp_0_checkpoints.csv
0303003333020333330302020,0.0537614462385537,0.0001594852219568,1224000000,results/rs/SC5_HBD_MWPM_5x/results/sweep_22_exp_0_checkpoints.csv
0303003333020333330302020,0.0537614462385537,0.0001594852219568,1542000000,results/rs/SC5_HBD_MWPM_5x/results/sweep_22_exp_0_checkpoints.csv
0303003333020333330302020,0.0537614462385537,0.0001594852219568,1942000000,results/rs/SC5_HBD_MWPM_5x/results/sweep_22_exp_0_checkpoints.csv
0303003333020333330302020,0.0537614462385537,0.0001594852219568,2446000000,results/rs/SC5_HBD_MWPM_5x/results/sweep_22_exp_0_checkpoints.csv
3202330303030320030203322,0.0508069491930508,0.0001552828616695,3080000000,results/rs/SC5_HBD_MWPM_5x/results/sweep_22_exp_0_checkpoints.csv
3202330303030320030203322,0.0508069491930508,0.0001552828616695,3878000000,results/rs/SC5_HBD_MWPM_5x/results/sweep_22_exp_0_checkpoints.csv
3202330303030320030203322,0.0508069491930508,0.0001552828616695,4884000000,results/rs/SC5_HBD_MWPM_5x/results/sweep_22_exp_0_checkpoints.csv
3202330303030320030203322,0.0508069491930508,0.0001552828616695,6150000000,results/rs/SC5_HBD_MWPM_5x/results/sweep_22_exp_0_checkpoints.csv
3202330303030320030203322,0.0508069491930508,0.0001552828616695,7744000000,results/rs/SC5_HBD_MWPM_5x/results/sweep_22_exp_0_checkpoints.csv
3202330303030320030203322,0.0508069491930508,0.0001552828616695,9750000000,results/rs/SC5_HBD_MWPM_5x/results/sweep_22_exp_0_checkpoints.csv
3202330303030320030203322,0.0508069491930508,0.0001552828616695,12276000000,results/rs/SC5_HBD_MWPM_5x/results/sweep_22_exp_0_checkpoints.csv
3202330303030320030203322,0.0508069491930508,0.0001552828616695,15456000000,results/rs/SC5_HBD_MWPM_5x/results/sweep_22_exp_0_checkpoints.csv
3202330303030320030203322,0.0508069491930508,0.0001552828616695,19458000000,results/rs/SC5_HBD_MWPM_5x/results/sweep_22_exp_0_checkpoints.csv
3202330303030320030203322,0.0508069491930508,0.0001552828616695,24498000000,results/rs/SC5_HBD_MWPM_5x/results/sweep_22_exp_0_checkpoints.csv
3202330303030320030203322,0.0508069491930508,0.0001552828616695,30842000000,results/rs/SC5_HBD_MWPM_5x/results/sweep_22_exp_0_checkpoints.csv
3202330303030320030203322,0.0508069491930508,0.0001552828616695,38828000000,results/rs/SC5_HBD_MWPM_5x/results/sweep_22_exp_0_checkpoints.csv
3202330303030320030203322,0.0508069491930508,0.0001552828616695,48882000000,results/rs/SC5_HBD_MWPM_5x/results/sweep_22_exp_0_checkpoints.csv
3202330303030320030203322,0.0508069491930508,0.0001552828616695,61540000000,results/rs/SC5_HBD_MWPM_5x/results/sweep_22_exp_0_checkpoints.csv
0303033003030300330023033,0.0491539508460491,0.0001528688444523,77476000000,results/rs/SC5_HBD_MWPM_5x/results/sweep_22_exp_0_checkpoints.csv
3302000302030332030303033,0.0465734534265465,0.0001490038557676,97538000000,results/rs/SC5_HBD_MWPM_5x/results/sweep_22_exp_0_checkpoints.csv
0220220023023000222323200,0.0819434180565819,0.0001939440408023,2000000,results/rs/SC5_HBD_MWPM_5x/results/sweep_7_exp_0_checkpoints.csv
0230320220020333203202232,0.0761809238190761,0.0001875863526947,4000000,results/rs/SC5_HBD_MWPM_5x/results/sweep_7_exp_0_checkpoints.csv
0222000322223333230202023,0.0698484301515698,0.0001802352926461,6000000,results/rs/SC5_HBD_MWPM_5x/results/sweep_7_exp_0_checkpoints.csv
0222000322223333230202023,0.0698484301515698,0.0001802352926461,8000000,results/rs/SC5_HBD_MWPM_5x/results/sweep_7_exp_0_checkpoints.csv
0222000322223333230202023,0.0698484301515698,0.0001802352926461,12000000,results/rs/SC5_HBD_MWPM_5x/results/sweep_7_exp_0_checkpoints.csv
0223000302032330003030222,0.0655304344695655,0.0001749801594996,16000000,results/rs/SC5_HBD_MWPM_5x/results/sweep_7_exp_0_checkpoints.csv
3023020202330002333302032,0.063076436923563,0.0001718978019198,22000000,results/rs/SC5_HBD_MWPM_5x/results/sweep_7_exp_0_checkpoints.csv
3023020202330002333302032,0.063076436923563,0.0001718978019198,28000000,results/rs/SC5_HBD_MWPM_5x/results/sweep_7_exp_0_checkpoints.csv
3023020202330002333302032,0.063076436923563,0.0001718978019198,36000000,results/rs/SC5_HBD_MWPM_5x/results/sweep_7_exp_0_checkpoints.csv
3023020202330002333302032,0.063076436923563,0.0001718978019198,46000000,results/rs/SC5_HBD_MWPM_5x/results/sweep_7_exp_0_checkpoints.csv
3023020202330002333302032,0.063076436923563,0.0001718978019198,58000000,results/rs/SC5_HBD_MWPM_5x/results/sweep_7_exp_0_checkpoints.csv
3023020202330002333302032,0.063076436923563,0.0001718978019198,74000000,results/rs/SC5_HBD_MWPM_5x/results/sweep_7_exp_0_checkpoints.csv
3023020202330002333302032,0.063076436923563,0.0001718978019198,94000000,results/rs/SC5_HBD_MWPM_5x/results/sweep_7_exp_0_checkpoints.csv
0003232003230302002322200,0.0622204377795622,0.0001708053896436,120000000,results/rs/SC5_HBD_MWPM_5x/results/sweep_7_exp_0_checkpoints.csv
0003320302230333000333020,0.0506644493355506,0.0001550765737192,152000000,results/rs/SC5_HBD_MWPM_5x/results/sweep_7_exp_0_checkpoints.csv
0003320302230333000333020,0.0506644493355506,0.0001550765737192,192000000,results/rs/SC5_HBD_MWPM_5x/results/sweep_7_exp_0_checkpoints.csv
0003320302230333000333020,0.0506644493355506,0.0001550765737192,242000000,results/rs/SC5_HBD_MWPM_5x/results/sweep_7_exp_0_checkpoints.csv
0003320302230333000333020,0.0506644493355506,0.0001550765737192,306000000,results/rs/SC5_HBD_MWPM_5x/results/sweep_7_exp_0_checkpoints.csv
0003320302230333000333020,0.0506644493355506,0.0001550765737192,386000000,results/rs/SC5_HBD_MWPM_5x/results/sweep_7_exp_0_checkpoints.csv
0003320302230333000333020,0.0506644493355506,0.0001550765737192,486000000,results/rs/SC5_HBD_MWPM_5x/results/sweep_7_exp_0_checkpoints.csv
0003320302230333000333020,0.0506644493355506,0.0001550765737192,612000000,results/rs/SC5_HBD_MWPM_5x/results/sweep_7_exp_0_checkpoints.csv
0003320302230333000333020,0.0506644493355506,0.0001550765737192,772000000,results/rs/SC5_HBD_MWPM_5x/results/sweep_7_exp_0_checkpoints.csv
0003320302230333000333020,0.0506644493355506,0.0001550765737192,972000000,results/rs/SC5_HBD_MWPM_5x/results/sweep_7_exp_0_checkpoints.csv
0003320302230333000333020,0.0506644493355506,0.0001550765737192,1224000000,results/rs/SC5_HBD_MWPM_5x/results/sweep_7_exp_0_checkpoints.csv
0003320302230333000333020,0.0506644493355506,0.0001550765737192,1542000000,results/rs/SC5_HBD_MWPM_5x/results/sweep_7_exp_0_checkpoints.csv
0003320302230333000333020,0.0506644493355506,0.0001550765737192,1942000000,results/rs/SC5_HBD_MWPM_5x/results/sweep_7_exp_0_checkpoints.csv
0003320302230333000333020,0.0506644493355506,0.0001550765737192,2446000000,results/rs/SC5_HBD_MWPM_5x/results/sweep_7_exp_0_checkpoints.csv
0003320302230333000333020,0.0506644493355506,0.0001550765737192,3080000000,results/rs/SC5_HBD_MWPM_5x/results/sweep_7_exp_0_checkpoints.csv
0003320302230333000333020,0.0506644493355506,0.0001550765737192,3878000000,results/rs/SC5_HBD_MWPM_5x/results/sweep_7_exp_0_checkpoints.csv
0003320302230333000333020,0.0506644493355506,0.0001550765737192,4884000000,results/rs/SC5_HBD_MWPM_5x/results/sweep_7_exp_0_checkpoints.csv
0003320302230333000333020,0.0506644493355506,0.0001550765737192,6150000000,results/rs/SC5_HBD_MWPM_5x/results/sweep_7_exp_0_checkpoints.csv
0333330003330300030030330,0.05004344995655,0.0001541736564831,7744000000,results/rs/SC5_HBD_MWPM_5x/results/sweep_7_exp_0_checkpoints.csv
0333330003330300030030330,0.05004344995655,0.0001541736564831,9750000000,results/rs/SC5_HBD_MWPM_5x/results/sweep_7_exp_0_checkpoints.csv
0333330003330300030030330,0.05004344995655,0.0001541736564831,12276000000,results/rs/SC5_HBD_MWPM_5x/results/sweep_7_exp_0_checkpoints.csv
0333330003330300030030330,0.05004344995655,0.0001541736564831,15456000000,results/rs/SC5_HBD_MWPM_5x/results/sweep_7_exp_0_checkpoints.csv
0333330003330300030030330,0.05004344995655,0.0001541736564831,19458000000,results/rs/SC5_HBD_MWPM_5x/results/sweep_7_exp_0_checkpoints.csv
0303320303330322030333002,0.0476819523180476,0.0001506789849372,24498000000,results/rs/SC5_HBD_MWPM_5x/results/sweep_7_exp_0_checkpoints.csv
0303320303330322030333002,0.0476819523180476,0.0001506789849372,30842000000,results/rs/SC5_HBD_MWPM_5x/results/sweep_7_exp_0_checkpoints.csv
0333030300330303032302033,0.0465129534870465,0.000148911771248,38828000000,results/rs/SC5_HBD_MWPM_5x/results/sweep_7_exp_0_checkpoints.csv
0333030300330303032302033,0.0465129534870465,0.000148911771248,48882000000,results/rs/SC5_HBD_MWPM_5x/results/sweep_7_exp_0_checkpoints.csv
0333030300330303032302033,0.0465129534870465,0.000148911771248,61540000000,results/rs/SC5_HBD_MWPM_5x/results/sweep_7_exp_0_checkpoints.csv
0333030300330303032302033,0.0465129534870465,0.000148911771248,77476000000,results/rs/SC5_HBD_MWPM_5x/results/sweep_7_exp_0_checkpoints.csv
0333030300330303032302033,0.0465129534870465,0.000148911771248,97538000000,results/rs/SC5_HBD_MWPM_5x/results/sweep_7_exp_0_checkpoints.csv
0022322233022030220023322,0.0891054108945891,0.0002014516212511,2000000,results/rs/SC5_HBD_MWPM_5x/results/sweep_1_exp_0_checkpoints.csv
2233022232232302303300033,0.0769174230825769,0.0001884157973108,4000000,results/rs/SC5_HBD_MWPM_5x/results/sweep_1_exp_0_checkpoints.csv
0300303033203323002023320,0.0717834282165717,0.0001825246145017,6000000,results/rs/SC5_HBD_MWPM_5x/results/sweep_1_exp_0_checkpoints.csv
3323032303203320200023202,0.0696439303560696,0.0001799910533009,8000000,results/rs/SC5_HBD_MWPM_5x/results/sweep_1_exp_0_checkpoints.csv
3323032303203320200023202,0.0696439303560696,0.0001799910533009,12000000,results/rs/SC5_HBD_MWPM_5x/results/sweep_1_exp_0_checkpoints.csv
3323032303203320200023202,0.0696439303560696,0.0001799910533009,16000000,results/rs/SC5_HBD_MWPM_5x/results/sweep_1_exp_0_checkpoints.csv
0200020030220330000022230,0.0681594318405681,0.0001782044273568,22000000,results/rs/SC5_HBD_MWPM_5x/results/sweep_1_exp_0_checkpoints.csv
0200020030220330000022230,0.0681594318405681,0.0001782044273568,28000000,results/rs/SC5_HBD_MWPM_5x/results/sweep_1_exp_0_checkpoints.csv
0200020030220330000022230,0.0681594318405681,0.0001782044273568,36000000,results/rs/SC5_HBD_MWPM_5x/results/sweep_1_exp_0_checkpoints.csv
0200020030220330000022230,0.0681594318405681,0.0001782044273568,46000000,results/rs/SC5_HBD_MWPM_5x/results/sweep_1_exp_0_checkpoints.csv
0200020030220330000022230,0.0681594318405681,0.0001782044273568,58000000,results/rs/SC5_HBD_MWPM_5x/results/sweep_1_exp_0_checkpoints.csv
0232233302030230003330222,0.067017432982567,0.0001768134679878,74000000,results/rs/SC5_HBD_MWPM_5x/results/sweep_1_exp_0_checkpoints.csv
0000230303220032223003330,0.0664924335075664,0.0001761690946295,94000000,results/rs/SC5_HBD_MWPM_5x/results/sweep_1_exp_0_checkpoints.csv
0000230303220032223003330,0.0664924335075664,0.0001761690946295,120000000,results/rs/SC5_HBD_MWPM_5x/results/sweep_1_exp_0_checkpoints.csv
2202300202232323003303032,0.0644184355815644,0.0001735923578962,152000000,results/rs/SC5_HBD_MWPM_5x/results/sweep_1_exp_0_checkpoints.csv
2202300202232323003303032,0.0644184355815644,0.0001735923578962,192000000,results/rs/SC5_HBD_MWPM_5x/results/sweep_1_exp_0_checkpoints.csv
0300300003030300032303032,0.0481509518490481,0.0001513809256721,242000000,results/rs/SC5_HBD_MWPM_5x/results/sweep_1_exp_0_checkpoints.csv
0300300003030300032303032,0.0481509518490481,0.0001513809256721,306000000,results/rs/SC5_HBD_MWPM_5x/results/sweep_1_exp_0_checkpoints.csv
0300300003030300032303032,0.0481509518490481,0.0001513809256721,386000000,results/rs/SC5_HBD_MWPM_5x/results/sweep_1_exp_0_checkpoints.csv
0300300003030300032303032,0.0481509518490481,0.0001513809256721,486000000,results/rs/SC5_HBD_MWPM_5x/results/sweep_1_exp_0_checkpoints.csv
0300300003030300032303032,0.0481509518490481,0.0001513809256721,612000000,results/rs/SC5_HBD_MWPM_5x/results/sweep_1_exp_0_checkpoints.csv
0300300003030300032303032,0.0481509518490481,0.0001513809256721,772000000,results/rs/SC5_HBD_MWPM_5x/results/sweep_1_exp_0_checkpoints.csv
0300300003030300032303032,0.0481509518490481,0.0001513809256721,972000000,results/rs/SC5_HBD_MWPM_5x/results/sweep_1_exp_0_checkpoints.csv
0300300003030300032303032,0.0481509518490481,0.0001513809256721,1224000000,results/rs/SC5_HBD_MWPM_5x/results/sweep_1_exp_0_checkpoints.csv
0300300003030300032303032,0.0481509518490481,0.0001513809256721,1542000000,results/rs/SC5_HBD_MWPM_5x/results/sweep_1_exp_0_checkpoints.csv
0300300003030300032303032,0.0481509518490481,0.0001513809256721,1942000000,results/rs/SC5_HBD_MWPM_5x/results/sweep_1_exp_0_checkpoints.csv
0300300003030300032303032,0.0481509518490481,0.0001513809256721,2446000000,results/rs/SC5_HBD_MWPM_5x/results/sweep_1_exp_0_checkpoints.csv
0300300003030300032303032,0.0481509518490481,0.0001513809256721,3080000000,results/rs/SC5_HBD_MWPM_5x/results/sweep_1_exp_0_checkpoints.csv
0300300003030300032303032,0.0481509518490481,0.0001513809256721,3878000000,results/rs/SC5_HBD_MWPM_5x/results/sweep_1_exp_0_checkpoints.csv
0300300003030300032303032,0.0481509518490481,0.0001513809256721,4884000000,results/rs/SC5_HBD_MWPM_5x/results/sweep_1_exp_0_checkpoints.csv
0300300003030300032303032,0.0481509518490481,0.0001513809256721,6150000000,results/rs/SC5_HBD_MWPM_5x/results/sweep_1_exp_0_checkpoints.csv
0300300003030300032303032,0.0481509518490481,0.0001513809256721,7744000000,results/rs/SC5_HBD_MWPM_5x/results/sweep_1_exp_0_checkpoints.csv
0300300003030300032303032,0.0481509518490481,0.0001513809256721,9750000000,results/rs/SC5_HBD_MWPM_5x/results/sweep_1_exp_0_checkpoints.csv
0300300003030300032303032,0.0481509518490481,0.0001513809256721,12276000000,results/rs/SC5_HBD_MWPM_5x/results/sweep_1_exp_0_checkpoints.csv
0300300003030300032303032,0.0481509518490481,0.0001513809256721,15456000000,results/rs/SC5_HBD_MWPM_5x/results/sweep_1_exp_0_checkpoints.csv
0300300003030300032303032,0.0481509518490481,0.0001513809256721,19458000000,results/rs/SC5_HBD_MWPM_5x/results/sweep_1_exp_0_checkpoints.csv
0300300003030300032303032,0.0481509518490481,0.0001513809256721,24498000000,results/rs/SC5_HBD_MWPM_5x/results/sweep_1_exp_0_checkpoints.csv
0300300003030300032303032,0.0481509518490481,0.0001513809256721,30842000000,results/rs/SC5_HBD_MWPM_5x/results/sweep_1_exp_0_checkpoints.csv
0300300003030300032303032,0.0481509518490481,0.0001513809256721,38828000000,results/rs/SC5_HBD_MWPM_5x/results/sweep_1_exp_0_checkpoints.csv
0300300003030300032303032,0.0481509518490481,0.0001513809256721,48882000000,results/rs/SC5_HBD_MWPM_5x/results/sweep_1_exp_0_checkpoints.csv
0300300003030300032303032,0.0481509518490481,0.0001513809256721,61540000000,results/rs/SC5_HBD_MWPM_5x/results/sweep_1_exp_0_checkpoints.csv
0300300003030300032303032,0.0481509518490481,0.0001513809256721,77476000000,results/rs/SC5_HBD_MWPM_5x/results/sweep_1_exp_0_checkpoints.csv
0300300003030300032303032,0.0481509518490481,0.0001513809256721,97538000000,results/rs/SC5_HBD_MWPM_5x/results/sweep_1_exp_0_checkpoints.csv
0323223322220002322233030,0.0755564244435755,0.0001868790277512,2000000,results/rs/SC5_HBD_MWPM_5x/results/sweep_18_exp_0_checkpoints.csv
2322320030332002023300333,0.074035425964574,0.0001851405977504,4000000,results/rs/SC5_HBD_MWPM_5x/results/sweep_18_exp_0_checkpoints.csv
2322320030332002023300333,0.074035425964574,0.0001851405977504,6000000,results/rs/SC5_HBD_MWPM_5x/results/sweep_18_exp_0_checkpoints.csv
3220000002233320203333230,0.0704804295195704,0.000180987350177,8000000,results/rs/SC5_HBD_MWPM_5x/results/sweep_18_exp_0_checkpoints.csv
3220000002233320203333230,0.0704804295195704,0.000180987350177,12000000,results/rs/SC5_HBD_MWPM_5x/results/sweep_18_exp_0_checkpoints.csv
3220000002233320203333230,0.0704804295195704,0.000180987350177,16000000,results/rs/SC5_HBD_MWPM_5x/results/sweep_18_exp_0_checkpoints.csv
3220000002233320203333230,0.0704804295195704,0.000180987350177,22000000,results/rs/SC5_HBD_MWPM_5x/results/sweep_18_exp_0_checkpoints.csv
2222000303230300303203232,0.0619264380735619,0.0001704280875856,28000000,results/rs/SC5_HBD_MWPM_5x/results/sweep_18_exp_0_checkpoints.csv
2222000303230300303203232,0.0619264380735619,0.0001704280875856,36000000,results/rs/SC5_HBD_MWPM_5x/results/sweep_18_exp_0_checkpoints.csv
2222000303230300303203232,0.0619264380735619,0.0001704280875856,46000000,results/rs/SC5_HBD_MWPM_5x/results/sweep_18_exp_0_checkpoints.csv
2222000303230300303203232,0.0619264380735619,0.0001704280875856,58000000,results/rs/SC5_HBD_MWPM_5x/results/sweep_18_exp_0_checkpoints.csv
2222000303230300303203232,0.0619264380735619,0.0001704280875856,74000000,results/rs/SC5_HBD_MWPM_5x/results/sweep_18_exp_0_checkpoints.csv
2222000303230300303203232,0.0619264380735619,0.0001704280875856,94000000,results/rs/SC5_HBD_MWPM_5x/results/sweep_18_exp_0_checkpoints.csv
2222000303230300303203232,0.0619264380735619,0.0001704280875856,120000000,results/rs/SC5_HBD_MWPM_5x/results/sweep_18_exp_0_checkpoints.csv
0002033303030022003323222,0.0604419395580604,0.0001685061142779,152000000,results/rs/SC5_HBD_MWPM_5x/results/sweep_18_exp_0_checkpoints.csv
2233330332230302030202002,0.0568399431600568,0.0001637209352338,192000000,results/rs/SC5_HBD_MWPM_5x/results/sweep_18_exp_0_checkpoints.csv
2233330332230302030202002,0.0568399431600568,0.0001637209352338,242000000,results/rs/SC5_HBD_MWPM_5x/results/sweep_18_exp_0_checkpoints.csv
2233330332230302030202002,0.0568399431600568,0.0001637209352338,306000000,results/rs/SC5_HBD_MWPM_5x/results/sweep_18_exp_0_checkpoints.csv
2233330332230302030202002,0.0568399431600568,0.0001637209352338,386000000,results/rs/SC5_HBD_MWPM_5x/results/sweep_18_exp_0_checkpoints.csv
2233330332230302030202002,0.0568399431600568,0.0001637209352338,486000000,results/rs/SC5_HBD_MWPM_5x/results/sweep_18_exp_0_checkpoints.csv
0300023203230303003302023,0.0559334440665559,0.0001624881697352,612000000,results/rs/SC5_HBD_MWPM_5x/results/sweep_18_exp_0_checkpoints.csv
0300023203230303003302023,0.0559334440665559,0.0001624881697352,772000000,results/rs/SC5_HBD_MWPM_5x/results/sweep_18_exp_0_checkpoints.csv
3022300300030302032323330,0.0551429448570551,0.0001614034117665,972000000,results/rs/SC5_HBD_MWPM_5x/results/sweep_18_exp_0_checkpoints.csv
3022300300030302032323330,0.0551429448570551,0.0001614034117665,1224000000,results/rs/SC5_HBD_MWPM_5x/results/sweep_18_exp_0_checkpoints.csv
2033033302030002030333200,0.0538014461985538,0.0001595411740709,1542000000,results/rs/SC5_HBD_MWPM_5x/results/sweep_18_exp_0_checkpoints.csv
2033033302030002030333200,0.0538014461985538,0.0001595411740709,1942000000,results/rs/SC5_HBD_MWPM_5x/results/sweep_18_exp_0_checkpoints.csv
2033033302030002030333200,0.0538014461985538,0.0001595411740709,2446000000,results/rs/SC5_HBD_MWPM_5x/results/sweep_18_exp_0_checkpoints.csv
2033033302030002030333200,0.0538014461985538,0.0001595411740709,3080000000,results/rs/SC5_HBD_MWPM_5x/results/sweep_18_exp_0_checkpoints.csv
2033033302030002030333200,0.0538014461985538,0.0001595411740709,3878000000,results/rs/SC5_HBD_MWPM_5x/results/sweep_18_exp_0_checkpoints.csv
3023000303230323030003303,0.0503744496255503,0.0001546557323308,4884000000,results/rs/SC5_HBD_MWPM_5x/results/sweep_18_exp_0_checkpoints.csv
3023000303230323030003303,0.0503744496255503,0.0001546557323308,6150000000,results/rs/SC5_HBD_MWPM_5x/results/sweep_18_exp_0_checkpoints.csv
3023000303230323030003303,0.0503744496255503,0.0001546557323308,7744000000,results/rs/SC5_HBD_MWPM_5x/results/sweep_18_exp_0_checkpoints.csv
3023000303230323030003303,0.0503744496255503,0.0001546557323308,9750000000,results/rs/SC5_HBD_MWPM_5x/results/sweep_18_exp_0_checkpoints.csv
3023000303230323030003303,0.0503744496255503,0.0001546557323308,12276000000,results/rs/SC5_HBD_MWPM_5x/results/sweep_18_exp_0_checkpoints.csv
3023000303230323030003303,0.0503744496255503,0.0001546557323308,15456000000,results/rs/SC5_HBD_MWPM_5x/results/sweep_18_exp_0_checkpoints.csv
3023000303230323030003303,0.0503744496255503,0.0001546557323308,19458000000,results/rs/SC5_HBD_MWPM_5x/results/sweep_18_exp_0_checkpoints.csv
3023000303230323030003303,0.0503744496255503,0.0001546557323308,24498000000,results/rs/SC5_HBD_MWPM_5x/results/sweep_18_exp_0_checkpoints.csv
3023000303230323030003303,0.0503744496255503,0.0001546557323308,30842000000,results/rs/SC5_HBD_MWPM_5x/results/sweep_18_exp_0_checkpoints.csv
3023000303230323030003303,0.0503744496255503,0.0001546557323308,38828000000,results/rs/SC5_HBD_MWPM_5x/results/sweep_18_exp_0_checkpoints.csv
3023000303230323030003303,0.0503744496255503,0.0001546557323308,48882000000,results/rs/SC5_HBD_MWPM_5x/results/sweep_18_exp_0_checkpoints.csv
3023000303230323030003303,0.0503744496255503,0.0001546557323308,61540000000,results/rs/SC5_HBD_MWPM_5x/results/sweep_18_exp_0_checkpoints.csv
0303330323030003330330020,0.0494034505965494,0.0001532362221041,77476000000,results/rs/SC5_HBD_MWPM_5x/results/sweep_18_exp_0_checkpoints.csv
0003030302030303020330032,0.0463639536360463,0.0001486846886109,97538000000,results/rs/SC5_HBD_MWPM_5x/results/sweep_18_exp_0_checkpoints.csv
0002322320030033222203020,0.0701229298770701,0.0001805624633561,2000000,results/rs/SC5_HBD_MWPM_5x/results/sweep_12_exp_0_checkpoints.csv
0002322320030033222203020,0.0701229298770701,0.0001805624633561,4000000,results/rs/SC5_HBD_MWPM_5x/results/sweep_12_exp_0_checkpoints.csv
0002322320030033222203020,0.0701229298770701,0.0001805624633561,6000000,results/rs/SC5_HBD_MWPM_5x/results/sweep_12_exp_0_checkpoints.csv
0002322320030033222203020,0.0701229298770701,0.0001805624633561,8000000,results/rs/SC5_HBD_MWPM_5x/results/sweep_12_exp_0_checkpoints.csv
0323300323020320000202022,0.0609769390230609,0.0001692020450718,12000000,results/rs/SC5_HBD_MWPM_5x/results/sweep_12_exp_0_checkpoints.csv
0323300323020320000202022,0.0609769390230609,0.0001692020450718,16000000,results/rs/SC5_HBD_MWPM_5x/results/sweep_12_exp_0_checkpoints.csv
0323300323020320000202022,0.0609769390230609,0.0001692020450718,22000000,results/rs/SC5_HBD_MWPM_5x/results/sweep_12_exp_0_checkpoints.csv
0323300323020320000202022,0.0609769390230609,0.0001692020450718,28000000,results/rs/SC5_HBD_MWPM_5x/results/sweep_12_exp_0_checkpoints.csv
0323300323020320000202022,0.0609769390230609,0.0001692020450718,36000000,results/rs/SC5_HBD_MWPM_5x/results/sweep_12_exp_0_checkpoints.csv
0323300323020320000202022,0.0609769390230609,0.0001692020450718,46000000,results/rs/SC5_HBD_MWPM_5x/results/sweep_12_exp_0_checkpoints.csv
0323300323020320000202022,0.0609769390230609,0.0001692020450718,58000000,results/rs/SC5_HBD_MWPM_5x/results/sweep_12_exp_0_checkpoints.csv
0323300323020320000202022,0.0609769390230609,0.0001692020450718,74000000,results/rs/SC5_HBD_MWPM_5x/results/sweep_12_exp_0_checkpoints.csv
0303032303220300000023222,0.0575509424490575,0.0001646796154091,94000000,results/rs/SC5_HBD_MWPM_5x/results/sweep_12_exp_0_checkpoints.csv
2003030303030332303303032,0.0507294492705507,0.0001551707100588,120000000,results/rs/SC5_HBD_MWPM_5x/results/sweep_12_exp_0_checkpoints.csv
2003030303030332303303032,0.0507294492705507,0.0001551707100588,152000000,results/rs/SC5_HBD_MWPM_5x/results/sweep_12_exp_0_checkpoints.csv
2003030303030332303303032,0.0507294492705507,0.0001551707100588,192000000,results/rs/SC5_HBD_MWPM_5x/results/sweep_12_exp_0_checkpoints.csv
2003030303030332303303032,0.0507294492705507,0.0001551707100588,242000000,results/rs/SC5_HBD_MWPM_5x/results/sweep_12_exp_0_checkpoints.csv
2003030303030332303303032,0.0507294492705507,0.0001551707100588,306000000,results/rs/SC5_HBD_MWPM_5x/results/sweep_12_exp_0_checkpoints.csv
2003030303030332303303032,0.0507294492705507,0.0001551707100588,386000000,results/rs/SC5_HBD_MWPM_5x/results/sweep_12_exp_0_checkpoints.csv
2003030303030332303303032,0.0507294492705507,0.0001551707100588,486000000,results/rs/SC5_HBD_MWPM_5x/results/sweep_12_exp_0_checkpoints.csv
2003030303030332303303032,0.0507294492705507,0.0001551707100588,612000000,results/rs/SC5_HBD_MWPM_5x/results/sweep_12_exp_0_checkpoints.csv
2003030303030332303303032,0.0507294492705507,0.0001551707100588,772000000,results/rs/SC5_HBD_MWPM_5x/results/sweep_12_exp_0_checkpoints.csv
2003030303030332303303032,0.0507294492705507,0.0001551707100588,972000000,results/rs/SC5_HBD_MWPM_5x/results/sweep_12_exp_0_checkpoints.csv
2003030303030332303303032,0.0507294492705507,0.0001551707100588,1224000000,results/rs/SC5_HBD_MWPM_5x/results/sweep_12_exp_0_checkpoints.csv
2003030303030332303303032,0.0507294492705507,0.0001551707100588,1542000000,results/rs/SC5_HBD_MWPM_5x/results/sweep_12_exp_0_checkpoints.csv
2003030303030332303303032,0.0507294492705507,0.0001551707100588,1942000000,results/rs/SC5_HBD_MWPM_5x/results/sweep_12_exp_0_checkpoints.csv
2003030303030332303303032,0.0507294492705507,0.0001551707100588,2446000000,results/rs/SC5_HBD_MWPM_5x/results/sweep_12_exp_0_checkpoints.csv
2003030303030332303303032,0.0507294492705507,0.0001551707100588,3080000000,results/rs/SC5_HBD_MWPM_5x/results/sweep_12_exp_0_checkpoints.csv
2003030303030332303303032,0.0507294492705507,0.0001551707100588,3878000000,results/rs/SC5_HBD_MWPM_5x/results/sweep_12_exp_0_checkpoints.csv
2003030303030332303303032,0.0507294492705507,0.0001551707100588,4884000000,results/rs/SC5_HBD_MWPM_5x/results/sweep_12_exp_0_checkpoints.csv
2003030303030332303303032,0.0507294492705507,0.0001551707100588,6150000000,results/rs/SC5_HBD_MWPM_5x/results/sweep_12_exp_0_checkpoints.csv
2003030303030332303303032,0.0507294492705507,0.0001551707100588,7744000000,results/rs/SC5_HBD_MWPM_5x/results/sweep_12_exp_0_checkpoints.csv
2003030303030332303303032,0.0507294492705507,0.0001551707100588,9750000000,results/rs/SC5_HBD_MWPM_5x/results/sweep_12_exp_0_checkpoints.csv
3000230303030303332330000,0.05004144995855,0.0001541707315482,12276000000,results/rs/SC5_HBD_MWPM_5x/results/sweep_12_exp_0_checkpoints.csv
3000230303030303332330000,0.05004144995855,0.0001541707315482,15456000000,results/rs/SC5_HBD_MWPM_5x/results/sweep_12_exp_0_checkpoints.csv
3000230303030303332330000,0.05004144995855,0.0001541707315482,19458000000,results/rs/SC5_HBD_MWPM_5x/results/sweep_12_exp_0_checkpoints.csv
0303230332030300032302030,0.0479039520960479,0.0001510117435827,24498000000,results/rs/SC5_HBD_MWPM_5x/results/sweep_12_exp_0_checkpoints.csv
0323200302330303030033030,0.0476894523105476,0.0001506902481196,30842000000,results/rs/SC5_HBD_MWPM_5x/results/sweep_12_exp_0_checkpoints.csv
0323200302330303030033030,0.0476894523105476,0.0001506902481196,38828000000,results/rs/SC5_HBD_MWPM_5x/results/sweep_12_exp_0_checkpoints.csv
0323200302330303030033030,0.0476894523105476,0.0001506902481196,48882000000,results/rs/SC5_HBD_MWPM_5x/results/sweep_12_exp_0_checkpoints.csv
0323200302330303030033030,0.0476894523105476,0.0001506902481196,61540000000,results/rs/SC5_HBD_MWPM_5x/results/sweep_12_exp_0_checkpoints.csv
0323200302330303030033030,0.0476894523105476,0.0001506902481196,77476000000,results/rs/SC5_HBD_MWPM_5x/results/sweep_12_exp_0_checkpoints.csv
0323200302330303030033030,0.0476894523105476,0.0001506902481196,97538000000,results/rs/SC5_HBD_MWPM_5x/results/sweep_12_exp_0_checkpoints.csv
3323322303200200230233230,0.0653999346000653,0.0001748180366121,2000000,results/rs/SC5_HBD_MWPM_5x/results/sweep_25_exp_0_checkpoints.csv
3323322303200200230233230,0.0653999346000653,0.0001748180366121,4000000,results/rs/SC5_HBD_MWPM_5x/results/sweep_25_exp_0_checkpoints.csv
3323322303200200230233230,0.0653999346000653,0.0001748180366121,6000000,results/rs/SC5_HBD_MWPM_5x/results/sweep_25_exp_0_checkpoints.csv
3323322303200200230233230,0.0653999346000653,0.0001748180366121,8000000,results/rs/SC5_HBD_MWPM_5x/results/sweep_25_exp_0_checkpoints.csv
3323322303200200230233230,0.0653999346000653,0.0001748180366121,12000000,results/rs/SC5_HBD_MWPM_5x/results/sweep_25_exp_0_checkpoints.csv
3323322303200200230233230,0.0653999346000653,0.0001748180366121,16000000,results/rs/SC5_HBD_MWPM_5x/results/sweep_25_exp_0_checkpoints.csv
3323322303200200230233230,0.0653999346000653,0.0001748180366121,22000000,results/rs/SC5_HBD_MWPM_5x/results/sweep_25_exp_0_checkpoints.csv
3323322303200200230233230,0.0653999346000653,0.0001748180366121,28000000,results/rs/SC5_HBD_MWPM_5x/results/sweep_25_exp_0_checkpoints.csv
0302000332220003332023000,0.0636099363900636,0.0001725740730762,36000000,results/rs/SC5_HBD_MWPM_5x/results/sweep_25_exp_0_checkpoints.csv
0302000332220003332023000,0.0636099363900636,0.0001725740730762,46000000,results/rs/SC5_HBD_MWPM_5x/results/sweep_25_exp_0_checkpoints.csv
2033220333030320020233220,0.0603744396255603,0.000168418046087,58000000,results/rs/SC5_HBD_MWPM_5x/results/sweep_25_exp_0_checkpoints.csv
2033220333030320020233220,0.0603744396255603,0.000168418046087,74000000,results/rs/SC5_HBD_MWPM_5x/results/sweep_25_exp_0_checkpoints.csv
2033220333030320020233220,0.0603744396255603,0.000168418046087,94000000,results/rs/SC5_HBD_MWPM_5x/results/sweep_25_exp_0_checkpoints.csv
2302300322033023030302300,0.0596564403435596,0.0001674775558058,120000000,results/rs/SC5_HBD_MWPM_5x/results/sweep_25_exp_0_checkpoints.csv
2302300322033023030302300,0.0596564403435596,0.0001674775558058,152000000,results/rs/SC5_HBD_MWPM_5x/results/sweep_25_exp_0_checkpoints.csv
2302300322033023030302300,0.0596564403435596,0.0001674775558058,192000000,results/rs/SC5_HBD_MWPM_5x/results/sweep_25_exp_0_checkpoints.csv
2302300322033023030302300,0.0596564403435596,0.0001674775558058,242000000,results/rs/SC5_HBD_MWPM_5x/results/sweep_25_exp_0_checkpoints.csv
2302300322033023030302300,0.0596564403435596,0.0001674775558058,306000000,results/rs/SC5_HBD_MWPM_5x/results/sweep_25_exp_0_checkpoints.csv
3000002303320333033333333,0.0577579422420577,0.0001649573969189,386000000,results/rs/SC5_HBD_MWPM_5x/results/sweep_25_exp_0_checkpoints.csv
3002000302230223020302033,0.0563309436690563,0.0001630301994737,486000000,results/rs/SC5_HBD_MWPM_5x/results/sweep_25_exp_0_checkpoints.csv
3002000302230223020302033,0.0563309436690563,0.0001630301994737,612000000,results/rs/SC5_HBD_MWPM_5x/results/sweep_25_exp_0_checkpoints.csv
2302330333200320230302030,0.0559109440890559,0.0001624574215384,772000000,results/rs/SC5_HBD_MWPM_5x/results/sweep_25_exp_0_checkpoints.csv
2302330333200320230302030,0.0559109440890559,0.0001624574215384,972000000,results/rs/SC5_HBD_MWPM_5x/results/sweep_25_exp_0_checkpoints.csv
0303030333230233030022032,0.0522319477680522,0.0001573272020323,1224000000,results/rs/SC5_HBD_MWPM_5x/results/sweep_25_exp_0_checkpoints.csv
0303030333230233030022032,0.0522319477680522,0.0001573272020323,1542000000,results/rs/SC5_HBD_MWPM_5x/results/sweep_25_exp_0_checkpoints.csv
0303030333230233030022032,0.0522319477680522,0.0001573272020323,1942000000,results/rs/SC5_HBD_MWPM_5x/results/sweep_25_exp_0_checkpoints.csv
0303030333230233030022032,0.0522319477680522,0.0001573272020323,2446000000,results/rs/SC5_HBD_MWPM_5x/results/sweep_25_exp_0_checkpoints.csv
2333330320030303330203003,0.0516279483720516,0.0001564647391205,3080000000,results/rs/SC5_HBD_MWPM_5x/results/sweep_25_exp_0_checkpoints.csv
2333330320030303330203003,0.0516279483720516,0.0001564647391205,3878000000,results/rs/SC5_HBD_MWPM_5x/results/sweep_25_exp_0_checkpoints.csv
2333330320030303330203003,0.0516279483720516,0.0001564647391205,4884000000,results/rs/SC5_HBD_MWPM_5x/results/sweep_25_exp_0_checkpoints.csv
2333330320030303330203003,0.0516279483720516,0.0001564647391205,6150000000,results/rs/SC5_HBD_MWPM_5x/results/sweep_25_exp_0_checkpoints.csv
2333330320030303330203003,0.0516279483720516,0.0001564647391205,7744000000,results/rs/SC5_HBD_MWPM_5x/results/sweep_25_exp_0_checkpoints.csv
2333330320030303330203003,0.0516279483720516,0.0001564647391205,9750000000,results/rs/SC5_HBD_MWPM_5x/results/sweep_25_exp_0_checkpoints.csv
3203233303030320030303203,0.0497049502950497,0.0001536787167424,12276000000,results/rs/SC5_HBD_MWPM_5x/results/sweep_25_exp_0_checkpoints.csv
3203233303030320030303203,0.0497049502950497,0.0001536787167424,15456000000,results/rs/SC5_HBD_MWPM_5x/results/sweep_25_exp_0_checkpoints.csv
3203233303030320030303203,0.0497049502950497,0.0001536787167424,19458000000,results/rs/SC5_HBD_MWPM_5x/results/sweep_25_exp_0_checkpoints.csv
3203233303030320030303203,0.0497049502950497,0.0001536787167424,24498000000,results/rs/SC5_HBD_MWPM_5x/results/sweep_25_exp_0_checkpoints.csv
3203233303030320030303203,0.0497049502950497,0.0001536787167424,30842000000,results/rs/SC5_HBD_MWPM_5x/results/sweep_25_exp_0_checkpoints.csv
3303233303000302030300030,0.0474389525610474,0.0001503137173131,38828000000,results/rs/SC5_HBD_MWPM_5x/results/sweep_25_exp_0_checkpoints.csv
3303233303000302030300030,0.0474389525610474,0.0001503137173131,48882000000,results/rs/SC5_HBD_MWPM_5x/results/sweep_25_exp_0_checkpoints.csv
3303233303000302030300030,0.0474389525610474,0.0001503137173131,61540000000,results/rs/SC5_HBD_MWPM_5x/results/sweep_25_exp_0_checkpoints.csv
3303233303000302030300030,0.0474389525610474,0.0001503137173131,77476000000,results/rs/SC5_HBD_MWPM_5x/results/sweep_25_exp_0_checkpoints.csv
3303233303000302030300030,0.0474389525610474,0.0001503137173131,97538000000,results/rs/SC5_HBD_MWPM_5x/results/sweep_25_exp_0_checkpoints.csv
0203033302030320232220333,0.0602519397480602,0.0001682580768829,2000000,results/rs/SC5_HBD_MWPM_5x/results/sweep_23_exp_0_checkpoints.csv
0203033302030320232220333,0.0602519397480602,0.0001682580768829,4000000,results/rs/SC5_HBD_MWPM_5x/results/sweep_23_exp_0_checkpoints.csv
0203033302030320232220333,0.0602519397480602,0.0001682580768829,6000000,results/rs/SC5_HBD_MWPM_5x/results/sweep_23_exp_0_checkpoints.csv
0203033302030320232220333,0.0602519397480602,0.0001682580768829,8000000,results/rs/SC5_HBD_MWPM_5x/results/sweep_23_exp_0_checkpoints.csv
0203033302030320232220333,0.0602519397480602,0.0001682580768829,12000000,results/rs/SC5_HBD_MWPM_5x/results/sweep_23_exp_0_checkpoints.csv
0203033302030320232220333,0.0602519397480602,0.0001682580768829,16000000,results/rs/SC5_HBD_MWPM_5x/results/sweep_23_exp_0_checkpoints.csv
0203033302030320232220333,0.0602519397480602,0.0001682580768829,22000000,results/rs/SC5_HBD_MWPM_5x/results/sweep_23_exp_0_checkpoints.csv
0203033302030320232220333,0.0602519397480602,0.0001682580768829,28000000,results/rs/SC5_HBD_MWPM_5x/results/sweep_23_exp_0_checkpoints.csv
0203033302030320232220333,0.0602519397480602,0.0001682580768829,36000000,results/rs/SC5_HBD_MWPM_5x/results/sweep_23_exp_0_checkpoints.csv
0203033302030320232220333,0.0602519397480602,0.0001682580768829,46000000,results/rs/SC5_HBD_MWPM_5x/results/sweep_23_exp_0_checkpoints.csv
0203033302030320232220333,0.0602519397480602,0.0001682580768829,58000000,results/rs/SC5_HBD_MWPM_5x/results/sweep_23_exp_0_checkpoints.csv
0203033302030320232220333,0.0602519397480602,0.0001682580768829,74000000,results/rs/SC5_HBD_MWPM_5x/results/sweep_23_exp_0_checkpoints.csv
3302020003030302300302030,0.0522679477320522,0.0001573784247739,94000000,results/rs/SC5_HBD_MWPM_5x/results/sweep_23_exp_0_checkpoints.csv
3302020003030302300302030,0.0522679477320522,0.0001573784247739,120000000,results/rs/SC5_HBD_MWPM_5x/results/sweep_23_exp_0_checkpoints.csv
3302020003030302300302030,0.0522679477320522,0.0001573784247739,152000000,results/rs/SC5_HBD_MWPM_5x/results/sweep_23_exp_0_checkpoints.csv
3302020003030302300302030,0.0522679477320522,0.0001573784247739,192000000,results/rs/SC5_HBD_MWPM_5x/results/sweep_23_exp_0_checkpoints.csv
3302020003030302300302030,0.0522679477320522,0.0001573784247739,242000000,results/rs/SC5_HBD_MWPM_5x/results/sweep_23_exp_0_checkpoints.csv
3302020003030302300302030,0.0522679477320522,0.0001573784247739,306000000,results/rs/SC5_HBD_MWPM_5x/results/sweep_23_exp_0_checkpoints.csv
3302020003030302300302030,0.0522679477320522,0.0001573784247739,386000000,results/rs/SC5_HBD_MWPM_5x/results/sweep_23_exp_0_checkpoints.csv
3302020003030302300302030,0.0522679477320522,0.0001573784247739,486000000,results/rs/SC5_HBD_MWPM_5x/results/sweep_23_exp_0_checkpoints.csv
3302020003030302300302030,0.0522679477320522,0.0001573784247739,612000000,results/rs/SC5_HBD_MWPM_5x/results/sweep_23_exp_0_checkpoints.csv
3302020003030302300302030,0.0522679477320522,0.0001573784247739,772000000,results/rs/SC5_HBD_MWPM_5x/results/sweep_23_exp_0_checkpoints.csv
3302020003030302300302030,0.0522679477320522,0.0001573784247739,972000000,results/rs/SC5_HBD_MWPM_5x/results/sweep_23_exp_0_checkpoints.csv
3302020003030302300302030,0.0522679477320522,0.0001573784247739,1224000000,results/rs/SC5_HBD_MWPM_5x/results/sweep_23_exp_0_checkpoints.csv
3302020003030302300302030,0.0522679477320522,0.0001573784247739,1542000000,results/rs/SC5_HBD_MWPM_5x/results/sweep_23_exp_0_checkpoints.csv
3302020003030302300302030,0.0522679477320522,0.0001573784247739,1942000000,results/rs/SC5_HBD_MWPM_5x/results/sweep_23_exp_0_checkpoints.csv
3302020003030302300302030,0.0522679477320522,0.0001573784247739,2446000000,results/rs/SC5_HBD_MWPM_5x/results/sweep_23_exp_0_checkpoints.csv
3302020003030302300302030,0.0522679477320522,0.0001573784247739,3080000000,results/rs/SC5_HBD_MWPM_5x/results/sweep_23_exp_0_checkpoints.csv
3302020003030302300302030,0.0522679477320522,0.0001573784247739,3878000000,results/rs/SC5_HBD_MWPM_5x/results/sweep_23_exp_0_checkpoints.csv
3302020003030302300302030,0.0522679477320522,0.0001573784247739,4884000000,results/rs/SC5_HBD_MWPM_5x/results/sweep_23_exp_0_checkpoints.csv
3302020003030302300302030,0.0522679477320522,0.0001573784247739,6150000000,results/rs/SC5_HBD_MWPM_5x/results/sweep_23_exp_0_checkpoints.csv
0000000300030300330320230,0.0512104487895512,0.0001558651129016,7744000000,results/rs/SC5_HBD_MWPM_5x/results/sweep_23_exp_0_checkpoints.csv
0000000300030300330320230,0.0512104487895512,0.0001558651129016,9750000000,results/rs/SC5_HBD_MWPM_5x/results/sweep_23_exp_0_checkpoints.csv
0000000300030300330320230,0.0512104487895512,0.0001558651129016,12276000000,results/rs/SC5_HBD_MWPM_5x/results/sweep_23_exp_0_checkpoints.csv
0000000300030300330320230,0.0512104487895512,0.0001558651129016,15456000000,results/rs/SC5_HBD_MWPM_5x/results/sweep_23_exp_0_checkpoints.csv
0000000300030300330320230,0.0512104487895512,0.0001558651129016,19458000000,results/rs/SC5_HBD_MWPM_5x/results/sweep_23_exp_0_checkpoints.csv
3323330300030332030300232,0.0494424505575494,0.0001532935420982,24498000000,results/rs/SC5_HBD_MWPM_5x/results/sweep_23_exp_0_checkpoints.csv
3323330300030332030300232,0.0494424505575494,0.0001532935420982,30842000000,results/rs/SC5_HBD_MWPM_5x/results/sweep_23_exp_0_checkpoints.csv
3323330300030332030300232,0.0494424505575494,0.0001532935420982,38828000000,results/rs/SC5_HBD_MWPM_5x/results/sweep_23_exp_0_checkpoints.csv
2203230303030303030023320,0.0469769530230469,0.0001496162585681,48882000000,results/rs/SC5_HBD_MWPM_5x/results/sweep_23_exp_0_checkpoints.csv
2203230303030303030023320,0.0469769530230469,0.0001496162585681,61540000000,results/rs/SC5_HBD_MWPM_5x/results/sweep_23_exp_0_checkpoints.csv
2203230303030303030023320,0.0469769530230469,0.0001496162585681,77476000000,results/rs/SC5_HBD_MWPM_5x/results/sweep_23_exp_0_checkpoints.csv
2203230303030303030023320,0.0469769530230469,0.0001496162585681,97538000000,results/rs/SC5_HBD_MWPM_5x/results/sweep_23_exp_0_checkpoints.csv
0222233303030203033000230,0.0569589430410569,0.0001638818794162,2000000,results/rs/SC5_HBD_MWPM_5x/results/sweep_14_exp_0_checkpoints.csv
0222233303030203033000230,0.0569589430410569,0.0001638818794162,4000000,results/rs/SC5_HBD_MWPM_5x/results/sweep_14_exp_0_checkpoints.csv
0222233303030203033000230,0.0569589430410569,0.0001638818794162,6000000,results/rs/SC5_HBD_MWPM_5x/results/sweep_14_exp_0_checkpoints.csv
0222233303030203033000230,0.0569589430410569,0.0001638818794162,8000000,results/rs/SC5_HBD_MWPM_5x/results/sweep_14_exp_0_checkpoints.csv
0222233303030203033000230,0.0569589430410569,0.0001638818794162,12000000,results/rs/SC5_HBD_MWPM_5x/results/sweep_14_exp_0_checkpoints.csv
0222233303030203033000230,0.0569589430410569,0.0001638818794162,16000000,results/rs/SC5_HBD_MWPM_5x/results/sweep_14_exp_0_checkpoints.csv
0222233303030203033000230,0.0569589430410569,0.0001638818794162,22000000,results/rs/SC5_HBD_MWPM_5x/results/sweep_14_exp_0_checkpoints.csv
0222233303030203033000230,0.0569589430410569,0.0001638818794162,28000000,results/rs/SC5_HBD_MWPM_5x/results/sweep_14_exp_0_checkpoints.csv
0222233303030203033000230,0.0569589430410569,0.0001638818794162,36000000,results/rs/SC5_HBD_MWPM_5x/results/sweep_14_exp_0_checkpoints.csv
0222233303030203033000230,0.0569589430410569,0.0001638818794162,46000000,results/rs/SC5_HBD_MWPM_5x/results/sweep_14_exp_0_checkpoints.csv
0222233303030203033000230,0.0569589430410569,0.0001638818794162,58000000,results/rs/SC5_HBD_MWPM_5x/results/sweep_14_exp_0_checkpoints.csv
0222233303030203033000230,0.0569589430410569,0.0001638818794162,74000000,results/rs/SC5_HBD_MWPM_5x/results/sweep_14_exp_0_checkpoints.csv
0222233303030203033000230,0.0569589430410569,0.0001638818794162,94000000,results/rs/SC5_HBD_MWPM_5x/results/sweep_14_exp_0_checkpoints.csv
0222233303030203033000230,0.0569589430410569,0.0001638818794162,120000000,results/rs/SC5_HBD_MWPM_5x/results/sweep_14_exp_0_checkpoints.csv
0222233303030203033000230,0.0569589430410569,0.0001638818794162,152000000,results/rs/SC5_HBD_MWPM_5x/results/sweep_14_exp_0_checkpoints.csv
0222233303030203033000230,0.0569589430410569,0.0001638818794162,192000000,results/rs/SC5_HBD_MWPM_5x/results/sweep_14_exp_0_checkpoints.csv
0222233303030203033000230,0.0569589430410569,0.0001638818794162,242000000,results/rs/SC5_HBD_MWPM_5x/results/sweep_14_exp_0_checkpoints.csv
0222233303030203033000230,0.0569589430410569,0.0001638818794162,306000000,results/rs/SC5_HBD_MWPM_5x/results/sweep_14_exp_0_checkpoints.csv
0002323002230303033003032,0.0568179431820568,0.0001636911474633,386000000,results/rs/SC5_HBD_MWPM_5x/results/sweep_14_exp_0_checkpoints.csv
0002323002230303033003032,0.0568179431820568,0.0001636911474633,486000000,results/rs/SC5_HBD_MWPM_5x/results/sweep_14_exp_0_checkpoints.csv
0002323002230303033003032,0.0568179431820568,0.0001636911474633,612000000,results/rs/SC5_HBD_MWPM_5x/results/sweep_14_exp_0_checkpoints.csv
0330003300330320030002330,0.0543909456090543,0.0001603628625161,772000000,results/rs/SC5_HBD_MWPM_5x/results/sweep_14_exp_0_checkpoints.csv
0330003300330320030002330,0.0543909456090543,0.0001603628625161,972000000,results/rs/SC5_HBD_MWPM_5x/results/sweep_14_exp_0_checkpoints.csv
0330003300330320030002330,0.0543909456090543,0.0001603628625161,1224000000,results/rs/SC5_HBD_MWPM_5x/results/sweep_14_exp_0_checkpoints.csv
0330003300330320030002330,0.0543909456090543,0.0001603628625161,1542000000,results/rs/SC5_HBD_MWPM_5x/results/sweep_14_exp_0_checkpoints.csv
0330003300330320030002330,0.0543909456090543,0.0001603628625161,1942000000,results/rs/SC5_HBD_MWPM_5x/results/sweep_14_exp_0_checkpoints.csv
0330003300330320030002330,0.0543909456090543,0.0001603628625161,2446000000,results/rs/SC5_HBD_MWPM_5x/results/sweep_14_exp_0_checkpoints.csv
0330003300330320030002330,0.0543909456090543,0.0001603628625161,3080000000,results/rs/SC5_HBD_MWPM_5x/results/sweep_14_exp_0_checkpoints.csv
0330003300330320030002330,0.0543909456090543,0.0001603628625161,3878000000,results/rs/SC5_HBD_MWPM_5x/results/sweep_14_exp_0_checkpoints.csv
3203223323030303030033003,0.0529274470725529,0.0001583130797371,4884000000,results/rs/SC5_HBD_MWPM_5x/results/sweep_14_exp_0_checkpoints.csv
2003030303333303030300002,0.0469694530305469,0.0001496049080742,6150000000,results/rs/SC5_HBD_MWPM_5x/results/sweep_14_exp_0_checkpoints.csv
2003030303333303030300002,0.0469694530305469,0.0001496049080742,7744000000,results/rs/SC5_HBD_MWPM_5x/results/sweep_14_exp_0_checkpoints.csv
2003030303333303030300002,0.0469694530305469,0.0001496049080742,9750000000,results/rs/SC5_HBD_MWPM_5x/results/sweep_14_exp_0_checkpoints.csv
2003030303333303030300002,0.0469694530305469,0.0001496049080742,12276000000,results/rs/SC5_HBD_MWPM_5x/results/sweep_14_exp_0_checkpoints.csv
2003030303333303030300002,0.0469694530305469,0.0001496049080742,15456000000,results/rs/SC5_HBD_MWPM_5x/results/sweep_14_exp_0_checkpoints.csv
2003030303333303030300002,0.0469694530305469,0.0001496049080742,19458000000,results/rs/SC5_HBD_MWPM_5x/results/sweep_14_exp_0_checkpoints.csv
2003030303333303030300002,0.0469694530305469,0.0001496049080742,24498000000,results/rs/SC5_HBD_MWPM_5x/results/sweep_14_exp_0_checkpoints.csv
2003030303333303030300002,0.0469694530305469,0.0001496049080742,30842000000,results/rs/SC5_HBD_MWPM_5x/results/sweep_14_exp_0_checkpoints.csv
2003030303333303030300002,0.0469694530305469,0.0001496049080742,38828000000,results/rs/SC5_HBD_MWPM_5x/results/sweep_14_exp_0_checkpoints.csv
2003030303333303030300002,0.0469694530305469,0.0001496049080742,48882000000,results/rs/SC5_HBD_MWPM_5x/results/sweep_14_exp_0_checkpoints.csv
2003030303333303030300002,0.0469694530305469,0.0001496049080742,61540000000,results/rs/SC5_HBD_MWPM_5x/results/sweep_14_exp_0_checkpoints.csv
2003030303333303030300002,0.0469694530305469,0.0001496049080742,77476000000,results/rs/SC5_HBD_MWPM_5x/results/sweep_14_exp_0_checkpoints.csv
2003030303333303030300002,0.0469694530305469,0.0001496049080742,97538000000,results/rs/SC5_HBD_MWPM_5x/results/sweep_14_exp_0_checkpoints.csv
