clifford_deformation,exp_ler,uncertainty,method_shots,source_file
222200002,0.0304398478007609,0.0002716295421123,400000,results/rs/SC3_MHBD_MWPM_2_5x/results/sweep_2_exp_0_checkpoints.csv
033030300,0.0229798851005745,0.0002369158173678,800000,results/rs/SC3_MHBD_MWPM_2_5x/results/sweep_2_exp_0_checkpoints.csv
033030300,0.0229798851005745,0.0002369158173678,1200000,results/rs/SC3_MHBD_MWPM_2_5x/results/sweep_2_exp_0_checkpoints.csv
033030300,0.0229798851005745,0.0002369158173678,1600000,results/rs/SC3_MHBD_MWPM_2_5x/results/sweep_2_exp_0_checkpoints.csv
033030300,0.0229798851005745,0.0002369158173678,2400000,results/rs/SC3_MHBD_MWPM_2_5x/results/sweep_2_exp_0_checkpoints.csv
033030300,0.0229798851005745,0.0002369158173678,3200000,results/rs/SC3_MHBD_MWPM_2_5x/results/sweep_2_exp_0_checkpoints.csv
033030300,0.0229798851005745,0.0002369158173678,4400000,results/rs/SC3_MHBD_MWPM_2_5x/results/sweep_2_exp_0_checkpoints.csv
033030300,0.0229798851005745,0.0002369158173678,5600000,results/rs/SC3_MHBD_MWPM_2_5x/results/sweep_2_exp_0_checkpoints.csv
033030300,0.0229798851005745,0.0002369158173678,7200000,results/rs/SC3_MHBD_MWPM_2_5x/results/sweep_2_exp_0_checkpoints.csv
033030300,0.0229798851005745,0.0002369158173678,9200000,results/rs/SC3_MHBD_MWPM_2_5x/results/sweep_2_exp_0_checkpoints.csv
033030300,0.0229798851005745,0.0002369158173678,11600000,results/rs/SC3_MHBD_MWPM_2_5x/results/sweep_2_exp_0_checkpoints.csv
033030300,0.0229798851005745,0.0002369158173678,14800000,results/rs/SC3_MHBD_MWPM_2_5x/results/sweep_2_exp_0_checkpoints.csv
033030300,0.0229798851005745,0.0002369158173678,18800000,results/rs/SC3_MHBD_MWPM_2_5x/results/sweep_2_exp_0_checkpoints.csv
033030300,0.0229798851005745,0.0002369158173678,24000000,results/rs/SC3_MHBD_MWPM_2_5x/results/sweep_2_exp_0_checkpoints.csv
033030300,0.0229798851005745,0.0002369158173678,30400000,results/rs/SC3_MHBD_MWPM_2_5x/results/sweep_2_exp_0_checkpoints.csv
033030300,0.0229798851005745,0.0002369158173678,38400000,results/rs/SC3_MHBD_MWPM_2_5x/results/sweep_2_exp_0_checkpoints.csv
033030300,0.0229798851005745,0.0002369158173678,48400000,results/rs/SC3_MHBD_MWPM_2_5x/results/sweep_2_exp_0_checkpoints.csv
033300330,0.0220898895505522,0.0002323884837096,61200000,results/rs/SC3_MHBD_MWPM_2_5x/results/sweep_2_exp_0_checkpoints.csv
033300330,0.0220898895505522,0.0002323884837096,77200000,results/rs/SC3_MHBD_MWPM_2_5x/results/sweep_2_exp_0_checkpoints.csv
033300330,0.0220898895505522,0.0002323884837096,97200000,results/rs/SC3_MHBD_MWPM_2_5x/results/sweep_2_exp_0_checkpoints.csv
033300330,0.0220898895505522,0.0002323884837096,122400000,results/rs/SC3_MHBD_MWPM_2_5x/results/sweep_2_exp_0_checkpoints.csv
033300330,0.0220898895505522,0.0002323884837096,154400000,results/rs/SC3_MHBD_MWPM_2_5x/results/sweep_2_exp_0_checkpoints.csv
033300330,0.0220898895505522,0.0002323884837096,194400000,results/rs/SC3_MHBD_MWPM_2_5x/results/sweep_2_exp_0_checkpoints.csv
033300330,0.0220898895505522,0.0002323884837096,244800000,results/rs/SC3_MHBD_MWPM_2_5x/results/sweep_2_exp_0_checkpoints.csv
033300330,0.0220898895505522,0.0002323884837096,308400000,results/rs/SC3_MHBD_MWPM_2_5x/results/sweep_2_exp_0_checkpoints.csv
033300330,0.0220898895505522,0.0002323884837096,388400000,results/rs/SC3_MHBD_MWPM_2_5x/results/sweep_2_exp_0_checkpoints.csv
033300330,0.0220898895505522,0.0002323884837096,489200000,results/rs/SC3_MHBD_MWPM_2_5x/results/sweep_2_exp_0_checkpoints.csv
033300330,0.0220898895505522,0.0002323884837096,616000000,results/rs/SC3_MHBD_MWPM_2_5x/results/sweep_2_exp_0_checkpoints.csv
033300330,0.0220898895505522,0.0002323884837096,775600000,results/rs/SC3_MHBD_MWPM_2_5x/results/sweep_2_exp_0_checkpoints.csv
033300330,0.0220898895505522,0.0002323884837096,976800000,results/rs/SC3_MHBD_MWPM_2_5x/results/sweep_2_exp_0_checkpoints.csv
033300330,0.0220898895505522,0.0002323884837096,1230000000,results/rs/SC3_MHBD_MWPM_2_5x/results/sweep_2_exp_0_checkpoints.csv
033300330,0.0220898895505522,0.0002323884837096,1548800000,results/rs/SC3_MHBD_MWPM_2_5x/results/sweep_2_exp_0_checkpoints.csv
033300330,0.0220898895505522,0.0002323884837096,1950000000,results/rs/SC3_MHBD_MWPM_2_5x/results/sweep_2_exp_0_checkpoints.csv
033300330,0.0220898895505522,0.0002323884837096,2455200000,results/rs/SC3_MHBD_MWPM_2_5x/results/sweep_2_exp_0_checkpoints.csv
033300330,0.0220898895505522,0.0002323884837096,3091200000,results/rs/SC3_MHBD_MWPM_2_5x/results/sweep_2_exp_0_checkpoints.csv
033300330,0.0220898895505522,0.0002323884837096,3891600000,results/rs/SC3_MHBD_MWPM_2_5x/results/sweep_2_exp_0_checkpoints.csv
033300330,0.0220898895505522,0.0002323884837096,4899600000,results/rs/SC3_MHBD_MWPM_2_5x/results/sweep_2_exp_0_checkpoints.csv
033000330,0.021722391388043,0.0002304906083736,6168400000,results/rs/SC3_MHBD_MWPM_2_5x/results/sweep_2_exp_0_checkpoints.csv
230220032,0.0283848580757096,0.0002625783381517,400000,results/rs/SC3_MHBD_MWPM_2_5x/results/sweep_18_exp_0_checkpoints.csv
230220032,0.0283848580757096,0.0002625783381517,800000,results/rs/SC3_MHBD_MWPM_2_5x/results/sweep_18_exp_0_checkpoints.csv
300032020,0.0257648711756441,0.0002505037700757,1200000,results/rs/SC3_MHBD_MWPM_2_5x/results/sweep_18_exp_0_checkpoints.csv
300032020,0.0257648711756441,0.0002505037700757,1600000,results/rs/SC3_MHBD_MWPM_2_5x/results/sweep_18_exp_0_checkpoints.csv
300032020,0.0257648711756441,0.0002505037700757,2400000,results/rs/SC3_MHBD_MWPM_2_5x/results/sweep_18_exp_0_checkpoints.csv
330330303,0.0237573812130939,0.0002407944848528,3200000,results/rs/SC3_MHBD_MWPM_2_5x/results/sweep_18_exp_0_checkpoints.csv
330330303,0.0237573812130939,0.0002407944848528,4400000,results/rs/SC3_MHBD_MWPM_2_5x/results/sweep_18_exp_0_checkpoints.csv
330330303,0.0237573812130939,0.0002407944848528,5600000,results/rs/SC3_MHBD_MWPM_2_5x/results/sweep_18_exp_0_checkpoints.csv
330330303,0.0237573812130939,0.0002407944848528,7200000,results/rs/SC3_MHBD_MWPM_2_5x/results/sweep_18_exp_0_checkpoints.csv
330330303,0.0237573812130939,0.0002407944848528,9200000,results/rs/SC3_MHBD_MWPM_2_5x/results/sweep_18_exp_0_checkpoints.csv
330330303,0.0237573812130939,0.0002407944848528,11600000,results/rs/SC3_MHBD_MWPM_2_5x/results/sweep_18_exp_0_checkpoints.csv
330330303,0.0237573812130939,0.0002407944848528,14800000,results/rs/SC3_MHBD_MWPM_2_5x/results/sweep_18_exp_0_checkpoints.csv
330330303,0.0237573812130939,0.0002407944848528,18800000,results/rs/SC3_MHBD_MWPM_2_5x/results/sweep_18_exp_0_checkpoints.csv
330330303,0.0237573812130939,0.0002407944848528,24000000,results/rs/SC3_MHBD_MWPM_2_5x/results/sweep_18_exp_0_checkpoints.csv
330330303,0.0237573812130939,0.0002407944848528,30400000,results/rs/SC3_MHBD_MWPM_2_5x/results/sweep_18_exp_0_checkpoints.csv
030033303,0.0236223818880905,0.0002401259698672,38400000,results/rs/SC3_MHBD_MWPM_2_5x/results/sweep_18_exp_0_checkpoints.csv
030033303,0.0236223818880905,0.0002401259698672,48400000,results/rs/SC3_MHBD_MWPM_2_5x/results/sweep_18_exp_0_checkpoints.csv
030033303,0.0236223818880905,0.0002401259698672,61200000,results/rs/SC3_MHBD_MWPM_2_5x/results/sweep_18_exp_0_checkpoints.csv
030033303,0.0236223818880905,0.0002401259698672,77200000,results/rs/SC3_MHBD_MWPM_2_5x/results/sweep_18_exp_0_checkpoints.csv
030033303,0.0236223818880905,0.0002401259698672,97200000,results/rs/SC3_MHBD_MWPM_2_5x/results/sweep_18_exp_0_checkpoints.csv
030033303,0.0236223818880905,0.0002401259698672,122400000,results/rs/SC3_MHBD_MWPM_2_5x/results/sweep_18_exp_0_checkpoints.csv
300033030,0.0228773856130719,0.000236399253481,154400000,results/rs/SC3_MHBD_MWPM_2_5x/results/sweep_18_exp_0_checkpoints.csv
300033030,0.0228773856130719,0.000236399253481,194400000,results/rs/SC3_MHBD_MWPM_2_5x/results/sweep_18_exp_0_checkpoints.csv
300033030,0.0228773856130719,0.000236399253481,244800000,results/rs/SC3_MHBD_MWPM_2_5x/results/sweep_18_exp_0_checkpoints.csv
030330000,0.0224848875755621,0.0002344096428714,308400000,results/rs/SC3_MHBD_MWPM_2_5x/results/sweep_18_exp_0_checkpoints.csv
030330000,0.0224848875755621,0.0002344096428714,388400000,results/rs/SC3_MHBD_MWPM_2_5x/results/sweep_18_exp_0_checkpoints.csv
030330000,0.0224848875755621,0.0002344096428714,489200000,results/rs/SC3_MHBD_MWPM_2_5x/results/sweep_18_exp_0_checkpoints.csv
030330000,0.0224848875755621,0.0002344096428714,616000000,results/rs/SC3_MHBD_MWPM_2_5x/results/sweep_18_exp_0_checkpoints.csv
030330000,0.0224848875755621,0.0002344096428714,775600000,results/rs/SC3_MHBD_MWPM_2_5x/results/sweep_18_exp_0_checkpoints.csv
030030030,0.022362388188059,0.0002337848854949,976800000,results/rs/SC3_MHBD_MWPM_2_5x/results/sweep_18_exp_0_checkpoints.csv
030030030,0.022362388188059,0.0002337848854949,1230000000,results/rs/SC3_MHBD_MWPM_2_5x/results/sweep_18_exp_0_checkpoints.csv
030030030,0.022362388188059,0.0002337848854949,1548800000,results/rs/SC3_MHBD_MWPM_2_5x/results/sweep_18_exp_0_checkpoints.csv
030030030,0.022362388188059,0.0002337848854949,1950000000,results/rs/SC3_MHBD_MWPM_2_5x/results/sweep_18_exp_0_checkpoints.csv
030030030,0.022362388188059,0.0002337848854949,2455200000,results/rs/SC3_MHBD_MWPM_2_5x/results/sweep_18_exp_0_checkpoints.csv
330030330,0.0222048889755551,0.0002329789131181,3091200000,results/rs/SC3_MHBD_MWPM_2_5x/results/sweep_18_exp_0_checkpoints.csv
330030330,0.0222048889755551,0.0002329789131181,3891600000,results/rs/SC3_MHBD_MWPM_2_5x/results/sweep_18_exp_0_checkpoints.csv
033300330,0.0219923900380498,0.0002318866318091,4899600000,results/rs/SC3_MHBD_MWPM_2_5x/results/sweep_18_exp_0_checkpoints.csv
033300330,0.0219923900380498,0.0002318866318091,6168400000,results/rs/SC3_MHBD_MWPM_2_5x/results/sweep_18_exp_0_checkpoints.csv
302230322,0.0287798561007194,0.0002643452608026,400000,results/rs/SC3_MHBD_MWPM_2_5x/results/sweep_4_exp_0_checkpoints.csv
220203003,0.0275848620756896,0.0002589581708889,800000,results/rs/SC3_MHBD_MWPM_2_5x/results/sweep_4_exp_0_checkpoints.csv
220203003,0.0275848620756896,0.0002589581708889,1200000,results/rs/SC3_MHBD_MWPM_2_5x/results/sweep_4_exp_0_checkpoints.csv
220203003,0.0275848620756896,0.0002589581708889,1600000,results/rs/SC3_MHBD_MWPM_2_5x/results/sweep_4_exp_0_checkpoints.csv
300330300,0.0240473797631011,0.000242223686655,2400000,results/rs/SC3_MHBD_MWPM_2_5x/results/sweep_4_exp_0_checkpoints.csv
300330300,0.0240473797631011,0.000242223686655,3200000,results/rs/SC3_MHBD_MWPM_2_5x/results/sweep_4_exp_0_checkpoints.csv
033300023,0.0236273818630906,0.0002401507663307,4400000,results/rs/SC3_MHBD_MWPM_2_5x/results/sweep_4_exp_0_checkpoints.csv
033300023,0.0236273818630906,0.0002401507663307,5600000,results/rs/SC3_MHBD_MWPM_2_5x/results/sweep_4_exp_0_checkpoints.csv
033300023,0.0236273818630906,0.0002401507663307,7200000,results/rs/SC3_MHBD_MWPM_2_5x/results/sweep_4_exp_0_checkpoints.csv
033300023,0.0236273818630906,0.0002401507663307,9200000,results/rs/SC3_MHBD_MWPM_2_5x/results/sweep_4_exp_0_checkpoints.csv
033300023,0.0236273818630906,0.0002401507663307,11600000,results/rs/SC3_MHBD_MWPM_2_5x/results/sweep_4_exp_0_checkpoints.csv
033300023,0.0236273818630906,0.0002401507663307,14800000,results/rs/SC3_MHBD_MWPM_2_5x/results/sweep_4_exp_0_checkpoints.csv
033300023,0.0236273818630906,0.0002401507663307,18800000,results/rs/SC3_MHBD_MWPM_2_5x/results/sweep_4_exp_0_checkpoints.csv
033300023,0.0236273818630906,0.0002401507663307,24000000,results/rs/SC3_MHBD_MWPM_2_5x/results/sweep_4_exp_0_checkpoints.csv
033300023,0.0236273818630906,0.0002401507663307,30400000,results/rs/SC3_MHBD_MWPM_2_5x/results/sweep_4_exp_0_checkpoints.csv
033303000,0.0230523847380763,0.0002372804447077,38400000,results/rs/SC3_MHBD_MWPM_2_5x/results/sweep_4_exp_0_checkpoints.csv
033303000,0.0230523847380763,0.0002372804447077,48400000,results/rs/SC3_MHBD_MWPM_2_5x/results/sweep_4_exp_0_checkpoints.csv
033303000,0.0230523847380763,0.0002372804447077,61200000,results/rs/SC3_MHBD_MWPM_2_5x/results/sweep_4_exp_0_checkpoints.csv
033303000,0.0230523847380763,0.0002372804447077,77200000,results/rs/SC3_MHBD_MWPM_2_5x/results/sweep_4_exp_0_checkpoints.csv
030300330,0.0226773866130669,0.0002353877498535,97200000,results/rs/SC3_MHBD_MWPM_2_5x/results/sweep_4_exp_0_checkpoints.csv
030300330,0.0226773866130669,0.0002353877498535,122400000,results/rs/SC3_MHBD_MWPM_2_5x/results/sweep_4_exp_0_checkpoints.csv
030300330,0.0226773866130669,0.0002353877498535,154400000,results/rs/SC3_MHBD_MWPM_2_5x/results/sweep_4_exp_0_checkpoints.csv
030300330,0.0226773866130669,0.0002353877498535,194400000,results/rs/SC3_MHBD_MWPM_2_5x/results/sweep_4_exp_0_checkpoints.csv
030300330,0.0226773866130669,0.0002353877498535,244800000,results/rs/SC3_MHBD_MWPM_2_5x/results/sweep_4_exp_0_checkpoints.csv
030303030,0.0222523887380563,0.0002332223084522,308400000,results/rs/SC3_MHBD_MWPM_2_5x/results/sweep_4_exp_0_checkpoints.csv
030303030,0.0222523887380563,0.0002332223084522,388400000,results/rs/SC3_MHBD_MWPM_2_5x/results/sweep_4_exp_0_checkpoints.csv
030303030,0.0222523887380563,0.0002332223084522,489200000,results/rs/SC3_MHBD_MWPM_2_5x/results/sweep_4_exp_0_checkpoints.csv
030303030,0.0222523887380563,0.0002332223084522,616000000,results/rs/SC3_MHBD_MWPM_2_5x/results/sweep_4_exp_0_checkpoints.csv
030303030,0.0222523887380563,0.0002332223084522,775600000,results/rs/SC3_MHBD_MWPM_2_5x/results/sweep_4_exp_0_checkpoints.csv
030303030,0.0222523887380563,0.0002332223084522,976800000,results/rs/SC3_MHBD_MWPM_2_5x/results/sweep_4_exp_0_checkpoints.csv
030303030,0.0222523887380563,0.0002332223084522,1230000000,results/rs/SC3_MHBD_MWPM_2_5x/results/sweep_4_exp_0_checkpoints.csv
030303030,0.0222523887380563,0.0002332223084522,1548800000,results/rs/SC3_MHBD_MWPM_2_5x/results/sweep_4_exp_0_checkpoints.csv
030303030,0.0222523887380563,0.0002332223084522,1950000000,results/rs/SC3_MHBD_MWPM_2_5x/results/sweep_4_exp_0_checkpoints.csv
333000330,0.0215423922880385,0.0002295547892572,2455200000,results/rs/SC3_MHBD_MWPM_2_5x/results/sweep_4_exp_0_checkpoints.csv
333000330,0.0215423922880385,0.0002295547892572,3091200000,results/rs/SC3_MHBD_MWPM_2_5x/results/sweep_4_exp_0_checkpoints.csv
333000330,0.0215423922880385,0.0002295547892572,3891600000,results/rs/SC3_MHBD_MWPM_2_5x/results/sweep_4_exp_0_checkpoints.csv
333000330,0.0215423922880385,0.0002295547892572,4899600000,results/rs/SC3_MHBD_MWPM_2_5x/results/sweep_4_exp_0_checkpoints.csv
333000330,0.0215423922880385,0.0002295547892572,6168400000,results/rs/SC3_MHBD_MWPM_2_5x/results/sweep_4_exp_0_checkpoints.csv
223020223,0.0305148474257628,0.0002719534386415,400000,results/rs/SC3_MHBD_MWPM_2_5x/results/sweep_14_exp_0_checkpoints.csv
330032330,0.0249773751131244,0.0002467454469297,800000,results/rs/SC3_MHBD_MWPM_2_5x/results/sweep_14_exp_0_checkpoints.csv
330032330,0.0249773751131244,0.0002467454469297,1200000,results/rs/SC3_MHBD_MWPM_2_5x/results/sweep_14_exp_0_checkpoints.csv
330032330,0.0249773751131244,0.0002467454469297,1600000,results/rs/SC3_MHBD_MWPM_2_5x/results/sweep_14_exp_0_checkpoints.csv
003332003,0.0246248768756156,0.0002450424071867,2400000,results/rs/SC3_MHBD_MWPM_2_5x/results/sweep_14_exp_0_checkpoints.csv
003332003,0.0246248768756156,0.0002450424071867,3200000,results/rs/SC3_MHBD_MWPM_2_5x/results/sweep_14_exp_0_checkpoints.csv
003332003,0.0246248768756156,0.0002450424071867,4400000,results/rs/SC3_MHBD_MWPM_2_5x/results/sweep_14_exp_0_checkpoints.csv
003332003,0.0246248768756156,0.0002450424071867,5600000,results/rs/SC3_MHBD_MWPM_2_5x/results/sweep_14_exp_0_checkpoints.csv
003332003,0.0246248768756156,0.0002450424071867,7200000,results/rs/SC3_MHBD_MWPM_2_5x/results/sweep_14_exp_0_checkpoints.csv
003332003,0.0246248768756156,0.0002450424071867,9200000,results/rs/SC3_MHBD_MWPM_2_5x/results/sweep_14_exp_0_checkpoints.csv
003332003,0.0246248768756156,0.0002450424071867,11600000,results/rs/SC3_MHBD_MWPM_2_5x/results/sweep_14_exp_0_checkpoints.csv
003332003,0.0246248768756156,0.0002450424071867,14800000,results/rs/SC3_MHBD_MWPM_2_5x/results/sweep_14_exp_0_checkpoints.csv
023033000,0.0241448792756036,0.0002427021245239,18800000,results/rs/SC3_MHBD_MWPM_2_5x/results/sweep_14_exp_0_checkpoints.csv
023033000,0.0241448792756036,0.0002427021245239,24000000,results/rs/SC3_MHBD_MWPM_2_5x/results/sweep_14_exp_0_checkpoints.csv
003333020,0.0241123794381028,0.0002425427665002,30400000,results/rs/SC3_MHBD_MWPM_2_5x/results/sweep_14_exp_0_checkpoints.csv
003333020,0.0241123794381028,0.0002425427665002,38400000,results/rs/SC3_MHBD_MWPM_2_5x/results/sweep_14_exp_0_checkpoints.csv
033030003,0.0236148819255903,0.0002400887606199,48400000,results/rs/SC3_MHBD_MWPM_2_5x/results/sweep_14_exp_0_checkpoints.csv
033030003,0.0236148819255903,0.0002400887606199,61200000,results/rs/SC3_MHBD_MWPM_2_5x/results/sweep_14_exp_0_checkpoints.csv
033030003,0.0236148819255903,0.0002400887606199,77200000,results/rs/SC3_MHBD_MWPM_2_5x/results/sweep_14_exp_0_checkpoints.csv
333003033,0.0235348823255883,0.0002396915660938,97200000,results/rs/SC3_MHBD_MWPM_2_5x/results/sweep_14_exp_0_checkpoints.csv
333003033,0.0235348823255883,0.0002396915660938,122400000,results/rs/SC3_MHBD_MWPM_2_5x/results/sweep_14_exp_0_checkpoints.csv
333003033,0.0235348823255883,0.0002396915660938,154400000,results/rs/SC3_MHBD_MWPM_2_5x/results/sweep_14_exp_0_checkpoints.csv
030330033,0.0224273878630606,0.0002341166109545,194400000,results/rs/SC3_MHBD_MWPM_2_5x/results/sweep_14_exp_0_checkpoints.csv
030330033,0.0224273878630606,0.0002341166109545,244800000,results/rs/SC3_MHBD_MWPM_2_5x/results/sweep_14_exp_0_checkpoints.csv
030330030,0.0216348918255408,0.0002300362102687,308400000,results/rs/SC3_MHBD_MWPM_2_5x/results/sweep_14_exp_0_checkpoints.csv
030330030,0.0216348918255408,0.0002300362102687,388400000,results/rs/SC3_MHBD_MWPM_2_5x/results/sweep_14_exp_0_checkpoints.csv
030330030,0.0216348918255408,0.0002300362102687,489200000,results/rs/SC3_MHBD_MWPM_2_5x/results/sweep_14_exp_0_checkpoints.csv
030330030,0.0216348918255408,0.0002300362102687,616000000,results/rs/SC3_MHBD_MWPM_2_5x/results/sweep_14_exp_0_checkpoints.csv
030330030,0.0216348918255408,0.0002300362102687,775600000,results/rs/SC3_MHBD_MWPM_2_5x/results/sweep_14_exp_0_checkpoints.csv
030330030,0.0216348918255408,0.0002300362102687,976800000,results/rs/SC3_MHBD_MWPM_2_5x/results/sweep_14_exp_0_checkpoints.csv
030330030,0.0216348918255408,0.0002300362102687,1230000000,results/rs/SC3_MHBD_MWPM_2_5x/results/sweep_14_exp_0_checkpoints.csv
030330030,0.0216348918255408,0.0002300362102687,1548800000,results/rs/SC3_MHBD_MWPM_2_5x/results/sweep_14_exp_0_checkpoints.csv
030330030,0.0216348918255408,0.0002300362102687,1950000000,results/rs/SC3_MHBD_MWPM_2_5x/results/sweep_14_exp_0_checkpoints.csv
030330030,0.0216348918255408,0.0002300362102687,2455200000,results/rs/SC3_MHBD_MWPM_2_5x/results/sweep_14_exp_0_checkpoints.csv
033000330,0.0212748936255318,0.0002281562919961,3091200000,results/rs/SC3_MHBD_MWPM_2_5x/results/sweep_14_exp_0_checkpoints.csv
033000330,0.0212748936255318,0.0002281562919961,3891600000,results/rs/SC3_MHBD_MWPM_2_5x/results/sweep_14_exp_0_checkpoints.csv
033000330,0.0212748936255318,0.0002281562919961,4899600000,results/rs/SC3_MHBD_MWPM_2_5x/results/sweep_14_exp_0_checkpoints.csv
033000330,0.0212748936255318,0.0002281562919961,6168400000,results/rs/SC3_MHBD_MWPM_2_5x/results/sweep_14_exp_0_checkpoints.csv
202200233,0.0289773551132244,0.0002652237599249,400000,results/rs/SC3_MHBD_MWPM_2_5x/results/sweep_23_exp_0_checkpoints.csv
202200233,0.0289773551132244,0.0002652237599249,800000,results/rs/SC3_MHBD_MWPM_2_5x/results/sweep_23_exp_0_checkpoints.csv
020023202,0.0285998570007149,0.0002635417331475,1200000,results/rs/SC3_MHBD_MWPM_2_5x/results/sweep_23_exp_0_checkpoints.csv
033220003,0.0259673701631491,0.0002514601219445,1600000,results/rs/SC3_MHBD_MWPM_2_5x/results/sweep_23_exp_0_checkpoints.csv
033220003,0.0259673701631491,0.0002514601219445,2400000,results/rs/SC3_MHBD_MWPM_2_5x/results/sweep_23_exp_0_checkpoints.csv
303333330,0.0247598762006189,0.0002456961665302,3200000,results/rs/SC3_MHBD_MWPM_2_5x/results/sweep_23_exp_0_checkpoints.csv
303333330,0.0247598762006189,0.0002456961665302,4400000,results/rs/SC3_MHBD_MWPM_2_5x/results/sweep_23_exp_0_checkpoints.csv
303333330,0.0247598762006189,0.0002456961665302,5600000,results/rs/SC3_MHBD_MWPM_2_5x/results/sweep_23_exp_0_checkpoints.csv
303333330,0.0247598762006189,0.0002456961665302,7200000,results/rs/SC3_MHBD_MWPM_2_5x/results/sweep_23_exp_0_checkpoints.csv
303333330,0.0247598762006189,0.0002456961665302,9200000,results/rs/SC3_MHBD_MWPM_2_5x/results/sweep_23_exp_0_checkpoints.csv
003330230,0.024082379588102,0.0002423955593258,11600000,results/rs/SC3_MHBD_MWPM_2_5x/results/sweep_23_exp_0_checkpoints.csv
003330230,0.024082379588102,0.0002423955593258,14800000,results/rs/SC3_MHBD_MWPM_2_5x/results/sweep_23_exp_0_checkpoints.csv
003330230,0.024082379588102,0.0002423955593258,18800000,results/rs/SC3_MHBD_MWPM_2_5x/results/sweep_23_exp_0_checkpoints.csv
003330230,0.024082379588102,0.0002423955593258,24000000,results/rs/SC3_MHBD_MWPM_2_5x/results/sweep_23_exp_0_checkpoints.csv
300033330,0.0238923805380973,0.0002414609625702,30400000,results/rs/SC3_MHBD_MWPM_2_5x/results/sweep_23_exp_0_checkpoints.csv
300033330,0.0238923805380973,0.0002414609625702,38400000,results/rs/SC3_MHBD_MWPM_2_5x/results/sweep_23_exp_0_checkpoints.csv
020033300,0.0236798816005919,0.000240410954575,48400000,results/rs/SC3_MHBD_MWPM_2_5x/results/sweep_23_exp_0_checkpoints.csv
033300003,0.0235048824755876,0.0002395424380665,61200000,results/rs/SC3_MHBD_MWPM_2_5x/results/sweep_23_exp_0_checkpoints.csv
033330300,0.0234323828380858,0.0002391815942246,77200000,results/rs/SC3_MHBD_MWPM_2_5x/results/sweep_23_exp_0_checkpoints.csv
033330300,0.0234323828380858,0.0002391815942246,97200000,results/rs/SC3_MHBD_MWPM_2_5x/results/sweep_23_exp_0_checkpoints.csv
030030330,0.0226498867505662,0.0002352482842979,122400000,results/rs/SC3_MHBD_MWPM_2_5x/results/sweep_23_exp_0_checkpoints.csv
030030330,0.0226498867505662,0.0002352482842979,154400000,results/rs/SC3_MHBD_MWPM_2_5x/results/sweep_23_exp_0_checkpoints.csv
030030330,0.0226498867505662,0.0002352482842979,194400000,results/rs/SC3_MHBD_MWPM_2_5x/results/sweep_23_exp_0_checkpoints.csv
030030330,0.0226498867505662,0.0002352482842979,244800000,results/rs/SC3_MHBD_MWPM_2_5x/results/sweep_23_exp_0_checkpoints.csv
030030330,0.0226498867505662,0.0002352482842979,308400000,results/rs/SC3_MHBD_MWPM_2_5x/results/sweep_23_exp_0_checkpoints.csv
030030330,0.0226498867505662,0.0002352482842979,388400000,results/rs/SC3_MHBD_MWPM_2_5x/results/sweep_23_exp_0_checkpoints.csv
030030330,0.0226498867505662,0.0002352482842979,489200000,results/rs/SC3_MHBD_MWPM_2_5x/results/sweep_23_exp_0_checkpoints.csv
030030330,0.0226498867505662,0.0002352482842979,616000000,results/rs/SC3_MHBD_MWPM_2_5x/results/sweep_23_exp_0_checkpoints.csv
030030330,0.0226498867505662,0.0002352482842979,775600000,results/rs/SC3_MHBD_MWPM_2_5x/results/sweep_23_exp_0_checkpoints.csv
030030330,0.0226498867505662,0.0002352482842979,976800000,results/rs/SC3_MHBD_MWPM_2_5x/results/sweep_23_exp_0_checkpoints.csv
030030030,0.0226073869630651,0.0002350325812585,1230000000,results/rs/SC3_MHBD_MWPM_2_5x/results/sweep_23_exp_0_checkpoints.csv
030030030,0.0226073869630651,0.0002350325812585,1548800000,results/rs/SC3_MHBD_MWPM_2_5x/results/sweep_23_exp_0_checkpoints.csv
030030030,0.0226073869630651,0.0002350325812585,1950000000,results/rs/SC3_MHBD_MWPM_2_5x/results/sweep_23_exp_0_checkpoints.csv
003030330,0.0225898870505647,0.0002349436981603,2455200000,results/rs/SC3_MHBD_MWPM_2_5x/results/sweep_23_exp_0_checkpoints.csv
033033030,0.0221123894380528,0.0002325041423318,3091200000,results/rs/SC3_MHBD_MWPM_2_5x/results/sweep_23_exp_0_checkpoints.csv
033033030,0.0221123894380528,0.0002325041423318,3891600000,results/rs/SC3_MHBD_MWPM_2_5x/results/sweep_23_exp_0_checkpoints.csv
033000330,0.0217948910255448,0.0002308663824805,4899600000,results/rs/SC3_MHBD_MWPM_2_5x/results/sweep_23_exp_0_checkpoints.csv
033000330,0.0217948910255448,0.0002308663824805,6168400000,results/rs/SC3_MHBD_MWPM_2_5x/results/sweep_23_exp_0_checkpoints.csv
030333033,0.0233373833130834,0.0002387078711763,400000,results/rs/SC3_MHBD_MWPM_2_5x/results/sweep_8_exp_0_checkpoints.csv
030333033,0.0233373833130834,0.0002387078711763,800000,results/rs/SC3_MHBD_MWPM_2_5x/results/sweep_8_exp_0_checkpoints.csv
030333033,0.0233373833130834,0.0002387078711763,1200000,results/rs/SC3_MHBD_MWPM_2_5x/results/sweep_8_exp_0_checkpoints.csv
030333033,0.0233373833130834,0.0002387078711763,1600000,results/rs/SC3_MHBD_MWPM_2_5x/results/sweep_8_exp_0_checkpoints.csv
030333033,0.0233373833130834,0.0002387078711763,2400000,results/rs/SC3_MHBD_MWPM_2_5x/results/sweep_8_exp_0_checkpoints.csv
030333033,0.0233373833130834,0.0002387078711763,3200000,results/rs/SC3_MHBD_MWPM_2_5x/results/sweep_8_exp_0_checkpoints.csv
030333033,0.0233373833130834,0.0002387078711763,4400000,results/rs/SC3_MHBD_MWPM_2_5x/results/sweep_8_exp_0_checkpoints.csv
030333033,0.0233373833130834,0.0002387078711763,5600000,results/rs/SC3_MHBD_MWPM_2_5x/results/sweep_8_exp_0_checkpoints.csv
030333033,0.0233373833130834,0.0002387078711763,7200000,results/rs/SC3_MHBD_MWPM_2_5x/results/sweep_8_exp_0_checkpoints.csv
030333033,0.0233373833130834,0.0002387078711763,9200000,results/rs/SC3_MHBD_MWPM_2_5x/results/sweep_8_exp_0_checkpoints.csv
030333033,0.0233373833130834,0.0002387078711763,11600000,results/rs/SC3_MHBD_MWPM_2_5x/results/sweep_8_exp_0_checkpoints.csv
030333033,0.0233373833130834,0.0002387078711763,14800000,results/rs/SC3_MHBD_MWPM_2_5x/results/sweep_8_exp_0_checkpoints.csv
030333033,0.0233373833130834,0.0002387078711763,18800000,results/rs/SC3_MHBD_MWPM_2_5x/results/sweep_8_exp_0_checkpoints.csv
030333033,0.0233373833130834,0.0002387078711763,24000000,results/rs/SC3_MHBD_MWPM_2_5x/results/sweep_8_exp_0_checkpoints.csv
030333033,0.0233373833130834,0.0002387078711763,30400000,results/rs/SC3_MHBD_MWPM_2_5x/results/sweep_8_exp_0_checkpoints.csv
333030030,0.0233348833255833,0.000238695385633,38400000,results/rs/SC3_MHBD_MWPM_2_5x/results/sweep_8_exp_0_checkpoints.csv
333030030,0.0233348833255833,0.000238695385633,48400000,results/rs/SC3_MHBD_MWPM_2_5x/results/sweep_8_exp_0_checkpoints.csv
333030030,0.0233348833255833,0.000238695385633,61200000,results/rs/SC3_MHBD_MWPM_2_5x/results/sweep_8_exp_0_checkpoints.csv
333030030,0.0233348833255833,0.000238695385633,77200000,results/rs/SC3_MHBD_MWPM_2_5x/results/sweep_8_exp_0_checkpoints.csv
333030030,0.0233348833255833,0.000238695385633,97200000,results/rs/SC3_MHBD_MWPM_2_5x/results/sweep_8_exp_0_checkpoints.csv
333030030,0.0233348833255833,0.000238695385633,122400000,results/rs/SC3_MHBD_MWPM_2_5x/results/sweep_8_exp_0_checkpoints.csv
333000000,0.0232948835255823,0.0002384956023888,154400000,results/rs/SC3_MHBD_MWPM_2_5x/results/sweep_8_exp_0_checkpoints.csv
030030030,0.0222848885755571,0.000233388680499,194400000,results/rs/SC3_MHBD_MWPM_2_5x/results/sweep_8_exp_0_checkpoints.csv
030030030,0.0222848885755571,0.000233388680499,244800000,results/rs/SC3_MHBD_MWPM_2_5x/results/sweep_8_exp_0_checkpoints.csv
030030030,0.0222848885755571,0.000233388680499,308400000,results/rs/SC3_MHBD_MWPM_2_5x/results/sweep_8_exp_0_checkpoints.csv
030030030,0.0222848885755571,0.000233388680499,388400000,results/rs/SC3_MHBD_MWPM_2_5x/results/sweep_8_exp_0_checkpoints.csv
030030030,0.0222848885755571,0.000233388680499,489200000,results/rs/SC3_MHBD_MWPM_2_5x/results/sweep_8_exp_0_checkpoints.csv
030030030,0.0222848885755571,0.000233388680499,616000000,results/rs/SC3_MHBD_MWPM_2_5x/results/sweep_8_exp_0_checkpoints.csv
030030030,0.0222848885755571,0.000233388680499,775600000,results/rs/SC3_MHBD_MWPM_2_5x/results/sweep_8_exp_0_checkpoints.csv
030030030,0.0222848885755571,0.000233388680499,976800000,results/rs/SC3_MHBD_MWPM_2_5x/results/sweep_8_exp_0_checkpoints.csv
030330033,0.0221598892005539,0.0002327480760868,1230000000,results/rs/SC3_MHBD_MWPM_2_5x/results/sweep_8_exp_0_checkpoints.csv
030330033,0.0221598892005539,0.0002327480760868,1548800000,results/rs/SC3_MHBD_MWPM_2_5x/results/sweep_8_exp_0_checkpoints.csv
030330033,0.0221598892005539,0.0002327480760868,1950000000,results/rs/SC3_MHBD_MWPM_2_5x/results/sweep_8_exp_0_checkpoints.csv
030330033,0.0221598892005539,0.0002327480760868,2455200000,results/rs/SC3_MHBD_MWPM_2_5x/results/sweep_8_exp_0_checkpoints.csv
030330033,0.0221598892005539,0.0002327480760868,3091200000,results/rs/SC3_MHBD_MWPM_2_5x/results/sweep_8_exp_0_checkpoints.csv
030330033,0.0221598892005539,0.0002327480760868,3891600000,results/rs/SC3_MHBD_MWPM_2_5x/results/sweep_8_exp_0_checkpoints.csv
033000330,0.0216223918880405,0.0002299712214153,4899600000,results/rs/SC3_MHBD_MWPM_2_5x/results/sweep_8_exp_0_checkpoints.csv
033000330,0.0216223918880405,0.0002299712214153,6168400000,results/rs/SC3_MHBD_MWPM_2_5x/results/sweep_8_exp_0_checkpoints.csv
022320302,0.0292223538882305,0.0002663090126588,400000,results/rs/SC3_MHBD_MWPM_2_5x/results/sweep_25_exp_0_checkpoints.csv
222330033,0.0269373653131734,0.0002559860586188,800000,results/rs/SC3_MHBD_MWPM_2_5x/results/sweep_25_exp_0_checkpoints.csv
222330033,0.0269373653131734,0.0002559860586188,1200000,results/rs/SC3_MHBD_MWPM_2_5x/results/sweep_25_exp_0_checkpoints.csv
222330033,0.0269373653131734,0.0002559860586188,1600000,results/rs/SC3_MHBD_MWPM_2_5x/results/sweep_25_exp_0_checkpoints.csv
022333333,0.0264298678506607,0.0002536293468438,2400000,results/rs/SC3_MHBD_MWPM_2_5x/results/sweep_25_exp_0_checkpoints.csv
022333333,0.0264298678506607,0.0002536293468438,3200000,results/rs/SC3_MHBD_MWPM_2_5x/results/sweep_25_exp_0_checkpoints.csv
022333333,0.0264298678506607,0.0002536293468438,4400000,results/rs/SC3_MHBD_MWPM_2_5x/results/sweep_25_exp_0_checkpoints.csv
022333333,0.0264298678506607,0.0002536293468438,5600000,results/rs/SC3_MHBD_MWPM_2_5x/results/sweep_25_exp_0_checkpoints.csv
220333303,0.0258448707756461,0.000250882061664,7200000,results/rs/SC3_MHBD_MWPM_2_5x/results/sweep_25_exp_0_checkpoints.csv
330200230,0.0248548757256213,0.0002461550757288,9200000,results/rs/SC3_MHBD_MWPM_2_5x/results/sweep_25_exp_0_checkpoints.csv
330200230,0.0248548757256213,0.0002461550757288,11600000,results/rs/SC3_MHBD_MWPM_2_5x/results/sweep_25_exp_0_checkpoints.csv
330200230,0.0248548757256213,0.0002461550757288,14800000,results/rs/SC3_MHBD_MWPM_2_5x/results/sweep_25_exp_0_checkpoints.csv
330200230,0.0248548757256213,0.0002461550757288,18800000,results/rs/SC3_MHBD_MWPM_2_5x/results/sweep_25_exp_0_checkpoints.csv
032030333,0.0245023774881125,0.0002444474957883,24000000,results/rs/SC3_MHBD_MWPM_2_5x/results/sweep_25_exp_0_checkpoints.csv
032030333,0.0245023774881125,0.0002444474957883,30400000,results/rs/SC3_MHBD_MWPM_2_5x/results/sweep_25_exp_0_checkpoints.csv
033203030,0.0243723781381093,0.0002438144147163,38400000,results/rs/SC3_MHBD_MWPM_2_5x/results/sweep_25_exp_0_checkpoints.csv
033203030,0.0243723781381093,0.0002438144147163,48400000,results/rs/SC3_MHBD_MWPM_2_5x/results/sweep_25_exp_0_checkpoints.csv
030303300,0.0231548842255788,0.0002377948985667,61200000,results/rs/SC3_MHBD_MWPM_2_5x/results/sweep_25_exp_0_checkpoints.csv
030303300,0.0231548842255788,0.0002377948985667,77200000,results/rs/SC3_MHBD_MWPM_2_5x/results/sweep_25_exp_0_checkpoints.csv
030000033,0.0230198849005754,0.0002371170703554,97200000,results/rs/SC3_MHBD_MWPM_2_5x/results/sweep_25_exp_0_checkpoints.csv
030000033,0.0230198849005754,0.0002371170703554,122400000,results/rs/SC3_MHBD_MWPM_2_5x/results/sweep_25_exp_0_checkpoints.csv
030000033,0.0230198849005754,0.0002371170703554,154400000,results/rs/SC3_MHBD_MWPM_2_5x/results/sweep_25_exp_0_checkpoints.csv
030000033,0.0230198849005754,0.0002371170703554,194400000,results/rs/SC3_MHBD_MWPM_2_5x/results/sweep_25_exp_0_checkpoints.csv
030000033,0.0230198849005754,0.0002371170703554,244800000,results/rs/SC3_MHBD_MWPM_2_5x/results/sweep_25_exp_0_checkpoints.csv
030333030,0.0222448887755561,0.000233183891396,308400000,results/rs/SC3_MHBD_MWPM_2_5x/results/sweep_25_exp_0_checkpoints.csv
030333030,0.0222448887755561,0.000233183891396,388400000,results/rs/SC3_MHBD_MWPM_2_5x/results/sweep_25_exp_0_checkpoints.csv
030333030,0.0222448887755561,0.000233183891396,489200000,results/rs/SC3_MHBD_MWPM_2_5x/results/sweep_25_exp_0_checkpoints.csv
030333030,0.0222448887755561,0.000233183891396,616000000,results/rs/SC3_MHBD_MWPM_2_5x/results/sweep_25_exp_0_checkpoints.csv
030333030,0.0222448887755561,0.000233183891396,775600000,results/rs/SC3_MHBD_MWPM_2_5x/results/sweep_25_exp_0_checkpoints.csv
030333030,0.0222448887755561,0.000233183891396,976800000,results/rs/SC3_MHBD_MWPM_2_5x/results/sweep_25_exp_0_checkpoints.csv
030333030,0.0222448887755561,0.000233183891396,1230000000,results/rs/SC3_MHBD_MWPM_2_5x/results/sweep_25_exp_0_checkpoints.csv
030333030,0.0222448887755561,0.000233183891396,1548800000,results/rs/SC3_MHBD_MWPM_2_5x/results/sweep_25_exp_0_checkpoints.csv
030333030,0.0222448887755561,0.000233183891396,1950000000,results/rs/SC3_MHBD_MWPM_2_5x/results/sweep_25_exp_0_checkpoints.csv
030333030,0.0222448887755561,0.000233183891396,2455200000,results/rs/SC3_MHBD_MWPM_2_5x/results/sweep_25_exp_0_checkpoints.csv
033300330,0.021919890400548,0.0002315126766916,3091200000,results/rs/SC3_MHBD_MWPM_2_5x/results/sweep_25_exp_0_checkpoints.csv
033300330,0.021919890400548,0.0002315126766916,3891600000,results/rs/SC3_MHBD_MWPM_2_5x/results/sweep_25_exp_0_checkpoints.csv
033300330,0.021919890400548,0.0002315126766916,4899600000,results/rs/SC3_MHBD_MWPM_2_5x/results/sweep_25_exp_0_checkpoints.csv
033300330,0.021919890400548,0.0002315126766916,6168400000,results/rs/SC3_MHBD_MWPM_2_5x/results/sweep_25_exp_0_checkpoints.csv
233222323,0.0314998425007874,0.0002761674113571,400000,results/rs/SC3_MHBD_MWPM_2_5x/results/sweep_12_exp_0_checkpoints.csv
220030332,0.0269198654006729,0.0002559052081778,800000,results/rs/SC3_MHBD_MWPM_2_5x/results/sweep_12_exp_0_checkpoints.csv
220030332,0.0269198654006729,0.0002559052081778,1200000,results/rs/SC3_MHBD_MWPM_2_5x/results/sweep_12_exp_0_checkpoints.csv
220030332,0.0269198654006729,0.0002559052081778,1600000,results/rs/SC3_MHBD_MWPM_2_5x/results/sweep_12_exp_0_checkpoints.csv
230030002,0.0254798726006369,0.0002491508785169,2400000,results/rs/SC3_MHBD_MWPM_2_5x/results/sweep_12_exp_0_checkpoints.csv
333330033,0.0247348763256183,0.0002455752401147,3200000,results/rs/SC3_MHBD_MWPM_2_5x/results/sweep_12_exp_0_checkpoints.csv
333330033,0.0247348763256183,0.0002455752401147,4400000,results/rs/SC3_MHBD_MWPM_2_5x/results/sweep_12_exp_0_checkpoints.csv
333330033,0.0247348763256183,0.0002455752401147,5600000,results/rs/SC3_MHBD_MWPM_2_5x/results/sweep_12_exp_0_checkpoints.csv
033030002,0.0244348778256108,0.0002441190008539,7200000,results/rs/SC3_MHBD_MWPM_2_5x/results/sweep_12_exp_0_checkpoints.csv
033030002,0.0244348778256108,0.0002441190008539,9200000,results/rs/SC3_MHBD_MWPM_2_5x/results/sweep_12_exp_0_checkpoints.csv
030333032,0.0229598852005739,0.0002368151181144,11600000,results/rs/SC3_MHBD_MWPM_2_5x/results/sweep_12_exp_0_checkpoints.csv
030333032,0.0229598852005739,0.0002368151181144,14800000,results/rs/SC3_MHBD_MWPM_2_5x/results/sweep_12_exp_0_checkpoints.csv
030333032,0.0229598852005739,0.0002368151181144,18800000,results/rs/SC3_MHBD_MWPM_2_5x/results/sweep_12_exp_0_checkpoints.csv
030333032,0.0229598852005739,0.0002368151181144,24000000,results/rs/SC3_MHBD_MWPM_2_5x/results/sweep_12_exp_0_checkpoints.csv
030333032,0.0229598852005739,0.0002368151181144,30400000,results/rs/SC3_MHBD_MWPM_2_5x/results/sweep_12_exp_0_checkpoints.csv
030333032,0.0229598852005739,0.0002368151181144,38400000,results/rs/SC3_MHBD_MWPM_2_5x/results/sweep_12_exp_0_checkpoints.csv
030333032,0.0229598852005739,0.0002368151181144,48400000,results/rs/SC3_MHBD_MWPM_2_5x/results/sweep_12_exp_0_checkpoints.csv
030333032,0.0229598852005739,0.0002368151181144,61200000,results/rs/SC3_MHBD_MWPM_2_5x/results/sweep_12_exp_0_checkpoints.csv
030333000,0.0225773871130644,0.0002348801936022,77200000,results/rs/SC3_MHBD_MWPM_2_5x/results/sweep_12_exp_0_checkpoints.csv
030333000,0.0225773871130644,0.0002348801936022,97200000,results/rs/SC3_MHBD_MWPM_2_5x/results/sweep_12_exp_0_checkpoints.csv
030333000,0.0225773871130644,0.0002348801936022,122400000,results/rs/SC3_MHBD_MWPM_2_5x/results/sweep_12_exp_0_checkpoints.csv
030333000,0.0225773871130644,0.0002348801936022,154400000,results/rs/SC3_MHBD_MWPM_2_5x/results/sweep_12_exp_0_checkpoints.csv
030333000,0.0225773871130644,0.0002348801936022,194400000,results/rs/SC3_MHBD_MWPM_2_5x/results/sweep_12_exp_0_checkpoints.csv
030333000,0.0225773871130644,0.0002348801936022,244800000,results/rs/SC3_MHBD_MWPM_2_5x/results/sweep_12_exp_0_checkpoints.csv
030333000,0.0225773871130644,0.0002348801936022,308400000,results/rs/SC3_MHBD_MWPM_2_5x/results/sweep_12_exp_0_checkpoints.csv
030333000,0.0225773871130644,0.0002348801936022,388400000,results/rs/SC3_MHBD_MWPM_2_5x/results/sweep_12_exp_0_checkpoints.csv
030333000,0.0225773871130644,0.0002348801936022,489200000,results/rs/SC3_MHBD_MWPM_2_5x/results/sweep_12_exp_0_checkpoints.csv
030300033,0.0225023874880625,0.0002344987442484,616000000,results/rs/SC3_MHBD_MWPM_2_5x/results/sweep_12_exp_0_checkpoints.csv
030300033,0.0225023874880625,0.0002344987442484,775600000,results/rs/SC3_MHBD_MWPM_2_5x/results/sweep_12_exp_0_checkpoints.csv
030300033,0.0225023874880625,0.0002344987442484,976800000,results/rs/SC3_MHBD_MWPM_2_5x/results/sweep_12_exp_0_checkpoints.csv
033000330,0.0218148909255453,0.0002309699193574,1230000000,results/rs/SC3_MHBD_MWPM_2_5x/results/sweep_12_exp_0_checkpoints.csv
033000330,0.0218148909255453,0.0002309699193574,1548800000,results/rs/SC3_MHBD_MWPM_2_5x/results/sweep_12_exp_0_checkpoints.csv
033000330,0.0218148909255453,0.0002309699193574,1950000000,results/rs/SC3_MHBD_MWPM_2_5x/results/sweep_12_exp_0_checkpoints.csv
033000330,0.0218148909255453,0.0002309699193574,2455200000,results/rs/SC3_MHBD_MWPM_2_5x/results/sweep_12_exp_0_checkpoints.csv
033000330,0.0218148909255453,0.0002309699193574,3091200000,results/rs/SC3_MHBD_MWPM_2_5x/results/sweep_12_exp_0_checkpoints.csv
033000330,0.0218148909255453,0.0002309699193574,3891600000,results/rs/SC3_MHBD_MWPM_2_5x/results/sweep_12_exp_0_checkpoints.csv
033000330,0.0218148909255453,0.0002309699193574,4899600000,results/rs/SC3_MHBD_MWPM_2_5x/results/sweep_12_exp_0_checkpoints.csv
033000330,0.0218148909255453,0.0002309699193574,6168400000,results/rs/SC3_MHBD_MWPM_2_5x/results/sweep_12_exp_0_checkpoints.csv
322222022,0.032202338988305,0.0002791286096908,400000,results/rs/SC3_MHBD_MWPM_2_5x/results/sweep_3_exp_0_checkpoints.csv
020330223,0.0265948670256648,0.0002543982409406,800000,results/rs/SC3_MHBD_MWPM_2_5x/results/sweep_3_exp_0_checkpoints.csv
020330223,0.0265948670256648,0.0002543982409406,1200000,results/rs/SC3_MHBD_MWPM_2_5x/results/sweep_3_exp_0_checkpoints.csv
020330223,0.0265948670256648,0.0002543982409406,1600000,results/rs/SC3_MHBD_MWPM_2_5x/results/sweep_3_exp_0_checkpoints.csv
333333002,0.0261423692881535,0.0002522833528928,2400000,results/rs/SC3_MHBD_MWPM_2_5x/results/sweep_3_exp_0_checkpoints.csv
033002333,0.0239398803005984,0.0002416949864709,3200000,results/rs/SC3_MHBD_MWPM_2_5x/results/sweep_3_exp_0_checkpoints.csv
033002333,0.0239398803005984,0.0002416949864709,4400000,results/rs/SC3_MHBD_MWPM_2_5x/results/sweep_3_exp_0_checkpoints.csv
033002333,0.0239398803005984,0.0002416949864709,5600000,results/rs/SC3_MHBD_MWPM_2_5x/results/sweep_3_exp_0_checkpoints.csv
033002333,0.0239398803005984,0.0002416949864709,7200000,results/rs/SC3_MHBD_MWPM_2_5x/results/sweep_3_exp_0_checkpoints.csv
033002333,0.0239398803005984,0.0002416949864709,9200000,results/rs/SC3_MHBD_MWPM_2_5x/results/sweep_3_exp_0_checkpoints.csv
033002333,0.0239398803005984,0.0002416949864709,11600000,results/rs/SC3_MHBD_MWPM_2_5x/results/sweep_3_exp_0_checkpoints.csv
033002333,0.0239398803005984,0.0002416949864709,14800000,results/rs/SC3_MHBD_MWPM_2_5x/results/sweep_3_exp_0_checkpoints.csv
330303003,0.0239073804630976,0.0002415349008515,18800000,results/rs/SC3_MHBD_MWPM_2_5x/results/sweep_3_exp_0_checkpoints.csv
030330020,0.022882385588072,0.000236424486502,24000000,results/rs/SC3_MHBD_MWPM_2_5x/results/sweep_3_exp_0_checkpoints.csv
030330020,0.022882385588072,0.000236424486502,30400000,results/rs/SC3_MHBD_MWPM_2_5x/results/sweep_3_exp_0_checkpoints.csv
030330020,0.022882385588072,0.000236424486502,38400000,results/rs/SC3_MHBD_MWPM_2_5x/results/sweep_3_exp_0_checkpoints.csv
030330020,0.022882385588072,0.000236424486502,48400000,results/rs/SC3_MHBD_MWPM_2_5x/results/sweep_3_exp_0_checkpoints.csv
030330020,0.022882385588072,0.000236424486502,61200000,results/rs/SC3_MHBD_MWPM_2_5x/results/sweep_3_exp_0_checkpoints.csv
030330020,0.022882385588072,0.000236424486502,77200000,results/rs/SC3_MHBD_MWPM_2_5x/results/sweep_3_exp_0_checkpoints.csv
030330033,0.0224548877255613,0.0002342568041058,97200000,results/rs/SC3_MHBD_MWPM_2_5x/results/sweep_3_exp_0_checkpoints.csv
030330033,0.0224548877255613,0.0002342568041058,122400000,results/rs/SC3_MHBD_MWPM_2_5x/results/sweep_3_exp_0_checkpoints.csv
030330033,0.0224548877255613,0.0002342568041058,154400000,results/rs/SC3_MHBD_MWPM_2_5x/results/sweep_3_exp_0_checkpoints.csv
030330033,0.0224548877255613,0.0002342568041058,194400000,results/rs/SC3_MHBD_MWPM_2_5x/results/sweep_3_exp_0_checkpoints.csv
030330033,0.0224548877255613,0.0002342568041058,244800000,results/rs/SC3_MHBD_MWPM_2_5x/results/sweep_3_exp_0_checkpoints.csv
030330033,0.0224548877255613,0.0002342568041058,308400000,results/rs/SC3_MHBD_MWPM_2_5x/results/sweep_3_exp_0_checkpoints.csv
030330033,0.0224548877255613,0.0002342568041058,388400000,results/rs/SC3_MHBD_MWPM_2_5x/results/sweep_3_exp_0_checkpoints.csv
030330033,0.0224548877255613,0.0002342568041058,489200000,results/rs/SC3_MHBD_MWPM_2_5x/results/sweep_3_exp_0_checkpoints.csv
030330033,0.0224548877255613,0.0002342568041058,616000000,results/rs/SC3_MHBD_MWPM_2_5x/results/sweep_3_exp_0_checkpoints.csv
030330033,0.0224548877255613,0.0002342568041058,775600000,results/rs/SC3_MHBD_MWPM_2_5x/results/sweep_3_exp_0_checkpoints.csv
030330033,0.0224548877255613,0.0002342568041058,976800000,results/rs/SC3_MHBD_MWPM_2_5x/results/sweep_3_exp_0_checkpoints.csv
333000330,0.0221048894755526,0.0002324655943084,1230000000,results/rs/SC3_MHBD_MWPM_2_5x/results/sweep_3_exp_0_checkpoints.csv
333000330,0.0221048894755526,0.0002324655943084,1548800000,results/rs/SC3_MHBD_MWPM_2_5x/results/sweep_3_exp_0_checkpoints.csv
333000330,0.0221048894755526,0.0002324655943084,1950000000,results/rs/SC3_MHBD_MWPM_2_5x/results/sweep_3_exp_0_checkpoints.csv
333000330,0.0221048894755526,0.0002324655943084,2455200000,results/rs/SC3_MHBD_MWPM_2_5x/results/sweep_3_exp_0_checkpoints.csv
333000330,0.0221048894755526,0.0002324655943084,3091200000,results/rs/SC3_MHBD_MWPM_2_5x/results/sweep_3_exp_0_checkpoints.csv
030033030,0.0219323903380483,0.0002315771998837,3891600000,results/rs/SC3_MHBD_MWPM_2_5x/results/sweep_3_exp_0_checkpoints.csv
030033030,0.0219323903380483,0.0002315771998837,4899600000,results/rs/SC3_MHBD_MWPM_2_5x/results/sweep_3_exp_0_checkpoints.csv
030033030,0.0219323903380483,0.0002315771998837,6168400000,results/rs/SC3_MHBD_MWPM_2_5x/results/sweep_3_exp_0_checkpoints.csv
203223322,0.0309523452382738,0.0002738342154771,400000,results/rs/SC3_MHBD_MWPM_2_5x/results/sweep_5_exp_0_checkpoints.csv
003320200,0.0262398688006559,0.0002527406904846,800000,results/rs/SC3_MHBD_MWPM_2_5x/results/sweep_5_exp_0_checkpoints.csv
003320200,0.0262398688006559,0.0002527406904846,1200000,results/rs/SC3_MHBD_MWPM_2_5x/results/sweep_5_exp_0_checkpoints.csv
003320200,0.0262398688006559,0.0002527406904846,1600000,results/rs/SC3_MHBD_MWPM_2_5x/results/sweep_5_exp_0_checkpoints.csv
003320200,0.0262398688006559,0.0002527406904846,2400000,results/rs/SC3_MHBD_MWPM_2_5x/results/sweep_5_exp_0_checkpoints.csv
300302000,0.0258723706381468,0.0002510119811631,3200000,results/rs/SC3_MHBD_MWPM_2_5x/results/sweep_5_exp_0_checkpoints.csv
000332303,0.0248198759006204,0.000245986127993,4400000,results/rs/SC3_MHBD_MWPM_2_5x/results/sweep_5_exp_0_checkpoints.csv
000332303,0.0248198759006204,0.000245986127993,5600000,results/rs/SC3_MHBD_MWPM_2_5x/results/sweep_5_exp_0_checkpoints.csv
300030300,0.0238573807130964,0.0002412883768556,7200000,results/rs/SC3_MHBD_MWPM_2_5x/results/sweep_5_exp_0_checkpoints.csv
300030300,0.0238573807130964,0.0002412883768556,9200000,results/rs/SC3_MHBD_MWPM_2_5x/results/sweep_5_exp_0_checkpoints.csv
300030300,0.0238573807130964,0.0002412883768556,11600000,results/rs/SC3_MHBD_MWPM_2_5x/results/sweep_5_exp_0_checkpoints.csv
300030300,0.0238573807130964,0.0002412883768556,14800000,results/rs/SC3_MHBD_MWPM_2_5x/results/sweep_5_exp_0_checkpoints.csv
300030300,0.0238573807130964,0.0002412883768556,18800000,results/rs/SC3_MHBD_MWPM_2_5x/results/sweep_5_exp_0_checkpoints.csv
300030300,0.0238573807130964,0.0002412883768556,24000000,results/rs/SC3_MHBD_MWPM_2_5x/results/sweep_5_exp_0_checkpoints.csv
233000330,0.0234298828505857,0.0002391691523371,30400000,results/rs/SC3_MHBD_MWPM_2_5x/results/sweep_5_exp_0_checkpoints.csv
330030033,0.0222898885505572,0.0002334142482141,38400000,results/rs/SC3_MHBD_MWPM_2_5x/results/sweep_5_exp_0_checkpoints.csv
330030033,0.0222898885505572,0.0002334142482141,48400000,results/rs/SC3_MHBD_MWPM_2_5x/results/sweep_5_exp_0_checkpoints.csv
330030033,0.0222898885505572,0.0002334142482141,61200000,results/rs/SC3_MHBD_MWPM_2_5x/results/sweep_5_exp_0_checkpoints.csv
330030033,0.0222898885505572,0.0002334142482141,77200000,results/rs/SC3_MHBD_MWPM_2_5x/results/sweep_5_exp_0_checkpoints.csv
330030033,0.0222898885505572,0.0002334142482141,97200000,results/rs/SC3_MHBD_MWPM_2_5x/results/sweep_5_exp_0_checkpoints.csv
330030033,0.0222898885505572,0.0002334142482141,122400000,results/rs/SC3_MHBD_MWPM_2_5x/results/sweep_5_exp_0_checkpoints.csv
330030033,0.0222898885505572,0.0002334142482141,154400000,results/rs/SC3_MHBD_MWPM_2_5x/results/sweep_5_exp_0_checkpoints.csv
030330330,0.0220873895630521,0.0002323756343685,194400000,results/rs/SC3_MHBD_MWPM_2_5x/results/sweep_5_exp_0_checkpoints.csv
030330330,0.0220873895630521,0.0002323756343685,244800000,results/rs/SC3_MHBD_MWPM_2_5x/results/sweep_5_exp_0_checkpoints.csv
030330330,0.0220873895630521,0.0002323756343685,308400000,results/rs/SC3_MHBD_MWPM_2_5x/results/sweep_5_exp_0_checkpoints.csv
030330030,0.0219348903255483,0.0002315901074325,388400000,results/rs/SC3_MHBD_MWPM_2_5x/results/sweep_5_exp_0_checkpoints.csv
030330030,0.0219348903255483,0.0002315901074325,489200000,results/rs/SC3_MHBD_MWPM_2_5x/results/sweep_5_exp_0_checkpoints.csv
030330030,0.0219348903255483,0.0002315901074325,616000000,results/rs/SC3_MHBD_MWPM_2_5x/results/sweep_5_exp_0_checkpoints.csv
030330030,0.0219348903255483,0.0002315901074325,775600000,results/rs/SC3_MHBD_MWPM_2_5x/results/sweep_5_exp_0_checkpoints.csv
030330030,0.0219348903255483,0.0002315901074325,976800000,results/rs/SC3_MHBD_MWPM_2_5x/results/sweep_5_exp_0_checkpoints.csv
030330030,0.0219348903255483,0.0002315901074325,1230000000,results/rs/SC3_MHBD_MWPM_2_5x/results/sweep_5_exp_0_checkpoints.csv
030330030,0.0219348903255483,0.0002315901074325,1548800000,results/rs/SC3_MHBD_MWPM_2_5x/results/sweep_5_exp_0_checkpoints.csv
030330030,0.0219348903255483,0.0002315901074325,1950000000,results/rs/SC3_MHBD_MWPM_2_5x/results/sweep_5_exp_0_checkpoints.csv
030330030,0.0219348903255483,0.0002315901074325,2455200000,results/rs/SC3_MHBD_MWPM_2_5x/results/sweep_5_exp_0_checkpoints.csv
030330030,0.0219348903255483,0.0002315901074325,3091200000,results/rs/SC3_MHBD_MWPM_2_5x/results/sweep_5_exp_0_checkpoints.csv
030330030,0.0219348903255483,0.0002315901074325,3891600000,results/rs/SC3_MHBD_MWPM_2_5x/results/sweep_5_exp_0_checkpoints.csv
030330030,0.0219348903255483,0.0002315901074325,4899600000,results/rs/SC3_MHBD_MWPM_2_5x/results/sweep_5_exp_0_checkpoints.csv
030330030,0.0219348903255483,0.0002315901074325,6168400000,results/rs/SC3_MHBD_MWPM_2_5x/results/sweep_5_exp_0_checkpoints.csv
320320220,0.0287198564007179,0.0002640777092892,400000,results/rs/SC3_MHBD_MWPM_2_5x/results/sweep_19_exp_0_checkpoints.csv
032220330,0.0265773671131644,0.000254316808423,800000,results/rs/SC3_MHBD_MWPM_2_5x/results/sweep_19_exp_0_checkpoints.csv
032220330,0.0265773671131644,0.000254316808423,1200000,results/rs/SC3_MHBD_MWPM_2_5x/results/sweep_19_exp_0_checkpoints.csv
032220330,0.0265773671131644,0.000254316808423,1600000,results/rs/SC3_MHBD_MWPM_2_5x/results/sweep_19_exp_0_checkpoints.csv
032220330,0.0265773671131644,0.000254316808423,2400000,results/rs/SC3_MHBD_MWPM_2_5x/results/sweep_19_exp_0_checkpoints.csv
000233002,0.0261023694881525,0.0002520954585634,3200000,results/rs/SC3_MHBD_MWPM_2_5x/results/sweep_19_exp_0_checkpoints.csv
303033323,0.0254898725506372,0.0002491984632797,4400000,results/rs/SC3_MHBD_MWPM_2_5x/results/sweep_19_exp_0_checkpoints.csv
303033323,0.0254898725506372,0.0002491984632797,5600000,results/rs/SC3_MHBD_MWPM_2_5x/results/sweep_19_exp_0_checkpoints.csv
230333030,0.0236148819255903,0.0002400887606199,7200000,results/rs/SC3_MHBD_MWPM_2_5x/results/sweep_19_exp_0_checkpoints.csv
230333030,0.0236148819255903,0.0002400887606199,9200000,results/rs/SC3_MHBD_MWPM_2_5x/results/sweep_19_exp_0_checkpoints.csv
230333030,0.0236148819255903,0.0002400887606199,11600000,results/rs/SC3_MHBD_MWPM_2_5x/results/sweep_19_exp_0_checkpoints.csv
230333030,0.0236148819255903,0.0002400887606199,14800000,results/rs/SC3_MHBD_MWPM_2_5x/results/sweep_19_exp_0_checkpoints.csv
230333030,0.0236148819255903,0.0002400887606199,18800000,results/rs/SC3_MHBD_MWPM_2_5x/results/sweep_19_exp_0_checkpoints.csv
230333030,0.0236148819255903,0.0002400887606199,24000000,results/rs/SC3_MHBD_MWPM_2_5x/results/sweep_19_exp_0_checkpoints.csv
230333030,0.0236148819255903,0.0002400887606199,30400000,results/rs/SC3_MHBD_MWPM_2_5x/results/sweep_19_exp_0_checkpoints.csv
230333030,0.0236148819255903,0.0002400887606199,38400000,results/rs/SC3_MHBD_MWPM_2_5x/results/sweep_19_exp_0_checkpoints.csv
230333030,0.0236148819255903,0.0002400887606199,48400000,results/rs/SC3_MHBD_MWPM_2_5x/results/sweep_19_exp_0_checkpoints.csv
230333030,0.0236148819255903,0.0002400887606199,61200000,results/rs/SC3_MHBD_MWPM_2_5x/results/sweep_19_exp_0_checkpoints.csv
030332033,0.0232073839630801,0.0002380579244345,77200000,results/rs/SC3_MHBD_MWPM_2_5x/results/sweep_19_exp_0_checkpoints.csv
030332033,0.0232073839630801,0.0002380579244345,97200000,results/rs/SC3_MHBD_MWPM_2_5x/results/sweep_19_exp_0_checkpoints.csv
030332033,0.0232073839630801,0.0002380579244345,122400000,results/rs/SC3_MHBD_MWPM_2_5x/results/sweep_19_exp_0_checkpoints.csv
033000030,0.0225273873630631,0.0002346259716432,154400000,results/rs/SC3_MHBD_MWPM_2_5x/results/sweep_19_exp_0_checkpoints.csv
033000030,0.0225273873630631,0.0002346259716432,194400000,results/rs/SC3_MHBD_MWPM_2_5x/results/sweep_19_exp_0_checkpoints.csv
033000030,0.0225273873630631,0.0002346259716432,244800000,results/rs/SC3_MHBD_MWPM_2_5x/results/sweep_19_exp_0_checkpoints.csv
033000030,0.0225273873630631,0.0002346259716432,308400000,results/rs/SC3_MHBD_MWPM_2_5x/results/sweep_19_exp_0_checkpoints.csv
033000030,0.0225273873630631,0.0002346259716432,388400000,results/rs/SC3_MHBD_MWPM_2_5x/results/sweep_19_exp_0_checkpoints.csv
033000030,0.0225273873630631,0.0002346259716432,489200000,results/rs/SC3_MHBD_MWPM_2_5x/results/sweep_19_exp_0_checkpoints.csv
033000030,0.0225273873630631,0.0002346259716432,616000000,results/rs/SC3_MHBD_MWPM_2_5x/results/sweep_19_exp_0_checkpoints.csv
033000030,0.0225273873630631,0.0002346259716432,775600000,results/rs/SC3_MHBD_MWPM_2_5x/results/sweep_19_exp_0_checkpoints.csv
033000030,0.0225273873630631,0.0002346259716432,976800000,results/rs/SC3_MHBD_MWPM_2_5x/results/sweep_19_exp_0_checkpoints.csv
330030330,0.0220473897630511,0.0002321698702871,1230000000,results/rs/SC3_MHBD_MWPM_2_5x/results/sweep_19_exp_0_checkpoints.csv
330030330,0.0220473897630511,0.0002321698702871,1548800000,results/rs/SC3_MHBD_MWPM_2_5x/results/sweep_19_exp_0_checkpoints.csv
330030330,0.0220473897630511,0.0002321698702871,1950000000,results/rs/SC3_MHBD_MWPM_2_5x/results/sweep_19_exp_0_checkpoints.csv
330030330,0.0220473897630511,0.0002321698702871,2455200000,results/rs/SC3_MHBD_MWPM_2_5x/results/sweep_19_exp_0_checkpoints.csv
330030330,0.0220473897630511,0.0002321698702871,3091200000,results/rs/SC3_MHBD_MWPM_2_5x/results/sweep_19_exp_0_checkpoints.csv
330030330,0.0220473897630511,0.0002321698702871,3891600000,results/rs/SC3_MHBD_MWPM_2_5x/results/sweep_19_exp_0_checkpoints.csv
330030330,0.0220473897630511,0.0002321698702871,4899600000,results/rs/SC3_MHBD_MWPM_2_5x/results/sweep_19_exp_0_checkpoints.csv
330030330,0.0220473897630511,0.0002321698702871,6168400000,results/rs/SC3_MHBD_MWPM_2_5x/results/sweep_19_exp_0_checkpoints.csv
333320322,0.0288123559382203,0.0002644900523591,400000,results/rs/SC3_MHBD_MWPM_2_5x/results/sweep_22_exp_0_checkpoints.csv
023022300,0.0270373648131759,0.0002564475871622,800000,results/rs/SC3_MHBD_MWPM_2_5x/results/sweep_22_exp_0_checkpoints.csv
023022300,0.0270373648131759,0.0002564475871622,1200000,results/rs/SC3_MHBD_MWPM_2_5x/results/sweep_22_exp_0_checkpoints.csv
203032003,0.0264173679131604,0.0002535709645599,1600000,results/rs/SC3_MHBD_MWPM_2_5x/results/sweep_22_exp_0_checkpoints.csv
233023300,0.026242368788156,0.0002527524193283,2400000,results/rs/SC3_MHBD_MWPM_2_5x/results/sweep_22_exp_0_checkpoints.csv
233023300,0.026242368788156,0.0002527524193283,3200000,results/rs/SC3_MHBD_MWPM_2_5x/results/sweep_22_exp_0_checkpoints.csv
323003330,0.0251948740256298,0.0002477897505741,4400000,results/rs/SC3_MHBD_MWPM_2_5x/results/sweep_22_exp_0_checkpoints.csv
323003330,0.0251948740256298,0.0002477897505741,5600000,results/rs/SC3_MHBD_MWPM_2_5x/results/sweep_22_exp_0_checkpoints.csv
330302303,0.0243248783756081,0.0002435826463624,7200000,results/rs/SC3_MHBD_MWPM_2_5x/results/sweep_22_exp_0_checkpoints.csv
330302303,0.0243248783756081,0.0002435826463624,9200000,results/rs/SC3_MHBD_MWPM_2_5x/results/sweep_22_exp_0_checkpoints.csv
330302303,0.0243248783756081,0.0002435826463624,11600000,results/rs/SC3_MHBD_MWPM_2_5x/results/sweep_22_exp_0_checkpoints.csv
330300030,0.0234498827505862,0.0002392687601968,14800000,results/rs/SC3_MHBD_MWPM_2_5x/results/sweep_22_exp_0_checkpoints.csv
330300030,0.0234498827505862,0.0002392687601968,18800000,results/rs/SC3_MHBD_MWPM_2_5x/results/sweep_22_exp_0_checkpoints.csv
330300030,0.0234498827505862,0.0002392687601968,24000000,results/rs/SC3_MHBD_MWPM_2_5x/results/sweep_22_exp_0_checkpoints.csv
330300030,0.0234498827505862,0.0002392687601968,30400000,results/rs/SC3_MHBD_MWPM_2_5x/results/sweep_22_exp_0_checkpoints.csv
330300030,0.0234498827505862,0.0002392687601968,38400000,results/rs/SC3_MHBD_MWPM_2_5x/results/sweep_22_exp_0_checkpoints.csv
330333030,0.0226523867380663,0.000235260973568,48400000,results/rs/SC3_MHBD_MWPM_2_5x/results/sweep_22_exp_0_checkpoints.csv
330333030,0.0226523867380663,0.000235260973568,61200000,results/rs/SC3_MHBD_MWPM_2_5x/results/sweep_22_exp_0_checkpoints.csv
330333030,0.0226523867380663,0.000235260973568,77200000,results/rs/SC3_MHBD_MWPM_2_5x/results/sweep_22_exp_0_checkpoints.csv
330333030,0.0226523867380663,0.000235260973568,97200000,results/rs/SC3_MHBD_MWPM_2_5x/results/sweep_22_exp_0_checkpoints.csv
333000330,0.0218648906755466,0.0002312285505468,122400000,results/rs/SC3_MHBD_MWPM_2_5x/results/sweep_22_exp_0_checkpoints.csv
333000330,0.0218648906755466,0.0002312285505468,154400000,results/rs/SC3_MHBD_MWPM_2_5x/results/sweep_22_exp_0_checkpoints.csv
333000330,0.0218648906755466,0.0002312285505468,194400000,results/rs/SC3_MHBD_MWPM_2_5x/results/sweep_22_exp_0_checkpoints.csv
333000330,0.0218648906755466,0.0002312285505468,244800000,results/rs/SC3_MHBD_MWPM_2_5x/results/sweep_22_exp_0_checkpoints.csv
333000330,0.0218648906755466,0.0002312285505468,308400000,results/rs/SC3_MHBD_MWPM_2_5x/results/sweep_22_exp_0_checkpoints.csv
333000330,0.0218648906755466,0.0002312285505468,388400000,results/rs/SC3_MHBD_MWPM_2_5x/results/sweep_22_exp_0_checkpoints.csv
333000330,0.0218648906755466,0.0002312285505468,489200000,results/rs/SC3_MHBD_MWPM_2_5x/results/sweep_22_exp_0_checkpoints.csv
333000330,0.0218648906755466,0.0002312285505468,616000000,results/rs/SC3_MHBD_MWPM_2_5x/results/sweep_22_exp_0_checkpoints.csv
333000330,0.0218648906755466,0.0002312285505468,775600000,results/rs/SC3_MHBD_MWPM_2_5x/results/sweep_22_exp_0_checkpoints.csv
333000330,0.0218648906755466,0.0002312285505468,976800000,results/rs/SC3_MHBD_MWPM_2_5x/results/sweep_22_exp_0_checkpoints.csv
333000330,0.0218648906755466,0.0002312285505468,1230000000,results/rs/SC3_MHBD_MWPM_2_5x/results/sweep_22_exp_0_checkpoints.csv
333000330,0.0218648906755466,0.0002312285505468,1548800000,results/rs/SC3_MHBD_MWPM_2_5x/results/sweep_22_exp_0_checkpoints.csv
333000330,0.0218648906755466,0.0002312285505468,1950000000,results/rs/SC3_MHBD_MWPM_2_5x/results/sweep_22_exp_0_checkpoints.csv
333000330,0.0218648906755466,0.0002312285505468,2455200000,results/rs/SC3_MHBD_MWPM_2_5x/results/sweep_22_exp_0_checkpoints.csv
333000330,0.0218648906755466,0.0002312285505468,3091200000,results/rs/SC3_MHBD_MWPM_2_5x/results/sweep_22_exp_0_checkpoints.csv
333000330,0.0218648906755466,0.0002312285505468,3891600000,results/rs/SC3_MHBD_MWPM_2_5x/results/sweep_22_exp_0_checkpoints.csv
333000330,0.0218648906755466,0.0002312285505468,4899600000,results/rs/SC3_MHBD_MWPM_2_5x/results/sweep_22_exp_0_checkpoints.csv
333000330,0.0218648906755466,0.0002312285505468,6168400000,results/rs/SC3_MHBD_MWPM_2_5x/results/sweep_22_exp_0_checkpoints.csv
000322000,0.0270573647131764,0.0002565397880971,400000,results/rs/SC3_MHBD_MWPM_2_5x/results/sweep_9_exp_0_checkpoints.csv
000233320,0.0262623686881565,0.0002528461336623,800000,results/rs/SC3_MHBD_MWPM_2_5x/results/sweep_9_exp_0_checkpoints.csv
000233320,0.0262623686881565,0.0002528461336623,1200000,results/rs/SC3_MHBD_MWPM_2_5x/results/sweep_9_exp_0_checkpoints.csv
000233320,0.0262623686881565,0.0002528461336623,1600000,results/rs/SC3_MHBD_MWPM_2_5x/results/sweep_9_exp_0_checkpoints.csv
000233320,0.0262623686881565,0.0002528461336623,2400000,results/rs/SC3_MHBD_MWPM_2_5x/results/sweep_9_exp_0_checkpoints.csv
033330232,0.0261898690506547,0.0002525062882341,3200000,results/rs/SC3_MHBD_MWPM_2_5x/results/sweep_9_exp_0_checkpoints.csv
000230303,0.0250948745256273,0.0002473102358635,4400000,results/rs/SC3_MHBD_MWPM_2_5x/results/sweep_9_exp_0_checkpoints.csv
303303030,0.0240373798131009,0.0002421745593892,5600000,results/rs/SC3_MHBD_MWPM_2_5x/results/sweep_9_exp_0_checkpoints.csv
303303030,0.0240373798131009,0.0002421745593892,7200000,results/rs/SC3_MHBD_MWPM_2_5x/results/sweep_9_exp_0_checkpoints.csv
303303030,0.0240373798131009,0.0002421745593892,9200000,results/rs/SC3_MHBD_MWPM_2_5x/results/sweep_9_exp_0_checkpoints.csv
303303030,0.0240373798131009,0.0002421745593892,11600000,results/rs/SC3_MHBD_MWPM_2_5x/results/sweep_9_exp_0_checkpoints.csv
303303030,0.0240373798131009,0.0002421745593892,14800000,results/rs/SC3_MHBD_MWPM_2_5x/results/sweep_9_exp_0_checkpoints.csv
303303030,0.0240373798131009,0.0002421745593892,18800000,results/rs/SC3_MHBD_MWPM_2_5x/results/sweep_9_exp_0_checkpoints.csv
303303030,0.0240373798131009,0.0002421745593892,24000000,results/rs/SC3_MHBD_MWPM_2_5x/results/sweep_9_exp_0_checkpoints.csv
303303030,0.0240373798131009,0.0002421745593892,30400000,results/rs/SC3_MHBD_MWPM_2_5x/results/sweep_9_exp_0_checkpoints.csv
030330200,0.0233723831380843,0.0002388825232628,38400000,results/rs/SC3_MHBD_MWPM_2_5x/results/sweep_9_exp_0_checkpoints.csv
030330200,0.0233723831380843,0.0002388825232628,48400000,results/rs/SC3_MHBD_MWPM_2_5x/results/sweep_9_exp_0_checkpoints.csv
030330200,0.0233723831380843,0.0002388825232628,61200000,results/rs/SC3_MHBD_MWPM_2_5x/results/sweep_9_exp_0_checkpoints.csv
030033032,0.0233573832130839,0.0002388076827628,77200000,results/rs/SC3_MHBD_MWPM_2_5x/results/sweep_9_exp_0_checkpoints.csv
030033032,0.0233573832130839,0.0002388076827628,97200000,results/rs/SC3_MHBD_MWPM_2_5x/results/sweep_9_exp_0_checkpoints.csv
030033032,0.0233573832130839,0.0002388076827628,122400000,results/rs/SC3_MHBD_MWPM_2_5x/results/sweep_9_exp_0_checkpoints.csv
030033032,0.0233573832130839,0.0002388076827628,154400000,results/rs/SC3_MHBD_MWPM_2_5x/results/sweep_9_exp_0_checkpoints.csv
030033032,0.0233573832130839,0.0002388076827628,194400000,results/rs/SC3_MHBD_MWPM_2_5x/results/sweep_9_exp_0_checkpoints.csv
030033032,0.0233573832130839,0.0002388076827628,244800000,results/rs/SC3_MHBD_MWPM_2_5x/results/sweep_9_exp_0_checkpoints.csv
030030300,0.0230323848380758,0.0002371799200773,308400000,results/rs/SC3_MHBD_MWPM_2_5x/results/sweep_9_exp_0_checkpoints.csv
033303330,0.0229173854130729,0.0002366009866818,388400000,results/rs/SC3_MHBD_MWPM_2_5x/results/sweep_9_exp_0_checkpoints.csv
033303330,0.0229173854130729,0.0002366009866818,489200000,results/rs/SC3_MHBD_MWPM_2_5x/results/sweep_9_exp_0_checkpoints.csv
030303030,0.0224473877630611,0.0002342185762245,616000000,results/rs/SC3_MHBD_MWPM_2_5x/results/sweep_9_exp_0_checkpoints.csv
030303030,0.0224473877630611,0.0002342185762245,775600000,results/rs/SC3_MHBD_MWPM_2_5x/results/sweep_9_exp_0_checkpoints.csv
030303030,0.0224473877630611,0.0002342185762245,976800000,results/rs/SC3_MHBD_MWPM_2_5x/results/sweep_9_exp_0_checkpoints.csv
030303030,0.0224473877630611,0.0002342185762245,1230000000,results/rs/SC3_MHBD_MWPM_2_5x/results/sweep_9_exp_0_checkpoints.csv
330030033,0.0223023884880575,0.0002334782038815,1548800000,results/rs/SC3_MHBD_MWPM_2_5x/results/sweep_9_exp_0_checkpoints.csv
033000330,0.0221298893505532,0.0002325940440641,1950000000,results/rs/SC3_MHBD_MWPM_2_5x/results/sweep_9_exp_0_checkpoints.csv
033000330,0.0221298893505532,0.0002325940440641,2455200000,results/rs/SC3_MHBD_MWPM_2_5x/results/sweep_9_exp_0_checkpoints.csv
033000330,0.0221298893505532,0.0002325940440641,3091200000,results/rs/SC3_MHBD_MWPM_2_5x/results/sweep_9_exp_0_checkpoints.csv
033000330,0.0221298893505532,0.0002325940440641,3891600000,results/rs/SC3_MHBD_MWPM_2_5x/results/sweep_9_exp_0_checkpoints.csv
033300330,0.0218698906505467,0.0002312543947482,4899600000,results/rs/SC3_MHBD_MWPM_2_5x/results/sweep_9_exp_0_checkpoints.csv
033300330,0.0218698906505467,0.0002312543947482,6168400000,results/rs/SC3_MHBD_MWPM_2_5x/results/sweep_9_exp_0_checkpoints.csv
303333220,0.0266748666256668,0.0002547701005823,400000,results/rs/SC3_MHBD_MWPM_2_5x/results/sweep_15_exp_0_checkpoints.csv
303302023,0.0261173694131529,0.0002521659189369,800000,results/rs/SC3_MHBD_MWPM_2_5x/results/sweep_15_exp_0_checkpoints.csv
330330332,0.0250473747631261,0.0002470820909366,1200000,results/rs/SC3_MHBD_MWPM_2_5x/results/sweep_15_exp_0_checkpoints.csv
330330332,0.0250473747631261,0.0002470820909366,1600000,results/rs/SC3_MHBD_MWPM_2_5x/results/sweep_15_exp_0_checkpoints.csv
330330332,0.0250473747631261,0.0002470820909366,2400000,results/rs/SC3_MHBD_MWPM_2_5x/results/sweep_15_exp_0_checkpoints.csv
330330332,0.0250473747631261,0.0002470820909366,3200000,results/rs/SC3_MHBD_MWPM_2_5x/results/sweep_15_exp_0_checkpoints.csv
333033023,0.0248473757631211,0.0002461188996676,4400000,results/rs/SC3_MHBD_MWPM_2_5x/results/sweep_15_exp_0_checkpoints.csv
333033023,0.0248473757631211,0.0002461188996676,5600000,results/rs/SC3_MHBD_MWPM_2_5x/results/sweep_15_exp_0_checkpoints.csv
333033023,0.0248473757631211,0.0002461188996676,7200000,results/rs/SC3_MHBD_MWPM_2_5x/results/sweep_15_exp_0_checkpoints.csv
333033023,0.0248473757631211,0.0002461188996676,9200000,results/rs/SC3_MHBD_MWPM_2_5x/results/sweep_15_exp_0_checkpoints.csv
333033023,0.0248473757631211,0.0002461188996676,11600000,results/rs/SC3_MHBD_MWPM_2_5x/results/sweep_15_exp_0_checkpoints.csv
333033023,0.0248473757631211,0.0002461188996676,14800000,results/rs/SC3_MHBD_MWPM_2_5x/results/sweep_15_exp_0_checkpoints.csv
033300032,0.0239198804005979,0.0002415964845567,18800000,results/rs/SC3_MHBD_MWPM_2_5x/results/sweep_15_exp_0_checkpoints.csv
033300032,0.0239198804005979,0.0002415964845567,24000000,results/rs/SC3_MHBD_MWPM_2_5x/results/sweep_15_exp_0_checkpoints.csv
033300003,0.0235098824505877,0.0002395672927377,30400000,results/rs/SC3_MHBD_MWPM_2_5x/results/sweep_15_exp_0_checkpoints.csv
033300003,0.0235098824505877,0.0002395672927377,38400000,results/rs/SC3_MHBD_MWPM_2_5x/results/sweep_15_exp_0_checkpoints.csv
033300003,0.0235098824505877,0.0002395672927377,48400000,results/rs/SC3_MHBD_MWPM_2_5x/results/sweep_15_exp_0_checkpoints.csv
033300003,0.0235098824505877,0.0002395672927377,61200000,results/rs/SC3_MHBD_MWPM_2_5x/results/sweep_15_exp_0_checkpoints.csv
020330330,0.0234273828630856,0.0002391566958976,77200000,results/rs/SC3_MHBD_MWPM_2_5x/results/sweep_15_exp_0_checkpoints.csv
020330330,0.0234273828630856,0.0002391566958976,97200000,results/rs/SC3_MHBD_MWPM_2_5x/results/sweep_15_exp_0_checkpoints.csv
330030000,0.0230548847255763,0.0002372930030105,122400000,results/rs/SC3_MHBD_MWPM_2_5x/results/sweep_15_exp_0_checkpoints.csv
330030000,0.0230548847255763,0.0002372930030105,154400000,results/rs/SC3_MHBD_MWPM_2_5x/results/sweep_15_exp_0_checkpoints.csv
330030000,0.0230548847255763,0.0002372930030105,194400000,results/rs/SC3_MHBD_MWPM_2_5x/results/sweep_15_exp_0_checkpoints.csv
330030000,0.0230548847255763,0.0002372930030105,244800000,results/rs/SC3_MHBD_MWPM_2_5x/results/sweep_15_exp_0_checkpoints.csv
300033030,0.0228323858380708,0.0002361720835324,308400000,results/rs/SC3_MHBD_MWPM_2_5x/results/sweep_15_exp_0_checkpoints.csv
300033030,0.0228323858380708,0.0002361720835324,388400000,results/rs/SC3_MHBD_MWPM_2_5x/results/sweep_15_exp_0_checkpoints.csv
300033030,0.0228323858380708,0.0002361720835324,489200000,results/rs/SC3_MHBD_MWPM_2_5x/results/sweep_15_exp_0_checkpoints.csv
300033030,0.0228323858380708,0.0002361720835324,616000000,results/rs/SC3_MHBD_MWPM_2_5x/results/sweep_15_exp_0_checkpoints.csv
300033030,0.0228323858380708,0.0002361720835324,775600000,results/rs/SC3_MHBD_MWPM_2_5x/results/sweep_15_exp_0_checkpoints.csv
030333030,0.0221873890630546,0.0002328891714569,976800000,results/rs/SC3_MHBD_MWPM_2_5x/results/sweep_15_exp_0_checkpoints.csv
030333030,0.0221873890630546,0.0002328891714569,1230000000,results/rs/SC3_MHBD_MWPM_2_5x/results/sweep_15_exp_0_checkpoints.csv
030333030,0.0221873890630546,0.0002328891714569,1548800000,results/rs/SC3_MHBD_MWPM_2_5x/results/sweep_15_exp_0_checkpoints.csv
030333030,0.0221873890630546,0.0002328891714569,1950000000,results/rs/SC3_MHBD_MWPM_2_5x/results/sweep_15_exp_0_checkpoints.csv
030333030,0.0221873890630546,0.0002328891714569,2455200000,results/rs/SC3_MHBD_MWPM_2_5x/results/sweep_15_exp_0_checkpoints.csv
030330030,0.0220848895755521,0.0002323627850273,3091200000,results/rs/SC3_MHBD_MWPM_2_5x/results/sweep_15_exp_0_checkpoints.csv
333000330,0.0220173899130504,0.0002320154308108,3891600000,results/rs/SC3_MHBD_MWPM_2_5x/results/sweep_15_exp_0_checkpoints.csv
333000330,0.0220173899130504,0.0002320154308108,4899600000,results/rs/SC3_MHBD_MWPM_2_5x/results/sweep_15_exp_0_checkpoints.csv
333000330,0.0220173899130504,0.0002320154308108,6168400000,results/rs/SC3_MHBD_MWPM_2_5x/results/sweep_15_exp_0_checkpoints.csv
030022002,0.0269998650006749,0.0002562746230978,400000,results/rs/SC3_MHBD_MWPM_2_5x/results/sweep_13_exp_0_checkpoints.csv
233033000,0.0248248758756206,0.0002460102841723,800000,results/rs/SC3_MHBD_MWPM_2_5x/results/sweep_13_exp_0_checkpoints.csv
233033000,0.0248248758756206,0.0002460102841723,1200000,results/rs/SC3_MHBD_MWPM_2_5x/results/sweep_13_exp_0_checkpoints.csv
233033000,0.0248248758756206,0.0002460102841723,1600000,results/rs/SC3_MHBD_MWPM_2_5x/results/sweep_13_exp_0_checkpoints.csv
030302330,0.0238298808505957,0.0002411526656942,2400000,results/rs/SC3_MHBD_MWPM_2_5x/results/sweep_13_exp_0_checkpoints.csv
030302330,0.0238298808505957,0.0002411526656942,3200000,results/rs/SC3_MHBD_MWPM_2_5x/results/sweep_13_exp_0_checkpoints.csv
030302330,0.0238298808505957,0.0002411526656942,4400000,results/rs/SC3_MHBD_MWPM_2_5x/results/sweep_13_exp_0_checkpoints.csv
030302330,0.0238298808505957,0.0002411526656942,5600000,results/rs/SC3_MHBD_MWPM_2_5x/results/sweep_13_exp_0_checkpoints.csv
030302330,0.0238298808505957,0.0002411526656942,7200000,results/rs/SC3_MHBD_MWPM_2_5x/results/sweep_13_exp_0_checkpoints.csv
030302330,0.0238298808505957,0.0002411526656942,9200000,results/rs/SC3_MHBD_MWPM_2_5x/results/sweep_13_exp_0_checkpoints.csv
030302330,0.0238298808505957,0.0002411526656942,11600000,results/rs/SC3_MHBD_MWPM_2_5x/results/sweep_13_exp_0_checkpoints.csv
030302330,0.0238298808505957,0.0002411526656942,14800000,results/rs/SC3_MHBD_MWPM_2_5x/results/sweep_13_exp_0_checkpoints.csv
030302330,0.0238298808505957,0.0002411526656942,18800000,results/rs/SC3_MHBD_MWPM_2_5x/results/sweep_13_exp_0_checkpoints.csv
030302330,0.0238298808505957,0.0002411526656942,24000000,results/rs/SC3_MHBD_MWPM_2_5x/results/sweep_13_exp_0_checkpoints.csv
330030030,0.022282388588057,0.0002333758748136,30400000,results/rs/SC3_MHBD_MWPM_2_5x/results/sweep_13_exp_0_checkpoints.csv
330030030,0.022282388588057,0.0002333758748136,38400000,results/rs/SC3_MHBD_MWPM_2_5x/results/sweep_13_exp_0_checkpoints.csv
330030030,0.022282388588057,0.0002333758748136,48400000,results/rs/SC3_MHBD_MWPM_2_5x/results/sweep_13_exp_0_checkpoints.csv
330030030,0.022282388588057,0.0002333758748136,61200000,results/rs/SC3_MHBD_MWPM_2_5x/results/sweep_13_exp_0_checkpoints.csv
330030030,0.022282388588057,0.0002333758748136,77200000,results/rs/SC3_MHBD_MWPM_2_5x/results/sweep_13_exp_0_checkpoints.csv
330030030,0.022282388588057,0.0002333758748136,97200000,results/rs/SC3_MHBD_MWPM_2_5x/results/sweep_13_exp_0_checkpoints.csv
330030030,0.022282388588057,0.0002333758748136,122400000,results/rs/SC3_MHBD_MWPM_2_5x/results/sweep_13_exp_0_checkpoints.csv
330030030,0.022282388588057,0.0002333758748136,154400000,results/rs/SC3_MHBD_MWPM_2_5x/results/sweep_13_exp_0_checkpoints.csv
330030030,0.022282388588057,0.0002333758748136,194400000,results/rs/SC3_MHBD_MWPM_2_5x/results/sweep_13_exp_0_checkpoints.csv
330030030,0.022282388588057,0.0002333758748136,244800000,results/rs/SC3_MHBD_MWPM_2_5x/results/sweep_13_exp_0_checkpoints.csv
330030030,0.022282388588057,0.0002333758748136,308400000,results/rs/SC3_MHBD_MWPM_2_5x/results/sweep_13_exp_0_checkpoints.csv
330030030,0.022282388588057,0.0002333758748136,388400000,results/rs/SC3_MHBD_MWPM_2_5x/results/sweep_13_exp_0_checkpoints.csv
330030030,0.022282388588057,0.0002333758748136,489200000,results/rs/SC3_MHBD_MWPM_2_5x/results/sweep_13_exp_0_checkpoints.csv
330030030,0.022282388588057,0.0002333758748136,616000000,results/rs/SC3_MHBD_MWPM_2_5x/results/sweep_13_exp_0_checkpoints.csv
333000330,0.0219648901755491,0.0002317448524991,775600000,results/rs/SC3_MHBD_MWPM_2_5x/results/sweep_13_exp_0_checkpoints.csv
333000330,0.0219648901755491,0.0002317448524991,976800000,results/rs/SC3_MHBD_MWPM_2_5x/results/sweep_13_exp_0_checkpoints.csv
033300330,0.0217448912755436,0.0002306073001818,1230000000,results/rs/SC3_MHBD_MWPM_2_5x/results/sweep_13_exp_0_checkpoints.csv
033300330,0.0217448912755436,0.0002306073001818,1548800000,results/rs/SC3_MHBD_MWPM_2_5x/results/sweep_13_exp_0_checkpoints.csv
033300330,0.0217448912755436,0.0002306073001818,1950000000,results/rs/SC3_MHBD_MWPM_2_5x/results/sweep_13_exp_0_checkpoints.csv
033300330,0.0217448912755436,0.0002306073001818,2455200000,results/rs/SC3_MHBD_MWPM_2_5x/results/sweep_13_exp_0_checkpoints.csv
033300330,0.0217448912755436,0.0002306073001818,3091200000,results/rs/SC3_MHBD_MWPM_2_5x/results/sweep_13_exp_0_checkpoints.csv
033300330,0.0217448912755436,0.0002306073001818,3891600000,results/rs/SC3_MHBD_MWPM_2_5x/results/sweep_13_exp_0_checkpoints.csv
033300330,0.0217448912755436,0.0002306073001818,4899600000,results/rs/SC3_MHBD_MWPM_2_5x/results/sweep_13_exp_0_checkpoints.csv
033300330,0.0217448912755436,0.0002306073001818,6168400000,results/rs/SC3_MHBD_MWPM_2_5x/results/sweep_13_exp_0_checkpoints.csv
020000202,0.0274273628631856,0.0002582387533038,400000,results/rs/SC3_MHBD_MWPM_2_5x/results/sweep_24_exp_0_checkpoints.csv
000333233,0.0255073724631376,0.0002492817875463,800000,results/rs/SC3_MHBD_MWPM_2_5x/results/sweep_24_exp_0_checkpoints.csv
000333233,0.0255073724631376,0.0002492817875463,1200000,results/rs/SC3_MHBD_MWPM_2_5x/results/sweep_24_exp_0_checkpoints.csv
000333233,0.0255073724631376,0.0002492817875463,1600000,results/rs/SC3_MHBD_MWPM_2_5x/results/sweep_24_exp_0_checkpoints.csv
230333000,0.0241323793381033,0.0002426408318569,2400000,results/rs/SC3_MHBD_MWPM_2_5x/results/sweep_24_exp_0_checkpoints.csv
230333000,0.0241323793381033,0.0002426408318569,3200000,results/rs/SC3_MHBD_MWPM_2_5x/results/sweep_24_exp_0_checkpoints.csv
033330033,0.0235498822505887,0.0002397661010036,4400000,results/rs/SC3_MHBD_MWPM_2_5x/results/sweep_24_exp_0_checkpoints.csv
033330033,0.0235498822505887,0.0002397661010036,5600000,results/rs/SC3_MHBD_MWPM_2_5x/results/sweep_24_exp_0_checkpoints.csv
033330033,0.0235498822505887,0.0002397661010036,7200000,results/rs/SC3_MHBD_MWPM_2_5x/results/sweep_24_exp_0_checkpoints.csv
033330033,0.0235498822505887,0.0002397661010036,9200000,results/rs/SC3_MHBD_MWPM_2_5x/results/sweep_24_exp_0_checkpoints.csv
033330033,0.0235498822505887,0.0002397661010036,11600000,results/rs/SC3_MHBD_MWPM_2_5x/results/sweep_24_exp_0_checkpoints.csv
033330033,0.0235498822505887,0.0002397661010036,14800000,results/rs/SC3_MHBD_MWPM_2_5x/results/sweep_24_exp_0_checkpoints.csv
033330033,0.0235498822505887,0.0002397661010036,18800000,results/rs/SC3_MHBD_MWPM_2_5x/results/sweep_24_exp_0_checkpoints.csv
033330033,0.0235498822505887,0.0002397661010036,24000000,results/rs/SC3_MHBD_MWPM_2_5x/results/sweep_24_exp_0_checkpoints.csv
033030320,0.0235123824380878,0.0002395797200733,30400000,results/rs/SC3_MHBD_MWPM_2_5x/results/sweep_24_exp_0_checkpoints.csv
030300033,0.0228873855630721,0.0002364497049711,38400000,results/rs/SC3_MHBD_MWPM_2_5x/results/sweep_24_exp_0_checkpoints.csv
030300033,0.0228873855630721,0.0002364497049711,48400000,results/rs/SC3_MHBD_MWPM_2_5x/results/sweep_24_exp_0_checkpoints.csv
030300033,0.0228873855630721,0.0002364497049711,61200000,results/rs/SC3_MHBD_MWPM_2_5x/results/sweep_24_exp_0_checkpoints.csv
030333030,0.0222248888755556,0.000233081416809,77200000,results/rs/SC3_MHBD_MWPM_2_5x/results/sweep_24_exp_0_checkpoints.csv
030333030,0.0222248888755556,0.000233081416809,97200000,results/rs/SC3_MHBD_MWPM_2_5x/results/sweep_24_exp_0_checkpoints.csv
030333030,0.0222248888755556,0.000233081416809,122400000,results/rs/SC3_MHBD_MWPM_2_5x/results/sweep_24_exp_0_checkpoints.csv
030333030,0.0222248888755556,0.000233081416809,154400000,results/rs/SC3_MHBD_MWPM_2_5x/results/sweep_24_exp_0_checkpoints.csv
030333030,0.0222248888755556,0.000233081416809,194400000,results/rs/SC3_MHBD_MWPM_2_5x/results/sweep_24_exp_0_checkpoints.csv
030333030,0.0222248888755556,0.000233081416809,244800000,results/rs/SC3_MHBD_MWPM_2_5x/results/sweep_24_exp_0_checkpoints.csv
030333030,0.0222248888755556,0.000233081416809,308400000,results/rs/SC3_MHBD_MWPM_2_5x/results/sweep_24_exp_0_checkpoints.csv
030333030,0.0222248888755556,0.000233081416809,388400000,results/rs/SC3_MHBD_MWPM_2_5x/results/sweep_24_exp_0_checkpoints.csv
030333030,0.0222248888755556,0.000233081416809,489200000,results/rs/SC3_MHBD_MWPM_2_5x/results/sweep_24_exp_0_checkpoints.csv
030333030,0.0222248888755556,0.000233081416809,616000000,results/rs/SC3_MHBD_MWPM_2_5x/results/sweep_24_exp_0_checkpoints.csv
033000330,0.0215923920380398,0.0002298151521245,775600000,results/rs/SC3_MHBD_MWPM_2_5x/results/sweep_24_exp_0_checkpoints.csv
033000330,0.0215923920380398,0.0002298151521245,976800000,results/rs/SC3_MHBD_MWPM_2_5x/results/sweep_24_exp_0_checkpoints.csv
033000330,0.0215923920380398,0.0002298151521245,1230000000,results/rs/SC3_MHBD_MWPM_2_5x/results/sweep_24_exp_0_checkpoints.csv
033000330,0.0215923920380398,0.0002298151521245,1548800000,results/rs/SC3_MHBD_MWPM_2_5x/results/sweep_24_exp_0_checkpoints.csv
033000330,0.0215923920380398,0.0002298151521245,1950000000,results/rs/SC3_MHBD_MWPM_2_5x/results/sweep_24_exp_0_checkpoints.csv
033000330,0.0215923920380398,0.0002298151521245,2455200000,results/rs/SC3_MHBD_MWPM_2_5x/results/sweep_24_exp_0_checkpoints.csv
033000330,0.0215923920380398,0.0002298151521245,3091200000,results/rs/SC3_MHBD_MWPM_2_5x/results/sweep_24_exp_0_checkpoints.csv
033000330,0.0215923920380398,0.0002298151521245,3891600000,results/rs/SC3_MHBD_MWPM_2_5x/results/sweep_24_exp_0_checkpoints.csv
033000330,0.0215923920380398,0.0002298151521245,4899600000,results/rs/SC3_MHBD_MWPM_2_5x/results/sweep_24_exp_0_checkpoints.csv
033000330,0.0215923920380398,0.0002298151521245,6168400000,results/rs/SC3_MHBD_MWPM_2_5x/results/sweep_24_exp_0_checkpoints.csv
232202320,0.0301123494382528,0.0002702100027818,400000,results/rs/SC3_MHBD_MWPM_2_5x/results/sweep_6_exp_0_checkpoints.csv
033323000,0.0247423762881185,0.0002456115325912,800000,results/rs/SC3_MHBD_MWPM_2_5x/results/sweep_6_exp_0_checkpoints.csv
033323000,0.0247423762881185,0.0002456115325912,1200000,results/rs/SC3_MHBD_MWPM_2_5x/results/sweep_6_exp_0_checkpoints.csv
033323000,0.0247423762881185,0.0002456115325912,1600000,results/rs/SC3_MHBD_MWPM_2_5x/results/sweep_6_exp_0_checkpoints.csv
033323000,0.0247423762881185,0.0002456115325912,2400000,results/rs/SC3_MHBD_MWPM_2_5x/results/sweep_6_exp_0_checkpoints.csv
320002033,0.0246748766256168,0.0002452847547829,3200000,results/rs/SC3_MHBD_MWPM_2_5x/results/sweep_6_exp_0_checkpoints.csv
320002033,0.0246748766256168,0.0002452847547829,4400000,results/rs/SC3_MHBD_MWPM_2_5x/results/sweep_6_exp_0_checkpoints.csv
320002033,0.0246748766256168,0.0002452847547829,5600000,results/rs/SC3_MHBD_MWPM_2_5x/results/sweep_6_exp_0_checkpoints.csv
320002033,0.0246748766256168,0.0002452847547829,7200000,results/rs/SC3_MHBD_MWPM_2_5x/results/sweep_6_exp_0_checkpoints.csv
032030030,0.0231298843505782,0.000237669533817,9200000,results/rs/SC3_MHBD_MWPM_2_5x/results/sweep_6_exp_0_checkpoints.csv
033330030,0.0225798871005644,0.0002348929119762,11600000,results/rs/SC3_MHBD_MWPM_2_5x/results/sweep_6_exp_0_checkpoints.csv
033330030,0.0225798871005644,0.0002348929119762,14800000,results/rs/SC3_MHBD_MWPM_2_5x/results/sweep_6_exp_0_checkpoints.csv
033330030,0.0225798871005644,0.0002348929119762,18800000,results/rs/SC3_MHBD_MWPM_2_5x/results/sweep_6_exp_0_checkpoints.csv
033330030,0.0225798871005644,0.0002348929119762,24000000,results/rs/SC3_MHBD_MWPM_2_5x/results/sweep_6_exp_0_checkpoints.csv
033330030,0.0225798871005644,0.0002348929119762,30400000,results/rs/SC3_MHBD_MWPM_2_5x/results/sweep_6_exp_0_checkpoints.csv
033330030,0.0225798871005644,0.0002348929119762,38400000,results/rs/SC3_MHBD_MWPM_2_5x/results/sweep_6_exp_0_checkpoints.csv
033330030,0.0225798871005644,0.0002348929119762,48400000,results/rs/SC3_MHBD_MWPM_2_5x/results/sweep_6_exp_0_checkpoints.csv
033330030,0.0225798871005644,0.0002348929119762,61200000,results/rs/SC3_MHBD_MWPM_2_5x/results/sweep_6_exp_0_checkpoints.csv
033330030,0.0225798871005644,0.0002348929119762,77200000,results/rs/SC3_MHBD_MWPM_2_5x/results/sweep_6_exp_0_checkpoints.csv
033330030,0.0225798871005644,0.0002348929119762,97200000,results/rs/SC3_MHBD_MWPM_2_5x/results/sweep_6_exp_0_checkpoints.csv
033330030,0.0225798871005644,0.0002348929119762,122400000,results/rs/SC3_MHBD_MWPM_2_5x/results/sweep_6_exp_0_checkpoints.csv
033330030,0.0225798871005644,0.0002348929119762,154400000,results/rs/SC3_MHBD_MWPM_2_5x/results/sweep_6_exp_0_checkpoints.csv
033330030,0.0225798871005644,0.0002348929119762,194400000,results/rs/SC3_MHBD_MWPM_2_5x/results/sweep_6_exp_0_checkpoints.csv
333000330,0.0224673876630616,0.0002343205123906,244800000,results/rs/SC3_MHBD_MWPM_2_5x/results/sweep_6_exp_0_checkpoints.csv
333000330,0.0224673876630616,0.0002343205123906,308400000,results/rs/SC3_MHBD_MWPM_2_5x/results/sweep_6_exp_0_checkpoints.csv
333000330,0.0224673876630616,0.0002343205123906,388400000,results/rs/SC3_MHBD_MWPM_2_5x/results/sweep_6_exp_0_checkpoints.csv
333000330,0.0224673876630616,0.0002343205123906,489200000,results/rs/SC3_MHBD_MWPM_2_5x/results/sweep_6_exp_0_checkpoints.csv
333000330,0.0224673876630616,0.0002343205123906,616000000,results/rs/SC3_MHBD_MWPM_2_5x/results/sweep_6_exp_0_checkpoints.csv
033000330,0.0218673906630466,0.0002312414726475,775600000,results/rs/SC3_MHBD_MWPM_2_5x/results/sweep_6_exp_0_checkpoints.csv
033000330,0.0218673906630466,0.0002312414726475,976800000,results/rs/SC3_MHBD_MWPM_2_5x/results/sweep_6_exp_0_checkpoints.csv
033000330,0.0218673906630466,0.0002312414726475,1230000000,results/rs/SC3_MHBD_MWPM_2_5x/results/sweep_6_exp_0_checkpoints.csv
033000330,0.0218673906630466,0.0002312414726475,1548800000,results/rs/SC3_MHBD_MWPM_2_5x/results/sweep_6_exp_0_checkpoints.csv
033000330,0.0218673906630466,0.0002312414726475,1950000000,results/rs/SC3_MHBD_MWPM_2_5x/results/sweep_6_exp_0_checkpoints.csv
033000330,0.0218673906630466,0.0002312414726475,2455200000,results/rs/SC3_MHBD_MWPM_2_5x/results/sweep_6_exp_0_checkpoints.csv
033000330,0.0218673906630466,0.0002312414726475,3091200000,results/rs/SC3_MHBD_MWPM_2_5x/results/sweep_6_exp_0_checkpoints.csv
033000330,0.0218673906630466,0.0002312414726475,3891600000,results/rs/SC3_MHBD_MWPM_2_5x/results/sweep_6_exp_0_checkpoints.csv
033000330,0.0218673906630466,0.0002312414726475,4899600000,results/rs/SC3_MHBD_MWPM_2_5x/results/sweep_6_exp_0_checkpoints.csv
030330030,0.0216548917255413,0.0002301401691511,6168400000,results/rs/SC3_MHBD_MWPM_2_5x/results/sweep_6_exp_0_checkpoints.csv
223023230,0.0288198559007204,0.0002645234635565,400000,results/rs/SC3_MHBD_MWPM_2_5x/results/sweep_10_exp_0_checkpoints.csv
003332223,0.0273023634881825,0.0002576661936473,800000,results/rs/SC3_MHBD_MWPM_2_5x/results/sweep_10_exp_0_checkpoints.csv
003332223,0.0273023634881825,0.0002576661936473,1200000,results/rs/SC3_MHBD_MWPM_2_5x/results/sweep_10_exp_0_checkpoints.csv
300333002,0.0251323743381283,0.0002474901848472,1600000,results/rs/SC3_MHBD_MWPM_2_5x/results/sweep_10_exp_0_checkpoints.csv
300333002,0.0251323743381283,0.0002474901848472,2400000,results/rs/SC3_MHBD_MWPM_2_5x/results/sweep_10_exp_0_checkpoints.csv
300333002,0.0251323743381283,0.0002474901848472,3200000,results/rs/SC3_MHBD_MWPM_2_5x/results/sweep_10_exp_0_checkpoints.csv
030000303,0.0234698826505867,0.0002393683098489,4400000,results/rs/SC3_MHBD_MWPM_2_5x/results/sweep_10_exp_0_checkpoints.csv
030000303,0.0234698826505867,0.0002393683098489,5600000,results/rs/SC3_MHBD_MWPM_2_5x/results/sweep_10_exp_0_checkpoints.csv
030000303,0.0234698826505867,0.0002393683098489,7200000,results/rs/SC3_MHBD_MWPM_2_5x/results/sweep_10_exp_0_checkpoints.csv
030000303,0.0234698826505867,0.0002393683098489,9200000,results/rs/SC3_MHBD_MWPM_2_5x/results/sweep_10_exp_0_checkpoints.csv
030330200,0.0231573842130789,0.0002378074423177,11600000,results/rs/SC3_MHBD_MWPM_2_5x/results/sweep_10_exp_0_checkpoints.csv
030330200,0.0231573842130789,0.0002378074423177,14800000,results/rs/SC3_MHBD_MWPM_2_5x/results/sweep_10_exp_0_checkpoints.csv
030330200,0.0231573842130789,0.0002378074423177,18800000,results/rs/SC3_MHBD_MWPM_2_5x/results/sweep_10_exp_0_checkpoints.csv
030330200,0.0231573842130789,0.0002378074423177,24000000,results/rs/SC3_MHBD_MWPM_2_5x/results/sweep_10_exp_0_checkpoints.csv
030330200,0.0231573842130789,0.0002378074423177,30400000,results/rs/SC3_MHBD_MWPM_2_5x/results/sweep_10_exp_0_checkpoints.csv
030330200,0.0231573842130789,0.0002378074423177,38400000,results/rs/SC3_MHBD_MWPM_2_5x/results/sweep_10_exp_0_checkpoints.csv
030330200,0.0231573842130789,0.0002378074423177,48400000,results/rs/SC3_MHBD_MWPM_2_5x/results/sweep_10_exp_0_checkpoints.csv
030330200,0.0231573842130789,0.0002378074423177,61200000,results/rs/SC3_MHBD_MWPM_2_5x/results/sweep_10_exp_0_checkpoints.csv
030330200,0.0231573842130789,0.0002378074423177,77200000,results/rs/SC3_MHBD_MWPM_2_5x/results/sweep_10_exp_0_checkpoints.csv
030003030,0.0229948850255748,0.000236991312704,97200000,results/rs/SC3_MHBD_MWPM_2_5x/results/sweep_10_exp_0_checkpoints.csv
030003030,0.0229948850255748,0.000236991312704,122400000,results/rs/SC3_MHBD_MWPM_2_5x/results/sweep_10_exp_0_checkpoints.csv
030003030,0.0229948850255748,0.000236991312704,154400000,results/rs/SC3_MHBD_MWPM_2_5x/results/sweep_10_exp_0_checkpoints.csv
030003030,0.0229948850255748,0.000236991312704,194400000,results/rs/SC3_MHBD_MWPM_2_5x/results/sweep_10_exp_0_checkpoints.csv
030003030,0.0229948850255748,0.000236991312704,244800000,results/rs/SC3_MHBD_MWPM_2_5x/results/sweep_10_exp_0_checkpoints.csv
030003030,0.0229948850255748,0.000236991312704,308400000,results/rs/SC3_MHBD_MWPM_2_5x/results/sweep_10_exp_0_checkpoints.csv
030030033,0.0226123869380653,0.0002350579743506,388400000,results/rs/SC3_MHBD_MWPM_2_5x/results/sweep_10_exp_0_checkpoints.csv
030030033,0.0226123869380653,0.0002350579743506,489200000,results/rs/SC3_MHBD_MWPM_2_5x/results/sweep_10_exp_0_checkpoints.csv
030030033,0.0226123869380653,0.0002350579743506,616000000,results/rs/SC3_MHBD_MWPM_2_5x/results/sweep_10_exp_0_checkpoints.csv
030030033,0.0226123869380653,0.0002350579743506,775600000,results/rs/SC3_MHBD_MWPM_2_5x/results/sweep_10_exp_0_checkpoints.csv
030030033,0.0226123869380653,0.0002350579743506,976800000,results/rs/SC3_MHBD_MWPM_2_5x/results/sweep_10_exp_0_checkpoints.csv
030030033,0.0226123869380653,0.0002350579743506,1230000000,results/rs/SC3_MHBD_MWPM_2_5x/results/sweep_10_exp_0_checkpoints.csv
030030033,0.0226123869380653,0.0002350579743506,1548800000,results/rs/SC3_MHBD_MWPM_2_5x/results/sweep_10_exp_0_checkpoints.csv
030030033,0.0226123869380653,0.0002350579743506,1950000000,results/rs/SC3_MHBD_MWPM_2_5x/results/sweep_10_exp_0_checkpoints.csv
030030033,0.0226123869380653,0.0002350579743506,2455200000,results/rs/SC3_MHBD_MWPM_2_5x/results/sweep_10_exp_0_checkpoints.csv
333000330,0.0220523897380513,0.0002321956126252,3091200000,results/rs/SC3_MHBD_MWPM_2_5x/results/sweep_10_exp_0_checkpoints.csv
030333030,0.021562392188039,0.0002296589664183,3891600000,results/rs/SC3_MHBD_MWPM_2_5x/results/sweep_10_exp_0_checkpoints.csv
030333030,0.021562392188039,0.0002296589664183,4899600000,results/rs/SC3_MHBD_MWPM_2_5x/results/sweep_10_exp_0_checkpoints.csv
030333030,0.021562392188039,0.0002296589664183,6168400000,results/rs/SC3_MHBD_MWPM_2_5x/results/sweep_10_exp_0_checkpoints.csv
223032302,0.0282323588382058,0.0002618925645947,400000,results/rs/SC3_MHBD_MWPM_2_5x/results/sweep_16_exp_0_checkpoints.csv
020320022,0.027522362388188,0.0002586729533504,800000,results/rs/SC3_MHBD_MWPM_2_5x/results/sweep_16_exp_0_checkpoints.csv
032030303,0.0245898770506147,0.0002448725863359,1200000,results/rs/SC3_MHBD_MWPM_2_5x/results/sweep_16_exp_0_checkpoints.csv
032030303,0.0245898770506147,0.0002448725863359,1600000,results/rs/SC3_MHBD_MWPM_2_5x/results/sweep_16_exp_0_checkpoints.csv
032030303,0.0245898770506147,0.0002448725863359,2400000,results/rs/SC3_MHBD_MWPM_2_5x/results/sweep_16_exp_0_checkpoints.csv
032030303,0.0245898770506147,0.0002448725863359,3200000,results/rs/SC3_MHBD_MWPM_2_5x/results/sweep_16_exp_0_checkpoints.csv
032030303,0.0245898770506147,0.0002448725863359,4400000,results/rs/SC3_MHBD_MWPM_2_5x/results/sweep_16_exp_0_checkpoints.csv
303033020,0.0240023799881,0.0002420025266474,5600000,results/rs/SC3_MHBD_MWPM_2_5x/results/sweep_16_exp_0_checkpoints.csv
303033020,0.0240023799881,0.0002420025266474,7200000,results/rs/SC3_MHBD_MWPM_2_5x/results/sweep_16_exp_0_checkpoints.csv
303033020,0.0240023799881,0.0002420025266474,9200000,results/rs/SC3_MHBD_MWPM_2_5x/results/sweep_16_exp_0_checkpoints.csv
303033020,0.0240023799881,0.0002420025266474,11600000,results/rs/SC3_MHBD_MWPM_2_5x/results/sweep_16_exp_0_checkpoints.csv
303033020,0.0240023799881,0.0002420025266474,14800000,results/rs/SC3_MHBD_MWPM_2_5x/results/sweep_16_exp_0_checkpoints.csv
303033020,0.0240023799881,0.0002420025266474,18800000,results/rs/SC3_MHBD_MWPM_2_5x/results/sweep_16_exp_0_checkpoints.csv
303033020,0.0240023799881,0.0002420025266474,24000000,results/rs/SC3_MHBD_MWPM_2_5x/results/sweep_16_exp_0_checkpoints.csv
033030000,0.0230223848880755,0.0002371296432102,30400000,results/rs/SC3_MHBD_MWPM_2_5x/results/sweep_16_exp_0_checkpoints.csv
033030000,0.0230223848880755,0.0002371296432102,38400000,results/rs/SC3_MHBD_MWPM_2_5x/results/sweep_16_exp_0_checkpoints.csv
033030000,0.0230223848880755,0.0002371296432102,48400000,results/rs/SC3_MHBD_MWPM_2_5x/results/sweep_16_exp_0_checkpoints.csv
033030000,0.0230223848880755,0.0002371296432102,61200000,results/rs/SC3_MHBD_MWPM_2_5x/results/sweep_16_exp_0_checkpoints.csv
033030000,0.0230223848880755,0.0002371296432102,77200000,results/rs/SC3_MHBD_MWPM_2_5x/results/sweep_16_exp_0_checkpoints.csv
033030000,0.0230223848880755,0.0002371296432102,97200000,results/rs/SC3_MHBD_MWPM_2_5x/results/sweep_16_exp_0_checkpoints.csv
033000033,0.0229373853130734,0.0002367017877986,122400000,results/rs/SC3_MHBD_MWPM_2_5x/results/sweep_16_exp_0_checkpoints.csv
330000330,0.0224323878380608,0.0002341421059099,154400000,results/rs/SC3_MHBD_MWPM_2_5x/results/sweep_16_exp_0_checkpoints.csv
033300330,0.0219123904380478,0.0002314739540452,194400000,results/rs/SC3_MHBD_MWPM_2_5x/results/sweep_16_exp_0_checkpoints.csv
033300330,0.0219123904380478,0.0002314739540452,244800000,results/rs/SC3_MHBD_MWPM_2_5x/results/sweep_16_exp_0_checkpoints.csv
033300330,0.0219123904380478,0.0002314739540452,308400000,results/rs/SC3_MHBD_MWPM_2_5x/results/sweep_16_exp_0_checkpoints.csv
033300330,0.0219123904380478,0.0002314739540452,388400000,results/rs/SC3_MHBD_MWPM_2_5x/results/sweep_16_exp_0_checkpoints.csv
033300330,0.0219123904380478,0.0002314739540452,489200000,results/rs/SC3_MHBD_MWPM_2_5x/results/sweep_16_exp_0_checkpoints.csv
033300330,0.0219123904380478,0.0002314739540452,616000000,results/rs/SC3_MHBD_MWPM_2_5x/results/sweep_16_exp_0_checkpoints.csv
033300330,0.0219123904380478,0.0002314739540452,775600000,results/rs/SC3_MHBD_MWPM_2_5x/results/sweep_16_exp_0_checkpoints.csv
033300330,0.0219123904380478,0.0002314739540452,976800000,results/rs/SC3_MHBD_MWPM_2_5x/results/sweep_16_exp_0_checkpoints.csv
033300330,0.0219123904380478,0.0002314739540452,1230000000,results/rs/SC3_MHBD_MWPM_2_5x/results/sweep_16_exp_0_checkpoints.csv
033300330,0.0219123904380478,0.0002314739540452,1548800000,results/rs/SC3_MHBD_MWPM_2_5x/results/sweep_16_exp_0_checkpoints.csv
033300330,0.0219123904380478,0.0002314739540452,1950000000,results/rs/SC3_MHBD_MWPM_2_5x/results/sweep_16_exp_0_checkpoints.csv
033300330,0.0219123904380478,0.0002314739540452,2455200000,results/rs/SC3_MHBD_MWPM_2_5x/results/sweep_16_exp_0_checkpoints.csv
033300330,0.0219123904380478,0.0002314739540452,3091200000,results/rs/SC3_MHBD_MWPM_2_5x/results/sweep_16_exp_0_checkpoints.csv
033000330,0.021682391588042,0.000230283010751,3891600000,results/rs/SC3_MHBD_MWPM_2_5x/results/sweep_16_exp_0_checkpoints.csv
033000330,0.021682391588042,0.000230283010751,4899600000,results/rs/SC3_MHBD_MWPM_2_5x/results/sweep_16_exp_0_checkpoints.csv
033000330,0.021682391588042,0.000230283010751,6168400000,results/rs/SC3_MHBD_MWPM_2_5x/results/sweep_16_exp_0_checkpoints.csv
020300020,0.0251073744631276,0.0002473702188581,400000,results/rs/SC3_MHBD_MWPM_2_5x/results/sweep_21_exp_0_checkpoints.csv
020300020,0.0251073744631276,0.0002473702188581,800000,results/rs/SC3_MHBD_MWPM_2_5x/results/sweep_21_exp_0_checkpoints.csv
020300020,0.0251073744631276,0.0002473702188581,1200000,results/rs/SC3_MHBD_MWPM_2_5x/results/sweep_21_exp_0_checkpoints.csv
020300020,0.0251073744631276,0.0002473702188581,1600000,results/rs/SC3_MHBD_MWPM_2_5x/results/sweep_21_exp_0_checkpoints.csv
020300020,0.0251073744631276,0.0002473702188581,2400000,results/rs/SC3_MHBD_MWPM_2_5x/results/sweep_21_exp_0_checkpoints.csv
032030303,0.024322378388108,0.0002435704373056,3200000,results/rs/SC3_MHBD_MWPM_2_5x/results/sweep_21_exp_0_checkpoints.csv
032030303,0.024322378388108,0.0002435704373056,4400000,results/rs/SC3_MHBD_MWPM_2_5x/results/sweep_21_exp_0_checkpoints.csv
032030303,0.024322378388108,0.0002435704373056,5600000,results/rs/SC3_MHBD_MWPM_2_5x/results/sweep_21_exp_0_checkpoints.csv
032030303,0.024322378388108,0.0002435704373056,7200000,results/rs/SC3_MHBD_MWPM_2_5x/results/sweep_21_exp_0_checkpoints.csv
330003330,0.0237023814880925,0.000240522364038,9200000,results/rs/SC3_MHBD_MWPM_2_5x/results/sweep_21_exp_0_checkpoints.csv
330003330,0.0237023814880925,0.000240522364038,11600000,results/rs/SC3_MHBD_MWPM_2_5x/results/sweep_21_exp_0_checkpoints.csv
330003330,0.0237023814880925,0.000240522364038,14800000,results/rs/SC3_MHBD_MWPM_2_5x/results/sweep_21_exp_0_checkpoints.csv
330003330,0.0237023814880925,0.000240522364038,18800000,results/rs/SC3_MHBD_MWPM_2_5x/results/sweep_21_exp_0_checkpoints.csv
330003330,0.0237023814880925,0.000240522364038,24000000,results/rs/SC3_MHBD_MWPM_2_5x/results/sweep_21_exp_0_checkpoints.csv
330003330,0.0237023814880925,0.000240522364038,30400000,results/rs/SC3_MHBD_MWPM_2_5x/results/sweep_21_exp_0_checkpoints.csv
330003330,0.0237023814880925,0.000240522364038,38400000,results/rs/SC3_MHBD_MWPM_2_5x/results/sweep_21_exp_0_checkpoints.csv
030330032,0.0231498842505787,0.0002377698256168,48400000,results/rs/SC3_MHBD_MWPM_2_5x/results/sweep_21_exp_0_checkpoints.csv
030330032,0.0231498842505787,0.0002377698256168,61200000,results/rs/SC3_MHBD_MWPM_2_5x/results/sweep_21_exp_0_checkpoints.csv
030330032,0.0231498842505787,0.0002377698256168,77200000,results/rs/SC3_MHBD_MWPM_2_5x/results/sweep_21_exp_0_checkpoints.csv
030330032,0.0231498842505787,0.0002377698256168,97200000,results/rs/SC3_MHBD_MWPM_2_5x/results/sweep_21_exp_0_checkpoints.csv
030330032,0.0231498842505787,0.0002377698256168,122400000,results/rs/SC3_MHBD_MWPM_2_5x/results/sweep_21_exp_0_checkpoints.csv
330033000,0.0230723846380768,0.0002373809256823,154400000,results/rs/SC3_MHBD_MWPM_2_5x/results/sweep_21_exp_0_checkpoints.csv
330030330,0.0225048874755626,0.0002345114771742,194400000,results/rs/SC3_MHBD_MWPM_2_5x/results/sweep_21_exp_0_checkpoints.csv
330030330,0.0225048874755626,0.0002345114771742,244800000,results/rs/SC3_MHBD_MWPM_2_5x/results/sweep_21_exp_0_checkpoints.csv
330030330,0.0225048874755626,0.0002345114771742,308400000,results/rs/SC3_MHBD_MWPM_2_5x/results/sweep_21_exp_0_checkpoints.csv
330030330,0.0225048874755626,0.0002345114771742,388400000,results/rs/SC3_MHBD_MWPM_2_5x/results/sweep_21_exp_0_checkpoints.csv
033033030,0.0221298893505532,0.0002325940440641,489200000,results/rs/SC3_MHBD_MWPM_2_5x/results/sweep_21_exp_0_checkpoints.csv
033033030,0.0221298893505532,0.0002325940440641,616000000,results/rs/SC3_MHBD_MWPM_2_5x/results/sweep_21_exp_0_checkpoints.csv
033033030,0.0221298893505532,0.0002325940440641,775600000,results/rs/SC3_MHBD_MWPM_2_5x/results/sweep_21_exp_0_checkpoints.csv
033033030,0.0221298893505532,0.0002325940440641,976800000,results/rs/SC3_MHBD_MWPM_2_5x/results/sweep_21_exp_0_checkpoints.csv
033033030,0.0221298893505532,0.0002325940440641,1230000000,results/rs/SC3_MHBD_MWPM_2_5x/results/sweep_21_exp_0_checkpoints.csv
033033030,0.0221298893505532,0.0002325940440641,1548800000,results/rs/SC3_MHBD_MWPM_2_5x/results/sweep_21_exp_0_checkpoints.csv
033033030,0.0221298893505532,0.0002325940440641,1950000000,results/rs/SC3_MHBD_MWPM_2_5x/results/sweep_21_exp_0_checkpoints.csv
033000330,0.0218273908630456,0.0002310346026206,2455200000,results/rs/SC3_MHBD_MWPM_2_5x/results/sweep_21_exp_0_checkpoints.csv
030030030,0.0216673916630416,0.0002302050997968,3091200000,results/rs/SC3_MHBD_MWPM_2_5x/results/sweep_21_exp_0_checkpoints.csv
030030030,0.0216673916630416,0.0002302050997968,3891600000,results/rs/SC3_MHBD_MWPM_2_5x/results/sweep_21_exp_0_checkpoints.csv
030030030,0.0216673916630416,0.0002302050997968,4899600000,results/rs/SC3_MHBD_MWPM_2_5x/results/sweep_21_exp_0_checkpoints.csv
030030030,0.0216673916630416,0.0002302050997968,6168400000,results/rs/SC3_MHBD_MWPM_2_5x/results/sweep_21_exp_0_checkpoints.csv
222303030,0.0267998660006699,0.0002553499361965,400000,results/rs/SC3_MHBD_MWPM_2_5x/results/sweep_7_exp_0_checkpoints.csv
020302000,0.0254398728006359,0.0002489603357389,800000,results/rs/SC3_MHBD_MWPM_2_5x/results/sweep_7_exp_0_checkpoints.csv
020302000,0.0254398728006359,0.0002489603357389,1200000,results/rs/SC3_MHBD_MWPM_2_5x/results/sweep_7_exp_0_checkpoints.csv
330333032,0.024562377188114,0.0002447390870656,1600000,results/rs/SC3_MHBD_MWPM_2_5x/results/sweep_7_exp_0_checkpoints.csv
330333032,0.024562377188114,0.0002447390870656,2400000,results/rs/SC3_MHBD_MWPM_2_5x/results/sweep_7_exp_0_checkpoints.csv
300303000,0.0243198784006079,0.0002435582282487,3200000,results/rs/SC3_MHBD_MWPM_2_5x/results/sweep_7_exp_0_checkpoints.csv
300303000,0.0243198784006079,0.0002435582282487,4400000,results/rs/SC3_MHBD_MWPM_2_5x/results/sweep_7_exp_0_checkpoints.csv
300303000,0.0243198784006079,0.0002435582282487,5600000,results/rs/SC3_MHBD_MWPM_2_5x/results/sweep_7_exp_0_checkpoints.csv
300303000,0.0243198784006079,0.0002435582282487,7200000,results/rs/SC3_MHBD_MWPM_2_5x/results/sweep_7_exp_0_checkpoints.csv
300303000,0.0243198784006079,0.0002435582282487,9200000,results/rs/SC3_MHBD_MWPM_2_5x/results/sweep_7_exp_0_checkpoints.csv
300303000,0.0243198784006079,0.0002435582282487,11600000,results/rs/SC3_MHBD_MWPM_2_5x/results/sweep_7_exp_0_checkpoints.csv
033302330,0.0240973795131024,0.000242469162913,14800000,results/rs/SC3_MHBD_MWPM_2_5x/results/sweep_7_exp_0_checkpoints.csv
033302330,0.0240973795131024,0.000242469162913,18800000,results/rs/SC3_MHBD_MWPM_2_5x/results/sweep_7_exp_0_checkpoints.csv
030033000,0.0230873845630771,0.0002374562463955,24000000,results/rs/SC3_MHBD_MWPM_2_5x/results/sweep_7_exp_0_checkpoints.csv
030033000,0.0230873845630771,0.0002374562463955,30400000,results/rs/SC3_MHBD_MWPM_2_5x/results/sweep_7_exp_0_checkpoints.csv
030033000,0.0230873845630771,0.0002374562463955,38400000,results/rs/SC3_MHBD_MWPM_2_5x/results/sweep_7_exp_0_checkpoints.csv
030033000,0.0230873845630771,0.0002374562463955,48400000,results/rs/SC3_MHBD_MWPM_2_5x/results/sweep_7_exp_0_checkpoints.csv
030033000,0.0230873845630771,0.0002374562463955,61200000,results/rs/SC3_MHBD_MWPM_2_5x/results/sweep_7_exp_0_checkpoints.csv
030033000,0.0230873845630771,0.0002374562463955,77200000,results/rs/SC3_MHBD_MWPM_2_5x/results/sweep_7_exp_0_checkpoints.csv
030033000,0.0230873845630771,0.0002374562463955,97200000,results/rs/SC3_MHBD_MWPM_2_5x/results/sweep_7_exp_0_checkpoints.csv
030033000,0.0230873845630771,0.0002374562463955,122400000,results/rs/SC3_MHBD_MWPM_2_5x/results/sweep_7_exp_0_checkpoints.csv
030033000,0.0230873845630771,0.0002374562463955,154400000,results/rs/SC3_MHBD_MWPM_2_5x/results/sweep_7_exp_0_checkpoints.csv
030033000,0.0230873845630771,0.0002374562463955,194400000,results/rs/SC3_MHBD_MWPM_2_5x/results/sweep_7_exp_0_checkpoints.csv
030033000,0.0230873845630771,0.0002374562463955,244800000,results/rs/SC3_MHBD_MWPM_2_5x/results/sweep_7_exp_0_checkpoints.csv
030033000,0.0230873845630771,0.0002374562463955,308400000,results/rs/SC3_MHBD_MWPM_2_5x/results/sweep_7_exp_0_checkpoints.csv
003030330,0.0224373878130609,0.0002341676008654,388400000,results/rs/SC3_MHBD_MWPM_2_5x/results/sweep_7_exp_0_checkpoints.csv
003030330,0.0224373878130609,0.0002341676008654,489200000,results/rs/SC3_MHBD_MWPM_2_5x/results/sweep_7_exp_0_checkpoints.csv
003030330,0.0224373878130609,0.0002341676008654,616000000,results/rs/SC3_MHBD_MWPM_2_5x/results/sweep_7_exp_0_checkpoints.csv
003030330,0.0224373878130609,0.0002341676008654,775600000,results/rs/SC3_MHBD_MWPM_2_5x/results/sweep_7_exp_0_checkpoints.csv
003030330,0.0224373878130609,0.0002341676008654,976800000,results/rs/SC3_MHBD_MWPM_2_5x/results/sweep_7_exp_0_checkpoints.csv
003030330,0.0224373878130609,0.0002341676008654,1230000000,results/rs/SC3_MHBD_MWPM_2_5x/results/sweep_7_exp_0_checkpoints.csv
033000330,0.0217848910755446,0.0002308145922143,1548800000,results/rs/SC3_MHBD_MWPM_2_5x/results/sweep_7_exp_0_checkpoints.csv
033300330,0.0215348923255383,0.0002295157028129,1950000000,results/rs/SC3_MHBD_MWPM_2_5x/results/sweep_7_exp_0_checkpoints.csv
033300330,0.0215348923255383,0.0002295157028129,2455200000,results/rs/SC3_MHBD_MWPM_2_5x/results/sweep_7_exp_0_checkpoints.csv
033300330,0.0215348923255383,0.0002295157028129,3091200000,results/rs/SC3_MHBD_MWPM_2_5x/results/sweep_7_exp_0_checkpoints.csv
033300330,0.0215348923255383,0.0002295157028129,3891600000,results/rs/SC3_MHBD_MWPM_2_5x/results/sweep_7_exp_0_checkpoints.csv
033300330,0.0215348923255383,0.0002295157028129,4899600000,results/rs/SC3_MHBD_MWPM_2_5x/results/sweep_7_exp_0_checkpoints.csv
033300330,0.0215348923255383,0.0002295157028129,6168400000,results/rs/SC3_MHBD_MWPM_2_5x/results/sweep_7_exp_0_checkpoints.csv
302023302,0.0278198609006954,0.0002600274747237,400000,results/rs/SC3_MHBD_MWPM_2_5x/results/sweep_1_exp_0_checkpoints.csv
202303300,0.0258098709506452,0.0002507166354916,800000,results/rs/SC3_MHBD_MWPM_2_5x/results/sweep_1_exp_0_checkpoints.csv
202303300,0.0258098709506452,0.0002507166354916,1200000,results/rs/SC3_MHBD_MWPM_2_5x/results/sweep_1_exp_0_checkpoints.csv
202303300,0.0258098709506452,0.0002507166354916,1600000,results/rs/SC3_MHBD_MWPM_2_5x/results/sweep_1_exp_0_checkpoints.csv
202303300,0.0258098709506452,0.0002507166354916,2400000,results/rs/SC3_MHBD_MWPM_2_5x/results/sweep_1_exp_0_checkpoints.csv
202303300,0.0258098709506452,0.0002507166354916,3200000,results/rs/SC3_MHBD_MWPM_2_5x/results/sweep_1_exp_0_checkpoints.csv
202303300,0.0258098709506452,0.0002507166354916,4400000,results/rs/SC3_MHBD_MWPM_2_5x/results/sweep_1_exp_0_checkpoints.csv
302330030,0.0247273763631181,0.0002455389476381,5600000,results/rs/SC3_MHBD_MWPM_2_5x/results/sweep_1_exp_0_checkpoints.csv
302330030,0.0247273763631181,0.0002455389476381,7200000,results/rs/SC3_MHBD_MWPM_2_5x/results/sweep_1_exp_0_checkpoints.csv
302330030,0.0247273763631181,0.0002455389476381,9200000,results/rs/SC3_MHBD_MWPM_2_5x/results/sweep_1_exp_0_checkpoints.csv
303030330,0.0233198834005829,0.0002386204869253,11600000,results/rs/SC3_MHBD_MWPM_2_5x/results/sweep_1_exp_0_checkpoints.csv
030303303,0.0227748861255693,0.0002358814526814,14800000,results/rs/SC3_MHBD_MWPM_2_5x/results/sweep_1_exp_0_checkpoints.csv
030303303,0.0227748861255693,0.0002358814526814,18800000,results/rs/SC3_MHBD_MWPM_2_5x/results/sweep_1_exp_0_checkpoints.csv
030303303,0.0227748861255693,0.0002358814526814,24000000,results/rs/SC3_MHBD_MWPM_2_5x/results/sweep_1_exp_0_checkpoints.csv
030303303,0.0227748861255693,0.0002358814526814,30400000,results/rs/SC3_MHBD_MWPM_2_5x/results/sweep_1_exp_0_checkpoints.csv
030303303,0.0227748861255693,0.0002358814526814,38400000,results/rs/SC3_MHBD_MWPM_2_5x/results/sweep_1_exp_0_checkpoints.csv
030303303,0.0227748861255693,0.0002358814526814,48400000,results/rs/SC3_MHBD_MWPM_2_5x/results/sweep_1_exp_0_checkpoints.csv
030303303,0.0227748861255693,0.0002358814526814,61200000,results/rs/SC3_MHBD_MWPM_2_5x/results/sweep_1_exp_0_checkpoints.csv
030303303,0.0227748861255693,0.0002358814526814,77200000,results/rs/SC3_MHBD_MWPM_2_5x/results/sweep_1_exp_0_checkpoints.csv
030303303,0.0227748861255693,0.0002358814526814,97200000,results/rs/SC3_MHBD_MWPM_2_5x/results/sweep_1_exp_0_checkpoints.csv
030303303,0.0227748861255693,0.0002358814526814,122400000,results/rs/SC3_MHBD_MWPM_2_5x/results/sweep_1_exp_0_checkpoints.csv
030303303,0.0227748861255693,0.0002358814526814,154400000,results/rs/SC3_MHBD_MWPM_2_5x/results/sweep_1_exp_0_checkpoints.csv
030303303,0.0227748861255693,0.0002358814526814,194400000,results/rs/SC3_MHBD_MWPM_2_5x/results/sweep_1_exp_0_checkpoints.csv
330330030,0.0226998865005674,0.0002355017786612,244800000,results/rs/SC3_MHBD_MWPM_2_5x/results/sweep_1_exp_0_checkpoints.csv
330330030,0.0226998865005674,0.0002355017786612,308400000,results/rs/SC3_MHBD_MWPM_2_5x/results/sweep_1_exp_0_checkpoints.csv
330330030,0.0226998865005674,0.0002355017786612,388400000,results/rs/SC3_MHBD_MWPM_2_5x/results/sweep_1_exp_0_checkpoints.csv
330330030,0.0226998865005674,0.0002355017786612,489200000,results/rs/SC3_MHBD_MWPM_2_5x/results/sweep_1_exp_0_checkpoints.csv
330330030,0.0226998865005674,0.0002355017786612,616000000,results/rs/SC3_MHBD_MWPM_2_5x/results/sweep_1_exp_0_checkpoints.csv
330330030,0.0226998865005674,0.0002355017786612,775600000,results/rs/SC3_MHBD_MWPM_2_5x/results/sweep_1_exp_0_checkpoints.csv
033300330,0.0220648896755516,0.0002322599175386,976800000,results/rs/SC3_MHBD_MWPM_2_5x/results/sweep_1_exp_0_checkpoints.csv
033300330,0.0220648896755516,0.0002322599175386,1230000000,results/rs/SC3_MHBD_MWPM_2_5x/results/sweep_1_exp_0_checkpoints.csv
033300330,0.0220648896755516,0.0002322599175386,1548800000,results/rs/SC3_MHBD_MWPM_2_5x/results/sweep_1_exp_0_checkpoints.csv
033300330,0.0220648896755516,0.0002322599175386,1950000000,results/rs/SC3_MHBD_MWPM_2_5x/results/sweep_1_exp_0_checkpoints.csv
033300330,0.0220648896755516,0.0002322599175386,2455200000,results/rs/SC3_MHBD_MWPM_2_5x/results/sweep_1_exp_0_checkpoints.csv
033300330,0.0220648896755516,0.0002322599175386,3091200000,results/rs/SC3_MHBD_MWPM_2_5x/results/sweep_1_exp_0_checkpoints.csv
030330030,0.0220223898880505,0.0002320411731489,3891600000,results/rs/SC3_MHBD_MWPM_2_5x/results/sweep_1_exp_0_checkpoints.csv
333000330,0.0218573907130464,0.0002311897696927,4899600000,results/rs/SC3_MHBD_MWPM_2_5x/results/sweep_1_exp_0_checkpoints.csv
333000330,0.0218573907130464,0.0002311897696927,6168400000,results/rs/SC3_MHBD_MWPM_2_5x/results/sweep_1_exp_0_checkpoints.csv
022333023,0.0262473687631561,0.0002527758479118,400000,results/rs/SC3_MHBD_MWPM_2_5x/results/sweep_11_exp_0_checkpoints.csv
022333023,0.0262473687631561,0.0002527758479118,800000,results/rs/SC3_MHBD_MWPM_2_5x/results/sweep_11_exp_0_checkpoints.csv
022333023,0.0262473687631561,0.0002527758479118,1200000,results/rs/SC3_MHBD_MWPM_2_5x/results/sweep_11_exp_0_checkpoints.csv
023033033,0.023882380588097,0.0002414116606814,1600000,results/rs/SC3_MHBD_MWPM_2_5x/results/sweep_11_exp_0_checkpoints.csv
023033033,0.023882380588097,0.0002414116606814,2400000,results/rs/SC3_MHBD_MWPM_2_5x/results/sweep_11_exp_0_checkpoints.csv
023033033,0.023882380588097,0.0002414116606814,3200000,results/rs/SC3_MHBD_MWPM_2_5x/results/sweep_11_exp_0_checkpoints.csv
023033033,0.023882380588097,0.0002414116606814,4400000,results/rs/SC3_MHBD_MWPM_2_5x/results/sweep_11_exp_0_checkpoints.csv
023033033,0.023882380588097,0.0002414116606814,5600000,results/rs/SC3_MHBD_MWPM_2_5x/results/sweep_11_exp_0_checkpoints.csv
023033033,0.023882380588097,0.0002414116606814,7200000,results/rs/SC3_MHBD_MWPM_2_5x/results/sweep_11_exp_0_checkpoints.csv
023033033,0.023882380588097,0.0002414116606814,9200000,results/rs/SC3_MHBD_MWPM_2_5x/results/sweep_11_exp_0_checkpoints.csv
023033033,0.023882380588097,0.0002414116606814,11600000,results/rs/SC3_MHBD_MWPM_2_5x/results/sweep_11_exp_0_checkpoints.csv
023033033,0.023882380588097,0.0002414116606814,14800000,results/rs/SC3_MHBD_MWPM_2_5x/results/sweep_11_exp_0_checkpoints.csv
033300000,0.0233023834880825,0.0002385330735705,18800000,results/rs/SC3_MHBD_MWPM_2_5x/results/sweep_11_exp_0_checkpoints.csv
033300000,0.0233023834880825,0.0002385330735705,24000000,results/rs/SC3_MHBD_MWPM_2_5x/results/sweep_11_exp_0_checkpoints.csv
033300000,0.0233023834880825,0.0002385330735705,30400000,results/rs/SC3_MHBD_MWPM_2_5x/results/sweep_11_exp_0_checkpoints.csv
033300000,0.0233023834880825,0.0002385330735705,38400000,results/rs/SC3_MHBD_MWPM_2_5x/results/sweep_11_exp_0_checkpoints.csv
033300000,0.0233023834880825,0.0002385330735705,48400000,results/rs/SC3_MHBD_MWPM_2_5x/results/sweep_11_exp_0_checkpoints.csv
330030020,0.0229273853630731,0.0002366513945162,61200000,results/rs/SC3_MHBD_MWPM_2_5x/results/sweep_11_exp_0_checkpoints.csv
330030020,0.0229273853630731,0.0002366513945162,77200000,results/rs/SC3_MHBD_MWPM_2_5x/results/sweep_11_exp_0_checkpoints.csv
330030020,0.0229273853630731,0.0002366513945162,97200000,results/rs/SC3_MHBD_MWPM_2_5x/results/sweep_11_exp_0_checkpoints.csv
330030020,0.0229273853630731,0.0002366513945162,122400000,results/rs/SC3_MHBD_MWPM_2_5x/results/sweep_11_exp_0_checkpoints.csv
330030020,0.0229273853630731,0.0002366513945162,154400000,results/rs/SC3_MHBD_MWPM_2_5x/results/sweep_11_exp_0_checkpoints.csv
033300330,0.0217198914005429,0.0002304776571691,194400000,results/rs/SC3_MHBD_MWPM_2_5x/results/sweep_11_exp_0_checkpoints.csv
033300330,0.0217198914005429,0.0002304776571691,244800000,results/rs/SC3_MHBD_MWPM_2_5x/results/sweep_11_exp_0_checkpoints.csv
033300330,0.0217198914005429,0.0002304776571691,308400000,results/rs/SC3_MHBD_MWPM_2_5x/results/sweep_11_exp_0_checkpoints.csv
033300330,0.0217198914005429,0.0002304776571691,388400000,results/rs/SC3_MHBD_MWPM_2_5x/results/sweep_11_exp_0_checkpoints.csv
033300330,0.0217198914005429,0.0002304776571691,489200000,results/rs/SC3_MHBD_MWPM_2_5x/results/sweep_11_exp_0_checkpoints.csv
033300330,0.0217198914005429,0.0002304776571691,616000000,results/rs/SC3_MHBD_MWPM_2_5x/results/sweep_11_exp_0_checkpoints.csv
033300330,0.0217198914005429,0.0002304776571691,775600000,results/rs/SC3_MHBD_MWPM_2_5x/results/sweep_11_exp_0_checkpoints.csv
033300330,0.0217198914005429,0.0002304776571691,976800000,results/rs/SC3_MHBD_MWPM_2_5x/results/sweep_11_exp_0_checkpoints.csv
033300330,0.0217198914005429,0.0002304776571691,1230000000,results/rs/SC3_MHBD_MWPM_2_5x/results/sweep_11_exp_0_checkpoints.csv
033300330,0.0217198914005429,0.0002304776571691,1548800000,results/rs/SC3_MHBD_MWPM_2_5x/results/sweep_11_exp_0_checkpoints.csv
033300330,0.0217198914005429,0.0002304776571691,1950000000,results/rs/SC3_MHBD_MWPM_2_5x/results/sweep_11_exp_0_checkpoints.csv
033300330,0.0217198914005429,0.0002304776571691,2455200000,results/rs/SC3_MHBD_MWPM_2_5x/results/sweep_11_exp_0_checkpoints.csv
033300330,0.0217198914005429,0.0002304776571691,3091200000,results/rs/SC3_MHBD_MWPM_2_5x/results/sweep_11_exp_0_checkpoints.csv
033300330,0.0217198914005429,0.0002304776571691,3891600000,results/rs/SC3_MHBD_MWPM_2_5x/results/sweep_11_exp_0_checkpoints.csv
033300330,0.0217198914005429,0.0002304776571691,4899600000,results/rs/SC3_MHBD_MWPM_2_5x/results/sweep_11_exp_0_checkpoints.csv
033300330,0.0217198914005429,0.0002304776571691,6168400000,results/rs/SC3_MHBD_MWPM_2_5x/results/sweep_11_exp_0_checkpoints.csv
032230322,0.0283198584007079,0.0002622862812131,400000,results/rs/SC3_MHBD_MWPM_2_5x/results/sweep_20_exp_0_checkpoints.csv
032230322,0.0283198584007079,0.0002622862812131,800000,results/rs/SC3_MHBD_MWPM_2_5x/results/sweep_20_exp_0_checkpoints.csv
022200333,0.0274098629506852,0.0002581586886662,1200000,results/rs/SC3_MHBD_MWPM_2_5x/results/sweep_20_exp_0_checkpoints.csv
203023033,0.0271148644256778,0.0002568046329542,1600000,results/rs/SC3_MHBD_MWPM_2_5x/results/sweep_20_exp_0_checkpoints.csv
203023033,0.0271148644256778,0.0002568046329542,2400000,results/rs/SC3_MHBD_MWPM_2_5x/results/sweep_20_exp_0_checkpoints.csv
203023033,0.0271148644256778,0.0002568046329542,3200000,results/rs/SC3_MHBD_MWPM_2_5x/results/sweep_20_exp_0_checkpoints.csv
330230330,0.0234773826130869,0.0002394056355115,4400000,results/rs/SC3_MHBD_MWPM_2_5x/results/sweep_20_exp_0_checkpoints.csv
330230330,0.0234773826130869,0.0002394056355115,5600000,results/rs/SC3_MHBD_MWPM_2_5x/results/sweep_20_exp_0_checkpoints.csv
330230330,0.0234773826130869,0.0002394056355115,7200000,results/rs/SC3_MHBD_MWPM_2_5x/results/sweep_20_exp_0_checkpoints.csv
330230330,0.0234773826130869,0.0002394056355115,9200000,results/rs/SC3_MHBD_MWPM_2_5x/results/sweep_20_exp_0_checkpoints.csv
330230330,0.0234773826130869,0.0002394056355115,11600000,results/rs/SC3_MHBD_MWPM_2_5x/results/sweep_20_exp_0_checkpoints.csv
330230330,0.0234773826130869,0.0002394056355115,14800000,results/rs/SC3_MHBD_MWPM_2_5x/results/sweep_20_exp_0_checkpoints.csv
330230330,0.0234773826130869,0.0002394056355115,18800000,results/rs/SC3_MHBD_MWPM_2_5x/results/sweep_20_exp_0_checkpoints.csv
330230330,0.0234773826130869,0.0002394056355115,24000000,results/rs/SC3_MHBD_MWPM_2_5x/results/sweep_20_exp_0_checkpoints.csv
330230330,0.0234773826130869,0.0002394056355115,30400000,results/rs/SC3_MHBD_MWPM_2_5x/results/sweep_20_exp_0_checkpoints.csv
330230330,0.0234773826130869,0.0002394056355115,38400000,results/rs/SC3_MHBD_MWPM_2_5x/results/sweep_20_exp_0_checkpoints.csv
330230330,0.0234773826130869,0.0002394056355115,48400000,results/rs/SC3_MHBD_MWPM_2_5x/results/sweep_20_exp_0_checkpoints.csv
330230330,0.0234773826130869,0.0002394056355115,61200000,results/rs/SC3_MHBD_MWPM_2_5x/results/sweep_20_exp_0_checkpoints.csv
020333030,0.023042384788076,0.0002372301823925,77200000,results/rs/SC3_MHBD_MWPM_2_5x/results/sweep_20_exp_0_checkpoints.csv
020333030,0.023042384788076,0.0002372301823925,97200000,results/rs/SC3_MHBD_MWPM_2_5x/results/sweep_20_exp_0_checkpoints.csv
020333030,0.023042384788076,0.0002372301823925,122400000,results/rs/SC3_MHBD_MWPM_2_5x/results/sweep_20_exp_0_checkpoints.csv
020333030,0.023042384788076,0.0002372301823925,154400000,results/rs/SC3_MHBD_MWPM_2_5x/results/sweep_20_exp_0_checkpoints.csv
020333030,0.023042384788076,0.0002372301823925,194400000,results/rs/SC3_MHBD_MWPM_2_5x/results/sweep_20_exp_0_checkpoints.csv
030330030,0.0223673881630591,0.0002338104095542,244800000,results/rs/SC3_MHBD_MWPM_2_5x/results/sweep_20_exp_0_checkpoints.csv
030330030,0.0223673881630591,0.0002338104095542,308400000,results/rs/SC3_MHBD_MWPM_2_5x/results/sweep_20_exp_0_checkpoints.csv
030330030,0.0223673881630591,0.0002338104095542,388400000,results/rs/SC3_MHBD_MWPM_2_5x/results/sweep_20_exp_0_checkpoints.csv
030330030,0.0223673881630591,0.0002338104095542,489200000,results/rs/SC3_MHBD_MWPM_2_5x/results/sweep_20_exp_0_checkpoints.csv
030330030,0.0223673881630591,0.0002338104095542,616000000,results/rs/SC3_MHBD_MWPM_2_5x/results/sweep_20_exp_0_checkpoints.csv
030330030,0.0223673881630591,0.0002338104095542,775600000,results/rs/SC3_MHBD_MWPM_2_5x/results/sweep_20_exp_0_checkpoints.csv
030330030,0.0223673881630591,0.0002338104095542,976800000,results/rs/SC3_MHBD_MWPM_2_5x/results/sweep_20_exp_0_checkpoints.csv
030330030,0.0223673881630591,0.0002338104095542,1230000000,results/rs/SC3_MHBD_MWPM_2_5x/results/sweep_20_exp_0_checkpoints.csv
033000330,0.0216298918505407,0.0002300102205481,1548800000,results/rs/SC3_MHBD_MWPM_2_5x/results/sweep_20_exp_0_checkpoints.csv
033000330,0.0216298918505407,0.0002300102205481,1950000000,results/rs/SC3_MHBD_MWPM_2_5x/results/sweep_20_exp_0_checkpoints.csv
033000330,0.0216298918505407,0.0002300102205481,2455200000,results/rs/SC3_MHBD_MWPM_2_5x/results/sweep_20_exp_0_checkpoints.csv
033000330,0.0216298918505407,0.0002300102205481,3091200000,results/rs/SC3_MHBD_MWPM_2_5x/results/sweep_20_exp_0_checkpoints.csv
033000330,0.0216298918505407,0.0002300102205481,3891600000,results/rs/SC3_MHBD_MWPM_2_5x/results/sweep_20_exp_0_checkpoints.csv
033000330,0.0216298918505407,0.0002300102205481,4899600000,results/rs/SC3_MHBD_MWPM_2_5x/results/sweep_20_exp_0_checkpoints.csv
033000330,0.0216298918505407,0.0002300102205481,6168400000,results/rs/SC3_MHBD_MWPM_2_5x/results/sweep_20_exp_0_checkpoints.csv
200033003,0.0256448717756411,0.0002499351103324,400000,results/rs/SC3_MHBD_MWPM_2_5x/results/sweep_17_exp_0_checkpoints.csv
020030230,0.0250548747256263,0.0002471181214787,800000,results/rs/SC3_MHBD_MWPM_2_5x/results/sweep_17_exp_0_checkpoints.csv
020030230,0.0250548747256263,0.0002471181214787,1200000,results/rs/SC3_MHBD_MWPM_2_5x/results/sweep_17_exp_0_checkpoints.csv
020030230,0.0250548747256263,0.0002471181214787,1600000,results/rs/SC3_MHBD_MWPM_2_5x/results/sweep_17_exp_0_checkpoints.csv
020030230,0.0250548747256263,0.0002471181214787,2400000,results/rs/SC3_MHBD_MWPM_2_5x/results/sweep_17_exp_0_checkpoints.csv
020030230,0.0250548747256263,0.0002471181214787,3200000,results/rs/SC3_MHBD_MWPM_2_5x/results/sweep_17_exp_0_checkpoints.csv
020030230,0.0250548747256263,0.0002471181214787,4400000,results/rs/SC3_MHBD_MWPM_2_5x/results/sweep_17_exp_0_checkpoints.csv
330302020,0.0248323758381208,0.0002460464602336,5600000,results/rs/SC3_MHBD_MWPM_2_5x/results/sweep_17_exp_0_checkpoints.csv
330302020,0.0248323758381208,0.0002460464602336,7200000,results/rs/SC3_MHBD_MWPM_2_5x/results/sweep_17_exp_0_checkpoints.csv
000333330,0.0238323808380958,0.0002411650057183,9200000,results/rs/SC3_MHBD_MWPM_2_5x/results/sweep_17_exp_0_checkpoints.csv
003003033,0.0238273808630956,0.0002411403256701,11600000,results/rs/SC3_MHBD_MWPM_2_5x/results/sweep_17_exp_0_checkpoints.csv
003003033,0.0238273808630956,0.0002411403256701,14800000,results/rs/SC3_MHBD_MWPM_2_5x/results/sweep_17_exp_0_checkpoints.csv
003003033,0.0238273808630956,0.0002411403256701,18800000,results/rs/SC3_MHBD_MWPM_2_5x/results/sweep_17_exp_0_checkpoints.csv
000333030,0.0229298853505732,0.0002366639964748,24000000,results/rs/SC3_MHBD_MWPM_2_5x/results/sweep_17_exp_0_checkpoints.csv
000333030,0.0229298853505732,0.0002366639964748,30400000,results/rs/SC3_MHBD_MWPM_2_5x/results/sweep_17_exp_0_checkpoints.csv
000333030,0.0229298853505732,0.0002366639964748,38400000,results/rs/SC3_MHBD_MWPM_2_5x/results/sweep_17_exp_0_checkpoints.csv
000333030,0.0229298853505732,0.0002366639964748,48400000,results/rs/SC3_MHBD_MWPM_2_5x/results/sweep_17_exp_0_checkpoints.csv
000333030,0.0229298853505732,0.0002366639964748,61200000,results/rs/SC3_MHBD_MWPM_2_5x/results/sweep_17_exp_0_checkpoints.csv
000333030,0.0229298853505732,0.0002366639964748,77200000,results/rs/SC3_MHBD_MWPM_2_5x/results/sweep_17_exp_0_checkpoints.csv
000333030,0.0229298853505732,0.0002366639964748,97200000,results/rs/SC3_MHBD_MWPM_2_5x/results/sweep_17_exp_0_checkpoints.csv
000333030,0.0229298853505732,0.0002366639964748,122400000,results/rs/SC3_MHBD_MWPM_2_5x/results/sweep_17_exp_0_checkpoints.csv
000333030,0.0229298853505732,0.0002366639964748,154400000,results/rs/SC3_MHBD_MWPM_2_5x/results/sweep_17_exp_0_checkpoints.csv
000333030,0.0229298853505732,0.0002366639964748,194400000,results/rs/SC3_MHBD_MWPM_2_5x/results/sweep_17_exp_0_checkpoints.csv
000333030,0.0229298853505732,0.0002366639964748,244800000,results/rs/SC3_MHBD_MWPM_2_5x/results/sweep_17_exp_0_checkpoints.csv
000333030,0.0229298853505732,0.0002366639964748,308400000,results/rs/SC3_MHBD_MWPM_2_5x/results/sweep_17_exp_0_checkpoints.csv
000333030,0.0229298853505732,0.0002366639964748,388400000,results/rs/SC3_MHBD_MWPM_2_5x/results/sweep_17_exp_0_checkpoints.csv
000333030,0.0229298853505732,0.0002366639964748,489200000,results/rs/SC3_MHBD_MWPM_2_5x/results/sweep_17_exp_0_checkpoints.csv
330033030,0.0223998880005599,0.0002339763304917,616000000,results/rs/SC3_MHBD_MWPM_2_5x/results/sweep_17_exp_0_checkpoints.csv
330033030,0.0223998880005599,0.0002339763304917,775600000,results/rs/SC3_MHBD_MWPM_2_5x/results/sweep_17_exp_0_checkpoints.csv
330033030,0.0223998880005599,0.0002339763304917,976800000,results/rs/SC3_MHBD_MWPM_2_5x/results/sweep_17_exp_0_checkpoints.csv
330033030,0.0223998880005599,0.0002339763304917,1230000000,results/rs/SC3_MHBD_MWPM_2_5x/results/sweep_17_exp_0_checkpoints.csv
330033030,0.0223998880005599,0.0002339763304917,1548800000,results/rs/SC3_MHBD_MWPM_2_5x/results/sweep_17_exp_0_checkpoints.csv
330030030,0.0219348903255483,0.0002315901074325,1950000000,results/rs/SC3_MHBD_MWPM_2_5x/results/sweep_17_exp_0_checkpoints.csv
330030030,0.0219348903255483,0.0002315901074325,2455200000,results/rs/SC3_MHBD_MWPM_2_5x/results/sweep_17_exp_0_checkpoints.csv
033000330,0.0219298903505482,0.0002315642923349,3091200000,results/rs/SC3_MHBD_MWPM_2_5x/results/sweep_17_exp_0_checkpoints.csv
033000330,0.0219298903505482,0.0002315642923349,3891600000,results/rs/SC3_MHBD_MWPM_2_5x/results/sweep_17_exp_0_checkpoints.csv
033000330,0.0219298903505482,0.0002315642923349,4899600000,results/rs/SC3_MHBD_MWPM_2_5x/results/sweep_17_exp_0_checkpoints.csv
033000330,0.0219298903505482,0.0002315642923349,6168400000,results/rs/SC3_MHBD_MWPM_2_5x/results/sweep_17_exp_0_checkpoints.csv
