seed,clifford_deformation,alpha,beta,x-err,y-err,z-err,no-err,shots,method,QECC,n,k,d,noise-model,p,eta,source_file
1874982710,0000000000000000000000000000000000000000000000000000000000000000000000000000000000000000000000000000000000000000000000000,2106,999997896,109,0,1996,999997895,1000000000,pymatching,SurfaceCode,121,1,11,MHBD_noise,0.001,500.0,results/brute_force/ext_SC11_MHBD/results/sweep_39.csv
1380745209,0000000000000000000000000000000000000000000000000000000000000000000000000000000000000000000000000000000000000000000000000,2173,999997829,108,0,2064,999997828,1000000000,pymatching,SurfaceCode,121,1,11,MHBD_noise,0.001,500.0,results/brute_force/ext_SC11_MHBD/results/sweep_207.csv
394089542,0303030303030303030303030303030303030303030303030303030303030303030303030303030303030303030303030303030303030303030303030,679,999999323,308,0,370,999999322,1000000000,pymatching,SurfaceCode,121,1,11,MHBD_noise,0.001,500.0,results/brute_force/ext_SC11_MHBD/results/sweep_110.csv
1205541408,3303303303300000000000303303303303303303303300000000000303303303303303303303300000000000303303303303303303303300000000000,892,999999110,362,0,529,999999109,1000000000,pymatching,SurfaceCode,121,1,11,MHBD_noise,0.001,500.0,results/brute_force/ext_SC11_MHBD/results/sweep_45.csv
901408314,0303030303030303030303030303030303030303030303030303030303030303030303030303030303030303030303030303030303030303030303030,714,999999288,369,0,344,999999287,1000000000,pymatching,SurfaceCode,121,1,11,MHBD_noise,0.001,500.0,results/brute_force/ext_SC11_MHBD/results/sweep_94.csv
669880700,0000000000000000000000000000000000000000000000000000000000000000000000000000000000000000000000000000000000000000000000000,2181,999997821,95,0,2085,999997820,1000000000,pymatching,SurfaceCode,121,1,11,MHBD_noise,0.001,500.0,results/brute_force/ext_SC11_MHBD/results/sweep_323.csv
487174427,0303030303030303030303030303030303030303030303030303030303030303030303030303030303030303030303030303030303030303030303030,643,999999359,304,0,338,999999358,1000000000,pymatching,SurfaceCode,121,1,11,MHBD_noise,0.001,500.0,results/brute_force/ext_SC11_MHBD/results/sweep_42.csv
1162414203,0333333333300303030300030303030300030303030003030303030003030303000303030303000303030300030303030300030303030033333333330,560,999999442,286,0,273,999999441,1000000000,pymatching,SurfaceCode,121,1,11,MHBD_noise,0.001,500.0,results/brute_force/ext_SC11_MHBD/results/sweep_324.csv
1490630380,3303303303300000000000303303303303303303303300000000000303303303303303303303300000000000303303303303303303303300000000000,927,999999075,394,0,532,999999074,1000000000,pymatching,SurfaceCode,121,1,11,MHBD_noise,0.001,500.0,results/brute_force/ext_SC11_MHBD/results/sweep_93.csv
1695388044,3303303303300000000000303303303303303303303300000000000303303303303303303303300000000000303303303303303303303300000000000,900,999999102,388,0,511,999999101,1000000000,pymatching,SurfaceCode,121,1,11,MHBD_noise,0.001,500.0,results/brute_force/ext_SC11_MHBD/results/sweep_389.csv
369709743,0303030303030303030303030303030303030303030303030303030303030303030303030303030303030303030303030303030303030303030303030,645,999999357,355,0,289,999999356,1000000000,pymatching,SurfaceCode,121,1,11,MHBD_noise,0.001,500.0,results/brute_force/ext_SC11_MHBD/results/sweep_358.csv
222505490,0333333333300303030300030303030300030303030003030303030003030303000303030303000303030300030303030300030303030033333333330,604,999999398,297,0,306,999999397,1000000000,pymatching,SurfaceCode,121,1,11,MHBD_noise,0.001,500.0,results/brute_force/ext_SC11_MHBD/results/sweep_200.csv
72083435,3303303303300000000000303303303303303303303300000000000303303303303303303303300000000000303303303303303303303300000000000,940,999999062,388,0,551,999999061,1000000000,pymatching,SurfaceCode,121,1,11,MHBD_noise,0.001,500.0,results/brute_force/ext_SC11_MHBD/results/sweep_117.csv
864787554,0333333333300303030300030303030300030303030003030303030003030303000303030303000303030300030303030300030303030033333333330,591,999999411,295,0,295,999999410,1000000000,pymatching,SurfaceCode,121,1,11,MHBD_noise,0.001,500.0,results/brute_force/ext_SC11_MHBD/results/sweep_272.csv
1738278484,3303303303300000000000303303303303303303303300000000000303303303303303303303300000000000303303303303303303303300000000000,876,999999126,376,0,499,999999125,1000000000,pymatching,SurfaceCode,121,1,11,MHBD_noise,0.001,500.0,results/brute_force/ext_SC11_MHBD/results/sweep_165.csv
1807481246,0000000000000000000000000000000000000000000000000000000000000000000000000000000000000000000000000000000000000000000000000,2104,999997898,101,0,2002,999997897,1000000000,pymatching,SurfaceCode,121,1,11,MHBD_noise,0.001,500.0,results/brute_force/ext_SC11_MHBD/results/sweep_387.csv
1416103138,0303030303030303030303030303030303030303030303030303030303030303030303030303030303030303030303030303030303030303030303030,649,999999353,316,0,332,999999352,1000000000,pymatching,SurfaceCode,121,1,11,MHBD_noise,0.001,500.0,results/brute_force/ext_SC11_MHBD/results/sweep_30.csv
1196037054,0333333333300303030300030303030300030303030003030303030003030303000303030303000303030300030303030300030303030033333333330,583,999999419,267,0,315,999999418,1000000000,pymatching,SurfaceCode,121,1,11,MHBD_noise,0.001,500.0,results/brute_force/ext_SC11_MHBD/results/sweep_356.csv
373352899,0000000000000000000000000000000000000000000000000000000000000000000000000000000000000000000000000000000000000000000000000,2121,999997881,99,0,2021,999997880,1000000000,pymatching,SurfaceCode,121,1,11,MHBD_noise,0.001,500.0,results/brute_force/ext_SC11_MHBD/results/sweep_119.csv
1424972288,3303303303300000000000303303303303303303303300000000000303303303303303303303300000000000303303303303303303303300000000000,914,999999088,398,0,515,999999087,1000000000,pymatching,SurfaceCode,121,1,11,MHBD_noise,0.001,500.0,results/brute_force/ext_SC11_MHBD/results/sweep_37.csv
147938282,0333333333300303030300030303030300030303030003030303030003030303000303030303000303030300030303030300030303030033333333330,598,999999404,288,0,309,999999403,1000000000,pymatching,SurfaceCode,121,1,11,MHBD_noise,0.001,500.0,results/brute_force/ext_SC11_MHBD/results/sweep_380.csv
917072956,0000000000000000000000000000000000000000000000000000000000000000000000000000000000000000000000000000000000000000000000000,2101,999997901,121,0,1979,999997900,1000000000,pymatching,SurfaceCode,121,1,11,MHBD_noise,0.001,500.0,results/brute_force/ext_SC11_MHBD/results/sweep_351.csv
2100876597,3303303303300000000000303303303303303303303300000000000303303303303303303303300000000000303303303303303303303300000000000,941,999999061,409,0,531,999999060,1000000000,pymatching,SurfaceCode,121,1,11,MHBD_noise,0.001,500.0,results/brute_force/ext_SC11_MHBD/results/sweep_209.csv
1407931956,0000000000000000000000000000000000000000000000000000000000000000000000000000000000000000000000000000000000000000000000000,2066,999997936,105,0,1960,999997935,1000000000,pymatching,SurfaceCode,121,1,11,MHBD_noise,0.001,500.0,results/brute_force/ext_SC11_MHBD/results/sweep_275.csv
1397124255,0303030303030303030303030303030303030303030303030303030303030303030303030303030303030303030303030303030303030303030303030,704,999999298,354,0,349,999999297,1000000000,pymatching,SurfaceCode,121,1,11,MHBD_noise,0.001,500.0,results/brute_force/ext_SC11_MHBD/results/sweep_162.csv
283689203,0333333333300303030300030303030300030303030003030303030003030303000303030303000303030300030303030300030303030033333333330,577,999999425,284,0,292,999999424,1000000000,pymatching,SurfaceCode,121,1,11,MHBD_noise,0.001,500.0,results/brute_force/ext_SC11_MHBD/results/sweep_364.csv
1679640621,0303030303030303030303030303030303030303030303030303030303030303030303030303030303030303030303030303030303030303030303030,678,999999324,370,0,307,999999323,1000000000,pymatching,SurfaceCode,121,1,11,MHBD_noise,0.001,500.0,results/brute_force/ext_SC11_MHBD/results/sweep_318.csv
125701017,0333333333300303030300030303030300030303030003030303030003030303000303030303000303030300030303030300030303030033333333330,606,999999396,304,0,301,999999395,1000000000,pymatching,SurfaceCode,121,1,11,MHBD_noise,0.001,500.0,results/brute_force/ext_SC11_MHBD/results/sweep_4.csv
220746180,3303303303300000000000303303303303303303303300000000000303303303303303303303300000000000303303303303303303303300000000000,887,999999115,364,0,522,999999114,1000000000,pymatching,SurfaceCode,121,1,11,MHBD_noise,0.001,500.0,results/brute_force/ext_SC11_MHBD/results/sweep_157.csv
1853967529,0000000000000000000000000000000000000000000000000000000000000000000000000000000000000000000000000000000000000000000000000,2114,999997888,96,0,2017,999997887,1000000000,pymatching,SurfaceCode,121,1,11,MHBD_noise,0.001,500.0,results/brute_force/ext_SC11_MHBD/results/sweep_291.csv
1327120070,0333333333300303030300030303030300030303030003030303030003030303000303030303000303030300030303030300030303030033333333330,651,999999351,307,0,343,999999350,1000000000,pymatching,SurfaceCode,121,1,11,MHBD_noise,0.001,500.0,results/brute_force/ext_SC11_MHBD/results/sweep_240.csv
1056231211,0303030303030303030303030303030303030303030303030303030303030303030303030303030303030303030303030303030303030303030303030,678,999999324,344,0,333,999999323,1000000000,pymatching,SurfaceCode,121,1,11,MHBD_noise,0.001,500.0,results/brute_force/ext_SC11_MHBD/results/sweep_186.csv
1033749714,0000000000000000000000000000000000000000000000000000000000000000000000000000000000000000000000000000000000000000000000000,2098,999997904,116,0,1981,999997903,1000000000,pymatching,SurfaceCode,121,1,11,MHBD_noise,0.001,500.0,results/brute_force/ext_SC11_MHBD/results/sweep_3.csv
2113841797,0000000000000000000000000000000000000000000000000000000000000000000000000000000000000000000000000000000000000000000000000,2056,999997946,93,0,1962,999997945,1000000000,pymatching,SurfaceCode,121,1,11,MHBD_noise,0.001,500.0,results/brute_force/ext_SC11_MHBD/results/sweep_79.csv
529332079,0303030303030303030303030303030303030303030303030303030303030303030303030303030303030303030303030303030303030303030303030,626,999999376,321,0,304,999999375,1000000000,pymatching,SurfaceCode,121,1,11,MHBD_noise,0.001,500.0,results/brute_force/ext_SC11_MHBD/results/sweep_150.csv
1931197703,0333333333300303030300030303030300030303030003030303030003030303000303030303000303030300030303030300030303030033333333330,575,999999427,288,0,286,999999426,1000000000,pymatching,SurfaceCode,121,1,11,MHBD_noise,0.001,500.0,results/brute_force/ext_SC11_MHBD/results/sweep_296.csv
1666416667,0000000000000000000000000000000000000000000000000000000000000000000000000000000000000000000000000000000000000000000000000,2058,999997944,94,0,1963,999997943,1000000000,pymatching,SurfaceCode,121,1,11,MHBD_noise,0.001,500.0,results/brute_force/ext_SC11_MHBD/results/sweep_247.csv
1305335348,3303303303300000000000303303303303303303303300000000000303303303303303303303300000000000303303303303303303303300000000000,890,999999112,371,0,518,999999111,1000000000,pymatching,SurfaceCode,121,1,11,MHBD_noise,0.001,500.0,results/brute_force/ext_SC11_MHBD/results/sweep_181.csv
1842778558,0000000000000000000000000000000000000000000000000000000000000000000000000000000000000000000000000000000000000000000000000,2217,999997785,113,0,2103,999997784,1000000000,pymatching,SurfaceCode,121,1,11,MHBD_noise,0.001,500.0,results/brute_force/ext_SC11_MHBD/results/sweep_363.csv
1700788824,0000000000000000000000000000000000000000000000000000000000000000000000000000000000000000000000000000000000000000000000000,2118,999997884,109,0,2008,999997883,1000000000,pymatching,SurfaceCode,121,1,11,MHBD_noise,0.001,500.0,results/brute_force/ext_SC11_MHBD/results/sweep_311.csv
1706944327,3303303303300000000000303303303303303303303300000000000303303303303303303303300000000000303303303303303303303300000000000,862,999999140,346,0,515,999999139,1000000000,pymatching,SurfaceCode,121,1,11,MHBD_noise,0.001,500.0,results/brute_force/ext_SC11_MHBD/results/sweep_77.csv
161202364,0303030303030303030303030303030303030303030303030303030303030303030303030303030303030303030303030303030303030303030303030,652,999999350,325,0,326,999999349,1000000000,pymatching,SurfaceCode,121,1,11,MHBD_noise,0.001,500.0,results/brute_force/ext_SC11_MHBD/results/sweep_298.csv
841592499,3303303303300000000000303303303303303303303300000000000303303303303303303303300000000000303303303303303303303300000000000,880,999999122,378,0,501,999999121,1000000000,pymatching,SurfaceCode,121,1,11,MHBD_noise,0.001,500.0,results/brute_force/ext_SC11_MHBD/results/sweep_249.csv
1357257192,0303030303030303030303030303030303030303030303030303030303030303030303030303030303030303030303030303030303030303030303030,632,999999370,324,0,307,999999369,1000000000,pymatching,SurfaceCode,121,1,11,MHBD_noise,0.001,500.0,results/brute_force/ext_SC11_MHBD/results/sweep_122.csv
2052697568,0000000000000000000000000000000000000000000000000000000000000000000000000000000000000000000000000000000000000000000000000,2142,999997860,95,0,2046,999997859,1000000000,pymatching,SurfaceCode,121,1,11,MHBD_noise,0.001,500.0,results/brute_force/ext_SC11_MHBD/results/sweep_235.csv
1416587176,3303303303300000000000303303303303303303303300000000000303303303303303303303300000000000303303303303303303303300000000000,924,999999078,406,0,517,999999077,1000000000,pymatching,SurfaceCode,121,1,11,MHBD_noise,0.001,500.0,results/brute_force/ext_SC11_MHBD/results/sweep_125.csv
2059415933,0333333333300303030300030303030300030303030003030303030003030303000303030303000303030300030303030300030303030033333333330,564,999999438,270,0,293,999999437,1000000000,pymatching,SurfaceCode,121,1,11,MHBD_noise,0.001,500.0,results/brute_force/ext_SC11_MHBD/results/sweep_232.csv
500018950,0333333333300303030300030303030300030303030003030303030003030303000303030303000303030300030303030300030303030033333333330,566,999999436,294,0,271,999999435,1000000000,pymatching,SurfaceCode,121,1,11,MHBD_noise,0.001,500.0,results/brute_force/ext_SC11_MHBD/results/sweep_316.csv
1350664038,0303030303030303030303030303030303030303030303030303030303030303030303030303030303030303030303030303030303030303030303030,674,999999328,335,0,338,999999327,1000000000,pymatching,SurfaceCode,121,1,11,MHBD_noise,0.001,500.0,results/brute_force/ext_SC11_MHBD/results/sweep_70.csv
697253156,0000000000000000000000000000000000000000000000000000000000000000000000000000000000000000000000000000000000000000000000000,2083,999997919,99,0,1983,999997918,1000000000,pymatching,SurfaceCode,121,1,11,MHBD_noise,0.001,500.0,results/brute_force/ext_SC11_MHBD/results/sweep_159.csv
1364952492,0333333333300303030300030303030300030303030003030303030003030303000303030303000303030300030303030300030303030033333333330,588,999999414,278,0,309,999999413,1000000000,pymatching,SurfaceCode,121,1,11,MHBD_noise,0.001,500.0,results/brute_force/ext_SC11_MHBD/results/sweep_188.csv
162750944,0000000000000000000000000000000000000000000000000000000000000000000000000000000000000000000000000000000000000000000000000,2119,999997883,96,0,2022,999997882,1000000000,pymatching,SurfaceCode,121,1,11,MHBD_noise,0.001,500.0,results/brute_force/ext_SC11_MHBD/results/sweep_223.csv
770756142,0303030303030303030303030303030303030303030303030303030303030303030303030303030303030303030303030303030303030303030303030,694,999999308,348,0,345,999999307,1000000000,pymatching,SurfaceCode,121,1,11,MHBD_noise,0.001,500.0,results/brute_force/ext_SC11_MHBD/results/sweep_134.csv
1493970096,0000000000000000000000000000000000000000000000000000000000000000000000000000000000000000000000000000000000000000000000000,2124,999997878,88,0,2035,999997877,1000000000,pymatching,SurfaceCode,121,1,11,MHBD_noise,0.001,500.0,results/brute_force/ext_SC11_MHBD/results/sweep_199.csv
329735971,0333333333300303030300030303030300030303030003030303030003030303000303030303000303030300030303030300030303030033333333330,636,999999366,328,0,307,999999365,1000000000,pymatching,SurfaceCode,121,1,11,MHBD_noise,0.001,500.0,results/brute_force/ext_SC11_MHBD/results/sweep_148.csv
1812793409,3303303303300000000000303303303303303303303300000000000303303303303303303303300000000000303303303303303303303300000000000,969,999999033,405,0,563,999999032,1000000000,pymatching,SurfaceCode,121,1,11,MHBD_noise,0.001,500.0,results/brute_force/ext_SC11_MHBD/results/sweep_61.csv
1647203381,0000000000000000000000000000000000000000000000000000000000000000000000000000000000000000000000000000000000000000000000000,2097,999997905,123,0,1973,999997904,1000000000,pymatching,SurfaceCode,121,1,11,MHBD_noise,0.001,500.0,results/brute_force/ext_SC11_MHBD/results/sweep_307.csv
1585150157,0303030303030303030303030303030303030303030303030303030303030303030303030303030303030303030303030303030303030303030303030,647,999999355,293,0,353,999999354,1000000000,pymatching,SurfaceCode,121,1,11,MHBD_noise,0.001,500.0,results/brute_force/ext_SC11_MHBD/results/sweep_258.csv
2035983704,3303303303300000000000303303303303303303303300000000000303303303303303303303300000000000303303303303303303303300000000000,873,999999129,385,0,487,999999128,1000000000,pymatching,SurfaceCode,121,1,11,MHBD_noise,0.001,500.0,results/brute_force/ext_SC11_MHBD/results/sweep_289.csv
2144676269,0303030303030303030303030303030303030303030303030303030303030303030303030303030303030303030303030303030303030303030303030,699,999999303,329,0,369,999999302,1000000000,pymatching,SurfaceCode,121,1,11,MHBD_noise,0.001,500.0,results/brute_force/ext_SC11_MHBD/results/sweep_66.csv
347176999,0333333333300303030300030303030300030303030003030303030003030303000303030303000303030300030303030300030303030033333333330,566,999999436,262,0,303,999999435,1000000000,pymatching,SurfaceCode,121,1,11,MHBD_noise,0.001,500.0,results/brute_force/ext_SC11_MHBD/results/sweep_300.csv
1747348955,0333333333300303030300030303030300030303030003030303030003030303000303030303000303030300030303030300030303030033333333330,612,999999390,293,0,318,999999389,1000000000,pymatching,SurfaceCode,121,1,11,MHBD_noise,0.001,500.0,results/brute_force/ext_SC11_MHBD/results/sweep_224.csv
1044973985,3303303303300000000000303303303303303303303300000000000303303303303303303303300000000000303303303303303303303300000000000,923,999999079,384,0,538,999999078,1000000000,pymatching,SurfaceCode,121,1,11,MHBD_noise,0.001,500.0,results/brute_force/ext_SC11_MHBD/results/sweep_133.csv
664662193,0333333333300303030300030303030300030303030003030303030003030303000303030303000303030300030303030300030303030033333333330,609,999999393,293,0,315,999999392,1000000000,pymatching,SurfaceCode,121,1,11,MHBD_noise,0.001,500.0,results/brute_force/ext_SC11_MHBD/results/sweep_256.csv
1416555058,0303030303030303030303030303030303030303030303030303030303030303030303030303030303030303030303030303030303030303030303030,673,999999329,339,0,333,999999328,1000000000,pymatching,SurfaceCode,121,1,11,MHBD_noise,0.001,500.0,results/brute_force/ext_SC11_MHBD/results/sweep_190.csv
541665915,3303303303300000000000303303303303303303303300000000000303303303303303303303300000000000303303303303303303303300000000000,925,999999077,401,0,523,999999076,1000000000,pymatching,SurfaceCode,121,1,11,MHBD_noise,0.001,500.0,results/brute_force/ext_SC11_MHBD/results/sweep_141.csv
1283217320,0000000000000000000000000000000000000000000000000000000000000000000000000000000000000000000000000000000000000000000000000,2083,999997919,80,0,2002,999997918,1000000000,pymatching,SurfaceCode,121,1,11,MHBD_noise,0.001,500.0,results/brute_force/ext_SC11_MHBD/results/sweep_287.csv
701572973,0333333333300303030300030303030300030303030003030303030003030303000303030303000303030300030303030300030303030033333333330,588,999999414,293,0,294,999999413,1000000000,pymatching,SurfaceCode,121,1,11,MHBD_noise,0.001,500.0,results/brute_force/ext_SC11_MHBD/results/sweep_68.csv
1831027338,0303030303030303030303030303030303030303030303030303030303030303030303030303030303030303030303030303030303030303030303030,710,999999292,356,0,353,999999291,1000000000,pymatching,SurfaceCode,121,1,11,MHBD_noise,0.001,500.0,results/brute_force/ext_SC11_MHBD/results/sweep_14.csv
753310017,0333333333300303030300030303030300030303030003030303030003030303000303030303000303030300030303030300030303030033333333330,587,999999415,305,0,281,999999414,1000000000,pymatching,SurfaceCode,121,1,11,MHBD_noise,0.001,500.0,results/brute_force/ext_SC11_MHBD/results/sweep_372.csv
372630878,3303303303300000000000303303303303303303303300000000000303303303303303303303300000000000303303303303303303303300000000000,869,999999133,356,0,512,999999132,1000000000,pymatching,SurfaceCode,121,1,11,MHBD_noise,0.001,500.0,results/brute_force/ext_SC11_MHBD/results/sweep_13.csv
819666697,0000000000000000000000000000000000000000000000000000000000000000000000000000000000000000000000000000000000000000000000000,2112,999997890,105,0,2006,999997889,1000000000,pymatching,SurfaceCode,121,1,11,MHBD_noise,0.001,500.0,results/brute_force/ext_SC11_MHBD/results/sweep_375.csv
795688730,0000000000000000000000000000000000000000000000000000000000000000000000000000000000000000000000000000000000000000000000000,2086,999997916,108,0,1977,999997915,1000000000,pymatching,SurfaceCode,121,1,11,MHBD_noise,0.001,500.0,results/brute_force/ext_SC11_MHBD/results/sweep_251.csv
944854045,3303303303300000000000303303303303303303303300000000000303303303303303303303300000000000303303303303303303303300000000000,892,999999110,374,0,517,999999109,1000000000,pymatching,SurfaceCode,121,1,11,MHBD_noise,0.001,500.0,results/brute_force/ext_SC11_MHBD/results/sweep_197.csv
1461342540,0303030303030303030303030303030303030303030303030303030303030303030303030303030303030303030303030303030303030303030303030,718,999999284,369,0,348,999999283,1000000000,pymatching,SurfaceCode,121,1,11,MHBD_noise,0.001,500.0,results/brute_force/ext_SC11_MHBD/results/sweep_146.csv
1350929766,0333333333300303030300030303030300030303030003030303030003030303000303030303000303030300030303030300030303030033333333330,586,999999416,305,0,280,999999415,1000000000,pymatching,SurfaceCode,121,1,11,MHBD_noise,0.001,500.0,results/brute_force/ext_SC11_MHBD/results/sweep_280.csv
386651868,3303303303300000000000303303303303303303303300000000000303303303303303303303300000000000303303303303303303303300000000000,892,999999110,378,0,513,999999109,1000000000,pymatching,SurfaceCode,121,1,11,MHBD_noise,0.001,500.0,results/brute_force/ext_SC11_MHBD/results/sweep_309.csv
1191154803,0303030303030303030303030303030303030303030303030303030303030303030303030303030303030303030303030303030303030303030303030,671,999999331,336,0,334,999999330,1000000000,pymatching,SurfaceCode,121,1,11,MHBD_noise,0.001,500.0,results/brute_force/ext_SC11_MHBD/results/sweep_218.csv
351815410,0333333333300303030300030303030300030303030003030303030003030303000303030303000303030300030303030300030303030033333333330,633,999999369,299,0,333,999999368,1000000000,pymatching,SurfaceCode,121,1,11,MHBD_noise,0.001,500.0,results/brute_force/ext_SC11_MHBD/results/sweep_340.csv
1480159695,0303030303030303030303030303030303030303030303030303030303030303030303030303030303030303030303030303030303030303030303030,704,999999298,346,0,357,999999297,1000000000,pymatching,SurfaceCode,121,1,11,MHBD_noise,0.001,500.0,results/brute_force/ext_SC11_MHBD/results/sweep_26.csv
1269090383,0000000000000000000000000000000000000000000000000000000000000000000000000000000000000000000000000000000000000000000000000,2145,999997857,112,0,2032,999997856,1000000000,pymatching,SurfaceCode,121,1,11,MHBD_noise,0.001,500.0,results/brute_force/ext_SC11_MHBD/results/sweep_391.csv
1917682526,3303303303300000000000303303303303303303303300000000000303303303303303303303300000000000303303303303303303303300000000000,917,999999085,399,0,517,999999084,1000000000,pymatching,SurfaceCode,121,1,11,MHBD_noise,0.001,500.0,results/brute_force/ext_SC11_MHBD/results/sweep_173.csv
509296925,0333333333300303030300030303030300030303030003030303030003030303000303030303000303030300030303030300030303030033333333330,583,999999419,300,0,282,999999418,1000000000,pymatching,SurfaceCode,121,1,11,MHBD_noise,0.001,500.0,results/brute_force/ext_SC11_MHBD/results/sweep_264.csv
1208861199,0303030303030303030303030303030303030303030303030303030303030303030303030303030303030303030303030303030303030303030303030,709,999999293,338,0,370,999999292,1000000000,pymatching,SurfaceCode,121,1,11,MHBD_noise,0.001,500.0,results/brute_force/ext_SC11_MHBD/results/sweep_174.csv
1960133228,0000000000000000000000000000000000000000000000000000000000000000000000000000000000000000000000000000000000000000000000000,2128,999997874,114,0,2013,999997873,1000000000,pymatching,SurfaceCode,121,1,11,MHBD_noise,0.001,500.0,results/brute_force/ext_SC11_MHBD/results/sweep_263.csv
1155714284,0333333333300303030300030303030300030303030003030303030003030303000303030303000303030300030303030300030303030033333333330,640,999999362,333,0,306,999999361,1000000000,pymatching,SurfaceCode,121,1,11,MHBD_noise,0.001,500.0,results/brute_force/ext_SC11_MHBD/results/sweep_108.csv
1429474251,0000000000000000000000000000000000000000000000000000000000000000000000000000000000000000000000000000000000000000000000000,1999,999998003,112,0,1886,999998002,1000000000,pymatching,SurfaceCode,121,1,11,MHBD_noise,0.001,500.0,results/brute_force/ext_SC11_MHBD/results/sweep_347.csv
1654477367,0333333333300303030300030303030300030303030003030303030003030303000303030303000303030300030303030300030303030033333333330,605,999999397,325,0,279,999999396,1000000000,pymatching,SurfaceCode,121,1,11,MHBD_noise,0.001,500.0,results/brute_force/ext_SC11_MHBD/results/sweep_396.csv
731028297,3303303303300000000000303303303303303303303300000000000303303303303303303303300000000000303303303303303303303300000000000,883,999999119,361,0,521,999999118,1000000000,pymatching,SurfaceCode,121,1,11,MHBD_noise,0.001,500.0,results/brute_force/ext_SC11_MHBD/results/sweep_21.csv
1152026034,0000000000000000000000000000000000000000000000000000000000000000000000000000000000000000000000000000000000000000000000000,2073,999997929,111,0,1961,999997928,1000000000,pymatching,SurfaceCode,121,1,11,MHBD_noise,0.001,500.0,results/brute_force/ext_SC11_MHBD/results/sweep_335.csv
603891370,0303030303030303030303030303030303030303030303030303030303030303030303030303030303030303030303030303030303030303030303030,678,999999324,341,0,336,999999323,1000000000,pymatching,SurfaceCode,121,1,11,MHBD_noise,0.001,500.0,results/brute_force/ext_SC11_MHBD/results/sweep_82.csv
521246857,3303303303300000000000303303303303303303303300000000000303303303303303303303300000000000303303303303303303303300000000000,916,999999086,370,1,544,999999085,1000000000,pymatching,SurfaceCode,121,1,11,MHBD_noise,0.001,500.0,results/brute_force/ext_SC11_MHBD/results/sweep_53.csv
1591516374,0303030303030303030303030303030303030303030303030303030303030303030303030303030303030303030303030303030303030303030303030,681,999999321,322,0,358,999999320,1000000000,pymatching,SurfaceCode,121,1,11,MHBD_noise,0.001,500.0,results/brute_force/ext_SC11_MHBD/results/sweep_106.csv
415983219,0000000000000000000000000000000000000000000000000000000000000000000000000000000000000000000000000000000000000000000000000,2164,999997838,103,0,2060,999997837,1000000000,pymatching,SurfaceCode,121,1,11,MHBD_noise,0.001,500.0,results/brute_force/ext_SC11_MHBD/results/sweep_211.csv
1257868630,3303303303300000000000303303303303303303303300000000000303303303303303303303300000000000303303303303303303303300000000000,913,999999089,390,0,522,999999088,1000000000,pymatching,SurfaceCode,121,1,11,MHBD_noise,0.001,500.0,results/brute_force/ext_SC11_MHBD/results/sweep_349.csv
72465313,0303030303030303030303030303030303030303030303030303030303030303030303030303030303030303030303030303030303030303030303030,678,999999324,335,0,342,999999323,1000000000,pymatching,SurfaceCode,121,1,11,MHBD_noise,0.001,500.0,results/brute_force/ext_SC11_MHBD/results/sweep_398.csv
106686231,3303303303300000000000303303303303303303303300000000000303303303303303303303300000000000303303303303303303303300000000000,883,999999119,354,0,528,999999118,1000000000,pymatching,SurfaceCode,121,1,11,MHBD_noise,0.001,500.0,results/brute_force/ext_SC11_MHBD/results/sweep_101.csv
1858585489,0333333333300303030300030303030300030303030003030303030003030303000303030303000303030300030303030300030303030033333333330,611,999999391,319,0,291,999999390,1000000000,pymatching,SurfaceCode,121,1,11,MHBD_noise,0.001,500.0,results/brute_force/ext_SC11_MHBD/results/sweep_216.csv
970462539,0333333333300303030300030303030300030303030003030303030003030303000303030303000303030300030303030300030303030033333333330,590,999999412,283,0,306,999999411,1000000000,pymatching,SurfaceCode,121,1,11,MHBD_noise,0.001,500.0,results/brute_force/ext_SC11_MHBD/results/sweep_28.csv
437152620,3303303303300000000000303303303303303303303300000000000303303303303303303303300000000000303303303303303303303300000000000,871,999999131,366,0,504,999999130,1000000000,pymatching,SurfaceCode,121,1,11,MHBD_noise,0.001,500.0,results/brute_force/ext_SC11_MHBD/results/sweep_85.csv
1197004062,0333333333300303030300030303030300030303030003030303030003030303000303030303000303030300030303030300030303030033333333330,612,999999390,304,0,307,999999389,1000000000,pymatching,SurfaceCode,121,1,11,MHBD_noise,0.001,500.0,results/brute_force/ext_SC11_MHBD/results/sweep_332.csv
68971429,0303030303030303030303030303030303030303030303030303030303030303030303030303030303030303030303030303030303030303030303030,692,999999310,333,0,358,999999309,1000000000,pymatching,SurfaceCode,121,1,11,MHBD_noise,0.001,500.0,results/brute_force/ext_SC11_MHBD/results/sweep_54.csv
904565169,0333333333300303030300030303030300030303030003030303030003030303000303030303000303030300030303030300030303030033333333330,588,999999414,293,0,294,999999413,1000000000,pymatching,SurfaceCode,121,1,11,MHBD_noise,0.001,500.0,results/brute_force/ext_SC11_MHBD/results/sweep_124.csv
37407767,3303303303300000000000303303303303303303303300000000000303303303303303303303300000000000303303303303303303303300000000000,917,999999085,379,0,537,999999084,1000000000,pymatching,SurfaceCode,121,1,11,MHBD_noise,0.001,500.0,results/brute_force/ext_SC11_MHBD/results/sweep_233.csv
1550085025,3303303303300000000000303303303303303303303300000000000303303303303303303303300000000000303303303303303303303300000000000,847,999999155,352,0,494,999999154,1000000000,pymatching,SurfaceCode,121,1,11,MHBD_noise,0.001,500.0,results/brute_force/ext_SC11_MHBD/results/sweep_317.csv
1788985017,0000000000000000000000000000000000000000000000000000000000000000000000000000000000000000000000000000000000000000000000000,2150,999997852,115,0,2034,999997851,1000000000,pymatching,SurfaceCode,121,1,11,MHBD_noise,0.001,500.0,results/brute_force/ext_SC11_MHBD/results/sweep_71.csv
35643841,0303030303030303030303030303030303030303030303030303030303030303030303030303030303030303030303030303030303030303030303030,698,999999304,335,0,362,999999303,1000000000,pymatching,SurfaceCode,121,1,11,MHBD_noise,0.001,500.0,results/brute_force/ext_SC11_MHBD/results/sweep_158.csv
1580009545,3303303303300000000000303303303303303303303300000000000303303303303303303303300000000000303303303303303303303300000000000,907,999999095,398,0,508,999999094,1000000000,pymatching,SurfaceCode,121,1,11,MHBD_noise,0.001,500.0,results/brute_force/ext_SC11_MHBD/results/sweep_189.csv
354826253,0303030303030303030303030303030303030303030303030303030303030303030303030303030303030303030303030303030303030303030303030,695,999999307,336,0,358,999999306,1000000000,pymatching,SurfaceCode,121,1,11,MHBD_noise,0.001,500.0,results/brute_force/ext_SC11_MHBD/results/sweep_310.csv
732087169,0333333333300303030300030303030300030303030003030303030003030303000303030303000303030300030303030300030303030033333333330,636,999999366,318,0,317,999999365,1000000000,pymatching,SurfaceCode,121,1,11,MHBD_noise,0.001,500.0,results/brute_force/ext_SC11_MHBD/results/sweep_76.csv
428567807,0000000000000000000000000000000000000000000000000000000000000000000000000000000000000000000000000000000000000000000000000,2144,999997858,102,0,2041,999997857,1000000000,pymatching,SurfaceCode,121,1,11,MHBD_noise,0.001,500.0,results/brute_force/ext_SC11_MHBD/results/sweep_299.csv
535381324,0333333333300303030300030303030300030303030003030303030003030303000303030303000303030300030303030300030303030033333333330,614,999999388,299,0,314,999999387,1000000000,pymatching,SurfaceCode,121,1,11,MHBD_noise,0.001,500.0,results/brute_force/ext_SC11_MHBD/results/sweep_248.csv
719070012,0000000000000000000000000000000000000000000000000000000000000000000000000000000000000000000000000000000000000000000000000,2144,999997858,105,0,2038,999997857,1000000000,pymatching,SurfaceCode,121,1,11,MHBD_noise,0.001,500.0,results/brute_force/ext_SC11_MHBD/results/sweep_123.csv
481821492,0303030303030303030303030303030303030303030303030303030303030303030303030303030303030303030303030303030303030303030303030,660,999999342,304,0,355,999999341,1000000000,pymatching,SurfaceCode,121,1,11,MHBD_noise,0.001,500.0,results/brute_force/ext_SC11_MHBD/results/sweep_234.csv
1621844517,0303030303030303030303030303030303030303030303030303030303030303030303030303030303030303030303030303030303030303030303030,673,999999329,321,0,351,999999328,1000000000,pymatching,SurfaceCode,121,1,11,MHBD_noise,0.001,500.0,results/brute_force/ext_SC11_MHBD/results/sweep_2.csv
709922205,0303030303030303030303030303030303030303030303030303030303030303030303030303030303030303030303030303030303030303030303030,645,999999357,319,1,324,999999356,1000000000,pymatching,SurfaceCode,121,1,11,MHBD_noise,0.001,500.0,results/brute_force/ext_SC11_MHBD/results/sweep_78.csv
1308811474,0000000000000000000000000000000000000000000000000000000000000000000000000000000000000000000000000000000000000000000000000,2066,999997936,92,0,1973,999997935,1000000000,pymatching,SurfaceCode,121,1,11,MHBD_noise,0.001,500.0,results/brute_force/ext_SC11_MHBD/results/sweep_151.csv
794484230,3303303303300000000000303303303303303303303300000000000303303303303303303303300000000000303303303303303303303300000000000,867,999999135,349,0,517,999999134,1000000000,pymatching,SurfaceCode,121,1,11,MHBD_noise,0.001,500.0,results/brute_force/ext_SC11_MHBD/results/sweep_297.csv
1003834400,0303030303030303030303030303030303030303030303030303030303030303030303030303030303030303030303030303030303030303030303030,655,999999347,306,0,348,999999346,1000000000,pymatching,SurfaceCode,121,1,11,MHBD_noise,0.001,500.0,results/brute_force/ext_SC11_MHBD/results/sweep_246.csv
906003216,0333333333300303030300030303030300030303030003030303030003030303000303030303000303030300030303030300030303030033333333330,596,999999406,300,0,295,999999405,1000000000,pymatching,SurfaceCode,121,1,11,MHBD_noise,0.001,500.0,results/brute_force/ext_SC11_MHBD/results/sweep_180.csv
1010500001,0303030303030303030303030303030303030303030303030303030303030303030303030303030303030303030303030303030303030303030303030,672,999999330,328,0,343,999999329,1000000000,pymatching,SurfaceCode,121,1,11,MHBD_noise,0.001,500.0,results/brute_force/ext_SC11_MHBD/results/sweep_362.csv
1788401277,3303303303300000000000303303303303303303303300000000000303303303303303303303300000000000303303303303303303303300000000000,879,999999123,372,0,506,999999122,1000000000,pymatching,SurfaceCode,121,1,11,MHBD_noise,0.001,500.0,results/brute_force/ext_SC11_MHBD/results/sweep_365.csv
636990404,0000000000000000000000000000000000000000000000000000000000000000000000000000000000000000000000000000000000000000000000000,2080,999997922,107,0,1972,999997921,1000000000,pymatching,SurfaceCode,121,1,11,MHBD_noise,0.001,500.0,results/brute_force/ext_SC11_MHBD/results/sweep_319.csv
1270493776,3303303303300000000000303303303303303303303300000000000303303303303303303303300000000000303303303303303303303300000000000,920,999999082,387,0,532,999999081,1000000000,pymatching,SurfaceCode,121,1,11,MHBD_noise,0.001,500.0,results/brute_force/ext_SC11_MHBD/results/sweep_5.csv
1505726919,0333333333300303030300030303030300030303030003030303030003030303000303030303000303030300030303030300030303030033333333330,577,999999425,284,0,292,999999424,1000000000,pymatching,SurfaceCode,121,1,11,MHBD_noise,0.001,500.0,results/brute_force/ext_SC11_MHBD/results/sweep_156.csv
380765474,0303030303030303030303030303030303030303030303030303030303030303030303030303030303030303030303030303030303030303030303030,678,999999324,328,0,349,999999323,1000000000,pymatching,SurfaceCode,121,1,11,MHBD_noise,0.001,500.0,results/brute_force/ext_SC11_MHBD/results/sweep_290.csv
764464361,3303303303300000000000303303303303303303303300000000000303303303303303303303300000000000303303303303303303303300000000000,863,999999139,383,0,479,999999138,1000000000,pymatching,SurfaceCode,121,1,11,MHBD_noise,0.001,500.0,results/brute_force/ext_SC11_MHBD/results/sweep_241.csv
451337385,0000000000000000000000000000000000000000000000000000000000000000000000000000000000000000000000000000000000000000000000000,2062,999997940,102,0,1959,999997939,1000000000,pymatching,SurfaceCode,121,1,11,MHBD_noise,0.001,500.0,results/brute_force/ext_SC11_MHBD/results/sweep_187.csv
298111385,0333333333300303030300030303030300030303030003030303030003030303000303030303000303030300030303030300030303030033333333330,653,999999349,334,0,318,999999348,1000000000,pymatching,SurfaceCode,121,1,11,MHBD_noise,0.001,500.0,results/brute_force/ext_SC11_MHBD/results/sweep_36.csv
815599268,3303303303300000000000303303303303303303303300000000000303303303303303303303300000000000303303303303303303303300000000000,847,999999155,353,0,493,999999154,1000000000,pymatching,SurfaceCode,121,1,11,MHBD_noise,0.001,500.0,results/brute_force/ext_SC11_MHBD/results/sweep_381.csv
222746963,0303030303030303030303030303030303030303030303030303030303030303030303030303030303030303030303030303030303030303030303030,714,999999288,372,0,341,999999287,1000000000,pymatching,SurfaceCode,121,1,11,MHBD_noise,0.001,500.0,results/brute_force/ext_SC11_MHBD/results/sweep_350.csv
259770401,0333333333300303030300030303030300030303030003030303030003030303000303030303000303030300030303030300030303030033333333330,604,999999398,302,0,301,999999397,1000000000,pymatching,SurfaceCode,121,1,11,MHBD_noise,0.001,500.0,results/brute_force/ext_SC11_MHBD/results/sweep_208.csv
1395449096,0303030303030303030303030303030303030303030303030303030303030303030303030303030303030303030303030303030303030303030303030,678,999999324,333,0,344,999999323,1000000000,pymatching,SurfaceCode,121,1,11,MHBD_noise,0.001,500.0,results/brute_force/ext_SC11_MHBD/results/sweep_274.csv
760468867,0000000000000000000000000000000000000000000000000000000000000000000000000000000000000000000000000000000000000000000000000,2133,999997869,88,0,2044,999997868,1000000000,pymatching,SurfaceCode,121,1,11,MHBD_noise,0.001,500.0,results/brute_force/ext_SC11_MHBD/results/sweep_163.csv
107832914,3303303303300000000000303303303303303303303300000000000303303303303303303303300000000000303303303303303303303300000000000,910,999999092,385,0,524,999999091,1000000000,pymatching,SurfaceCode,121,1,11,MHBD_noise,0.001,500.0,results/brute_force/ext_SC11_MHBD/results/sweep_273.csv
366207152,0333333333300303030300030303030300030303030003030303030003030303000303030303000303030300030303030300030303030033333333330,590,999999412,292,0,297,999999411,1000000000,pymatching,SurfaceCode,121,1,11,MHBD_noise,0.001,500.0,results/brute_force/ext_SC11_MHBD/results/sweep_164.csv
1725151557,0303030303030303030303030303030303030303030303030303030303030303030303030303030303030303030303030303030303030303030303030,662,999999340,310,0,351,999999339,1000000000,pymatching,SurfaceCode,121,1,11,MHBD_noise,0.001,500.0,results/brute_force/ext_SC11_MHBD/results/sweep_386.csv
59921632,0000000000000000000000000000000000000000000000000000000000000000000000000000000000000000000000000000000000000000000000000,2105,999997897,96,0,2008,999997896,1000000000,pymatching,SurfaceCode,121,1,11,MHBD_noise,0.001,500.0,results/brute_force/ext_SC11_MHBD/results/sweep_31.csv
647036711,3303303303300000000000303303303303303303303300000000000303303303303303303303300000000000303303303303303303303300000000000,951,999999051,406,0,544,999999050,1000000000,pymatching,SurfaceCode,121,1,11,MHBD_noise,0.001,500.0,results/brute_force/ext_SC11_MHBD/results/sweep_357.csv
1582579636,0303030303030303030303030303030303030303030303030303030303030303030303030303030303030303030303030303030303030303030303030,690,999999312,328,0,361,999999311,1000000000,pymatching,SurfaceCode,121,1,11,MHBD_noise,0.001,500.0,results/brute_force/ext_SC11_MHBD/results/sweep_118.csv
444511195,0000000000000000000000000000000000000000000000000000000000000000000000000000000000000000000000000000000000000000000000000,2045,999997957,104,0,1940,999997956,1000000000,pymatching,SurfaceCode,121,1,11,MHBD_noise,0.001,500.0,results/brute_force/ext_SC11_MHBD/results/sweep_43.csv
12952564,3303303303300000000000303303303303303303303300000000000303303303303303303303300000000000303303303303303303303300000000000,917,999999085,400,0,516,999999084,1000000000,pymatching,SurfaceCode,121,1,11,MHBD_noise,0.001,500.0,results/brute_force/ext_SC11_MHBD/results/sweep_325.csv
877838032,0333333333300303030300030303030300030303030003030303030003030303000303030303000303030300030303030300030303030033333333330,610,999999392,304,0,305,999999391,1000000000,pymatching,SurfaceCode,121,1,11,MHBD_noise,0.001,500.0,results/brute_force/ext_SC11_MHBD/results/sweep_92.csv
1784631750,0333333333300303030300030303030300030303030003030303030003030303000303030303000303030300030303030300030303030033333333330,611,999999391,316,0,294,999999390,1000000000,pymatching,SurfaceCode,121,1,11,MHBD_noise,0.001,500.0,results/brute_force/ext_SC11_MHBD/results/sweep_388.csv
1578577150,0000000000000000000000000000000000000000000000000000000000000000000000000000000000000000000000000000000000000000000000000,2079,999997923,100,0,1978,999997922,1000000000,pymatching,SurfaceCode,121,1,11,MHBD_noise,0.001,500.0,results/brute_force/ext_SC11_MHBD/results/sweep_359.csv
585835410,3303303303300000000000303303303303303303303300000000000303303303303303303303300000000000303303303303303303303300000000000,850,999999152,350,0,499,999999151,1000000000,pymatching,SurfaceCode,121,1,11,MHBD_noise,0.001,500.0,results/brute_force/ext_SC11_MHBD/results/sweep_201.csv
1261640006,0333333333300303030300030303030300030303030003030303030003030303000303030303000303030300030303030300030303030033333333330,621,999999381,305,0,315,999999380,1000000000,pymatching,SurfaceCode,121,1,11,MHBD_noise,0.001,500.0,results/brute_force/ext_SC11_MHBD/results/sweep_116.csv
2077735648,0303030303030303030303030303030303030303030303030303030303030303030303030303030303030303030303030303030303030303030303030,722,999999280,374,0,347,999999279,1000000000,pymatching,SurfaceCode,121,1,11,MHBD_noise,0.001,500.0,results/brute_force/ext_SC11_MHBD/results/sweep_38.csv
1913508239,0303030303030303030303030303030303030303030303030303030303030303030303030303030303030303030303030303030303030303030303030,647,999999355,320,0,326,999999354,1000000000,pymatching,SurfaceCode,121,1,11,MHBD_noise,0.001,500.0,results/brute_force/ext_SC11_MHBD/results/sweep_206.csv
1553186274,0000000000000000000000000000000000000000000000000000000000000000000000000000000000000000000000000000000000000000000000000,2057,999997945,122,0,1934,999997944,1000000000,pymatching,SurfaceCode,121,1,11,MHBD_noise,0.001,500.0,results/brute_force/ext_SC11_MHBD/results/sweep_111.csv
1837443216,0333333333300303030300030303030300030303030003030303030003030303000303030303000303030300030303030300030303030033333333330,587,999999415,291,0,295,999999414,1000000000,pymatching,SurfaceCode,121,1,11,MHBD_noise,0.001,500.0,results/brute_force/ext_SC11_MHBD/results/sweep_44.csv
1145426835,0000000000000000000000000000000000000000000000000000000000000000000000000000000000000000000000000000000000000000000000000,2125,999997877,97,0,2027,999997876,1000000000,pymatching,SurfaceCode,121,1,11,MHBD_noise,0.001,500.0,results/brute_force/ext_SC11_MHBD/results/sweep_95.csv
2138182127,0303030303030303030303030303030303030303030303030303030303030303030303030303030303030303030303030303030303030303030303030,639,999999363,304,0,334,999999362,1000000000,pymatching,SurfaceCode,121,1,11,MHBD_noise,0.001,500.0,results/brute_force/ext_SC11_MHBD/results/sweep_322.csv
1817936167,0333333333300303030300030303030300030303030003030303030003030303000303030303000303030300030303030300030303030033333333330,583,999999419,290,0,292,999999418,1000000000,pymatching,SurfaceCode,121,1,11,MHBD_noise,0.001,500.0,results/brute_force/ext_SC11_MHBD/results/sweep_100.csv
1854577882,3303303303300000000000303303303303303303303300000000000303303303303303303303300000000000303303303303303303303300000000000,902,999999100,377,0,524,999999099,1000000000,pymatching,SurfaceCode,121,1,11,MHBD_noise,0.001,500.0,results/brute_force/ext_SC11_MHBD/results/sweep_217.csv
1868080048,3303303303300000000000303303303303303303303300000000000303303303303303303303300000000000303303303303303303303300000000000,948,999999054,413,0,534,999999053,1000000000,pymatching,SurfaceCode,121,1,11,MHBD_noise,0.001,500.0,results/brute_force/ext_SC11_MHBD/results/sweep_29.csv
802627850,0333333333300303030300030303030300030303030003030303030003030303000303030303000303030300030303030300030303030033333333330,629,999999373,308,1,319,999999372,1000000000,pymatching,SurfaceCode,121,1,11,MHBD_noise,0.001,500.0,results/brute_force/ext_SC11_MHBD/results/sweep_84.csv
1306088385,3303303303300000000000303303303303303303303300000000000303303303303303303303300000000000303303303303303303303300000000000,913,999999089,388,0,524,999999088,1000000000,pymatching,SurfaceCode,121,1,11,MHBD_noise,0.001,500.0,results/brute_force/ext_SC11_MHBD/results/sweep_333.csv
1169925049,0000000000000000000000000000000000000000000000000000000000000000000000000000000000000000000000000000000000000000000000000,2055,999997947,99,0,1955,999997946,1000000000,pymatching,SurfaceCode,121,1,11,MHBD_noise,0.001,500.0,results/brute_force/ext_SC11_MHBD/results/sweep_55.csv
59322289,0303030303030303030303030303030303030303030303030303030303030303030303030303030303030303030303030303030303030303030303030,669,999999333,341,0,327,999999332,1000000000,pymatching,SurfaceCode,121,1,11,MHBD_noise,0.001,500.0,results/brute_force/ext_SC11_MHBD/results/sweep_334.csv
137708600,0000000000000000000000000000000000000000000000000000000000000000000000000000000000000000000000000000000000000000000000000,2047,999997955,84,0,1962,999997954,1000000000,pymatching,SurfaceCode,121,1,11,MHBD_noise,0.001,500.0,results/brute_force/ext_SC11_MHBD/results/sweep_83.csv
285743189,0333333333300303030300030303030300030303030003030303030003030303000303030303000303030300030303030300030303030033333333330,605,999999397,306,0,298,999999396,1000000000,pymatching,SurfaceCode,121,1,11,MHBD_noise,0.001,500.0,results/brute_force/ext_SC11_MHBD/results/sweep_52.csv
2069927321,0000000000000000000000000000000000000000000000000000000000000000000000000000000000000000000000000000000000000000000000000,2071,999997931,113,0,1957,999997930,1000000000,pymatching,SurfaceCode,121,1,11,MHBD_noise,0.001,500.0,results/brute_force/ext_SC11_MHBD/results/sweep_107.csv
1478583623,0303030303030303030303030303030303030303030303030303030303030303030303030303030303030303030303030303030303030303030303030,662,999999340,341,0,320,999999339,1000000000,pymatching,SurfaceCode,121,1,11,MHBD_noise,0.001,500.0,results/brute_force/ext_SC11_MHBD/results/sweep_210.csv
2037678360,0333333333300303030300030303030300030303030003030303030003030303000303030303000303030300030303030300030303030033333333330,638,999999364,323,0,314,999999363,1000000000,pymatching,SurfaceCode,121,1,11,MHBD_noise,0.001,500.0,results/brute_force/ext_SC11_MHBD/results/sweep_348.csv
2084836906,0000000000000000000000000000000000000000000000000000000000000000000000000000000000000000000000000000000000000000000000000,2132,999997870,115,0,2016,999997869,1000000000,pymatching,SurfaceCode,121,1,11,MHBD_noise,0.001,500.0,results/brute_force/ext_SC11_MHBD/results/sweep_399.csv
1724863725,0000000000000000000000000000000000000000000000000000000000000000000000000000000000000000000000000000000000000000000000000,2126,999997876,99,0,2026,999997875,1000000000,pymatching,SurfaceCode,121,1,11,MHBD_noise,0.001,500.0,results/brute_force/ext_SC11_MHBD/results/sweep_175.csv
245170552,0303030303030303030303030303030303030303030303030303030303030303030303030303030303030303030303030303030303030303030303030,687,999999315,335,0,351,999999314,1000000000,pymatching,SurfaceCode,121,1,11,MHBD_noise,0.001,500.0,results/brute_force/ext_SC11_MHBD/results/sweep_262.csv
1265888103,3303303303300000000000303303303303303303303300000000000303303303303303303303300000000000303303303303303303303300000000000,886,999999116,366,0,519,999999115,1000000000,pymatching,SurfaceCode,121,1,11,MHBD_noise,0.001,500.0,results/brute_force/ext_SC11_MHBD/results/sweep_109.csv
1669001557,0303030303030303030303030303030303030303030303030303030303030303030303030303030303030303030303030303030303030303030303030,716,999999286,352,0,363,999999285,1000000000,pymatching,SurfaceCode,121,1,11,MHBD_noise,0.001,500.0,results/brute_force/ext_SC11_MHBD/results/sweep_346.csv
383687015,3303303303300000000000303303303303303303303300000000000303303303303303303303300000000000303303303303303303303300000000000,921,999999081,381,0,539,999999080,1000000000,pymatching,SurfaceCode,121,1,11,MHBD_noise,0.001,500.0,results/brute_force/ext_SC11_MHBD/results/sweep_397.csv
1645237561,0333333333300303030300030303030300030303030003030303030003030303000303030303000303030300030303030300030303030033333333330,644,999999358,302,0,341,999999357,1000000000,pymatching,SurfaceCode,121,1,11,MHBD_noise,0.001,500.0,results/brute_force/ext_SC11_MHBD/results/sweep_20.csv
1184675121,0000000000000000000000000000000000000000000000000000000000000000000000000000000000000000000000000000000000000000000000000,2092,999997910,105,0,1986,999997909,1000000000,pymatching,SurfaceCode,121,1,11,MHBD_noise,0.001,500.0,results/brute_force/ext_SC11_MHBD/results/sweep_219.csv
847618600,3303303303300000000000303303303303303303303300000000000303303303303303303303300000000000303303303303303303303300000000000,854,999999148,360,0,493,999999147,1000000000,pymatching,SurfaceCode,121,1,11,MHBD_noise,0.001,500.0,results/brute_force/ext_SC11_MHBD/results/sweep_341.csv
458323161,0000000000000000000000000000000000000000000000000000000000000000000000000000000000000000000000000000000000000000000000000,2102,999997900,104,0,1997,999997899,1000000000,pymatching,SurfaceCode,121,1,11,MHBD_noise,0.001,500.0,results/brute_force/ext_SC11_MHBD/results/sweep_27.csv
38201868,0303030303030303030303030303030303030303030303030303030303030303030303030303030303030303030303030303030303030303030303030,639,999999363,313,0,325,999999362,1000000000,pymatching,SurfaceCode,121,1,11,MHBD_noise,0.001,500.0,results/brute_force/ext_SC11_MHBD/results/sweep_390.csv
93545440,0333333333300303030300030303030300030303030003030303030003030303000303030303000303030300030303030300030303030033333333330,599,999999403,320,0,278,999999402,1000000000,pymatching,SurfaceCode,121,1,11,MHBD_noise,0.001,500.0,results/brute_force/ext_SC11_MHBD/results/sweep_172.csv
1930118410,3303303303300000000000303303303303303303303300000000000303303303303303303303300000000000303303303303303303303300000000000,935,999999067,390,0,544,999999066,1000000000,pymatching,SurfaceCode,121,1,11,MHBD_noise,0.001,500.0,results/brute_force/ext_SC11_MHBD/results/sweep_265.csv
808777389,0333333333300303030300030303030300030303030003030303030003030303000303030303000303030300030303030300030303030033333333330,652,999999350,314,0,337,999999349,1000000000,pymatching,SurfaceCode,121,1,11,MHBD_noise,0.001,500.0,results/brute_force/ext_SC11_MHBD/results/sweep_12.csv
239799382,0303030303030303030303030303030303030303030303030303030303030303030303030303030303030303030303030303030303030303030303030,723,999999279,359,0,363,999999278,1000000000,pymatching,SurfaceCode,121,1,11,MHBD_noise,0.001,500.0,results/brute_force/ext_SC11_MHBD/results/sweep_374.csv
335899079,0303030303030303030303030303030303030303030303030303030303030303030303030303030303030303030303030303030303030303030303030,709,999999293,343,0,365,999999292,1000000000,pymatching,SurfaceCode,121,1,11,MHBD_noise,0.001,500.0,results/brute_force/ext_SC11_MHBD/results/sweep_250.csv
1693214452,0333333333300303030300030303030300030303030003030303030003030303000303030303000303030300030303030300030303030033333333330,610,999999392,317,0,292,999999391,1000000000,pymatching,SurfaceCode,121,1,11,MHBD_noise,0.001,500.0,results/brute_force/ext_SC11_MHBD/results/sweep_196.csv
2139705115,0000000000000000000000000000000000000000000000000000000000000000000000000000000000000000000000000000000000000000000000000,2035,999997967,105,0,1929,999997966,1000000000,pymatching,SurfaceCode,121,1,11,MHBD_noise,0.001,500.0,results/brute_force/ext_SC11_MHBD/results/sweep_147.csv
886827527,3303303303300000000000303303303303303303303300000000000303303303303303303303300000000000303303303303303303303300000000000,873,999999129,350,1,521,999999128,1000000000,pymatching,SurfaceCode,121,1,11,MHBD_noise,0.001,500.0,results/brute_force/ext_SC11_MHBD/results/sweep_281.csv
132479487,0333333333300303030300030303030300030303030003030303030003030303000303030303000303030300030303030300030303030033333333330,579,999999423,292,0,286,999999422,1000000000,pymatching,SurfaceCode,121,1,11,MHBD_noise,0.001,500.0,results/brute_force/ext_SC11_MHBD/results/sweep_308.csv
891199441,3303303303300000000000303303303303303303303300000000000303303303303303303303300000000000303303303303303303303300000000000,952,999999050,395,0,556,999999049,1000000000,pymatching,SurfaceCode,121,1,11,MHBD_noise,0.001,500.0,results/brute_force/ext_SC11_MHBD/results/sweep_257.csv
2079549350,0000000000000000000000000000000000000000000000000000000000000000000000000000000000000000000000000000000000000000000000000,2048,999997954,103,0,1944,999997953,1000000000,pymatching,SurfaceCode,121,1,11,MHBD_noise,0.001,500.0,results/brute_force/ext_SC11_MHBD/results/sweep_191.csv
813530899,0333333333300303030300030303030300030303030003030303030003030303000303030303000303030300030303030300030303030033333333330,639,999999363,343,0,295,999999362,1000000000,pymatching,SurfaceCode,121,1,11,MHBD_noise,0.001,500.0,results/brute_force/ext_SC11_MHBD/results/sweep_140.csv
1699511852,0303030303030303030303030303030303030303030303030303030303030303030303030303030303030303030303030303030303030303030303030,674,999999328,325,0,348,999999327,1000000000,pymatching,SurfaceCode,121,1,11,MHBD_noise,0.001,500.0,results/brute_force/ext_SC11_MHBD/results/sweep_286.csv
1887321612,3303303303300000000000303303303303303303303300000000000303303303303303303303300000000000303303303303303303303300000000000,889,999999113,338,0,550,999999112,1000000000,pymatching,SurfaceCode,121,1,11,MHBD_noise,0.001,500.0,results/brute_force/ext_SC11_MHBD/results/sweep_69.csv
1090428835,0000000000000000000000000000000000000000000000000000000000000000000000000000000000000000000000000000000000000000000000000,2095,999997907,99,0,1995,999997906,1000000000,pymatching,SurfaceCode,121,1,11,MHBD_noise,0.001,500.0,results/brute_force/ext_SC11_MHBD/results/sweep_15.csv
15822065,3303303303300000000000303303303303303303303300000000000303303303303303303303300000000000303303303303303303303300000000000,849,999999153,341,0,507,999999152,1000000000,pymatching,SurfaceCode,121,1,11,MHBD_noise,0.001,500.0,results/brute_force/ext_SC11_MHBD/results/sweep_373.csv
1541217403,0000000000000000000000000000000000000000000000000000000000000000000000000000000000000000000000000000000000000000000000000,2086,999997916,93,0,1992,999997915,1000000000,pymatching,SurfaceCode,121,1,11,MHBD_noise,0.001,500.0,results/brute_force/ext_SC11_MHBD/results/sweep_259.csv
1283855234,0333333333300303030300030303030300030303030003030303030003030303000303030303000303030300030303030300030303030033333333330,612,999999390,285,0,326,999999389,1000000000,pymatching,SurfaceCode,121,1,11,MHBD_noise,0.001,500.0,results/brute_force/ext_SC11_MHBD/results/sweep_288.csv
1777673373,0000000000000000000000000000000000000000000000000000000000000000000000000000000000000000000000000000000000000000000000000,2059,999997943,109,0,1949,999997942,1000000000,pymatching,SurfaceCode,121,1,11,MHBD_noise,0.001,500.0,results/brute_force/ext_SC11_MHBD/results/sweep_67.csv
674475195,3303303303300000000000303303303303303303303300000000000303303303303303303303300000000000303303303303303303303300000000000,866,999999136,364,0,501,999999135,1000000000,pymatching,SurfaceCode,121,1,11,MHBD_noise,0.001,500.0,results/brute_force/ext_SC11_MHBD/results/sweep_301.csv
1448619434,3303303303300000000000303303303303303303303300000000000303303303303303303303300000000000303303303303303303303300000000000,895,999999107,368,0,526,999999106,1000000000,pymatching,SurfaceCode,121,1,11,MHBD_noise,0.001,500.0,results/brute_force/ext_SC11_MHBD/results/sweep_225.csv
1785276346,0333333333300303030300030303030300030303030003030303030003030303000303030303000303030300030303030300030303030033333333330,552,999999450,275,0,276,999999449,1000000000,pymatching,SurfaceCode,121,1,11,MHBD_noise,0.001,500.0,results/brute_force/ext_SC11_MHBD/results/sweep_132.csv
1490367791,0303030303030303030303030303030303030303030303030303030303030303030303030303030303030303030303030303030303030303030303030,625,999999377,287,0,337,999999376,1000000000,pymatching,SurfaceCode,121,1,11,MHBD_noise,0.001,500.0,results/brute_force/ext_SC11_MHBD/results/sweep_222.csv
520634290,0000000000000000000000000000000000000000000000000000000000000000000000000000000000000000000000000000000000000000000000000,1979,999998023,101,0,1877,999998022,1000000000,pymatching,SurfaceCode,121,1,11,MHBD_noise,0.001,500.0,results/brute_force/ext_SC11_MHBD/results/sweep_135.csv
1930864121,0303030303030303030303030303030303030303030303030303030303030303030303030303030303030303030303030303030303030303030303030,697,999999305,331,0,365,999999304,1000000000,pymatching,SurfaceCode,121,1,11,MHBD_noise,0.001,500.0,results/brute_force/ext_SC11_MHBD/results/sweep_198.csv
1029978848,3303303303300000000000303303303303303303303300000000000303303303303303303303300000000000303303303303303303303300000000000,878,999999124,388,0,489,999999123,1000000000,pymatching,SurfaceCode,121,1,11,MHBD_noise,0.001,500.0,results/brute_force/ext_SC11_MHBD/results/sweep_149.csv
1330920553,0333333333300303030300030303030300030303030003030303030003030303000303030303000303030300030303030300030303030033333333330,600,999999402,296,0,303,999999401,1000000000,pymatching,SurfaceCode,121,1,11,MHBD_noise,0.001,500.0,results/brute_force/ext_SC11_MHBD/results/sweep_60.csv
2057246262,0303030303030303030303030303030303030303030303030303030303030303030303030303030303030303030303030303030303030303030303030,698,999999304,343,0,354,999999303,1000000000,pymatching,SurfaceCode,121,1,11,MHBD_noise,0.001,500.0,results/brute_force/ext_SC11_MHBD/results/sweep_306.csv
1154298001,0303030303030303030303030303030303030303030303030303030303030303030303030303030303030303030303030303030303030303030303030,616,999999386,316,0,299,999999385,1000000000,pymatching,SurfaceCode,121,1,11,MHBD_noise,0.001,500.0,results/brute_force/ext_SC11_MHBD/results/sweep_178.csv
1303852681,0333333333300303030300030303030300030303030003030303030003030303000303030303000303030300030303030300030303030033333333330,601,999999401,288,0,312,999999400,1000000000,pymatching,SurfaceCode,121,1,11,MHBD_noise,0.001,500.0,results/brute_force/ext_SC11_MHBD/results/sweep_80.csv
1065968804,3303303303300000000000303303303303303303303300000000000303303303303303303303300000000000303303303303303303303300000000000,942,999999060,416,0,525,999999059,1000000000,pymatching,SurfaceCode,121,1,11,MHBD_noise,0.001,500.0,results/brute_force/ext_SC11_MHBD/results/sweep_337.csv
1586993759,0000000000000000000000000000000000000000000000000000000000000000000000000000000000000000000000000000000000000000000000000,2038,999997964,107,0,1930,999997963,1000000000,pymatching,SurfaceCode,121,1,11,MHBD_noise,0.001,500.0,results/brute_force/ext_SC11_MHBD/results/sweep_51.csv
1695641795,0333333333300303030300030303030300030303030003030303030003030303000303030303000303030300030303030300030303030033333333330,575,999999427,261,0,313,999999426,1000000000,pymatching,SurfaceCode,121,1,11,MHBD_noise,0.001,500.0,results/brute_force/ext_SC11_MHBD/results/sweep_104.csv
1022473828,3303303303300000000000303303303303303303303300000000000303303303303303303303300000000000303303303303303303303300000000000,884,999999118,364,0,519,999999117,1000000000,pymatching,SurfaceCode,121,1,11,MHBD_noise,0.001,500.0,results/brute_force/ext_SC11_MHBD/results/sweep_213.csv
83689949,0000000000000000000000000000000000000000000000000000000000000000000000000000000000000000000000000000000000000000000000000,2121,999997881,118,0,2002,999997880,1000000000,pymatching,SurfaceCode,121,1,11,MHBD_noise,0.001,500.0,results/brute_force/ext_SC11_MHBD/results/sweep_103.csv
532161580,0303030303030303030303030303030303030303030303030303030303030303030303030303030303030303030303030303030303030303030303030,677,999999325,332,0,344,999999324,1000000000,pymatching,SurfaceCode,121,1,11,MHBD_noise,0.001,500.0,results/brute_force/ext_SC11_MHBD/results/sweep_214.csv
755008348,0333333333300303030300030303030300030303030003030303030003030303000303030303000303030300030303030300030303030033333333330,577,999999425,299,0,277,999999424,1000000000,pymatching,SurfaceCode,121,1,11,MHBD_noise,0.001,500.0,results/brute_force/ext_SC11_MHBD/results/sweep_268.csv
147643089,0303030303030303030303030303030303030303030303030303030303030303030303030303030303030303030303030303030303030303030303030,613,999999389,304,0,308,999999388,1000000000,pymatching,SurfaceCode,121,1,11,MHBD_noise,0.001,500.0,results/brute_force/ext_SC11_MHBD/results/sweep_330.csv
1967308714,0000000000000000000000000000000000000000000000000000000000000000000000000000000000000000000000000000000000000000000000000,2053,999997949,113,1,1938,999997948,1000000000,pymatching,SurfaceCode,121,1,11,MHBD_noise,0.001,500.0,results/brute_force/ext_SC11_MHBD/results/sweep_87.csv
653631547,0333333333300303030300030303030300030303030003030303030003030303000303030303000303030300030303030300030303030033333333330,622,999999380,292,0,329,999999379,1000000000,pymatching,SurfaceCode,121,1,11,MHBD_noise,0.001,500.0,results/brute_force/ext_SC11_MHBD/results/sweep_56.csv
2052802779,0303030303030303030303030303030303030303030303030303030303030303030303030303030303030303030303030303030303030303030303030,683,999999319,364,0,318,999999318,1000000000,pymatching,SurfaceCode,121,1,11,MHBD_noise,0.001,500.0,results/brute_force/ext_SC11_MHBD/results/sweep_342.csv
749470168,3303303303300000000000303303303303303303303300000000000303303303303303303303300000000000303303303303303303303300000000000,933,999999069,366,0,566,999999068,1000000000,pymatching,SurfaceCode,121,1,11,MHBD_noise,0.001,500.0,results/brute_force/ext_SC11_MHBD/results/sweep_393.csv
916796301,0333333333300303030300030303030300030303030003030303030003030303000303030303000303030300030303030300030303030033333333330,596,999999406,269,0,326,999999405,1000000000,pymatching,SurfaceCode,121,1,11,MHBD_noise,0.001,500.0,results/brute_force/ext_SC11_MHBD/results/sweep_24.csv
244111306,0000000000000000000000000000000000000000000000000000000000000000000000000000000000000000000000000000000000000000000000000,2183,999997819,101,0,2081,999997818,1000000000,pymatching,SurfaceCode,121,1,11,MHBD_noise,0.001,500.0,results/brute_force/ext_SC11_MHBD/results/sweep_171.csv
938120920,0303030303030303030303030303030303030303030303030303030303030303030303030303030303030303030303030303030303030303030303030,660,999999342,310,0,349,999999341,1000000000,pymatching,SurfaceCode,121,1,11,MHBD_noise,0.001,500.0,results/brute_force/ext_SC11_MHBD/results/sweep_266.csv
1452010255,3303303303300000000000303303303303303303303300000000000303303303303303303303300000000000303303303303303303303300000000000,825,999999177,341,0,483,999999176,1000000000,pymatching,SurfaceCode,121,1,11,MHBD_noise,0.001,500.0,results/brute_force/ext_SC11_MHBD/results/sweep_89.csv
647595602,0303030303030303030303030303030303030303030303030303030303030303030303030303030303030303030303030303030303030303030303030,673,999999329,309,0,363,999999328,1000000000,pymatching,SurfaceCode,121,1,11,MHBD_noise,0.001,500.0,results/brute_force/ext_SC11_MHBD/results/sweep_58.csv
601288153,0333333333300303030300030303030300030303030003030303030003030303000303030303000303030300030303030300030303030033333333330,611,999999391,287,0,323,999999390,1000000000,pymatching,SurfaceCode,121,1,11,MHBD_noise,0.001,500.0,results/brute_force/ext_SC11_MHBD/results/sweep_176.csv
1752172560,3303303303300000000000303303303303303303303300000000000303303303303303303303300000000000303303303303303303303300000000000,917,999999085,376,0,540,999999084,1000000000,pymatching,SurfaceCode,121,1,11,MHBD_noise,0.001,500.0,results/brute_force/ext_SC11_MHBD/results/sweep_261.csv
2080038589,0000000000000000000000000000000000000000000000000000000000000000000000000000000000000000000000000000000000000000000000000,2040,999997962,109,0,1930,999997961,1000000000,pymatching,SurfaceCode,121,1,11,MHBD_noise,0.001,500.0,results/brute_force/ext_SC11_MHBD/results/sweep_339.csv
687681575,3303303303300000000000303303303303303303303300000000000303303303303303303303300000000000303303303303303303303300000000000,902,999999100,357,0,544,999999099,1000000000,pymatching,SurfaceCode,121,1,11,MHBD_noise,0.001,500.0,results/brute_force/ext_SC11_MHBD/results/sweep_345.csv
380484542,0000000000000000000000000000000000000000000000000000000000000000000000000000000000000000000000000000000000000000000000000,2159,999997843,95,0,2063,999997842,1000000000,pymatching,SurfaceCode,121,1,11,MHBD_noise,0.001,500.0,results/brute_force/ext_SC11_MHBD/results/sweep_23.csv
507456949,0303030303030303030303030303030303030303030303030303030303030303030303030303030303030303030303030303030303030303030303030,654,999999348,306,0,347,999999347,1000000000,pymatching,SurfaceCode,121,1,11,MHBD_noise,0.001,500.0,results/brute_force/ext_SC11_MHBD/results/sweep_394.csv
1672192852,0333333333300303030300030303030300030303030003030303030003030303000303030303000303030300030303030300030303030033333333330,573,999999429,284,0,288,999999428,1000000000,pymatching,SurfaceCode,121,1,11,MHBD_noise,0.001,500.0,results/brute_force/ext_SC11_MHBD/results/sweep_192.csv
581396782,0303030303030303030303030303030303030303030303030303030303030303030303030303030303030303030303030303030303030303030303030,691,999999311,339,0,351,999999310,1000000000,pymatching,SurfaceCode,121,1,11,MHBD_noise,0.001,500.0,results/brute_force/ext_SC11_MHBD/results/sweep_254.csv
1949434789,3303303303300000000000303303303303303303303300000000000303303303303303303303300000000000303303303303303303303300000000000,881,999999121,349,0,531,999999120,1000000000,pymatching,SurfaceCode,121,1,11,MHBD_noise,0.001,500.0,results/brute_force/ext_SC11_MHBD/results/sweep_285.csv
529847339,0000000000000000000000000000000000000000000000000000000000000000000000000000000000000000000000000000000000000000000000000,2118,999997884,112,0,2005,999997883,1000000000,pymatching,SurfaceCode,121,1,11,MHBD_noise,0.001,500.0,results/brute_force/ext_SC11_MHBD/results/sweep_143.csv
1612953221,0333333333300303030300030303030300030303030003030303030003030303000303030303000303030300030303030300030303030033333333330,639,999999363,307,0,331,999999362,1000000000,pymatching,SurfaceCode,121,1,11,MHBD_noise,0.001,500.0,results/brute_force/ext_SC11_MHBD/results/sweep_228.csv
1015781899,0333333333300303030300030303030300030303030003030303030003030303000303030303000303030300030303030300030303030033333333330,635,999999367,332,0,302,999999366,1000000000,pymatching,SurfaceCode,121,1,11,MHBD_noise,0.001,500.0,results/brute_force/ext_SC11_MHBD/results/sweep_16.csv
624422146,0303030303030303030303030303030303030303030303030303030303030303030303030303030303030303030303030303030303030303030303030,670,999999332,344,0,325,999999331,1000000000,pymatching,SurfaceCode,121,1,11,MHBD_noise,0.001,500.0,results/brute_force/ext_SC11_MHBD/results/sweep_370.csv
2022702986,0303030303030303030303030303030303030303030303030303030303030303030303030303030303030303030303030303030303030303030303030,672,999999330,358,0,313,999999329,1000000000,pymatching,SurfaceCode,121,1,11,MHBD_noise,0.001,500.0,results/brute_force/ext_SC11_MHBD/results/sweep_138.csv
792334240,0000000000000000000000000000000000000000000000000000000000000000000000000000000000000000000000000000000000000000000000000,2238,999997764,122,0,2115,999997763,1000000000,pymatching,SurfaceCode,121,1,11,MHBD_noise,0.001,500.0,results/brute_force/ext_SC11_MHBD/results/sweep_11.csv
1943775411,3303303303300000000000303303303303303303303300000000000303303303303303303303300000000000303303303303303303303300000000000,936,999999066,385,0,550,999999065,1000000000,pymatching,SurfaceCode,121,1,11,MHBD_noise,0.001,500.0,results/brute_force/ext_SC11_MHBD/results/sweep_377.csv
1194450879,0000000000000000000000000000000000000000000000000000000000000000000000000000000000000000000000000000000000000000000000000,2237,999997765,119,0,2117,999997764,1000000000,pymatching,SurfaceCode,121,1,11,MHBD_noise,0.001,500.0,results/brute_force/ext_SC11_MHBD/results/sweep_195.csv
855015459,3303303303300000000000303303303303303303303300000000000303303303303303303303300000000000303303303303303303303300000000000,918,999999084,382,0,535,999999083,1000000000,pymatching,SurfaceCode,121,1,11,MHBD_noise,0.001,500.0,results/brute_force/ext_SC11_MHBD/results/sweep_253.csv
2101028963,0303030303030303030303030303030303030303030303030303030303030303030303030303030303030303030303030303030303030303030303030,637,999999365,290,0,346,999999364,1000000000,pymatching,SurfaceCode,121,1,11,MHBD_noise,0.001,500.0,results/brute_force/ext_SC11_MHBD/results/sweep_282.csv
69373279,0333333333300303030300030303030300030303030003030303030003030303000303030303000303030300030303030300030303030033333333330,577,999999425,302,0,274,999999424,1000000000,pymatching,SurfaceCode,121,1,11,MHBD_noise,0.001,500.0,results/brute_force/ext_SC11_MHBD/results/sweep_144.csv
315390245,3303303303300000000000303303303303303303303300000000000303303303303303303303300000000000303303303303303303303300000000000,844,999999158,368,0,475,999999157,1000000000,pymatching,SurfaceCode,121,1,11,MHBD_noise,0.001,500.0,results/brute_force/ext_SC11_MHBD/results/sweep_221.csv
559882876,0333333333300303030300030303030300030303030003030303030003030303000303030303000303030300030303030300030303030033333333330,600,999999402,286,0,313,999999401,1000000000,pymatching,SurfaceCode,121,1,11,MHBD_noise,0.001,500.0,results/brute_force/ext_SC11_MHBD/results/sweep_136.csv
1277939442,0000000000000000000000000000000000000000000000000000000000000000000000000000000000000000000000000000000000000000000000000,2124,999997878,113,0,2010,999997877,1000000000,pymatching,SurfaceCode,121,1,11,MHBD_noise,0.001,500.0,results/brute_force/ext_SC11_MHBD/results/sweep_379.csv
1551149253,0000000000000000000000000000000000000000000000000000000000000000000000000000000000000000000000000000000000000000000000000,2106,999997896,112,0,1993,999997895,1000000000,pymatching,SurfaceCode,121,1,11,MHBD_noise,0.001,500.0,results/brute_force/ext_SC11_MHBD/results/sweep_63.csv
1159338356,3303303303300000000000303303303303303303303300000000000303303303303303303303300000000000303303303303303303303300000000000,882,999999120,376,0,505,999999119,1000000000,pymatching,SurfaceCode,121,1,11,MHBD_noise,0.001,500.0,results/brute_force/ext_SC11_MHBD/results/sweep_305.csv
1426629885,0333333333300303030300030303030300030303030003030303030003030303000303030303000303030300030303030300030303030033333333330,588,999999414,283,0,304,999999413,1000000000,pymatching,SurfaceCode,121,1,11,MHBD_noise,0.001,500.0,results/brute_force/ext_SC11_MHBD/results/sweep_64.csv
1557693822,0303030303030303030303030303030303030303030303030303030303030303030303030303030303030303030303030303030303030303030303030,654,999999348,318,0,335,999999347,1000000000,pymatching,SurfaceCode,121,1,11,MHBD_noise,0.001,500.0,results/brute_force/ext_SC11_MHBD/results/sweep_302.csv
1878356120,0303030303030303030303030303030303030303030303030303030303030303030303030303030303030303030303030303030303030303030303030,677,999999325,340,0,336,999999324,1000000000,pymatching,SurfaceCode,121,1,11,MHBD_noise,0.001,500.0,results/brute_force/ext_SC11_MHBD/results/sweep_226.csv
1834939209,0000000000000000000000000000000000000000000000000000000000000000000000000000000000000000000000000000000000000000000000000,2051,999997951,95,0,1955,999997950,1000000000,pymatching,SurfaceCode,121,1,11,MHBD_noise,0.001,500.0,results/brute_force/ext_SC11_MHBD/results/sweep_131.csv
2032295080,0303030303030303030303030303030303030303030303030303030303030303030303030303030303030303030303030303030303030303030303030,675,999999327,349,0,325,999999326,1000000000,pymatching,SurfaceCode,121,1,11,MHBD_noise,0.001,500.0,results/brute_force/ext_SC11_MHBD/results/sweep_18.csv
154487688,3303303303300000000000303303303303303303303300000000000303303303303303303303300000000000303303303303303303303300000000000,930,999999072,375,0,554,999999071,1000000000,pymatching,SurfaceCode,121,1,11,MHBD_noise,0.001,500.0,results/brute_force/ext_SC11_MHBD/results/sweep_313.csv
737398117,0000000000000000000000000000000000000000000000000000000000000000000000000000000000000000000000000000000000000000000000000,2066,999997936,100,0,1965,999997935,1000000000,pymatching,SurfaceCode,121,1,11,MHBD_noise,0.001,500.0,results/brute_force/ext_SC11_MHBD/results/sweep_75.csv
1480183108,0333333333300303030300030303030300030303030003030303030003030303000303030303000303030300030303030300030303030033333333330,608,999999394,288,0,319,999999393,1000000000,pymatching,SurfaceCode,121,1,11,MHBD_noise,0.001,500.0,results/brute_force/ext_SC11_MHBD/results/sweep_120.csv
765049325,3303303303300000000000303303303303303303303300000000000303303303303303303303300000000000303303303303303303303300000000000,945,999999057,386,0,558,999999056,1000000000,pymatching,SurfaceCode,121,1,11,MHBD_noise,0.001,500.0,results/brute_force/ext_SC11_MHBD/results/sweep_237.csv
892854478,0333333333300303030300030303030300030303030003030303030003030303000303030303000303030300030303030300030303030033333333330,611,999999391,301,0,309,999999390,1000000000,pymatching,SurfaceCode,121,1,11,MHBD_noise,0.001,500.0,results/brute_force/ext_SC11_MHBD/results/sweep_368.csv
916435777,0000000000000000000000000000000000000000000000000000000000000000000000000000000000000000000000000000000000000000000000000,2116,999997886,105,0,2010,999997885,1000000000,pymatching,SurfaceCode,121,1,11,MHBD_noise,0.001,500.0,results/brute_force/ext_SC11_MHBD/results/sweep_127.csv
1707251755,0303030303030303030303030303030303030303030303030303030303030303030303030303030303030303030303030303030303030303030303030,694,999999308,351,0,342,999999307,1000000000,pymatching,SurfaceCode,121,1,11,MHBD_noise,0.001,500.0,results/brute_force/ext_SC11_MHBD/results/sweep_230.csv
663208783,0303030303030303030303030303030303030303030303030303030303030303030303030303030303030303030303030303030303030303030303030,674,999999328,350,0,323,999999327,1000000000,pymatching,SurfaceCode,121,1,11,MHBD_noise,0.001,500.0,results/brute_force/ext_SC11_MHBD/results/sweep_314.csv
635169735,0333333333300303030300030303030300030303030003030303030003030303000303030303000303030300030303030300030303030033333333330,582,999999420,281,0,300,999999419,1000000000,pymatching,SurfaceCode,121,1,11,MHBD_noise,0.001,500.0,results/brute_force/ext_SC11_MHBD/results/sweep_8.csv
780906669,0333333333300303030300030303030300030303030003030303030003030303000303030303000303030300030303030300030303030033333333330,628,999999374,314,0,313,999999373,1000000000,pymatching,SurfaceCode,121,1,11,MHBD_noise,0.001,500.0,results/brute_force/ext_SC11_MHBD/results/sweep_72.csv
2050164320,0303030303030303030303030303030303030303030303030303030303030303030303030303030303030303030303030303030303030303030303030,702,999999300,349,0,352,999999299,1000000000,pymatching,SurfaceCode,121,1,11,MHBD_noise,0.001,500.0,results/brute_force/ext_SC11_MHBD/results/sweep_366.csv
844234028,3303303303300000000000303303303303303303303300000000000303303303303303303303300000000000303303303303303303303300000000000,881,999999121,388,0,492,999999120,1000000000,pymatching,SurfaceCode,121,1,11,MHBD_noise,0.001,500.0,results/brute_force/ext_SC11_MHBD/results/sweep_129.csv
1733500295,0303030303030303030303030303030303030303030303030303030303030303030303030303030303030303030303030303030303030303030303030,654,999999348,340,0,313,999999347,1000000000,pymatching,SurfaceCode,121,1,11,MHBD_noise,0.001,500.0,results/brute_force/ext_SC11_MHBD/results/sweep_6.csv
2015642813,3303303303300000000000303303303303303303303300000000000303303303303303303303300000000000303303303303303303303300000000000,911,999999091,400,0,510,999999090,1000000000,pymatching,SurfaceCode,121,1,11,MHBD_noise,0.001,500.0,results/brute_force/ext_SC11_MHBD/results/sweep_293.csv
499945120,0000000000000000000000000000000000000000000000000000000000000000000000000000000000000000000000000000000000000000000000000,2066,999997936,111,0,1954,999997935,1000000000,pymatching,SurfaceCode,121,1,11,MHBD_noise,0.001,500.0,results/brute_force/ext_SC11_MHBD/results/sweep_155.csv
515417412,0333333333300303030300030303030300030303030003030303030003030303000303030303000303030300030303030300030303030033333333330,586,999999416,287,0,298,999999415,1000000000,pymatching,SurfaceCode,121,1,11,MHBD_noise,0.001,500.0,results/brute_force/ext_SC11_MHBD/results/sweep_184.csv
2083780007,0303030303030303030303030303030303030303030303030303030303030303030303030303030303030303030303030303030303030303030303030,667,999999335,337,0,329,999999334,1000000000,pymatching,SurfaceCode,121,1,11,MHBD_noise,0.001,500.0,results/brute_force/ext_SC11_MHBD/results/sweep_242.csv
1861737785,3303303303300000000000303303303303303303303300000000000303303303303303303303300000000000303303303303303303303300000000000,914,999999088,389,0,524,999999087,1000000000,pymatching,SurfaceCode,121,1,11,MHBD_noise,0.001,500.0,results/brute_force/ext_SC11_MHBD/results/sweep_1.csv
1170063697,0303030303030303030303030303030303030303030303030303030303030303030303030303030303030303030303030303030303030303030303030,636,999999366,309,0,326,999999365,1000000000,pymatching,SurfaceCode,121,1,11,MHBD_noise,0.001,500.0,results/brute_force/ext_SC11_MHBD/results/sweep_294.csv
858389614,0333333333300303030300030303030300030303030003030303030003030303000303030303000303030300030303030300030303030033333333330,616,999999386,328,0,287,999999385,1000000000,pymatching,SurfaceCode,121,1,11,MHBD_noise,0.001,500.0,results/brute_force/ext_SC11_MHBD/results/sweep_152.csv
1372581474,0000000000000000000000000000000000000000000000000000000000000000000000000000000000000000000000000000000000000000000000000,2060,999997942,110,0,1949,999997941,1000000000,pymatching,SurfaceCode,121,1,11,MHBD_noise,0.001,500.0,results/brute_force/ext_SC11_MHBD/results/sweep_183.csv
216447390,3303303303300000000000303303303303303303303300000000000303303303303303303303300000000000303303303303303303303300000000000,897,999999105,363,0,533,999999104,1000000000,pymatching,SurfaceCode,121,1,11,MHBD_noise,0.001,500.0,results/brute_force/ext_SC11_MHBD/results/sweep_245.csv
1825263448,3303303303300000000000303303303303303303303300000000000303303303303303303303300000000000303303303303303303303300000000000,892,999999110,370,0,521,999999109,1000000000,pymatching,SurfaceCode,121,1,11,MHBD_noise,0.001,500.0,results/brute_force/ext_SC11_MHBD/results/sweep_361.csv
1506575854,0000000000000000000000000000000000000000000000000000000000000000000000000000000000000000000000000000000000000000000000000,1998,999998004,99,0,1898,999998003,1000000000,pymatching,SurfaceCode,121,1,11,MHBD_noise,0.001,500.0,results/brute_force/ext_SC11_MHBD/results/sweep_239.csv
1531555465,0333333333300303030300030303030300030303030003030303030003030303000303030303000303030300030303030300030303030033333333330,579,999999423,285,0,293,999999422,1000000000,pymatching,SurfaceCode,121,1,11,MHBD_noise,0.001,500.0,results/brute_force/ext_SC11_MHBD/results/sweep_328.csv
913308990,0303030303030303030303030303030303030303030303030303030303030303030303030303030303030303030303030303030303030303030303030,661,999999341,359,0,301,999999340,1000000000,pymatching,SurfaceCode,121,1,11,MHBD_noise,0.001,500.0,results/brute_force/ext_SC11_MHBD/results/sweep_270.csv
172699575,0000000000000000000000000000000000000000000000000000000000000000000000000000000000000000000000000000000000000000000000000,2027,999997975,115,0,1911,999997974,1000000000,pymatching,SurfaceCode,121,1,11,MHBD_noise,0.001,500.0,results/brute_force/ext_SC11_MHBD/results/sweep_167.csv
169101472,0333333333300303030300030303030300030303030003030303030003030303000303030303000303030300030303030300030303030033333333330,597,999999405,303,0,293,999999404,1000000000,pymatching,SurfaceCode,121,1,11,MHBD_noise,0.001,500.0,results/brute_force/ext_SC11_MHBD/results/sweep_32.csv
1121891897,3303303303300000000000303303303303303303303300000000000303303303303303303303300000000000303303303303303303303300000000000,904,999999098,411,0,492,999999097,1000000000,pymatching,SurfaceCode,121,1,11,MHBD_noise,0.001,500.0,results/brute_force/ext_SC11_MHBD/results/sweep_385.csv
1310765115,0303030303030303030303030303030303030303030303030303030303030303030303030303030303030303030303030303030303030303030303030,652,999999350,327,0,324,999999349,1000000000,pymatching,SurfaceCode,121,1,11,MHBD_noise,0.001,500.0,results/brute_force/ext_SC11_MHBD/results/sweep_354.csv
1241280005,0303030303030303030303030303030303030303030303030303030303030303030303030303030303030303030303030303030303030303030303030,726,999999276,392,0,333,999999275,1000000000,pymatching,SurfaceCode,121,1,11,MHBD_noise,0.001,500.0,results/brute_force/ext_SC11_MHBD/results/sweep_382.csv
403945722,0000000000000000000000000000000000000000000000000000000000000000000000000000000000000000000000000000000000000000000000000,2044,999997958,80,0,1963,999997957,1000000000,pymatching,SurfaceCode,121,1,11,MHBD_noise,0.001,500.0,results/brute_force/ext_SC11_MHBD/results/sweep_35.csv
684294472,3303303303300000000000303303303303303303303300000000000303303303303303303303300000000000303303303303303303303300000000000,901,999999101,393,0,507,999999100,1000000000,pymatching,SurfaceCode,121,1,11,MHBD_noise,0.001,500.0,results/brute_force/ext_SC11_MHBD/results/sweep_353.csv
517157332,3303303303300000000000303303303303303303303300000000000303303303303303303303300000000000303303303303303303303300000000000,897,999999105,382,0,514,999999104,1000000000,pymatching,SurfaceCode,121,1,11,MHBD_noise,0.001,500.0,results/brute_force/ext_SC11_MHBD/results/sweep_49.csv
342866123,0303030303030303030303030303030303030303030303030303030303030303030303030303030303030303030303030303030303030303030303030,716,999999286,355,0,360,999999285,1000000000,pymatching,SurfaceCode,121,1,11,MHBD_noise,0.001,500.0,results/brute_force/ext_SC11_MHBD/results/sweep_98.csv
639985511,3303303303300000000000303303303303303303303300000000000303303303303303303303300000000000303303303303303303303300000000000,909,999999093,388,0,520,999999092,1000000000,pymatching,SurfaceCode,121,1,11,MHBD_noise,0.001,500.0,results/brute_force/ext_SC11_MHBD/results/sweep_277.csv
428433430,0333333333300303030300030303030300030303030003030303030003030303000303030303000303030300030303030300030303030033333333330,634,999999368,314,0,319,999999367,1000000000,pymatching,SurfaceCode,121,1,11,MHBD_noise,0.001,500.0,results/brute_force/ext_SC11_MHBD/results/sweep_160.csv
936556340,3303303303300000000000303303303303303303303300000000000303303303303303303303300000000000303303303303303303303300000000000,855,999999147,339,0,515,999999146,1000000000,pymatching,SurfaceCode,121,1,11,MHBD_noise,0.001,500.0,results/brute_force/ext_SC11_MHBD/results/sweep_205.csv
1737343298,0333333333300303030300030303030300030303030003030303030003030303000303030303000303030300030303030300030303030033333333330,645,999999357,327,0,317,999999356,1000000000,pymatching,SurfaceCode,121,1,11,MHBD_noise,0.001,500.0,results/brute_force/ext_SC11_MHBD/results/sweep_112.csv
857025739,0000000000000000000000000000000000000000000000000000000000000000000000000000000000000000000000000000000000000000000000000,2154,999997848,95,0,2058,999997847,1000000000,pymatching,SurfaceCode,121,1,11,MHBD_noise,0.001,500.0,results/brute_force/ext_SC11_MHBD/results/sweep_47.csv
848499044,3303303303300000000000303303303303303303303300000000000303303303303303303303300000000000303303303303303303303300000000000,915,999999087,384,0,530,999999086,1000000000,pymatching,SurfaceCode,121,1,11,MHBD_noise,0.001,500.0,results/brute_force/ext_SC11_MHBD/results/sweep_321.csv
553444775,0333333333300303030300030303030300030303030003030303030003030303000303030303000303030300030303030300030303030033333333330,604,999999398,299,0,304,999999397,1000000000,pymatching,SurfaceCode,121,1,11,MHBD_noise,0.001,500.0,results/brute_force/ext_SC11_MHBD/results/sweep_96.csv
1940633409,0000000000000000000000000000000000000000000000000000000000000000000000000000000000000000000000000000000000000000000000000,2102,999997900,95,0,2006,999997899,1000000000,pymatching,SurfaceCode,121,1,11,MHBD_noise,0.001,500.0,results/brute_force/ext_SC11_MHBD/results/sweep_279.csv
1049091579,0333333333300303030300030303030300030303030003030303030003030303000303030303000303030300030303030300030303030033333333330,563,999999439,276,0,286,999999438,1000000000,pymatching,SurfaceCode,121,1,11,MHBD_noise,0.001,500.0,results/brute_force/ext_SC11_MHBD/results/sweep_40.csv
1241938147,0000000000000000000000000000000000000000000000000000000000000000000000000000000000000000000000000000000000000000000000000,2197,999997805,97,0,2099,999997804,1000000000,pymatching,SurfaceCode,121,1,11,MHBD_noise,0.001,500.0,results/brute_force/ext_SC11_MHBD/results/sweep_91.csv
622874208,0303030303030303030303030303030303030303030303030303030303030303030303030303030303030303030303030303030303030303030303030,693,999999309,365,0,327,999999308,1000000000,pymatching,SurfaceCode,121,1,11,MHBD_noise,0.001,500.0,results/brute_force/ext_SC11_MHBD/results/sweep_326.csv
1378048507,3303303303300000000000303303303303303303303300000000000303303303303303303303300000000000303303303303303303303300000000000,900,999999102,392,0,507,999999101,1000000000,pymatching,SurfaceCode,121,1,11,MHBD_noise,0.001,500.0,results/brute_force/ext_SC11_MHBD/results/sweep_169.csv
226134458,0303030303030303030303030303030303030303030303030303030303030303030303030303030303030303030303030303030303030303030303030,651,999999351,329,0,321,999999350,1000000000,pymatching,SurfaceCode,121,1,11,MHBD_noise,0.001,500.0,results/brute_force/ext_SC11_MHBD/results/sweep_202.csv
1979234736,0000000000000000000000000000000000000000000000000000000000000000000000000000000000000000000000000000000000000000000000000,2113,999997889,119,0,1993,999997888,1000000000,pymatching,SurfaceCode,121,1,11,MHBD_noise,0.001,500.0,results/brute_force/ext_SC11_MHBD/results/sweep_115.csv
1682597046,3303303303300000000000303303303303303303303300000000000303303303303303303303300000000000303303303303303303303300000000000,865,999999137,373,0,491,999999136,1000000000,pymatching,SurfaceCode,121,1,11,MHBD_noise,0.001,500.0,results/brute_force/ext_SC11_MHBD/results/sweep_65.csv
513230218,0000000000000000000000000000000000000000000000000000000000000000000000000000000000000000000000000000000000000000000000000,2133,999997869,121,0,2011,999997868,1000000000,pymatching,SurfaceCode,121,1,11,MHBD_noise,0.001,500.0,results/brute_force/ext_SC11_MHBD/results/sweep_303.csv
1756612179,0000000000000000000000000000000000000000000000000000000000000000000000000000000000000000000000000000000000000000000000000,2095,999997907,112,0,1982,999997906,1000000000,pymatching,SurfaceCode,121,1,11,MHBD_noise,0.001,500.0,results/brute_force/ext_SC11_MHBD/results/sweep_227.csv
1204289474,0303030303030303030303030303030303030303030303030303030303030303030303030303030303030303030303030303030303030303030303030,666,999999336,319,0,346,999999335,1000000000,pymatching,SurfaceCode,121,1,11,MHBD_noise,0.001,500.0,results/brute_force/ext_SC11_MHBD/results/sweep_130.csv
782412767,0000000000000000000000000000000000000000000000000000000000000000000000000000000000000000000000000000000000000000000000000,2075,999997927,99,0,1975,999997926,1000000000,pymatching,SurfaceCode,121,1,11,MHBD_noise,0.001,500.0,results/brute_force/ext_SC11_MHBD/results/sweep_19.csv
504238550,0333333333300303030300030303030300030303030003030303030003030303000303030303000303030300030303030300030303030033333333330,604,999999398,314,0,289,999999397,1000000000,pymatching,SurfaceCode,121,1,11,MHBD_noise,0.001,500.0,results/brute_force/ext_SC11_MHBD/results/sweep_220.csv
1347266358,3303303303300000000000303303303303303303303300000000000303303303303303303303300000000000303303303303303303303300000000000,962,999999040,399,0,562,999999039,1000000000,pymatching,SurfaceCode,121,1,11,MHBD_noise,0.001,500.0,results/brute_force/ext_SC11_MHBD/results/sweep_137.csv
1497849100,0303030303030303030303030303030303030303030303030303030303030303030303030303030303030303030303030303030303030303030303030,666,999999336,322,0,343,999999335,1000000000,pymatching,SurfaceCode,121,1,11,MHBD_noise,0.001,500.0,results/brute_force/ext_SC11_MHBD/results/sweep_378.csv
142731269,0303030303030303030303030303030303030303030303030303030303030303030303030303030303030303030303030303030303030303030303030,643,999999359,322,0,320,999999358,1000000000,pymatching,SurfaceCode,121,1,11,MHBD_noise,0.001,500.0,results/brute_force/ext_SC11_MHBD/results/sweep_62.csv
330173256,0333333333300303030300030303030300030303030003030303030003030303000303030303000303030300030303030300030303030033333333330,598,999999404,294,0,303,999999403,1000000000,pymatching,SurfaceCode,121,1,11,MHBD_noise,0.001,500.0,results/brute_force/ext_SC11_MHBD/results/sweep_304.csv
1311211421,0000000000000000000000000000000000000000000000000000000000000000000000000000000000000000000000000000000000000000000000000,2027,999997975,96,0,1930,999997974,1000000000,pymatching,SurfaceCode,121,1,11,MHBD_noise,0.001,500.0,results/brute_force/ext_SC11_MHBD/results/sweep_139.csv
1697196416,0333333333300303030300030303030300030303030003030303030003030303000303030303000303030300030303030300030303030033333333330,621,999999381,282,0,338,999999380,1000000000,pymatching,SurfaceCode,121,1,11,MHBD_noise,0.001,500.0,results/brute_force/ext_SC11_MHBD/results/sweep_400.csv
2019236140,0303030303030303030303030303030303030303030303030303030303030303030303030303030303030303030303030303030303030303030303030,700,999999302,361,0,338,999999301,1000000000,pymatching,SurfaceCode,121,1,11,MHBD_noise,0.001,500.0,results/brute_force/ext_SC11_MHBD/results/sweep_10.csv
1636118097,0333333333300303030300030303030300030303030003030303030003030303000303030303000303030300030303030300030303030033333333330,581,999999421,307,0,273,999999420,1000000000,pymatching,SurfaceCode,121,1,11,MHBD_noise,0.001,500.0,results/brute_force/ext_SC11_MHBD/results/sweep_376.csv
1097543873,0303030303030303030303030303030303030303030303030303030303030303030303030303030303030303030303030303030303030303030303030,693,999999309,352,0,340,999999308,1000000000,pymatching,SurfaceCode,121,1,11,MHBD_noise,0.001,500.0,results/brute_force/ext_SC11_MHBD/results/sweep_194.csv
921380322,0333333333300303030300030303030300030303030003030303030003030303000303030303000303030300030303030300030303030033333333330,616,999999386,301,0,314,999999385,1000000000,pymatching,SurfaceCode,121,1,11,MHBD_noise,0.001,500.0,results/brute_force/ext_SC11_MHBD/results/sweep_252.csv
1652591207,0000000000000000000000000000000000000000000000000000000000000000000000000000000000000000000000000000000000000000000000000,2024,999997978,99,0,1924,999997977,1000000000,pymatching,SurfaceCode,121,1,11,MHBD_noise,0.001,500.0,results/brute_force/ext_SC11_MHBD/results/sweep_283.csv
1025487315,3303303303300000000000303303303303303303303300000000000303303303303303303303300000000000303303303303303303303300000000000,907,999999095,401,0,505,999999094,1000000000,pymatching,SurfaceCode,121,1,11,MHBD_noise,0.001,500.0,results/brute_force/ext_SC11_MHBD/results/sweep_145.csv
1216488939,3303303303300000000000303303303303303303303300000000000303303303303303303303300000000000303303303303303303303300000000000,942,999999060,387,0,554,999999059,1000000000,pymatching,SurfaceCode,121,1,11,MHBD_noise,0.001,500.0,results/brute_force/ext_SC11_MHBD/results/sweep_193.csv
1184209004,0000000000000000000000000000000000000000000000000000000000000000000000000000000000000000000000000000000000000000000000000,2206,999997796,113,0,2092,999997795,1000000000,pymatching,SurfaceCode,121,1,11,MHBD_noise,0.001,500.0,results/brute_force/ext_SC11_MHBD/results/sweep_255.csv
1074668328,0333333333300303030300030303030300030303030003030303030003030303000303030303000303030300030303030300030303030033333333330,590,999999412,291,0,298,999999411,1000000000,pymatching,SurfaceCode,121,1,11,MHBD_noise,0.001,500.0,results/brute_force/ext_SC11_MHBD/results/sweep_284.csv
1267685125,0303030303030303030303030303030303030303030303030303030303030303030303030303030303030303030303030303030303030303030303030,689,999999313,336,0,352,999999312,1000000000,pymatching,SurfaceCode,121,1,11,MHBD_noise,0.001,500.0,results/brute_force/ext_SC11_MHBD/results/sweep_142.csv
1779809376,3303303303300000000000303303303303303303303300000000000303303303303303303303300000000000303303303303303303303300000000000,888,999999114,365,0,522,999999113,1000000000,pymatching,SurfaceCode,121,1,11,MHBD_noise,0.001,500.0,results/brute_force/ext_SC11_MHBD/results/sweep_229.csv
1502824156,3303303303300000000000303303303303303303303300000000000303303303303303303303300000000000303303303303303303303300000000000,879,999999123,367,0,511,999999122,1000000000,pymatching,SurfaceCode,121,1,11,MHBD_noise,0.001,500.0,results/brute_force/ext_SC11_MHBD/results/sweep_17.csv
2069126004,0000000000000000000000000000000000000000000000000000000000000000000000000000000000000000000000000000000000000000000000000,2150,999997852,87,0,2062,999997851,1000000000,pymatching,SurfaceCode,121,1,11,MHBD_noise,0.001,500.0,results/brute_force/ext_SC11_MHBD/results/sweep_371.csv
1449819187,3303303303300000000000303303303303303303303300000000000303303303303303303303300000000000303303303303303303303300000000000,903,999999099,384,0,518,999999098,1000000000,pymatching,SurfaceCode,121,1,11,MHBD_noise,0.001,500.0,results/brute_force/ext_SC11_MHBD/results/sweep_177.csv
1333421665,0333333333300303030300030303030300030303030003030303030003030303000303030303000303030300030303030300030303030033333333330,658,999999344,326,0,331,999999343,1000000000,pymatching,SurfaceCode,121,1,11,MHBD_noise,0.001,500.0,results/brute_force/ext_SC11_MHBD/results/sweep_260.csv
1942189899,0303030303030303030303030303030303030303030303030303030303030303030303030303030303030303030303030303030303030303030303030,656,999999346,323,0,332,999999345,1000000000,pymatching,SurfaceCode,121,1,11,MHBD_noise,0.001,500.0,results/brute_force/ext_SC11_MHBD/results/sweep_338.csv
1242354521,0333333333300303030300030303030300030303030003030303030003030303000303030303000303030300030303030300030303030033333333330,614,999999388,302,0,311,999999387,1000000000,pymatching,SurfaceCode,121,1,11,MHBD_noise,0.001,500.0,results/brute_force/ext_SC11_MHBD/results/sweep_344.csv
378315269,0303030303030303030303030303030303030303030303030303030303030303030303030303030303030303030303030303030303030303030303030,680,999999322,347,0,332,999999321,1000000000,pymatching,SurfaceCode,121,1,11,MHBD_noise,0.001,500.0,results/brute_force/ext_SC11_MHBD/results/sweep_22.csv
2035377695,0000000000000000000000000000000000000000000000000000000000000000000000000000000000000000000000000000000000000000000000000,2072,999997930,102,0,1969,999997929,1000000000,pymatching,SurfaceCode,121,1,11,MHBD_noise,0.001,500.0,results/brute_force/ext_SC11_MHBD/results/sweep_395.csv
364156976,0000000000000000000000000000000000000000000000000000000000000000000000000000000000000000000000000000000000000000000000000,2135,999997867,107,0,2027,999997866,1000000000,pymatching,SurfaceCode,121,1,11,MHBD_noise,0.001,500.0,results/brute_force/ext_SC11_MHBD/results/sweep_343.csv
1438976632,0333333333300303030300030303030300030303030003030303030003030303000303030303000303030300030303030300030303030033333333330,588,999999414,294,0,293,999999413,1000000000,pymatching,SurfaceCode,121,1,11,MHBD_noise,0.001,500.0,results/brute_force/ext_SC11_MHBD/results/sweep_392.csv
1994956952,3303303303300000000000303303303303303303303300000000000303303303303303303303300000000000303303303303303303303300000000000,891,999999111,387,0,503,999999110,1000000000,pymatching,SurfaceCode,121,1,11,MHBD_noise,0.001,500.0,results/brute_force/ext_SC11_MHBD/results/sweep_25.csv
1435763171,0303030303030303030303030303030303030303030303030303030303030303030303030303030303030303030303030303030303030303030303030,674,999999328,342,0,331,999999327,1000000000,pymatching,SurfaceCode,121,1,11,MHBD_noise,0.001,500.0,results/brute_force/ext_SC11_MHBD/results/sweep_170.csv
310214294,0000000000000000000000000000000000000000000000000000000000000000000000000000000000000000000000000000000000000000000000000,2098,999997904,120,0,1977,999997903,1000000000,pymatching,SurfaceCode,121,1,11,MHBD_noise,0.001,500.0,results/brute_force/ext_SC11_MHBD/results/sweep_267.csv
842661087,0333333333300303030300030303030300030303030003030303030003030303000303030303000303030300030303030300030303030033333333330,578,999999424,282,0,295,999999423,1000000000,pymatching,SurfaceCode,121,1,11,MHBD_noise,0.001,500.0,results/brute_force/ext_SC11_MHBD/results/sweep_88.csv
476216439,0000000000000000000000000000000000000000000000000000000000000000000000000000000000000000000000000000000000000000000000000,2137,999997865,113,0,2023,999997864,1000000000,pymatching,SurfaceCode,121,1,11,MHBD_noise,0.001,500.0,results/brute_force/ext_SC11_MHBD/results/sweep_59.csv
1917939976,0303030303030303030303030303030303030303030303030303030303030303030303030303030303030303030303030303030303030303030303030,706,999999296,342,0,363,999999295,1000000000,pymatching,SurfaceCode,121,1,11,MHBD_noise,0.001,500.0,results/brute_force/ext_SC11_MHBD/results/sweep_102.csv
1014898726,0000000000000000000000000000000000000000000000000000000000000000000000000000000000000000000000000000000000000000000000000,2100,999997902,94,0,2005,999997901,1000000000,pymatching,SurfaceCode,121,1,11,MHBD_noise,0.001,500.0,results/brute_force/ext_SC11_MHBD/results/sweep_215.csv
625168313,3303303303300000000000303303303303303303303300000000000303303303303303303303300000000000303303303303303303303300000000000,924,999999078,402,0,521,999999077,1000000000,pymatching,SurfaceCode,121,1,11,MHBD_noise,0.001,500.0,results/brute_force/ext_SC11_MHBD/results/sweep_269.csv
740096175,0000000000000000000000000000000000000000000000000000000000000000000000000000000000000000000000000000000000000000000000000,2084,999997918,108,0,1975,999997917,1000000000,pymatching,SurfaceCode,121,1,11,MHBD_noise,0.001,500.0,results/brute_force/ext_SC11_MHBD/results/sweep_331.csv
1589260701,0303030303030303030303030303030303030303030303030303030303030303030303030303030303030303030303030303030303030303030303030,664,999999338,302,0,361,999999337,1000000000,pymatching,SurfaceCode,121,1,11,MHBD_noise,0.001,500.0,results/brute_force/ext_SC11_MHBD/results/sweep_86.csv
1054921136,3303303303300000000000303303303303303303303300000000000303303303303303303303300000000000303303303303303303303300000000000,905,999999097,339,0,565,999999096,1000000000,pymatching,SurfaceCode,121,1,11,MHBD_noise,0.001,500.0,results/brute_force/ext_SC11_MHBD/results/sweep_57.csv
456765879,0000000000000000000000000000000000000000000000000000000000000000000000000000000000000000000000000000000000000000000000000,2053,999997949,108,0,1944,999997948,1000000000,pymatching,SurfaceCode,121,1,11,MHBD_noise,0.001,500.0,results/brute_force/ext_SC11_MHBD/results/sweep_179.csv
1866924640,3303303303300000000000303303303303303303303300000000000303303303303303303303300000000000303303303303303303303300000000000,922,999999080,382,0,539,999999079,1000000000,pymatching,SurfaceCode,121,1,11,MHBD_noise,0.001,500.0,results/brute_force/ext_SC11_MHBD/results/sweep_81.csv
851890317,0333333333300303030300030303030300030303030003030303030003030303000303030303000303030300030303030300030303030033333333330,638,999999364,310,0,327,999999363,1000000000,pymatching,SurfaceCode,121,1,11,MHBD_noise,0.001,500.0,results/brute_force/ext_SC11_MHBD/results/sweep_336.csv
298744202,0303030303030303030303030303030303030303030303030303030303030303030303030303030303030303030303030303030303030303030303030,697,999999305,348,0,348,999999304,1000000000,pymatching,SurfaceCode,121,1,11,MHBD_noise,0.001,500.0,results/brute_force/ext_SC11_MHBD/results/sweep_50.csv
528425085,3303303303300000000000303303303303303303303300000000000303303303303303303303300000000000303303303303303303303300000000000,926,999999076,392,0,533,999999075,1000000000,pymatching,SurfaceCode,121,1,11,MHBD_noise,0.001,500.0,results/brute_force/ext_SC11_MHBD/results/sweep_105.csv
1317184877,0333333333300303030300030303030300030303030003030303030003030303000303030303000303030300030303030300030303030033333333330,558,999999444,253,0,304,999999443,1000000000,pymatching,SurfaceCode,121,1,11,MHBD_noise,0.001,500.0,results/brute_force/ext_SC11_MHBD/results/sweep_212.csv
1099104461,3303303303300000000000303303303303303303303300000000000303303303303303303303300000000000303303303303303303303300000000000,868,999999134,360,1,506,999999133,1000000000,pymatching,SurfaceCode,121,1,11,MHBD_noise,0.001,500.0,results/brute_force/ext_SC11_MHBD/results/sweep_41.csv
969421288,0303030303030303030303030303030303030303030303030303030303030303030303030303030303030303030303030303030303030303030303030,713,999999289,367,0,345,999999288,1000000000,pymatching,SurfaceCode,121,1,11,MHBD_noise,0.001,500.0,results/brute_force/ext_SC11_MHBD/results/sweep_90.csv
1863205669,0000000000000000000000000000000000000000000000000000000000000000000000000000000000000000000000000000000000000000000000000,2051,999997951,87,0,1963,999997950,1000000000,pymatching,SurfaceCode,121,1,11,MHBD_noise,0.001,500.0,results/brute_force/ext_SC11_MHBD/results/sweep_327.csv
267882051,0333333333300303030300030303030300030303030003030303030003030303000303030303000303030300030303030300030303030033333333330,631,999999371,318,0,312,999999370,1000000000,pymatching,SurfaceCode,121,1,11,MHBD_noise,0.001,500.0,results/brute_force/ext_SC11_MHBD/results/sweep_168.csv
1632896242,0000000000000000000000000000000000000000000000000000000000000000000000000000000000000000000000000000000000000000000000000,2124,999997878,107,0,2016,999997877,1000000000,pymatching,SurfaceCode,121,1,11,MHBD_noise,0.001,500.0,results/brute_force/ext_SC11_MHBD/results/sweep_203.csv
217511729,0303030303030303030303030303030303030303030303030303030303030303030303030303030303030303030303030303030303030303030303030,710,999999292,349,0,360,999999291,1000000000,pymatching,SurfaceCode,121,1,11,MHBD_noise,0.001,500.0,results/brute_force/ext_SC11_MHBD/results/sweep_114.csv
966512643,0333333333300303030300030303030300030303030003030303030003030303000303030303000303030300030303030300030303030033333333330,573,999999429,298,0,274,999999428,1000000000,pymatching,SurfaceCode,121,1,11,MHBD_noise,0.001,500.0,results/brute_force/ext_SC11_MHBD/results/sweep_204.csv
118507954,3303303303300000000000303303303303303303303300000000000303303303303303303303300000000000303303303303303303303300000000000,903,999999099,363,0,539,999999098,1000000000,pymatching,SurfaceCode,121,1,11,MHBD_noise,0.001,500.0,results/brute_force/ext_SC11_MHBD/results/sweep_113.csv
1320292449,0303030303030303030303030303030303030303030303030303030303030303030303030303030303030303030303030303030303030303030303030,671,999999331,319,0,351,999999330,1000000000,pymatching,SurfaceCode,121,1,11,MHBD_noise,0.001,500.0,results/brute_force/ext_SC11_MHBD/results/sweep_46.csv
39782232,0333333333300303030300030303030300030303030003030303030003030303000303030303000303030300030303030300030303030033333333330,635,999999367,308,0,326,999999366,1000000000,pymatching,SurfaceCode,121,1,11,MHBD_noise,0.001,500.0,results/brute_force/ext_SC11_MHBD/results/sweep_320.csv
2049070140,3303303303300000000000303303303303303303303300000000000303303303303303303303300000000000303303303303303303303300000000000,921,999999081,389,0,531,999999080,1000000000,pymatching,SurfaceCode,121,1,11,MHBD_noise,0.001,500.0,results/brute_force/ext_SC11_MHBD/results/sweep_97.csv
375598172,0303030303030303030303030303030303030303030303030303030303030303030303030303030303030303030303030303030303030303030303030,697,999999305,339,0,357,999999304,1000000000,pymatching,SurfaceCode,121,1,11,MHBD_noise,0.001,500.0,results/brute_force/ext_SC11_MHBD/results/sweep_278.csv
1377296033,0000000000000000000000000000000000000000000000000000000000000000000000000000000000000000000000000000000000000000000000000,2116,999997886,112,0,2003,999997885,1000000000,pymatching,SurfaceCode,121,1,11,MHBD_noise,0.001,500.0,results/brute_force/ext_SC11_MHBD/results/sweep_383.csv
1917919649,0303030303030303030303030303030303030303030303030303030303030303030303030303030303030303030303030303030303030303030303030,647,999999355,315,0,331,999999354,1000000000,pymatching,SurfaceCode,121,1,11,MHBD_noise,0.001,500.0,results/brute_force/ext_SC11_MHBD/results/sweep_34.csv
1009063033,0333333333300303030300030303030300030303030003030303030003030303000303030303000303030300030303030300030303030033333333330,610,999999392,307,0,302,999999391,1000000000,pymatching,SurfaceCode,121,1,11,MHBD_noise,0.001,500.0,results/brute_force/ext_SC11_MHBD/results/sweep_352.csv
1698034891,0333333333300303030300030303030300030303030003030303030003030303000303030303000303030300030303030300030303030033333333330,585,999999417,280,0,304,999999416,1000000000,pymatching,SurfaceCode,121,1,11,MHBD_noise,0.001,500.0,results/brute_force/ext_SC11_MHBD/results/sweep_48.csv
1237733451,0000000000000000000000000000000000000000000000000000000000000000000000000000000000000000000000000000000000000000000000000,2170,999997832,115,0,2054,999997831,1000000000,pymatching,SurfaceCode,121,1,11,MHBD_noise,0.001,500.0,results/brute_force/ext_SC11_MHBD/results/sweep_99.csv
1066643719,0333333333300303030300030303030300030303030003030303030003030303000303030303000303030300030303030300030303030033333333330,617,999999385,325,0,291,999999384,1000000000,pymatching,SurfaceCode,121,1,11,MHBD_noise,0.001,500.0,results/brute_force/ext_SC11_MHBD/results/sweep_276.csv
1621131250,3303303303300000000000303303303303303303303300000000000303303303303303303303300000000000303303303303303303303300000000000,938,999999064,394,0,543,999999063,1000000000,pymatching,SurfaceCode,121,1,11,MHBD_noise,0.001,500.0,results/brute_force/ext_SC11_MHBD/results/sweep_161.csv
788848630,3303303303300000000000303303303303303303303300000000000303303303303303303303300000000000303303303303303303303300000000000,937,999999065,408,0,528,999999064,1000000000,pymatching,SurfaceCode,121,1,11,MHBD_noise,0.001,500.0,results/brute_force/ext_SC11_MHBD/results/sweep_329.csv
1560792815,0000000000000000000000000000000000000000000000000000000000000000000000000000000000000000000000000000000000000000000000000,2103,999997899,94,0,2008,999997898,1000000000,pymatching,SurfaceCode,121,1,11,MHBD_noise,0.001,500.0,results/brute_force/ext_SC11_MHBD/results/sweep_271.csv
1754026040,0303030303030303030303030303030303030303030303030303030303030303030303030303030303030303030303030303030303030303030303030,713,999999289,364,0,348,999999288,1000000000,pymatching,SurfaceCode,121,1,11,MHBD_noise,0.001,500.0,results/brute_force/ext_SC11_MHBD/results/sweep_166.csv
1610750838,3303303303300000000000303303303303303303303300000000000303303303303303303303300000000000303303303303303303303300000000000,957,999999045,411,0,545,999999044,1000000000,pymatching,SurfaceCode,121,1,11,MHBD_noise,0.001,500.0,results/brute_force/ext_SC11_MHBD/results/sweep_33.csv
1129557591,0333333333300303030300030303030300030303030003030303030003030303000303030303000303030300030303030300030303030033333333330,611,999999391,305,0,305,999999390,1000000000,pymatching,SurfaceCode,121,1,11,MHBD_noise,0.001,500.0,results/brute_force/ext_SC11_MHBD/results/sweep_384.csv
341104158,0000000000000000000000000000000000000000000000000000000000000000000000000000000000000000000000000000000000000000000000000,2078,999997924,119,0,1958,999997923,1000000000,pymatching,SurfaceCode,121,1,11,MHBD_noise,0.001,500.0,results/brute_force/ext_SC11_MHBD/results/sweep_355.csv
1259696602,0000000000000000000000000000000000000000000000000000000000000000000000000000000000000000000000000000000000000000000000000,2080,999997922,100,0,1979,999997921,1000000000,pymatching,SurfaceCode,121,1,11,MHBD_noise,0.001,500.0,results/brute_force/ext_SC11_MHBD/results/sweep_295.csv
1270732532,3303303303300000000000303303303303303303303300000000000303303303303303303303300000000000303303303303303303303300000000000,938,999999064,361,0,576,999999063,1000000000,pymatching,SurfaceCode,121,1,11,MHBD_noise,0.001,500.0,results/brute_force/ext_SC11_MHBD/results/sweep_153.csv
1243625626,0303030303030303030303030303030303030303030303030303030303030303030303030303030303030303030303030303030303030303030303030,721,999999281,346,0,374,999999280,1000000000,pymatching,SurfaceCode,121,1,11,MHBD_noise,0.001,500.0,results/brute_force/ext_SC11_MHBD/results/sweep_182.csv
1573297512,0333333333300303030300030303030300030303030003030303030003030303000303030303000303030300030303030300030303030033333333330,657,999999345,345,0,311,999999344,1000000000,pymatching,SurfaceCode,121,1,11,MHBD_noise,0.001,500.0,results/brute_force/ext_SC11_MHBD/results/sweep_244.csv
730106832,0333333333300303030300030303030300030303030003030303030003030303000303030303000303030300030303030300030303030033333333330,623,999999379,313,0,309,999999378,1000000000,pymatching,SurfaceCode,121,1,11,MHBD_noise,0.001,500.0,results/brute_force/ext_SC11_MHBD/results/sweep_360.csv
1960921007,0303030303030303030303030303030303030303030303030303030303030303030303030303030303030303030303030303030303030303030303030,715,999999287,340,0,374,999999286,1000000000,pymatching,SurfaceCode,121,1,11,MHBD_noise,0.001,500.0,results/brute_force/ext_SC11_MHBD/results/sweep_238.csv
1274450104,0000000000000000000000000000000000000000000000000000000000000000000000000000000000000000000000000000000000000000000000000,2011,999997991,98,0,1912,999997990,1000000000,pymatching,SurfaceCode,121,1,11,MHBD_noise,0.001,500.0,results/brute_force/ext_SC11_MHBD/results/sweep_367.csv
1002466449,0333333333300303030300030303030300030303030003030303030003030303000303030303000303030300030303030300030303030033333333330,644,999999358,323,0,320,999999357,1000000000,pymatching,SurfaceCode,121,1,11,MHBD_noise,0.001,500.0,results/brute_force/ext_SC11_MHBD/results/sweep_128.csv
492570596,0000000000000000000000000000000000000000000000000000000000000000000000000000000000000000000000000000000000000000000000000,2092,999997910,97,0,1994,999997909,1000000000,pymatching,SurfaceCode,121,1,11,MHBD_noise,0.001,500.0,results/brute_force/ext_SC11_MHBD/results/sweep_7.csv
1345223949,0333333333300303030300030303030300030303030003030303030003030303000303030303000303030300030303030300030303030033333333330,639,999999363,327,0,311,999999362,1000000000,pymatching,SurfaceCode,121,1,11,MHBD_noise,0.001,500.0,results/brute_force/ext_SC11_MHBD/results/sweep_292.csv
1284801705,0303030303030303030303030303030303030303030303030303030303030303030303030303030303030303030303030303030303030303030303030,688,999999314,352,0,335,999999313,1000000000,pymatching,SurfaceCode,121,1,11,MHBD_noise,0.001,500.0,results/brute_force/ext_SC11_MHBD/results/sweep_154.csv
908126423,3303303303300000000000303303303303303303303300000000000303303303303303303303300000000000303303303303303303303300000000000,893,999999109,385,0,507,999999108,1000000000,pymatching,SurfaceCode,121,1,11,MHBD_noise,0.001,500.0,results/brute_force/ext_SC11_MHBD/results/sweep_185.csv
1431114085,0000000000000000000000000000000000000000000000000000000000000000000000000000000000000000000000000000000000000000000000000,2130,999997872,98,0,2031,999997871,1000000000,pymatching,SurfaceCode,121,1,11,MHBD_noise,0.001,500.0,results/brute_force/ext_SC11_MHBD/results/sweep_243.csv
895559650,3303303303300000000000303303303303303303303300000000000303303303303303303303300000000000303303303303303303303300000000000,929,999999073,375,0,553,999999072,1000000000,pymatching,SurfaceCode,121,1,11,MHBD_noise,0.001,500.0,results/brute_force/ext_SC11_MHBD/results/sweep_369.csv
1564447621,0303030303030303030303030303030303030303030303030303030303030303030303030303030303030303030303030303030303030303030303030,683,999999319,343,0,339,999999318,1000000000,pymatching,SurfaceCode,121,1,11,MHBD_noise,0.001,500.0,results/brute_force/ext_SC11_MHBD/results/sweep_126.csv
1478632487,0000000000000000000000000000000000000000000000000000000000000000000000000000000000000000000000000000000000000000000000000,2059,999997943,108,0,1950,999997942,1000000000,pymatching,SurfaceCode,121,1,11,MHBD_noise,0.001,500.0,results/brute_force/ext_SC11_MHBD/results/sweep_231.csv
215877443,0000000000000000000000000000000000000000000000000000000000000000000000000000000000000000000000000000000000000000000000000,2170,999997832,96,0,2073,999997831,1000000000,pymatching,SurfaceCode,121,1,11,MHBD_noise,0.001,500.0,results/brute_force/ext_SC11_MHBD/results/sweep_315.csv
1448142324,3303303303300000000000303303303303303303303300000000000303303303303303303303300000000000303303303303303303303300000000000,879,999999123,350,0,528,999999122,1000000000,pymatching,SurfaceCode,121,1,11,MHBD_noise,0.001,500.0,results/brute_force/ext_SC11_MHBD/results/sweep_9.csv
420142729,3303303303300000000000303303303303303303303300000000000303303303303303303303300000000000303303303303303303303300000000000,882,999999120,358,0,523,999999119,1000000000,pymatching,SurfaceCode,121,1,11,MHBD_noise,0.001,500.0,results/brute_force/ext_SC11_MHBD/results/sweep_73.csv
2010329885,0333333333300303030300030303030300030303030003030303030003030303000303030303000303030300030303030300030303030033333333330,610,999999392,298,0,311,999999391,1000000000,pymatching,SurfaceCode,121,1,11,MHBD_noise,0.001,500.0,results/brute_force/ext_SC11_MHBD/results/sweep_312.csv
982417771,0303030303030303030303030303030303030303030303030303030303030303030303030303030303030303030303030303030303030303030303030,704,999999298,323,0,380,999999297,1000000000,pymatching,SurfaceCode,121,1,11,MHBD_noise,0.001,500.0,results/brute_force/ext_SC11_MHBD/results/sweep_74.csv
2122138078,3303303303300000000000303303303303303303303300000000000303303303303303303303300000000000303303303303303303303300000000000,921,999999081,395,0,525,999999080,1000000000,pymatching,SurfaceCode,121,1,11,MHBD_noise,0.001,500.0,results/brute_force/ext_SC11_MHBD/results/sweep_121.csv
122073369,0333333333300303030300030303030300030303030003030303030003030303000303030303000303030300030303030300030303030033333333330,592,999999410,263,0,328,999999409,1000000000,pymatching,SurfaceCode,121,1,11,MHBD_noise,0.001,500.0,results/brute_force/ext_SC11_MHBD/results/sweep_236.csv
