seed,clifford_deformation,alpha,beta,x-err,y-err,z-err,no-err,shots,method,QECC,n,k,d,noise-model,p,eta,source_file
198019934,300003330,416918,99583084,198308,5393,213216,99583083,100000000,pymatching,SurfaceCode,9,1,3,MHBD_noise,0.001,500.0,results/brute_force/used_SC3_MHBD/results/sweep_43.csv
228695033,030330203,409570,99590432,206380,5274,197915,99590431,100000000,pymatching,SurfaceCode,9,1,3,MHBD_noise,0.001,500.0,results/brute_force/used_SC3_MHBD/results/sweep_43.csv
2100230762,033000303,405398,99594604,182589,5164,217644,99594603,100000000,pymatching,SurfaceCode,9,1,3,MHBD_noise,0.001,500.0,results/brute_force/used_SC3_MHBD/results/sweep_43.csv
1186813765,323023002,490062,99509940,239040,8733,242288,99509939,100000000,pymatching,SurfaceCode,9,1,3,MHBD_noise,0.001,500.0,results/brute_force/used_SC3_MHBD/results/sweep_43.csv
1091006588,333303303,437260,99562742,255372,5415,176472,99562741,100000000,pymatching,SurfaceCode,9,1,3,MHBD_noise,0.001,500.0,results/brute_force/used_SC3_MHBD/results/sweep_43.csv
934562864,222200002,541739,99458263,222810,8734,310194,99458262,100000000,pymatching,SurfaceCode,9,1,3,MHBD_noise,0.001,500.0,results/brute_force/used_SC3_MHBD/results/sweep_43.csv
696455788,230220032,492771,99507231,222253,8651,261866,99507230,100000000,pymatching,SurfaceCode,9,1,3,MHBD_noise,0.001,500.0,results/brute_force/used_SC3_MHBD/results/sweep_43.csv
1268021759,300032020,448992,99551010,194416,6647,247928,99551009,100000000,pymatching,SurfaceCode,9,1,3,MHBD_noise,0.001,500.0,results/brute_force/used_SC3_MHBD/results/sweep_43.csv
364621366,330330303,410911,99589091,233005,5483,172422,99589090,100000000,pymatching,SurfaceCode,9,1,3,MHBD_noise,0.001,500.0,results/brute_force/used_SC3_MHBD/results/sweep_43.csv
1048672272,030033303,407084,99592918,201920,5255,199908,99592917,100000000,pymatching,SurfaceCode,9,1,3,MHBD_noise,0.001,500.0,results/brute_force/used_SC3_MHBD/results/sweep_43.csv
1305120553,032220220,511298,99488704,218075,8252,284970,99488703,100000000,pymatching,SurfaceCode,9,1,3,MHBD_noise,0.001,500.0,results/brute_force/used_SC3_MHBD/results/sweep_38.csv
1649011533,323302333,486157,99513845,288566,6998,190592,99513844,100000000,pymatching,SurfaceCode,9,1,3,MHBD_noise,0.001,500.0,results/brute_force/used_SC3_MHBD/results/sweep_38.csv
447439229,020200230,464422,99535580,169206,6322,288893,99535579,100000000,pymatching,SurfaceCode,9,1,3,MHBD_noise,0.001,500.0,results/brute_force/used_SC3_MHBD/results/sweep_38.csv
1093536779,002003303,443438,99556564,183677,5911,253849,99556563,100000000,pymatching,SurfaceCode,9,1,3,MHBD_noise,0.001,500.0,results/brute_force/used_SC3_MHBD/results/sweep_38.csv
1658788235,300330030,409102,99590900,187222,5385,216494,99590899,100000000,pymatching,SurfaceCode,9,1,3,MHBD_noise,0.001,500.0,results/brute_force/used_SC3_MHBD/results/sweep_38.csv
1289687990,330030230,403850,99596152,194588,5116,204145,99596151,100000000,pymatching,SurfaceCode,9,1,3,MHBD_noise,0.001,500.0,results/brute_force/used_SC3_MHBD/results/sweep_38.csv
797194210,033330303,408997,99591005,236320,5266,167410,99591004,100000000,pymatching,SurfaceCode,9,1,3,MHBD_noise,0.001,500.0,results/brute_force/used_SC3_MHBD/results/sweep_38.csv
77831920,333033033,419676,99580326,253611,4962,161102,99580325,100000000,pymatching,SurfaceCode,9,1,3,MHBD_noise,0.001,500.0,results/brute_force/used_SC3_MHBD/results/sweep_38.csv
1136059678,030000023,420578,99579424,153493,5234,261850,99579423,100000000,pymatching,SurfaceCode,9,1,3,MHBD_noise,0.001,500.0,results/brute_force/used_SC3_MHBD/results/sweep_38.csv
104785884,030333303,406135,99593867,225023,5177,175934,99593866,100000000,pymatching,SurfaceCode,9,1,3,MHBD_noise,0.001,500.0,results/brute_force/used_SC3_MHBD/results/sweep_38.csv
1894489914,300033030,399102,99600900,193146,5563,200392,99600899,100000000,pymatching,SurfaceCode,9,1,3,MHBD_noise,0.001,500.0,results/brute_force/used_SC3_MHBD/results/sweep_44.csv
426476482,302230322,504235,99495767,266456,7530,230248,99495766,100000000,pymatching,SurfaceCode,9,1,3,MHBD_noise,0.001,500.0,results/brute_force/used_SC3_MHBD/results/sweep_44.csv
290728968,220203003,479624,99520378,198667,7130,273826,99520377,100000000,pymatching,SurfaceCode,9,1,3,MHBD_noise,0.001,500.0,results/brute_force/used_SC3_MHBD/results/sweep_44.csv
1565551828,300330300,419192,99580810,195456,5550,218185,99580809,100000000,pymatching,SurfaceCode,9,1,3,MHBD_noise,0.001,500.0,results/brute_force/used_SC3_MHBD/results/sweep_44.csv
2047374041,033300023,413095,99586907,200174,5378,207542,99586906,100000000,pymatching,SurfaceCode,9,1,3,MHBD_noise,0.001,500.0,results/brute_force/used_SC3_MHBD/results/sweep_44.csv
688830650,223020223,537017,99462985,262218,9531,265267,99462984,100000000,pymatching,SurfaceCode,9,1,3,MHBD_noise,0.001,500.0,results/brute_force/used_SC3_MHBD/results/sweep_44.csv
697039125,330032330,424361,99575641,233233,5568,185559,99575640,100000000,pymatching,SurfaceCode,9,1,3,MHBD_noise,0.001,500.0,results/brute_force/used_SC3_MHBD/results/sweep_44.csv
402264017,003332003,428936,99571066,221871,6189,200875,99571065,100000000,pymatching,SurfaceCode,9,1,3,MHBD_noise,0.001,500.0,results/brute_force/used_SC3_MHBD/results/sweep_44.csv
100992348,023033000,420373,99579629,186282,5617,228473,99579628,100000000,pymatching,SurfaceCode,9,1,3,MHBD_noise,0.001,500.0,results/brute_force/used_SC3_MHBD/results/sweep_44.csv
1808110760,003333020,415940,99584062,209649,5951,200339,99584061,100000000,pymatching,SurfaceCode,9,1,3,MHBD_noise,0.001,500.0,results/brute_force/used_SC3_MHBD/results/sweep_44.csv
1119828755,033020003,427735,99572267,185534,6460,235740,99572266,100000000,pymatching,SurfaceCode,9,1,3,MHBD_noise,0.001,500.0,results/brute_force/used_SC3_MHBD/results/sweep_36.csv
473809407,320330232,480743,99519259,256377,6747,217618,99519258,100000000,pymatching,SurfaceCode,9,1,3,MHBD_noise,0.001,500.0,results/brute_force/used_SC3_MHBD/results/sweep_36.csv
957946926,330332003,430100,99569902,236681,5892,187526,99569901,100000000,pymatching,SurfaceCode,9,1,3,MHBD_noise,0.001,500.0,results/brute_force/used_SC3_MHBD/results/sweep_36.csv
1711070463,000333320,432676,99567326,225342,6034,201299,99567325,100000000,pymatching,SurfaceCode,9,1,3,MHBD_noise,0.001,500.0,results/brute_force/used_SC3_MHBD/results/sweep_36.csv
982822127,022332032,480803,99519199,246524,7382,226896,99519198,100000000,pymatching,SurfaceCode,9,1,3,MHBD_noise,0.001,500.0,results/brute_force/used_SC3_MHBD/results/sweep_36.csv
1055469743,223330003,461996,99538006,255424,7043,199528,99538005,100000000,pymatching,SurfaceCode,9,1,3,MHBD_noise,0.001,500.0,results/brute_force/used_SC3_MHBD/results/sweep_36.csv
1066187020,030230000,416517,99583485,165737,5323,245456,99583484,100000000,pymatching,SurfaceCode,9,1,3,MHBD_noise,0.001,500.0,results/brute_force/used_SC3_MHBD/results/sweep_36.csv
586760473,230330000,414096,99585906,189803,5283,219009,99585905,100000000,pymatching,SurfaceCode,9,1,3,MHBD_noise,0.001,500.0,results/brute_force/used_SC3_MHBD/results/sweep_36.csv
278619648,033200330,398390,99601612,198497,4467,195425,99601611,100000000,pymatching,SurfaceCode,9,1,3,MHBD_noise,0.001,500.0,results/brute_force/used_SC3_MHBD/results/sweep_36.csv
314418458,033330033,397779,99602223,227401,4998,165379,99602222,100000000,pymatching,SurfaceCode,9,1,3,MHBD_noise,0.001,500.0,results/brute_force/used_SC3_MHBD/results/sweep_36.csv
847029459,003030230,416375,99583627,180546,4952,230876,99583626,100000000,pymatching,SurfaceCode,9,1,3,MHBD_noise,0.001,500.0,results/brute_force/used_SC3_MHBD/results/sweep_31.csv
626563626,030230230,425644,99574358,191053,5467,229123,99574357,100000000,pymatching,SurfaceCode,9,1,3,MHBD_noise,0.001,500.0,results/brute_force/used_SC3_MHBD/results/sweep_31.csv
2067565185,030230330,402781,99597221,190654,4945,207181,99597220,100000000,pymatching,SurfaceCode,9,1,3,MHBD_noise,0.001,500.0,results/brute_force/used_SC3_MHBD/results/sweep_31.csv
1300860996,000333020,414196,99585806,192468,5770,215957,99585805,100000000,pymatching,SurfaceCode,9,1,3,MHBD_noise,0.001,500.0,results/brute_force/used_SC3_MHBD/results/sweep_31.csv
1494045177,000333300,405959,99594043,199225,5471,201262,99594042,100000000,pymatching,SurfaceCode,9,1,3,MHBD_noise,0.001,500.0,results/brute_force/used_SC3_MHBD/results/sweep_31.csv
1736499402,330300303,412814,99587188,199024,5722,208067,99587187,100000000,pymatching,SurfaceCode,9,1,3,MHBD_noise,0.001,500.0,results/brute_force/used_SC3_MHBD/results/sweep_31.csv
1713431883,030033002,418552,99581450,186094,5484,226973,99581449,100000000,pymatching,SurfaceCode,9,1,3,MHBD_noise,0.001,500.0,results/brute_force/used_SC3_MHBD/results/sweep_31.csv
1691790050,230202203,484400,99515602,215227,7253,261919,99515601,100000000,pymatching,SurfaceCode,9,1,3,MHBD_noise,0.001,500.0,results/brute_force/used_SC3_MHBD/results/sweep_31.csv
718243774,322002333,480317,99519685,256916,6735,216665,99519684,100000000,pymatching,SurfaceCode,9,1,3,MHBD_noise,0.001,500.0,results/brute_force/used_SC3_MHBD/results/sweep_31.csv
100859348,033320023,439522,99560480,225350,6979,207192,99560479,100000000,pymatching,SurfaceCode,9,1,3,MHBD_noise,0.001,500.0,results/brute_force/used_SC3_MHBD/results/sweep_31.csv
2007155384,003033032,417786,99582216,202842,5655,209288,99582215,100000000,pymatching,SurfaceCode,9,1,3,MHBD_noise,0.001,500.0,results/brute_force/used_SC3_MHBD/results/sweep_20.csv
419828206,333000000,415072,99584930,178798,5147,231126,99584929,100000000,pymatching,SurfaceCode,9,1,3,MHBD_noise,0.001,500.0,results/brute_force/used_SC3_MHBD/results/sweep_20.csv
1629170293,303000030,408876,99591126,162647,5054,241174,99591125,100000000,pymatching,SurfaceCode,9,1,3,MHBD_noise,0.001,500.0,results/brute_force/used_SC3_MHBD/results/sweep_20.csv
2004000439,333000030,401484,99598518,184705,4638,212140,99598517,100000000,pymatching,SurfaceCode,9,1,3,MHBD_noise,0.001,500.0,results/brute_force/used_SC3_MHBD/results/sweep_20.csv
776041745,330000030,394693,99605309,150575,4734,239383,99605308,100000000,pymatching,SurfaceCode,9,1,3,MHBD_noise,0.001,500.0,results/brute_force/used_SC3_MHBD/results/sweep_20.csv
389243247,330000330,392923,99607079,171166,4727,217029,99607078,100000000,pymatching,SurfaceCode,9,1,3,MHBD_noise,0.001,500.0,results/brute_force/used_SC3_MHBD/results/sweep_20.csv
1653700660,300000033,413307,99586695,166664,5417,241225,99586694,100000000,pymatching,SurfaceCode,9,1,3,MHBD_noise,0.001,500.0,results/brute_force/used_SC3_MHBD/results/sweep_20.csv
219002818,233000033,428216,99571786,206758,5427,216030,99571785,100000000,pymatching,SurfaceCode,9,1,3,MHBD_noise,0.001,500.0,results/brute_force/used_SC3_MHBD/results/sweep_20.csv
901316850,033300030,392372,99607630,177304,4631,210436,99607629,100000000,pymatching,SurfaceCode,9,1,3,MHBD_noise,0.001,500.0,results/brute_force/used_SC3_MHBD/results/sweep_20.csv
914706364,003330023,418776,99581226,212168,6023,200584,99581225,100000000,pymatching,SurfaceCode,9,1,3,MHBD_noise,0.001,500.0,results/brute_force/used_SC3_MHBD/results/sweep_20.csv
496257172,030030030,383941,99616061,152366,4385,227189,99616060,100000000,pymatching,SurfaceCode,9,1,3,MHBD_noise,0.001,500.0,results/brute_force/used_SC3_MHBD/results/sweep_2.csv
106343716,033030330,386707,99613295,191845,4565,190296,99613294,100000000,pymatching,SurfaceCode,9,1,3,MHBD_noise,0.001,500.0,results/brute_force/used_SC3_MHBD/results/sweep_2.csv
1220260780,030030230,405269,99594733,171633,4907,228728,99594732,100000000,pymatching,SurfaceCode,9,1,3,MHBD_noise,0.001,500.0,results/brute_force/used_SC3_MHBD/results/sweep_2.csv
729072009,033030230,405386,99594616,190684,4933,209768,99594615,100000000,pymatching,SurfaceCode,9,1,3,MHBD_noise,0.001,500.0,results/brute_force/used_SC3_MHBD/results/sweep_2.csv
1662151935,330030330,385150,99614852,194721,4708,185720,99614851,100000000,pymatching,SurfaceCode,9,1,3,MHBD_noise,0.001,500.0,results/brute_force/used_SC3_MHBD/results/sweep_2.csv
1183978361,030330333,404289,99595713,231944,4600,167744,99595712,100000000,pymatching,SurfaceCode,9,1,3,MHBD_noise,0.001,500.0,results/brute_force/used_SC3_MHBD/results/sweep_2.csv
988741696,030330003,391579,99608423,189379,5017,197182,99608422,100000000,pymatching,SurfaceCode,9,1,3,MHBD_noise,0.001,500.0,results/brute_force/used_SC3_MHBD/results/sweep_2.csv
495656019,030330000,389731,99610271,166081,4764,218885,99610270,100000000,pymatching,SurfaceCode,9,1,3,MHBD_noise,0.001,500.0,results/brute_force/used_SC3_MHBD/results/sweep_2.csv
484894150,030330330,382738,99617264,190457,4462,187818,99617263,100000000,pymatching,SurfaceCode,9,1,3,MHBD_noise,0.001,500.0,results/brute_force/used_SC3_MHBD/results/sweep_2.csv
1269501493,033300330,378626,99621376,198010,4004,176611,99621375,100000000,pymatching,SurfaceCode,9,1,3,MHBD_noise,0.001,500.0,results/brute_force/used_SC3_MHBD/results/sweep_2.csv
1828128552,000033323,451374,99548628,229423,6785,215165,99548627,100000000,pymatching,SurfaceCode,9,1,3,MHBD_noise,0.001,500.0,results/brute_force/used_SC3_MHBD/results/sweep_27.csv
1204742274,000030023,426535,99573467,173311,5547,247676,99573466,100000000,pymatching,SurfaceCode,9,1,3,MHBD_noise,0.001,500.0,results/brute_force/used_SC3_MHBD/results/sweep_27.csv
1466295193,000030230,424402,99575600,166070,5328,253003,99575599,100000000,pymatching,SurfaceCode,9,1,3,MHBD_noise,0.001,500.0,results/brute_force/used_SC3_MHBD/results/sweep_27.csv
1177603960,300030230,422168,99577834,187356,5463,229348,99577833,100000000,pymatching,SurfaceCode,9,1,3,MHBD_noise,0.001,500.0,results/brute_force/used_SC3_MHBD/results/sweep_27.csv
1724211250,330330230,412219,99587783,213475,5353,193390,99587782,100000000,pymatching,SurfaceCode,9,1,3,MHBD_noise,0.001,500.0,results/brute_force/used_SC3_MHBD/results/sweep_27.csv
779101866,030330230,398808,99601194,190056,4925,203826,99601193,100000000,pymatching,SurfaceCode,9,1,3,MHBD_noise,0.001,500.0,results/brute_force/used_SC3_MHBD/results/sweep_27.csv
941738373,202300303,456448,99543554,207057,6514,242876,99543553,100000000,pymatching,SurfaceCode,9,1,3,MHBD_noise,0.001,500.0,results/brute_force/used_SC3_MHBD/results/sweep_27.csv
892799993,003032000,429492,99570510,176005,5586,247900,99570509,100000000,pymatching,SurfaceCode,9,1,3,MHBD_noise,0.001,500.0,results/brute_force/used_SC3_MHBD/results/sweep_27.csv
80660591,303033000,413496,99586506,202379,5878,205238,99586505,100000000,pymatching,SurfaceCode,9,1,3,MHBD_noise,0.001,500.0,results/brute_force/used_SC3_MHBD/results/sweep_27.csv
476130115,033033003,412439,99587563,205218,5250,201970,99587562,100000000,pymatching,SurfaceCode,9,1,3,MHBD_noise,0.001,500.0,results/brute_force/used_SC3_MHBD/results/sweep_27.csv
1254788016,030332033,404718,99595284,217121,5355,182241,99595283,100000000,pymatching,SurfaceCode,9,1,3,MHBD_noise,0.001,500.0,results/brute_force/used_SC3_MHBD/results/sweep_5.csv
828766477,030302033,406059,99593943,184502,5317,216239,99593942,100000000,pymatching,SurfaceCode,9,1,3,MHBD_noise,0.001,500.0,results/brute_force/used_SC3_MHBD/results/sweep_5.csv
1547495220,030303033,397172,99602830,183222,5159,208790,99602829,100000000,pymatching,SurfaceCode,9,1,3,MHBD_noise,0.001,500.0,results/brute_force/used_SC3_MHBD/results/sweep_5.csv
1707362547,030300033,393414,99606588,170494,5066,217853,99606587,100000000,pymatching,SurfaceCode,9,1,3,MHBD_noise,0.001,500.0,results/brute_force/used_SC3_MHBD/results/sweep_5.csv
1192236398,333030320,421602,99578400,228939,4943,187719,99578399,100000000,pymatching,SurfaceCode,9,1,3,MHBD_noise,0.001,500.0,results/brute_force/used_SC3_MHBD/results/sweep_5.csv
680292718,303030320,421207,99578795,206696,5455,209055,99578794,100000000,pymatching,SurfaceCode,9,1,3,MHBD_noise,0.001,500.0,results/brute_force/used_SC3_MHBD/results/sweep_5.csv
1560794063,303330330,408656,99591346,222941,5246,180468,99591345,100000000,pymatching,SurfaceCode,9,1,3,MHBD_noise,0.001,500.0,results/brute_force/used_SC3_MHBD/results/sweep_5.csv
964203365,003330330,398987,99601015,204206,4802,189978,99601014,100000000,pymatching,SurfaceCode,9,1,3,MHBD_noise,0.001,500.0,results/brute_force/used_SC3_MHBD/results/sweep_5.csv
976778329,303030330,399220,99600782,206604,4921,187694,99600781,100000000,pymatching,SurfaceCode,9,1,3,MHBD_noise,0.001,500.0,results/brute_force/used_SC3_MHBD/results/sweep_5.csv
1123297429,003030330,394845,99605157,181107,4496,209241,99605156,100000000,pymatching,SurfaceCode,9,1,3,MHBD_noise,0.001,500.0,results/brute_force/used_SC3_MHBD/results/sweep_5.csv
89486731,002003030,427964,99572038,160707,5561,261695,99572037,100000000,pymatching,SurfaceCode,9,1,3,MHBD_noise,0.001,500.0,results/brute_force/used_SC3_MHBD/results/sweep_29.csv
152517563,303003030,410777,99589225,183357,5869,221550,99589224,100000000,pymatching,SurfaceCode,9,1,3,MHBD_noise,0.001,500.0,results/brute_force/used_SC3_MHBD/results/sweep_29.csv
888726605,333003030,405237,99594765,205899,5082,194255,99594764,100000000,pymatching,SurfaceCode,9,1,3,MHBD_noise,0.001,500.0,results/brute_force/used_SC3_MHBD/results/sweep_29.csv
1320217097,033003030,393617,99606385,171093,4935,217588,99606384,100000000,pymatching,SurfaceCode,9,1,3,MHBD_noise,0.001,500.0,results/brute_force/used_SC3_MHBD/results/sweep_29.csv
1493728724,033022030,436645,99563357,194964,6960,234720,99563356,100000000,pymatching,SurfaceCode,9,1,3,MHBD_noise,0.001,500.0,results/brute_force/used_SC3_MHBD/results/sweep_29.csv
469268601,330000303,409170,99590832,182211,5535,221423,99590831,100000000,pymatching,SurfaceCode,9,1,3,MHBD_noise,0.001,500.0,results/brute_force/used_SC3_MHBD/results/sweep_29.csv
91944779,333000333,400855,99599147,241180,4327,155347,99599146,100000000,pymatching,SurfaceCode,9,1,3,MHBD_noise,0.001,500.0,results/brute_force/used_SC3_MHBD/results/sweep_29.csv
1620089710,200302300,463401,99536601,190123,6986,266291,99536600,100000000,pymatching,SurfaceCode,9,1,3,MHBD_noise,0.001,500.0,results/brute_force/used_SC3_MHBD/results/sweep_29.csv
1008327443,230302300,443586,99556416,197720,6393,239472,99556415,100000000,pymatching,SurfaceCode,9,1,3,MHBD_noise,0.001,500.0,results/brute_force/used_SC3_MHBD/results/sweep_29.csv
750404542,030302303,416794,99583208,193146,5440,218207,99583207,100000000,pymatching,SurfaceCode,9,1,3,MHBD_noise,0.001,500.0,results/brute_force/used_SC3_MHBD/results/sweep_29.csv
677319483,003300203,436275,99563727,191863,6260,238151,99563726,100000000,pymatching,SurfaceCode,9,1,3,MHBD_noise,0.001,500.0,results/brute_force/used_SC3_MHBD/results/sweep_55.csv
576871894,030003302,426001,99574001,175103,5775,245122,99574000,100000000,pymatching,SurfaceCode,9,1,3,MHBD_noise,0.001,500.0,results/brute_force/used_SC3_MHBD/results/sweep_55.csv
1842560468,033303002,422126,99577876,207073,5458,209594,99577875,100000000,pymatching,SurfaceCode,9,1,3,MHBD_noise,0.001,500.0,results/brute_force/used_SC3_MHBD/results/sweep_55.csv
1330222229,003030003,412321,99587681,177505,5135,229680,99587680,100000000,pymatching,SurfaceCode,9,1,3,MHBD_noise,0.001,500.0,results/brute_force/used_SC3_MHBD/results/sweep_55.csv
989564432,300323020,466931,99533071,212174,8620,246136,99533070,100000000,pymatching,SurfaceCode,9,1,3,MHBD_noise,0.001,500.0,results/brute_force/used_SC3_MHBD/results/sweep_55.csv
672710849,033300230,412796,99587206,196323,4965,211507,99587205,100000000,pymatching,SurfaceCode,9,1,3,MHBD_noise,0.001,500.0,results/brute_force/used_SC3_MHBD/results/sweep_55.csv
202490339,322022323,541398,99458604,289053,9914,242430,99458603,100000000,pymatching,SurfaceCode,9,1,3,MHBD_noise,0.001,500.0,results/brute_force/used_SC3_MHBD/results/sweep_55.csv
856881801,303203333,450526,99549476,256168,5576,188781,99549475,100000000,pymatching,SurfaceCode,9,1,3,MHBD_noise,0.001,500.0,results/brute_force/used_SC3_MHBD/results/sweep_55.csv
1924175179,203330320,435725,99564277,222943,5793,206988,99564276,100000000,pymatching,SurfaceCode,9,1,3,MHBD_noise,0.001,500.0,results/brute_force/used_SC3_MHBD/results/sweep_55.csv
917216585,330202033,430980,99569022,207558,5928,217493,99569021,100000000,pymatching,SurfaceCode,9,1,3,MHBD_noise,0.001,500.0,results/brute_force/used_SC3_MHBD/results/sweep_55.csv
1206022949,223032302,495898,99504104,257788,7221,230888,99504103,100000000,pymatching,SurfaceCode,9,1,3,MHBD_noise,0.001,500.0,results/brute_force/used_SC3_MHBD/results/sweep_52.csv
397819456,020320022,488180,99511822,196510,8254,283415,99511821,100000000,pymatching,SurfaceCode,9,1,3,MHBD_noise,0.001,500.0,results/brute_force/used_SC3_MHBD/results/sweep_52.csv
1036803591,303033020,423369,99576633,212511,6102,204755,99576632,100000000,pymatching,SurfaceCode,9,1,3,MHBD_noise,0.001,500.0,results/brute_force/used_SC3_MHBD/results/sweep_52.csv
1504218185,033000033,395673,99604329,174341,4931,216400,99604328,100000000,pymatching,SurfaceCode,9,1,3,MHBD_noise,0.001,500.0,results/brute_force/used_SC3_MHBD/results/sweep_52.csv
324203762,020300020,436659,99563343,147316,5419,283923,99563342,100000000,pymatching,SurfaceCode,9,1,3,MHBD_noise,0.001,500.0,results/brute_force/used_SC3_MHBD/results/sweep_52.csv
1811578214,030330032,406202,99593800,198049,5247,202905,99593799,100000000,pymatching,SurfaceCode,9,1,3,MHBD_noise,0.001,500.0,results/brute_force/used_SC3_MHBD/results/sweep_52.csv
1637919239,222303030,473466,99526536,230441,7246,235778,99526535,100000000,pymatching,SurfaceCode,9,1,3,MHBD_noise,0.001,500.0,results/brute_force/used_SC3_MHBD/results/sweep_52.csv
337921198,020302000,447434,99552568,158928,6052,282453,99552567,100000000,pymatching,SurfaceCode,9,1,3,MHBD_noise,0.001,500.0,results/brute_force/used_SC3_MHBD/results/sweep_52.csv
600282586,330333032,422618,99577384,242959,5835,173823,99577383,100000000,pymatching,SurfaceCode,9,1,3,MHBD_noise,0.001,500.0,results/brute_force/used_SC3_MHBD/results/sweep_52.csv
1119076348,300303000,424099,99575903,172676,5942,245480,99575902,100000000,pymatching,SurfaceCode,9,1,3,MHBD_noise,0.001,500.0,results/brute_force/used_SC3_MHBD/results/sweep_52.csv
242392566,300002303,437162,99562840,189747,6251,241163,99562839,100000000,pymatching,SurfaceCode,9,1,3,MHBD_noise,0.001,500.0,results/brute_force/used_SC3_MHBD/results/sweep_60.csv
1289360735,303300320,433581,99566421,196468,5627,231485,99566420,100000000,pymatching,SurfaceCode,9,1,3,MHBD_noise,0.001,500.0,results/brute_force/used_SC3_MHBD/results/sweep_60.csv
640573263,323030000,428466,99571536,197801,5929,224735,99571535,100000000,pymatching,SurfaceCode,9,1,3,MHBD_noise,0.001,500.0,results/brute_force/used_SC3_MHBD/results/sweep_60.csv
1636253787,300033033,411878,99588124,214927,5582,191368,99588123,100000000,pymatching,SurfaceCode,9,1,3,MHBD_noise,0.001,500.0,results/brute_force/used_SC3_MHBD/results/sweep_60.csv
1437342144,330000300,404607,99595395,159486,5076,240044,99595394,100000000,pymatching,SurfaceCode,9,1,3,MHBD_noise,0.001,500.0,results/brute_force/used_SC3_MHBD/results/sweep_60.csv
459021304,200333030,419101,99580901,214420,5855,198825,99580900,100000000,pymatching,SurfaceCode,9,1,3,MHBD_noise,0.001,500.0,results/brute_force/used_SC3_MHBD/results/sweep_60.csv
1128526760,020030020,428711,99571291,152371,5167,271172,99571290,100000000,pymatching,SurfaceCode,9,1,3,MHBD_noise,0.001,500.0,results/brute_force/used_SC3_MHBD/results/sweep_60.csv
1045781152,000303303,423180,99576822,187717,5669,229793,99576821,100000000,pymatching,SurfaceCode,9,1,3,MHBD_noise,0.001,500.0,results/brute_force/used_SC3_MHBD/results/sweep_60.csv
2025951532,033000300,403884,99596118,161047,4559,238277,99596117,100000000,pymatching,SurfaceCode,9,1,3,MHBD_noise,0.001,500.0,results/brute_force/used_SC3_MHBD/results/sweep_60.csv
295391211,203030022,468773,99531229,212194,6840,249738,99531228,100000000,pymatching,SurfaceCode,9,1,3,MHBD_noise,0.001,500.0,results/brute_force/used_SC3_MHBD/results/sweep_60.csv
1694218141,203300030,420606,99579396,175192,5472,239941,99579395,100000000,pymatching,SurfaceCode,9,1,3,MHBD_noise,0.001,500.0,results/brute_force/used_SC3_MHBD/results/sweep_12.csv
909714836,303330003,421513,99578489,222726,5771,193015,99578488,100000000,pymatching,SurfaceCode,9,1,3,MHBD_noise,0.001,500.0,results/brute_force/used_SC3_MHBD/results/sweep_12.csv
915913998,003330000,405400,99594602,179507,5388,220504,99594601,100000000,pymatching,SurfaceCode,9,1,3,MHBD_noise,0.001,500.0,results/brute_force/used_SC3_MHBD/results/sweep_12.csv
2063869067,033323300,434007,99565995,232707,6665,194634,99565994,100000000,pymatching,SurfaceCode,9,1,3,MHBD_noise,0.001,500.0,results/brute_force/used_SC3_MHBD/results/sweep_12.csv
1855371631,033330320,412433,99587569,221237,5101,186094,99587568,100000000,pymatching,SurfaceCode,9,1,3,MHBD_noise,0.001,500.0,results/brute_force/used_SC3_MHBD/results/sweep_12.csv
1908661554,033303300,407051,99592951,206504,5083,195463,99592950,100000000,pymatching,SurfaceCode,9,1,3,MHBD_noise,0.001,500.0,results/brute_force/used_SC3_MHBD/results/sweep_12.csv
222250151,033330220,424695,99575307,220231,5177,199286,99575306,100000000,pymatching,SurfaceCode,9,1,3,MHBD_noise,0.001,500.0,results/brute_force/used_SC3_MHBD/results/sweep_12.csv
1348605688,033003000,404426,99595576,163471,4627,236327,99595575,100000000,pymatching,SurfaceCode,9,1,3,MHBD_noise,0.001,500.0,results/brute_force/used_SC3_MHBD/results/sweep_12.csv
372133144,033330030,388645,99611357,199979,4625,184040,99611356,100000000,pymatching,SurfaceCode,9,1,3,MHBD_noise,0.001,500.0,results/brute_force/used_SC3_MHBD/results/sweep_12.csv
1508628676,333023022,474455,99525547,252093,7585,214776,99525546,100000000,pymatching,SurfaceCode,9,1,3,MHBD_noise,0.001,500.0,results/brute_force/used_SC3_MHBD/results/sweep_12.csv
261187021,330303030,403311,99596691,189790,5642,207878,99596690,100000000,pymatching,SurfaceCode,9,1,3,MHBD_noise,0.001,500.0,results/brute_force/used_SC3_MHBD/results/sweep_15.csv
1227469005,233002000,455327,99544675,195552,5962,253812,99544674,100000000,pymatching,SurfaceCode,9,1,3,MHBD_noise,0.001,500.0,results/brute_force/used_SC3_MHBD/results/sweep_15.csv
636780368,233002030,446550,99553452,205895,5951,234703,99553451,100000000,pymatching,SurfaceCode,9,1,3,MHBD_noise,0.001,500.0,results/brute_force/used_SC3_MHBD/results/sweep_15.csv
1834350829,230000000,432782,99567220,144986,5353,282442,99567219,100000000,pymatching,SurfaceCode,9,1,3,MHBD_noise,0.001,500.0,results/brute_force/used_SC3_MHBD/results/sweep_15.csv
1768301016,033030000,397967,99602035,166373,4683,226910,99602034,100000000,pymatching,SurfaceCode,9,1,3,MHBD_noise,0.001,500.0,results/brute_force/used_SC3_MHBD/results/sweep_15.csv
976502074,230033020,433009,99566993,199779,6261,226968,99566992,100000000,pymatching,SurfaceCode,9,1,3,MHBD_noise,0.001,500.0,results/brute_force/used_SC3_MHBD/results/sweep_15.csv
277088187,030030020,405306,99594696,153066,4659,247580,99594695,100000000,pymatching,SurfaceCode,9,1,3,MHBD_noise,0.001,500.0,results/brute_force/used_SC3_MHBD/results/sweep_15.csv
386569790,033030020,404581,99595421,172902,4813,226865,99595420,100000000,pymatching,SurfaceCode,9,1,3,MHBD_noise,0.001,500.0,results/brute_force/used_SC3_MHBD/results/sweep_15.csv
756487238,230333300,421041,99578961,229139,6087,185814,99578960,100000000,pymatching,SurfaceCode,9,1,3,MHBD_noise,0.001,500.0,results/brute_force/used_SC3_MHBD/results/sweep_15.csv
1410964751,230330303,421820,99578182,231707,5681,184431,99578181,100000000,pymatching,SurfaceCode,9,1,3,MHBD_noise,0.001,500.0,results/brute_force/used_SC3_MHBD/results/sweep_15.csv
117442556,030300300,401553,99598449,156696,4673,240183,99598448,100000000,pymatching,SurfaceCode,9,1,3,MHBD_noise,0.001,500.0,results/brute_force/used_SC3_MHBD/results/sweep_30.csv
1873786190,033300300,403440,99596562,186594,4698,212147,99596561,100000000,pymatching,SurfaceCode,9,1,3,MHBD_noise,0.001,500.0,results/brute_force/used_SC3_MHBD/results/sweep_30.csv
1506915506,033030300,396896,99603106,180839,4743,211313,99603105,100000000,pymatching,SurfaceCode,9,1,3,MHBD_noise,0.001,500.0,results/brute_force/used_SC3_MHBD/results/sweep_30.csv
2120144578,300330302,448826,99551176,224772,6248,217805,99551175,100000000,pymatching,SurfaceCode,9,1,3,MHBD_noise,0.001,500.0,results/brute_force/used_SC3_MHBD/results/sweep_30.csv
1140608251,303303030,413115,99586887,197734,5826,209554,99586886,100000000,pymatching,SurfaceCode,9,1,3,MHBD_noise,0.001,500.0,results/brute_force/used_SC3_MHBD/results/sweep_30.csv
848759867,303302030,432984,99567018,197961,6146,228876,99567017,100000000,pymatching,SurfaceCode,9,1,3,MHBD_noise,0.001,500.0,results/brute_force/used_SC3_MHBD/results/sweep_30.csv
1197906732,330033333,421755,99578247,260749,5323,155682,99578246,100000000,pymatching,SurfaceCode,9,1,3,MHBD_noise,0.001,500.0,results/brute_force/used_SC3_MHBD/results/sweep_30.csv
1277293425,330033032,412045,99587957,221251,5677,185116,99587956,100000000,pymatching,SurfaceCode,9,1,3,MHBD_noise,0.001,500.0,results/brute_force/used_SC3_MHBD/results/sweep_30.csv
1815843755,303032230,457792,99542210,245427,6365,205999,99542209,100000000,pymatching,SurfaceCode,9,1,3,MHBD_noise,0.001,500.0,results/brute_force/used_SC3_MHBD/results/sweep_30.csv
310330764,303030230,417926,99582076,205138,5493,207294,99582075,100000000,pymatching,SurfaceCode,9,1,3,MHBD_noise,0.001,500.0,results/brute_force/used_SC3_MHBD/results/sweep_30.csv
370728962,023322020,490201,99509801,225017,8499,256684,99509800,100000000,pymatching,SurfaceCode,9,1,3,MHBD_noise,0.001,500.0,results/brute_force/used_SC3_MHBD/results/sweep_37.csv
655408007,220233300,461971,99538031,229661,7094,225215,99538030,100000000,pymatching,SurfaceCode,9,1,3,MHBD_noise,0.001,500.0,results/brute_force/used_SC3_MHBD/results/sweep_37.csv
1524824059,233003000,437195,99562807,194601,5483,237110,99562806,100000000,pymatching,SurfaceCode,9,1,3,MHBD_noise,0.001,500.0,results/brute_force/used_SC3_MHBD/results/sweep_37.csv
1222390723,033300020,408924,99591078,177946,4916,226061,99591077,100000000,pymatching,SurfaceCode,9,1,3,MHBD_noise,0.001,500.0,results/brute_force/used_SC3_MHBD/results/sweep_37.csv
458619509,030303000,399639,99600363,158512,5191,235935,99600362,100000000,pymatching,SurfaceCode,9,1,3,MHBD_noise,0.001,500.0,results/brute_force/used_SC3_MHBD/results/sweep_37.csv
597703522,022303323,491664,99508338,255827,7547,228289,99508337,100000000,pymatching,SurfaceCode,9,1,3,MHBD_noise,0.001,500.0,results/brute_force/used_SC3_MHBD/results/sweep_37.csv
1304856614,300030202,458931,99541071,203214,6436,249280,99541070,100000000,pymatching,SurfaceCode,9,1,3,MHBD_noise,0.001,500.0,results/brute_force/used_SC3_MHBD/results/sweep_37.csv
1791141634,230033033,423874,99576128,219792,5856,198225,99576127,100000000,pymatching,SurfaceCode,9,1,3,MHBD_noise,0.001,500.0,results/brute_force/used_SC3_MHBD/results/sweep_37.csv
2023451349,033300033,397525,99602477,200741,5018,191765,99602476,100000000,pymatching,SurfaceCode,9,1,3,MHBD_noise,0.001,500.0,results/brute_force/used_SC3_MHBD/results/sweep_37.csv
933459765,000330030,398244,99601758,166280,5001,226962,99601757,100000000,pymatching,SurfaceCode,9,1,3,MHBD_noise,0.001,500.0,results/brute_force/used_SC3_MHBD/results/sweep_37.csv
1946057571,033033330,405321,99594681,227821,4704,172795,99594680,100000000,pymatching,SurfaceCode,9,1,3,MHBD_noise,0.001,500.0,results/brute_force/used_SC3_MHBD/results/sweep_39.csv
953379986,033333033,410919,99589083,245886,4942,160090,99589082,100000000,pymatching,SurfaceCode,9,1,3,MHBD_noise,0.001,500.0,results/brute_force/used_SC3_MHBD/results/sweep_39.csv
2017466579,220020233,505949,99494053,233076,8388,264484,99494052,100000000,pymatching,SurfaceCode,9,1,3,MHBD_noise,0.001,500.0,results/brute_force/used_SC3_MHBD/results/sweep_39.csv
212248556,002332233,479342,99520660,269234,6924,203183,99520659,100000000,pymatching,SurfaceCode,9,1,3,MHBD_noise,0.001,500.0,results/brute_force/used_SC3_MHBD/results/sweep_39.csv
1645274467,002333022,453083,99546919,229737,6597,216748,99546918,100000000,pymatching,SurfaceCode,9,1,3,MHBD_noise,0.001,500.0,results/brute_force/used_SC3_MHBD/results/sweep_39.csv
1479885726,333033303,430401,99569601,262085,5263,163052,99569600,100000000,pymatching,SurfaceCode,9,1,3,MHBD_noise,0.001,500.0,results/brute_force/used_SC3_MHBD/results/sweep_39.csv
1240872211,222032322,551623,99448379,289527,9129,252966,99448378,100000000,pymatching,SurfaceCode,9,1,3,MHBD_noise,0.001,500.0,results/brute_force/used_SC3_MHBD/results/sweep_39.csv
244158264,033300022,433129,99566873,200997,5515,226616,99566872,100000000,pymatching,SurfaceCode,9,1,3,MHBD_noise,0.001,500.0,results/brute_force/used_SC3_MHBD/results/sweep_39.csv
335445645,330000333,406893,99593109,206530,4917,195445,99593108,100000000,pymatching,SurfaceCode,9,1,3,MHBD_noise,0.001,500.0,results/brute_force/used_SC3_MHBD/results/sweep_39.csv
1977212356,000003233,459200,99540802,200974,6179,252046,99540801,100000000,pymatching,SurfaceCode,9,1,3,MHBD_noise,0.001,500.0,results/brute_force/used_SC3_MHBD/results/sweep_39.csv
231247497,333003033,414384,99585618,222155,5056,187172,99585617,100000000,pymatching,SurfaceCode,9,1,3,MHBD_noise,0.001,500.0,results/brute_force/used_SC3_MHBD/results/sweep_45.csv
1722851444,202200233,504145,99495857,231904,7129,265111,99495856,100000000,pymatching,SurfaceCode,9,1,3,MHBD_noise,0.001,500.0,results/brute_force/used_SC3_MHBD/results/sweep_45.csv
422268119,020023202,492380,99507622,199595,8387,284397,99507621,100000000,pymatching,SurfaceCode,9,1,3,MHBD_noise,0.001,500.0,results/brute_force/used_SC3_MHBD/results/sweep_45.csv
555539033,033220003,459368,99540634,216846,7401,235120,99540633,100000000,pymatching,SurfaceCode,9,1,3,MHBD_noise,0.001,500.0,results/brute_force/used_SC3_MHBD/results/sweep_45.csv
1388085653,303333330,428885,99571117,263276,5343,160265,99571116,100000000,pymatching,SurfaceCode,9,1,3,MHBD_noise,0.001,500.0,results/brute_force/used_SC3_MHBD/results/sweep_45.csv
1210418828,003330230,416358,99583644,204281,5332,206744,99583643,100000000,pymatching,SurfaceCode,9,1,3,MHBD_noise,0.001,500.0,results/brute_force/used_SC3_MHBD/results/sweep_45.csv
1444528851,300033330,412654,99587348,226591,5214,180848,99587347,100000000,pymatching,SurfaceCode,9,1,3,MHBD_noise,0.001,500.0,results/brute_force/used_SC3_MHBD/results/sweep_45.csv
480965793,020033300,415539,99584463,184123,5556,225859,99584462,100000000,pymatching,SurfaceCode,9,1,3,MHBD_noise,0.001,500.0,results/brute_force/used_SC3_MHBD/results/sweep_45.csv
2011640774,033300003,404901,99595101,191089,4995,208816,99595100,100000000,pymatching,SurfaceCode,9,1,3,MHBD_noise,0.001,500.0,results/brute_force/used_SC3_MHBD/results/sweep_45.csv
1983365760,022320302,510484,99489518,234079,8913,267491,99489517,100000000,pymatching,SurfaceCode,9,1,3,MHBD_noise,0.001,500.0,results/brute_force/used_SC3_MHBD/results/sweep_45.csv
1613111897,232332023,490061,99509941,283786,6957,199317,99509940,100000000,pymatching,SurfaceCode,9,1,3,MHBD_noise,0.001,500.0,results/brute_force/used_SC3_MHBD/results/sweep_42.csv
1073383516,232003032,470555,99529447,219738,6321,244495,99529446,100000000,pymatching,SurfaceCode,9,1,3,MHBD_noise,0.001,500.0,results/brute_force/used_SC3_MHBD/results/sweep_42.csv
21056116,330302233,459577,99540425,246507,6225,206844,99540424,100000000,pymatching,SurfaceCode,9,1,3,MHBD_noise,0.001,500.0,results/brute_force/used_SC3_MHBD/results/sweep_42.csv
816010164,323003302,454818,99545184,224421,6462,223934,99545183,100000000,pymatching,SurfaceCode,9,1,3,MHBD_noise,0.001,500.0,results/brute_force/used_SC3_MHBD/results/sweep_42.csv
2514858,033220230,460141,99539861,218463,7033,234644,99539860,100000000,pymatching,SurfaceCode,9,1,3,MHBD_noise,0.001,500.0,results/brute_force/used_SC3_MHBD/results/sweep_42.csv
2027231147,303200000,438639,99561363,170751,6053,261834,99561362,100000000,pymatching,SurfaceCode,9,1,3,MHBD_noise,0.001,500.0,results/brute_force/used_SC3_MHBD/results/sweep_42.csv
585747456,032030303,420723,99579279,204522,5545,210655,99579278,100000000,pymatching,SurfaceCode,9,1,3,MHBD_noise,0.001,500.0,results/brute_force/used_SC3_MHBD/results/sweep_42.csv
1124764570,202023330,486111,99513891,242443,7713,235954,99513890,100000000,pymatching,SurfaceCode,9,1,3,MHBD_noise,0.001,500.0,results/brute_force/used_SC3_MHBD/results/sweep_42.csv
1737109516,203200330,442401,99557601,196225,5540,240635,99557600,100000000,pymatching,SurfaceCode,9,1,3,MHBD_noise,0.001,500.0,results/brute_force/used_SC3_MHBD/results/sweep_42.csv
2084922701,200030230,445861,99554141,187119,5764,252977,99554140,100000000,pymatching,SurfaceCode,9,1,3,MHBD_noise,0.001,500.0,results/brute_force/used_SC3_MHBD/results/sweep_42.csv
604429700,333002302,448586,99551416,229348,5723,213514,99551415,100000000,pymatching,SurfaceCode,9,1,3,MHBD_noise,0.001,500.0,results/brute_force/used_SC3_MHBD/results/sweep_14.csv
1084704656,330002002,446180,99553822,180739,6456,258984,99553821,100000000,pymatching,SurfaceCode,9,1,3,MHBD_noise,0.001,500.0,results/brute_force/used_SC3_MHBD/results/sweep_14.csv
1518098358,033003302,420961,99579041,194989,5332,220639,99579040,100000000,pymatching,SurfaceCode,9,1,3,MHBD_noise,0.001,500.0,results/brute_force/used_SC3_MHBD/results/sweep_14.csv
2107467331,033003303,412044,99587958,194554,5246,212243,99587957,100000000,pymatching,SurfaceCode,9,1,3,MHBD_noise,0.001,500.0,results/brute_force/used_SC3_MHBD/results/sweep_14.csv
991551660,033003333,402201,99597801,226432,4561,171207,99597800,100000000,pymatching,SurfaceCode,9,1,3,MHBD_noise,0.001,500.0,results/brute_force/used_SC3_MHBD/results/sweep_14.csv
713600343,030000333,409464,99590538,187150,4845,217468,99590537,100000000,pymatching,SurfaceCode,9,1,3,MHBD_noise,0.001,500.0,results/brute_force/used_SC3_MHBD/results/sweep_14.csv
188926025,030000030,399120,99600882,132459,4376,262284,99600881,100000000,pymatching,SurfaceCode,9,1,3,MHBD_noise,0.001,500.0,results/brute_force/used_SC3_MHBD/results/sweep_14.csv
384821345,030300330,391496,99608506,167345,4689,219461,99608505,100000000,pymatching,SurfaceCode,9,1,3,MHBD_noise,0.001,500.0,results/brute_force/used_SC3_MHBD/results/sweep_14.csv
676315514,033302033,412431,99587571,214397,5132,192901,99587570,100000000,pymatching,SurfaceCode,9,1,3,MHBD_noise,0.001,500.0,results/brute_force/used_SC3_MHBD/results/sweep_14.csv
477497989,033303033,404008,99595994,213383,4957,185667,99595993,100000000,pymatching,SurfaceCode,9,1,3,MHBD_noise,0.001,500.0,results/brute_force/used_SC3_MHBD/results/sweep_14.csv
627356743,333033022,444346,99555656,253145,5700,185500,99555655,100000000,pymatching,SurfaceCode,9,1,3,MHBD_noise,0.001,500.0,results/brute_force/used_SC3_MHBD/results/sweep_13.csv
685923813,330033020,409628,99590374,200550,5985,203092,99590373,100000000,pymatching,SurfaceCode,9,1,3,MHBD_noise,0.001,500.0,results/brute_force/used_SC3_MHBD/results/sweep_13.csv
1717210093,030003030,400983,99599019,152422,5314,243246,99599018,100000000,pymatching,SurfaceCode,9,1,3,MHBD_noise,0.001,500.0,results/brute_force/used_SC3_MHBD/results/sweep_13.csv
1915892874,330002003,425375,99574627,180859,6081,238434,99574626,100000000,pymatching,SurfaceCode,9,1,3,MHBD_noise,0.001,500.0,results/brute_force/used_SC3_MHBD/results/sweep_13.csv
985371623,303230330,416374,99583628,222776,5236,188361,99583627,100000000,pymatching,SurfaceCode,9,1,3,MHBD_noise,0.001,500.0,results/brute_force/used_SC3_MHBD/results/sweep_13.csv
1982104811,030002003,426559,99573443,160572,5308,260678,99573442,100000000,pymatching,SurfaceCode,9,1,3,MHBD_noise,0.001,500.0,results/brute_force/used_SC3_MHBD/results/sweep_13.csv
1811377727,030302003,417594,99582408,177736,5541,234316,99582407,100000000,pymatching,SurfaceCode,9,1,3,MHBD_noise,0.001,500.0,results/brute_force/used_SC3_MHBD/results/sweep_13.csv
1061076749,030000033,400206,99599796,154164,4965,241076,99599795,100000000,pymatching,SurfaceCode,9,1,3,MHBD_noise,0.001,500.0,results/brute_force/used_SC3_MHBD/results/sweep_13.csv
121491453,330232302,463821,99536181,252872,6782,204166,99536180,100000000,pymatching,SurfaceCode,9,1,3,MHBD_noise,0.001,500.0,results/brute_force/used_SC3_MHBD/results/sweep_13.csv
231024933,330002302,443465,99556537,196315,6163,240986,99556536,100000000,pymatching,SurfaceCode,9,1,3,MHBD_noise,0.001,500.0,results/brute_force/used_SC3_MHBD/results/sweep_13.csv
1561780853,033032203,437058,99562944,222716,5825,208516,99562943,100000000,pymatching,SurfaceCode,9,1,3,MHBD_noise,0.001,500.0,results/brute_force/used_SC3_MHBD/results/sweep_61.csv
820821393,330000002,426858,99573144,162454,5801,258602,99573143,100000000,pymatching,SurfaceCode,9,1,3,MHBD_noise,0.001,500.0,results/brute_force/used_SC3_MHBD/results/sweep_61.csv
703370148,003020330,427097,99572905,179590,6159,241347,99572904,100000000,pymatching,SurfaceCode,9,1,3,MHBD_noise,0.001,500.0,results/brute_force/used_SC3_MHBD/results/sweep_61.csv
2136784249,230003330,428769,99571233,204296,5512,218960,99571232,100000000,pymatching,SurfaceCode,9,1,3,MHBD_noise,0.001,500.0,results/brute_force/used_SC3_MHBD/results/sweep_61.csv
1788719786,000033300,410342,99589660,178543,5650,226148,99589659,100000000,pymatching,SurfaceCode,9,1,3,MHBD_noise,0.001,500.0,results/brute_force/used_SC3_MHBD/results/sweep_61.csv
1969467126,000323023,463529,99536473,209509,8018,246001,99536472,100000000,pymatching,SurfaceCode,9,1,3,MHBD_noise,0.001,500.0,results/brute_force/used_SC3_MHBD/results/sweep_61.csv
797532471,300033023,432172,99567830,214552,6128,211491,99567829,100000000,pymatching,SurfaceCode,9,1,3,MHBD_noise,0.001,500.0,results/brute_force/used_SC3_MHBD/results/sweep_61.csv
705280066,320333030,416087,99583915,221526,5901,188659,99583914,100000000,pymatching,SurfaceCode,9,1,3,MHBD_noise,0.001,500.0,results/brute_force/used_SC3_MHBD/results/sweep_61.csv
979089514,333003000,415518,99584484,195803,5231,214483,99584483,100000000,pymatching,SurfaceCode,9,1,3,MHBD_noise,0.001,500.0,results/brute_force/used_SC3_MHBD/results/sweep_61.csv
1582230583,323002300,458078,99541924,208968,6769,242340,99541923,100000000,pymatching,SurfaceCode,9,1,3,MHBD_noise,0.001,500.0,results/brute_force/used_SC3_MHBD/results/sweep_61.csv
897151765,033302330,413055,99586947,231740,4846,176468,99586946,100000000,pymatching,SurfaceCode,9,1,3,MHBD_noise,0.001,500.0,results/brute_force/used_SC3_MHBD/results/sweep_53.csv
389049620,302023302,486911,99513091,237031,8500,241379,99513090,100000000,pymatching,SurfaceCode,9,1,3,MHBD_noise,0.001,500.0,results/brute_force/used_SC3_MHBD/results/sweep_53.csv
2145832231,202303300,450492,99549510,205168,6690,238633,99549509,100000000,pymatching,SurfaceCode,9,1,3,MHBD_noise,0.001,500.0,results/brute_force/used_SC3_MHBD/results/sweep_53.csv
367784603,302330030,425505,99574497,202419,5714,217371,99574496,100000000,pymatching,SurfaceCode,9,1,3,MHBD_noise,0.001,500.0,results/brute_force/used_SC3_MHBD/results/sweep_53.csv
643510593,030303303,408783,99591219,192693,5424,210665,99591218,100000000,pymatching,SurfaceCode,9,1,3,MHBD_noise,0.001,500.0,results/brute_force/used_SC3_MHBD/results/sweep_53.csv
1664516344,022333023,458778,99541224,246083,6582,206112,99541223,100000000,pymatching,SurfaceCode,9,1,3,MHBD_noise,0.001,500.0,results/brute_force/used_SC3_MHBD/results/sweep_53.csv
860878901,033300000,403914,99596088,172001,4665,227247,99596087,100000000,pymatching,SurfaceCode,9,1,3,MHBD_noise,0.001,500.0,results/brute_force/used_SC3_MHBD/results/sweep_53.csv
1613306291,330030020,403887,99596115,174955,5254,223677,99596114,100000000,pymatching,SurfaceCode,9,1,3,MHBD_noise,0.001,500.0,results/brute_force/used_SC3_MHBD/results/sweep_53.csv
962825905,032230322,498165,99501837,261546,7423,229195,99501836,100000000,pymatching,SurfaceCode,9,1,3,MHBD_noise,0.001,500.0,results/brute_force/used_SC3_MHBD/results/sweep_53.csv
1813027606,022200333,478844,99521158,234210,6671,237962,99521157,100000000,pymatching,SurfaceCode,9,1,3,MHBD_noise,0.001,500.0,results/brute_force/used_SC3_MHBD/results/sweep_53.csv
1240302627,033330000,397707,99602295,194744,4802,198160,99602294,100000000,pymatching,SurfaceCode,9,1,3,MHBD_noise,0.001,500.0,results/brute_force/used_SC3_MHBD/results/sweep_28.csv
1275482153,300330200,436470,99563532,195896,5775,234798,99563531,100000000,pymatching,SurfaceCode,9,1,3,MHBD_noise,0.001,500.0,results/brute_force/used_SC3_MHBD/results/sweep_28.csv
884411717,300330000,422005,99577997,182031,5672,234301,99577996,100000000,pymatching,SurfaceCode,9,1,3,MHBD_noise,0.001,500.0,results/brute_force/used_SC3_MHBD/results/sweep_28.csv
1974999806,300333300,418417,99581585,222032,5952,190432,99581584,100000000,pymatching,SurfaceCode,9,1,3,MHBD_noise,0.001,500.0,results/brute_force/used_SC3_MHBD/results/sweep_28.csv
565611153,030330300,390032,99609970,180047,4650,205334,99609969,100000000,pymatching,SurfaceCode,9,1,3,MHBD_noise,0.001,500.0,results/brute_force/used_SC3_MHBD/results/sweep_28.csv
1800975439,230302000,440622,99559380,180511,6213,253897,99559379,100000000,pymatching,SurfaceCode,9,1,3,MHBD_noise,0.001,500.0,results/brute_force/used_SC3_MHBD/results/sweep_28.csv
1987041038,230303030,413086,99586916,188154,5780,219151,99586915,100000000,pymatching,SurfaceCode,9,1,3,MHBD_noise,0.001,500.0,results/brute_force/used_SC3_MHBD/results/sweep_28.csv
1509008432,330303000,411281,99588721,179423,5704,226153,99588720,100000000,pymatching,SurfaceCode,9,1,3,MHBD_noise,0.001,500.0,results/brute_force/used_SC3_MHBD/results/sweep_28.csv
1507017689,022003000,452805,99547197,162851,5701,284252,99547196,100000000,pymatching,SurfaceCode,9,1,3,MHBD_noise,0.001,500.0,results/brute_force/used_SC3_MHBD/results/sweep_28.csv
61985287,022003033,444238,99555764,186104,6045,252088,99555763,100000000,pymatching,SurfaceCode,9,1,3,MHBD_noise,0.001,500.0,results/brute_force/used_SC3_MHBD/results/sweep_28.csv
1218414504,203023033,472521,99527481,228918,8159,235443,99527480,100000000,pymatching,SurfaceCode,9,1,3,MHBD_noise,0.001,500.0,results/brute_force/used_SC3_MHBD/results/sweep_54.csv
1710154669,330230330,404980,99595022,214784,5037,185158,99595021,100000000,pymatching,SurfaceCode,9,1,3,MHBD_noise,0.001,500.0,results/brute_force/used_SC3_MHBD/results/sweep_54.csv
1543909926,020333030,400072,99599930,196064,5538,198469,99599929,100000000,pymatching,SurfaceCode,9,1,3,MHBD_noise,0.001,500.0,results/brute_force/used_SC3_MHBD/results/sweep_54.csv
1881322950,200033003,447374,99552628,205911,6303,235159,99552627,100000000,pymatching,SurfaceCode,9,1,3,MHBD_noise,0.001,500.0,results/brute_force/used_SC3_MHBD/results/sweep_54.csv
970442951,020030230,430169,99569833,171847,5446,252875,99569832,100000000,pymatching,SurfaceCode,9,1,3,MHBD_noise,0.001,500.0,results/brute_force/used_SC3_MHBD/results/sweep_54.csv
459624430,330302020,439310,99560692,189423,6186,243700,99560691,100000000,pymatching,SurfaceCode,9,1,3,MHBD_noise,0.001,500.0,results/brute_force/used_SC3_MHBD/results/sweep_54.csv
1810244585,000333330,411768,99588234,224126,5088,182553,99588233,100000000,pymatching,SurfaceCode,9,1,3,MHBD_noise,0.001,500.0,results/brute_force/used_SC3_MHBD/results/sweep_54.csv
2127895374,202332230,496779,99503223,261481,7473,227824,99503222,100000000,pymatching,SurfaceCode,9,1,3,MHBD_noise,0.001,500.0,results/brute_force/used_SC3_MHBD/results/sweep_54.csv
2080801440,032202003,476532,99523470,206975,6921,262635,99523469,100000000,pymatching,SurfaceCode,9,1,3,MHBD_noise,0.001,500.0,results/brute_force/used_SC3_MHBD/results/sweep_54.csv
286076333,003032002,451410,99548592,196666,6034,248709,99548591,100000000,pymatching,SurfaceCode,9,1,3,MHBD_noise,0.001,500.0,results/brute_force/used_SC3_MHBD/results/sweep_54.csv
1496469787,303030220,438647,99561355,206547,5961,226138,99561354,100000000,pymatching,SurfaceCode,9,1,3,MHBD_noise,0.001,500.0,results/brute_force/used_SC3_MHBD/results/sweep_26.csv
656586847,203030000,434318,99565684,180058,5774,248485,99565683,100000000,pymatching,SurfaceCode,9,1,3,MHBD_noise,0.001,500.0,results/brute_force/used_SC3_MHBD/results/sweep_26.csv
819077619,300030030,403093,99596909,168497,4860,229735,99596908,100000000,pymatching,SurfaceCode,9,1,3,MHBD_noise,0.001,500.0,results/brute_force/used_SC3_MHBD/results/sweep_26.csv
2004248544,003030030,396436,99603566,160971,4530,230934,99603565,100000000,pymatching,SurfaceCode,9,1,3,MHBD_noise,0.001,500.0,results/brute_force/used_SC3_MHBD/results/sweep_26.csv
1025881120,230000320,440794,99559208,170829,5775,264189,99559207,100000000,pymatching,SurfaceCode,9,1,3,MHBD_noise,0.001,500.0,results/brute_force/used_SC3_MHBD/results/sweep_26.csv
1800392134,323030323,458315,99541687,264419,6620,187275,99541686,100000000,pymatching,SurfaceCode,9,1,3,MHBD_noise,0.001,500.0,results/brute_force/used_SC3_MHBD/results/sweep_26.csv
328865514,023030323,448768,99551234,231522,6341,210904,99551233,100000000,pymatching,SurfaceCode,9,1,3,MHBD_noise,0.001,500.0,results/brute_force/used_SC3_MHBD/results/sweep_26.csv
202872981,003030323,439249,99560753,220541,6180,212527,99560752,100000000,pymatching,SurfaceCode,9,1,3,MHBD_noise,0.001,500.0,results/brute_force/used_SC3_MHBD/results/sweep_26.csv
504275432,003030322,459798,99540204,221068,6289,232440,99540203,100000000,pymatching,SurfaceCode,9,1,3,MHBD_noise,0.001,500.0,results/brute_force/used_SC3_MHBD/results/sweep_26.csv
1918483136,000030323,440718,99559284,206755,6171,227791,99559283,100000000,pymatching,SurfaceCode,9,1,3,MHBD_noise,0.001,500.0,results/brute_force/used_SC3_MHBD/results/sweep_26.csv
1311041913,030330033,385548,99614454,198546,5066,181935,99614453,100000000,pymatching,SurfaceCode,9,1,3,MHBD_noise,0.001,500.0,results/brute_force/used_SC3_MHBD/results/sweep_4.csv
1688387288,333300330,399433,99600569,228916,4544,165972,99600568,100000000,pymatching,SurfaceCode,9,1,3,MHBD_noise,0.001,500.0,results/brute_force/used_SC3_MHBD/results/sweep_4.csv
1757377628,330330330,398708,99601294,214944,4934,178829,99601293,100000000,pymatching,SurfaceCode,9,1,3,MHBD_noise,0.001,500.0,results/brute_force/used_SC3_MHBD/results/sweep_4.csv
1837962050,200000332,468873,99531129,199150,6024,263698,99531128,100000000,pymatching,SurfaceCode,9,1,3,MHBD_noise,0.001,500.0,results/brute_force/used_SC3_MHBD/results/sweep_4.csv
1661964513,200000330,431881,99568121,163680,5194,263006,99568120,100000000,pymatching,SurfaceCode,9,1,3,MHBD_noise,0.001,500.0,results/brute_force/used_SC3_MHBD/results/sweep_4.csv
1529428550,300000330,411309,99588693,164076,5035,242197,99588692,100000000,pymatching,SurfaceCode,9,1,3,MHBD_noise,0.001,500.0,results/brute_force/used_SC3_MHBD/results/sweep_4.csv
1233488290,300000300,426850,99573152,153644,5152,268053,99573151,100000000,pymatching,SurfaceCode,9,1,3,MHBD_noise,0.001,500.0,results/brute_force/used_SC3_MHBD/results/sweep_4.csv
730476513,020003033,423455,99576547,166494,5622,251338,99576546,100000000,pymatching,SurfaceCode,9,1,3,MHBD_noise,0.001,500.0,results/brute_force/used_SC3_MHBD/results/sweep_4.csv
1976993253,030002033,414668,99585334,167443,5268,241956,99585333,100000000,pymatching,SurfaceCode,9,1,3,MHBD_noise,0.001,500.0,results/brute_force/used_SC3_MHBD/results/sweep_4.csv
852010436,030032033,406664,99593338,195617,5285,205761,99593337,100000000,pymatching,SurfaceCode,9,1,3,MHBD_noise,0.001,500.0,results/brute_force/used_SC3_MHBD/results/sweep_4.csv
654519549,000330033,401557,99598445,194099,5542,201915,99598444,100000000,pymatching,SurfaceCode,9,1,3,MHBD_noise,0.001,500.0,results/brute_force/used_SC3_MHBD/results/sweep_21.csv
1405794708,020330033,406708,99593294,198002,5542,203163,99593293,100000000,pymatching,SurfaceCode,9,1,3,MHBD_noise,0.001,500.0,results/brute_force/used_SC3_MHBD/results/sweep_21.csv
282007135,330030033,390652,99609350,202277,5206,183168,99609349,100000000,pymatching,SurfaceCode,9,1,3,MHBD_noise,0.001,500.0,results/brute_force/used_SC3_MHBD/results/sweep_21.csv
2013700339,330303033,409705,99590297,206451,5474,197779,99590296,100000000,pymatching,SurfaceCode,9,1,3,MHBD_noise,0.001,500.0,results/brute_force/used_SC3_MHBD/results/sweep_21.csv
1265838556,330003033,402491,99597511,187826,5305,209359,99597510,100000000,pymatching,SurfaceCode,9,1,3,MHBD_noise,0.001,500.0,results/brute_force/used_SC3_MHBD/results/sweep_21.csv
2903283,030333033,394677,99605325,215678,5073,173925,99605324,100000000,pymatching,SurfaceCode,9,1,3,MHBD_noise,0.001,500.0,results/brute_force/used_SC3_MHBD/results/sweep_21.csv
755673091,330200003,425526,99574476,181892,5931,237702,99574475,100000000,pymatching,SurfaceCode,9,1,3,MHBD_noise,0.001,500.0,results/brute_force/used_SC3_MHBD/results/sweep_21.csv
704502059,330000003,406686,99593316,163413,5534,237738,99593315,100000000,pymatching,SurfaceCode,9,1,3,MHBD_noise,0.001,500.0,results/brute_force/used_SC3_MHBD/results/sweep_21.csv
1777795168,330300033,403183,99596819,191096,5500,206586,99596818,100000000,pymatching,SurfaceCode,9,1,3,MHBD_noise,0.001,500.0,results/brute_force/used_SC3_MHBD/results/sweep_21.csv
463938567,033033333,423576,99576426,253459,5109,165007,99576425,100000000,pymatching,SurfaceCode,9,1,3,MHBD_noise,0.001,500.0,results/brute_force/used_SC3_MHBD/results/sweep_21.csv
1741143810,330230320,427127,99572875,215626,5580,205920,99572874,100000000,pymatching,SurfaceCode,9,1,3,MHBD_noise,0.001,500.0,results/brute_force/used_SC3_MHBD/results/sweep_3.csv
61661610,330003320,432571,99567431,205045,6170,221355,99567430,100000000,pymatching,SurfaceCode,9,1,3,MHBD_noise,0.001,500.0,results/brute_force/used_SC3_MHBD/results/sweep_3.csv
1755583369,330033320,424151,99575851,232981,6091,185078,99575850,100000000,pymatching,SurfaceCode,9,1,3,MHBD_noise,0.001,500.0,results/brute_force/used_SC3_MHBD/results/sweep_3.csv
277431388,330230000,419118,99580884,189832,5907,223378,99580883,100000000,pymatching,SurfaceCode,9,1,3,MHBD_noise,0.001,500.0,results/brute_force/used_SC3_MHBD/results/sweep_3.csv
1960487467,330230030,404316,99595686,195222,5288,203805,99595685,100000000,pymatching,SurfaceCode,9,1,3,MHBD_noise,0.001,500.0,results/brute_force/used_SC3_MHBD/results/sweep_3.csv
707640592,030333030,385879,99614123,196341,5220,184317,99614122,100000000,pymatching,SurfaceCode,9,1,3,MHBD_noise,0.001,500.0,results/brute_force/used_SC3_MHBD/results/sweep_3.csv
153209107,003330033,404347,99595655,212217,5747,186382,99595654,100000000,pymatching,SurfaceCode,9,1,3,MHBD_noise,0.001,500.0,results/brute_force/used_SC3_MHBD/results/sweep_3.csv
1108228840,303330033,411810,99588192,231507,5685,174617,99588191,100000000,pymatching,SurfaceCode,9,1,3,MHBD_noise,0.001,500.0,results/brute_force/used_SC3_MHBD/results/sweep_3.csv
946307563,003330003,408781,99591221,201400,5718,201662,99591220,100000000,pymatching,SurfaceCode,9,1,3,MHBD_noise,0.001,500.0,results/brute_force/used_SC3_MHBD/results/sweep_3.csv
1807198584,003333033,410490,99589512,229241,5549,175699,99589511,100000000,pymatching,SurfaceCode,9,1,3,MHBD_noise,0.001,500.0,results/brute_force/used_SC3_MHBD/results/sweep_3.csv
1998463377,003023333,459003,99540999,241141,7163,210698,99540998,100000000,pymatching,SurfaceCode,9,1,3,MHBD_noise,0.001,500.0,results/brute_force/used_SC3_MHBD/results/sweep_10.csv
1405812094,203333030,420484,99579518,228926,5885,185672,99579517,100000000,pymatching,SurfaceCode,9,1,3,MHBD_noise,0.001,500.0,results/brute_force/used_SC3_MHBD/results/sweep_10.csv
1969338270,003333030,400447,99599555,209359,5598,185489,99599554,100000000,pymatching,SurfaceCode,9,1,3,MHBD_noise,0.001,500.0,results/brute_force/used_SC3_MHBD/results/sweep_10.csv
1496630413,000333030,395405,99604597,191309,5392,198703,99604596,100000000,pymatching,SurfaceCode,9,1,3,MHBD_noise,0.001,500.0,results/brute_force/used_SC3_MHBD/results/sweep_10.csv
1493922299,333003003,425197,99574805,213633,5624,205939,99574804,100000000,pymatching,SurfaceCode,9,1,3,MHBD_noise,0.001,500.0,results/brute_force/used_SC3_MHBD/results/sweep_10.csv
352792302,333330000,424196,99575806,229844,5309,189042,99575805,100000000,pymatching,SurfaceCode,9,1,3,MHBD_noise,0.001,500.0,results/brute_force/used_SC3_MHBD/results/sweep_10.csv
1281818709,330330000,403873,99596129,189277,5310,209285,99596128,100000000,pymatching,SurfaceCode,9,1,3,MHBD_noise,0.001,500.0,results/brute_force/used_SC3_MHBD/results/sweep_10.csv
1731263631,330330030,392117,99607885,195044,5153,191919,99607884,100000000,pymatching,SurfaceCode,9,1,3,MHBD_noise,0.001,500.0,results/brute_force/used_SC3_MHBD/results/sweep_10.csv
1924760725,330033030,390204,99609798,200051,5470,184682,99609797,100000000,pymatching,SurfaceCode,9,1,3,MHBD_noise,0.001,500.0,results/brute_force/used_SC3_MHBD/results/sweep_10.csv
220811462,333033200,432606,99567396,240871,5534,186200,99567395,100000000,pymatching,SurfaceCode,9,1,3,MHBD_noise,0.001,500.0,results/brute_force/used_SC3_MHBD/results/sweep_10.csv
64071834,300330303,424825,99575177,225783,5986,193055,99575176,100000000,pymatching,SurfaceCode,9,1,3,MHBD_noise,0.001,500.0,results/brute_force/used_SC3_MHBD/results/sweep_17.csv
1540895978,300230023,447244,99552758,217142,6637,223464,99552757,100000000,pymatching,SurfaceCode,9,1,3,MHBD_noise,0.001,500.0,results/brute_force/used_SC3_MHBD/results/sweep_17.csv
1794147638,302330303,439502,99560500,239847,6215,193439,99560499,100000000,pymatching,SurfaceCode,9,1,3,MHBD_noise,0.001,500.0,results/brute_force/used_SC3_MHBD/results/sweep_17.csv
686095455,303330303,423298,99576704,240866,6029,176402,99576703,100000000,pymatching,SurfaceCode,9,1,3,MHBD_noise,0.001,500.0,results/brute_force/used_SC3_MHBD/results/sweep_17.csv
1465972686,303030303,415811,99584191,221679,5829,188302,99584190,100000000,pymatching,SurfaceCode,9,1,3,MHBD_noise,0.001,500.0,results/brute_force/used_SC3_MHBD/results/sweep_17.csv
692965686,003330303,412593,99587409,219171,5877,187544,99587408,100000000,pymatching,SurfaceCode,9,1,3,MHBD_noise,0.001,500.0,results/brute_force/used_SC3_MHBD/results/sweep_17.csv
2124342124,303030300,409030,99590972,195122,5298,208609,99590971,100000000,pymatching,SurfaceCode,9,1,3,MHBD_noise,0.001,500.0,results/brute_force/used_SC3_MHBD/results/sweep_17.csv
1633994620,033330300,400990,99599012,209827,4868,186294,99599011,100000000,pymatching,SurfaceCode,9,1,3,MHBD_noise,0.001,500.0,results/brute_force/used_SC3_MHBD/results/sweep_17.csv
1398191419,330033000,399372,99600630,190016,5620,203735,99600629,100000000,pymatching,SurfaceCode,9,1,3,MHBD_noise,0.001,500.0,results/brute_force/used_SC3_MHBD/results/sweep_17.csv
923334339,333230030,425097,99574905,234541,5420,185135,99574904,100000000,pymatching,SurfaceCode,9,1,3,MHBD_noise,0.001,500.0,results/brute_force/used_SC3_MHBD/results/sweep_17.csv
1267719335,230300000,421663,99578339,161921,5421,254320,99578338,100000000,pymatching,SurfaceCode,9,1,3,MHBD_noise,0.001,500.0,results/brute_force/used_SC3_MHBD/results/sweep_19.csv
1879697215,200300030,429513,99570489,159807,5534,264171,99570488,100000000,pymatching,SurfaceCode,9,1,3,MHBD_noise,0.001,500.0,results/brute_force/used_SC3_MHBD/results/sweep_19.csv
1174521202,230333030,411552,99588450,221446,5834,184271,99588449,100000000,pymatching,SurfaceCode,9,1,3,MHBD_noise,0.001,500.0,results/brute_force/used_SC3_MHBD/results/sweep_19.csv
320019847,000033332,437282,99562720,229608,5663,202010,99562719,100000000,pymatching,SurfaceCode,9,1,3,MHBD_noise,0.001,500.0,results/brute_force/used_SC3_MHBD/results/sweep_19.csv
236723372,003033002,430503,99569499,195193,5791,229518,99569498,100000000,pymatching,SurfaceCode,9,1,3,MHBD_noise,0.001,500.0,results/brute_force/used_SC3_MHBD/results/sweep_19.csv
157105908,000033303,419771,99580231,196699,5865,217206,99580230,100000000,pymatching,SurfaceCode,9,1,3,MHBD_noise,0.001,500.0,results/brute_force/used_SC3_MHBD/results/sweep_19.csv
965271713,033033000,400818,99599184,186028,5177,209612,99599183,100000000,pymatching,SurfaceCode,9,1,3,MHBD_noise,0.001,500.0,results/brute_force/used_SC3_MHBD/results/sweep_19.csv
1849670904,033003300,403826,99596176,179692,5213,218920,99596175,100000000,pymatching,SurfaceCode,9,1,3,MHBD_noise,0.001,500.0,results/brute_force/used_SC3_MHBD/results/sweep_19.csv
1074491722,303300020,430027,99569975,176538,5482,248006,99569974,100000000,pymatching,SurfaceCode,9,1,3,MHBD_noise,0.001,500.0,results/brute_force/used_SC3_MHBD/results/sweep_19.csv
1922608567,333000020,420174,99579828,184316,5163,230694,99579827,100000000,pymatching,SurfaceCode,9,1,3,MHBD_noise,0.001,500.0,results/brute_force/used_SC3_MHBD/results/sweep_19.csv
1181488185,333020002,463767,99536235,223957,7247,232562,99536234,100000000,pymatching,SurfaceCode,9,1,3,MHBD_noise,0.001,500.0,results/brute_force/used_SC3_MHBD/results/sweep_62.csv
1201196378,030033320,424848,99575154,209133,5929,209785,99575153,100000000,pymatching,SurfaceCode,9,1,3,MHBD_noise,0.001,500.0,results/brute_force/used_SC3_MHBD/results/sweep_62.csv
92229510,003333003,417826,99582176,222198,5709,189918,99582175,100000000,pymatching,SurfaceCode,9,1,3,MHBD_noise,0.001,500.0,results/brute_force/used_SC3_MHBD/results/sweep_62.csv
43834228,003003300,423364,99576638,169518,5536,248309,99576637,100000000,pymatching,SurfaceCode,9,1,3,MHBD_noise,0.001,500.0,results/brute_force/used_SC3_MHBD/results/sweep_62.csv
8769547,030030032,410907,99589095,177807,5316,227783,99589094,100000000,pymatching,SurfaceCode,9,1,3,MHBD_noise,0.001,500.0,results/brute_force/used_SC3_MHBD/results/sweep_62.csv
77309767,003303000,416055,99583947,172172,5718,238164,99583946,100000000,pymatching,SurfaceCode,9,1,3,MHBD_noise,0.001,500.0,results/brute_force/used_SC3_MHBD/results/sweep_62.csv
2072732919,032222002,528488,99471514,237295,8884,282308,99471513,100000000,pymatching,SurfaceCode,9,1,3,MHBD_noise,0.001,500.0,results/brute_force/used_SC3_MHBD/results/sweep_62.csv
1924101283,022330233,469954,99530048,260279,6370,203304,99530047,100000000,pymatching,SurfaceCode,9,1,3,MHBD_noise,0.001,500.0,results/brute_force/used_SC3_MHBD/results/sweep_62.csv
1245014876,200003332,461606,99538396,220778,6159,234668,99538395,100000000,pymatching,SurfaceCode,9,1,3,MHBD_noise,0.001,500.0,results/brute_force/used_SC3_MHBD/results/sweep_62.csv
1086611733,333303030,417964,99582038,230029,5543,182391,99582037,100000000,pymatching,SurfaceCode,9,1,3,MHBD_noise,0.001,500.0,results/brute_force/used_SC3_MHBD/results/sweep_62.csv
414973036,003003032,427762,99572240,176453,5675,245633,99572239,100000000,pymatching,SurfaceCode,9,1,3,MHBD_noise,0.001,500.0,results/brute_force/used_SC3_MHBD/results/sweep_9.csv
663507753,033030033,394263,99605739,198312,4996,190954,99605738,100000000,pymatching,SurfaceCode,9,1,3,MHBD_noise,0.001,500.0,results/brute_force/used_SC3_MHBD/results/sweep_9.csv
1467092452,003030033,402965,99597037,186953,5292,210719,99597036,100000000,pymatching,SurfaceCode,9,1,3,MHBD_noise,0.001,500.0,results/brute_force/used_SC3_MHBD/results/sweep_9.csv
871752728,030030033,390023,99609979,178090,5042,206890,99609978,100000000,pymatching,SurfaceCode,9,1,3,MHBD_noise,0.001,500.0,results/brute_force/used_SC3_MHBD/results/sweep_9.csv
2090780761,032333003,432985,99567017,237721,5719,189544,99567016,100000000,pymatching,SurfaceCode,9,1,3,MHBD_noise,0.001,500.0,results/brute_force/used_SC3_MHBD/results/sweep_9.csv
118363422,030333003,402696,99597306,208949,5254,188492,99597305,100000000,pymatching,SurfaceCode,9,1,3,MHBD_noise,0.001,500.0,results/brute_force/used_SC3_MHBD/results/sweep_9.csv
1307716546,030033003,409017,99590985,186965,5163,216888,99590984,100000000,pymatching,SurfaceCode,9,1,3,MHBD_noise,0.001,500.0,results/brute_force/used_SC3_MHBD/results/sweep_9.csv
1259118208,030033000,399169,99600833,166517,5013,227638,99600832,100000000,pymatching,SurfaceCode,9,1,3,MHBD_noise,0.001,500.0,results/brute_force/used_SC3_MHBD/results/sweep_9.csv
138631927,330030000,398185,99601817,169262,5100,223822,99601816,100000000,pymatching,SurfaceCode,9,1,3,MHBD_noise,0.001,500.0,results/brute_force/used_SC3_MHBD/results/sweep_9.csv
372885497,333000330,383091,99616911,204572,3912,174606,99616910,100000000,pymatching,SurfaceCode,9,1,3,MHBD_noise,0.001,500.0,results/brute_force/used_SC3_MHBD/results/sweep_9.csv
760282350,300000000,433346,99566656,138849,5245,289251,99566655,100000000,pymatching,SurfaceCode,9,1,3,MHBD_noise,0.001,500.0,results/brute_force/used_SC3_MHBD/results/sweep_57.csv
790393619,000332003,429296,99570706,204908,6068,218319,99570705,100000000,pymatching,SurfaceCode,9,1,3,MHBD_noise,0.001,500.0,results/brute_force/used_SC3_MHBD/results/sweep_57.csv
783232079,023000300,433284,99566718,162099,5362,265822,99566717,100000000,pymatching,SurfaceCode,9,1,3,MHBD_noise,0.001,500.0,results/brute_force/used_SC3_MHBD/results/sweep_57.csv
137867664,300220030,459371,99540631,185875,7669,265826,99540630,100000000,pymatching,SurfaceCode,9,1,3,MHBD_noise,0.001,500.0,results/brute_force/used_SC3_MHBD/results/sweep_57.csv
421320815,303002020,451200,99548802,184765,6527,259907,99548801,100000000,pymatching,SurfaceCode,9,1,3,MHBD_noise,0.001,500.0,results/brute_force/used_SC3_MHBD/results/sweep_57.csv
1106552736,230300002,441766,99558236,181066,5914,254785,99558235,100000000,pymatching,SurfaceCode,9,1,3,MHBD_noise,0.001,500.0,results/brute_force/used_SC3_MHBD/results/sweep_57.csv
1975112531,230022000,478497,99521505,188570,8122,281804,99521504,100000000,pymatching,SurfaceCode,9,1,3,MHBD_noise,0.001,500.0,results/brute_force/used_SC3_MHBD/results/sweep_57.csv
986515862,303230000,428739,99571263,198257,6044,224437,99571262,100000000,pymatching,SurfaceCode,9,1,3,MHBD_noise,0.001,500.0,results/brute_force/used_SC3_MHBD/results/sweep_57.csv
1853464761,230030030,408043,99591959,174539,5180,228323,99591958,100000000,pymatching,SurfaceCode,9,1,3,MHBD_noise,0.001,500.0,results/brute_force/used_SC3_MHBD/results/sweep_57.csv
1402891513,200023222,545170,99454832,251300,10098,283771,99454831,100000000,pymatching,SurfaceCode,9,1,3,MHBD_noise,0.001,500.0,results/brute_force/used_SC3_MHBD/results/sweep_57.csv
1750655969,303302023,448626,99551376,215200,6587,226838,99551375,100000000,pymatching,SurfaceCode,9,1,3,MHBD_noise,0.001,500.0,results/brute_force/used_SC3_MHBD/results/sweep_50.csv
1223464767,330330332,440637,99559365,256571,5466,178599,99559364,100000000,pymatching,SurfaceCode,9,1,3,MHBD_noise,0.001,500.0,results/brute_force/used_SC3_MHBD/results/sweep_50.csv
2041993932,333033023,437852,99562150,253857,5637,178357,99562149,100000000,pymatching,SurfaceCode,9,1,3,MHBD_noise,0.001,500.0,results/brute_force/used_SC3_MHBD/results/sweep_50.csv
1186110855,033300032,416343,99583659,200687,5162,210493,99583658,100000000,pymatching,SurfaceCode,9,1,3,MHBD_noise,0.001,500.0,results/brute_force/used_SC3_MHBD/results/sweep_50.csv
433141169,020330330,407611,99592391,190584,5118,211908,99592390,100000000,pymatching,SurfaceCode,9,1,3,MHBD_noise,0.001,500.0,results/brute_force/used_SC3_MHBD/results/sweep_50.csv
844700377,030022002,475074,99524928,185161,7574,282338,99524927,100000000,pymatching,SurfaceCode,9,1,3,MHBD_noise,0.001,500.0,results/brute_force/used_SC3_MHBD/results/sweep_50.csv
1180235972,233033000,438294,99561708,223179,5706,209408,99561707,100000000,pymatching,SurfaceCode,9,1,3,MHBD_noise,0.001,500.0,results/brute_force/used_SC3_MHBD/results/sweep_50.csv
2126588318,030302330,425541,99574461,201217,5441,218882,99574460,100000000,pymatching,SurfaceCode,9,1,3,MHBD_noise,0.001,500.0,results/brute_force/used_SC3_MHBD/results/sweep_50.csv
345857733,020000202,480109,99519893,162096,6179,311833,99519892,100000000,pymatching,SurfaceCode,9,1,3,MHBD_noise,0.001,500.0,results/brute_force/used_SC3_MHBD/results/sweep_50.csv
401456958,000333233,447001,99553001,250755,6066,190179,99553000,100000000,pymatching,SurfaceCode,9,1,3,MHBD_noise,0.001,500.0,results/brute_force/used_SC3_MHBD/results/sweep_50.csv
2115998337,033003033,400461,99599541,185435,5048,209977,99599540,100000000,pymatching,SurfaceCode,9,1,3,MHBD_noise,0.001,500.0,results/brute_force/used_SC3_MHBD/results/sweep_22.csv
1057927427,333003330,400368,99599634,238776,4141,157450,99599633,100000000,pymatching,SurfaceCode,9,1,3,MHBD_noise,0.001,500.0,results/brute_force/used_SC3_MHBD/results/sweep_22.csv
756226930,033333030,398615,99601387,225641,4922,168051,99601386,100000000,pymatching,SurfaceCode,9,1,3,MHBD_noise,0.001,500.0,results/brute_force/used_SC3_MHBD/results/sweep_22.csv
1471522459,033002033,409127,99590875,187389,5063,216674,99590874,100000000,pymatching,SurfaceCode,9,1,3,MHBD_noise,0.001,500.0,results/brute_force/used_SC3_MHBD/results/sweep_22.csv
205707665,033000030,390774,99609228,152162,4386,234225,99609227,100000000,pymatching,SurfaceCode,9,1,3,MHBD_noise,0.001,500.0,results/brute_force/used_SC3_MHBD/results/sweep_22.csv
279762608,033000333,388505,99611497,207715,4129,176660,99611496,100000000,pymatching,SurfaceCode,9,1,3,MHBD_noise,0.001,500.0,results/brute_force/used_SC3_MHBD/results/sweep_22.csv
731825730,333030203,434441,99565561,243284,5493,185663,99565560,100000000,pymatching,SurfaceCode,9,1,3,MHBD_noise,0.001,500.0,results/brute_force/used_SC3_MHBD/results/sweep_22.csv
731409336,333000200,429095,99570907,192345,5375,231374,99570906,100000000,pymatching,SurfaceCode,9,1,3,MHBD_noise,0.001,500.0,results/brute_force/used_SC3_MHBD/results/sweep_22.csv
2051417700,033003200,421594,99578408,179185,5348,237060,99578407,100000000,pymatching,SurfaceCode,9,1,3,MHBD_noise,0.001,500.0,results/brute_force/used_SC3_MHBD/results/sweep_22.csv
711988893,333003200,433211,99566791,213593,5497,214120,99566790,100000000,pymatching,SurfaceCode,9,1,3,MHBD_noise,0.001,500.0,results/brute_force/used_SC3_MHBD/results/sweep_22.csv
1930668743,030333000,390501,99609501,186050,5119,199331,99609500,100000000,pymatching,SurfaceCode,9,1,3,MHBD_noise,0.001,500.0,results/brute_force/used_SC3_MHBD/results/sweep_25.csv
2086031112,030002000,430401,99569601,143089,5185,282126,99569600,100000000,pymatching,SurfaceCode,9,1,3,MHBD_noise,0.001,500.0,results/brute_force/used_SC3_MHBD/results/sweep_25.csv
1071804141,333000300,412799,99587203,193491,4868,214439,99587202,100000000,pymatching,SurfaceCode,9,1,3,MHBD_noise,0.001,500.0,results/brute_force/used_SC3_MHBD/results/sweep_25.csv
38759669,333030000,410502,99589500,202102,5066,203333,99589499,100000000,pymatching,SurfaceCode,9,1,3,MHBD_noise,0.001,500.0,results/brute_force/used_SC3_MHBD/results/sweep_25.csv
1645858656,030230032,432908,99567094,199421,6021,227465,99567093,100000000,pymatching,SurfaceCode,9,1,3,MHBD_noise,0.001,500.0,results/brute_force/used_SC3_MHBD/results/sweep_25.csv
496767950,033230032,443572,99556430,227891,6253,209427,99556429,100000000,pymatching,SurfaceCode,9,1,3,MHBD_noise,0.001,500.0,results/brute_force/used_SC3_MHBD/results/sweep_25.csv
664113805,200033000,432106,99567896,182698,6058,243349,99567895,100000000,pymatching,SurfaceCode,9,1,3,MHBD_noise,0.001,500.0,results/brute_force/used_SC3_MHBD/results/sweep_25.csv
1455029759,300033000,410730,99589272,184634,5555,220540,99589271,100000000,pymatching,SurfaceCode,9,1,3,MHBD_noise,0.001,500.0,results/brute_force/used_SC3_MHBD/results/sweep_25.csv
1252514498,002033200,444166,99555836,192671,5994,245500,99555835,100000000,pymatching,SurfaceCode,9,1,3,MHBD_noise,0.001,500.0,results/brute_force/used_SC3_MHBD/results/sweep_25.csv
1927981633,032033200,436978,99563024,202605,5754,228618,99563023,100000000,pymatching,SurfaceCode,9,1,3,MHBD_noise,0.001,500.0,results/brute_force/used_SC3_MHBD/results/sweep_25.csv
1495536131,023033033,419128,99580874,214107,5633,199387,99580873,100000000,pymatching,SurfaceCode,9,1,3,MHBD_noise,0.001,500.0,results/brute_force/used_SC3_MHBD/results/sweep_7.csv
1992911713,033033033,403115,99596887,213228,5128,184758,99596886,100000000,pymatching,SurfaceCode,9,1,3,MHBD_noise,0.001,500.0,results/brute_force/used_SC3_MHBD/results/sweep_7.csv
211591570,003003033,415370,99584632,176211,5275,233883,99584631,100000000,pymatching,SurfaceCode,9,1,3,MHBD_noise,0.001,500.0,results/brute_force/used_SC3_MHBD/results/sweep_7.csv
1243495665,033030030,386502,99613500,171819,4547,210135,99613499,100000000,pymatching,SurfaceCode,9,1,3,MHBD_noise,0.001,500.0,results/brute_force/used_SC3_MHBD/results/sweep_7.csv
1494763220,030033030,388555,99611447,175600,5201,207753,99611446,100000000,pymatching,SurfaceCode,9,1,3,MHBD_noise,0.001,500.0,results/brute_force/used_SC3_MHBD/results/sweep_7.csv
364868883,030023033,430661,99569341,190908,6981,232771,99569340,100000000,pymatching,SurfaceCode,9,1,3,MHBD_noise,0.001,500.0,results/brute_force/used_SC3_MHBD/results/sweep_7.csv
550688984,030300030,390392,99609610,147381,4505,238505,99609609,100000000,pymatching,SurfaceCode,9,1,3,MHBD_noise,0.001,500.0,results/brute_force/used_SC3_MHBD/results/sweep_7.csv
1424844554,330000020,415607,99584395,151005,5294,259307,99584394,100000000,pymatching,SurfaceCode,9,1,3,MHBD_noise,0.001,500.0,results/brute_force/used_SC3_MHBD/results/sweep_7.csv
2018891487,030300000,400964,99599038,142454,4710,253799,99599037,100000000,pymatching,SurfaceCode,9,1,3,MHBD_noise,0.001,500.0,results/brute_force/used_SC3_MHBD/results/sweep_7.csv
736462966,303202203,472129,99527873,223867,7052,241209,99527872,100000000,pymatching,SurfaceCode,9,1,3,MHBD_noise,0.001,500.0,results/brute_force/used_SC3_MHBD/results/sweep_7.csv
1890452405,200330030,419877,99580125,186958,5676,227242,99580124,100000000,pymatching,SurfaceCode,9,1,3,MHBD_noise,0.001,500.0,results/brute_force/used_SC3_MHBD/results/sweep_59.csv
1690088045,303033030,403456,99596546,211381,5795,186279,99596545,100000000,pymatching,SurfaceCode,9,1,3,MHBD_noise,0.001,500.0,results/brute_force/used_SC3_MHBD/results/sweep_59.csv
1451787780,332300032,466037,99533965,231077,6408,228551,99533964,100000000,pymatching,SurfaceCode,9,1,3,MHBD_noise,0.001,500.0,results/brute_force/used_SC3_MHBD/results/sweep_59.csv
1205392242,033323332,451657,99548345,285801,5561,160294,99548344,100000000,pymatching,SurfaceCode,9,1,3,MHBD_noise,0.001,500.0,results/brute_force/used_SC3_MHBD/results/sweep_59.csv
1623202375,033330003,402519,99597483,217532,5084,179902,99597482,100000000,pymatching,SurfaceCode,9,1,3,MHBD_noise,0.001,500.0,results/brute_force/used_SC3_MHBD/results/sweep_59.csv
1328519474,320030203,440818,99559184,210455,6374,223988,99559183,100000000,pymatching,SurfaceCode,9,1,3,MHBD_noise,0.001,500.0,results/brute_force/used_SC3_MHBD/results/sweep_59.csv
951015891,302203030,442944,99557058,198488,6289,238166,99557057,100000000,pymatching,SurfaceCode,9,1,3,MHBD_noise,0.001,500.0,results/brute_force/used_SC3_MHBD/results/sweep_59.csv
1966480344,333300320,434710,99565292,228439,5528,200742,99565291,100000000,pymatching,SurfaceCode,9,1,3,MHBD_noise,0.001,500.0,results/brute_force/used_SC3_MHBD/results/sweep_59.csv
1292500004,333232330,468659,99531343,295842,5967,166849,99531342,100000000,pymatching,SurfaceCode,9,1,3,MHBD_noise,0.001,500.0,results/brute_force/used_SC3_MHBD/results/sweep_59.csv
1389229101,302300003,445586,99554416,189701,6222,249662,99554415,100000000,pymatching,SurfaceCode,9,1,3,MHBD_noise,0.001,500.0,results/brute_force/used_SC3_MHBD/results/sweep_59.csv
1916026422,033002200,440212,99559790,180493,5748,253970,99559789,100000000,pymatching,SurfaceCode,9,1,3,MHBD_noise,0.001,500.0,results/brute_force/used_SC3_MHBD/results/sweep_34.csv
1870162,330033302,421732,99578270,229174,5711,186846,99578269,100000000,pymatching,SurfaceCode,9,1,3,MHBD_noise,0.001,500.0,results/brute_force/used_SC3_MHBD/results/sweep_34.csv
363772770,032333030,415000,99585002,224267,5531,185201,99585001,100000000,pymatching,SurfaceCode,9,1,3,MHBD_noise,0.001,500.0,results/brute_force/used_SC3_MHBD/results/sweep_34.csv
1438795212,000303030,405860,99594142,163919,5512,236428,99594141,100000000,pymatching,SurfaceCode,9,1,3,MHBD_noise,0.001,500.0,results/brute_force/used_SC3_MHBD/results/sweep_34.csv
1358897597,320330030,418354,99581648,195668,5642,217043,99581647,100000000,pymatching,SurfaceCode,9,1,3,MHBD_noise,0.001,500.0,results/brute_force/used_SC3_MHBD/results/sweep_34.csv
1184177620,030303030,392459,99607543,168297,5258,218903,99607542,100000000,pymatching,SurfaceCode,9,1,3,MHBD_noise,0.001,500.0,results/brute_force/used_SC3_MHBD/results/sweep_34.csv
2084028917,200232302,504807,99495195,244444,8144,252218,99495194,100000000,pymatching,SurfaceCode,9,1,3,MHBD_noise,0.001,500.0,results/brute_force/used_SC3_MHBD/results/sweep_34.csv
559311682,330032300,420618,99579384,209262,6064,205291,99579383,100000000,pymatching,SurfaceCode,9,1,3,MHBD_noise,0.001,500.0,results/brute_force/used_SC3_MHBD/results/sweep_34.csv
1629889323,033300333,396526,99603476,233723,4207,158595,99603475,100000000,pymatching,SurfaceCode,9,1,3,MHBD_noise,0.001,500.0,results/brute_force/used_SC3_MHBD/results/sweep_34.csv
1402771177,033303030,395759,99604243,197939,4930,192889,99604242,100000000,pymatching,SurfaceCode,9,1,3,MHBD_noise,0.001,500.0,results/brute_force/used_SC3_MHBD/results/sweep_34.csv
1280064486,000332303,430125,99569877,220535,6061,203528,99569876,100000000,pymatching,SurfaceCode,9,1,3,MHBD_noise,0.001,500.0,results/brute_force/used_SC3_MHBD/results/sweep_48.csv
602799217,300030300,413961,99586041,177343,5251,231366,99586040,100000000,pymatching,SurfaceCode,9,1,3,MHBD_noise,0.001,500.0,results/brute_force/used_SC3_MHBD/results/sweep_48.csv
1901488257,233000330,405324,99594678,204676,4418,196229,99594677,100000000,pymatching,SurfaceCode,9,1,3,MHBD_noise,0.001,500.0,results/brute_force/used_SC3_MHBD/results/sweep_48.csv
177095549,320320220,495791,99504211,211839,8469,275482,99504210,100000000,pymatching,SurfaceCode,9,1,3,MHBD_noise,0.001,500.0,results/brute_force/used_SC3_MHBD/results/sweep_48.csv
2131021838,032220330,464649,99535353,218269,7270,239109,99535352,100000000,pymatching,SurfaceCode,9,1,3,MHBD_noise,0.001,500.0,results/brute_force/used_SC3_MHBD/results/sweep_48.csv
2121050311,000233002,453493,99546509,203897,6709,242886,99546508,100000000,pymatching,SurfaceCode,9,1,3,MHBD_noise,0.001,500.0,results/brute_force/used_SC3_MHBD/results/sweep_48.csv
1570123371,303033323,457540,99542462,273174,6710,177655,99542461,100000000,pymatching,SurfaceCode,9,1,3,MHBD_noise,0.001,500.0,results/brute_force/used_SC3_MHBD/results/sweep_48.csv
276397309,333320322,505498,99494504,296521,7981,200995,99494503,100000000,pymatching,SurfaceCode,9,1,3,MHBD_noise,0.001,500.0,results/brute_force/used_SC3_MHBD/results/sweep_48.csv
1212904574,023022300,477721,99522281,203541,7764,266415,99522280,100000000,pymatching,SurfaceCode,9,1,3,MHBD_noise,0.001,500.0,results/brute_force/used_SC3_MHBD/results/sweep_48.csv
2145273261,203032003,460246,99539756,224193,6905,229147,99539755,100000000,pymatching,SurfaceCode,9,1,3,MHBD_noise,0.001,500.0,results/brute_force/used_SC3_MHBD/results/sweep_48.csv
757788327,202332333,485868,99514134,292797,6838,186232,99514133,100000000,pymatching,SurfaceCode,9,1,3,MHBD_noise,0.001,500.0,results/brute_force/used_SC3_MHBD/results/sweep_33.csv
2143430513,203002002,483963,99516039,191626,6946,285390,99516038,100000000,pymatching,SurfaceCode,9,1,3,MHBD_noise,0.001,500.0,results/brute_force/used_SC3_MHBD/results/sweep_33.csv
1945588987,330202203,461029,99538973,216036,6763,238229,99538972,100000000,pymatching,SurfaceCode,9,1,3,MHBD_noise,0.001,500.0,results/brute_force/used_SC3_MHBD/results/sweep_33.csv
2107391706,030320033,422080,99577922,197551,6927,217601,99577921,100000000,pymatching,SurfaceCode,9,1,3,MHBD_noise,0.001,500.0,results/brute_force/used_SC3_MHBD/results/sweep_33.csv
64530007,330200033,414622,99585380,191934,5621,217066,99585379,100000000,pymatching,SurfaceCode,9,1,3,MHBD_noise,0.001,500.0,results/brute_force/used_SC3_MHBD/results/sweep_33.csv
1935378998,030330200,404040,99595962,180060,5028,218951,99595961,100000000,pymatching,SurfaceCode,9,1,3,MHBD_noise,0.001,500.0,results/brute_force/used_SC3_MHBD/results/sweep_33.csv
1187613729,320020000,461749,99538253,166674,7720,287354,99538252,100000000,pymatching,SurfaceCode,9,1,3,MHBD_noise,0.001,500.0,results/brute_force/used_SC3_MHBD/results/sweep_33.csv
2105160262,002002300,468208,99531794,169872,6468,291867,99531793,100000000,pymatching,SurfaceCode,9,1,3,MHBD_noise,0.001,500.0,results/brute_force/used_SC3_MHBD/results/sweep_33.csv
1634214209,333023030,431968,99568034,231541,6529,193897,99568033,100000000,pymatching,SurfaceCode,9,1,3,MHBD_noise,0.001,500.0,results/brute_force/used_SC3_MHBD/results/sweep_33.csv
1002599753,030030022,430260,99569742,177301,5618,247340,99569741,100000000,pymatching,SurfaceCode,9,1,3,MHBD_noise,0.001,500.0,results/brute_force/used_SC3_MHBD/results/sweep_33.csv
1073994230,200202033,468640,99531362,199229,6963,262447,99531361,100000000,pymatching,SurfaceCode,9,1,3,MHBD_noise,0.001,500.0,results/brute_force/used_SC3_MHBD/results/sweep_41.csv
1102775749,033320302,452389,99547613,233257,6810,212321,99547612,100000000,pymatching,SurfaceCode,9,1,3,MHBD_noise,0.001,500.0,results/brute_force/used_SC3_MHBD/results/sweep_41.csv
231918840,033002023,427651,99572351,187340,5467,234843,99572350,100000000,pymatching,SurfaceCode,9,1,3,MHBD_noise,0.001,500.0,results/brute_force/used_SC3_MHBD/results/sweep_41.csv
460870394,303000303,422044,99577958,193113,5934,222996,99577957,100000000,pymatching,SurfaceCode,9,1,3,MHBD_noise,0.001,500.0,results/brute_force/used_SC3_MHBD/results/sweep_41.csv
1389049175,330200230,430970,99569032,187100,5619,238250,99569031,100000000,pymatching,SurfaceCode,9,1,3,MHBD_noise,0.001,500.0,results/brute_force/used_SC3_MHBD/results/sweep_41.csv
90595698,003330320,417838,99582164,204906,5439,207492,99582163,100000000,pymatching,SurfaceCode,9,1,3,MHBD_noise,0.001,500.0,results/brute_force/used_SC3_MHBD/results/sweep_41.csv
379571157,000030330,403136,99596866,167338,4718,231079,99596865,100000000,pymatching,SurfaceCode,9,1,3,MHBD_noise,0.001,500.0,results/brute_force/used_SC3_MHBD/results/sweep_41.csv
1789497133,330030300,396776,99603226,184408,4969,207398,99603225,100000000,pymatching,SurfaceCode,9,1,3,MHBD_noise,0.001,500.0,results/brute_force/used_SC3_MHBD/results/sweep_41.csv
160828004,022003232,494951,99505051,226372,6824,261754,99505050,100000000,pymatching,SurfaceCode,9,1,3,MHBD_noise,0.001,500.0,results/brute_force/used_SC3_MHBD/results/sweep_41.csv
149820652,022002330,473372,99526630,204672,6473,262226,99526629,100000000,pymatching,SurfaceCode,9,1,3,MHBD_noise,0.001,500.0,results/brute_force/used_SC3_MHBD/results/sweep_41.csv
1845903022,222330033,474185,99525817,264819,7207,202158,99525816,100000000,pymatching,SurfaceCode,9,1,3,MHBD_noise,0.001,500.0,results/brute_force/used_SC3_MHBD/results/sweep_46.csv
389965692,022333333,465103,99534899,285563,6158,173381,99534898,100000000,pymatching,SurfaceCode,9,1,3,MHBD_noise,0.001,500.0,results/brute_force/used_SC3_MHBD/results/sweep_46.csv
1311366025,220333303,450775,99549227,252648,6319,191807,99549226,100000000,pymatching,SurfaceCode,9,1,3,MHBD_noise,0.001,500.0,results/brute_force/used_SC3_MHBD/results/sweep_46.csv
1518435866,032030333,423627,99576375,229477,5238,188911,99576374,100000000,pymatching,SurfaceCode,9,1,3,MHBD_noise,0.001,500.0,results/brute_force/used_SC3_MHBD/results/sweep_46.csv
904882545,033203030,421079,99578923,198584,5533,216961,99578922,100000000,pymatching,SurfaceCode,9,1,3,MHBD_noise,0.001,500.0,results/brute_force/used_SC3_MHBD/results/sweep_46.csv
157311613,030303300,402265,99597737,176308,5339,220617,99597736,100000000,pymatching,SurfaceCode,9,1,3,MHBD_noise,0.001,500.0,results/brute_force/used_SC3_MHBD/results/sweep_46.csv
219044112,233222323,550238,99449764,324607,9273,216357,99449763,100000000,pymatching,SurfaceCode,9,1,3,MHBD_noise,0.001,500.0,results/brute_force/used_SC3_MHBD/results/sweep_46.csv
408531620,220030332,472195,99527807,235053,6375,230766,99527806,100000000,pymatching,SurfaceCode,9,1,3,MHBD_noise,0.001,500.0,results/brute_force/used_SC3_MHBD/results/sweep_46.csv
407990940,230030002,445281,99554721,191695,6218,247367,99554720,100000000,pymatching,SurfaceCode,9,1,3,MHBD_noise,0.001,500.0,results/brute_force/used_SC3_MHBD/results/sweep_46.csv
1097744893,333330033,426002,99574000,264971,5291,155739,99573999,100000000,pymatching,SurfaceCode,9,1,3,MHBD_noise,0.001,500.0,results/brute_force/used_SC3_MHBD/results/sweep_46.csv
1649986015,030030003,399388,99600614,168203,4782,226402,99600613,100000000,pymatching,SurfaceCode,9,1,3,MHBD_noise,0.001,500.0,results/brute_force/used_SC3_MHBD/results/sweep_24.csv
560304169,003330030,394369,99605633,183909,5114,205345,99605632,100000000,pymatching,SurfaceCode,9,1,3,MHBD_noise,0.001,500.0,results/brute_force/used_SC3_MHBD/results/sweep_24.csv
971773408,330000032,419008,99580994,173963,5641,239403,99580993,100000000,pymatching,SurfaceCode,9,1,3,MHBD_noise,0.001,500.0,results/brute_force/used_SC3_MHBD/results/sweep_24.csv
1271076895,330000000,410413,99589589,145711,5267,259434,99589588,100000000,pymatching,SurfaceCode,9,1,3,MHBD_noise,0.001,500.0,results/brute_force/used_SC3_MHBD/results/sweep_24.csv
616031686,330300030,398499,99601503,166755,5187,226556,99601502,100000000,pymatching,SurfaceCode,9,1,3,MHBD_noise,0.001,500.0,results/brute_force/used_SC3_MHBD/results/sweep_24.csv
1880926459,230330030,403233,99596769,194432,5283,203517,99596768,100000000,pymatching,SurfaceCode,9,1,3,MHBD_noise,0.001,500.0,results/brute_force/used_SC3_MHBD/results/sweep_24.csv
1682904493,333033000,415133,99584869,223922,5312,185898,99584868,100000000,pymatching,SurfaceCode,9,1,3,MHBD_noise,0.001,500.0,results/brute_force/used_SC3_MHBD/results/sweep_24.csv
1394938446,033230300,425550,99574452,209344,5487,210718,99574451,100000000,pymatching,SurfaceCode,9,1,3,MHBD_noise,0.001,500.0,results/brute_force/used_SC3_MHBD/results/sweep_24.csv
872089804,033330330,395198,99604804,219774,4365,171058,99604803,100000000,pymatching,SurfaceCode,9,1,3,MHBD_noise,0.001,500.0,results/brute_force/used_SC3_MHBD/results/sweep_24.csv
444448741,030033200,417357,99582645,183811,5643,227902,99582644,100000000,pymatching,SurfaceCode,9,1,3,MHBD_noise,0.001,500.0,results/brute_force/used_SC3_MHBD/results/sweep_24.csv
1713474916,330330003,407725,99592277,214015,5438,188271,99592276,100000000,pymatching,SurfaceCode,9,1,3,MHBD_noise,0.001,500.0,results/brute_force/used_SC3_MHBD/results/sweep_6.csv
1259952634,030300022,430428,99569574,169668,5623,255136,99569573,100000000,pymatching,SurfaceCode,9,1,3,MHBD_noise,0.001,500.0,results/brute_force/used_SC3_MHBD/results/sweep_6.csv
1427881557,330300023,421149,99578853,191799,5828,223521,99578852,100000000,pymatching,SurfaceCode,9,1,3,MHBD_noise,0.001,500.0,results/brute_force/used_SC3_MHBD/results/sweep_6.csv
588232503,330300003,411983,99588019,182109,5600,224273,99588018,100000000,pymatching,SurfaceCode,9,1,3,MHBD_noise,0.001,500.0,results/brute_force/used_SC3_MHBD/results/sweep_6.csv
1610047223,330000033,395706,99604296,173452,5133,217120,99604295,100000000,pymatching,SurfaceCode,9,1,3,MHBD_noise,0.001,500.0,results/brute_force/used_SC3_MHBD/results/sweep_6.csv
2142934816,030333320,420165,99579837,228934,5870,185360,99579836,100000000,pymatching,SurfaceCode,9,1,3,MHBD_noise,0.001,500.0,results/brute_force/used_SC3_MHBD/results/sweep_6.csv
1844421579,030033300,399228,99600774,183027,5370,210830,99600773,100000000,pymatching,SurfaceCode,9,1,3,MHBD_noise,0.001,500.0,results/brute_force/used_SC3_MHBD/results/sweep_6.csv
606715190,030030300,395275,99604727,161107,4652,229515,99604726,100000000,pymatching,SurfaceCode,9,1,3,MHBD_noise,0.001,500.0,results/brute_force/used_SC3_MHBD/results/sweep_6.csv
1774572187,030333300,395117,99604885,203423,5269,186424,99604884,100000000,pymatching,SurfaceCode,9,1,3,MHBD_noise,0.001,500.0,results/brute_force/used_SC3_MHBD/results/sweep_6.csv
125260175,020000033,423634,99576368,154057,5490,264086,99576367,100000000,pymatching,SurfaceCode,9,1,3,MHBD_noise,0.001,500.0,results/brute_force/used_SC3_MHBD/results/sweep_6.csv
681410414,232200000,490170,99509832,201569,6829,281771,99509831,100000000,pymatching,SurfaceCode,9,1,3,MHBD_noise,0.001,500.0,results/brute_force/used_SC3_MHBD/results/sweep_58.csv
1501606810,320030032,436173,99563829,201721,6094,228357,99563828,100000000,pymatching,SurfaceCode,9,1,3,MHBD_noise,0.001,500.0,results/brute_force/used_SC3_MHBD/results/sweep_58.csv
476091495,003320300,441018,99558984,190745,7118,243154,99558983,100000000,pymatching,SurfaceCode,9,1,3,MHBD_noise,0.001,500.0,results/brute_force/used_SC3_MHBD/results/sweep_58.csv
1594483589,300020022,490126,99509876,192929,8684,288512,99509875,100000000,pymatching,SurfaceCode,9,1,3,MHBD_noise,0.001,500.0,results/brute_force/used_SC3_MHBD/results/sweep_58.csv
1393869855,203300230,443012,99556990,194849,5843,242319,99556989,100000000,pymatching,SurfaceCode,9,1,3,MHBD_noise,0.001,500.0,results/brute_force/used_SC3_MHBD/results/sweep_58.csv
1075925908,033330230,411425,99588577,220141,4940,186343,99588576,100000000,pymatching,SurfaceCode,9,1,3,MHBD_noise,0.001,500.0,results/brute_force/used_SC3_MHBD/results/sweep_58.csv
1442026763,330333000,406863,99593139,211173,5690,189999,99593138,100000000,pymatching,SurfaceCode,9,1,3,MHBD_noise,0.001,500.0,results/brute_force/used_SC3_MHBD/results/sweep_58.csv
904948359,202332300,473771,99526231,237885,7469,228416,99526230,100000000,pymatching,SurfaceCode,9,1,3,MHBD_noise,0.001,500.0,results/brute_force/used_SC3_MHBD/results/sweep_58.csv
1667164962,332003330,439196,99560806,236104,5500,197591,99560805,100000000,pymatching,SurfaceCode,9,1,3,MHBD_noise,0.001,500.0,results/brute_force/used_SC3_MHBD/results/sweep_58.csv
848337717,032330000,420018,99579984,194905,5360,219752,99579983,100000000,pymatching,SurfaceCode,9,1,3,MHBD_noise,0.001,500.0,results/brute_force/used_SC3_MHBD/results/sweep_58.csv
1582438649,330030203,417866,99582136,210048,5901,201916,99582135,100000000,pymatching,SurfaceCode,9,1,3,MHBD_noise,0.001,500.0,results/brute_force/used_SC3_MHBD/results/sweep_23.csv
308752118,030000032,420710,99579292,153450,5107,262152,99579291,100000000,pymatching,SurfaceCode,9,1,3,MHBD_noise,0.001,500.0,results/brute_force/used_SC3_MHBD/results/sweep_23.csv
278113311,222000330,468663,99531339,199207,6429,263026,99531338,100000000,pymatching,SurfaceCode,9,1,3,MHBD_noise,0.001,500.0,results/brute_force/used_SC3_MHBD/results/sweep_23.csv
852778346,300300020,440881,99559121,161265,5750,273865,99559120,100000000,pymatching,SurfaceCode,9,1,3,MHBD_noise,0.001,500.0,results/brute_force/used_SC3_MHBD/results/sweep_23.csv
376044854,302300020,456453,99543549,175907,6079,274466,99543548,100000000,pymatching,SurfaceCode,9,1,3,MHBD_noise,0.001,500.0,results/brute_force/used_SC3_MHBD/results/sweep_23.csv
2001944046,032002020,459880,99540122,171739,6143,281997,99540121,100000000,pymatching,SurfaceCode,9,1,3,MHBD_noise,0.001,500.0,results/brute_force/used_SC3_MHBD/results/sweep_23.csv
128371677,030300003,399241,99600761,160776,5050,233414,99600760,100000000,pymatching,SurfaceCode,9,1,3,MHBD_noise,0.001,500.0,results/brute_force/used_SC3_MHBD/results/sweep_23.csv
909240036,000033003,421455,99578547,181869,5636,233949,99578546,100000000,pymatching,SurfaceCode,9,1,3,MHBD_noise,0.001,500.0,results/brute_force/used_SC3_MHBD/results/sweep_23.csv
804954773,002032003,449682,99550320,196479,6089,247113,99550319,100000000,pymatching,SurfaceCode,9,1,3,MHBD_noise,0.001,500.0,results/brute_force/used_SC3_MHBD/results/sweep_23.csv
755878541,000030003,414357,99585645,163215,5289,245852,99585644,100000000,pymatching,SurfaceCode,9,1,3,MHBD_noise,0.001,500.0,results/brute_force/used_SC3_MHBD/results/sweep_23.csv
896895678,022330303,447737,99552265,236582,6267,204887,99552264,100000000,pymatching,SurfaceCode,9,1,3,MHBD_noise,0.001,500.0,results/brute_force/used_SC3_MHBD/results/sweep_1.csv
179519229,003030303,412975,99587027,195478,5492,212004,99587026,100000000,pymatching,SurfaceCode,9,1,3,MHBD_noise,0.001,500.0,results/brute_force/used_SC3_MHBD/results/sweep_1.csv
1193955151,033030303,403517,99596485,206112,5184,192220,99596484,100000000,pymatching,SurfaceCode,9,1,3,MHBD_noise,0.001,500.0,results/brute_force/used_SC3_MHBD/results/sweep_1.csv
1223543144,033030003,401739,99598263,188389,5037,208312,99598262,100000000,pymatching,SurfaceCode,9,1,3,MHBD_noise,0.001,500.0,results/brute_force/used_SC3_MHBD/results/sweep_1.csv
278928544,030330303,396350,99603652,206773,5121,184455,99603651,100000000,pymatching,SurfaceCode,9,1,3,MHBD_noise,0.001,500.0,results/brute_force/used_SC3_MHBD/results/sweep_1.csv
2044454163,030330030,379098,99620904,172025,4481,202591,99620903,100000000,pymatching,SurfaceCode,9,1,3,MHBD_noise,0.001,500.0,results/brute_force/used_SC3_MHBD/results/sweep_1.csv
1030038813,033000330,372977,99627025,172870,4059,196047,99627024,100000000,pymatching,SurfaceCode,9,1,3,MHBD_noise,0.001,500.0,results/brute_force/used_SC3_MHBD/results/sweep_1.csv
760673625,330032303,419265,99580737,229392,5679,184193,99580736,100000000,pymatching,SurfaceCode,9,1,3,MHBD_noise,0.001,500.0,results/brute_force/used_SC3_MHBD/results/sweep_1.csv
2145739581,330033330,402873,99597129,231985,5128,165759,99597128,100000000,pymatching,SurfaceCode,9,1,3,MHBD_noise,0.001,500.0,results/brute_force/used_SC3_MHBD/results/sweep_1.csv
410907617,030030330,384416,99615586,172117,4384,207914,99615585,100000000,pymatching,SurfaceCode,9,1,3,MHBD_noise,0.001,500.0,results/brute_force/used_SC3_MHBD/results/sweep_1.csv
151608965,230333000,415513,99584489,210594,5874,199044,99584488,100000000,pymatching,SurfaceCode,9,1,3,MHBD_noise,0.001,500.0,results/brute_force/used_SC3_MHBD/results/sweep_51.csv
1856044740,033030320,408699,99591303,192680,5070,210948,99591302,100000000,pymatching,SurfaceCode,9,1,3,MHBD_noise,0.001,500.0,results/brute_force/used_SC3_MHBD/results/sweep_51.csv
2078241913,232202320,533832,99466170,262994,8060,262777,99466169,100000000,pymatching,SurfaceCode,9,1,3,MHBD_noise,0.001,500.0,results/brute_force/used_SC3_MHBD/results/sweep_51.csv
797110786,033323000,431191,99568811,214445,6632,210113,99568810,100000000,pymatching,SurfaceCode,9,1,3,MHBD_noise,0.001,500.0,results/brute_force/used_SC3_MHBD/results/sweep_51.csv
1875353995,320002033,433937,99566065,188331,6244,239361,99566064,100000000,pymatching,SurfaceCode,9,1,3,MHBD_noise,0.001,500.0,results/brute_force/used_SC3_MHBD/results/sweep_51.csv
506731954,032030030,404916,99595086,171688,4810,228417,99595085,100000000,pymatching,SurfaceCode,9,1,3,MHBD_noise,0.001,500.0,results/brute_force/used_SC3_MHBD/results/sweep_51.csv
819268428,223023230,513397,99486605,258148,8373,246875,99486604,100000000,pymatching,SurfaceCode,9,1,3,MHBD_noise,0.001,500.0,results/brute_force/used_SC3_MHBD/results/sweep_51.csv
1682083690,003332223,477896,99522106,270276,7355,200264,99522105,100000000,pymatching,SurfaceCode,9,1,3,MHBD_noise,0.001,500.0,results/brute_force/used_SC3_MHBD/results/sweep_51.csv
955821549,300333002,441730,99558272,229241,6290,206198,99558271,100000000,pymatching,SurfaceCode,9,1,3,MHBD_noise,0.001,500.0,results/brute_force/used_SC3_MHBD/results/sweep_51.csv
38861533,030000303,410925,99589077,162203,5117,243604,99589076,100000000,pymatching,SurfaceCode,9,1,3,MHBD_noise,0.001,500.0,results/brute_force/used_SC3_MHBD/results/sweep_51.csv
620841149,303233000,431595,99568407,220554,6346,204694,99568406,100000000,pymatching,SurfaceCode,9,1,3,MHBD_noise,0.001,500.0,results/brute_force/used_SC3_MHBD/results/sweep_8.csv
1900945685,303333300,420465,99579537,238554,5938,175972,99579536,100000000,pymatching,SurfaceCode,9,1,3,MHBD_noise,0.001,500.0,results/brute_force/used_SC3_MHBD/results/sweep_8.csv
434387605,303333303,431594,99568408,260436,5723,165434,99568407,100000000,pymatching,SurfaceCode,9,1,3,MHBD_noise,0.001,500.0,results/brute_force/used_SC3_MHBD/results/sweep_8.csv
1500225417,003333303,419587,99580415,237796,5793,175997,99580414,100000000,pymatching,SurfaceCode,9,1,3,MHBD_noise,0.001,500.0,results/brute_force/used_SC3_MHBD/results/sweep_8.csv
1202493271,003330300,406366,99593636,193660,5339,207366,99593635,100000000,pymatching,SurfaceCode,9,1,3,MHBD_noise,0.001,500.0,results/brute_force/used_SC3_MHBD/results/sweep_8.csv
52779412,003333000,405377,99594625,199802,5532,200042,99594624,100000000,pymatching,SurfaceCode,9,1,3,MHBD_noise,0.001,500.0,results/brute_force/used_SC3_MHBD/results/sweep_8.csv
1141692661,033333000,401819,99598183,215532,5089,181197,99598182,100000000,pymatching,SurfaceCode,9,1,3,MHBD_noise,0.001,500.0,results/brute_force/used_SC3_MHBD/results/sweep_8.csv
240386280,033303000,402372,99597630,187925,4973,209473,99597629,100000000,pymatching,SurfaceCode,9,1,3,MHBD_noise,0.001,500.0,results/brute_force/used_SC3_MHBD/results/sweep_8.csv
1178460975,000333000,402352,99597650,180687,5261,216403,99597649,100000000,pymatching,SurfaceCode,9,1,3,MHBD_noise,0.001,500.0,results/brute_force/used_SC3_MHBD/results/sweep_8.csv
400728150,330030030,384220,99615782,174882,4841,204496,99615781,100000000,pymatching,SurfaceCode,9,1,3,MHBD_noise,0.001,500.0,results/brute_force/used_SC3_MHBD/results/sweep_8.csv
1892168577,030003333,419811,99580191,207022,5135,207653,99580190,100000000,pymatching,SurfaceCode,9,1,3,MHBD_noise,0.001,500.0,results/brute_force/used_SC3_MHBD/results/sweep_56.csv
1712550544,033320033,425154,99574848,226369,6504,192280,99574847,100000000,pymatching,SurfaceCode,9,1,3,MHBD_noise,0.001,500.0,results/brute_force/used_SC3_MHBD/results/sweep_56.csv
1102030562,030033020,407587,99592415,175581,5479,226526,99592414,100000000,pymatching,SurfaceCode,9,1,3,MHBD_noise,0.001,500.0,results/brute_force/used_SC3_MHBD/results/sweep_56.csv
1563421813,023320223,505287,99494715,259231,9008,237047,99494714,100000000,pymatching,SurfaceCode,9,1,3,MHBD_noise,0.001,500.0,results/brute_force/used_SC3_MHBD/results/sweep_56.csv
74289936,002232330,479708,99520294,242620,7197,229890,99520293,100000000,pymatching,SurfaceCode,9,1,3,MHBD_noise,0.001,500.0,results/brute_force/used_SC3_MHBD/results/sweep_56.csv
899908981,020000302,457639,99542363,161778,5879,289981,99542362,100000000,pymatching,SurfaceCode,9,1,3,MHBD_noise,0.001,500.0,results/brute_force/used_SC3_MHBD/results/sweep_56.csv
1886106947,033023023,448790,99551212,212399,7154,229236,99551211,100000000,pymatching,SurfaceCode,9,1,3,MHBD_noise,0.001,500.0,results/brute_force/used_SC3_MHBD/results/sweep_56.csv
1563481314,002020200,487731,99512271,167626,7115,312989,99512270,100000000,pymatching,SurfaceCode,9,1,3,MHBD_noise,0.001,500.0,results/brute_force/used_SC3_MHBD/results/sweep_56.csv
2027490897,320003300,426641,99573361,180588,5966,240086,99573360,100000000,pymatching,SurfaceCode,9,1,3,MHBD_noise,0.001,500.0,results/brute_force/used_SC3_MHBD/results/sweep_56.csv
318603174,203333000,426588,99573414,219604,6003,200980,99573413,100000000,pymatching,SurfaceCode,9,1,3,MHBD_noise,0.001,500.0,results/brute_force/used_SC3_MHBD/results/sweep_56.csv
410495502,320032232,496466,99503536,260269,7515,228681,99503535,100000000,pymatching,SurfaceCode,9,1,3,MHBD_noise,0.001,500.0,results/brute_force/used_SC3_MHBD/results/sweep_63.csv
1727799182,233302020,461484,99538518,230831,6404,224248,99538517,100000000,pymatching,SurfaceCode,9,1,3,MHBD_noise,0.001,500.0,results/brute_force/used_SC3_MHBD/results/sweep_63.csv
245101910,303333332,459141,99540861,292324,6092,160724,99540860,100000000,pymatching,SurfaceCode,9,1,3,MHBD_noise,0.001,500.0,results/brute_force/used_SC3_MHBD/results/sweep_63.csv
439396770,003030002,431592,99568410,177245,5386,248960,99568409,100000000,pymatching,SurfaceCode,9,1,3,MHBD_noise,0.001,500.0,results/brute_force/used_SC3_MHBD/results/sweep_63.csv
1625893133,320033033,417982,99582020,220748,5749,191484,99582019,100000000,pymatching,SurfaceCode,9,1,3,MHBD_noise,0.001,500.0,results/brute_force/used_SC3_MHBD/results/sweep_63.csv
1431275547,003003000,421585,99578417,151662,5174,264748,99578416,100000000,pymatching,SurfaceCode,9,1,3,MHBD_noise,0.001,500.0,results/brute_force/used_SC3_MHBD/results/sweep_63.csv
584803635,030320003,427491,99572511,186124,6940,234426,99572510,100000000,pymatching,SurfaceCode,9,1,3,MHBD_noise,0.001,500.0,results/brute_force/used_SC3_MHBD/results/sweep_63.csv
1664669460,003323000,442891,99557111,197494,7599,237797,99557110,100000000,pymatching,SurfaceCode,9,1,3,MHBD_noise,0.001,500.0,results/brute_force/used_SC3_MHBD/results/sweep_63.csv
170083910,202303323,491587,99508415,254895,7387,229304,99508414,100000000,pymatching,SurfaceCode,9,1,3,MHBD_noise,0.001,500.0,results/brute_force/used_SC3_MHBD/results/sweep_63.csv
1355553404,022230303,471447,99528555,236689,7359,227398,99528554,100000000,pymatching,SurfaceCode,9,1,3,MHBD_noise,0.001,500.0,results/brute_force/used_SC3_MHBD/results/sweep_63.csv
563616021,320030033,411991,99588011,203015,5815,203160,99588010,100000000,pymatching,SurfaceCode,9,1,3,MHBD_noise,0.001,500.0,results/brute_force/used_SC3_MHBD/results/sweep_64.csv
1705272171,320033000,417017,99582985,190682,5758,220576,99582984,100000000,pymatching,SurfaceCode,9,1,3,MHBD_noise,0.001,500.0,results/brute_force/used_SC3_MHBD/results/sweep_64.csv
1343583399,003300330,407168,99592834,181116,4915,221136,99592833,100000000,pymatching,SurfaceCode,9,1,3,MHBD_noise,0.001,500.0,results/brute_force/used_SC3_MHBD/results/sweep_64.csv
1271630665,302030202,478527,99521475,221927,7036,249563,99521474,100000000,pymatching,SurfaceCode,9,1,3,MHBD_noise,0.001,500.0,results/brute_force/used_SC3_MHBD/results/sweep_64.csv
1788982740,020020230,466869,99533133,169322,7186,290360,99533132,100000000,pymatching,SurfaceCode,9,1,3,MHBD_noise,0.001,500.0,results/brute_force/used_SC3_MHBD/results/sweep_64.csv
1815060320,323032330,455391,99544611,262521,6176,186693,99544610,100000000,pymatching,SurfaceCode,9,1,3,MHBD_noise,0.001,500.0,results/brute_force/used_SC3_MHBD/results/sweep_64.csv
1901478308,002030020,439172,99560830,161368,5259,272544,99560829,100000000,pymatching,SurfaceCode,9,1,3,MHBD_noise,0.001,500.0,results/brute_force/used_SC3_MHBD/results/sweep_64.csv
219059911,003033200,427048,99572954,192479,5773,228795,99572953,100000000,pymatching,SurfaceCode,9,1,3,MHBD_noise,0.001,500.0,results/brute_force/used_SC3_MHBD/results/sweep_64.csv
395059570,000000000,438371,99561631,121660,4893,311817,99561630,100000000,pymatching,SurfaceCode,9,1,3,MHBD_noise,0.001,500.0,results/brute_force/used_SC3_MHBD/results/sweep_64.csv
395813446,222222222,646367,99353635,323150,12733,310483,99353634,100000000,pymatching,SurfaceCode,9,1,3,MHBD_noise,0.001,500.0,results/brute_force/used_SC3_MHBD/results/sweep_64.csv
122065404,333200030,424871,99575131,208605,5373,210892,99575130,100000000,pymatching,SurfaceCode,9,1,3,MHBD_noise,0.001,500.0,results/brute_force/used_SC3_MHBD/results/sweep_18.csv
23169607,303200030,422906,99577096,176971,5402,240532,99577095,100000000,pymatching,SurfaceCode,9,1,3,MHBD_noise,0.001,500.0,results/brute_force/used_SC3_MHBD/results/sweep_18.csv
2070205234,303030030,399154,99600848,187676,5125,206352,99600847,100000000,pymatching,SurfaceCode,9,1,3,MHBD_noise,0.001,500.0,results/brute_force/used_SC3_MHBD/results/sweep_18.csv
1359463207,333033030,407503,99592499,233860,5018,168624,99592498,100000000,pymatching,SurfaceCode,9,1,3,MHBD_noise,0.001,500.0,results/brute_force/used_SC3_MHBD/results/sweep_18.csv
112159210,333030030,398848,99601154,207756,4812,186279,99601153,100000000,pymatching,SurfaceCode,9,1,3,MHBD_noise,0.001,500.0,results/brute_force/used_SC3_MHBD/results/sweep_18.csv
1258509997,330003300,408087,99591915,180471,5836,221779,99591914,100000000,pymatching,SurfaceCode,9,1,3,MHBD_noise,0.001,500.0,results/brute_force/used_SC3_MHBD/results/sweep_18.csv
764243125,030330023,399762,99600240,197844,5217,196700,99600239,100000000,pymatching,SurfaceCode,9,1,3,MHBD_noise,0.001,500.0,results/brute_force/used_SC3_MHBD/results/sweep_18.csv
572843062,000030033,405568,99594434,173648,5289,226630,99594433,100000000,pymatching,SurfaceCode,9,1,3,MHBD_noise,0.001,500.0,results/brute_force/used_SC3_MHBD/results/sweep_18.csv
2090042276,302333030,424281,99575721,229403,5978,188899,99575720,100000000,pymatching,SurfaceCode,9,1,3,MHBD_noise,0.001,500.0,results/brute_force/used_SC3_MHBD/results/sweep_18.csv
874935514,200300000,443238,99556764,153804,5965,283468,99556763,100000000,pymatching,SurfaceCode,9,1,3,MHBD_noise,0.001,500.0,results/brute_force/used_SC3_MHBD/results/sweep_18.csv
428263022,230330033,411735,99588267,224510,5642,181582,99588266,100000000,pymatching,SurfaceCode,9,1,3,MHBD_noise,0.001,500.0,results/brute_force/used_SC3_MHBD/results/sweep_16.csv
1305434558,030330020,394509,99605493,171283,4883,218342,99605492,100000000,pymatching,SurfaceCode,9,1,3,MHBD_noise,0.001,500.0,results/brute_force/used_SC3_MHBD/results/sweep_16.csv
1193146845,030030220,425098,99574904,172451,5128,247518,99574903,100000000,pymatching,SurfaceCode,9,1,3,MHBD_noise,0.001,500.0,results/brute_force/used_SC3_MHBD/results/sweep_16.csv
285067677,030030200,414143,99585859,161198,4865,248079,99585858,100000000,pymatching,SurfaceCode,9,1,3,MHBD_noise,0.001,500.0,results/brute_force/used_SC3_MHBD/results/sweep_16.csv
1265588779,330030200,411902,99588100,183046,5457,223398,99588099,100000000,pymatching,SurfaceCode,9,1,3,MHBD_noise,0.001,500.0,results/brute_force/used_SC3_MHBD/results/sweep_16.csv
1688581253,330030320,406208,99593794,194022,5370,206815,99593793,100000000,pymatching,SurfaceCode,9,1,3,MHBD_noise,0.001,500.0,results/brute_force/used_SC3_MHBD/results/sweep_16.csv
671540429,030003332,431269,99568733,206612,5663,218993,99568732,100000000,pymatching,SurfaceCode,9,1,3,MHBD_noise,0.001,500.0,results/brute_force/used_SC3_MHBD/results/sweep_16.csv
820663559,033303330,395389,99604613,231230,4228,159930,99604612,100000000,pymatching,SurfaceCode,9,1,3,MHBD_noise,0.001,500.0,results/brute_force/used_SC3_MHBD/results/sweep_16.csv
2025148042,033003330,388869,99611133,205268,4082,179518,99611132,100000000,pymatching,SurfaceCode,9,1,3,MHBD_noise,0.001,500.0,results/brute_force/used_SC3_MHBD/results/sweep_16.csv
942060017,300230323,462802,99537200,251087,6567,205147,99537199,100000000,pymatching,SurfaceCode,9,1,3,MHBD_noise,0.001,500.0,results/brute_force/used_SC3_MHBD/results/sweep_16.csv
776063499,303033200,431195,99568807,219202,6267,205725,99568806,100000000,pymatching,SurfaceCode,9,1,3,MHBD_noise,0.001,500.0,results/brute_force/used_SC3_MHBD/results/sweep_11.csv
1487951915,033033320,426339,99573663,227750,5679,192909,99573662,100000000,pymatching,SurfaceCode,9,1,3,MHBD_noise,0.001,500.0,results/brute_force/used_SC3_MHBD/results/sweep_11.csv
2085694140,033033300,402786,99597216,202918,5166,194701,99597215,100000000,pymatching,SurfaceCode,9,1,3,MHBD_noise,0.001,500.0,results/brute_force/used_SC3_MHBD/results/sweep_11.csv
48848021,033333300,407880,99592122,233508,5081,169290,99592121,100000000,pymatching,SurfaceCode,9,1,3,MHBD_noise,0.001,500.0,results/brute_force/used_SC3_MHBD/results/sweep_11.csv
1111735198,002200030,455529,99544473,161375,6058,288095,99544472,100000000,pymatching,SurfaceCode,9,1,3,MHBD_noise,0.001,500.0,results/brute_force/used_SC3_MHBD/results/sweep_11.csv
672508102,333200330,408461,99591541,229578,4751,174131,99591540,100000000,pymatching,SurfaceCode,9,1,3,MHBD_noise,0.001,500.0,results/brute_force/used_SC3_MHBD/results/sweep_11.csv
999398506,330300330,400789,99599213,187296,4797,208695,99599212,100000000,pymatching,SurfaceCode,9,1,3,MHBD_noise,0.001,500.0,results/brute_force/used_SC3_MHBD/results/sweep_11.csv
482645467,330200330,408957,99591045,187790,4937,216229,99591044,100000000,pymatching,SurfaceCode,9,1,3,MHBD_noise,0.001,500.0,results/brute_force/used_SC3_MHBD/results/sweep_11.csv
469691126,330203320,450849,99549153,222642,6635,221571,99549152,100000000,pymatching,SurfaceCode,9,1,3,MHBD_noise,0.001,500.0,results/brute_force/used_SC3_MHBD/results/sweep_11.csv
1696633775,203300000,433074,99566928,169953,5700,257420,99566927,100000000,pymatching,SurfaceCode,9,1,3,MHBD_noise,0.001,500.0,results/brute_force/used_SC3_MHBD/results/sweep_11.csv
1107928824,033030002,420094,99579908,187252,5330,227511,99579907,100000000,pymatching,SurfaceCode,9,1,3,MHBD_noise,0.001,500.0,results/brute_force/used_SC3_MHBD/results/sweep_47.csv
1923918811,030333032,403857,99596145,214763,5452,183641,99596144,100000000,pymatching,SurfaceCode,9,1,3,MHBD_noise,0.001,500.0,results/brute_force/used_SC3_MHBD/results/sweep_47.csv
380883290,322222022,581002,99419000,282921,11351,286729,99418999,100000000,pymatching,SurfaceCode,9,1,3,MHBD_noise,0.001,500.0,results/brute_force/used_SC3_MHBD/results/sweep_47.csv
714260784,020330223,457079,99542923,231554,6589,218935,99542922,100000000,pymatching,SurfaceCode,9,1,3,MHBD_noise,0.001,500.0,results/brute_force/used_SC3_MHBD/results/sweep_47.csv
779000512,333333002,453910,99546092,275993,5815,172101,99546091,100000000,pymatching,SurfaceCode,9,1,3,MHBD_noise,0.001,500.0,results/brute_force/used_SC3_MHBD/results/sweep_47.csv
73055456,033002333,408724,99591278,227487,4671,176565,99591277,100000000,pymatching,SurfaceCode,9,1,3,MHBD_noise,0.001,500.0,results/brute_force/used_SC3_MHBD/results/sweep_47.csv
736946087,330303003,419077,99580925,198026,5956,215094,99580924,100000000,pymatching,SurfaceCode,9,1,3,MHBD_noise,0.001,500.0,results/brute_force/used_SC3_MHBD/results/sweep_47.csv
1714204775,203223322,545318,99454684,290091,10019,245207,99454683,100000000,pymatching,SurfaceCode,9,1,3,MHBD_noise,0.001,500.0,results/brute_force/used_SC3_MHBD/results/sweep_47.csv
1513391565,003320200,456347,99543655,190804,7325,258217,99543654,100000000,pymatching,SurfaceCode,9,1,3,MHBD_noise,0.001,500.0,results/brute_force/used_SC3_MHBD/results/sweep_47.csv
406055819,300302000,452472,99547530,172877,6525,273069,99547529,100000000,pymatching,SurfaceCode,9,1,3,MHBD_noise,0.001,500.0,results/brute_force/used_SC3_MHBD/results/sweep_47.csv
564153866,320230330,430546,99569456,215650,5612,209283,99569455,100000000,pymatching,SurfaceCode,9,1,3,MHBD_noise,0.001,500.0,results/brute_force/used_SC3_MHBD/results/sweep_40.csv
234383770,030200333,426634,99573368,203876,5365,217392,99573367,100000000,pymatching,SurfaceCode,9,1,3,MHBD_noise,0.001,500.0,results/brute_force/used_SC3_MHBD/results/sweep_40.csv
1706605142,003030203,430984,99569018,195350,5698,229935,99569017,100000000,pymatching,SurfaceCode,9,1,3,MHBD_noise,0.001,500.0,results/brute_force/used_SC3_MHBD/results/sweep_40.csv
1195102347,020033033,414525,99585477,194037,5562,214925,99585476,100000000,pymatching,SurfaceCode,9,1,3,MHBD_noise,0.001,500.0,results/brute_force/used_SC3_MHBD/results/sweep_40.csv
745324162,303000330,406872,99593130,182098,4939,219834,99593129,100000000,pymatching,SurfaceCode,9,1,3,MHBD_noise,0.001,500.0,results/brute_force/used_SC3_MHBD/results/sweep_40.csv
531530981,230020322,506861,99493141,233523,8488,264849,99493140,100000000,pymatching,SurfaceCode,9,1,3,MHBD_noise,0.001,500.0,results/brute_force/used_SC3_MHBD/results/sweep_40.csv
465097603,300202203,477570,99522432,208097,7218,262254,99522431,100000000,pymatching,SurfaceCode,9,1,3,MHBD_noise,0.001,500.0,results/brute_force/used_SC3_MHBD/results/sweep_40.csv
2090482230,030233320,445260,99554742,229517,6746,208996,99554741,100000000,pymatching,SurfaceCode,9,1,3,MHBD_noise,0.001,500.0,results/brute_force/used_SC3_MHBD/results/sweep_40.csv
1771476480,330302030,422028,99577974,189772,5981,226274,99577973,100000000,pymatching,SurfaceCode,9,1,3,MHBD_noise,0.001,500.0,results/brute_force/used_SC3_MHBD/results/sweep_40.csv
1676331725,030230030,403542,99596460,171151,5134,227256,99596459,100000000,pymatching,SurfaceCode,9,1,3,MHBD_noise,0.001,500.0,results/brute_force/used_SC3_MHBD/results/sweep_40.csv
1085872015,033020333,412105,99587897,229678,5202,177224,99587896,100000000,pymatching,SurfaceCode,9,1,3,MHBD_noise,0.001,500.0,results/brute_force/used_SC3_MHBD/results/sweep_32.csv
2105392315,033033030,391379,99608623,194827,4968,191583,99608622,100000000,pymatching,SurfaceCode,9,1,3,MHBD_noise,0.001,500.0,results/brute_force/used_SC3_MHBD/results/sweep_32.csv
1404629002,033302032,430917,99569085,214603,5547,210766,99569084,100000000,pymatching,SurfaceCode,9,1,3,MHBD_noise,0.001,500.0,results/brute_force/used_SC3_MHBD/results/sweep_32.csv
1724458265,320030030,408541,99591461,175028,5289,228223,99591460,100000000,pymatching,SurfaceCode,9,1,3,MHBD_noise,0.001,500.0,results/brute_force/used_SC3_MHBD/results/sweep_32.csv
1003514364,003000030,411160,99588842,141640,4579,264940,99588841,100000000,pymatching,SurfaceCode,9,1,3,MHBD_noise,0.001,500.0,results/brute_force/used_SC3_MHBD/results/sweep_32.csv
1062742845,030333203,419128,99580874,224557,5541,189029,99580873,100000000,pymatching,SurfaceCode,9,1,3,MHBD_noise,0.001,500.0,results/brute_force/used_SC3_MHBD/results/sweep_32.csv
1805926635,030003303,415182,99584820,175235,5344,234602,99584819,100000000,pymatching,SurfaceCode,9,1,3,MHBD_noise,0.001,500.0,results/brute_force/used_SC3_MHBD/results/sweep_32.csv
241569353,033303303,414412,99585590,221555,5108,187748,99585589,100000000,pymatching,SurfaceCode,9,1,3,MHBD_noise,0.001,500.0,results/brute_force/used_SC3_MHBD/results/sweep_32.csv
1216232772,320000330,418124,99581878,170774,5256,242093,99581877,100000000,pymatching,SurfaceCode,9,1,3,MHBD_noise,0.001,500.0,results/brute_force/used_SC3_MHBD/results/sweep_32.csv
1330905230,030030000,399367,99600635,147741,4539,247086,99600634,100000000,pymatching,SurfaceCode,9,1,3,MHBD_noise,0.001,500.0,results/brute_force/used_SC3_MHBD/results/sweep_32.csv
106474659,023200020,469755,99530247,179574,6670,283510,99530246,100000000,pymatching,SurfaceCode,9,1,3,MHBD_noise,0.001,500.0,results/brute_force/used_SC3_MHBD/results/sweep_35.csv
458037083,200320033,462346,99537656,213717,8477,240151,99537655,100000000,pymatching,SurfaceCode,9,1,3,MHBD_noise,0.001,500.0,results/brute_force/used_SC3_MHBD/results/sweep_35.csv
643284717,330203000,424704,99575298,179464,6295,238944,99575297,100000000,pymatching,SurfaceCode,9,1,3,MHBD_noise,0.001,500.0,results/brute_force/used_SC3_MHBD/results/sweep_35.csv
1271389747,302320200,492941,99507061,209129,8200,275611,99507060,100000000,pymatching,SurfaceCode,9,1,3,MHBD_noise,0.001,500.0,results/brute_force/used_SC3_MHBD/results/sweep_35.csv
73270119,023230300,448225,99551777,211226,6304,230694,99551776,100000000,pymatching,SurfaceCode,9,1,3,MHBD_noise,0.001,500.0,results/brute_force/used_SC3_MHBD/results/sweep_35.csv
1044474010,333002330,417785,99582217,239777,4767,173240,99582216,100000000,pymatching,SurfaceCode,9,1,3,MHBD_noise,0.001,500.0,results/brute_force/used_SC3_MHBD/results/sweep_35.csv
1149326220,333030033,408346,99591656,236177,4775,167393,99591655,100000000,pymatching,SurfaceCode,9,1,3,MHBD_noise,0.001,500.0,results/brute_force/used_SC3_MHBD/results/sweep_35.csv
3146614,330003330,408315,99591687,205505,5180,197629,99591686,100000000,pymatching,SurfaceCode,9,1,3,MHBD_noise,0.001,500.0,results/brute_force/used_SC3_MHBD/results/sweep_35.csv
281278622,232000300,464788,99535214,193089,5915,265783,99535213,100000000,pymatching,SurfaceCode,9,1,3,MHBD_noise,0.001,500.0,results/brute_force/used_SC3_MHBD/results/sweep_35.csv
359472129,203333302,453207,99546795,260074,6439,186693,99546794,100000000,pymatching,SurfaceCode,9,1,3,MHBD_noise,0.001,500.0,results/brute_force/used_SC3_MHBD/results/sweep_35.csv
1149318700,233023300,466538,99533464,239161,7218,220158,99533463,100000000,pymatching,SurfaceCode,9,1,3,MHBD_noise,0.001,500.0,results/brute_force/used_SC3_MHBD/results/sweep_49.csv
1416402510,323003330,437392,99562610,233175,5584,198632,99562609,100000000,pymatching,SurfaceCode,9,1,3,MHBD_noise,0.001,500.0,results/brute_force/used_SC3_MHBD/results/sweep_49.csv
1832984261,330302303,428775,99571227,214898,5809,208067,99571226,100000000,pymatching,SurfaceCode,9,1,3,MHBD_noise,0.001,500.0,results/brute_force/used_SC3_MHBD/results/sweep_49.csv
924106790,330333030,399335,99600667,221185,5504,172645,99600666,100000000,pymatching,SurfaceCode,9,1,3,MHBD_noise,0.001,500.0,results/brute_force/used_SC3_MHBD/results/sweep_49.csv
328760506,000322000,471961,99528041,180862,8298,282800,99528040,100000000,pymatching,SurfaceCode,9,1,3,MHBD_noise,0.001,500.0,results/brute_force/used_SC3_MHBD/results/sweep_49.csv
479405487,000233320,456918,99543084,225145,6713,225059,99543083,100000000,pymatching,SurfaceCode,9,1,3,MHBD_noise,0.001,500.0,results/brute_force/used_SC3_MHBD/results/sweep_49.csv
789263996,033330232,451621,99548381,259579,5587,186454,99548380,100000000,pymatching,SurfaceCode,9,1,3,MHBD_noise,0.001,500.0,results/brute_force/used_SC3_MHBD/results/sweep_49.csv
1764341632,000230303,436924,99563078,202501,6299,228123,99563077,100000000,pymatching,SurfaceCode,9,1,3,MHBD_noise,0.001,500.0,results/brute_force/used_SC3_MHBD/results/sweep_49.csv
1167882035,030033032,407383,99592619,193509,5409,208464,99592618,100000000,pymatching,SurfaceCode,9,1,3,MHBD_noise,0.001,500.0,results/brute_force/used_SC3_MHBD/results/sweep_49.csv
247568509,303333220,460129,99539873,262572,6679,190877,99539872,100000000,pymatching,SurfaceCode,9,1,3,MHBD_noise,0.001,500.0,results/brute_force/used_SC3_MHBD/results/sweep_49.csv
