clifford_deformation,exp_ler,uncertainty,method_shots,source_file
3332333232220333020302030,0.0006485985276579,2.2492326024803333e-05,10394017,results/ebbi/SC5_HBD_MWPM_1x/results/sweep_16_exp_0_checkpoints.csv
3332333232220303020302030,0.0006407040970468,2.148163366655353e-05,22901410,results/ebbi/SC5_HBD_MWPM_1x/results/sweep_16_exp_0_checkpoints.csv
3332333230220303020302030,0.0006415036078593,1.958674329216592e-05,27833814,results/ebbi/SC5_HBD_MWPM_1x/results/sweep_16_exp_0_checkpoints.csv
3332333230220303020302030,0.0006415036078593,1.958674329216592e-05,32899274,results/ebbi/SC5_HBD_MWPM_1x/results/sweep_16_exp_0_checkpoints.csv
3332333202220303020302030,0.000624534046002,1.9240047549828887e-05,41681008,results/ebbi/SC5_HBD_MWPM_1x/results/sweep_16_exp_0_checkpoints.csv
3332333202220303020302030,0.000624534046002,1.9240047549828887e-05,52176993,results/ebbi/SC5_HBD_MWPM_1x/results/sweep_16_exp_0_checkpoints.csv
3332333202220303020302030,0.0006239414807736,1.2820622941944748e-05,66344827,results/ebbi/SC5_HBD_MWPM_1x/results/sweep_16_exp_0_checkpoints.csv
2332333200020303020302030,0.0006096080733469,1.2536790563899558e-05,84249548,results/ebbi/SC5_HBD_MWPM_1x/results/sweep_16_exp_0_checkpoints.csv
2332333200020303020302030,0.0006096080733469,1.2536790563899558e-05,108856697,results/ebbi/SC5_HBD_MWPM_1x/results/sweep_16_exp_0_checkpoints.csv
2332333202020303020302030,0.0006033920782529,1.2246812730154488e-05,132350179,results/ebbi/SC5_HBD_MWPM_1x/results/sweep_16_exp_0_checkpoints.csv
2333033002020303030302030,0.0005131523169942,1.6126661648740992e-05,169324629,results/ebbi/SC5_HBD_MWPM_1x/results/sweep_16_exp_0_checkpoints.csv
0333033302020303030302030,0.0004636535719105,1.4535578884533606e-05,207865512,results/ebbi/SC5_HBD_MWPM_1x/results/sweep_16_exp_0_checkpoints.csv
0333333302020303030302030,0.0004617220386708,9.46816180658061e-06,263056036,results/ebbi/SC5_HBD_MWPM_1x/results/sweep_16_exp_0_checkpoints.csv
0333033303020303030302032,0.000440069280975,9.072077773453202e-06,329801474,results/ebbi/SC5_HBD_MWPM_1x/results/sweep_16_exp_0_checkpoints.csv
0333033303020303030302032,0.000440069280975,9.072077773453202e-06,415239134,results/ebbi/SC5_HBD_MWPM_1x/results/sweep_16_exp_0_checkpoints.csv
0333033303020303030302032,0.0004410672897047,6.054904133634409e-06,521208511,results/ebbi/SC5_HBD_MWPM_1x/results/sweep_16_exp_0_checkpoints.csv
0332033303030303030300033,0.0004140705866287,8.534409062121995e-06,656504692,results/ebbi/SC5_HBD_MWPM_1x/results/sweep_16_exp_0_checkpoints.csv
0332033303030303030300033,0.0004171013590715,5.710382538381964e-06,826241681,results/ebbi/SC5_HBD_MWPM_1x/results/sweep_16_exp_0_checkpoints.csv
0302033303030303030300033,0.0004066540616627,8.2123051470262e-06,1045715078,results/ebbi/SC5_HBD_MWPM_1x/results/sweep_16_exp_0_checkpoints.csv
0333033303030303030300033,0.0004092109693603,3.712135821842821e-06,1312452294,results/ebbi/SC5_HBD_MWPM_1x/results/sweep_16_exp_0_checkpoints.csv
0302030303030303030300033,0.0003831084150004,5.292437435855391e-06,1660638361,results/ebbi/SC5_HBD_MWPM_1x/results/sweep_16_exp_0_checkpoints.csv
0303030303030303030303032,0.0003585796385607,4.884659119852586e-06,2075841592,results/ebbi/SC5_HBD_MWPM_1x/results/sweep_16_exp_0_checkpoints.csv
0303030303030303030203030,0.0003457604374112,7.024462775007123e-06,2612321332,results/ebbi/SC5_HBD_MWPM_1x/results/sweep_16_exp_0_checkpoints.csv
0303030303030303030303030,0.0003496479097811,3.1681277050665813e-06,3287102606,results/ebbi/SC5_HBD_MWPM_1x/results/sweep_16_exp_0_checkpoints.csv
0303030303030303030303030,0.0003496479097811,3.1681277050665813e-06,4144366043,results/ebbi/SC5_HBD_MWPM_1x/results/sweep_16_exp_0_checkpoints.csv
0303030303030303030303030,0.0003496479097811,3.1681277050665813e-06,5217107494,results/ebbi/SC5_HBD_MWPM_1x/results/sweep_16_exp_0_checkpoints.csv
0303030303030303030303030,0.0003496479097811,3.1681277050665813e-06,6577924194,results/ebbi/SC5_HBD_MWPM_1x/results/sweep_16_exp_0_checkpoints.csv
0303030303030303030303030,0.0003496479097811,3.1681277050665813e-06,8261076417,results/ebbi/SC5_HBD_MWPM_1x/results/sweep_16_exp_0_checkpoints.csv
0303030303030303030303030,0.0003496479097811,3.1681277050665813e-06,10396610007,results/ebbi/SC5_HBD_MWPM_1x/results/sweep_16_exp_0_checkpoints.csv
0303030303030303030303030,0.0003496479097811,3.1681277050665813e-06,13086590708,results/ebbi/SC5_HBD_MWPM_1x/results/sweep_16_exp_0_checkpoints.csv
0303030303030303030303030,0.0003496479097811,3.1681277050665813e-06,16475754989,results/ebbi/SC5_HBD_MWPM_1x/results/sweep_16_exp_0_checkpoints.csv
0303030303030303030303030,0.0003496479097811,3.1681277050665813e-06,20741741161,results/ebbi/SC5_HBD_MWPM_1x/results/sweep_16_exp_0_checkpoints.csv
0303030303030303030303030,0.0003496479097811,3.1681277050665813e-06,26110021439,results/ebbi/SC5_HBD_MWPM_1x/results/sweep_16_exp_0_checkpoints.csv
0303030303030303030303030,0.0003496479097811,3.1681277050665813e-06,32870451230,results/ebbi/SC5_HBD_MWPM_1x/results/sweep_16_exp_0_checkpoints.csv
0303030303030303030303030,0.0003496479097811,3.1681277050665813e-06,41381814847,results/ebbi/SC5_HBD_MWPM_1x/results/sweep_16_exp_0_checkpoints.csv
0303030303030303030303030,0.0003496479097811,3.1681277050665813e-06,52093548789,results/ebbi/SC5_HBD_MWPM_1x/results/sweep_16_exp_0_checkpoints.csv
0303030303030303030303030,0.0003496479097811,3.1681277050665813e-06,65584708233,results/ebbi/SC5_HBD_MWPM_1x/results/sweep_16_exp_0_checkpoints.csv
0303030303030303030303030,0.0003496479097811,3.1681277050665813e-06,82565737228,results/ebbi/SC5_HBD_MWPM_1x/results/sweep_16_exp_0_checkpoints.csv
3230300000330033330300220,0.0006458842269721,2.2211906980373897e-05,9490226,results/ebbi/SC5_HBD_MWPM_1x/results/sweep_21_exp_0_checkpoints.csv
3230300000330033330303220,0.0005978466025259,1.9535378669388592e-05,22072771,results/ebbi/SC5_HBD_MWPM_1x/results/sweep_21_exp_0_checkpoints.csv
3230300000330033330303220,0.0005978466025259,1.9535378669388592e-05,27978479,results/ebbi/SC5_HBD_MWPM_1x/results/sweep_21_exp_0_checkpoints.csv
3230300000330033330303220,0.0005978466025259,1.9535378669388592e-05,30632375,results/ebbi/SC5_HBD_MWPM_1x/results/sweep_21_exp_0_checkpoints.csv
3200300030030033330303220,0.0005928065678918,1.8254242604598403e-05,39742913,results/ebbi/SC5_HBD_MWPM_1x/results/sweep_21_exp_0_checkpoints.csv
3200300030030033330303220,0.0005928065678918,1.8254242604598403e-05,49654152,results/ebbi/SC5_HBD_MWPM_1x/results/sweep_21_exp_0_checkpoints.csv
3203300000330033330303220,0.0005967659313015,1.2175260053481908e-05,60237437,results/ebbi/SC5_HBD_MWPM_1x/results/sweep_21_exp_0_checkpoints.csv
3200300300330033330303220,0.0005688867990761,1.7509588360553607e-05,76195135,results/ebbi/SC5_HBD_MWPM_1x/results/sweep_21_exp_0_checkpoints.csv
3200300300330033330303220,0.0005538486610331,1.1517832717800047e-05,96502541,results/ebbi/SC5_HBD_MWPM_1x/results/sweep_21_exp_0_checkpoints.csv
3200300300330033330303220,0.0005538486610331,1.1517832717800047e-05,120098065,results/ebbi/SC5_HBD_MWPM_1x/results/sweep_21_exp_0_checkpoints.csv
3200300300330033330303220,0.0005538486610331,1.1517832717800047e-05,151383369,results/ebbi/SC5_HBD_MWPM_1x/results/sweep_21_exp_0_checkpoints.csv
3200300300330033330303220,0.0005638878308447,7.747797099000309e-06,190982292,results/ebbi/SC5_HBD_MWPM_1x/results/sweep_21_exp_0_checkpoints.csv
3200300300330033330303220,0.0005638878308447,7.747797099000309e-06,243460365,results/ebbi/SC5_HBD_MWPM_1x/results/sweep_21_exp_0_checkpoints.csv
3203300300320303330303020,0.0004926428015253,1.5677125702495687e-05,307271378,results/ebbi/SC5_HBD_MWPM_1x/results/sweep_21_exp_0_checkpoints.csv
0203300300030303330303020,0.0004398254525342,9.454891369387042e-06,379518709,results/ebbi/SC5_HBD_MWPM_1x/results/sweep_21_exp_0_checkpoints.csv
0203330300030303330303020,0.0004246782592804,8.71236261446029e-06,477522981,results/ebbi/SC5_HBD_MWPM_1x/results/sweep_21_exp_0_checkpoints.csv
0203330300030303330303020,0.0004339169861175,5.8710538723971695e-06,599249795,results/ebbi/SC5_HBD_MWPM_1x/results/sweep_21_exp_0_checkpoints.csv
0203330300030303330303030,0.0004146708014503,5.689931185770547e-06,770677140,results/ebbi/SC5_HBD_MWPM_1x/results/sweep_21_exp_0_checkpoints.csv
0203330300030303330303030,0.0004146708014503,5.689931185770547e-06,953511818,results/ebbi/SC5_HBD_MWPM_1x/results/sweep_21_exp_0_checkpoints.csv
0000330303030303330303030,0.0003956305711148,1.213213454320794e-05,1210836056,results/ebbi/SC5_HBD_MWPM_1x/results/sweep_21_exp_0_checkpoints.csv
0302330303030303330303030,0.0004042525438424,5.43405303687905e-06,1518809443,results/ebbi/SC5_HBD_MWPM_1x/results/sweep_21_exp_0_checkpoints.csv
0303330303030303330303030,0.0003823463312698,5.232693183643278e-06,1898290931,results/ebbi/SC5_HBD_MWPM_1x/results/sweep_21_exp_0_checkpoints.csv
0303330303030303330303030,0.0003825294526027,3.48929734172998e-06,2396155115,results/ebbi/SC5_HBD_MWPM_1x/results/sweep_21_exp_0_checkpoints.csv
0003030303030303030303000,0.000365673542901,4.969298515788978e-06,3004859821,results/ebbi/SC5_HBD_MWPM_1x/results/sweep_21_exp_0_checkpoints.csv
3303030303030303030303030,0.0003435016728725,1.0538818969507702e-05,3781418403,results/ebbi/SC5_HBD_MWPM_1x/results/sweep_21_exp_0_checkpoints.csv
0303030303030303030303030,0.0003543450055416,2.137373940058751e-06,4757927428,results/ebbi/SC5_HBD_MWPM_1x/results/sweep_21_exp_0_checkpoints.csv
0303030303030303030303030,0.0003543450055416,2.137373940058751e-06,5989551741,results/ebbi/SC5_HBD_MWPM_1x/results/sweep_21_exp_0_checkpoints.csv
0303030303030303030303030,0.0003543450055416,2.137373940058751e-06,7542865890,results/ebbi/SC5_HBD_MWPM_1x/results/sweep_21_exp_0_checkpoints.csv
0303030303030303030303030,0.0003543450055416,2.137373940058751e-06,9495312559,results/ebbi/SC5_HBD_MWPM_1x/results/sweep_21_exp_0_checkpoints.csv
0303030303030303030303030,0.0003543450055416,2.137373940058751e-06,11948365241,results/ebbi/SC5_HBD_MWPM_1x/results/sweep_21_exp_0_checkpoints.csv
0303030303030303030303030,0.0003543450055416,2.137373940058751e-06,15041078483,results/ebbi/SC5_HBD_MWPM_1x/results/sweep_21_exp_0_checkpoints.csv
0303030303030303030303030,0.0003543450055416,2.137373940058751e-06,18936417471,results/ebbi/SC5_HBD_MWPM_1x/results/sweep_21_exp_0_checkpoints.csv
0303030303030303030303030,0.0003543450055416,2.137373940058751e-06,23839071406,results/ebbi/SC5_HBD_MWPM_1x/results/sweep_21_exp_0_checkpoints.csv
0303030303030303030303030,0.0003543450055416,2.137373940058751e-06,30012760374,results/ebbi/SC5_HBD_MWPM_1x/results/sweep_21_exp_0_checkpoints.csv
0303030303030303030303030,0.0003543450055416,2.137373940058751e-06,37783937478,results/ebbi/SC5_HBD_MWPM_1x/results/sweep_21_exp_0_checkpoints.csv
0303030303030303030303030,0.0003543450055416,2.137373940058751e-06,47565770187,results/ebbi/SC5_HBD_MWPM_1x/results/sweep_21_exp_0_checkpoints.csv
0303030303030303030303030,0.0003543450055416,2.137373940058751e-06,59880766428,results/ebbi/SC5_HBD_MWPM_1x/results/sweep_21_exp_0_checkpoints.csv
0303030303030303030303030,0.0003543450055416,2.137373940058751e-06,75386470707,results/ebbi/SC5_HBD_MWPM_1x/results/sweep_21_exp_0_checkpoints.csv
0003032302020220030303330,0.0005251288569203,1.920840804814361e-05,9587060,results/ebbi/SC5_HBD_MWPM_1x/results/sweep_10_exp_0_checkpoints.csv
0003032302020220030303330,0.0005251288569203,1.920840804814361e-05,25723790,results/ebbi/SC5_HBD_MWPM_1x/results/sweep_10_exp_0_checkpoints.csv
0003030302020220030303333,0.0005054201354426,1.5821315173525363e-05,34343532,results/ebbi/SC5_HBD_MWPM_1x/results/sweep_10_exp_0_checkpoints.csv
0003030333030220030303333,0.000481380427178,1.5241797882481478e-05,47615556,results/ebbi/SC5_HBD_MWPM_1x/results/sweep_10_exp_0_checkpoints.csv
0003030333030220030303333,0.000481380427178,1.5241797882481478e-05,49783265,results/ebbi/SC5_HBD_MWPM_1x/results/sweep_10_exp_0_checkpoints.csv
0003030333030220030303333,0.000481380427178,1.5241797882481478e-05,61475690,results/ebbi/SC5_HBD_MWPM_1x/results/sweep_10_exp_0_checkpoints.csv
0003030333030220030303333,0.000481380427178,1.5241797882481478e-05,77029475,results/ebbi/SC5_HBD_MWPM_1x/results/sweep_10_exp_0_checkpoints.csv
0003030333030220030303333,0.000492485782826,1.027768576022936e-05,99735663,results/ebbi/SC5_HBD_MWPM_1x/results/sweep_10_exp_0_checkpoints.csv
0003030333000020030303033,0.0004634486646968,1.437451192032313e-05,129901326,results/ebbi/SC5_HBD_MWPM_1x/results/sweep_10_exp_0_checkpoints.csv
0303030333000020030303033,0.000449975453883,1.407231502525974e-05,152303161,results/ebbi/SC5_HBD_MWPM_1x/results/sweep_10_exp_0_checkpoints.csv
0303030333000020030303033,0.0004629886918045,9.516174941381904e-06,195323330,results/ebbi/SC5_HBD_MWPM_1x/results/sweep_10_exp_0_checkpoints.csv
0203030333030020030303032,0.0004627070038523,9.340212272945791e-06,247097319,results/ebbi/SC5_HBD_MWPM_1x/results/sweep_10_exp_0_checkpoints.csv
0303030333030330030303020,0.0004000296198994,1.2685628462349996e-05,306219262,results/ebbi/SC5_HBD_MWPM_1x/results/sweep_10_exp_0_checkpoints.csv
0303030303030330030303020,0.000364520600524,1.1744368748622946e-05,384518013,results/ebbi/SC5_HBD_MWPM_1x/results/sweep_10_exp_0_checkpoints.csv
0303030303030330030303020,0.0003682639576077,7.869666660553776e-06,485424546,results/ebbi/SC5_HBD_MWPM_1x/results/sweep_10_exp_0_checkpoints.csv
0303030303030300030303020,0.0003729715329284,7.588153039250756e-06,606103735,results/ebbi/SC5_HBD_MWPM_1x/results/sweep_10_exp_0_checkpoints.csv
0303030303030300030303020,0.0003648206376323,5.003207661502529e-06,763333556,results/ebbi/SC5_HBD_MWPM_1x/results/sweep_10_exp_0_checkpoints.csv
0303030303030303030303020,0.0003567462285703,7.311279659916181e-06,959198994,results/ebbi/SC5_HBD_MWPM_1x/results/sweep_10_exp_0_checkpoints.csv
0303030303030303030303030,0.0003490898905735,7.149890734581277e-06,1212806979,results/ebbi/SC5_HBD_MWPM_1x/results/sweep_10_exp_0_checkpoints.csv
0303030303030303030303030,0.0003472181077921,4.7538028411509e-06,1519503477,results/ebbi/SC5_HBD_MWPM_1x/results/sweep_10_exp_0_checkpoints.csv
0303030303030303030303030,0.0003472181077921,4.7538028411509e-06,1920651566,results/ebbi/SC5_HBD_MWPM_1x/results/sweep_10_exp_0_checkpoints.csv
0303030303030303030303030,0.0003497573242068,3.180765133947716e-06,2411073006,results/ebbi/SC5_HBD_MWPM_1x/results/sweep_10_exp_0_checkpoints.csv
0303030303030303030303030,0.0003497573242068,3.180765133947716e-06,3034911413,results/ebbi/SC5_HBD_MWPM_1x/results/sweep_10_exp_0_checkpoints.csv
0303030303030303030303030,0.0003497573242068,3.180765133947716e-06,3817886765,results/ebbi/SC5_HBD_MWPM_1x/results/sweep_10_exp_0_checkpoints.csv
0303030303030303030303030,0.0003497573242068,3.180765133947716e-06,4806665487,results/ebbi/SC5_HBD_MWPM_1x/results/sweep_10_exp_0_checkpoints.csv
0303030303030303030303030,0.0003497573242068,3.180765133947716e-06,6052134114,results/ebbi/SC5_HBD_MWPM_1x/results/sweep_10_exp_0_checkpoints.csv
0303030303030303030303030,0.0003497573242068,3.180765133947716e-06,7616416406,results/ebbi/SC5_HBD_MWPM_1x/results/sweep_10_exp_0_checkpoints.csv
0303030303030303030303030,0.0003497573242068,3.180765133947716e-06,9587867295,results/ebbi/SC5_HBD_MWPM_1x/results/sweep_10_exp_0_checkpoints.csv
0303030303030303030303030,0.0003497573242068,3.180765133947716e-06,12069748299,results/ebbi/SC5_HBD_MWPM_1x/results/sweep_10_exp_0_checkpoints.csv
0303030303030303030303030,0.0003497573242068,3.180765133947716e-06,15194779873,results/ebbi/SC5_HBD_MWPM_1x/results/sweep_10_exp_0_checkpoints.csv
0303030303030303030303030,0.0003497573242068,3.180765133947716e-06,19130855389,results/ebbi/SC5_HBD_MWPM_1x/results/sweep_10_exp_0_checkpoints.csv
0303030303030303030303030,0.0003497573242068,3.180765133947716e-06,24083483789,results/ebbi/SC5_HBD_MWPM_1x/results/sweep_10_exp_0_checkpoints.csv
0303030303030303030303030,0.0003497573242068,3.180765133947716e-06,30319807093,results/ebbi/SC5_HBD_MWPM_1x/results/sweep_10_exp_0_checkpoints.csv
0303030303030303030303030,0.0003497573242068,3.180765133947716e-06,38169385499,results/ebbi/SC5_HBD_MWPM_1x/results/sweep_10_exp_0_checkpoints.csv
0303030303030303030303030,0.0003497573242068,3.180765133947716e-06,48051480831,results/ebbi/SC5_HBD_MWPM_1x/results/sweep_10_exp_0_checkpoints.csv
0303030303030303030303030,0.0003497573242068,3.180765133947716e-06,60491544375,results/ebbi/SC5_HBD_MWPM_1x/results/sweep_10_exp_0_checkpoints.csv
0303030303030303030303030,0.0003497573242068,3.180765133947716e-06,76153799909,results/ebbi/SC5_HBD_MWPM_1x/results/sweep_10_exp_0_checkpoints.csv
3203002202232202330303023,0.0006891925200276,2.3438715288648385e-05,7740850,results/ebbi/SC5_HBD_MWPM_1x/results/sweep_8_exp_0_checkpoints.csv
2303322233032302330032030,0.0006742223852644,2.2811267626821063e-05,19084825,results/ebbi/SC5_HBD_MWPM_1x/results/sweep_8_exp_0_checkpoints.csv
2303322233032302330032030,0.0006742223852644,2.2811267626821063e-05,19914311,results/ebbi/SC5_HBD_MWPM_1x/results/sweep_8_exp_0_checkpoints.csv
2303322233032302330032030,0.0006742223852644,2.2811267626821063e-05,24739843,results/ebbi/SC5_HBD_MWPM_1x/results/sweep_8_exp_0_checkpoints.csv
2303322233032302330032030,0.0006741373256175,1.5206564967229497e-05,31398112,results/ebbi/SC5_HBD_MWPM_1x/results/sweep_8_exp_0_checkpoints.csv
2303322233032303330032030,0.0006180128817451,1.967544994840864e-05,44926328,results/ebbi/SC5_HBD_MWPM_1x/results/sweep_8_exp_0_checkpoints.csv
2303322233032303330032030,0.0006180128817451,1.967544994840864e-05,50632973,results/ebbi/SC5_HBD_MWPM_1x/results/sweep_8_exp_0_checkpoints.csv
2303322233032303030032030,0.0006269063235485,1.923109812196344e-05,62607533,results/ebbi/SC5_HBD_MWPM_1x/results/sweep_8_exp_0_checkpoints.csv
3303322233032303030032030,0.000584372089609,1.8301021555089392e-05,77969304,results/ebbi/SC5_HBD_MWPM_1x/results/sweep_8_exp_0_checkpoints.csv
0303322233032303030032030,0.0005821013580508,1.800171594368294e-05,99647806,results/ebbi/SC5_HBD_MWPM_1x/results/sweep_8_exp_0_checkpoints.csv
0303322233032303030032000,0.0005802205605182,1.782456638466101e-05,127232239,results/ebbi/SC5_HBD_MWPM_1x/results/sweep_8_exp_0_checkpoints.csv
0303322233032303030332000,0.0005545466865428,1.733323915686924e-05,167542624,results/ebbi/SC5_HBD_MWPM_1x/results/sweep_8_exp_0_checkpoints.csv
0303322233032303030332000,0.0005613531260502,1.1626158084254712e-05,196381982,results/ebbi/SC5_HBD_MWPM_1x/results/sweep_8_exp_0_checkpoints.csv
0303322233033303030332002,0.0005706994758856,7.76042725192383e-06,249523785,results/ebbi/SC5_HBD_MWPM_1x/results/sweep_8_exp_0_checkpoints.csv
0302022333030333030330000,0.0004797103480973,1.4943632777431048e-05,309519962,results/ebbi/SC5_HBD_MWPM_1x/results/sweep_8_exp_0_checkpoints.csv
0303332333030303030330002,0.0004492811713784,1.3816023056278937e-05,390135182,results/ebbi/SC5_HBD_MWPM_1x/results/sweep_8_exp_0_checkpoints.csv
0302330333030303030330002,0.000446966320725,9.11592633201508e-06,492603039,results/ebbi/SC5_HBD_MWPM_1x/results/sweep_8_exp_0_checkpoints.csv
0302330333030303030330000,0.0004475005599879,6.0426418713177554e-06,618524031,results/ebbi/SC5_HBD_MWPM_1x/results/sweep_8_exp_0_checkpoints.csv
0002330333030303030330000,0.0004472192412054,5.982899892842397e-06,777854509,results/ebbi/SC5_HBD_MWPM_1x/results/sweep_8_exp_0_checkpoints.csv
0303330303030303030300000,0.0003728861418755,7.64681590226246e-06,975502930,results/ebbi/SC5_HBD_MWPM_1x/results/sweep_8_exp_0_checkpoints.csv
0303030303030303030300020,0.0003752922619375,5.074273303762311e-06,1236338610,results/ebbi/SC5_HBD_MWPM_1x/results/sweep_8_exp_0_checkpoints.csv
0303030303030303030303020,0.0003545831262319,1.111135679821018e-05,1545063847,results/ebbi/SC5_HBD_MWPM_1x/results/sweep_8_exp_0_checkpoints.csv
0303030303030303030303030,0.0003503991667132,4.829603767575463e-06,1961773015,results/ebbi/SC5_HBD_MWPM_1x/results/sweep_8_exp_0_checkpoints.csv
0303030303030303030303030,0.0003501476311318,3.218580786779057e-06,2451802684,results/ebbi/SC5_HBD_MWPM_1x/results/sweep_8_exp_0_checkpoints.csv
0303030303030303030303030,0.0003501476311318,3.218580786779057e-06,3083370069,results/ebbi/SC5_HBD_MWPM_1x/results/sweep_8_exp_0_checkpoints.csv
0303030303030303030303030,0.0003503745470629,2.146415454262751e-06,3880661165,results/ebbi/SC5_HBD_MWPM_1x/results/sweep_8_exp_0_checkpoints.csv
0303030303030303030303030,0.0003503745470629,2.146415454262751e-06,4885555079,results/ebbi/SC5_HBD_MWPM_1x/results/sweep_8_exp_0_checkpoints.csv
0303030303030303030303030,0.0003503745470629,2.146415454262751e-06,6149601253,results/ebbi/SC5_HBD_MWPM_1x/results/sweep_8_exp_0_checkpoints.csv
0303030303030303030303030,0.0003503745470629,2.146415454262751e-06,7742333190,results/ebbi/SC5_HBD_MWPM_1x/results/sweep_8_exp_0_checkpoints.csv
0303030303030303030303030,0.0003503745470629,2.146415454262751e-06,9745352466,results/ebbi/SC5_HBD_MWPM_1x/results/sweep_8_exp_0_checkpoints.csv
0303030303030303030303030,0.0003503745470629,2.146415454262751e-06,12269839281,results/ebbi/SC5_HBD_MWPM_1x/results/sweep_8_exp_0_checkpoints.csv
0303030303030303030303030,0.0003503745470629,2.146415454262751e-06,15445248199,results/ebbi/SC5_HBD_MWPM_1x/results/sweep_8_exp_0_checkpoints.csv
0303030303030303030303030,0.0003503745470629,2.146415454262751e-06,19445171581,results/ebbi/SC5_HBD_MWPM_1x/results/sweep_8_exp_0_checkpoints.csv
0303030303030303030303030,0.0003503745470629,2.146415454262751e-06,24479744973,results/ebbi/SC5_HBD_MWPM_1x/results/sweep_8_exp_0_checkpoints.csv
0303030303030303030303030,0.0003503745470629,2.146415454262751e-06,30817050235,results/ebbi/SC5_HBD_MWPM_1x/results/sweep_8_exp_0_checkpoints.csv
0303030303030303030303030,0.0003503745470629,2.146415454262751e-06,38796973344,results/ebbi/SC5_HBD_MWPM_1x/results/sweep_8_exp_0_checkpoints.csv
0303030303030303030303030,0.0003503745470629,2.146415454262751e-06,48842103228,results/ebbi/SC5_HBD_MWPM_1x/results/sweep_8_exp_0_checkpoints.csv
0303030303030303030303030,0.0003503745470629,2.146415454262751e-06,61490083115,results/ebbi/SC5_HBD_MWPM_1x/results/sweep_8_exp_0_checkpoints.csv
0303030303030303030303030,0.0003503745470629,2.146415454262751e-06,77409490211,results/ebbi/SC5_HBD_MWPM_1x/results/sweep_8_exp_0_checkpoints.csv
0303030303030303030303030,0.0003503745470629,2.146415454262751e-06,97453097064,results/ebbi/SC5_HBD_MWPM_1x/results/sweep_8_exp_0_checkpoints.csv
0303030303030303030303030,0.0003503745470629,2.146415454262751e-06,100000000000,results/ebbi/SC5_HBD_MWPM_1x/results/sweep_8_exp_0_checkpoints.csv
2303233303030332322223033,0.0005940714551067,2.1802561604999937e-05,9482995,results/ebbi/SC5_HBD_MWPM_1x/results/sweep_2_exp_0_checkpoints.csv
2303233303030333322233033,0.0005689897047311,1.8377986634732224e-05,22195923,results/ebbi/SC5_HBD_MWPM_1x/results/sweep_2_exp_0_checkpoints.csv
2303233303230332022223030,0.0005454523916445,1.7133004803326912e-05,27234889,results/ebbi/SC5_HBD_MWPM_1x/results/sweep_2_exp_0_checkpoints.csv
2303233303030332022223030,0.0005193764553524,1.647762837819755e-05,33539515,results/ebbi/SC5_HBD_MWPM_1x/results/sweep_2_exp_0_checkpoints.csv
2303233303030332022223030,0.0005193764553524,1.647762837819755e-05,38331102,results/ebbi/SC5_HBD_MWPM_1x/results/sweep_2_exp_0_checkpoints.csv
2303033303030332003223030,0.0004955353613648,1.5451490980922244e-05,55974443,results/ebbi/SC5_HBD_MWPM_1x/results/sweep_2_exp_0_checkpoints.csv
2303033303030332003223030,0.0004955353613648,1.5451490980922244e-05,62329882,results/ebbi/SC5_HBD_MWPM_1x/results/sweep_2_exp_0_checkpoints.csv
2303033303030332003023030,0.0004910612816418,1.5150754734349904e-05,76848317,results/ebbi/SC5_HBD_MWPM_1x/results/sweep_2_exp_0_checkpoints.csv
2303033303030332033023030,0.0004848179973189,1.4859442671877332e-05,95007476,results/ebbi/SC5_HBD_MWPM_1x/results/sweep_2_exp_0_checkpoints.csv
2303033303030332033023030,0.0004825905900302,9.883527127385603e-06,121507422,results/ebbi/SC5_HBD_MWPM_1x/results/sweep_2_exp_0_checkpoints.csv
2303033303030332033023030,0.0004825905900302,9.883527127385603e-06,157939157,results/ebbi/SC5_HBD_MWPM_1x/results/sweep_2_exp_0_checkpoints.csv
3203033303030332033333030,0.0004683707400554,9.62067315413151e-06,196579046,results/ebbi/SC5_HBD_MWPM_1x/results/sweep_2_exp_0_checkpoints.csv
3003033303030332033333030,0.0004650434279613,9.492428944213316e-06,245074991,results/ebbi/SC5_HBD_MWPM_1x/results/sweep_2_exp_0_checkpoints.csv
3003033303030332033333030,0.0004673050987087,6.3436491473112255e-06,305566028,results/ebbi/SC5_HBD_MWPM_1x/results/sweep_2_exp_0_checkpoints.csv
3203033303030333033303030,0.0004166074616035,1.3231212506070731e-05,378753051,results/ebbi/SC5_HBD_MWPM_1x/results/sweep_2_exp_0_checkpoints.csv
3203030303030333033003030,0.000411578258604,8.449006600130815e-06,475669072,results/ebbi/SC5_HBD_MWPM_1x/results/sweep_2_exp_0_checkpoints.csv
0303030303030333033303030,0.0003855664595952,7.991297025000677e-06,604294686,results/ebbi/SC5_HBD_MWPM_1x/results/sweep_2_exp_0_checkpoints.csv
0303030303030303032303030,0.0003646780720507,7.574733899673447e-06,754008879,results/ebbi/SC5_HBD_MWPM_1x/results/sweep_2_exp_0_checkpoints.csv
0303030303030303032303030,0.0003646780720507,7.574733899673447e-06,954786391,results/ebbi/SC5_HBD_MWPM_1x/results/sweep_2_exp_0_checkpoints.csv
0303030303030303030303030,0.0003427613642416,7.200841992016649e-06,1196313392,results/ebbi/SC5_HBD_MWPM_1x/results/sweep_2_exp_0_checkpoints.csv
0303030303030303030303030,0.0003426101038504,4.799503130925586e-06,1503966283,results/ebbi/SC5_HBD_MWPM_1x/results/sweep_2_exp_0_checkpoints.csv
0303030303030303030303030,0.0003426101038504,4.799503130925586e-06,1894929301,results/ebbi/SC5_HBD_MWPM_1x/results/sweep_2_exp_0_checkpoints.csv
0303030303030303030303030,0.0003426101038504,4.799503130925586e-06,2383701281,results/ebbi/SC5_HBD_MWPM_1x/results/sweep_2_exp_0_checkpoints.csv
0303030303030303030303030,0.0003426101038504,4.799503130925586e-06,3003527502,results/ebbi/SC5_HBD_MWPM_1x/results/sweep_2_exp_0_checkpoints.csv
0303030303030303030303030,0.0003426101038504,4.799503130925586e-06,3777570001,results/ebbi/SC5_HBD_MWPM_1x/results/sweep_2_exp_0_checkpoints.csv
0303030303030303030303030,0.0003426101038504,4.799503130925586e-06,4753554387,results/ebbi/SC5_HBD_MWPM_1x/results/sweep_2_exp_0_checkpoints.csv
0303030303030303030303030,0.0003426101038504,4.799503130925586e-06,5985390881,results/ebbi/SC5_HBD_MWPM_1x/results/sweep_2_exp_0_checkpoints.csv
0303030303030303030303030,0.0003441196962611,3.2067077881947625e-06,7535091558,results/ebbi/SC5_HBD_MWPM_1x/results/sweep_2_exp_0_checkpoints.csv
0303030303030303030303030,0.0003441196962611,3.2067077881947625e-06,9483108850,results/ebbi/SC5_HBD_MWPM_1x/results/sweep_2_exp_0_checkpoints.csv
0303030303030303030303030,0.0003441196962611,3.2067077881947625e-06,11938603525,results/ebbi/SC5_HBD_MWPM_1x/results/sweep_2_exp_0_checkpoints.csv
0303030303030303030303030,0.0003441196962611,3.2067077881947625e-06,15029832625,results/ebbi/SC5_HBD_MWPM_1x/results/sweep_2_exp_0_checkpoints.csv
0303030303030303030303030,0.0003441196962611,3.2067077881947625e-06,18922425843,results/ebbi/SC5_HBD_MWPM_1x/results/sweep_2_exp_0_checkpoints.csv
0303030303030303030303030,0.0003441196962611,3.2067077881947625e-06,23822386343,results/ebbi/SC5_HBD_MWPM_1x/results/sweep_2_exp_0_checkpoints.csv
0303030303030303030303030,0.0003441196962611,3.2067077881947625e-06,29990861536,results/ebbi/SC5_HBD_MWPM_1x/results/sweep_2_exp_0_checkpoints.csv
0303030303030303030303030,0.0003441196962611,3.2067077881947625e-06,37752808611,results/ebbi/SC5_HBD_MWPM_1x/results/sweep_2_exp_0_checkpoints.csv
0303030303030303030303030,0.0003441196962611,3.2067077881947625e-06,47529884136,results/ebbi/SC5_HBD_MWPM_1x/results/sweep_2_exp_0_checkpoints.csv
0303030303030303030303030,0.0003441196962611,3.2067077881947625e-06,59835717411,results/ebbi/SC5_HBD_MWPM_1x/results/sweep_2_exp_0_checkpoints.csv
0303030303030303030303030,0.0003441196962611,3.2067077881947625e-06,75327078245,results/ebbi/SC5_HBD_MWPM_1x/results/sweep_2_exp_0_checkpoints.csv
0303030303030303030303030,0.0003441196962611,3.2067077881947625e-06,94830284233,results/ebbi/SC5_HBD_MWPM_1x/results/sweep_2_exp_0_checkpoints.csv
0303030303030303030303030,0.0003441196962611,3.2067077881947625e-06,100000000000,results/ebbi/SC5_HBD_MWPM_1x/results/sweep_2_exp_0_checkpoints.csv
3322300322020333033332303,0.0006901782938256,2.1497729903785512e-05,9978278,results/ebbi/SC5_HBD_MWPM_1x/results/sweep_4_exp_0_checkpoints.csv
3322300322020303033330303,0.0006593493316768,2.0478226360864937e-05,20912725,results/ebbi/SC5_HBD_MWPM_1x/results/sweep_4_exp_0_checkpoints.csv
3022300332020303033330303,0.0006573178710073,2.0154215235379525e-05,25725032,results/ebbi/SC5_HBD_MWPM_1x/results/sweep_4_exp_0_checkpoints.csv
3022300332020303033330303,0.0006573178710073,2.0154215235379525e-05,32692047,results/ebbi/SC5_HBD_MWPM_1x/results/sweep_4_exp_0_checkpoints.csv
3322300322020303033333303,0.0006193326991398,1.931046790559776e-05,43304256,results/ebbi/SC5_HBD_MWPM_1x/results/sweep_4_exp_0_checkpoints.csv
3320330302020303033333303,0.0005485626263061,1.785875065252185e-05,62356435,results/ebbi/SC5_HBD_MWPM_1x/results/sweep_4_exp_0_checkpoints.csv
3320330302020303033333303,0.0005485626263061,1.785875065252185e-05,63432813,results/ebbi/SC5_HBD_MWPM_1x/results/sweep_4_exp_0_checkpoints.csv
3320330302020303033333303,0.0005550911841333,1.1976438145211432e-05,80364809,results/ebbi/SC5_HBD_MWPM_1x/results/sweep_4_exp_0_checkpoints.csv
3320330302020303033333333,0.0005386856430483,1.1008977708115708e-05,103592031,results/ebbi/SC5_HBD_MWPM_1x/results/sweep_4_exp_0_checkpoints.csv
3320330302020303033333333,0.0005386856430483,1.1008977708115708e-05,126383634,results/ebbi/SC5_HBD_MWPM_1x/results/sweep_4_exp_0_checkpoints.csv
3200230303030303033333033,0.0004436311718688,1.430006705049891e-05,166108087,results/ebbi/SC5_HBD_MWPM_1x/results/sweep_4_exp_0_checkpoints.csv
3202230303030303033333033,0.0004398351679217,1.3525609574571718e-05,200412908,results/ebbi/SC5_HBD_MWPM_1x/results/sweep_4_exp_0_checkpoints.csv
3202230303030303033333033,0.0004479265918223,9.09960363060236e-06,256375840,results/ebbi/SC5_HBD_MWPM_1x/results/sweep_4_exp_0_checkpoints.csv
3200230303030303033302030,0.0004043283145914,1.271995461138431e-05,320984359,results/ebbi/SC5_HBD_MWPM_1x/results/sweep_4_exp_0_checkpoints.csv
3300230303030303033302030,0.000407455648729,1.2680953659582885e-05,397473589,results/ebbi/SC5_HBD_MWPM_1x/results/sweep_4_exp_0_checkpoints.csv
3200230303030303030302030,0.0004060722300979,8.371367584913969e-06,502543267,results/ebbi/SC5_HBD_MWPM_1x/results/sweep_4_exp_0_checkpoints.csv
3200230303030303030303030,0.0003891342752539,8.01203896116931e-06,631560996,results/ebbi/SC5_HBD_MWPM_1x/results/sweep_4_exp_0_checkpoints.csv
3300230303030303030303030,0.000373797438529,7.725865543761756e-06,800637477,results/ebbi/SC5_HBD_MWPM_1x/results/sweep_4_exp_0_checkpoints.csv
3303230303030303030303030,0.0003764676463953,5.101369879412232e-06,1003451177,results/ebbi/SC5_HBD_MWPM_1x/results/sweep_4_exp_0_checkpoints.csv
0303030303030303030303030,0.0003532667857643,7.256772732944228e-06,1260986000,results/ebbi/SC5_HBD_MWPM_1x/results/sweep_4_exp_0_checkpoints.csv
0303030303030303030303030,0.0003476831155376,4.799477210326586e-06,1592576744,results/ebbi/SC5_HBD_MWPM_1x/results/sweep_4_exp_0_checkpoints.csv
0303030303030303030303030,0.0003515566019089,3.217419362044893e-06,2004580612,results/ebbi/SC5_HBD_MWPM_1x/results/sweep_4_exp_0_checkpoints.csv
0303030303030303030303030,0.0003515566019089,3.217419362044893e-06,2523995262,results/ebbi/SC5_HBD_MWPM_1x/results/sweep_4_exp_0_checkpoints.csv
0303030303030303030303030,0.0003488237569964,2.13659609471506e-06,3157491250,results/ebbi/SC5_HBD_MWPM_1x/results/sweep_4_exp_0_checkpoints.csv
0303030303030303030303030,0.0003488237569964,2.13659609471506e-06,3977837594,results/ebbi/SC5_HBD_MWPM_1x/results/sweep_4_exp_0_checkpoints.csv
0303030303030303030303030,0.0003488237569964,2.13659609471506e-06,5003101585,results/ebbi/SC5_HBD_MWPM_1x/results/sweep_4_exp_0_checkpoints.csv
0303030303030303030303030,0.0003488237569964,2.13659609471506e-06,6298808708,results/ebbi/SC5_HBD_MWPM_1x/results/sweep_4_exp_0_checkpoints.csv
0303030303030303030303030,0.0003488237569964,2.13659609471506e-06,7928898225,results/ebbi/SC5_HBD_MWPM_1x/results/sweep_4_exp_0_checkpoints.csv
0303030303030303030303030,0.0003488237569964,2.13659609471506e-06,9980566022,results/ebbi/SC5_HBD_MWPM_1x/results/sweep_4_exp_0_checkpoints.csv
0303030303030303030303030,0.0003488237569964,2.13659609471506e-06,12564878344,results/ebbi/SC5_HBD_MWPM_1x/results/sweep_4_exp_0_checkpoints.csv
0303030303030303030303030,0.0003488237569964,2.13659609471506e-06,15817560907,results/ebbi/SC5_HBD_MWPM_1x/results/sweep_4_exp_0_checkpoints.csv
0303030303030303030303030,0.0003488237569964,2.13659609471506e-06,19909454512,results/ebbi/SC5_HBD_MWPM_1x/results/sweep_4_exp_0_checkpoints.csv
0303030303030303030303030,0.0003488237569964,2.13659609471506e-06,25067031720,results/ebbi/SC5_HBD_MWPM_1x/results/sweep_4_exp_0_checkpoints.csv
0303030303030303030303030,0.0003488237569964,2.13659609471506e-06,31556022964,results/ebbi/SC5_HBD_MWPM_1x/results/sweep_4_exp_0_checkpoints.csv
0303030303030303030303030,0.0003488237569964,2.13659609471506e-06,39724817220,results/ebbi/SC5_HBD_MWPM_1x/results/sweep_4_exp_0_checkpoints.csv
0303030303030303030303030,0.0003488237569964,2.13659609471506e-06,50012747581,results/ebbi/SC5_HBD_MWPM_1x/results/sweep_4_exp_0_checkpoints.csv
0303030303030303030303030,0.0003488237569964,2.13659609471506e-06,62961927811,results/ebbi/SC5_HBD_MWPM_1x/results/sweep_4_exp_0_checkpoints.csv
0303030303030303030303030,0.0003488237569964,2.13659609471506e-06,79260455723,results/ebbi/SC5_HBD_MWPM_1x/results/sweep_4_exp_0_checkpoints.csv
0000002303022023330023323,0.0006776305708894,2.3555528969154693e-05,9420939,results/ebbi/SC5_HBD_MWPM_1x/results/sweep_20_exp_0_checkpoints.csv
0000002303022023330023323,0.0006776305708894,2.3555528969154693e-05,20461061,results/ebbi/SC5_HBD_MWPM_1x/results/sweep_20_exp_0_checkpoints.csv
0000002303022023330023323,0.0006776305708894,2.3555528969154693e-05,25723151,results/ebbi/SC5_HBD_MWPM_1x/results/sweep_20_exp_0_checkpoints.csv
0000002303022023330023323,0.0006776305708894,2.3555528969154693e-05,32142085,results/ebbi/SC5_HBD_MWPM_1x/results/sweep_20_exp_0_checkpoints.csv
0000302303020020330023323,0.0006738902977531,2.0652463717851788e-05,38587869,results/ebbi/SC5_HBD_MWPM_1x/results/sweep_20_exp_0_checkpoints.csv
0000302303020020330023323,0.0006738902977531,2.0652463717851788e-05,47248816,results/ebbi/SC5_HBD_MWPM_1x/results/sweep_20_exp_0_checkpoints.csv
0000302303020020330023323,0.0006738902977531,2.0652463717851788e-05,61054154,results/ebbi/SC5_HBD_MWPM_1x/results/sweep_20_exp_0_checkpoints.csv
0000302303020020330023323,0.0006786762238691,1.3817088984069414e-05,78300594,results/ebbi/SC5_HBD_MWPM_1x/results/sweep_20_exp_0_checkpoints.csv
0000302303030023330023333,0.0005723780260593,1.869341758720111e-05,95142144,results/ebbi/SC5_HBD_MWPM_1x/results/sweep_20_exp_0_checkpoints.csv
0000302303030023030023333,0.0005488254264722,1.7848387869889848e-05,120638413,results/ebbi/SC5_HBD_MWPM_1x/results/sweep_20_exp_0_checkpoints.csv
0000302303030023030023333,0.0005505681202215,1.191779665532522e-05,150403754,results/ebbi/SC5_HBD_MWPM_1x/results/sweep_20_exp_0_checkpoints.csv
0000002303030033030023230,0.0005019862171067,1.583068114996422e-05,195593883,results/ebbi/SC5_HBD_MWPM_1x/results/sweep_20_exp_0_checkpoints.csv
0000003303030333030023230,0.0004916432421893,1.5212232028716244e-05,237164661,results/ebbi/SC5_HBD_MWPM_1x/results/sweep_20_exp_0_checkpoints.csv
3000003303030333030003230,0.0004772331027075,9.798533938010223e-06,304303232,results/ebbi/SC5_HBD_MWPM_1x/results/sweep_20_exp_0_checkpoints.csv
3000003303030333030003030,0.0004568758478083,9.339386451756582e-06,379554735,results/ebbi/SC5_HBD_MWPM_1x/results/sweep_20_exp_0_checkpoints.csv
3000003303030333030003030,0.0004550932627096,6.214105724211549e-06,475394845,results/ebbi/SC5_HBD_MWPM_1x/results/sweep_20_exp_0_checkpoints.csv
3300033303030333030203030,0.0004236674624102,8.689800779393408e-06,598305822,results/ebbi/SC5_HBD_MWPM_1x/results/sweep_20_exp_0_checkpoints.csv
3300033303030333030203030,0.0004218448257716,5.780732408311451e-06,749871203,results/ebbi/SC5_HBD_MWPM_1x/results/sweep_20_exp_0_checkpoints.csv
0300230303030333030203030,0.0003921179718311,8.144576895574573e-06,942994956,results/ebbi/SC5_HBD_MWPM_1x/results/sweep_20_exp_0_checkpoints.csv
0300030303030333030203030,0.0003969111583284,3.662305289253709e-06,1199463457,results/ebbi/SC5_HBD_MWPM_1x/results/sweep_20_exp_0_checkpoints.csv
0303030302030303030303030,0.0003735516290925,7.548554094682913e-06,1493257168,results/ebbi/SC5_HBD_MWPM_1x/results/sweep_20_exp_0_checkpoints.csv
0303230303030303030303030,0.0003578119965471,4.869686108577298e-06,1898903004,results/ebbi/SC5_HBD_MWPM_1x/results/sweep_20_exp_0_checkpoints.csv
0303230303030303030303030,0.0003578119965471,4.869686108577298e-06,2370105551,results/ebbi/SC5_HBD_MWPM_1x/results/sweep_20_exp_0_checkpoints.csv
0303030303030303030303030,0.0003568711077699,3.19304331242165e-06,3002214643,results/ebbi/SC5_HBD_MWPM_1x/results/sweep_20_exp_0_checkpoints.csv
0303030303030303030303030,0.0003542576928887,2.120889803336468e-06,3758219242,results/ebbi/SC5_HBD_MWPM_1x/results/sweep_20_exp_0_checkpoints.csv
0303030303030303030303030,0.0003542576928887,2.120889803336468e-06,4742027757,results/ebbi/SC5_HBD_MWPM_1x/results/sweep_20_exp_0_checkpoints.csv
0303030303030303030303030,0.0003542576928887,2.120889803336468e-06,5945934926,results/ebbi/SC5_HBD_MWPM_1x/results/sweep_20_exp_0_checkpoints.csv
0303030303030303030303030,0.0003542576928887,2.120889803336468e-06,7483604093,results/ebbi/SC5_HBD_MWPM_1x/results/sweep_20_exp_0_checkpoints.csv
0303030303030303030303030,0.0003542576928887,2.120889803336468e-06,9423733925,results/ebbi/SC5_HBD_MWPM_1x/results/sweep_20_exp_0_checkpoints.csv
0303030303030303030303030,0.0003542576928887,2.120889803336468e-06,11862098357,results/ebbi/SC5_HBD_MWPM_1x/results/sweep_20_exp_0_checkpoints.csv
0303030303030303030303030,0.0003542576928887,2.120889803336468e-06,14937235299,results/ebbi/SC5_HBD_MWPM_1x/results/sweep_20_exp_0_checkpoints.csv
0303030303030303030303030,0.0003542576928887,2.120889803336468e-06,18801282253,results/ebbi/SC5_HBD_MWPM_1x/results/sweep_20_exp_0_checkpoints.csv
0303030303030303030303030,0.0003542576928887,2.120889803336468e-06,23666937717,results/ebbi/SC5_HBD_MWPM_1x/results/sweep_20_exp_0_checkpoints.csv
0303030303030303030303030,0.0003542576928887,2.120889803336468e-06,29794182826,results/ebbi/SC5_HBD_MWPM_1x/results/sweep_20_exp_0_checkpoints.csv
0303030303030303030303030,0.0003542576928887,2.120889803336468e-06,37507185553,results/ebbi/SC5_HBD_MWPM_1x/results/sweep_20_exp_0_checkpoints.csv
0303030303030303030303030,0.0003542576928887,2.120889803336468e-06,47219485472,results/ebbi/SC5_HBD_MWPM_1x/results/sweep_20_exp_0_checkpoints.csv
0303030303030303030303030,0.0003542576928887,2.120889803336468e-06,59443205253,results/ebbi/SC5_HBD_MWPM_1x/results/sweep_20_exp_0_checkpoints.csv
0303030303030303030303030,0.0003542576928887,2.120889803336468e-06,74834912439,results/ebbi/SC5_HBD_MWPM_1x/results/sweep_20_exp_0_checkpoints.csv
0232320300300003023323000,0.0006336591631641,2.223002229584381e-05,10081362,results/ebbi/SC5_HBD_MWPM_1x/results/sweep_17_exp_0_checkpoints.csv
0232320300330003003320000,0.0006061543719317,1.870065534603782e-05,19701917,results/ebbi/SC5_HBD_MWPM_1x/results/sweep_17_exp_0_checkpoints.csv
0232320300330003003320000,0.0006061543719317,1.870065534603782e-05,20630042,results/ebbi/SC5_HBD_MWPM_1x/results/sweep_17_exp_0_checkpoints.csv
0232320300330003003320000,0.0006061543719317,1.870065534603782e-05,25903594,results/ebbi/SC5_HBD_MWPM_1x/results/sweep_17_exp_0_checkpoints.csv
0232320300330003023323000,0.0006090880534465,1.3392987966653893e-05,32601836,results/ebbi/SC5_HBD_MWPM_1x/results/sweep_17_exp_0_checkpoints.csv
0232320300330003023323000,0.0006090880534465,1.3392987966653893e-05,40936107,results/ebbi/SC5_HBD_MWPM_1x/results/sweep_17_exp_0_checkpoints.csv
3002320300030003003320000,0.0005540316580395,1.7166777979582548e-05,58415122,results/ebbi/SC5_HBD_MWPM_1x/results/sweep_17_exp_0_checkpoints.csv
3002320300030003003320000,0.0005540316580395,1.7166777979582548e-05,65197879,results/ebbi/SC5_HBD_MWPM_1x/results/sweep_17_exp_0_checkpoints.csv
0002320300330003003320000,0.0005631937774326,1.1752875252568629e-05,82244028,results/ebbi/SC5_HBD_MWPM_1x/results/sweep_17_exp_0_checkpoints.csv
0002300300030003003330000,0.0005454688377571,1.1145238204335328e-05,103398456,results/ebbi/SC5_HBD_MWPM_1x/results/sweep_17_exp_0_checkpoints.csv
0002300300330003000330000,0.000542713384985,1.0970448784064502e-05,131684498,results/ebbi/SC5_HBD_MWPM_1x/results/sweep_17_exp_0_checkpoints.csv
0002020300030003030330000,0.0004873796913827,1.5145767974900082e-05,161335388,results/ebbi/SC5_HBD_MWPM_1x/results/sweep_17_exp_0_checkpoints.csv
0000020300030203030300000,0.000460275777866,1.4235080016078427e-05,202880852,results/ebbi/SC5_HBD_MWPM_1x/results/sweep_17_exp_0_checkpoints.csv
0000030300030203030300000,0.0004456484480746,9.220450010616332e-06,257134174,results/ebbi/SC5_HBD_MWPM_1x/results/sweep_17_exp_0_checkpoints.csv
0000030300030203030300000,0.0004456484480746,9.220450010616332e-06,324130241,results/ebbi/SC5_HBD_MWPM_1x/results/sweep_17_exp_0_checkpoints.csv
0323030300030203030300000,0.0004067092458043,1.2651600627577864e-05,404827603,results/ebbi/SC5_HBD_MWPM_1x/results/sweep_17_exp_0_checkpoints.csv
3303030302030303030300000,0.000393813485672,8.224276825785637e-06,509696697,results/ebbi/SC5_HBD_MWPM_1x/results/sweep_17_exp_0_checkpoints.csv
3303030303030303030200030,0.0003863013050384,7.883818398113362e-06,636909207,results/ebbi/SC5_HBD_MWPM_1x/results/sweep_17_exp_0_checkpoints.csv
3303030303030323030000030,0.0003675781209845,1.1412488674977794e-05,802221984,results/ebbi/SC5_HBD_MWPM_1x/results/sweep_17_exp_0_checkpoints.csv
0303030303030303030200030,0.0003741121232588,5.050935214967467e-06,1008637508,results/ebbi/SC5_HBD_MWPM_1x/results/sweep_17_exp_0_checkpoints.csv
0303030303030303030200030,0.0003741121232588,5.050935214967467e-06,1277763036,results/ebbi/SC5_HBD_MWPM_1x/results/sweep_17_exp_0_checkpoints.csv
0303030303030303030003032,0.0003596074182305,7.374556844297331e-06,1599599675,results/ebbi/SC5_HBD_MWPM_1x/results/sweep_17_exp_0_checkpoints.csv
0303030303030303030303032,0.0003582876699912,4.850166533287847e-06,2014663637,results/ebbi/SC5_HBD_MWPM_1x/results/sweep_17_exp_0_checkpoints.csv
0303030303030303030303033,0.0003420095388922,7.120889677025843e-06,2535278978,results/ebbi/SC5_HBD_MWPM_1x/results/sweep_17_exp_0_checkpoints.csv
0303030303030303030303033,0.0003547205904463,3.2230952911049826e-06,3192203508,results/ebbi/SC5_HBD_MWPM_1x/results/sweep_17_exp_0_checkpoints.csv
0303030303030303030303000,0.0003538130463787,3.153838179059676e-06,4031117746,results/ebbi/SC5_HBD_MWPM_1x/results/sweep_17_exp_0_checkpoints.csv
0303030303030303030303000,0.0003538130463787,3.153838179059676e-06,5065780360,results/ebbi/SC5_HBD_MWPM_1x/results/sweep_17_exp_0_checkpoints.csv
0303030303030303030303030,0.0003521578046528,2.0965139810869005e-06,6363148536,results/ebbi/SC5_HBD_MWPM_1x/results/sweep_17_exp_0_checkpoints.csv
0303030303030303030303030,0.0003521578046528,2.0965139810869005e-06,8009409747,results/ebbi/SC5_HBD_MWPM_1x/results/sweep_17_exp_0_checkpoints.csv
0303030303030303030303030,0.0003521578046528,2.0965139810869005e-06,10083612317,results/ebbi/SC5_HBD_MWPM_1x/results/sweep_17_exp_0_checkpoints.csv
0303030303030303030303030,0.0003521578046528,2.0965139810869005e-06,12691809986,results/ebbi/SC5_HBD_MWPM_1x/results/sweep_17_exp_0_checkpoints.csv
0303030303030303030303030,0.0003521578046528,2.0965139810869005e-06,15978453063,results/ebbi/SC5_HBD_MWPM_1x/results/sweep_17_exp_0_checkpoints.csv
0303030303030303030303030,0.0003521578046528,2.0965139810869005e-06,20116432746,results/ebbi/SC5_HBD_MWPM_1x/results/sweep_17_exp_0_checkpoints.csv
0303030303030303030303030,0.0003521578046528,2.0965139810869005e-06,25325888736,results/ebbi/SC5_HBD_MWPM_1x/results/sweep_17_exp_0_checkpoints.csv
0303030303030303030303030,0.0003521578046528,2.0965139810869005e-06,31883197788,results/ebbi/SC5_HBD_MWPM_1x/results/sweep_17_exp_0_checkpoints.csv
0303030303030303030303030,0.0003521578046528,2.0965139810869005e-06,40135945482,results/ebbi/SC5_HBD_MWPM_1x/results/sweep_17_exp_0_checkpoints.csv
0303030303030303030303030,0.0003521578046528,2.0965139810869005e-06,50529481977,results/ebbi/SC5_HBD_MWPM_1x/results/sweep_17_exp_0_checkpoints.csv
0303030303030303030303030,0.0003521578046528,2.0965139810869005e-06,63611839782,results/ebbi/SC5_HBD_MWPM_1x/results/sweep_17_exp_0_checkpoints.csv
0303030303030303030303030,0.0003521578046528,2.0965139810869005e-06,80081337378,results/ebbi/SC5_HBD_MWPM_1x/results/sweep_17_exp_0_checkpoints.csv
3200200300320232000330002,0.0006876558206884,2.2812802853877656e-05,10217762,results/ebbi/SC5_HBD_MWPM_1x/results/sweep_11_exp_0_checkpoints.csv
3200200300320232000330003,0.0006680802451819,2.1611338524962772e-05,20197333,results/ebbi/SC5_HBD_MWPM_1x/results/sweep_11_exp_0_checkpoints.csv
3200200300320232000330003,0.0006680802451819,2.1611338524962772e-05,22595142,results/ebbi/SC5_HBD_MWPM_1x/results/sweep_11_exp_0_checkpoints.csv
3300220303320232000300302,0.0006243955070996,1.9738949049497023e-05,28275105,results/ebbi/SC5_HBD_MWPM_1x/results/sweep_11_exp_0_checkpoints.csv
3300220303320232000300302,0.0006243955070996,1.9738949049497023e-05,32490964,results/ebbi/SC5_HBD_MWPM_1x/results/sweep_11_exp_0_checkpoints.csv
3300220303020232000300302,0.0006006055957906,1.888353108370211e-05,41315187,results/ebbi/SC5_HBD_MWPM_1x/results/sweep_11_exp_0_checkpoints.csv
3300220303020232000300302,0.0006006055957906,1.888353108370211e-05,53108482,results/ebbi/SC5_HBD_MWPM_1x/results/sweep_11_exp_0_checkpoints.csv
3300220303020232000300302,0.0006006055957906,1.888353108370211e-05,65694781,results/ebbi/SC5_HBD_MWPM_1x/results/sweep_11_exp_0_checkpoints.csv
3300220303300232030300302,0.0005990081284329,1.2226085345901083e-05,84418354,results/ebbi/SC5_HBD_MWPM_1x/results/sweep_11_exp_0_checkpoints.csv
3300220303300232030300302,0.0005990081284329,1.2226085345901083e-05,107997456,results/ebbi/SC5_HBD_MWPM_1x/results/sweep_11_exp_0_checkpoints.csv
3300220303300232030300302,0.0005990081284329,1.2226085345901083e-05,131417909,results/ebbi/SC5_HBD_MWPM_1x/results/sweep_11_exp_0_checkpoints.csv
3300220303300232030300302,0.0006000348013526,8.157703632605262e-06,165007702,results/ebbi/SC5_HBD_MWPM_1x/results/sweep_11_exp_0_checkpoints.csv
0003220303300202030300002,0.0005414121816677,1.6964319001999684e-05,211348621,results/ebbi/SC5_HBD_MWPM_1x/results/sweep_11_exp_0_checkpoints.csv
0203020303330200030300002,0.0004744799237128,1.4816742805123797e-05,256781289,results/ebbi/SC5_HBD_MWPM_1x/results/sweep_11_exp_0_checkpoints.csv
0203020303330200030300002,0.0004754574657931,9.88799820333952e-06,323369636,results/ebbi/SC5_HBD_MWPM_1x/results/sweep_11_exp_0_checkpoints.csv
0203020303330202030300032,0.0004693975258358,9.569323992764112e-06,409716593,results/ebbi/SC5_HBD_MWPM_1x/results/sweep_11_exp_0_checkpoints.csv
0203020303330302030300032,0.0004390801682891,9.175410923489837e-06,512413776,results/ebbi/SC5_HBD_MWPM_1x/results/sweep_11_exp_0_checkpoints.csv
0203020303330302030300032,0.0004382064160239,6.110854883445427e-06,645701166,results/ebbi/SC5_HBD_MWPM_1x/results/sweep_11_exp_0_checkpoints.csv
0303030303230302030300022,0.0004116123918244,8.356860234925989e-06,817034205,results/ebbi/SC5_HBD_MWPM_1x/results/sweep_11_exp_0_checkpoints.csv
0303000303030302030300022,0.0003932299599757,1.2173597497167066e-05,1023768069,results/ebbi/SC5_HBD_MWPM_1x/results/sweep_11_exp_0_checkpoints.csv
0303000303030303030303032,0.0003785826784829,7.803106200299226e-06,1295052207,results/ebbi/SC5_HBD_MWPM_1x/results/sweep_11_exp_0_checkpoints.csv
0303000303030303030303032,0.0003714140470737,5.152603080205154e-06,1627184435,results/ebbi/SC5_HBD_MWPM_1x/results/sweep_11_exp_0_checkpoints.csv
0303030303030303030303030,0.0003503131086072,4.773399268742651e-06,2049919171,results/ebbi/SC5_HBD_MWPM_1x/results/sweep_11_exp_0_checkpoints.csv
0303030303030303030303030,0.0003503131086072,4.773399268742651e-06,2569055500,results/ebbi/SC5_HBD_MWPM_1x/results/sweep_11_exp_0_checkpoints.csv
0303030303030303030303030,0.0003503581338738,2.121647185049369e-06,3240970726,results/ebbi/SC5_HBD_MWPM_1x/results/sweep_11_exp_0_checkpoints.csv
0303030303030303030303030,0.0003503581338738,2.121647185049369e-06,4070675283,results/ebbi/SC5_HBD_MWPM_1x/results/sweep_11_exp_0_checkpoints.csv
0303030303030303030303030,0.0003503581338738,2.121647185049369e-06,5121408979,results/ebbi/SC5_HBD_MWPM_1x/results/sweep_11_exp_0_checkpoints.csv
0303030303030303030303030,0.0003503581338738,2.121647185049369e-06,6447255554,results/ebbi/SC5_HBD_MWPM_1x/results/sweep_11_exp_0_checkpoints.csv
0303030303030303030303030,0.0003503581338738,2.121647185049369e-06,8119095690,results/ebbi/SC5_HBD_MWPM_1x/results/sweep_11_exp_0_checkpoints.csv
0303030303030303030303030,0.0003503581338738,2.121647185049369e-06,10219370713,results/ebbi/SC5_HBD_MWPM_1x/results/sweep_11_exp_0_checkpoints.csv
0303030303030303030303030,0.0003503581338738,2.121647185049369e-06,12864650643,results/ebbi/SC5_HBD_MWPM_1x/results/sweep_11_exp_0_checkpoints.csv
0303030303030303030303030,0.0003503581338738,2.121647185049369e-06,16196635418,results/ebbi/SC5_HBD_MWPM_1x/results/sweep_11_exp_0_checkpoints.csv
0303030303030303030303030,0.0003503581338738,2.121647185049369e-06,20388290746,results/ebbi/SC5_HBD_MWPM_1x/results/sweep_11_exp_0_checkpoints.csv
0303030303030303030303030,0.0003503581338738,2.121647185049369e-06,25668338099,results/ebbi/SC5_HBD_MWPM_1x/results/sweep_11_exp_0_checkpoints.csv
0303030303030303030303030,0.0003503581338738,2.121647185049369e-06,32313444037,results/ebbi/SC5_HBD_MWPM_1x/results/sweep_11_exp_0_checkpoints.csv
0303030303030303030303030,0.0003503581338738,2.121647185049369e-06,40678284055,results/ebbi/SC5_HBD_MWPM_1x/results/sweep_11_exp_0_checkpoints.csv
0303030303030303030303030,0.0003503581338738,2.121647185049369e-06,51211851794,results/ebbi/SC5_HBD_MWPM_1x/results/sweep_11_exp_0_checkpoints.csv
0303030303030303030303030,0.0003503581338738,2.121647185049369e-06,64471606779,results/ebbi/SC5_HBD_MWPM_1x/results/sweep_11_exp_0_checkpoints.csv
0303030303030303030303030,0.0003503581338738,2.121647185049369e-06,81164149058,results/ebbi/SC5_HBD_MWPM_1x/results/sweep_11_exp_0_checkpoints.csv
0302033303020302332302003,0.0005632488649681,2.0008532374049537e-05,10265805,results/ebbi/SC5_HBD_MWPM_1x/results/sweep_9_exp_0_checkpoints.csv
0302033303020302332302000,0.0005047584139582,1.8626264136401005e-05,25506374,results/ebbi/SC5_HBD_MWPM_1x/results/sweep_9_exp_0_checkpoints.csv
0302033303020300032302000,0.000504771987563,1.574708949192427e-05,32562389,results/ebbi/SC5_HBD_MWPM_1x/results/sweep_9_exp_0_checkpoints.csv
0302033303020300032302000,0.000504771987563,1.574708949192427e-05,44628544,results/ebbi/SC5_HBD_MWPM_1x/results/sweep_9_exp_0_checkpoints.csv
0302033303020300032302000,0.000504771987563,1.574708949192427e-05,53221275,results/ebbi/SC5_HBD_MWPM_1x/results/sweep_9_exp_0_checkpoints.csv
0302033303000300032302000,0.0005032838681689,1.541802703286521e-05,64846240,results/ebbi/SC5_HBD_MWPM_1x/results/sweep_9_exp_0_checkpoints.csv
0302033333030300032303000,0.0004536777625637,1.4401011867448688e-05,97880987,results/ebbi/SC5_HBD_MWPM_1x/results/sweep_9_exp_0_checkpoints.csv
0302033333030300032303000,0.0004536777625637,1.4401011867448688e-05,102692473,results/ebbi/SC5_HBD_MWPM_1x/results/sweep_9_exp_0_checkpoints.csv
0300023303030300032302000,0.0004559849401959,1.3904235856898596e-05,129611823,results/ebbi/SC5_HBD_MWPM_1x/results/sweep_9_exp_0_checkpoints.csv
0302033303030300032302000,0.0004638565518275,6.560368547070539e-06,164051342,results/ebbi/SC5_HBD_MWPM_1x/results/sweep_9_exp_0_checkpoints.csv
0302033303030300032302000,0.0004638565518275,6.560368547070539e-06,211337478,results/ebbi/SC5_HBD_MWPM_1x/results/sweep_9_exp_0_checkpoints.csv
0302033303030300032302000,0.0004638565518275,6.560368547070539e-06,263508540,results/ebbi/SC5_HBD_MWPM_1x/results/sweep_9_exp_0_checkpoints.csv
0303030303030300032302000,0.0003863196906219,1.2472501111915337e-05,329424213,results/ebbi/SC5_HBD_MWPM_1x/results/sweep_9_exp_0_checkpoints.csv
0303030303030300032303000,0.0003882364737091,1.228087148774648e-05,409669938,results/ebbi/SC5_HBD_MWPM_1x/results/sweep_9_exp_0_checkpoints.csv
0303030303030300032303000,0.0003963977719508,8.27282292448217e-06,521758871,results/ebbi/SC5_HBD_MWPM_1x/results/sweep_9_exp_0_checkpoints.csv
0303030303030303032303000,0.0003861782955236,7.884594197093975e-06,648978755,results/ebbi/SC5_HBD_MWPM_1x/results/sweep_9_exp_0_checkpoints.csv
0303030303030303032303000,0.0003861782955236,7.884594197093975e-06,817624357,results/ebbi/SC5_HBD_MWPM_1x/results/sweep_9_exp_0_checkpoints.csv
0303030303030303033303000,0.0003771127206524,7.720493158558384e-06,1031417559,results/ebbi/SC5_HBD_MWPM_1x/results/sweep_9_exp_0_checkpoints.csv
0303030303030303030303000,0.0003675331843353,4.968928806192707e-06,1302002958,results/ebbi/SC5_HBD_MWPM_1x/results/sweep_9_exp_0_checkpoints.csv
0303030303030303030303030,0.000352726177654,4.8506226448807865e-06,1638992937,results/ebbi/SC5_HBD_MWPM_1x/results/sweep_9_exp_0_checkpoints.csv
0303030303030303030303030,0.0003536604089583,3.238026692997664e-06,2049724762,results/ebbi/SC5_HBD_MWPM_1x/results/sweep_9_exp_0_checkpoints.csv
0303030303030303030303030,0.0003536604089583,3.238026692997664e-06,2583551180,results/ebbi/SC5_HBD_MWPM_1x/results/sweep_9_exp_0_checkpoints.csv
0303030303030303030303030,0.0003523917587226,2.1548107724811416e-06,3249375587,results/ebbi/SC5_HBD_MWPM_1x/results/sweep_9_exp_0_checkpoints.csv
0303030303030303030303030,0.0003523917587226,2.1548107724811416e-06,4089357217,results/ebbi/SC5_HBD_MWPM_1x/results/sweep_9_exp_0_checkpoints.csv
0303030303030303030303030,0.0003523917587226,2.1548107724811416e-06,5145663914,results/ebbi/SC5_HBD_MWPM_1x/results/sweep_9_exp_0_checkpoints.csv
0303030303030303030303030,0.0003523917587226,2.1548107724811416e-06,6480119117,results/ebbi/SC5_HBD_MWPM_1x/results/sweep_9_exp_0_checkpoints.csv
0303030303030303030303030,0.0003523917587226,2.1548107724811416e-06,8155684105,results/ebbi/SC5_HBD_MWPM_1x/results/sweep_9_exp_0_checkpoints.csv
0303030303030303030303030,0.0003523917587226,2.1548107724811416e-06,10269065626,results/ebbi/SC5_HBD_MWPM_1x/results/sweep_9_exp_0_checkpoints.csv
0303030303030303030303030,0.0003523917587226,2.1548107724811416e-06,12925483287,results/ebbi/SC5_HBD_MWPM_1x/results/sweep_9_exp_0_checkpoints.csv
0303030303030303030303030,0.0003523917587226,2.1548107724811416e-06,16271942302,results/ebbi/SC5_HBD_MWPM_1x/results/sweep_9_exp_0_checkpoints.csv
0303030303030303030303030,0.0003523917587226,2.1548107724811416e-06,20483493892,results/ebbi/SC5_HBD_MWPM_1x/results/sweep_9_exp_0_checkpoints.csv
0303030303030303030303030,0.0003523917587226,2.1548107724811416e-06,25787655027,results/ebbi/SC5_HBD_MWPM_1x/results/sweep_9_exp_0_checkpoints.csv
0303030303030303030303030,0.0003523917587226,2.1548107724811416e-06,32463442766,results/ebbi/SC5_HBD_MWPM_1x/results/sweep_9_exp_0_checkpoints.csv
0303030303030303030303030,0.0003523917587226,2.1548107724811416e-06,40871074119,results/ebbi/SC5_HBD_MWPM_1x/results/sweep_9_exp_0_checkpoints.csv
0303030303030303030303030,0.0003523917587226,2.1548107724811416e-06,51451709655,results/ebbi/SC5_HBD_MWPM_1x/results/sweep_9_exp_0_checkpoints.csv
0303030303030303030303030,0.0003523917587226,2.1548107724811416e-06,64774610958,results/ebbi/SC5_HBD_MWPM_1x/results/sweep_9_exp_0_checkpoints.csv
0303030303030303030303030,0.0003523917587226,2.1548107724811416e-06,81547255212,results/ebbi/SC5_HBD_MWPM_1x/results/sweep_9_exp_0_checkpoints.csv
2202002332232303020000020,0.0007101982840956,2.2949287085793912e-05,9686367,results/ebbi/SC5_HBD_MWPM_1x/results/sweep_3_exp_0_checkpoints.csv
2202002332232303020000022,0.0006890853748937,2.1893016310059465e-05,14571385,results/ebbi/SC5_HBD_MWPM_1x/results/sweep_3_exp_0_checkpoints.csv
2202002332232303020000022,0.0006890853748937,2.1893016310059465e-05,17526245,results/ebbi/SC5_HBD_MWPM_1x/results/sweep_3_exp_0_checkpoints.csv
2202003332232303020000022,0.0006792988948177,2.117954682034906e-05,19827400,results/ebbi/SC5_HBD_MWPM_1x/results/sweep_3_exp_0_checkpoints.csv
2203002330232303020000022,0.0006340751215467,1.996515129576437e-05,26165790,results/ebbi/SC5_HBD_MWPM_1x/results/sweep_3_exp_0_checkpoints.csv
2003002330232303020000022,0.0006264429260767,1.9484763470245525e-05,34358104,results/ebbi/SC5_HBD_MWPM_1x/results/sweep_3_exp_0_checkpoints.csv
2003002330232303020000000,0.0006191800758466,1.9102390069747344e-05,41177060,results/ebbi/SC5_HBD_MWPM_1x/results/sweep_3_exp_0_checkpoints.csv
2003002330232303020000000,0.0006191800758466,1.9102390069747344e-05,49352966,results/ebbi/SC5_HBD_MWPM_1x/results/sweep_3_exp_0_checkpoints.csv
2003002330232303020000000,0.0006191800758466,1.9102390069747344e-05,62657200,results/ebbi/SC5_HBD_MWPM_1x/results/sweep_3_exp_0_checkpoints.csv
2003002330232303020000000,0.0006295329583567,1.2840891031373758e-05,78008901,results/ebbi/SC5_HBD_MWPM_1x/results/sweep_3_exp_0_checkpoints.csv
2003002330232303020000000,0.0006295329583567,1.2840891031373758e-05,101233199,results/ebbi/SC5_HBD_MWPM_1x/results/sweep_3_exp_0_checkpoints.csv
2003002330232303020000000,0.0006295329583567,1.2840891031373758e-05,124912040,results/ebbi/SC5_HBD_MWPM_1x/results/sweep_3_exp_0_checkpoints.csv
0003002333232303020002000,0.000572140605135,1.8132881450583227e-05,154868382,results/ebbi/SC5_HBD_MWPM_1x/results/sweep_3_exp_0_checkpoints.csv
0303000333032303030002000,0.0004640039106814,1.5027069821371695e-05,201585875,results/ebbi/SC5_HBD_MWPM_1x/results/sweep_3_exp_0_checkpoints.csv
0303000333030303030002030,0.0004017641384542,1.257719395653112e-05,247323590,results/ebbi/SC5_HBD_MWPM_1x/results/sweep_3_exp_0_checkpoints.csv
0303000333030303030002030,0.0004096420638677,8.466571671306156e-06,311226847,results/ebbi/SC5_HBD_MWPM_1x/results/sweep_3_exp_0_checkpoints.csv
0303000333030303030002030,0.0004096420638677,8.466571671306156e-06,387001357,results/ebbi/SC5_HBD_MWPM_1x/results/sweep_3_exp_0_checkpoints.csv
0303000333030303030002030,0.0004164111752248,5.690807029168354e-06,498355978,results/ebbi/SC5_HBD_MWPM_1x/results/sweep_3_exp_0_checkpoints.csv
0303000333030303030002030,0.0004164111752248,5.690807029168354e-06,613188841,results/ebbi/SC5_HBD_MWPM_1x/results/sweep_3_exp_0_checkpoints.csv
0303000323030303030303030,0.0003943328405142,8.093351425486617e-06,773090006,results/ebbi/SC5_HBD_MWPM_1x/results/sweep_3_exp_0_checkpoints.csv
0303020303030303030302030,0.0003825453152656,7.773244760755915e-06,973659889,results/ebbi/SC5_HBD_MWPM_1x/results/sweep_3_exp_0_checkpoints.csv
0303030303030303030303030,0.0003577996572129,4.918054401059635e-06,1221032575,results/ebbi/SC5_HBD_MWPM_1x/results/sweep_3_exp_0_checkpoints.csv
0303030303030303030303032,0.0003426568761602,1.0557735549809877e-05,1537892858,results/ebbi/SC5_HBD_MWPM_1x/results/sweep_3_exp_0_checkpoints.csv
0303030303030303030303030,0.0003530584837005,3.2569155337114357e-06,1940496847,results/ebbi/SC5_HBD_MWPM_1x/results/sweep_3_exp_0_checkpoints.csv
0303030303030303030303030,0.0003535961520788,2.172929043808836e-06,2447174473,results/ebbi/SC5_HBD_MWPM_1x/results/sweep_3_exp_0_checkpoints.csv
0303030303030303030303030,0.0003524043395929,1.446176952413225e-06,3063717352,results/ebbi/SC5_HBD_MWPM_1x/results/sweep_3_exp_0_checkpoints.csv
0303030303030303030303030,0.0003524043395929,1.446176952413225e-06,3862133313,results/ebbi/SC5_HBD_MWPM_1x/results/sweep_3_exp_0_checkpoints.csv
0303030303030303030303030,0.0003524043395929,1.446176952413225e-06,4857695824,results/ebbi/SC5_HBD_MWPM_1x/results/sweep_3_exp_0_checkpoints.csv
0303030303030303030303030,0.0003524043395929,1.446176952413225e-06,6113628843,results/ebbi/SC5_HBD_MWPM_1x/results/sweep_3_exp_0_checkpoints.csv
0303030303030303030303030,0.0003524043395929,1.446176952413225e-06,7694416235,results/ebbi/SC5_HBD_MWPM_1x/results/sweep_3_exp_0_checkpoints.csv
0303030303030303030303030,0.0003524043395929,1.446176952413225e-06,9691032263,results/ebbi/SC5_HBD_MWPM_1x/results/sweep_3_exp_0_checkpoints.csv
0303030303030303030303030,0.0003524043395929,1.446176952413225e-06,12196689211,results/ebbi/SC5_HBD_MWPM_1x/results/sweep_3_exp_0_checkpoints.csv
0303030303030303030303030,0.0003524043395929,1.446176952413225e-06,15354196481,results/ebbi/SC5_HBD_MWPM_1x/results/sweep_3_exp_0_checkpoints.csv
0303030303030303030303030,0.0003524043395929,1.446176952413225e-06,19327278781,results/ebbi/SC5_HBD_MWPM_1x/results/sweep_3_exp_0_checkpoints.csv
0303030303030303030303030,0.0003524043395929,1.446176952413225e-06,24332062791,results/ebbi/SC5_HBD_MWPM_1x/results/sweep_3_exp_0_checkpoints.csv
0303030303030303030303030,0.0003524043395929,1.446176952413225e-06,30631481331,results/ebbi/SC5_HBD_MWPM_1x/results/sweep_3_exp_0_checkpoints.csv
0303030303030303030303030,0.0003524043395929,1.446176952413225e-06,38564619343,results/ebbi/SC5_HBD_MWPM_1x/results/sweep_3_exp_0_checkpoints.csv
0303030303030303030303030,0.0003524043395929,1.446176952413225e-06,48547546385,results/ebbi/SC5_HBD_MWPM_1x/results/sweep_3_exp_0_checkpoints.csv
0303030303030303030303030,0.0003524043395929,1.446176952413225e-06,61118763031,results/ebbi/SC5_HBD_MWPM_1x/results/sweep_3_exp_0_checkpoints.csv
0303030303030303030303030,0.0003524043395929,1.446176952413225e-06,76943706349,results/ebbi/SC5_HBD_MWPM_1x/results/sweep_3_exp_0_checkpoints.csv
0303030303030303030303030,0.0003524043395929,1.446176952413225e-06,96863722281,results/ebbi/SC5_HBD_MWPM_1x/results/sweep_3_exp_0_checkpoints.csv
0303030303030303030303030,0.0003524043395929,1.446176952413225e-06,100000000000,results/ebbi/SC5_HBD_MWPM_1x/results/sweep_3_exp_0_checkpoints.csv
2320033303230223200320030,0.0005984488148757,2.081645834550727e-05,8447599,results/ebbi/SC5_HBD_MWPM_1x/results/sweep_5_exp_0_checkpoints.csv
2300233303230223220320030,0.0005816552687531,1.856541530287359e-05,23383820,results/ebbi/SC5_HBD_MWPM_1x/results/sweep_5_exp_0_checkpoints.csv
2300233303230023220320030,0.0005653460873954,1.756795791152399e-05,27048248,results/ebbi/SC5_HBD_MWPM_1x/results/sweep_5_exp_0_checkpoints.csv
2300233303230023220320030,0.0005653460873954,1.756795791152399e-05,34917315,results/ebbi/SC5_HBD_MWPM_1x/results/sweep_5_exp_0_checkpoints.csv
2300233303230023220320030,0.0005653460873954,1.756795791152399e-05,43348176,results/ebbi/SC5_HBD_MWPM_1x/results/sweep_5_exp_0_checkpoints.csv
2300233303230023220320030,0.0005653460873954,1.756795791152399e-05,55252681,results/ebbi/SC5_HBD_MWPM_1x/results/sweep_5_exp_0_checkpoints.csv
2300233303230023220320030,0.0005653460873954,1.756795791152399e-05,68708231,results/ebbi/SC5_HBD_MWPM_1x/results/sweep_5_exp_0_checkpoints.csv
2300233303230023220323030,0.000580964376759,1.1830817129521163e-05,88144717,results/ebbi/SC5_HBD_MWPM_1x/results/sweep_5_exp_0_checkpoints.csv
3300233303230003220323030,0.0005315989437223,1.668973891355563e-05,108111141,results/ebbi/SC5_HBD_MWPM_1x/results/sweep_5_exp_0_checkpoints.csv
3300233303230003230323030,0.0005113362276893,1.6109446733025834e-05,135134932,results/ebbi/SC5_HBD_MWPM_1x/results/sweep_5_exp_0_checkpoints.csv
3300233303230003230323030,0.0005025913810204,1.0647452654666267e-05,168561551,results/ebbi/SC5_HBD_MWPM_1x/results/sweep_5_exp_0_checkpoints.csv
3300233303230003230323030,0.0005025913810204,1.0647452654666267e-05,213197976,results/ebbi/SC5_HBD_MWPM_1x/results/sweep_5_exp_0_checkpoints.csv
3300233303230003230323030,0.0005078323332824,7.135198302421486e-06,273756060,results/ebbi/SC5_HBD_MWPM_1x/results/sweep_5_exp_0_checkpoints.csv
3300333303230003230323030,0.0005038436003266,6.804496479162481e-06,340073943,results/ebbi/SC5_HBD_MWPM_1x/results/sweep_5_exp_0_checkpoints.csv
3300233303230003230303030,0.000501560840967,6.752147328370484e-06,431241222,results/ebbi/SC5_HBD_MWPM_1x/results/sweep_5_exp_0_checkpoints.csv
0300233303230023030303030,0.0004553613004638,1.3969950487080496e-05,533509313,results/ebbi/SC5_HBD_MWPM_1x/results/sweep_5_exp_0_checkpoints.csv
0300233303230203030302030,0.0004462435852484,9.339361895399634e-06,671495205,results/ebbi/SC5_HBD_MWPM_1x/results/sweep_5_exp_0_checkpoints.csv
0300033303030003030303030,0.0004058014699926,1.2785292710759675e-05,846562846,results/ebbi/SC5_HBD_MWPM_1x/results/sweep_5_exp_0_checkpoints.csv
0303033302030003030303030,0.0004185603891821,5.583111942542018e-06,1077037141,results/ebbi/SC5_HBD_MWPM_1x/results/sweep_5_exp_0_checkpoints.csv
0003033303030303030303030,0.000381748302536,5.304117621562909e-06,1343584127,results/ebbi/SC5_HBD_MWPM_1x/results/sweep_5_exp_0_checkpoints.csv
0303033303030303030303030,0.000375366280687,5.074809450889006e-06,1701223360,results/ebbi/SC5_HBD_MWPM_1x/results/sweep_5_exp_0_checkpoints.csv
0303033303030303030303030,0.0003746265821612,3.3798728509282228e-06,2134029332,results/ebbi/SC5_HBD_MWPM_1x/results/sweep_5_exp_0_checkpoints.csv
0303033303030303030303030,0.0003723048621095,2.246258191007655e-06,2673411824,results/ebbi/SC5_HBD_MWPM_1x/results/sweep_5_exp_0_checkpoints.csv
0303030303030303030303030,0.0003596168300676,4.895605343335774e-06,3364989797,results/ebbi/SC5_HBD_MWPM_1x/results/sweep_5_exp_0_checkpoints.csv
0303030303030303030303030,0.0003518848186169,2.1523151190194767e-06,4236578411,results/ebbi/SC5_HBD_MWPM_1x/results/sweep_5_exp_0_checkpoints.csv
0303030303030303030303030,0.0003518848186169,2.1523151190194767e-06,5331628696,results/ebbi/SC5_HBD_MWPM_1x/results/sweep_5_exp_0_checkpoints.csv
0303030303030303030303030,0.0003518848186169,2.1523151190194767e-06,6713146715,results/ebbi/SC5_HBD_MWPM_1x/results/sweep_5_exp_0_checkpoints.csv
0303030303030303030303030,0.0003518848186169,2.1523151190194767e-06,8450288216,results/ebbi/SC5_HBD_MWPM_1x/results/sweep_5_exp_0_checkpoints.csv
0303030303030303030303030,0.0003518848186169,2.1523151190194767e-06,10637884916,results/ebbi/SC5_HBD_MWPM_1x/results/sweep_5_exp_0_checkpoints.csv
0303030303030303030303030,0.0003518848186169,2.1523151190194767e-06,13391498400,results/ebbi/SC5_HBD_MWPM_1x/results/sweep_5_exp_0_checkpoints.csv
0303030303030303030303030,0.0003518848186169,2.1523151190194767e-06,16857953505,results/ebbi/SC5_HBD_MWPM_1x/results/sweep_5_exp_0_checkpoints.csv
0303030303030303030303030,0.0003518848186169,2.1523151190194767e-06,21220915750,results/ebbi/SC5_HBD_MWPM_1x/results/sweep_5_exp_0_checkpoints.csv
0303030303030303030303030,0.0003518848186169,2.1523151190194767e-06,26716009346,results/ebbi/SC5_HBD_MWPM_1x/results/sweep_5_exp_0_checkpoints.csv
0303030303030303030303030,0.0003518848186169,2.1523151190194767e-06,33632872064,results/ebbi/SC5_HBD_MWPM_1x/results/sweep_5_exp_0_checkpoints.csv
0303030303030303030303030,0.0003518848186169,2.1523151190194767e-06,42339030731,results/ebbi/SC5_HBD_MWPM_1x/results/sweep_5_exp_0_checkpoints.csv
0303030303030303030303030,0.0003518848186169,2.1523151190194767e-06,53302993999,results/ebbi/SC5_HBD_MWPM_1x/results/sweep_5_exp_0_checkpoints.csv
0303030303030303030303030,0.0003518848186169,2.1523151190194767e-06,67104233072,results/ebbi/SC5_HBD_MWPM_1x/results/sweep_5_exp_0_checkpoints.csv
0303030303030303030303030,0.0003518848186169,2.1523151190194767e-06,84477410232,results/ebbi/SC5_HBD_MWPM_1x/results/sweep_5_exp_0_checkpoints.csv
0303030303030303030303030,0.0003518848186169,2.1523151190194767e-06,100000000000,results/ebbi/SC5_HBD_MWPM_1x/results/sweep_5_exp_0_checkpoints.csv
0203300333032223032330002,0.0006268499278041,2.1245534298941493e-05,9834156,results/ebbi/SC5_HBD_MWPM_1x/results/sweep_25_exp_0_checkpoints.csv
0303300333030223032330002,0.0005298442245757,1.7989679690799676e-05,23958271,results/ebbi/SC5_HBD_MWPM_1x/results/sweep_25_exp_0_checkpoints.csv
0203300333030223032300002,0.000528454288704,1.6250063708866946e-05,36740604,results/ebbi/SC5_HBD_MWPM_1x/results/sweep_25_exp_0_checkpoints.csv
0203300333030223032300002,0.000528454288704,1.6250063708866946e-05,42811430,results/ebbi/SC5_HBD_MWPM_1x/results/sweep_25_exp_0_checkpoints.csv
0303300333030223032330002,0.0005277396013841,1.196929588331841e-05,52448647,results/ebbi/SC5_HBD_MWPM_1x/results/sweep_25_exp_0_checkpoints.csv
0303300333030223032330002,0.0005277396013841,1.196929588331841e-05,63556623,results/ebbi/SC5_HBD_MWPM_1x/results/sweep_25_exp_0_checkpoints.csv
0303300333030223032330002,0.0005322364602617,8.01343958301004e-06,83406595,results/ebbi/SC5_HBD_MWPM_1x/results/sweep_25_exp_0_checkpoints.csv
0303330333030223032330002,0.0005292336317293,1.0682764695957305e-05,98775250,results/ebbi/SC5_HBD_MWPM_1x/results/sweep_25_exp_0_checkpoints.csv
0303330333030223032330002,0.0005292336317293,1.0682764695957305e-05,124074181,results/ebbi/SC5_HBD_MWPM_1x/results/sweep_25_exp_0_checkpoints.csv
0303300333030223033330002,0.0005307804411801,7.118991561583243e-06,156421470,results/ebbi/SC5_HBD_MWPM_1x/results/sweep_25_exp_0_checkpoints.csv
0303300333030223030330002,0.0005006005713162,1.0332812962587925e-05,198313173,results/ebbi/SC5_HBD_MWPM_1x/results/sweep_25_exp_0_checkpoints.csv
0303300333030223030330002,0.0005006005713162,1.0332812962587925e-05,247747652,results/ebbi/SC5_HBD_MWPM_1x/results/sweep_25_exp_0_checkpoints.csv
0303300333030223030330002,0.0005023551989827,6.900598691572668e-06,313512120,results/ebbi/SC5_HBD_MWPM_1x/results/sweep_25_exp_0_checkpoints.csv
0303300333030223030320002,0.0005001728866534,6.814891548856394e-06,395469154,results/ebbi/SC5_HBD_MWPM_1x/results/sweep_25_exp_0_checkpoints.csv
0303300333030223030330003,0.0004788975340296,9.812029929889832e-06,498931976,results/ebbi/SC5_HBD_MWPM_1x/results/sweep_25_exp_0_checkpoints.csv
0303300333030223030330033,0.0004659203909534,9.512307769909968e-06,622043863,results/ebbi/SC5_HBD_MWPM_1x/results/sweep_25_exp_0_checkpoints.csv
0202300333030323030333030,0.0004558394572121,6.137330274214037e-06,786842112,results/ebbi/SC5_HBD_MWPM_1x/results/sweep_25_exp_0_checkpoints.csv
0000330303030333030033033,0.0004057871173354,1.2835928828280885e-05,984347115,results/ebbi/SC5_HBD_MWPM_1x/results/sweep_25_exp_0_checkpoints.csv
0300330303030303030303033,0.0003835601245349,7.95485084381653e-06,1238736615,results/ebbi/SC5_HBD_MWPM_1x/results/sweep_25_exp_0_checkpoints.csv
3302030303030303030303033,0.0003545264942014,7.34176592231961e-06,1559076895,results/ebbi/SC5_HBD_MWPM_1x/results/sweep_25_exp_0_checkpoints.csv
0303030303030303030303033,0.0003435291889018,7.052314231259516e-06,1965016933,results/ebbi/SC5_HBD_MWPM_1x/results/sweep_25_exp_0_checkpoints.csv
0303030303030303030303033,0.0003435291889018,7.052314231259516e-06,2470877994,results/ebbi/SC5_HBD_MWPM_1x/results/sweep_25_exp_0_checkpoints.csv
0303030303030303030303030,0.0003531894512589,3.145781192870345e-06,3113247978,results/ebbi/SC5_HBD_MWPM_1x/results/sweep_25_exp_0_checkpoints.csv
0303030303030303030303030,0.0003517164013265,2.092810973408632e-06,3916016825,results/ebbi/SC5_HBD_MWPM_1x/results/sweep_25_exp_0_checkpoints.csv
0303030303030303030303030,0.0003517164013265,2.092810973408632e-06,4933506146,results/ebbi/SC5_HBD_MWPM_1x/results/sweep_25_exp_0_checkpoints.csv
0303030303030303030303030,0.0003517164013265,2.092810973408632e-06,6205624890,results/ebbi/SC5_HBD_MWPM_1x/results/sweep_25_exp_0_checkpoints.csv
0303030303030303030303030,0.0003517164013265,2.092810973408632e-06,7814356948,results/ebbi/SC5_HBD_MWPM_1x/results/sweep_25_exp_0_checkpoints.csv
0303030303030303030303030,0.0003517164013265,2.092810973408632e-06,9843167527,results/ebbi/SC5_HBD_MWPM_1x/results/sweep_25_exp_0_checkpoints.csv
0303030303030303030303030,0.0003517164013265,2.092810973408632e-06,12382004172,results/ebbi/SC5_HBD_MWPM_1x/results/sweep_25_exp_0_checkpoints.csv
0303030303030303030303030,0.0003517164013265,2.092810973408632e-06,15586815927,results/ebbi/SC5_HBD_MWPM_1x/results/sweep_25_exp_0_checkpoints.csv
0303030303030303030303030,0.0003517164013265,2.092810973408632e-06,19622242927,results/ebbi/SC5_HBD_MWPM_1x/results/sweep_25_exp_0_checkpoints.csv
0303030303030303030303030,0.0003517164013265,2.092810973408632e-06,24702567795,results/ebbi/SC5_HBD_MWPM_1x/results/sweep_25_exp_0_checkpoints.csv
0303030303030303030303030,0.0003517164013265,2.092810973408632e-06,31098442649,results/ebbi/SC5_HBD_MWPM_1x/results/sweep_25_exp_0_checkpoints.csv
0303030303030303030303030,0.0003517164013265,2.092810973408632e-06,39151226993,results/ebbi/SC5_HBD_MWPM_1x/results/sweep_25_exp_0_checkpoints.csv
0303030303030303030303030,0.0003517164013265,2.092810973408632e-06,49289682485,results/ebbi/SC5_HBD_MWPM_1x/results/sweep_25_exp_0_checkpoints.csv
0303030303030303030303030,0.0003517164013265,2.092810973408632e-06,62049613906,results/ebbi/SC5_HBD_MWPM_1x/results/sweep_25_exp_0_checkpoints.csv
0303030303030303030303030,0.0003517164013265,2.092810973408632e-06,78117079191,results/ebbi/SC5_HBD_MWPM_1x/results/sweep_25_exp_0_checkpoints.csv
0303030303030303030303030,0.0003517164013265,2.092810973408632e-06,98341745326,results/ebbi/SC5_HBD_MWPM_1x/results/sweep_25_exp_0_checkpoints.csv
0303030303030303030303030,0.0003517164013265,2.092810973408632e-06,100000000000,results/ebbi/SC5_HBD_MWPM_1x/results/sweep_25_exp_0_checkpoints.csv
0303333322030320203003022,0.0006167318900371,2.177083479182329e-05,9672914,results/ebbi/SC5_HBD_MWPM_1x/results/sweep_12_exp_0_checkpoints.csv
0303333302030320003003022,0.0005214024235472,1.7279809981118888e-05,24591275,results/ebbi/SC5_HBD_MWPM_1x/results/sweep_12_exp_0_checkpoints.csv
0303333302030330003003022,0.0005113548163231,1.65688634297112e-05,36446084,results/ebbi/SC5_HBD_MWPM_1x/results/sweep_12_exp_0_checkpoints.csv
0303333302030333003003022,0.0005085115746325,1.5933692338876426e-05,40429677,results/ebbi/SC5_HBD_MWPM_1x/results/sweep_12_exp_0_checkpoints.csv
0303333302030333003003022,0.0005085115746325,1.5933692338876426e-05,52709326,results/ebbi/SC5_HBD_MWPM_1x/results/sweep_12_exp_0_checkpoints.csv
0303333302030333003003022,0.0005085115746325,1.5933692338876426e-05,62090326,results/ebbi/SC5_HBD_MWPM_1x/results/sweep_12_exp_0_checkpoints.csv
0303333302030330003003022,0.0005154135877727,1.1089642612205353e-05,77080370,results/ebbi/SC5_HBD_MWPM_1x/results/sweep_12_exp_0_checkpoints.csv
0303333302030330003003022,0.0005154135877727,1.1089642612205353e-05,101368517,results/ebbi/SC5_HBD_MWPM_1x/results/sweep_12_exp_0_checkpoints.csv
0303333302030330003003022,0.0005154135877727,1.1089642612205353e-05,121878000,results/ebbi/SC5_HBD_MWPM_1x/results/sweep_12_exp_0_checkpoints.csv
0303333302030333003003022,0.0005190573758208,1.0731992006185465e-05,153685303,results/ebbi/SC5_HBD_MWPM_1x/results/sweep_12_exp_0_checkpoints.csv
0303333302030333003003022,0.0005140746434408,7.1202566687134095e-06,198250556,results/ebbi/SC5_HBD_MWPM_1x/results/sweep_12_exp_0_checkpoints.csv
2303333303030333003003022,0.0004940656036855,1.5192866158031393e-05,247647793,results/ebbi/SC5_HBD_MWPM_1x/results/sweep_12_exp_0_checkpoints.csv
2303333303030333033003032,0.0004695046725704,9.682867130322848e-06,307835178,results/ebbi/SC5_HBD_MWPM_1x/results/sweep_12_exp_0_checkpoints.csv
2303333303030333033303022,0.000467464989478,9.6040994321811e-06,385523539,results/ebbi/SC5_HBD_MWPM_1x/results/sweep_12_exp_0_checkpoints.csv
2303333303030333033003032,0.000471946656087,6.472003406088334e-06,486586270,results/ebbi/SC5_HBD_MWPM_1x/results/sweep_12_exp_0_checkpoints.csv
2303330303030333033000030,0.0004195468020482,8.738724318391178e-06,612835710,results/ebbi/SC5_HBD_MWPM_1x/results/sweep_12_exp_0_checkpoints.csv
2203330303030303033000030,0.0004263377464273,5.7308634495711885e-06,779895655,results/ebbi/SC5_HBD_MWPM_1x/results/sweep_12_exp_0_checkpoints.csv
2303330303030303033000030,0.0004266341425149,3.812069280684227e-06,971886672,results/ebbi/SC5_HBD_MWPM_1x/results/sweep_12_exp_0_checkpoints.csv
2303030303030303033300030,0.0003955219860639,8.070280273386743e-06,1219108620,results/ebbi/SC5_HBD_MWPM_1x/results/sweep_12_exp_0_checkpoints.csv
2303030303030323030300030,0.0003812609236248,5.177257662580814e-06,1537465863,results/ebbi/SC5_HBD_MWPM_1x/results/sweep_12_exp_0_checkpoints.csv
2333330303030303030303030,0.0003780339023275,5.094129392091418e-06,1935424008,results/ebbi/SC5_HBD_MWPM_1x/results/sweep_12_exp_0_checkpoints.csv
2303330303030303030303030,0.0003706479807319,3.3404503483325243e-06,2431579259,results/ebbi/SC5_HBD_MWPM_1x/results/sweep_12_exp_0_checkpoints.csv
2303330303030303030303030,0.0003706479807319,3.3404503483325243e-06,3073189894,results/ebbi/SC5_HBD_MWPM_1x/results/sweep_12_exp_0_checkpoints.csv
0303030303030303030300030,0.0003488381973651,7.210083822428714e-06,3851987257,results/ebbi/SC5_HBD_MWPM_1x/results/sweep_12_exp_0_checkpoints.csv
0303030303030303030303030,0.0003533987363101,3.1659126307204133e-06,4864983811,results/ebbi/SC5_HBD_MWPM_1x/results/sweep_12_exp_0_checkpoints.csv
0303030303030303030303030,0.0003538274763957,2.1118878521519946e-06,6109061841,results/ebbi/SC5_HBD_MWPM_1x/results/sweep_12_exp_0_checkpoints.csv
0303020303030303030303030,0.0003506273355725,4.699763849203009e-06,7685793996,results/ebbi/SC5_HBD_MWPM_1x/results/sweep_12_exp_0_checkpoints.csv
0303020303030303030303030,0.0003506273355725,4.699763849203009e-06,9673049142,results/ebbi/SC5_HBD_MWPM_1x/results/sweep_12_exp_0_checkpoints.csv
0303020303030303030303030,0.0003506273355725,4.699763849203009e-06,12180110197,results/ebbi/SC5_HBD_MWPM_1x/results/sweep_12_exp_0_checkpoints.csv
0303020303030303030303030,0.0003506273355725,4.699763849203009e-06,15332895421,results/ebbi/SC5_HBD_MWPM_1x/results/sweep_12_exp_0_checkpoints.csv
0303020303030303030303030,0.0003506273355725,4.699763849203009e-06,19300365917,results/ebbi/SC5_HBD_MWPM_1x/results/sweep_12_exp_0_checkpoints.csv
0303020303030303030303030,0.0003506273355725,4.699763849203009e-06,24300224994,results/ebbi/SC5_HBD_MWPM_1x/results/sweep_12_exp_0_checkpoints.csv
0303020303030303030303030,0.0003506273355725,4.699763849203009e-06,30589489897,results/ebbi/SC5_HBD_MWPM_1x/results/sweep_12_exp_0_checkpoints.csv
0303020303030303030303030,0.0003506273355725,4.699763849203009e-06,38510097621,results/ebbi/SC5_HBD_MWPM_1x/results/sweep_12_exp_0_checkpoints.csv
0303020303030303030303030,0.0003506273355725,4.699763849203009e-06,48483309043,results/ebbi/SC5_HBD_MWPM_1x/results/sweep_12_exp_0_checkpoints.csv
0303020303030303030303030,0.0003506273355725,4.699763849203009e-06,61033564996,results/ebbi/SC5_HBD_MWPM_1x/results/sweep_12_exp_0_checkpoints.csv
0303020303030303030303030,0.0003506273355725,4.699763849203009e-06,76835903888,results/ebbi/SC5_HBD_MWPM_1x/results/sweep_12_exp_0_checkpoints.csv
3002233202000300220002232,0.0007604232948236,2.3835791580495425e-05,9555703,results/ebbi/SC5_HBD_MWPM_1x/results/sweep_14_exp_0_checkpoints.csv
3302230202000300220002232,0.00066993522528,2.1890173229621723e-05,14370417,results/ebbi/SC5_HBD_MWPM_1x/results/sweep_14_exp_0_checkpoints.csv
3002230202000300020002232,0.0006253877835985,1.9633351257652976e-05,25679990,results/ebbi/SC5_HBD_MWPM_1x/results/sweep_14_exp_0_checkpoints.csv
0000230202000300330003232,0.000565548468204,1.8162891137762927e-05,31551306,results/ebbi/SC5_HBD_MWPM_1x/results/sweep_14_exp_0_checkpoints.csv
0000230202000300330303032,0.000519188288673,1.6769852663856e-05,43048647,results/ebbi/SC5_HBD_MWPM_1x/results/sweep_14_exp_0_checkpoints.csv
0000230202000300330303032,0.000519188288673,1.6769852663856e-05,55444944,results/ebbi/SC5_HBD_MWPM_1x/results/sweep_14_exp_0_checkpoints.csv
0000230202000300330303032,0.000519188288673,1.6769852663856e-05,60599154,results/ebbi/SC5_HBD_MWPM_1x/results/sweep_14_exp_0_checkpoints.csv
0000230202000300330303032,0.000519188288673,1.6769852663856e-05,77709011,results/ebbi/SC5_HBD_MWPM_1x/results/sweep_14_exp_0_checkpoints.csv
0000230202000300330303032,0.0005224403673702,1.1214849109819625e-05,96407862,results/ebbi/SC5_HBD_MWPM_1x/results/sweep_14_exp_0_checkpoints.csv
0200230203000303330303032,0.0004732133703423,1.4983267647039613e-05,130639639,results/ebbi/SC5_HBD_MWPM_1x/results/sweep_14_exp_0_checkpoints.csv
0200230203000303330303032,0.0004813879837374,1.00747165561188e-05,152123929,results/ebbi/SC5_HBD_MWPM_1x/results/sweep_14_exp_0_checkpoints.csv
0200230203000303330303032,0.0004813879837374,1.00747165561188e-05,196569194,results/ebbi/SC5_HBD_MWPM_1x/results/sweep_14_exp_0_checkpoints.csv
0200330203000303330303032,0.0004873207996486,6.618957286264049e-06,244908023,results/ebbi/SC5_HBD_MWPM_1x/results/sweep_14_exp_0_checkpoints.csv
0203330203000303330303032,0.0004861607627847,6.569942797796102e-06,310578892,results/ebbi/SC5_HBD_MWPM_1x/results/sweep_14_exp_0_checkpoints.csv
0203330203000303030303032,0.0004422747502649,1.397587311657844e-05,393536054,results/ebbi/SC5_HBD_MWPM_1x/results/sweep_14_exp_0_checkpoints.csv
0203030303030303030303032,0.0003729483157354,1.1821049156424124e-05,480448555,results/ebbi/SC5_HBD_MWPM_1x/results/sweep_14_exp_0_checkpoints.csv
0203030303030303030303032,0.0003775250923877,5.2859286370221525e-06,618258608,results/ebbi/SC5_HBD_MWPM_1x/results/sweep_14_exp_0_checkpoints.csv
0203330303030303030303032,0.0003708665233789,3.618960136009264e-06,761756184,results/ebbi/SC5_HBD_MWPM_1x/results/sweep_14_exp_0_checkpoints.csv
0203330303030303030303032,0.0003708665233789,3.618960136009264e-06,956218372,results/ebbi/SC5_HBD_MWPM_1x/results/sweep_14_exp_0_checkpoints.csv
0303330303030303030303032,0.0003710868818361,3.322875045341789e-06,1205385324,results/ebbi/SC5_HBD_MWPM_1x/results/sweep_14_exp_0_checkpoints.csv
0303330303030303030303032,0.0003710868818361,3.322875045341789e-06,1517246775,results/ebbi/SC5_HBD_MWPM_1x/results/sweep_14_exp_0_checkpoints.csv
0303330303030303030303030,0.0003451126216529,7.166863724705763e-06,1909524257,results/ebbi/SC5_HBD_MWPM_1x/results/sweep_14_exp_0_checkpoints.csv
0303030303030303030303030,0.0003494946556283,4.710904704552377e-06,2408632038,results/ebbi/SC5_HBD_MWPM_1x/results/sweep_14_exp_0_checkpoints.csv
0303030303030303030303030,0.0003496781865292,3.141427441732958e-06,3041129310,results/ebbi/SC5_HBD_MWPM_1x/results/sweep_14_exp_0_checkpoints.csv
0303030303030303030303030,0.0003496781865292,3.141427441732958e-06,3804215368,results/ebbi/SC5_HBD_MWPM_1x/results/sweep_14_exp_0_checkpoints.csv
0303030303030303030303030,0.0003496781865292,3.141427441732958e-06,4789409162,results/ebbi/SC5_HBD_MWPM_1x/results/sweep_14_exp_0_checkpoints.csv
0303030303030303030303030,0.0003496781865292,3.141427441732958e-06,6031693320,results/ebbi/SC5_HBD_MWPM_1x/results/sweep_14_exp_0_checkpoints.csv
0303030303030303030303030,0.0003496781865292,3.141427441732958e-06,7592258764,results/ebbi/SC5_HBD_MWPM_1x/results/sweep_14_exp_0_checkpoints.csv
0303030303030303030303030,0.0003496781865292,3.141427441732958e-06,9557686270,results/ebbi/SC5_HBD_MWPM_1x/results/sweep_14_exp_0_checkpoints.csv
0303030303030303030303030,0.0003496781865292,3.141427441732958e-06,12032607252,results/ebbi/SC5_HBD_MWPM_1x/results/sweep_14_exp_0_checkpoints.csv
0303030303030303030303030,0.0003496781865292,3.141427441732958e-06,15148947274,results/ebbi/SC5_HBD_MWPM_1x/results/sweep_14_exp_0_checkpoints.csv
0303030303030303030303030,0.0003496781865292,3.141427441732958e-06,19068507096,results/ebbi/SC5_HBD_MWPM_1x/results/sweep_14_exp_0_checkpoints.csv
0303030303030303030303030,0.0003496781865292,3.141427441732958e-06,24005820602,results/ebbi/SC5_HBD_MWPM_1x/results/sweep_14_exp_0_checkpoints.csv
0303030303030303030303030,0.0003496781865292,3.141427441732958e-06,30220777432,results/ebbi/SC5_HBD_MWPM_1x/results/sweep_14_exp_0_checkpoints.csv
0303030303030303030303030,0.0003496781865292,3.141427441732958e-06,38043789022,results/ebbi/SC5_HBD_MWPM_1x/results/sweep_14_exp_0_checkpoints.csv
0303030303030303030303030,0.0003496781865292,3.141427441732958e-06,47892878892,results/ebbi/SC5_HBD_MWPM_1x/results/sweep_14_exp_0_checkpoints.csv
0303030303030303030303030,0.0003496781865292,3.141427441732958e-06,60295291006,results/ebbi/SC5_HBD_MWPM_1x/results/sweep_14_exp_0_checkpoints.csv
0303030303030303030303030,0.0003496781865292,3.141427441732958e-06,75904580006,results/ebbi/SC5_HBD_MWPM_1x/results/sweep_14_exp_0_checkpoints.csv
0233300200020003200020300,0.000733662125639,2.429838241368998e-05,8451914,results/ebbi/SC5_HBD_MWPM_1x/results/sweep_23_exp_0_checkpoints.csv
0333300300020003200223300,0.0006080148833728,1.986753886740189e-05,20149236,results/ebbi/SC5_HBD_MWPM_1x/results/sweep_23_exp_0_checkpoints.csv
0333300300020003200223300,0.0006080148833728,1.986753886740189e-05,31421528,results/ebbi/SC5_HBD_MWPM_1x/results/sweep_23_exp_0_checkpoints.csv
0333300300020003200223300,0.0006080148833728,1.986753886740189e-05,34098775,results/ebbi/SC5_HBD_MWPM_1x/results/sweep_23_exp_0_checkpoints.csv
0333300300020003200023300,0.0006141879523467,1.3590840353572275e-05,44173520,results/ebbi/SC5_HBD_MWPM_1x/results/sweep_23_exp_0_checkpoints.csv
0333300300020003200023300,0.0006141879523467,1.3590840353572275e-05,54187345,results/ebbi/SC5_HBD_MWPM_1x/results/sweep_23_exp_0_checkpoints.csv
0333320300020303200223002,0.000580975498919,1.807096487027593e-05,68536695,results/ebbi/SC5_HBD_MWPM_1x/results/sweep_23_exp_0_checkpoints.csv
0323020300020303000023002,0.000556410641672,1.7182796000270173e-05,94514854,results/ebbi/SC5_HBD_MWPM_1x/results/sweep_23_exp_0_checkpoints.csv
0333020300020303000023002,0.0005392113048304,1.145652731793234e-05,112355890,results/ebbi/SC5_HBD_MWPM_1x/results/sweep_23_exp_0_checkpoints.csv
0332020300020303000033022,0.0005158141249231,1.623437310627196e-05,134413231,results/ebbi/SC5_HBD_MWPM_1x/results/sweep_23_exp_0_checkpoints.csv
0333000300020303000023002,0.0005378384247388,1.0858622772502711e-05,169652576,results/ebbi/SC5_HBD_MWPM_1x/results/sweep_23_exp_0_checkpoints.csv
0333020303020303000023022,0.0005116287417717,1.051565686793765e-05,213187599,results/ebbi/SC5_HBD_MWPM_1x/results/sweep_23_exp_0_checkpoints.csv
0333020303030303000033020,0.0004475016955438,1.3954067981103435e-05,268154038,results/ebbi/SC5_HBD_MWPM_1x/results/sweep_23_exp_0_checkpoints.csv
0333020303030303000033020,0.0004567885923965,9.398704605700914e-06,337241301,results/ebbi/SC5_HBD_MWPM_1x/results/sweep_23_exp_0_checkpoints.csv
0333020303030303000003020,0.0004250087278578,8.814291504677385e-06,423912580,results/ebbi/SC5_HBD_MWPM_1x/results/sweep_23_exp_0_checkpoints.csv
0333030303030303000303030,0.000394913485878,8.374259778065607e-06,534852910,results/ebbi/SC5_HBD_MWPM_1x/results/sweep_23_exp_0_checkpoints.csv
0333020303030303000303030,0.0003905328306277,7.907802682893816e-06,673692502,results/ebbi/SC5_HBD_MWPM_1x/results/sweep_23_exp_0_checkpoints.csv
0303030303030303000303030,0.0003801724049205,5.193710421735887e-06,863352108,results/ebbi/SC5_HBD_MWPM_1x/results/sweep_23_exp_0_checkpoints.csv
3303030303030303000303030,0.0003677669489134,7.518171059928136e-06,1066034015,results/ebbi/SC5_HBD_MWPM_1x/results/sweep_23_exp_0_checkpoints.csv
2303030303030303030300030,0.0003682407050417,4.969414021616103e-06,1353188082,results/ebbi/SC5_HBD_MWPM_1x/results/sweep_23_exp_0_checkpoints.csv
2303030303030303030300030,0.0003682407050417,4.969414021616103e-06,1695516353,results/ebbi/SC5_HBD_MWPM_1x/results/sweep_23_exp_0_checkpoints.csv
2303030303030303030303033,0.0003648169359258,3.2743669180490542e-06,2132495964,results/ebbi/SC5_HBD_MWPM_1x/results/sweep_23_exp_0_checkpoints.csv
2303030303030303030303033,0.0003648169359258,3.2743669180490542e-06,2703683027,results/ebbi/SC5_HBD_MWPM_1x/results/sweep_23_exp_0_checkpoints.csv
0303030303030303030303030,0.0003486158790604,4.7769690354471095e-06,3373874821,results/ebbi/SC5_HBD_MWPM_1x/results/sweep_23_exp_0_checkpoints.csv
0303030303030303030303030,0.0003524283023033,3.2020061553339474e-06,4239146990,results/ebbi/SC5_HBD_MWPM_1x/results/sweep_23_exp_0_checkpoints.csv
0303030303030303030303030,0.0003529780241107,2.136334387614625e-06,5334531095,results/ebbi/SC5_HBD_MWPM_1x/results/sweep_23_exp_0_checkpoints.csv
0303030303030303030303030,0.0003529780241107,2.136334387614625e-06,6714912581,results/ebbi/SC5_HBD_MWPM_1x/results/sweep_23_exp_0_checkpoints.csv
0303030303030303030303030,0.0003529780241107,2.136334387614625e-06,8452529061,results/ebbi/SC5_HBD_MWPM_1x/results/sweep_23_exp_0_checkpoints.csv
0303030303030303030303030,0.0003529780241107,2.136334387614625e-06,10641900429,results/ebbi/SC5_HBD_MWPM_1x/results/sweep_23_exp_0_checkpoints.csv
0303030303030303030303030,0.0003529780241107,2.136334387614625e-06,13396756188,results/ebbi/SC5_HBD_MWPM_1x/results/sweep_23_exp_0_checkpoints.csv
0303030303030303030303030,0.0003529780241107,2.136334387614625e-06,16864081432,results/ebbi/SC5_HBD_MWPM_1x/results/sweep_23_exp_0_checkpoints.csv
0303030303030303030303030,0.0003529780241107,2.136334387614625e-06,21232066506,results/ebbi/SC5_HBD_MWPM_1x/results/sweep_23_exp_0_checkpoints.csv
0303030303030303030303030,0.0003529780241107,2.136334387614625e-06,26727734004,results/ebbi/SC5_HBD_MWPM_1x/results/sweep_23_exp_0_checkpoints.csv
0303030303030303030303030,0.0003529780241107,2.136334387614625e-06,33651092025,results/ebbi/SC5_HBD_MWPM_1x/results/sweep_23_exp_0_checkpoints.csv
0303030303030303030303030,0.0003529780241107,2.136334387614625e-06,42362228518,results/ebbi/SC5_HBD_MWPM_1x/results/sweep_23_exp_0_checkpoints.csv
0303030303030303030303030,0.0003529780241107,2.136334387614625e-06,53330880803,results/ebbi/SC5_HBD_MWPM_1x/results/sweep_23_exp_0_checkpoints.csv
0303030303030303030303030,0.0003529780241107,2.136334387614625e-06,67136435574,results/ebbi/SC5_HBD_MWPM_1x/results/sweep_23_exp_0_checkpoints.csv
0303030303030303030303030,0.0003529780241107,2.136334387614625e-06,84521946963,results/ebbi/SC5_HBD_MWPM_1x/results/sweep_23_exp_0_checkpoints.csv
0303030303030303030303030,0.0003529780241107,2.136334387614625e-06,100000000000,results/ebbi/SC5_HBD_MWPM_1x/results/sweep_23_exp_0_checkpoints.csv
2322000332303330333220000,0.0007206160006987,2.459254756104201e-05,10551682,results/ebbi/SC5_HBD_MWPM_1x/results/sweep_18_exp_0_checkpoints.csv
2322000332303330333220000,0.0007206160006987,2.459254756104201e-05,17902508,results/ebbi/SC5_HBD_MWPM_1x/results/sweep_18_exp_0_checkpoints.csv
3303320323022232032233230,0.00069801682734,2.199961818405427e-05,21360823,results/ebbi/SC5_HBD_MWPM_1x/results/sweep_18_exp_0_checkpoints.csv
3303320323022232032233230,0.00069801682734,2.199961818405427e-05,26600085,results/ebbi/SC5_HBD_MWPM_1x/results/sweep_18_exp_0_checkpoints.csv
3303320323022232032233230,0.00069801682734,2.199961818405427e-05,34260689,results/ebbi/SC5_HBD_MWPM_1x/results/sweep_18_exp_0_checkpoints.csv
3303320323022232032233230,0.00069801682734,2.199961818405427e-05,44715011,results/ebbi/SC5_HBD_MWPM_1x/results/sweep_18_exp_0_checkpoints.csv
3303320323030232032230230,0.0006039586391572,1.973503640329e-05,61051114,results/ebbi/SC5_HBD_MWPM_1x/results/sweep_18_exp_0_checkpoints.csv
3003320323030232032230230,0.0005955078893276,1.851389424700756e-05,68556009,results/ebbi/SC5_HBD_MWPM_1x/results/sweep_18_exp_0_checkpoints.csv
3003320323030232032230230,0.0005955078893276,1.851389424700756e-05,84336406,results/ebbi/SC5_HBD_MWPM_1x/results/sweep_18_exp_0_checkpoints.csv
3003320323030232032230230,0.0006053631334107,1.244425311597297e-05,106234283,results/ebbi/SC5_HBD_MWPM_1x/results/sweep_18_exp_0_checkpoints.csv
3003330323030232032230200,0.0006054453676571,1.2283413525437936e-05,134780041,results/ebbi/SC5_HBD_MWPM_1x/results/sweep_18_exp_0_checkpoints.csv
0003320323030332032230230,0.0005337981073934,1.7073150957003236e-05,168071482,results/ebbi/SC5_HBD_MWPM_1x/results/sweep_18_exp_0_checkpoints.csv
0003320323030332032230230,0.0005427224561068,1.1476807230792474e-05,217244072,results/ebbi/SC5_HBD_MWPM_1x/results/sweep_18_exp_0_checkpoints.csv
0003320323030332032200230,0.0005375337582409,7.50218850953388e-06,269075610,results/ebbi/SC5_HBD_MWPM_1x/results/sweep_18_exp_0_checkpoints.csv
0003300333030332032230230,0.0005371678164374,7.495621503039729e-06,333842656,results/ebbi/SC5_HBD_MWPM_1x/results/sweep_18_exp_0_checkpoints.csv
0003320323030332032200030,0.0005304944500271,7.136382009775844e-06,427494543,results/ebbi/SC5_HBD_MWPM_1x/results/sweep_18_exp_0_checkpoints.csv
0003330333030333332200030,0.0004796109574373,1.492605315434048e-05,529063440,results/ebbi/SC5_HBD_MWPM_1x/results/sweep_18_exp_0_checkpoints.csv
0303330303030333332200030,0.0004372882011106,9.380863957630936e-06,668324162,results/ebbi/SC5_HBD_MWPM_1x/results/sweep_18_exp_0_checkpoints.csv
0303230303030333030200030,0.0003882093870155,1.2064559996360911e-05,841462941,results/ebbi/SC5_HBD_MWPM_1x/results/sweep_18_exp_0_checkpoints.csv
0303230303030333030200030,0.0003745815963577,7.900662239990197e-06,1056722303,results/ebbi/SC5_HBD_MWPM_1x/results/sweep_18_exp_0_checkpoints.csv
0303030303030303030300030,0.0003562125114124,7.414945685013663e-06,1333921592,results/ebbi/SC5_HBD_MWPM_1x/results/sweep_18_exp_0_checkpoints.csv
0303030303030303030300030,0.000355200367388,4.9362724894308485e-06,1675981231,results/ebbi/SC5_HBD_MWPM_1x/results/sweep_18_exp_0_checkpoints.csv
0303030303030303030303030,0.0003515353616872,4.763581273437012e-06,2106578340,results/ebbi/SC5_HBD_MWPM_1x/results/sweep_18_exp_0_checkpoints.csv
3303030303030303030303030,0.0003519513000185,3.1075012429937487e-06,2653451773,results/ebbi/SC5_HBD_MWPM_1x/results/sweep_18_exp_0_checkpoints.csv
3303030303030303030303030,0.0003519513000185,3.1075012429937487e-06,3345306546,results/ebbi/SC5_HBD_MWPM_1x/results/sweep_18_exp_0_checkpoints.csv
3303030303030303030303030,0.0003519513000185,3.1075012429937487e-06,4202676053,results/ebbi/SC5_HBD_MWPM_1x/results/sweep_18_exp_0_checkpoints.csv
3303030303030303030303030,0.0003519513000185,3.1075012429937487e-06,5288702968,results/ebbi/SC5_HBD_MWPM_1x/results/sweep_18_exp_0_checkpoints.csv
3303030303030303030303030,0.0003519513000185,3.1075012429937487e-06,6660789958,results/ebbi/SC5_HBD_MWPM_1x/results/sweep_18_exp_0_checkpoints.csv
3303030303030303030303030,0.0003519513000185,3.1075012429937487e-06,8381515900,results/ebbi/SC5_HBD_MWPM_1x/results/sweep_18_exp_0_checkpoints.csv
3303030303030303030303030,0.0003519513000185,3.1075012429937487e-06,10553770868,results/ebbi/SC5_HBD_MWPM_1x/results/sweep_18_exp_0_checkpoints.csv
3303030303030303030303030,0.0003519513000185,3.1075012429937487e-06,13284413563,results/ebbi/SC5_HBD_MWPM_1x/results/sweep_18_exp_0_checkpoints.csv
3303030303030303030303030,0.0003519513000185,3.1075012429937487e-06,16724147569,results/ebbi/SC5_HBD_MWPM_1x/results/sweep_18_exp_0_checkpoints.csv
3303030303030303030303030,0.0003519513000185,3.1075012429937487e-06,21053930256,results/ebbi/SC5_HBD_MWPM_1x/results/sweep_18_exp_0_checkpoints.csv
3303030303030303030303030,0.0003519513000185,3.1075012429937487e-06,26506511965,results/ebbi/SC5_HBD_MWPM_1x/results/sweep_18_exp_0_checkpoints.csv
3303030303030303030303030,0.0003519513000185,3.1075012429937487e-06,33369344538,results/ebbi/SC5_HBD_MWPM_1x/results/sweep_18_exp_0_checkpoints.csv
3303030303030303030303030,0.0003519513000185,3.1075012429937487e-06,42007479537,results/ebbi/SC5_HBD_MWPM_1x/results/sweep_18_exp_0_checkpoints.csv
3303030303030303030303030,0.0003519513000185,3.1075012429937487e-06,52884166962,results/ebbi/SC5_HBD_MWPM_1x/results/sweep_18_exp_0_checkpoints.csv
3303030303030303030303030,0.0003519513000185,3.1075012429937487e-06,66578713952,results/ebbi/SC5_HBD_MWPM_1x/results/sweep_18_exp_0_checkpoints.csv
3303030303030303030303030,0.0003519513000185,3.1075012429937487e-06,83816820142,results/ebbi/SC5_HBD_MWPM_1x/results/sweep_18_exp_0_checkpoints.csv
3300332023020322230000003,0.0006957280148154,2.2330699721351263e-05,9819941,results/ebbi/SC5_HBD_MWPM_1x/results/sweep_6_exp_0_checkpoints.csv
3300333023020302232000003,0.0006796033140146,2.1261546862660907e-05,22743363,results/ebbi/SC5_HBD_MWPM_1x/results/sweep_6_exp_0_checkpoints.csv
3300333023020302232000003,0.0006796033140146,2.1261546862660907e-05,25110506,results/ebbi/SC5_HBD_MWPM_1x/results/sweep_6_exp_0_checkpoints.csv
3300333023020302232000003,0.0006796033140146,2.1261546862660907e-05,32059394,results/ebbi/SC5_HBD_MWPM_1x/results/sweep_6_exp_0_checkpoints.csv
3300333023020302232000003,0.0006796033140146,2.1261546862660907e-05,39343886,results/ebbi/SC5_HBD_MWPM_1x/results/sweep_6_exp_0_checkpoints.csv
3300332023020322230000003,0.0006927002526937,1.4854736036795655e-05,51033215,results/ebbi/SC5_HBD_MWPM_1x/results/sweep_6_exp_0_checkpoints.csv
3300332023020322230000003,0.0006927002526937,1.4854736036795655e-05,64518504,results/ebbi/SC5_HBD_MWPM_1x/results/sweep_6_exp_0_checkpoints.csv
3300030003020322230003003,0.0005518952935267,1.805357533157803e-05,82579979,results/ebbi/SC5_HBD_MWPM_1x/results/sweep_6_exp_0_checkpoints.csv
3300030003030320230003023,0.0004822319005238,1.560089185659308e-05,102200969,results/ebbi/SC5_HBD_MWPM_1x/results/sweep_6_exp_0_checkpoints.csv
3300030003030320230003023,0.0004822319005238,1.560089185659308e-05,124737905,results/ebbi/SC5_HBD_MWPM_1x/results/sweep_6_exp_0_checkpoints.csv
3300030303030320230303023,0.0004719594249355,1.4540785741701256e-05,157864019,results/ebbi/SC5_HBD_MWPM_1x/results/sweep_6_exp_0_checkpoints.csv
3300030303030322230300023,0.000465045985864,9.423984920431394e-06,197797474,results/ebbi/SC5_HBD_MWPM_1x/results/sweep_6_exp_0_checkpoints.csv
3300030303030322030300023,0.0004326513124456,1.3477996617439205e-05,250446558,results/ebbi/SC5_HBD_MWPM_1x/results/sweep_6_exp_0_checkpoints.csv
3300030303030302030300023,0.0004097170000794,8.747332685743459e-06,311447324,results/ebbi/SC5_HBD_MWPM_1x/results/sweep_6_exp_0_checkpoints.csv
3303030303030302030300023,0.0004035351362845,8.244055607065093e-06,393580503,results/ebbi/SC5_HBD_MWPM_1x/results/sweep_6_exp_0_checkpoints.csv
3303030303030302030300023,0.0004035351362845,8.244055607065093e-06,492557296,results/ebbi/SC5_HBD_MWPM_1x/results/sweep_6_exp_0_checkpoints.csv
3303030303030302030300023,0.0004078223715657,5.525144388229819e-06,626574547,results/ebbi/SC5_HBD_MWPM_1x/results/sweep_6_exp_0_checkpoints.csv
3303030303030303030303023,0.000386389459567,7.900444870756473e-06,781976851,results/ebbi/SC5_HBD_MWPM_1x/results/sweep_6_exp_0_checkpoints.csv
0303330303030303030303023,0.000382756195963,7.712497790635098e-06,987040640,results/ebbi/SC5_HBD_MWPM_1x/results/sweep_6_exp_0_checkpoints.csv
0303030303030303030303023,0.0003711500998248,5.05071102452348e-06,1238137847,results/ebbi/SC5_HBD_MWPM_1x/results/sweep_6_exp_0_checkpoints.csv
0303030303030303030300023,0.0003543297465931,1.0964286047965288e-05,1576786446,results/ebbi/SC5_HBD_MWPM_1x/results/sweep_6_exp_0_checkpoints.csv
0303030303030303030303000,0.0003443067855998,7.122530860215193e-06,1960127832,results/ebbi/SC5_HBD_MWPM_1x/results/sweep_6_exp_0_checkpoints.csv
0303030303030303030303030,0.0003518764812329,3.1318527362600435e-06,2469212592,results/ebbi/SC5_HBD_MWPM_1x/results/sweep_6_exp_0_checkpoints.csv
0303030303030303030303030,0.0003518764812329,3.1318527362600435e-06,3113801089,results/ebbi/SC5_HBD_MWPM_1x/results/sweep_6_exp_0_checkpoints.csv
0303030303030303030303030,0.0003518764812329,3.1318527362600435e-06,3913373022,results/ebbi/SC5_HBD_MWPM_1x/results/sweep_6_exp_0_checkpoints.csv
0303030303030303030303030,0.0003518764812329,3.1318527362600435e-06,4921953731,results/ebbi/SC5_HBD_MWPM_1x/results/sweep_6_exp_0_checkpoints.csv
0303030303030303030303030,0.0003518764812329,3.1318527362600435e-06,6205293344,results/ebbi/SC5_HBD_MWPM_1x/results/sweep_6_exp_0_checkpoints.csv
0303030303030303030303030,0.0003518764812329,3.1318527362600435e-06,7803866274,results/ebbi/SC5_HBD_MWPM_1x/results/sweep_6_exp_0_checkpoints.csv
0303030303030303030303030,0.0003518764812329,3.1318527362600435e-06,9823041329,results/ebbi/SC5_HBD_MWPM_1x/results/sweep_6_exp_0_checkpoints.csv
0303030303030303030303030,0.0003518764812329,3.1318527362600435e-06,12363346308,results/ebbi/SC5_HBD_MWPM_1x/results/sweep_6_exp_0_checkpoints.csv
0303030303030303030303030,0.0003518764812329,3.1318527362600435e-06,15565526648,results/ebbi/SC5_HBD_MWPM_1x/results/sweep_6_exp_0_checkpoints.csv
0303030303030303030303030,0.0003518764812329,3.1318527362600435e-06,19594881252,results/ebbi/SC5_HBD_MWPM_1x/results/sweep_6_exp_0_checkpoints.csv
0303030303030303030303030,0.0003518764812329,3.1318527362600435e-06,24669749518,results/ebbi/SC5_HBD_MWPM_1x/results/sweep_6_exp_0_checkpoints.csv
0303030303030303030303030,0.0003518764812329,3.1318527362600435e-06,31055833416,results/ebbi/SC5_HBD_MWPM_1x/results/sweep_6_exp_0_checkpoints.csv
0303030303030303030303030,0.0003518764812329,3.1318527362600435e-06,39095332327,results/ebbi/SC5_HBD_MWPM_1x/results/sweep_6_exp_0_checkpoints.csv
0303030303030303030303030,0.0003518764812329,3.1318527362600435e-06,49218341483,results/ebbi/SC5_HBD_MWPM_1x/results/sweep_6_exp_0_checkpoints.csv
0303030303030303030303030,0.0003518764812329,3.1318527362600435e-06,61961079674,results/ebbi/SC5_HBD_MWPM_1x/results/sweep_6_exp_0_checkpoints.csv
0303030303030303030303030,0.0003518764812329,3.1318527362600435e-06,78003032524,results/ebbi/SC5_HBD_MWPM_1x/results/sweep_6_exp_0_checkpoints.csv
0302333023302323032030303,0.0007757371535813,2.5105664462898855e-05,9576101,results/ebbi/SC5_HBD_MWPM_1x/results/sweep_13_exp_0_checkpoints.csv
0302333023302323032030323,0.0007720286371353,2.3941853214637376e-05,13041406,results/ebbi/SC5_HBD_MWPM_1x/results/sweep_13_exp_0_checkpoints.csv
0302333023302323032030323,0.0007720286371353,2.3941853214637376e-05,15295010,results/ebbi/SC5_HBD_MWPM_1x/results/sweep_13_exp_0_checkpoints.csv
0302333023302323032030323,0.0007720286371353,2.3941853214637376e-05,19915052,results/ebbi/SC5_HBD_MWPM_1x/results/sweep_13_exp_0_checkpoints.csv
0302333023002323032030322,0.0007075569180501,2.2255986550590023e-05,26131144,results/ebbi/SC5_HBD_MWPM_1x/results/sweep_13_exp_0_checkpoints.csv
0302333023002323032030303,0.0007069177634923,2.195509478042368e-05,32196993,results/ebbi/SC5_HBD_MWPM_1x/results/sweep_13_exp_0_checkpoints.csv
0302333023002323033230303,0.0006808774600275,2.1280562577885576e-05,40519289,results/ebbi/SC5_HBD_MWPM_1x/results/sweep_13_exp_0_checkpoints.csv
0302333023002323033230303,0.0006808774600275,2.1280562577885576e-05,49802732,results/ebbi/SC5_HBD_MWPM_1x/results/sweep_13_exp_0_checkpoints.csv
0302333023002323033230303,0.0006808774600275,2.1280562577885576e-05,60462813,results/ebbi/SC5_HBD_MWPM_1x/results/sweep_13_exp_0_checkpoints.csv
0302333023002323033230303,0.0006969257469396,1.43531560752308e-05,79931510,results/ebbi/SC5_HBD_MWPM_1x/results/sweep_13_exp_0_checkpoints.csv
0302333023002323033230303,0.0006969257469396,1.43531560752308e-05,96722038,results/ebbi/SC5_HBD_MWPM_1x/results/sweep_13_exp_0_checkpoints.csv
0302333023002303032030303,0.0007122215717741,9.524280358164106e-06,122902289,results/ebbi/SC5_HBD_MWPM_1x/results/sweep_13_exp_0_checkpoints.csv
0302333023002303032030303,0.0007122215717741,9.524280358164106e-06,159899384,results/ebbi/SC5_HBD_MWPM_1x/results/sweep_13_exp_0_checkpoints.csv
0302333023002303032030303,0.0007122215717741,9.524280358164106e-06,196934962,results/ebbi/SC5_HBD_MWPM_1x/results/sweep_13_exp_0_checkpoints.csv
0302333023002303032030303,0.000707066833337,6.3265183598559815e-06,241078801,results/ebbi/SC5_HBD_MWPM_1x/results/sweep_13_exp_0_checkpoints.csv
0302330023002303032023303,0.0006331887682828,1.3303239029482938e-05,305701658,results/ebbi/SC5_HBD_MWPM_1x/results/sweep_13_exp_0_checkpoints.csv
0302330323000303032033200,0.00052528578249,1.719256215437781e-05,389860733,results/ebbi/SC5_HBD_MWPM_1x/results/sweep_13_exp_0_checkpoints.csv
0302330323000303032033200,0.0005242227178358,1.1450116289779544e-05,479954351,results/ebbi/SC5_HBD_MWPM_1x/results/sweep_13_exp_0_checkpoints.csv
0302330303030303032003200,0.0004068448001369,1.3000168110011144e-05,610830017,results/ebbi/SC5_HBD_MWPM_1x/results/sweep_13_exp_0_checkpoints.csv
0302030303030303030003200,0.0004085320439188,8.402441380894743e-06,761177935,results/ebbi/SC5_HBD_MWPM_1x/results/sweep_13_exp_0_checkpoints.csv
3303030303030303030303200,0.0003870222479491,7.860951882321388e-06,961753565,results/ebbi/SC5_HBD_MWPM_1x/results/sweep_13_exp_0_checkpoints.csv
0303030303030303030300300,0.0003782178318703,5.067692200100282e-06,1206407661,results/ebbi/SC5_HBD_MWPM_1x/results/sweep_13_exp_0_checkpoints.csv
0303030303030303030300300,0.0003782178318703,5.067692200100282e-06,1521339076,results/ebbi/SC5_HBD_MWPM_1x/results/sweep_13_exp_0_checkpoints.csv
0303030303030303030300000,0.0003750263211464,3.364627445989754e-06,1925026391,results/ebbi/SC5_HBD_MWPM_1x/results/sweep_13_exp_0_checkpoints.csv
0303030303030303030303000,0.0003659069180014,4.952836206939537e-06,2407035322,results/ebbi/SC5_HBD_MWPM_1x/results/sweep_13_exp_0_checkpoints.csv
0003030303030303030303030,0.0003580721340418,3.2277871468977537e-06,3031948654,results/ebbi/SC5_HBD_MWPM_1x/results/sweep_13_exp_0_checkpoints.csv
0303030303030303030303030,0.0003475035334568,4.728978183266008e-06,3813184971,results/ebbi/SC5_HBD_MWPM_1x/results/sweep_13_exp_0_checkpoints.csv
0303030303030303030303030,0.0003475035334568,4.728978183266008e-06,4801781632,results/ebbi/SC5_HBD_MWPM_1x/results/sweep_13_exp_0_checkpoints.csv
0303030303030303030303030,0.0003475035334568,4.728978183266008e-06,6046115858,results/ebbi/SC5_HBD_MWPM_1x/results/sweep_13_exp_0_checkpoints.csv
0303030303030303030303030,0.0003475035334568,4.728978183266008e-06,7609294958,results/ebbi/SC5_HBD_MWPM_1x/results/sweep_13_exp_0_checkpoints.csv
0303030303030303030303030,0.0003475035334568,4.728978183266008e-06,9579563382,results/ebbi/SC5_HBD_MWPM_1x/results/sweep_13_exp_0_checkpoints.csv
0303030303030303030303030,0.0003475035334568,4.728978183266008e-06,12057413913,results/ebbi/SC5_HBD_MWPM_1x/results/sweep_13_exp_0_checkpoints.csv
0303030303030303030303030,0.0003475035334568,4.728978183266008e-06,15181513151,results/ebbi/SC5_HBD_MWPM_1x/results/sweep_13_exp_0_checkpoints.csv
0303030303030303030303030,0.0003475035334568,4.728978183266008e-06,19107262865,results/ebbi/SC5_HBD_MWPM_1x/results/sweep_13_exp_0_checkpoints.csv
0303030303030303030303030,0.0003475035334568,4.728978183266008e-06,24054670034,results/ebbi/SC5_HBD_MWPM_1x/results/sweep_13_exp_0_checkpoints.csv
0303030303030303030303030,0.0003475035334568,4.728978183266008e-06,30283814352,results/ebbi/SC5_HBD_MWPM_1x/results/sweep_13_exp_0_checkpoints.csv
0303030303030303030303030,0.0003475035334568,4.728978183266008e-06,38124902736,results/ebbi/SC5_HBD_MWPM_1x/results/sweep_13_exp_0_checkpoints.csv
0303030303030303030303030,0.0003475035334568,4.728978183266008e-06,47995752038,results/ebbi/SC5_HBD_MWPM_1x/results/sweep_13_exp_0_checkpoints.csv
0303030303030303030303030,0.0003475035334568,4.728978183266008e-06,60423003998,results/ebbi/SC5_HBD_MWPM_1x/results/sweep_13_exp_0_checkpoints.csv
0303030303030303030303030,0.0003475035334568,4.728978183266008e-06,76067661743,results/ebbi/SC5_HBD_MWPM_1x/results/sweep_13_exp_0_checkpoints.csv
3020220332030000232223320,0.0007043355767725,2.370784932281822e-05,9093073,results/ebbi/SC5_HBD_MWPM_1x/results/sweep_24_exp_0_checkpoints.csv
0020220332030000232223320,0.0006997333750473,2.2097674445831217e-05,18550019,results/ebbi/SC5_HBD_MWPM_1x/results/sweep_24_exp_0_checkpoints.csv
0020220332030000232223320,0.0006997333750473,2.2097674445831217e-05,25554990,results/ebbi/SC5_HBD_MWPM_1x/results/sweep_24_exp_0_checkpoints.csv
0020220332030000232223320,0.0006997333750473,2.2097674445831217e-05,28810480,results/ebbi/SC5_HBD_MWPM_1x/results/sweep_24_exp_0_checkpoints.csv
2020220332030000232223320,0.0007072790012792,1.5146365512919148e-05,37500263,results/ebbi/SC5_HBD_MWPM_1x/results/sweep_24_exp_0_checkpoints.csv
0020020332030000232223320,0.0007054518198452,1.4299876056611538e-05,48221857,results/ebbi/SC5_HBD_MWPM_1x/results/sweep_24_exp_0_checkpoints.csv
0020020302030000232223320,0.0006698818413619,2.0785184460692108e-05,60618164,results/ebbi/SC5_HBD_MWPM_1x/results/sweep_24_exp_0_checkpoints.csv
0030020302330000232233030,0.0005883615589104,1.7989848856814206e-05,80811930,results/ebbi/SC5_HBD_MWPM_1x/results/sweep_24_exp_0_checkpoints.csv
0020020302030000232233030,0.0005912936709495,1.2692435120698065e-05,92055520,results/ebbi/SC5_HBD_MWPM_1x/results/sweep_24_exp_0_checkpoints.csv
0020020302030030232303030,0.000553484145297,1.7191152437590063e-05,115098148,results/ebbi/SC5_HBD_MWPM_1x/results/sweep_24_exp_0_checkpoints.csv
0020020303030020232303030,0.0005454735528131,1.6797119315015152e-05,144204013,results/ebbi/SC5_HBD_MWPM_1x/results/sweep_24_exp_0_checkpoints.csv
0203320302030030230303030,0.0004819996425406,1.5132927728700452e-05,186532055,results/ebbi/SC5_HBD_MWPM_1x/results/sweep_24_exp_0_checkpoints.csv
2203320302030000030303030,0.0004636540875561,1.454990888305474e-05,231396890,results/ebbi/SC5_HBD_MWPM_1x/results/sweep_24_exp_0_checkpoints.csv
2003020302030000030303330,0.0004494540751694,1.374354451399995e-05,290287431,results/ebbi/SC5_HBD_MWPM_1x/results/sweep_24_exp_0_checkpoints.csv
3203320302030003030303030,0.0004486855945379,9.092521395359654e-06,362094477,results/ebbi/SC5_HBD_MWPM_1x/results/sweep_24_exp_0_checkpoints.csv
3203320302030003030303030,0.0004486855945379,9.092521395359654e-06,459690639,results/ebbi/SC5_HBD_MWPM_1x/results/sweep_24_exp_0_checkpoints.csv
3203030302030303030303030,0.0003723595028201,1.1904524399142248e-05,574528246,results/ebbi/SC5_HBD_MWPM_1x/results/sweep_24_exp_0_checkpoints.csv
3203030302030303030303030,0.0003836314154194,5.3703570301877335e-06,726725194,results/ebbi/SC5_HBD_MWPM_1x/results/sweep_24_exp_0_checkpoints.csv
3203030303030303030303030,0.000376056861131,5.109903668198967e-06,916368967,results/ebbi/SC5_HBD_MWPM_1x/results/sweep_24_exp_0_checkpoints.csv
3203030303030303030303030,0.0003755475191096,3.4042957395286062e-06,1144846345,results/ebbi/SC5_HBD_MWPM_1x/results/sweep_24_exp_0_checkpoints.csv
2203030303030303030303030,0.0003739715109975,3.3450801311118994e-06,1443433438,results/ebbi/SC5_HBD_MWPM_1x/results/sweep_24_exp_0_checkpoints.csv
3303030303030303030303030,0.0003529735734346,4.856321538682096e-06,1816543236,results/ebbi/SC5_HBD_MWPM_1x/results/sweep_24_exp_0_checkpoints.csv
3303030303030303030303030,0.00034975793507,3.2227719657385023e-06,2304619316,results/ebbi/SC5_HBD_MWPM_1x/results/sweep_24_exp_0_checkpoints.csv
0303030303030303030303030,0.0003530620281641,2.123693093381007e-06,2887665216,results/ebbi/SC5_HBD_MWPM_1x/results/sweep_24_exp_0_checkpoints.csv
0303030303030303030303030,0.0003530620281641,2.123693093381007e-06,3626209394,results/ebbi/SC5_HBD_MWPM_1x/results/sweep_24_exp_0_checkpoints.csv
0303030303030303030303030,0.0003530620281641,2.123693093381007e-06,4558662780,results/ebbi/SC5_HBD_MWPM_1x/results/sweep_24_exp_0_checkpoints.csv
0303030303030303030303030,0.0003530620281641,2.123693093381007e-06,5737794879,results/ebbi/SC5_HBD_MWPM_1x/results/sweep_24_exp_0_checkpoints.csv
0303030303030303030303030,0.0003530620281641,2.123693093381007e-06,7224006539,results/ebbi/SC5_HBD_MWPM_1x/results/sweep_24_exp_0_checkpoints.csv
0303030303030303030303030,0.0003530620281641,2.123693093381007e-06,9093248799,results/ebbi/SC5_HBD_MWPM_1x/results/sweep_24_exp_0_checkpoints.csv
0303030303030303030303030,0.0003530620281641,2.123693093381007e-06,11449262172,results/ebbi/SC5_HBD_MWPM_1x/results/sweep_24_exp_0_checkpoints.csv
0303030303030303030303030,0.0003530620281641,2.123693093381007e-06,14412169847,results/ebbi/SC5_HBD_MWPM_1x/results/sweep_24_exp_0_checkpoints.csv
0303030303030303030303030,0.0003530620281641,2.123693093381007e-06,18144277912,results/ebbi/SC5_HBD_MWPM_1x/results/sweep_24_exp_0_checkpoints.csv
0303030303030303030303030,0.0003530620281641,2.123693093381007e-06,22840903023,results/ebbi/SC5_HBD_MWPM_1x/results/sweep_24_exp_0_checkpoints.csv
0303030303030303030303030,0.0003530620281641,2.123693093381007e-06,28756516011,results/ebbi/SC5_HBD_MWPM_1x/results/sweep_24_exp_0_checkpoints.csv
0303030303030303030303030,0.0003530620281641,2.123693093381007e-06,36202093185,results/ebbi/SC5_HBD_MWPM_1x/results/sweep_24_exp_0_checkpoints.csv
0303030303030303030303030,0.0003530620281641,2.123693093381007e-06,45574350064,results/ebbi/SC5_HBD_MWPM_1x/results/sweep_24_exp_0_checkpoints.csv
0303030303030303030303030,0.0003530620281641,2.123693093381007e-06,57374380330,results/ebbi/SC5_HBD_MWPM_1x/results/sweep_24_exp_0_checkpoints.csv
0303030303030303030303030,0.0003530620281641,2.123693093381007e-06,72230414984,results/ebbi/SC5_HBD_MWPM_1x/results/sweep_24_exp_0_checkpoints.csv
0303030303030303030303030,0.0003530620281641,2.123693093381007e-06,90933530659,results/ebbi/SC5_HBD_MWPM_1x/results/sweep_24_exp_0_checkpoints.csv
0303030303030303030303030,0.0003530620281641,2.123693093381007e-06,100000000000,results/ebbi/SC5_HBD_MWPM_1x/results/sweep_24_exp_0_checkpoints.csv
2000030032033300320000320,0.000648310694032,2.211289574916009e-05,10192463,results/ebbi/SC5_HBD_MWPM_1x/results/sweep_22_exp_0_checkpoints.csv
2000030032033300020000320,0.0006226799523882,2.096018761221785e-05,23131289,results/ebbi/SC5_HBD_MWPM_1x/results/sweep_22_exp_0_checkpoints.csv
2000030032033300020000320,0.0006226799523882,2.096018761221785e-05,26504453,results/ebbi/SC5_HBD_MWPM_1x/results/sweep_22_exp_0_checkpoints.csv
2003030032033300020000320,0.0006204511865257,1.8979602828039788e-05,34355901,results/ebbi/SC5_HBD_MWPM_1x/results/sweep_22_exp_0_checkpoints.csv
2003030032033300020000320,0.0006204511865257,1.8979602828039788e-05,40876111,results/ebbi/SC5_HBD_MWPM_1x/results/sweep_22_exp_0_checkpoints.csv
0000030030033300020000320,0.000615552900637,1.2645638889807742e-05,53228737,results/ebbi/SC5_HBD_MWPM_1x/results/sweep_22_exp_0_checkpoints.csv
0000030030033300020200320,0.0006153365822902,1.2463509847293608e-05,67122522,results/ebbi/SC5_HBD_MWPM_1x/results/sweep_22_exp_0_checkpoints.csv
0000030030033300020200320,0.0006153365822902,1.2463509847293608e-05,85084564,results/ebbi/SC5_HBD_MWPM_1x/results/sweep_22_exp_0_checkpoints.csv
0000030030033300020200300,0.0005974606792899,1.2235380381753204e-05,103952906,results/ebbi/SC5_HBD_MWPM_1x/results/sweep_22_exp_0_checkpoints.csv
0002030030033300020200300,0.0005919175184086,1.2096541468054056e-05,130471842,results/ebbi/SC5_HBD_MWPM_1x/results/sweep_22_exp_0_checkpoints.csv
0002030030033300020200300,0.0005919175184086,1.2096541468054056e-05,165719704,results/ebbi/SC5_HBD_MWPM_1x/results/sweep_22_exp_0_checkpoints.csv
2002030300033302030200300,0.0004996603703384,1.636282649997156e-05,206794794,results/ebbi/SC5_HBD_MWPM_1x/results/sweep_22_exp_0_checkpoints.csv
2002030300330302030203300,0.0004810420286611,1.5147751582844649e-05,256998533,results/ebbi/SC5_HBD_MWPM_1x/results/sweep_22_exp_0_checkpoints.csv
2002030300330303030203300,0.0004638231147303,9.694459549791644e-06,328012586,results/ebbi/SC5_HBD_MWPM_1x/results/sweep_22_exp_0_checkpoints.csv
2002030300330303030003300,0.0004484751086821,9.225734174833631e-06,411786506,results/ebbi/SC5_HBD_MWPM_1x/results/sweep_22_exp_0_checkpoints.csv
2002030300330303030303300,0.0004424635466522,9.125305950874464e-06,517538416,results/ebbi/SC5_HBD_MWPM_1x/results/sweep_22_exp_0_checkpoints.csv
0002030303030303030003300,0.0004089851876464,8.491185326420236e-06,647624079,results/ebbi/SC5_HBD_MWPM_1x/results/sweep_22_exp_0_checkpoints.csv
0002030303030303030303330,0.0003822644424284,8.104261723929085e-06,811784698,results/ebbi/SC5_HBD_MWPM_1x/results/sweep_22_exp_0_checkpoints.csv
0002030300030303030303030,0.0003879371561542,5.2280279305705335e-06,1021922989,results/ebbi/SC5_HBD_MWPM_1x/results/sweep_22_exp_0_checkpoints.csv
0003030303030303030303030,0.0003510793495753,7.416602329612942e-06,1294610237,results/ebbi/SC5_HBD_MWPM_1x/results/sweep_22_exp_0_checkpoints.csv
0303030303030303030303030,0.0003445426060598,4.7565858949383255e-06,1618178727,results/ebbi/SC5_HBD_MWPM_1x/results/sweep_22_exp_0_checkpoints.csv
0303030303030303030303030,0.0003445426060598,4.7565858949383255e-06,2037914775,results/ebbi/SC5_HBD_MWPM_1x/results/sweep_22_exp_0_checkpoints.csv
0303030303030303030303030,0.0003485643100568,3.189504695910728e-06,2560718682,results/ebbi/SC5_HBD_MWPM_1x/results/sweep_22_exp_0_checkpoints.csv
0303030303030303030303030,0.0003485643100568,3.189504695910728e-06,3223169762,results/ebbi/SC5_HBD_MWPM_1x/results/sweep_22_exp_0_checkpoints.csv
0303030303030303030303030,0.0003485643100568,3.189504695910728e-06,4059584667,results/ebbi/SC5_HBD_MWPM_1x/results/sweep_22_exp_0_checkpoints.csv
0303030303030303030303030,0.0003485643100568,3.189504695910728e-06,5110991450,results/ebbi/SC5_HBD_MWPM_1x/results/sweep_22_exp_0_checkpoints.csv
0303030303030303030303030,0.0003485643100568,3.189504695910728e-06,6435593380,results/ebbi/SC5_HBD_MWPM_1x/results/sweep_22_exp_0_checkpoints.csv
0303030303030303030303030,0.0003485643100568,3.189504695910728e-06,8096314100,results/ebbi/SC5_HBD_MWPM_1x/results/sweep_22_exp_0_checkpoints.csv
0303030303030303030303030,0.0003485643100568,3.189504695910728e-06,10194097745,results/ebbi/SC5_HBD_MWPM_1x/results/sweep_22_exp_0_checkpoints.csv
0303030303030303030303030,0.0003485643100568,3.189504695910728e-06,12832354101,results/ebbi/SC5_HBD_MWPM_1x/results/sweep_22_exp_0_checkpoints.csv
0303030303030303030303030,0.0003485643100568,3.189504695910728e-06,16155669474,results/ebbi/SC5_HBD_MWPM_1x/results/sweep_22_exp_0_checkpoints.csv
0303030303030303030303030,0.0003485643100568,3.189504695910728e-06,20337429092,results/ebbi/SC5_HBD_MWPM_1x/results/sweep_22_exp_0_checkpoints.csv
0303030303030303030303030,0.0003485643100568,3.189504695910728e-06,25604868182,results/ebbi/SC5_HBD_MWPM_1x/results/sweep_22_exp_0_checkpoints.csv
0303030303030303030303030,0.0003485643100568,3.189504695910728e-06,32233351674,results/ebbi/SC5_HBD_MWPM_1x/results/sweep_22_exp_0_checkpoints.csv
0303030303030303030303030,0.0003485643100568,3.189504695910728e-06,40579907166,results/ebbi/SC5_HBD_MWPM_1x/results/sweep_22_exp_0_checkpoints.csv
0303030303030303030303030,0.0003485643100568,3.189504695910728e-06,51084408429,results/ebbi/SC5_HBD_MWPM_1x/results/sweep_22_exp_0_checkpoints.csv
0303030303030303030303030,0.0003485643100568,3.189504695910728e-06,64310209489,results/ebbi/SC5_HBD_MWPM_1x/results/sweep_22_exp_0_checkpoints.csv
0303030303030303030303030,0.0003485643100568,3.189504695910728e-06,80964461687,results/ebbi/SC5_HBD_MWPM_1x/results/sweep_22_exp_0_checkpoints.csv
0303030303030303030303030,0.0003485643100568,3.189504695910728e-06,100000000000,results/ebbi/SC5_HBD_MWPM_1x/results/sweep_22_exp_0_checkpoints.csv
0030300303002230030230303,0.0006876053239848,2.325058994756546e-05,10332696,results/ebbi/SC5_HBD_MWPM_1x/results/sweep_15_exp_0_checkpoints.csv
3033300303000230230230303,0.000666598195679,2.1009716874687e-05,18905164,results/ebbi/SC5_HBD_MWPM_1x/results/sweep_15_exp_0_checkpoints.csv
3033300303000230230230303,0.000666598195679,2.1009716874687e-05,21388123,results/ebbi/SC5_HBD_MWPM_1x/results/sweep_15_exp_0_checkpoints.csv
3033300303000230230230303,0.000666598195679,2.1009716874687e-05,26070354,results/ebbi/SC5_HBD_MWPM_1x/results/sweep_15_exp_0_checkpoints.csv
0030300303002230030230303,0.0006647032105409,1.5240256288961971e-05,34236632,results/ebbi/SC5_HBD_MWPM_1x/results/sweep_15_exp_0_checkpoints.csv
3033320303000230230230303,0.0006375845207036,1.9614046323113143e-05,41270505,results/ebbi/SC5_HBD_MWPM_1x/results/sweep_15_exp_0_checkpoints.csv
0030300303002230030230303,0.0006647032105409,1.5240256288961971e-05,54755751,results/ebbi/SC5_HBD_MWPM_1x/results/sweep_15_exp_0_checkpoints.csv
0030330303002230030230303,0.0006741551176823,1.430976681149332e-05,66022160,results/ebbi/SC5_HBD_MWPM_1x/results/sweep_15_exp_0_checkpoints.csv
0030330303002230030230303,0.0006632808274286,9.462645721214358e-06,85451176,results/ebbi/SC5_HBD_MWPM_1x/results/sweep_15_exp_0_checkpoints.csv
0030330303002230030230303,0.0006632808274286,9.462645721214358e-06,106617503,results/ebbi/SC5_HBD_MWPM_1x/results/sweep_15_exp_0_checkpoints.csv
3033300303000230230230333,0.0006613558546697,8.880125278665219e-06,137773079,results/ebbi/SC5_HBD_MWPM_1x/results/sweep_15_exp_0_checkpoints.csv
0030330303002230030230303,0.0006611495620934,6.298294920270564e-06,165392798,results/ebbi/SC5_HBD_MWPM_1x/results/sweep_15_exp_0_checkpoints.csv
3033300303030330230230333,0.0005517039407918,1.7829130229074508e-05,207824692,results/ebbi/SC5_HBD_MWPM_1x/results/sweep_15_exp_0_checkpoints.csv
3033300303030330330233333,0.0004909478966454,1.5710997104179114e-05,261187873,results/ebbi/SC5_HBD_MWPM_1x/results/sweep_15_exp_0_checkpoints.csv
3003300303030330330003333,0.0004877370296157,1.0007817763835192e-05,329450054,results/ebbi/SC5_HBD_MWPM_1x/results/sweep_15_exp_0_checkpoints.csv
3003300303030330330003333,0.000497279163446,6.736796422046609e-06,418280582,results/ebbi/SC5_HBD_MWPM_1x/results/sweep_15_exp_0_checkpoints.csv
3003300303030330030033333,0.0004637625567151,9.54418646870181e-06,522691270,results/ebbi/SC5_HBD_MWPM_1x/results/sweep_15_exp_0_checkpoints.csv
3303300303030330030233333,0.000459682679243,6.237324669200461e-06,654011464,results/ebbi/SC5_HBD_MWPM_1x/results/sweep_15_exp_0_checkpoints.csv
3303000303030330030203330,0.0004274519815452,8.86495217855554e-06,825968014,results/ebbi/SC5_HBD_MWPM_1x/results/sweep_15_exp_0_checkpoints.csv
3303000303030330030203333,0.0004267821651289,5.872142537555192e-06,1034465976,results/ebbi/SC5_HBD_MWPM_1x/results/sweep_15_exp_0_checkpoints.csv
2303030303030332030203330,0.0004170959015042,5.671622147929156e-06,1301672988,results/ebbi/SC5_HBD_MWPM_1x/results/sweep_15_exp_0_checkpoints.csv
3303030303030332030303330,0.0004043497033129,5.5095579227781855e-06,1646518853,results/ebbi/SC5_HBD_MWPM_1x/results/sweep_15_exp_0_checkpoints.csv
3303030303030333030303330,0.0003897940535921,5.264537776383804e-06,2071871706,results/ebbi/SC5_HBD_MWPM_1x/results/sweep_15_exp_0_checkpoints.csv
0303030303030333030303330,0.000378199832558,5.118729859532323e-06,2600262179,results/ebbi/SC5_HBD_MWPM_1x/results/sweep_15_exp_0_checkpoints.csv
0303030303030303030303330,0.0003607879603671,4.926179826725274e-06,3275349715,results/ebbi/SC5_HBD_MWPM_1x/results/sweep_15_exp_0_checkpoints.csv
0303030303030303030303030,0.000345380748273,4.751425422000466e-06,4116692407,results/ebbi/SC5_HBD_MWPM_1x/results/sweep_15_exp_0_checkpoints.csv
0303030303030303030303030,0.000345380748273,4.751425422000466e-06,5179546901,results/ebbi/SC5_HBD_MWPM_1x/results/sweep_15_exp_0_checkpoints.csv
0303030303030303030303030,0.000345380748273,4.751425422000466e-06,6521702735,results/ebbi/SC5_HBD_MWPM_1x/results/sweep_15_exp_0_checkpoints.csv
0303030303030303030303030,0.000345380748273,4.751425422000466e-06,8208963872,results/ebbi/SC5_HBD_MWPM_1x/results/sweep_15_exp_0_checkpoints.csv
0303030303030303030303030,0.000345380748273,4.751425422000466e-06,10335247932,results/ebbi/SC5_HBD_MWPM_1x/results/sweep_15_exp_0_checkpoints.csv
0303030303030303030303030,0.000345380748273,4.751425422000466e-06,13008946310,results/ebbi/SC5_HBD_MWPM_1x/results/sweep_15_exp_0_checkpoints.csv
0303030303030303030303030,0.000345380748273,4.751425422000466e-06,16378074347,results/ebbi/SC5_HBD_MWPM_1x/results/sweep_15_exp_0_checkpoints.csv
0303030303030303030303030,0.000345380748273,4.751425422000466e-06,20618066394,results/ebbi/SC5_HBD_MWPM_1x/results/sweep_15_exp_0_checkpoints.csv
0303030303030303030303030,0.000345380748273,4.751425422000466e-06,25954621703,results/ebbi/SC5_HBD_MWPM_1x/results/sweep_15_exp_0_checkpoints.csv
0303030303030303030303030,0.000345380748273,4.751425422000466e-06,32677108397,results/ebbi/SC5_HBD_MWPM_1x/results/sweep_15_exp_0_checkpoints.csv
0303030303030303030303030,0.000345380748273,4.751425422000466e-06,41137972118,results/ebbi/SC5_HBD_MWPM_1x/results/sweep_15_exp_0_checkpoints.csv
0303030303030303030303030,0.000345380748273,4.751425422000466e-06,51786640197,results/ebbi/SC5_HBD_MWPM_1x/results/sweep_15_exp_0_checkpoints.csv
0303030303030303030303030,0.000345380748273,4.751425422000466e-06,65195541127,results/ebbi/SC5_HBD_MWPM_1x/results/sweep_15_exp_0_checkpoints.csv
0303030303030303030303030,0.000345380748273,4.751425422000466e-06,82077253768,results/ebbi/SC5_HBD_MWPM_1x/results/sweep_15_exp_0_checkpoints.csv
2002203200003330030002233,0.0007311910412857,2.4058635972323827e-05,10786058,results/ebbi/SC5_HBD_MWPM_1x/results/sweep_19_exp_0_checkpoints.csv
3002200200003323030002333,0.000647208928042,2.068875437544193e-05,22795970,results/ebbi/SC5_HBD_MWPM_1x/results/sweep_19_exp_0_checkpoints.csv
2002230200000323030033333,0.0005468978669761,1.8275773982168172e-05,29348533,results/ebbi/SC5_HBD_MWPM_1x/results/sweep_19_exp_0_checkpoints.csv
2002230200030323030003333,0.0005227330355575,1.7063372069969773e-05,44771527,results/ebbi/SC5_HBD_MWPM_1x/results/sweep_19_exp_0_checkpoints.csv
2002230203030323030033333,0.0004975255549436,1.5581888874294236e-05,54222271,results/ebbi/SC5_HBD_MWPM_1x/results/sweep_19_exp_0_checkpoints.csv
2002230203030323030033333,0.0004975255549436,1.5581888874294236e-05,69157775,results/ebbi/SC5_HBD_MWPM_1x/results/sweep_19_exp_0_checkpoints.csv
2003230303030323030033333,0.0004271503500127,1.3579686310549732e-05,101468508,results/ebbi/SC5_HBD_MWPM_1x/results/sweep_19_exp_0_checkpoints.csv
2003230303030323030033033,0.0004236328280138,1.334035005129408e-05,109578811,results/ebbi/SC5_HBD_MWPM_1x/results/sweep_19_exp_0_checkpoints.csv
2003230303030323030033033,0.0004236328280138,1.334035005129408e-05,136815898,results/ebbi/SC5_HBD_MWPM_1x/results/sweep_19_exp_0_checkpoints.csv
2003230303030323030033033,0.0004236328280138,1.334035005129408e-05,172978809,results/ebbi/SC5_HBD_MWPM_1x/results/sweep_19_exp_0_checkpoints.csv
2303230303030323030033033,0.00042293006377,8.69115592649905e-06,215938766,results/ebbi/SC5_HBD_MWPM_1x/results/sweep_19_exp_0_checkpoints.csv
2303230303030323030233033,0.000413526510969,1.272879308089614e-05,278651432,results/ebbi/SC5_HBD_MWPM_1x/results/sweep_19_exp_0_checkpoints.csv
2303230303030323030233033,0.000411131346361,8.46126476972131e-06,341265300,results/ebbi/SC5_HBD_MWPM_1x/results/sweep_19_exp_0_checkpoints.csv
2303230303030323030203033,0.0004113058890002,5.581046934821643e-06,430139889,results/ebbi/SC5_HBD_MWPM_1x/results/sweep_19_exp_0_checkpoints.csv
2303200303030323030303033,0.0003939040975487,8.084553883236367e-06,542216371,results/ebbi/SC5_HBD_MWPM_1x/results/sweep_19_exp_0_checkpoints.csv
0303230303030323030303030,0.0003678465232982,7.4577005761966575e-06,684627116,results/ebbi/SC5_HBD_MWPM_1x/results/sweep_19_exp_0_checkpoints.csv
0303230303030303030303030,0.000366118147512,5.008762400393607e-06,861148614,results/ebbi/SC5_HBD_MWPM_1x/results/sweep_19_exp_0_checkpoints.csv
3303030303030303030303032,0.000361947674913,4.8650445023668e-06,1091369284,results/ebbi/SC5_HBD_MWPM_1x/results/sweep_19_exp_0_checkpoints.csv
0303030303030303030303032,0.000360314906841,3.238799081373145e-06,1360769901,results/ebbi/SC5_HBD_MWPM_1x/results/sweep_19_exp_0_checkpoints.csv
0303030303030303030303030,0.0003504373126282,3.166190936099156e-06,1713737889,results/ebbi/SC5_HBD_MWPM_1x/results/sweep_19_exp_0_checkpoints.csv
0303030303030303030303030,0.0003504373126282,3.166190936099156e-06,2170552672,results/ebbi/SC5_HBD_MWPM_1x/results/sweep_19_exp_0_checkpoints.csv
0303030303030303030303030,0.0003504373126282,3.166190936099156e-06,2716367257,results/ebbi/SC5_HBD_MWPM_1x/results/sweep_19_exp_0_checkpoints.csv
0303030303030303030303030,0.0003504373126282,3.166190936099156e-06,3415819828,results/ebbi/SC5_HBD_MWPM_1x/results/sweep_19_exp_0_checkpoints.csv
0303030303030303030303030,0.0003504373126282,3.166190936099156e-06,4296395524,results/ebbi/SC5_HBD_MWPM_1x/results/sweep_19_exp_0_checkpoints.csv
0303030303030303030303030,0.0003504373126282,3.166190936099156e-06,5415581836,results/ebbi/SC5_HBD_MWPM_1x/results/sweep_19_exp_0_checkpoints.csv
0303030303030303030303030,0.0003504373126282,3.166190936099156e-06,6806307636,results/ebbi/SC5_HBD_MWPM_1x/results/sweep_19_exp_0_checkpoints.csv
0303030303030303030303030,0.0003504373126282,3.166190936099156e-06,8570749907,results/ebbi/SC5_HBD_MWPM_1x/results/sweep_19_exp_0_checkpoints.csv
0303030303030303030303030,0.0003504373126282,3.166190936099156e-06,10789050372,results/ebbi/SC5_HBD_MWPM_1x/results/sweep_19_exp_0_checkpoints.csv
0303030303030303030303030,0.0003504373126282,3.166190936099156e-06,13579924749,results/ebbi/SC5_HBD_MWPM_1x/results/sweep_19_exp_0_checkpoints.csv
0303030303030303030303030,0.0003504373126282,3.166190936099156e-06,17096344020,results/ebbi/SC5_HBD_MWPM_1x/results/sweep_19_exp_0_checkpoints.csv
0303030303030303030303030,0.0003504373126282,3.166190936099156e-06,21523031597,results/ebbi/SC5_HBD_MWPM_1x/results/sweep_19_exp_0_checkpoints.csv
0303030303030303030303030,0.0003504373126282,3.166190936099156e-06,27094376175,results/ebbi/SC5_HBD_MWPM_1x/results/sweep_19_exp_0_checkpoints.csv
0303030303030303030303030,0.0003504373126282,3.166190936099156e-06,34109743522,results/ebbi/SC5_HBD_MWPM_1x/results/sweep_19_exp_0_checkpoints.csv
0303030303030303030303030,0.0003504373126282,3.166190936099156e-06,42941132467,results/ebbi/SC5_HBD_MWPM_1x/results/sweep_19_exp_0_checkpoints.csv
0303030303030303030303030,0.0003504373126282,3.166190936099156e-06,54061295572,results/ebbi/SC5_HBD_MWPM_1x/results/sweep_19_exp_0_checkpoints.csv
0303030303030303030303030,0.0003504373126282,3.166190936099156e-06,68055910148,results/ebbi/SC5_HBD_MWPM_1x/results/sweep_19_exp_0_checkpoints.csv
3033033332222333033322203,0.0007586244906031,2.4786999347270463e-05,9950541,results/ebbi/SC5_HBD_MWPM_1x/results/sweep_7_exp_0_checkpoints.csv
3333033332322333033323203,0.0007147593060787,2.281234264955856e-05,16194157,results/ebbi/SC5_HBD_MWPM_1x/results/sweep_7_exp_0_checkpoints.csv
3333033332322333033323203,0.0007147593060787,2.281234264955856e-05,21989890,results/ebbi/SC5_HBD_MWPM_1x/results/sweep_7_exp_0_checkpoints.csv
3333033332322333033323203,0.0007147593060787,2.281234264955856e-05,25109085,results/ebbi/SC5_HBD_MWPM_1x/results/sweep_7_exp_0_checkpoints.csv
3333033332322333033323203,0.0007147593060787,2.281234264955856e-05,32677177,results/ebbi/SC5_HBD_MWPM_1x/results/sweep_7_exp_0_checkpoints.csv
3333033332322333033223203,0.0007220246087218,2.2158345018397085e-05,39965199,results/ebbi/SC5_HBD_MWPM_1x/results/sweep_7_exp_0_checkpoints.csv
3333033332222333033323203,0.0007289166925975,1.0456351446919143e-05,51531816,results/ebbi/SC5_HBD_MWPM_1x/results/sweep_7_exp_0_checkpoints.csv
3333033332322333033323203,0.0007232065987528,1.019852152239764e-05,66080020,results/ebbi/SC5_HBD_MWPM_1x/results/sweep_7_exp_0_checkpoints.csv
3333033332323333033323203,0.0007120685433981,9.862566002993844e-06,81168316,results/ebbi/SC5_HBD_MWPM_1x/results/sweep_7_exp_0_checkpoints.csv
3333033332323333033323203,0.0007120685433981,9.862566002993844e-06,106543404,results/ebbi/SC5_HBD_MWPM_1x/results/sweep_7_exp_0_checkpoints.csv
3333033332323333033323203,0.0007120685433981,9.862566002993844e-06,131865881,results/ebbi/SC5_HBD_MWPM_1x/results/sweep_7_exp_0_checkpoints.csv
3333233332332333033323203,0.0006861582923051,1.4063000890018884e-05,159341216,results/ebbi/SC5_HBD_MWPM_1x/results/sweep_7_exp_0_checkpoints.csv
3330233332232333030323203,0.000652248032138,2.049654722213745e-05,199008287,results/ebbi/SC5_HBD_MWPM_1x/results/sweep_7_exp_0_checkpoints.csv
3200233332033333030323203,0.0006167666325041,1.273526686418336e-05,250769421,results/ebbi/SC5_HBD_MWPM_1x/results/sweep_7_exp_0_checkpoints.csv
3200030332033333030323200,0.000518936120377,1.6180969396373257e-05,315424450,results/ebbi/SC5_HBD_MWPM_1x/results/sweep_7_exp_0_checkpoints.csv
3300030333033333030323300,0.0004864803687672,9.975737157219555e-06,397968903,results/ebbi/SC5_HBD_MWPM_1x/results/sweep_7_exp_0_checkpoints.csv
3303030333033333030323303,0.0004742773688691,9.713311555969996e-06,499033982,results/ebbi/SC5_HBD_MWPM_1x/results/sweep_7_exp_0_checkpoints.csv
3303030333033333030323303,0.0004797838425183,6.513007065223064e-06,628830779,results/ebbi/SC5_HBD_MWPM_1x/results/sweep_7_exp_0_checkpoints.csv
3303030333033333030323303,0.0004797838425183,6.513007065223064e-06,791273669,results/ebbi/SC5_HBD_MWPM_1x/results/sweep_7_exp_0_checkpoints.csv
0303030333033303030333303,0.0004434206160077,1.361011527478695e-05,995487294,results/ebbi/SC5_HBD_MWPM_1x/results/sweep_7_exp_0_checkpoints.csv
0303030303030303030333300,0.0003817868136255,5.367740413930733e-06,1261726520,results/ebbi/SC5_HBD_MWPM_1x/results/sweep_7_exp_0_checkpoints.csv
2303030303030303030333000,0.0003669476159645,7.439479759341339e-06,1580140662,results/ebbi/SC5_HBD_MWPM_1x/results/sweep_7_exp_0_checkpoints.csv
3303030303030303030333030,0.0003670074840389,4.940190592606086e-06,1999981689,results/ebbi/SC5_HBD_MWPM_1x/results/sweep_7_exp_0_checkpoints.csv
3303030303030303030333030,0.0003648122541438,3.283599653514102e-06,2501432459,results/ebbi/SC5_HBD_MWPM_1x/results/sweep_7_exp_0_checkpoints.csv
0303030303030303030303030,0.0003537691849535,3.1908218716125702e-06,3156091856,results/ebbi/SC5_HBD_MWPM_1x/results/sweep_7_exp_0_checkpoints.csv
0303030303030303030303030,0.0003537691849535,3.1908218716125702e-06,3966488601,results/ebbi/SC5_HBD_MWPM_1x/results/sweep_7_exp_0_checkpoints.csv
0303030303030303030303030,0.0003511077404426,2.1192006443016e-06,4987361557,results/ebbi/SC5_HBD_MWPM_1x/results/sweep_7_exp_0_checkpoints.csv
0303030303030303030303030,0.0003511077404426,2.1192006443016e-06,6281624704,results/ebbi/SC5_HBD_MWPM_1x/results/sweep_7_exp_0_checkpoints.csv
0303030303030303030303030,0.0003511077404426,2.1192006443016e-06,7904890320,results/ebbi/SC5_HBD_MWPM_1x/results/sweep_7_exp_0_checkpoints.csv
0303030303030303030303030,0.0003511077404426,2.1192006443016e-06,9955761944,results/ebbi/SC5_HBD_MWPM_1x/results/sweep_7_exp_0_checkpoints.csv
0303030303030303030303030,0.0003511077404426,2.1192006443016e-06,12529921473,results/ebbi/SC5_HBD_MWPM_1x/results/sweep_7_exp_0_checkpoints.csv
0303030303030303030303030,0.0003511077404426,2.1192006443016e-06,15773237611,results/ebbi/SC5_HBD_MWPM_1x/results/sweep_7_exp_0_checkpoints.csv
0303030303030303030303030,0.0003511077404426,2.1192006443016e-06,19856548172,results/ebbi/SC5_HBD_MWPM_1x/results/sweep_7_exp_0_checkpoints.csv
0303030303030303030303030,0.0003511077404426,2.1192006443016e-06,24997574337,results/ebbi/SC5_HBD_MWPM_1x/results/sweep_7_exp_0_checkpoints.csv
0303030303030303030303030,0.0003511077404426,2.1192006443016e-06,31468915146,results/ebbi/SC5_HBD_MWPM_1x/results/sweep_7_exp_0_checkpoints.csv
0303030303030303030303030,0.0003511077404426,2.1192006443016e-06,39615184315,results/ebbi/SC5_HBD_MWPM_1x/results/sweep_7_exp_0_checkpoints.csv
0303030303030303030303030,0.0003511077404426,2.1192006443016e-06,49872970832,results/ebbi/SC5_HBD_MWPM_1x/results/sweep_7_exp_0_checkpoints.csv
0303030303030303030303030,0.0003511077404426,2.1192006443016e-06,62784928793,results/ebbi/SC5_HBD_MWPM_1x/results/sweep_7_exp_0_checkpoints.csv
0303030303030303030303030,0.0003511077404426,2.1192006443016e-06,79041655480,results/ebbi/SC5_HBD_MWPM_1x/results/sweep_7_exp_0_checkpoints.csv
2333203323230323233202323,0.0007187079022041,2.2685360818286423e-05,11486756,results/ebbi/SC5_HBD_MWPM_1x/results/sweep_1_exp_0_checkpoints.csv
0333202323230323233202323,0.000654098921099,2.075040538329631e-05,18861855,results/ebbi/SC5_HBD_MWPM_1x/results/sweep_1_exp_0_checkpoints.csv
0333202323230323233202323,0.000654098921099,2.075040538329631e-05,22921102,results/ebbi/SC5_HBD_MWPM_1x/results/sweep_1_exp_0_checkpoints.csv
0333003323230323233202323,0.0006319899081059,1.9840552340610884e-05,33512261,results/ebbi/SC5_HBD_MWPM_1x/results/sweep_1_exp_0_checkpoints.csv
0333003323230323233302323,0.000626199819111,1.9309696654090654e-05,38624441,results/ebbi/SC5_HBD_MWPM_1x/results/sweep_1_exp_0_checkpoints.csv
0333033323230323233302323,0.0005950509066635,1.8644504962139763e-05,46646745,results/ebbi/SC5_HBD_MWPM_1x/results/sweep_1_exp_0_checkpoints.csv
0333033323230303233302323,0.0005947504660122,1.847249768616166e-05,58383676,results/ebbi/SC5_HBD_MWPM_1x/results/sweep_1_exp_0_checkpoints.csv
0333032323230303333302320,0.0005459240462238,1.745195550029166e-05,74154121,results/ebbi/SC5_HBD_MWPM_1x/results/sweep_1_exp_0_checkpoints.csv
0333030323230303333302320,0.0005221178598455,1.6953168596955948e-05,91807600,results/ebbi/SC5_HBD_MWPM_1x/results/sweep_1_exp_0_checkpoints.csv
0333030320030303333302220,0.0004951848706287,1.546314342704136e-05,115390627,results/ebbi/SC5_HBD_MWPM_1x/results/sweep_1_exp_0_checkpoints.csv
0333030320030303333302220,0.0004951848706287,1.546314342704136e-05,145664474,results/ebbi/SC5_HBD_MWPM_1x/results/sweep_1_exp_0_checkpoints.csv
0333030320030303333302320,0.0005086914957464,1.0340129847463686e-05,182056817,results/ebbi/SC5_HBD_MWPM_1x/results/sweep_1_exp_0_checkpoints.csv
0333030320030303333302320,0.0005086914957464,1.0340129847463686e-05,236340541,results/ebbi/SC5_HBD_MWPM_1x/results/sweep_1_exp_0_checkpoints.csv
0333020300030303333302020,0.0004640050566998,9.708875950309448e-06,292861063,results/ebbi/SC5_HBD_MWPM_1x/results/sweep_1_exp_0_checkpoints.csv
0303020302030303333303020,0.0004512911900993,9.16604676604038e-06,364815594,results/ebbi/SC5_HBD_MWPM_1x/results/sweep_1_exp_0_checkpoints.csv
0303020302030303333303000,0.0004454219287725,9.048732863448096e-06,461744581,results/ebbi/SC5_HBD_MWPM_1x/results/sweep_1_exp_0_checkpoints.csv
0303020302030303333303000,0.0004483236862685,6.05209834247944e-06,585479360,results/ebbi/SC5_HBD_MWPM_1x/results/sweep_1_exp_0_checkpoints.csv
0303020303030303030303020,0.0003603396155332,1.1456066204118542e-05,727290362,results/ebbi/SC5_HBD_MWPM_1x/results/sweep_1_exp_0_checkpoints.csv
0333030303030303030303030,0.0003451152101508,1.0573390682111494e-05,920238907,results/ebbi/SC5_HBD_MWPM_1x/results/sweep_1_exp_0_checkpoints.csv
0303030303030303030303030,0.0003496906463346,4.754773726745043e-06,1150390893,results/ebbi/SC5_HBD_MWPM_1x/results/sweep_1_exp_0_checkpoints.csv
0303030303030303030303030,0.0003496906463346,4.754773726745043e-06,1453522131,results/ebbi/SC5_HBD_MWPM_1x/results/sweep_1_exp_0_checkpoints.csv
0303030303030303030303030,0.0003540094371281,3.189356903021689e-06,1822451661,results/ebbi/SC5_HBD_MWPM_1x/results/sweep_1_exp_0_checkpoints.csv
0303030303030303030303030,0.0003536773004875,2.125240598616074e-06,2302245237,results/ebbi/SC5_HBD_MWPM_1x/results/sweep_1_exp_0_checkpoints.csv
0303030303030303030303030,0.0003536773004875,2.125240598616074e-06,2894145693,results/ebbi/SC5_HBD_MWPM_1x/results/sweep_1_exp_0_checkpoints.csv
0303030303030303030303030,0.0003536773004875,2.125240598616074e-06,3641935648,results/ebbi/SC5_HBD_MWPM_1x/results/sweep_1_exp_0_checkpoints.csv
0303030303030303030303030,0.0003536773004875,2.125240598616074e-06,4576009577,results/ebbi/SC5_HBD_MWPM_1x/results/sweep_1_exp_0_checkpoints.csv
0303030303030303030303030,0.0003536773004875,2.125240598616074e-06,5757514243,results/ebbi/SC5_HBD_MWPM_1x/results/sweep_1_exp_0_checkpoints.csv
0303030303030303030303030,0.0003536773004875,2.125240598616074e-06,7249829359,results/ebbi/SC5_HBD_MWPM_1x/results/sweep_1_exp_0_checkpoints.csv
0303030303030303030303030,0.0003536773004875,2.125240598616074e-06,9127231009,results/ebbi/SC5_HBD_MWPM_1x/results/sweep_1_exp_0_checkpoints.csv
0303030303030303030303030,0.0003536773004875,2.125240598616074e-06,11487696973,results/ebbi/SC5_HBD_MWPM_1x/results/sweep_1_exp_0_checkpoints.csv
0303030303030303030303030,0.0003536773004875,2.125240598616074e-06,14461903660,results/ebbi/SC5_HBD_MWPM_1x/results/sweep_1_exp_0_checkpoints.csv
0303030303030303030303030,0.0003536773004875,2.125240598616074e-06,18206367667,results/ebbi/SC5_HBD_MWPM_1x/results/sweep_1_exp_0_checkpoints.csv
0303030303030303030303030,0.0003536773004875,2.125240598616074e-06,22920452008,results/ebbi/SC5_HBD_MWPM_1x/results/sweep_1_exp_0_checkpoints.csv
0303030303030303030303030,0.0003536773004875,2.125240598616074e-06,28856539705,results/ebbi/SC5_HBD_MWPM_1x/results/sweep_1_exp_0_checkpoints.csv
0303030303030303030303030,0.0003536773004875,2.125240598616074e-06,36324924913,results/ebbi/SC5_HBD_MWPM_1x/results/sweep_1_exp_0_checkpoints.csv
0303030303030303030303030,0.0003536773004875,2.125240598616074e-06,45730203046,results/ebbi/SC5_HBD_MWPM_1x/results/sweep_1_exp_0_checkpoints.csv
0303030303030303030303030,0.0003536773004875,2.125240598616074e-06,57572227261,results/ebbi/SC5_HBD_MWPM_1x/results/sweep_1_exp_0_checkpoints.csv
0303030303030303030303030,0.0003536773004875,2.125240598616074e-06,72479085622,results/ebbi/SC5_HBD_MWPM_1x/results/sweep_1_exp_0_checkpoints.csv
0303030303030303030303030,0.0003536773004875,2.125240598616074e-06,91243078210,results/ebbi/SC5_HBD_MWPM_1x/results/sweep_1_exp_0_checkpoints.csv
0303030303030303030303030,0.0003536773004875,2.125240598616074e-06,100000000000,results/ebbi/SC5_HBD_MWPM_1x/results/sweep_1_exp_0_checkpoints.csv
