clifford_deformation,exp_ler,uncertainty,method_shots,source_file
030333300,0.0219094161386115,0.0007078569033183,341297,results/ebbi/SC3_MHBD_MWPM_2_5x/results/sweep_6_exp_0_checkpoints.csv
030333300,0.0219094161386115,0.0007078569033183,632988,results/ebbi/SC3_MHBD_MWPM_2_5x/results/sweep_6_exp_0_checkpoints.csv
030333300,0.0219094161386115,0.0007078569033183,686219,results/ebbi/SC3_MHBD_MWPM_2_5x/results/sweep_6_exp_0_checkpoints.csv
030333300,0.0219094161386115,0.0007078569033183,909492,results/ebbi/SC3_MHBD_MWPM_2_5x/results/sweep_6_exp_0_checkpoints.csv
030333300,0.0219094161386115,0.0007078569033183,1151645,results/ebbi/SC3_MHBD_MWPM_2_5x/results/sweep_6_exp_0_checkpoints.csv
030333300,0.0218866591147646,0.0004716747498605,1367833,results/ebbi/SC3_MHBD_MWPM_2_5x/results/sweep_6_exp_0_checkpoints.csv
030333300,0.0218866591147646,0.0004716747498605,1734674,results/ebbi/SC3_MHBD_MWPM_2_5x/results/sweep_6_exp_0_checkpoints.csv
030333300,0.0218866591147646,0.0004716747498605,2162796,results/ebbi/SC3_MHBD_MWPM_2_5x/results/sweep_6_exp_0_checkpoints.csv
030333300,0.0218866591147646,0.0004716747498605,2757920,results/ebbi/SC3_MHBD_MWPM_2_5x/results/sweep_6_exp_0_checkpoints.csv
030330000,0.0222319014173971,0.0004441294004209,3502195,results/ebbi/SC3_MHBD_MWPM_2_5x/results/sweep_6_exp_0_checkpoints.csv
030330000,0.0222319014173971,0.0004441294004209,4321295,results/ebbi/SC3_MHBD_MWPM_2_5x/results/sweep_6_exp_0_checkpoints.csv
030333300,0.0223696183354195,0.0003178247425239,5487896,results/ebbi/SC3_MHBD_MWPM_2_5x/results/sweep_6_exp_0_checkpoints.csv
030330330,0.0223459655790347,0.0002959425037261,6813436,results/ebbi/SC3_MHBD_MWPM_2_5x/results/sweep_6_exp_0_checkpoints.csv
030330330,0.0223459655790347,0.0002959425037261,8579783,results/ebbi/SC3_MHBD_MWPM_2_5x/results/sweep_6_exp_0_checkpoints.csv
030330330,0.0223459655790347,0.0002959425037261,10851713,results/ebbi/SC3_MHBD_MWPM_2_5x/results/sweep_6_exp_0_checkpoints.csv
033330030,0.021794438415144,0.0004354875709395,13629534,results/ebbi/SC3_MHBD_MWPM_2_5x/results/sweep_6_exp_0_checkpoints.csv
030330030,0.0221467218106879,0.0001958098873728,17247051,results/ebbi/SC3_MHBD_MWPM_2_5x/results/sweep_6_exp_0_checkpoints.csv
030330030,0.0221467218106879,0.0001958098873728,21810871,results/ebbi/SC3_MHBD_MWPM_2_5x/results/sweep_6_exp_0_checkpoints.csv
030330030,0.0221467218106879,0.0001958098873728,27638665,results/ebbi/SC3_MHBD_MWPM_2_5x/results/sweep_6_exp_0_checkpoints.csv
030330030,0.0220167431115055,0.0001301651645917,34180950,results/ebbi/SC3_MHBD_MWPM_2_5x/results/sweep_6_exp_0_checkpoints.csv
033000330,0.0219370349687819,0.0001931983424583,43237992,results/ebbi/SC3_MHBD_MWPM_2_5x/results/sweep_6_exp_0_checkpoints.csv
033000330,0.0219370349687819,0.0001931983424583,54138557,results/ebbi/SC3_MHBD_MWPM_2_5x/results/sweep_6_exp_0_checkpoints.csv
033000330,0.0219370349687819,0.0001931983424583,68146524,results/ebbi/SC3_MHBD_MWPM_2_5x/results/sweep_6_exp_0_checkpoints.csv
033000330,0.0219370349687819,0.0001931983424583,85890316,results/ebbi/SC3_MHBD_MWPM_2_5x/results/sweep_6_exp_0_checkpoints.csv
033000330,0.0218756137125219,0.0001286227052332,107954489,results/ebbi/SC3_MHBD_MWPM_2_5x/results/sweep_6_exp_0_checkpoints.csv
033000330,0.0218756137125219,0.0001286227052332,135897370,results/ebbi/SC3_MHBD_MWPM_2_5x/results/sweep_6_exp_0_checkpoints.csv
033000330,0.0218756137125219,0.0001286227052332,171075550,results/ebbi/SC3_MHBD_MWPM_2_5x/results/sweep_6_exp_0_checkpoints.csv
033000330,0.0218756137125219,0.0001286227052332,215364190,results/ebbi/SC3_MHBD_MWPM_2_5x/results/sweep_6_exp_0_checkpoints.csv
033000330,0.0218756137125219,0.0001286227052332,271114964,results/ebbi/SC3_MHBD_MWPM_2_5x/results/sweep_6_exp_0_checkpoints.csv
033000330,0.0218756137125219,0.0001286227052332,341297721,results/ebbi/SC3_MHBD_MWPM_2_5x/results/sweep_6_exp_0_checkpoints.csv
033000330,0.0218756137125219,0.0001286227052332,429687286,results/ebbi/SC3_MHBD_MWPM_2_5x/results/sweep_6_exp_0_checkpoints.csv
033000330,0.0218756137125219,0.0001286227052332,540957436,results/ebbi/SC3_MHBD_MWPM_2_5x/results/sweep_6_exp_0_checkpoints.csv
033000330,0.0218756137125219,0.0001286227052332,680993196,results/ebbi/SC3_MHBD_MWPM_2_5x/results/sweep_6_exp_0_checkpoints.csv
033000330,0.0218756137125219,0.0001286227052332,857328419,results/ebbi/SC3_MHBD_MWPM_2_5x/results/sweep_6_exp_0_checkpoints.csv
033000330,0.0216803611480615,8.537350367987528e-05,1075664076,results/ebbi/SC3_MHBD_MWPM_2_5x/results/sweep_6_exp_0_checkpoints.csv
333023022,0.0257391393076707,0.0007997984066605,322631,results/ebbi/SC3_MHBD_MWPM_2_5x/results/sweep_10_exp_0_checkpoints.csv
333023022,0.0257391393076707,0.0007997984066605,427097,results/ebbi/SC3_MHBD_MWPM_2_5x/results/sweep_10_exp_0_checkpoints.csv
333023022,0.0257391393076707,0.0007997984066605,539159,results/ebbi/SC3_MHBD_MWPM_2_5x/results/sweep_10_exp_0_checkpoints.csv
333023022,0.0257391393076707,0.0007997984066605,664181,results/ebbi/SC3_MHBD_MWPM_2_5x/results/sweep_10_exp_0_checkpoints.csv
333033022,0.0261639185257032,0.0007860130281187,814726,results/ebbi/SC3_MHBD_MWPM_2_5x/results/sweep_10_exp_0_checkpoints.csv
333033022,0.0260704624570252,0.0005231090472079,1081737,results/ebbi/SC3_MHBD_MWPM_2_5x/results/sweep_10_exp_0_checkpoints.csv
330033020,0.022136625208836,0.0007087144185788,1419566,results/ebbi/SC3_MHBD_MWPM_2_5x/results/sweep_10_exp_0_checkpoints.csv
330033030,0.0218386441283522,0.0006906478083692,1692322,results/ebbi/SC3_MHBD_MWPM_2_5x/results/sweep_10_exp_0_checkpoints.csv
330033030,0.0218386441283522,0.0006906478083692,2105780,results/ebbi/SC3_MHBD_MWPM_2_5x/results/sweep_10_exp_0_checkpoints.csv
330033030,0.0220823946247977,0.0004629457835108,2585501,results/ebbi/SC3_MHBD_MWPM_2_5x/results/sweep_10_exp_0_checkpoints.csv
330033030,0.0220823946247977,0.0004629457835108,3227002,results/ebbi/SC3_MHBD_MWPM_2_5x/results/sweep_10_exp_0_checkpoints.csv
030003030,0.022202920579773,0.00044319537119,4080809,results/ebbi/SC3_MHBD_MWPM_2_5x/results/sweep_10_exp_0_checkpoints.csv
030033030,0.0223541949567698,0.0003064528864342,5191523,results/ebbi/SC3_MHBD_MWPM_2_5x/results/sweep_10_exp_0_checkpoints.csv
030033030,0.0223541949567698,0.0003064528864342,6482223,results/ebbi/SC3_MHBD_MWPM_2_5x/results/sweep_10_exp_0_checkpoints.csv
030033030,0.0225004297255486,0.0002049545728368,8133769,results/ebbi/SC3_MHBD_MWPM_2_5x/results/sweep_10_exp_0_checkpoints.csv
030333030,0.0223508004112735,0.0001987087161978,10309948,results/ebbi/SC3_MHBD_MWPM_2_5x/results/sweep_10_exp_0_checkpoints.csv
030333030,0.0223508004112735,0.0001987087161978,12905711,results/ebbi/SC3_MHBD_MWPM_2_5x/results/sweep_10_exp_0_checkpoints.csv
030330030,0.0221534072313843,0.0001962924725376,16206965,results/ebbi/SC3_MHBD_MWPM_2_5x/results/sweep_10_exp_0_checkpoints.csv
030330030,0.0221534072313843,0.0001962924725376,20608201,results/ebbi/SC3_MHBD_MWPM_2_5x/results/sweep_10_exp_0_checkpoints.csv
030330030,0.0221534072313843,0.0001962924725376,25648422,results/ebbi/SC3_MHBD_MWPM_2_5x/results/sweep_10_exp_0_checkpoints.csv
030330030,0.0221425900585225,0.000130830638227,32272654,results/ebbi/SC3_MHBD_MWPM_2_5x/results/sweep_10_exp_0_checkpoints.csv
030330030,0.0221425900585225,0.000130830638227,40667747,results/ebbi/SC3_MHBD_MWPM_2_5x/results/sweep_10_exp_0_checkpoints.csv
030330030,0.0221425900585225,0.000130830638227,51658535,results/ebbi/SC3_MHBD_MWPM_2_5x/results/sweep_10_exp_0_checkpoints.csv
030330030,0.0221425900585225,0.000130830638227,64398722,results/ebbi/SC3_MHBD_MWPM_2_5x/results/sweep_10_exp_0_checkpoints.csv
033000330,0.0210841240617476,0.0004274206003174,81069540,results/ebbi/SC3_MHBD_MWPM_2_5x/results/sweep_10_exp_0_checkpoints.csv
033000330,0.0210841240617476,0.0004274206003174,102035762,results/ebbi/SC3_MHBD_MWPM_2_5x/results/sweep_10_exp_0_checkpoints.csv
033000330,0.0210841240617476,0.0004274206003174,128479838,results/ebbi/SC3_MHBD_MWPM_2_5x/results/sweep_10_exp_0_checkpoints.csv
033000330,0.0210841240617476,0.0004274206003174,161720238,results/ebbi/SC3_MHBD_MWPM_2_5x/results/sweep_10_exp_0_checkpoints.csv
033000330,0.0210841240617476,0.0004274206003174,203568056,results/ebbi/SC3_MHBD_MWPM_2_5x/results/sweep_10_exp_0_checkpoints.csv
033000330,0.0210841240617476,0.0004274206003174,256281881,results/ebbi/SC3_MHBD_MWPM_2_5x/results/sweep_10_exp_0_checkpoints.csv
033000330,0.0210841240617476,0.0004274206003174,322650176,results/ebbi/SC3_MHBD_MWPM_2_5x/results/sweep_10_exp_0_checkpoints.csv
033000330,0.0210841240617476,0.0004274206003174,406172027,results/ebbi/SC3_MHBD_MWPM_2_5x/results/sweep_10_exp_0_checkpoints.csv
033000330,0.0210841240617476,0.0004274206003174,511373121,results/ebbi/SC3_MHBD_MWPM_2_5x/results/sweep_10_exp_0_checkpoints.csv
033000330,0.0210841240617476,0.0004274206003174,643748657,results/ebbi/SC3_MHBD_MWPM_2_5x/results/sweep_10_exp_0_checkpoints.csv
033000330,0.0210841240617476,0.0004274206003174,810458750,results/ebbi/SC3_MHBD_MWPM_2_5x/results/sweep_10_exp_0_checkpoints.csv
033000330,0.0210841240617476,0.0004274206003174,1020273898,results/ebbi/SC3_MHBD_MWPM_2_5x/results/sweep_10_exp_0_checkpoints.csv
033000330,0.0210312636461271,0.0002845996932592,1069507253,results/ebbi/SC3_MHBD_MWPM_2_5x/results/sweep_10_exp_0_checkpoints.csv
330002003,0.0251021905460643,0.0008007606375031,346736,results/ebbi/SC3_MHBD_MWPM_2_5x/results/sweep_16_exp_0_checkpoints.csv
303230330,0.0238559269766868,0.0007579397060908,549578,results/ebbi/SC3_MHBD_MWPM_2_5x/results/sweep_16_exp_0_checkpoints.csv
030002003,0.0235863390916103,0.0007337139686569,722443,results/ebbi/SC3_MHBD_MWPM_2_5x/results/sweep_16_exp_0_checkpoints.csv
030002003,0.0235863390916103,0.0007337139686569,884106,results/ebbi/SC3_MHBD_MWPM_2_5x/results/sweep_16_exp_0_checkpoints.csv
030002003,0.0235863390916103,0.0007337139686569,1175797,results/ebbi/SC3_MHBD_MWPM_2_5x/results/sweep_16_exp_0_checkpoints.csv
303230330,0.0235633381212925,0.0005022711702622,1411140,results/ebbi/SC3_MHBD_MWPM_2_5x/results/sweep_16_exp_0_checkpoints.csv
303230330,0.0235633381212925,0.0005022711702622,1777622,results/ebbi/SC3_MHBD_MWPM_2_5x/results/sweep_16_exp_0_checkpoints.csv
030302003,0.0229725127706154,0.0004673172079492,2331390,results/ebbi/SC3_MHBD_MWPM_2_5x/results/sweep_16_exp_0_checkpoints.csv
030302003,0.0229725127706154,0.0004673172079492,2758667,results/ebbi/SC3_MHBD_MWPM_2_5x/results/sweep_16_exp_0_checkpoints.csv
030302003,0.0229725127706154,0.0004673172079492,3538024,results/ebbi/SC3_MHBD_MWPM_2_5x/results/sweep_16_exp_0_checkpoints.csv
030000033,0.0225274776934721,0.0004550083831418,4410674,results/ebbi/SC3_MHBD_MWPM_2_5x/results/sweep_16_exp_0_checkpoints.csv
030000033,0.0225274776934721,0.0004550083831418,5544620,results/ebbi/SC3_MHBD_MWPM_2_5x/results/sweep_16_exp_0_checkpoints.csv
030300033,0.0225086352690113,0.000304618384689,7041631,results/ebbi/SC3_MHBD_MWPM_2_5x/results/sweep_16_exp_0_checkpoints.csv
030330030,0.0218671838184652,0.0004402619379106,8746888,results/ebbi/SC3_MHBD_MWPM_2_5x/results/sweep_16_exp_0_checkpoints.csv
030330030,0.0218865796681166,0.0002936376840807,11034534,results/ebbi/SC3_MHBD_MWPM_2_5x/results/sweep_16_exp_0_checkpoints.csv
030330030,0.0218865796681166,0.0002936376840807,13843438,results/ebbi/SC3_MHBD_MWPM_2_5x/results/sweep_16_exp_0_checkpoints.csv
030330030,0.0218865796681166,0.0002936376840807,17690268,results/ebbi/SC3_MHBD_MWPM_2_5x/results/sweep_16_exp_0_checkpoints.csv
030330030,0.0219395052512678,0.0001959904620889,21998276,results/ebbi/SC3_MHBD_MWPM_2_5x/results/sweep_16_exp_0_checkpoints.csv
030330030,0.0219395052512678,0.0001959904620889,27577675,results/ebbi/SC3_MHBD_MWPM_2_5x/results/sweep_16_exp_0_checkpoints.csv
030330030,0.0219395052512678,0.0001959904620889,35196963,results/ebbi/SC3_MHBD_MWPM_2_5x/results/sweep_16_exp_0_checkpoints.csv
030330030,0.0222052847145534,0.0001314316905336,44756817,results/ebbi/SC3_MHBD_MWPM_2_5x/results/sweep_16_exp_0_checkpoints.csv
030330030,0.0221071837739211,8.743181388126686e-05,55001214,results/ebbi/SC3_MHBD_MWPM_2_5x/results/sweep_16_exp_0_checkpoints.csv
030330030,0.0221071837739211,8.743181388126686e-05,69236402,results/ebbi/SC3_MHBD_MWPM_2_5x/results/sweep_16_exp_0_checkpoints.csv
030330030,0.0221071837739211,8.743181388126686e-05,87176332,results/ebbi/SC3_MHBD_MWPM_2_5x/results/sweep_16_exp_0_checkpoints.csv
030330030,0.0221071837739211,8.743181388126686e-05,109685615,results/ebbi/SC3_MHBD_MWPM_2_5x/results/sweep_16_exp_0_checkpoints.csv
033000330,0.0217156326055272,0.0001924488751683,138038181,results/ebbi/SC3_MHBD_MWPM_2_5x/results/sweep_16_exp_0_checkpoints.csv
033000330,0.0217156326055272,0.0001924488751683,173807636,results/ebbi/SC3_MHBD_MWPM_2_5x/results/sweep_16_exp_0_checkpoints.csv
033000330,0.0217156326055272,0.0001924488751683,218784887,results/ebbi/SC3_MHBD_MWPM_2_5x/results/sweep_16_exp_0_checkpoints.csv
033000330,0.0217156326055272,0.0001924488751683,275425939,results/ebbi/SC3_MHBD_MWPM_2_5x/results/sweep_16_exp_0_checkpoints.csv
033000330,0.0217156326055272,0.0001924488751683,346744087,results/ebbi/SC3_MHBD_MWPM_2_5x/results/sweep_16_exp_0_checkpoints.csv
033000330,0.0217156326055272,0.0001924488751683,436526339,results/ebbi/SC3_MHBD_MWPM_2_5x/results/sweep_16_exp_0_checkpoints.csv
033000330,0.0217156326055272,0.0001924488751683,549582555,results/ebbi/SC3_MHBD_MWPM_2_5x/results/sweep_16_exp_0_checkpoints.csv
033000330,0.0217156326055272,0.0001924488751683,691856432,results/ebbi/SC3_MHBD_MWPM_2_5x/results/sweep_16_exp_0_checkpoints.csv
033000330,0.0217156326055272,0.0001924488751683,870979967,results/ebbi/SC3_MHBD_MWPM_2_5x/results/sweep_16_exp_0_checkpoints.csv
033000330,0.0218412485657877,3.8122041587485e-05,1084780913,results/ebbi/SC3_MHBD_MWPM_2_5x/results/sweep_16_exp_0_checkpoints.csv
330232302,0.0252073869247481,0.0007788712973706,363146,results/ebbi/SC3_MHBD_MWPM_2_5x/results/sweep_21_exp_0_checkpoints.csv
330232302,0.0252073869247481,0.0007788712973706,463227,results/ebbi/SC3_MHBD_MWPM_2_5x/results/sweep_21_exp_0_checkpoints.csv
330002302,0.024614150186435,0.0007527067209593,589218,results/ebbi/SC3_MHBD_MWPM_2_5x/results/sweep_21_exp_0_checkpoints.csv
330002302,0.024614150186435,0.0007527067209593,792592,results/ebbi/SC3_MHBD_MWPM_2_5x/results/sweep_21_exp_0_checkpoints.csv
330002302,0.024614150186435,0.0007527067209593,936703,results/ebbi/SC3_MHBD_MWPM_2_5x/results/sweep_21_exp_0_checkpoints.csv
330002302,0.024614150186435,0.0007527067209593,1156114,results/ebbi/SC3_MHBD_MWPM_2_5x/results/sweep_21_exp_0_checkpoints.csv
330002302,0.024614150186435,0.0007527067209593,1448954,results/ebbi/SC3_MHBD_MWPM_2_5x/results/sweep_21_exp_0_checkpoints.csv
330002302,0.024614150186435,0.0007527067209593,1835893,results/ebbi/SC3_MHBD_MWPM_2_5x/results/sweep_21_exp_0_checkpoints.csv
330002302,0.0251418621970022,0.000507027900312,2386657,results/ebbi/SC3_MHBD_MWPM_2_5x/results/sweep_21_exp_0_checkpoints.csv
333002302,0.0254389107846649,0.0003374625521246,2978861,results/ebbi/SC3_MHBD_MWPM_2_5x/results/sweep_21_exp_0_checkpoints.csv
330002002,0.0253872809268401,0.0003352164640091,3768458,results/ebbi/SC3_MHBD_MWPM_2_5x/results/sweep_21_exp_0_checkpoints.csv
330002002,0.0253872809268401,0.0003352164640091,4713496,results/ebbi/SC3_MHBD_MWPM_2_5x/results/sweep_21_exp_0_checkpoints.csv
033003302,0.0235818476499189,0.0004829498648177,5794929,results/ebbi/SC3_MHBD_MWPM_2_5x/results/sweep_21_exp_0_checkpoints.csv
033003302,0.0235818476499189,0.0004829498648177,7281712,results/ebbi/SC3_MHBD_MWPM_2_5x/results/sweep_21_exp_0_checkpoints.csv
033003302,0.0235821661556747,0.0003219717764295,9219971,results/ebbi/SC3_MHBD_MWPM_2_5x/results/sweep_21_exp_0_checkpoints.csv
033003303,0.0239177687826649,0.0002123834419762,11730586,results/ebbi/SC3_MHBD_MWPM_2_5x/results/sweep_21_exp_0_checkpoints.csv
033003333,0.0229712322885358,0.0004679857520386,14501673,results/ebbi/SC3_MHBD_MWPM_2_5x/results/sweep_21_exp_0_checkpoints.csv
033000330,0.0218165194312635,0.0003005540056619,18284804,results/ebbi/SC3_MHBD_MWPM_2_5x/results/sweep_21_exp_0_checkpoints.csv
033000330,0.0218608431286967,0.000200568974833,22928041,results/ebbi/SC3_MHBD_MWPM_2_5x/results/sweep_21_exp_0_checkpoints.csv
333000330,0.0218386762285275,0.0001967848656931,28926332,results/ebbi/SC3_MHBD_MWPM_2_5x/results/sweep_21_exp_0_checkpoints.csv
333000330,0.0218386762285275,0.0001967848656931,36378785,results/ebbi/SC3_MHBD_MWPM_2_5x/results/sweep_21_exp_0_checkpoints.csv
333000330,0.0218386762285275,0.0001967848656931,45778324,results/ebbi/SC3_MHBD_MWPM_2_5x/results/sweep_21_exp_0_checkpoints.csv
333000330,0.0218386762285275,0.0001967848656931,57573845,results/ebbi/SC3_MHBD_MWPM_2_5x/results/sweep_21_exp_0_checkpoints.csv
033000330,0.0217262793161372,0.0001333098916802,72481290,results/ebbi/SC3_MHBD_MWPM_2_5x/results/sweep_21_exp_0_checkpoints.csv
033000330,0.0217262793161372,0.0001333098916802,91254114,results/ebbi/SC3_MHBD_MWPM_2_5x/results/sweep_21_exp_0_checkpoints.csv
033000330,0.0217262793161372,0.0001333098916802,114867323,results/ebbi/SC3_MHBD_MWPM_2_5x/results/sweep_21_exp_0_checkpoints.csv
033000330,0.0217262793161372,0.0001333098916802,144575770,results/ebbi/SC3_MHBD_MWPM_2_5x/results/sweep_21_exp_0_checkpoints.csv
033000330,0.0217262793161372,0.0001333098916802,182024302,results/ebbi/SC3_MHBD_MWPM_2_5x/results/sweep_21_exp_0_checkpoints.csv
033000330,0.0217262793161372,0.0001333098916802,229167007,results/ebbi/SC3_MHBD_MWPM_2_5x/results/sweep_21_exp_0_checkpoints.csv
033000330,0.0217262793161372,0.0001333098916802,288494945,results/ebbi/SC3_MHBD_MWPM_2_5x/results/sweep_21_exp_0_checkpoints.csv
033000330,0.0217262793161372,0.0001333098916802,363169606,results/ebbi/SC3_MHBD_MWPM_2_5x/results/sweep_21_exp_0_checkpoints.csv
033000330,0.0217262793161372,0.0001333098916802,457197656,results/ebbi/SC3_MHBD_MWPM_2_5x/results/sweep_21_exp_0_checkpoints.csv
033000330,0.0217262793161372,0.0001333098916802,575551694,results/ebbi/SC3_MHBD_MWPM_2_5x/results/sweep_21_exp_0_checkpoints.csv
033000330,0.0217262793161372,0.0001333098916802,724583286,results/ebbi/SC3_MHBD_MWPM_2_5x/results/sweep_21_exp_0_checkpoints.csv
033000330,0.0217262793161372,0.0001333098916802,912188213,results/ebbi/SC3_MHBD_MWPM_2_5x/results/sweep_21_exp_0_checkpoints.csv
033000330,0.0218036863695175,3.956801083404571e-05,1067641931,results/ebbi/SC3_MHBD_MWPM_2_5x/results/sweep_21_exp_0_checkpoints.csv
030000333,0.0234453660641511,0.0007408506353385,332622,results/ebbi/SC3_MHBD_MWPM_2_5x/results/sweep_7_exp_0_checkpoints.csv
030000033,0.0230808057633184,0.0007192441262304,620619,results/ebbi/SC3_MHBD_MWPM_2_5x/results/sweep_7_exp_0_checkpoints.csv
030000033,0.0230808057633184,0.0007192441262304,693511,results/ebbi/SC3_MHBD_MWPM_2_5x/results/sweep_7_exp_0_checkpoints.csv
030000033,0.0230808057633184,0.0007192441262304,843211,results/ebbi/SC3_MHBD_MWPM_2_5x/results/sweep_7_exp_0_checkpoints.csv
030000333,0.0229931595882967,0.0004892371362075,1075388,results/ebbi/SC3_MHBD_MWPM_2_5x/results/sweep_7_exp_0_checkpoints.csv
030000333,0.0229931595882967,0.0004892371362075,1359039,results/ebbi/SC3_MHBD_MWPM_2_5x/results/sweep_7_exp_0_checkpoints.csv
030000030,0.0226268392303528,0.000466533092549,1688545,results/ebbi/SC3_MHBD_MWPM_2_5x/results/sweep_7_exp_0_checkpoints.csv
030000030,0.0226268392303528,0.000466533092549,2193208,results/ebbi/SC3_MHBD_MWPM_2_5x/results/sweep_7_exp_0_checkpoints.csv
030000030,0.0226268392303528,0.000466533092549,2685925,results/ebbi/SC3_MHBD_MWPM_2_5x/results/sweep_7_exp_0_checkpoints.csv
030000030,0.0226268392303528,0.000466533092549,3330324,results/ebbi/SC3_MHBD_MWPM_2_5x/results/sweep_7_exp_0_checkpoints.csv
030300330,0.0218868390709932,0.0006639058701694,4259337,results/ebbi/SC3_MHBD_MWPM_2_5x/results/sweep_7_exp_0_checkpoints.csv
030030030,0.0221457205060213,0.0003002411103807,5327526,results/ebbi/SC3_MHBD_MWPM_2_5x/results/sweep_7_exp_0_checkpoints.csv
030330330,0.0215911038158713,0.0004364867054391,6656956,results/ebbi/SC3_MHBD_MWPM_2_5x/results/sweep_7_exp_0_checkpoints.csv
030330330,0.0215911038158713,0.0004364867054391,8370284,results/ebbi/SC3_MHBD_MWPM_2_5x/results/sweep_7_exp_0_checkpoints.csv
030330030,0.0220295503808141,0.0002927196910604,10751821,results/ebbi/SC3_MHBD_MWPM_2_5x/results/sweep_7_exp_0_checkpoints.csv
030330330,0.0220089931518075,0.0001958228822331,13261640,results/ebbi/SC3_MHBD_MWPM_2_5x/results/sweep_7_exp_0_checkpoints.csv
030330330,0.0220089931518075,0.0001958228822331,16687976,results/ebbi/SC3_MHBD_MWPM_2_5x/results/sweep_7_exp_0_checkpoints.csv
030330330,0.0220089931518075,0.0001958228822331,21477440,results/ebbi/SC3_MHBD_MWPM_2_5x/results/sweep_7_exp_0_checkpoints.csv
030330330,0.0220089931518075,0.0001958228822331,26432443,results/ebbi/SC3_MHBD_MWPM_2_5x/results/sweep_7_exp_0_checkpoints.csv
033300330,0.0220499886150666,0.0001943437964655,33839721,results/ebbi/SC3_MHBD_MWPM_2_5x/results/sweep_7_exp_0_checkpoints.csv
033000330,0.0219676981666044,0.0001291032967856,41954633,results/ebbi/SC3_MHBD_MWPM_2_5x/results/sweep_7_exp_0_checkpoints.csv
033000330,0.0219676981666044,0.0001291032967856,52744198,results/ebbi/SC3_MHBD_MWPM_2_5x/results/sweep_7_exp_0_checkpoints.csv
033000330,0.0219676981666044,0.0001291032967856,66381551,results/ebbi/SC3_MHBD_MWPM_2_5x/results/sweep_7_exp_0_checkpoints.csv
033000330,0.0219676981666044,0.0001291032967856,83596482,results/ebbi/SC3_MHBD_MWPM_2_5x/results/sweep_7_exp_0_checkpoints.csv
033000330,0.0219676981666044,0.0001291032967856,105203534,results/ebbi/SC3_MHBD_MWPM_2_5x/results/sweep_7_exp_0_checkpoints.csv
033000330,0.0219676981666044,0.0001291032967856,132426716,results/ebbi/SC3_MHBD_MWPM_2_5x/results/sweep_7_exp_0_checkpoints.csv
033000330,0.0219676981666044,0.0001291032967856,166728326,results/ebbi/SC3_MHBD_MWPM_2_5x/results/sweep_7_exp_0_checkpoints.csv
033000330,0.0219676981666044,0.0001291032967856,209897238,results/ebbi/SC3_MHBD_MWPM_2_5x/results/sweep_7_exp_0_checkpoints.csv
033000330,0.0219676981666044,0.0001291032967856,264260612,results/ebbi/SC3_MHBD_MWPM_2_5x/results/sweep_7_exp_0_checkpoints.csv
033000330,0.0219676981666044,0.0001291032967856,332647300,results/ebbi/SC3_MHBD_MWPM_2_5x/results/sweep_7_exp_0_checkpoints.csv
033000330,0.0219676981666044,0.0001291032967856,418791426,results/ebbi/SC3_MHBD_MWPM_2_5x/results/sweep_7_exp_0_checkpoints.csv
033000330,0.0219676981666044,0.0001291032967856,527190064,results/ebbi/SC3_MHBD_MWPM_2_5x/results/sweep_7_exp_0_checkpoints.csv
033000330,0.0219676981666044,0.0001291032967856,663693050,results/ebbi/SC3_MHBD_MWPM_2_5x/results/sweep_7_exp_0_checkpoints.csv
033000330,0.0219676981666044,0.0001291032967856,835511674,results/ebbi/SC3_MHBD_MWPM_2_5x/results/sweep_7_exp_0_checkpoints.csv
033000330,0.0219676981666044,0.0001291032967856,1051846537,results/ebbi/SC3_MHBD_MWPM_2_5x/results/sweep_7_exp_0_checkpoints.csv
033000330,0.0218341360825867,5.7208519137930125e-05,1077022875,results/ebbi/SC3_MHBD_MWPM_2_5x/results/sweep_7_exp_0_checkpoints.csv
033302033,0.0239308249591025,0.0007388272788375,287797,results/ebbi/SC3_MHBD_MWPM_2_5x/results/sweep_1_exp_0_checkpoints.csv
033303033,0.0226878110892464,0.0007164587150327,542123,results/ebbi/SC3_MHBD_MWPM_2_5x/results/sweep_1_exp_0_checkpoints.csv
033303033,0.0226878110892464,0.0007164587150327,722947,results/ebbi/SC3_MHBD_MWPM_2_5x/results/sweep_1_exp_0_checkpoints.csv
033303033,0.0226878110892464,0.0007164587150327,958005,results/ebbi/SC3_MHBD_MWPM_2_5x/results/sweep_1_exp_0_checkpoints.csv
033303033,0.0230897454365855,0.0004817623121198,1227902,results/ebbi/SC3_MHBD_MWPM_2_5x/results/sweep_1_exp_0_checkpoints.csv
033303033,0.0230897454365855,0.0004817623121198,1566785,results/ebbi/SC3_MHBD_MWPM_2_5x/results/sweep_1_exp_0_checkpoints.csv
033303033,0.0230897454365855,0.0004817623121198,1860869,results/ebbi/SC3_MHBD_MWPM_2_5x/results/sweep_1_exp_0_checkpoints.csv
033303033,0.0230762898667373,0.0003210862341802,2383438,results/ebbi/SC3_MHBD_MWPM_2_5x/results/sweep_1_exp_0_checkpoints.csv
030303033,0.022834452576775,0.0004587491275742,2905811,results/ebbi/SC3_MHBD_MWPM_2_5x/results/sweep_1_exp_0_checkpoints.csv
033303033,0.0230762898667373,0.0003210862341802,3690748,results/ebbi/SC3_MHBD_MWPM_2_5x/results/sweep_1_exp_0_checkpoints.csv
030303033,0.0231942016591839,0.0003081784816458,4801239,results/ebbi/SC3_MHBD_MWPM_2_5x/results/sweep_1_exp_0_checkpoints.csv
030303033,0.0231942016591839,0.0003081784816458,5982642,results/ebbi/SC3_MHBD_MWPM_2_5x/results/sweep_1_exp_0_checkpoints.csv
030300033,0.0220885638242135,0.0006728098960593,7481873,results/ebbi/SC3_MHBD_MWPM_2_5x/results/sweep_1_exp_0_checkpoints.csv
330303030,0.0223335303111311,0.0004525546100921,9140334,results/ebbi/SC3_MHBD_MWPM_2_5x/results/sweep_1_exp_0_checkpoints.csv
030300033,0.0227451701931922,0.0002022312837652,11690477,results/ebbi/SC3_MHBD_MWPM_2_5x/results/sweep_1_exp_0_checkpoints.csv
030300033,0.0227451701931922,0.0002022312837652,14456955,results/ebbi/SC3_MHBD_MWPM_2_5x/results/sweep_1_exp_0_checkpoints.csv
030330033,0.0222153731355389,0.000296799611533,18442843,results/ebbi/SC3_MHBD_MWPM_2_5x/results/sweep_1_exp_0_checkpoints.csv
030330033,0.0223443447917868,0.0001984275149879,23245280,results/ebbi/SC3_MHBD_MWPM_2_5x/results/sweep_1_exp_0_checkpoints.csv
030330033,0.0223443447917868,0.0001984275149879,29455247,results/ebbi/SC3_MHBD_MWPM_2_5x/results/sweep_1_exp_0_checkpoints.csv
030330030,0.022101738335434,0.0001304035686189,36497556,results/ebbi/SC3_MHBD_MWPM_2_5x/results/sweep_1_exp_0_checkpoints.csv
030330030,0.022101738335434,0.0001304035686189,45630139,results/ebbi/SC3_MHBD_MWPM_2_5x/results/sweep_1_exp_0_checkpoints.csv
030330030,0.022101738335434,0.0001304035686189,57439447,results/ebbi/SC3_MHBD_MWPM_2_5x/results/sweep_1_exp_0_checkpoints.csv
030330030,0.022101738335434,0.0001304035686189,72354331,results/ebbi/SC3_MHBD_MWPM_2_5x/results/sweep_1_exp_0_checkpoints.csv
030330030,0.0221745795736359,8.707567030796781e-05,91741396,results/ebbi/SC3_MHBD_MWPM_2_5x/results/sweep_1_exp_0_checkpoints.csv
033300330,0.0220320852661616,8.624001202406362e-05,114608673,results/ebbi/SC3_MHBD_MWPM_2_5x/results/sweep_1_exp_0_checkpoints.csv
333000330,0.0216371608530932,0.0002881362452171,144242965,results/ebbi/SC3_MHBD_MWPM_2_5x/results/sweep_1_exp_0_checkpoints.csv
333000330,0.0216371608530932,0.0002881362452171,181589682,results/ebbi/SC3_MHBD_MWPM_2_5x/results/sweep_1_exp_0_checkpoints.csv
333000330,0.0216371608530932,0.0002881362452171,228629693,results/ebbi/SC3_MHBD_MWPM_2_5x/results/sweep_1_exp_0_checkpoints.csv
333000330,0.0216371608530932,0.0002881362452171,287825935,results/ebbi/SC3_MHBD_MWPM_2_5x/results/sweep_1_exp_0_checkpoints.csv
333000330,0.0216371608530932,0.0002881362452171,362348221,results/ebbi/SC3_MHBD_MWPM_2_5x/results/sweep_1_exp_0_checkpoints.csv
333000330,0.0216371608530932,0.0002881362452171,456133457,results/ebbi/SC3_MHBD_MWPM_2_5x/results/sweep_1_exp_0_checkpoints.csv
333000330,0.0216371608530932,0.0002881362452171,574259684,results/ebbi/SC3_MHBD_MWPM_2_5x/results/sweep_1_exp_0_checkpoints.csv
333000330,0.0216371608530932,0.0002881362452171,722961925,results/ebbi/SC3_MHBD_MWPM_2_5x/results/sweep_1_exp_0_checkpoints.csv
333000330,0.0216371608530932,0.0002881362452171,910139349,results/ebbi/SC3_MHBD_MWPM_2_5x/results/sweep_1_exp_0_checkpoints.csv
033000330,0.0218384255692698,5.827414497616701e-05,1117781976,results/ebbi/SC3_MHBD_MWPM_2_5x/results/sweep_1_exp_0_checkpoints.csv
233002000,0.0248052635559252,0.000780883943662,319567,results/ebbi/SC3_MHBD_MWPM_2_5x/results/sweep_11_exp_0_checkpoints.csv
233002030,0.024520205592493,0.0007509507704526,525175,results/ebbi/SC3_MHBD_MWPM_2_5x/results/sweep_11_exp_0_checkpoints.csv
233002030,0.024520205592493,0.0007509507704526,653974,results/ebbi/SC3_MHBD_MWPM_2_5x/results/sweep_11_exp_0_checkpoints.csv
233002030,0.024520205592493,0.0007509507704526,819902,results/ebbi/SC3_MHBD_MWPM_2_5x/results/sweep_11_exp_0_checkpoints.csv
233002030,0.024520205592493,0.0007509507704526,1022930,results/ebbi/SC3_MHBD_MWPM_2_5x/results/sweep_11_exp_0_checkpoints.csv
233002030,0.0250762346875687,0.0005061439005658,1300761,results/ebbi/SC3_MHBD_MWPM_2_5x/results/sweep_11_exp_0_checkpoints.csv
230000000,0.0246034115358087,0.00049703248078,1607334,results/ebbi/SC3_MHBD_MWPM_2_5x/results/sweep_11_exp_0_checkpoints.csv
230000000,0.0246034115358087,0.00049703248078,2028957,results/ebbi/SC3_MHBD_MWPM_2_5x/results/sweep_11_exp_0_checkpoints.csv
033030000,0.0216648648648648,0.000676957250107,2686136,results/ebbi/SC3_MHBD_MWPM_2_5x/results/sweep_11_exp_0_checkpoints.csv
033030000,0.0216648648648648,0.000676957250107,3282929,results/ebbi/SC3_MHBD_MWPM_2_5x/results/sweep_11_exp_0_checkpoints.csv
033030000,0.0216648648648648,0.000676957250107,4074037,results/ebbi/SC3_MHBD_MWPM_2_5x/results/sweep_11_exp_0_checkpoints.csv
033030030,0.0223462096843064,0.0004553013131953,5160891,results/ebbi/SC3_MHBD_MWPM_2_5x/results/sweep_11_exp_0_checkpoints.csv
033030030,0.022566823269427,0.0003049969964195,6444789,results/ebbi/SC3_MHBD_MWPM_2_5x/results/sweep_11_exp_0_checkpoints.csv
033030030,0.0224980459707636,0.0002030291070695,8252377,results/ebbi/SC3_MHBD_MWPM_2_5x/results/sweep_11_exp_0_checkpoints.csv
033030030,0.0224980459707636,0.0002030291070695,10314574,results/ebbi/SC3_MHBD_MWPM_2_5x/results/sweep_11_exp_0_checkpoints.csv
033030030,0.0224980459707636,0.0002030291070695,13158584,results/ebbi/SC3_MHBD_MWPM_2_5x/results/sweep_11_exp_0_checkpoints.csv
033030030,0.0224566623986484,0.000135231312015,16019733,results/ebbi/SC3_MHBD_MWPM_2_5x/results/sweep_11_exp_0_checkpoints.csv
030030330,0.0222910639117506,0.0002957281540147,20176719,results/ebbi/SC3_MHBD_MWPM_2_5x/results/sweep_11_exp_0_checkpoints.csv
030330030,0.0217856758383936,0.0002914954966399,25592852,results/ebbi/SC3_MHBD_MWPM_2_5x/results/sweep_11_exp_0_checkpoints.csv
030030030,0.0219478369312806,0.0001961200614459,31981924,results/ebbi/SC3_MHBD_MWPM_2_5x/results/sweep_11_exp_0_checkpoints.csv
030330030,0.022010834412817,0.0001953101746039,40864618,results/ebbi/SC3_MHBD_MWPM_2_5x/results/sweep_11_exp_0_checkpoints.csv
030330030,0.0220996911871377,0.0001304636389249,52172172,results/ebbi/SC3_MHBD_MWPM_2_5x/results/sweep_11_exp_0_checkpoints.csv
030330030,0.0220996911871377,0.0001304636389249,63808089,results/ebbi/SC3_MHBD_MWPM_2_5x/results/sweep_11_exp_0_checkpoints.csv
030330030,0.0220996911871377,0.0001304636389249,81606097,results/ebbi/SC3_MHBD_MWPM_2_5x/results/sweep_11_exp_0_checkpoints.csv
030330030,0.0220605119531339,8.690043614478782e-05,101125291,results/ebbi/SC3_MHBD_MWPM_2_5x/results/sweep_11_exp_0_checkpoints.csv
030330030,0.0220605119531339,8.690043614478782e-05,127255104,results/ebbi/SC3_MHBD_MWPM_2_5x/results/sweep_11_exp_0_checkpoints.csv
030330030,0.0220605119531339,8.690043614478782e-05,160170950,results/ebbi/SC3_MHBD_MWPM_2_5x/results/sweep_11_exp_0_checkpoints.csv
030330030,0.0220605119531339,8.690043614478782e-05,201676012,results/ebbi/SC3_MHBD_MWPM_2_5x/results/sweep_11_exp_0_checkpoints.csv
030330030,0.0220605119531339,8.690043614478782e-05,253859141,results/ebbi/SC3_MHBD_MWPM_2_5x/results/sweep_11_exp_0_checkpoints.csv
030330030,0.0220605119531339,8.690043614478782e-05,319586568,results/ebbi/SC3_MHBD_MWPM_2_5x/results/sweep_11_exp_0_checkpoints.csv
030330030,0.0220605119531339,8.690043614478782e-05,402357338,results/ebbi/SC3_MHBD_MWPM_2_5x/results/sweep_11_exp_0_checkpoints.csv
030330030,0.0220605119531339,8.690043614478782e-05,506486605,results/ebbi/SC3_MHBD_MWPM_2_5x/results/sweep_11_exp_0_checkpoints.csv
030330030,0.0220605119531339,8.690043614478782e-05,637644427,results/ebbi/SC3_MHBD_MWPM_2_5x/results/sweep_11_exp_0_checkpoints.csv
030330030,0.0220605119531339,8.690043614478782e-05,802719872,results/ebbi/SC3_MHBD_MWPM_2_5x/results/sweep_11_exp_0_checkpoints.csv
030330030,0.0220605119531339,8.690043614478782e-05,1010580252,results/ebbi/SC3_MHBD_MWPM_2_5x/results/sweep_11_exp_0_checkpoints.csv
033000330,0.0218930983271543,3.8165555451996624e-05,1147177941,results/ebbi/SC3_MHBD_MWPM_2_5x/results/sweep_11_exp_0_checkpoints.csv
230033020,0.0238339121093262,0.0007623906712979,343583,results/ebbi/SC3_MHBD_MWPM_2_5x/results/sweep_20_exp_0_checkpoints.csv
230033020,0.0238339121093262,0.0007623906712979,525809,results/ebbi/SC3_MHBD_MWPM_2_5x/results/sweep_20_exp_0_checkpoints.csv
230033020,0.0238339121093262,0.0007623906712979,592442,results/ebbi/SC3_MHBD_MWPM_2_5x/results/sweep_20_exp_0_checkpoints.csv
230033020,0.0238339121093262,0.0007623906712979,727103,results/ebbi/SC3_MHBD_MWPM_2_5x/results/sweep_20_exp_0_checkpoints.csv
030030020,0.023543711173134,0.0007193339988589,935329,results/ebbi/SC3_MHBD_MWPM_2_5x/results/sweep_20_exp_0_checkpoints.csv
030030020,0.023543711173134,0.0007193339988589,1134408,results/ebbi/SC3_MHBD_MWPM_2_5x/results/sweep_20_exp_0_checkpoints.csv
030030020,0.023543711173134,0.0007193339988589,1383309,results/ebbi/SC3_MHBD_MWPM_2_5x/results/sweep_20_exp_0_checkpoints.csv
030030020,0.0235394157663065,0.0004795234999619,1788437,results/ebbi/SC3_MHBD_MWPM_2_5x/results/sweep_20_exp_0_checkpoints.csv
030030020,0.0235394157663065,0.0004795234999619,2250454,results/ebbi/SC3_MHBD_MWPM_2_5x/results/sweep_20_exp_0_checkpoints.csv
030030020,0.0235394157663065,0.0004795234999619,2741744,results/ebbi/SC3_MHBD_MWPM_2_5x/results/sweep_20_exp_0_checkpoints.csv
033030020,0.0236328556207224,0.0004706268082372,3487750,results/ebbi/SC3_MHBD_MWPM_2_5x/results/sweep_20_exp_0_checkpoints.csv
033030000,0.0229601461716839,0.0003083830815739,4457168,results/ebbi/SC3_MHBD_MWPM_2_5x/results/sweep_20_exp_0_checkpoints.csv
033030000,0.0229601461716839,0.0003083830815739,5457401,results/ebbi/SC3_MHBD_MWPM_2_5x/results/sweep_20_exp_0_checkpoints.csv
033030030,0.0229220285142883,0.0003051566018257,6889949,results/ebbi/SC3_MHBD_MWPM_2_5x/results/sweep_20_exp_0_checkpoints.csv
033030000,0.0227567768204196,0.0002046982699539,8635651,results/ebbi/SC3_MHBD_MWPM_2_5x/results/sweep_20_exp_0_checkpoints.csv
330030030,0.0222697040511169,0.0002982531150337,11075765,results/ebbi/SC3_MHBD_MWPM_2_5x/results/sweep_20_exp_0_checkpoints.csv
330030030,0.0222697040511169,0.0002982531150337,13805748,results/ebbi/SC3_MHBD_MWPM_2_5x/results/sweep_20_exp_0_checkpoints.csv
330030030,0.0223156732651334,0.0001990366145037,17286420,results/ebbi/SC3_MHBD_MWPM_2_5x/results/sweep_20_exp_0_checkpoints.csv
330030030,0.0223156732651334,0.0001990366145037,22360004,results/ebbi/SC3_MHBD_MWPM_2_5x/results/sweep_20_exp_0_checkpoints.csv
033030030,0.0224618053217124,0.0001342890609521,27481464,results/ebbi/SC3_MHBD_MWPM_2_5x/results/sweep_20_exp_0_checkpoints.csv
030030030,0.0224433551129753,0.0001313251559622,34366411,results/ebbi/SC3_MHBD_MWPM_2_5x/results/sweep_20_exp_0_checkpoints.csv
330030030,0.0224774594147517,8.877366781234741e-05,43438986,results/ebbi/SC3_MHBD_MWPM_2_5x/results/sweep_20_exp_0_checkpoints.csv
030330330,0.0218686863381549,0.0001935184118337,54495369,results/ebbi/SC3_MHBD_MWPM_2_5x/results/sweep_20_exp_0_checkpoints.csv
033000330,0.0215610362111332,0.0002870816679205,68583406,results/ebbi/SC3_MHBD_MWPM_2_5x/results/sweep_20_exp_0_checkpoints.csv
033000330,0.0215610362111332,0.0002870816679205,86540369,results/ebbi/SC3_MHBD_MWPM_2_5x/results/sweep_20_exp_0_checkpoints.csv
033000330,0.0215610362111332,0.0002870816679205,108669054,results/ebbi/SC3_MHBD_MWPM_2_5x/results/sweep_20_exp_0_checkpoints.csv
033000330,0.0215610362111332,0.0002870816679205,136799043,results/ebbi/SC3_MHBD_MWPM_2_5x/results/sweep_20_exp_0_checkpoints.csv
033000330,0.0215610362111332,0.0002870816679205,172282422,results/ebbi/SC3_MHBD_MWPM_2_5x/results/sweep_20_exp_0_checkpoints.csv
033000330,0.0215610362111332,0.0002870816679205,216795591,results/ebbi/SC3_MHBD_MWPM_2_5x/results/sweep_20_exp_0_checkpoints.csv
033000330,0.0215610362111332,0.0002870816679205,272944215,results/ebbi/SC3_MHBD_MWPM_2_5x/results/sweep_20_exp_0_checkpoints.csv
033000330,0.0215610362111332,0.0002870816679205,343588749,results/ebbi/SC3_MHBD_MWPM_2_5x/results/sweep_20_exp_0_checkpoints.csv
033000330,0.0215610362111332,0.0002870816679205,432564291,results/ebbi/SC3_MHBD_MWPM_2_5x/results/sweep_20_exp_0_checkpoints.csv
033000330,0.0215610362111332,0.0002870816679205,544578993,results/ebbi/SC3_MHBD_MWPM_2_5x/results/sweep_20_exp_0_checkpoints.csv
033000330,0.0215610362111332,0.0002870816679205,685576780,results/ebbi/SC3_MHBD_MWPM_2_5x/results/sweep_20_exp_0_checkpoints.csv
033000330,0.0215610362111332,0.0002870816679205,863048479,results/ebbi/SC3_MHBD_MWPM_2_5x/results/sweep_20_exp_0_checkpoints.csv
033000330,0.0216314618117612,0.0001277961127925,1078471092,results/ebbi/SC3_MHBD_MWPM_2_5x/results/sweep_20_exp_0_checkpoints.csv
230333300,0.0241344706472654,0.0007686697645112,258132,results/ebbi/SC3_MHBD_MWPM_2_5x/results/sweep_17_exp_0_checkpoints.csv
230333300,0.0241344706472654,0.0007686697645112,468083,results/ebbi/SC3_MHBD_MWPM_2_5x/results/sweep_17_exp_0_checkpoints.csv
230333300,0.0241344706472654,0.0007686697645112,577408,results/ebbi/SC3_MHBD_MWPM_2_5x/results/sweep_17_exp_0_checkpoints.csv
230333300,0.0241344706472654,0.0007686697645112,666037,results/ebbi/SC3_MHBD_MWPM_2_5x/results/sweep_17_exp_0_checkpoints.csv
230333300,0.0241344706472654,0.0007686697645112,820712,results/ebbi/SC3_MHBD_MWPM_2_5x/results/sweep_17_exp_0_checkpoints.csv
230333300,0.0244084654668718,0.0005152869853191,1048472,results/ebbi/SC3_MHBD_MWPM_2_5x/results/sweep_17_exp_0_checkpoints.csv
230330303,0.0232188437597958,0.0007125986157916,1397919,results/ebbi/SC3_MHBD_MWPM_2_5x/results/sweep_17_exp_0_checkpoints.csv
230330033,0.0230560877320473,0.0007042750366963,1715168,results/ebbi/SC3_MHBD_MWPM_2_5x/results/sweep_17_exp_0_checkpoints.csv
230330033,0.0237540617781779,0.0004764095938298,2115243,results/ebbi/SC3_MHBD_MWPM_2_5x/results/sweep_17_exp_0_checkpoints.csv
330330003,0.0234594993494261,0.0004716428811661,2624415,results/ebbi/SC3_MHBD_MWPM_2_5x/results/sweep_17_exp_0_checkpoints.csv
330330003,0.0234594993494261,0.0004716428811661,3297291,results/ebbi/SC3_MHBD_MWPM_2_5x/results/sweep_17_exp_0_checkpoints.csv
330330003,0.0234036492948264,0.0003140656044706,4199329,results/ebbi/SC3_MHBD_MWPM_2_5x/results/sweep_17_exp_0_checkpoints.csv
330300003,0.0226551880380607,0.0006911816890351,5164421,results/ebbi/SC3_MHBD_MWPM_2_5x/results/sweep_17_exp_0_checkpoints.csv
030330000,0.0231608379758096,0.0003095924330409,6761974,results/ebbi/SC3_MHBD_MWPM_2_5x/results/sweep_17_exp_0_checkpoints.csv
030330020,0.0210900326220209,0.0006549544632434,8171013,results/ebbi/SC3_MHBD_MWPM_2_5x/results/sweep_17_exp_0_checkpoints.csv
030330030,0.0218789010803352,0.0004481760552152,10311193,results/ebbi/SC3_MHBD_MWPM_2_5x/results/sweep_17_exp_0_checkpoints.csv
030330030,0.0219469868259676,0.000299240957247,13110906,results/ebbi/SC3_MHBD_MWPM_2_5x/results/sweep_17_exp_0_checkpoints.csv
030030030,0.0220789596060366,0.0002929460315499,16579757,results/ebbi/SC3_MHBD_MWPM_2_5x/results/sweep_17_exp_0_checkpoints.csv
030330030,0.0221022064300923,0.0001334555417997,21229465,results/ebbi/SC3_MHBD_MWPM_2_5x/results/sweep_17_exp_0_checkpoints.csv
030330030,0.0221022064300923,0.0001334555417997,25817726,results/ebbi/SC3_MHBD_MWPM_2_5x/results/sweep_17_exp_0_checkpoints.csv
030330030,0.0221022064300923,0.0001334555417997,32532302,results/ebbi/SC3_MHBD_MWPM_2_5x/results/sweep_17_exp_0_checkpoints.csv
030330030,0.0221628429673854,8.908962627174333e-05,40940436,results/ebbi/SC3_MHBD_MWPM_2_5x/results/sweep_17_exp_0_checkpoints.csv
030330030,0.0221628429673854,8.908962627174333e-05,51637051,results/ebbi/SC3_MHBD_MWPM_2_5x/results/sweep_17_exp_0_checkpoints.csv
030330030,0.0221628429673854,8.908962627174333e-05,66270003,results/ebbi/SC3_MHBD_MWPM_2_5x/results/sweep_17_exp_0_checkpoints.csv
030330030,0.0221628429673854,8.908962627174333e-05,81636695,results/ebbi/SC3_MHBD_MWPM_2_5x/results/sweep_17_exp_0_checkpoints.csv
033000330,0.0216237035406751,0.0002883512934204,102870777,results/ebbi/SC3_MHBD_MWPM_2_5x/results/sweep_17_exp_0_checkpoints.csv
033000330,0.0216237035406751,0.0002883512934204,129397327,results/ebbi/SC3_MHBD_MWPM_2_5x/results/sweep_17_exp_0_checkpoints.csv
033000330,0.0216237035406751,0.0002883512934204,162872765,results/ebbi/SC3_MHBD_MWPM_2_5x/results/sweep_17_exp_0_checkpoints.csv
033000330,0.0216237035406751,0.0002883512934204,205061093,results/ebbi/SC3_MHBD_MWPM_2_5x/results/sweep_17_exp_0_checkpoints.csv
033000330,0.0216237035406751,0.0002883512934204,258169049,results/ebbi/SC3_MHBD_MWPM_2_5x/results/sweep_17_exp_0_checkpoints.csv
033000330,0.0216237035406751,0.0002883512934204,324989958,results/ebbi/SC3_MHBD_MWPM_2_5x/results/sweep_17_exp_0_checkpoints.csv
033000330,0.0216237035406751,0.0002883512934204,409116143,results/ebbi/SC3_MHBD_MWPM_2_5x/results/sweep_17_exp_0_checkpoints.csv
033000330,0.0216237035406751,0.0002883512934204,515082376,results/ebbi/SC3_MHBD_MWPM_2_5x/results/sweep_17_exp_0_checkpoints.csv
033000330,0.0216237035406751,0.0002883512934204,648442027,results/ebbi/SC3_MHBD_MWPM_2_5x/results/sweep_17_exp_0_checkpoints.csv
033000330,0.0216237035406751,0.0002883512934204,816313925,results/ebbi/SC3_MHBD_MWPM_2_5x/results/sweep_17_exp_0_checkpoints.csv
033000330,0.0216237035406751,0.0002883512934204,1027670952,results/ebbi/SC3_MHBD_MWPM_2_5x/results/sweep_17_exp_0_checkpoints.csv
033000330,0.0217822550445158,5.716242594644427e-05,1093544491,results/ebbi/SC3_MHBD_MWPM_2_5x/results/sweep_17_exp_0_checkpoints.csv
030030220,0.0233590656373745,0.0006754561327397,290763,results/ebbi/SC3_MHBD_MWPM_2_5x/results/sweep_8_exp_0_checkpoints.csv
030030200,0.0225875205174061,0.0007354221306741,498006,results/ebbi/SC3_MHBD_MWPM_2_5x/results/sweep_8_exp_0_checkpoints.csv
030030200,0.0225875205174061,0.0007354221306741,760478,results/ebbi/SC3_MHBD_MWPM_2_5x/results/sweep_8_exp_0_checkpoints.csv
030030200,0.0225875205174061,0.0007354221306741,964819,results/ebbi/SC3_MHBD_MWPM_2_5x/results/sweep_8_exp_0_checkpoints.csv
330030200,0.0226502867982475,0.0007070389110594,1176017,results/ebbi/SC3_MHBD_MWPM_2_5x/results/sweep_8_exp_0_checkpoints.csv
330030200,0.0226502867982475,0.0007070389110594,1511556,results/ebbi/SC3_MHBD_MWPM_2_5x/results/sweep_8_exp_0_checkpoints.csv
330030320,0.0213877620372533,0.0006667320267297,1921448,results/ebbi/SC3_MHBD_MWPM_2_5x/results/sweep_8_exp_0_checkpoints.csv
330030320,0.0213877620372533,0.0006667320267297,2321559,results/ebbi/SC3_MHBD_MWPM_2_5x/results/sweep_8_exp_0_checkpoints.csv
330030320,0.0213877620372533,0.0006667320267297,2928370,results/ebbi/SC3_MHBD_MWPM_2_5x/results/sweep_8_exp_0_checkpoints.csv
330030330,0.0222598574021745,0.0004512683080974,3689176,results/ebbi/SC3_MHBD_MWPM_2_5x/results/sweep_8_exp_0_checkpoints.csv
330030330,0.0221904318317918,0.0003003890451509,4705971,results/ebbi/SC3_MHBD_MWPM_2_5x/results/sweep_8_exp_0_checkpoints.csv
033030330,0.0215452112650415,0.0004380463215056,5834098,results/ebbi/SC3_MHBD_MWPM_2_5x/results/sweep_8_exp_0_checkpoints.csv
033030330,0.0215452112650415,0.0004380463215056,7421314,results/ebbi/SC3_MHBD_MWPM_2_5x/results/sweep_8_exp_0_checkpoints.csv
030030330,0.0221377705814849,0.0002916768717113,9295233,results/ebbi/SC3_MHBD_MWPM_2_5x/results/sweep_8_exp_0_checkpoints.csv
030030330,0.0221377705814849,0.0002916768717113,11745800,results/ebbi/SC3_MHBD_MWPM_2_5x/results/sweep_8_exp_0_checkpoints.csv
033300330,0.0218681634599203,0.0001936378976097,14606565,results/ebbi/SC3_MHBD_MWPM_2_5x/results/sweep_8_exp_0_checkpoints.csv
033300330,0.0218681634599203,0.0001936378976097,18386876,results/ebbi/SC3_MHBD_MWPM_2_5x/results/sweep_8_exp_0_checkpoints.csv
033300330,0.0218681634599203,0.0001936378976097,23170244,results/ebbi/SC3_MHBD_MWPM_2_5x/results/sweep_8_exp_0_checkpoints.csv
033300330,0.0218681634599203,0.0001936378976097,29101111,results/ebbi/SC3_MHBD_MWPM_2_5x/results/sweep_8_exp_0_checkpoints.csv
033300330,0.0218681634599203,0.0001936378976097,36615243,results/ebbi/SC3_MHBD_MWPM_2_5x/results/sweep_8_exp_0_checkpoints.csv
033300330,0.0218681634599203,0.0001936378976097,46108570,results/ebbi/SC3_MHBD_MWPM_2_5x/results/sweep_8_exp_0_checkpoints.csv
033300330,0.0218681634599203,0.0001936378976097,58064381,results/ebbi/SC3_MHBD_MWPM_2_5x/results/sweep_8_exp_0_checkpoints.csv
033300330,0.0218681634599203,0.0001936378976097,73150207,results/ebbi/SC3_MHBD_MWPM_2_5x/results/sweep_8_exp_0_checkpoints.csv
033300330,0.0218681634599203,0.0001936378976097,91993981,results/ebbi/SC3_MHBD_MWPM_2_5x/results/sweep_8_exp_0_checkpoints.csv
033300330,0.0218681634599203,0.0001936378976097,115797984,results/ebbi/SC3_MHBD_MWPM_2_5x/results/sweep_8_exp_0_checkpoints.csv
033300330,0.0218681634599203,0.0001936378976097,145740686,results/ebbi/SC3_MHBD_MWPM_2_5x/results/sweep_8_exp_0_checkpoints.csv
033300330,0.0218681634599203,0.0001936378976097,183478097,results/ebbi/SC3_MHBD_MWPM_2_5x/results/sweep_8_exp_0_checkpoints.csv
033300330,0.0218681634599203,0.0001936378976097,231009223,results/ebbi/SC3_MHBD_MWPM_2_5x/results/sweep_8_exp_0_checkpoints.csv
033300330,0.0218681634599203,0.0001936378976097,290767634,results/ebbi/SC3_MHBD_MWPM_2_5x/results/sweep_8_exp_0_checkpoints.csv
033300330,0.0218681634599203,0.0001936378976097,366060386,results/ebbi/SC3_MHBD_MWPM_2_5x/results/sweep_8_exp_0_checkpoints.csv
033300330,0.0218681634599203,0.0001936378976097,460847079,results/ebbi/SC3_MHBD_MWPM_2_5x/results/sweep_8_exp_0_checkpoints.csv
033300330,0.0218681634599203,0.0001936378976097,580180192,results/ebbi/SC3_MHBD_MWPM_2_5x/results/sweep_8_exp_0_checkpoints.csv
033300330,0.0218681634599203,0.0001936378976097,730366582,results/ebbi/SC3_MHBD_MWPM_2_5x/results/sweep_8_exp_0_checkpoints.csv
033300330,0.0218681634599203,0.0001936378976097,919493358,results/ebbi/SC3_MHBD_MWPM_2_5x/results/sweep_8_exp_0_checkpoints.csv
030003332,0.0246600874572869,0.0007581018726341,377305,results/ebbi/SC3_MHBD_MWPM_2_5x/results/sweep_2_exp_0_checkpoints.csv
030003332,0.0246600874572869,0.0007581018726341,482379,results/ebbi/SC3_MHBD_MWPM_2_5x/results/sweep_2_exp_0_checkpoints.csv
030003332,0.0246600874572869,0.0007581018726341,631546,results/ebbi/SC3_MHBD_MWPM_2_5x/results/sweep_2_exp_0_checkpoints.csv
030003332,0.0246600874572869,0.0007581018726341,780406,results/ebbi/SC3_MHBD_MWPM_2_5x/results/sweep_2_exp_0_checkpoints.csv
030003332,0.0246600874572869,0.0007581018726341,990591,results/ebbi/SC3_MHBD_MWPM_2_5x/results/sweep_2_exp_0_checkpoints.csv
033323300,0.0249238762429998,0.0005086649907752,1312012,results/ebbi/SC3_MHBD_MWPM_2_5x/results/sweep_2_exp_0_checkpoints.csv
033323300,0.0249238762429998,0.0005086649907752,1595048,results/ebbi/SC3_MHBD_MWPM_2_5x/results/sweep_2_exp_0_checkpoints.csv
033323300,0.0249238762429998,0.0005086649907752,1950321,results/ebbi/SC3_MHBD_MWPM_2_5x/results/sweep_2_exp_0_checkpoints.csv
033333300,0.0233287145355836,0.0007194073405116,2430569,results/ebbi/SC3_MHBD_MWPM_2_5x/results/sweep_2_exp_0_checkpoints.csv
033303300,0.0224012191139653,0.0006904616602696,3147825,results/ebbi/SC3_MHBD_MWPM_2_5x/results/sweep_2_exp_0_checkpoints.csv
033303330,0.0227843828526422,0.0004569064476527,3794220,results/ebbi/SC3_MHBD_MWPM_2_5x/results/sweep_2_exp_0_checkpoints.csv
033003330,0.02237587362017,0.0004517928464338,4756212,results/ebbi/SC3_MHBD_MWPM_2_5x/results/sweep_2_exp_0_checkpoints.csv
033003330,0.02237587362017,0.0004517928464338,6057808,results/ebbi/SC3_MHBD_MWPM_2_5x/results/sweep_2_exp_0_checkpoints.csv
033003330,0.0227929680210013,0.0003039274306502,7589418,results/ebbi/SC3_MHBD_MWPM_2_5x/results/sweep_2_exp_0_checkpoints.csv
033000330,0.0208625896045011,0.0004330004449002,9787799,results/ebbi/SC3_MHBD_MWPM_2_5x/results/sweep_2_exp_0_checkpoints.csv
033000330,0.0208625896045011,0.0004330004449002,11933154,results/ebbi/SC3_MHBD_MWPM_2_5x/results/sweep_2_exp_0_checkpoints.csv
033000330,0.0208625896045011,0.0004330004449002,15022980,results/ebbi/SC3_MHBD_MWPM_2_5x/results/sweep_2_exp_0_checkpoints.csv
033000330,0.0208625896045011,0.0004330004449002,18931807,results/ebbi/SC3_MHBD_MWPM_2_5x/results/sweep_2_exp_0_checkpoints.csv
033000330,0.0208625896045011,0.0004330004449002,23847651,results/ebbi/SC3_MHBD_MWPM_2_5x/results/sweep_2_exp_0_checkpoints.csv
033000330,0.0208625896045011,0.0004330004449002,29971183,results/ebbi/SC3_MHBD_MWPM_2_5x/results/sweep_2_exp_0_checkpoints.csv
033000330,0.0208625896045011,0.0004330004449002,37773048,results/ebbi/SC3_MHBD_MWPM_2_5x/results/sweep_2_exp_0_checkpoints.csv
033000330,0.0208625896045011,0.0004330004449002,47528757,results/ebbi/SC3_MHBD_MWPM_2_5x/results/sweep_2_exp_0_checkpoints.csv
033000330,0.0208625896045011,0.0004330004449002,59812311,results/ebbi/SC3_MHBD_MWPM_2_5x/results/sweep_2_exp_0_checkpoints.csv
033000330,0.0208625896045011,0.0004330004449002,75317136,results/ebbi/SC3_MHBD_MWPM_2_5x/results/sweep_2_exp_0_checkpoints.csv
033000330,0.0208625896045011,0.0004330004449002,94797349,results/ebbi/SC3_MHBD_MWPM_2_5x/results/sweep_2_exp_0_checkpoints.csv
033000330,0.0208625896045011,0.0004330004449002,119322339,results/ebbi/SC3_MHBD_MWPM_2_5x/results/sweep_2_exp_0_checkpoints.csv
033000330,0.0208625896045011,0.0004330004449002,150227408,results/ebbi/SC3_MHBD_MWPM_2_5x/results/sweep_2_exp_0_checkpoints.csv
033000330,0.0208625896045011,0.0004330004449002,189130118,results/ebbi/SC3_MHBD_MWPM_2_5x/results/sweep_2_exp_0_checkpoints.csv
033000330,0.0208625896045011,0.0004330004449002,238076130,results/ebbi/SC3_MHBD_MWPM_2_5x/results/sweep_2_exp_0_checkpoints.csv
033000330,0.0208625896045011,0.0004330004449002,299751355,results/ebbi/SC3_MHBD_MWPM_2_5x/results/sweep_2_exp_0_checkpoints.csv
033000330,0.0208625896045011,0.0004330004449002,377329373,results/ebbi/SC3_MHBD_MWPM_2_5x/results/sweep_2_exp_0_checkpoints.csv
033000330,0.0208625896045011,0.0004330004449002,475031063,results/ebbi/SC3_MHBD_MWPM_2_5x/results/sweep_2_exp_0_checkpoints.csv
033000330,0.0208625896045011,0.0004330004449002,598014705,results/ebbi/SC3_MHBD_MWPM_2_5x/results/sweep_2_exp_0_checkpoints.csv
033000330,0.0208625896045011,0.0004330004449002,752839595,results/ebbi/SC3_MHBD_MWPM_2_5x/results/sweep_2_exp_0_checkpoints.csv
033000330,0.0208625896045011,0.0004330004449002,947771727,results/ebbi/SC3_MHBD_MWPM_2_5x/results/sweep_2_exp_0_checkpoints.csv
033000330,0.0214575155696168,0.0001951123558683,1014370705,results/ebbi/SC3_MHBD_MWPM_2_5x/results/sweep_2_exp_0_checkpoints.csv
300230323,0.0256632064590542,0.0008095961529761,355828,results/ebbi/SC3_MHBD_MWPM_2_5x/results/sweep_4_exp_0_checkpoints.csv
300230323,0.0256632064590542,0.0008095961529761,500187,results/ebbi/SC3_MHBD_MWPM_2_5x/results/sweep_4_exp_0_checkpoints.csv
300230323,0.0256632064590542,0.0008095961529761,588980,results/ebbi/SC3_MHBD_MWPM_2_5x/results/sweep_4_exp_0_checkpoints.csv
300230323,0.0256632064590542,0.0008095961529761,728141,results/ebbi/SC3_MHBD_MWPM_2_5x/results/sweep_4_exp_0_checkpoints.csv
300330303,0.0248636808500722,0.00075164163718,952895,results/ebbi/SC3_MHBD_MWPM_2_5x/results/sweep_4_exp_0_checkpoints.csv
300230023,0.025089527469648,0.0005167701747268,1154425,results/ebbi/SC3_MHBD_MWPM_2_5x/results/sweep_4_exp_0_checkpoints.csv
300330303,0.0249186983449675,0.0005016440991312,1453682,results/ebbi/SC3_MHBD_MWPM_2_5x/results/sweep_4_exp_0_checkpoints.csv
300330303,0.0249186983449675,0.0005016440991312,1837893,results/ebbi/SC3_MHBD_MWPM_2_5x/results/sweep_4_exp_0_checkpoints.csv
300230023,0.0248011684839309,0.0003425821487326,2306681,results/ebbi/SC3_MHBD_MWPM_2_5x/results/sweep_4_exp_0_checkpoints.csv
302330303,0.0245320533419023,0.0004902035580016,2867669,results/ebbi/SC3_MHBD_MWPM_2_5x/results/sweep_4_exp_0_checkpoints.csv
302330303,0.0243014179174421,0.0003253041068091,3590307,results/ebbi/SC3_MHBD_MWPM_2_5x/results/sweep_4_exp_0_checkpoints.csv
303330303,0.0236458538506992,0.0004768265935126,4482250,results/ebbi/SC3_MHBD_MWPM_2_5x/results/sweep_4_exp_0_checkpoints.csv
303330303,0.0237151036058513,0.0003183411899954,5707912,results/ebbi/SC3_MHBD_MWPM_2_5x/results/sweep_4_exp_0_checkpoints.csv
303030303,0.023657361177441,0.000316670833854,7167176,results/ebbi/SC3_MHBD_MWPM_2_5x/results/sweep_4_exp_0_checkpoints.csv
303030303,0.023657361177441,0.000316670833854,9174268,results/ebbi/SC3_MHBD_MWPM_2_5x/results/sweep_4_exp_0_checkpoints.csv
003330303,0.0237615323481646,0.00021102152823,11275763,results/ebbi/SC3_MHBD_MWPM_2_5x/results/sweep_4_exp_0_checkpoints.csv
003330003,0.0235418502869204,0.0002085137239191,14612295,results/ebbi/SC3_MHBD_MWPM_2_5x/results/sweep_4_exp_0_checkpoints.csv
003330003,0.0235418502869204,0.0002085137239191,18468651,results/ebbi/SC3_MHBD_MWPM_2_5x/results/sweep_4_exp_0_checkpoints.csv
303030300,0.023542528152522,0.0001391841215081,22646401,results/ebbi/SC3_MHBD_MWPM_2_5x/results/sweep_4_exp_0_checkpoints.csv
003330300,0.0235195882316989,0.0001377254520775,28267848,results/ebbi/SC3_MHBD_MWPM_2_5x/results/sweep_4_exp_0_checkpoints.csv
003330033,0.0234143579200003,0.0001371864927932,36046593,results/ebbi/SC3_MHBD_MWPM_2_5x/results/sweep_4_exp_0_checkpoints.csv
033330300,0.0228942473087552,0.0002030817704508,44832228,results/ebbi/SC3_MHBD_MWPM_2_5x/results/sweep_4_exp_0_checkpoints.csv
030330000,0.0223535096037701,0.0001984919654205,56645980,results/ebbi/SC3_MHBD_MWPM_2_5x/results/sweep_4_exp_0_checkpoints.csv
330330030,0.0214812439884578,0.0006489963270723,71049975,results/ebbi/SC3_MHBD_MWPM_2_5x/results/sweep_4_exp_0_checkpoints.csv
030330030,0.0222307561694355,0.000131326902192,90089388,results/ebbi/SC3_MHBD_MWPM_2_5x/results/sweep_4_exp_0_checkpoints.csv
030330030,0.0221043533395798,8.730770059628412e-05,112553137,results/ebbi/SC3_MHBD_MWPM_2_5x/results/sweep_4_exp_0_checkpoints.csv
333000330,0.0217140081403046,0.0002884693094529,141721294,results/ebbi/SC3_MHBD_MWPM_2_5x/results/sweep_4_exp_0_checkpoints.csv
033000330,0.0218430665856435,0.0001931551087182,178339986,results/ebbi/SC3_MHBD_MWPM_2_5x/results/sweep_4_exp_0_checkpoints.csv
033000330,0.0218430665856435,0.0001931551087182,224527639,results/ebbi/SC3_MHBD_MWPM_2_5x/results/sweep_4_exp_0_checkpoints.csv
033000330,0.0218430665856435,0.0001931551087182,282690149,results/ebbi/SC3_MHBD_MWPM_2_5x/results/sweep_4_exp_0_checkpoints.csv
033000330,0.0218430665856435,0.0001931551087182,355868711,results/ebbi/SC3_MHBD_MWPM_2_5x/results/sweep_4_exp_0_checkpoints.csv
033000330,0.0218430665856435,0.0001931551087182,448008238,results/ebbi/SC3_MHBD_MWPM_2_5x/results/sweep_4_exp_0_checkpoints.csv
033000330,0.0218430665856435,0.0001931551087182,563955033,results/ebbi/SC3_MHBD_MWPM_2_5x/results/sweep_4_exp_0_checkpoints.csv
033000330,0.0218430665856435,0.0001931551087182,709982989,results/ebbi/SC3_MHBD_MWPM_2_5x/results/sweep_4_exp_0_checkpoints.csv
033000330,0.0218430665856435,0.0001931551087182,893818926,results/ebbi/SC3_MHBD_MWPM_2_5x/results/sweep_4_exp_0_checkpoints.csv
033000330,0.0218305060542421,0.0001287340855924,1125286138,results/ebbi/SC3_MHBD_MWPM_2_5x/results/sweep_4_exp_0_checkpoints.csv
033000330,0.0218562790716213,5.72482131246943e-05,1149963636,results/ebbi/SC3_MHBD_MWPM_2_5x/results/sweep_4_exp_0_checkpoints.csv
030033000,0.0230535340444621,0.0007491980213671,308979,results/ebbi/SC3_MHBD_MWPM_2_5x/results/sweep_14_exp_0_checkpoints.csv
330033000,0.0220231001925016,0.0007025481318123,609402,results/ebbi/SC3_MHBD_MWPM_2_5x/results/sweep_14_exp_0_checkpoints.csv
330033000,0.0220231001925016,0.0007025481318123,794598,results/ebbi/SC3_MHBD_MWPM_2_5x/results/sweep_14_exp_0_checkpoints.csv
330033000,0.0220231001925016,0.0007025481318123,1022601,results/ebbi/SC3_MHBD_MWPM_2_5x/results/sweep_14_exp_0_checkpoints.csv
330033000,0.0220231001925016,0.0007025481318123,1284923,results/ebbi/SC3_MHBD_MWPM_2_5x/results/sweep_14_exp_0_checkpoints.csv
330033000,0.0220231001925016,0.0007025481318123,1554829,results/ebbi/SC3_MHBD_MWPM_2_5x/results/sweep_14_exp_0_checkpoints.csv
330033000,0.0226832895353337,0.0004751835367642,1957856,results/ebbi/SC3_MHBD_MWPM_2_5x/results/sweep_14_exp_0_checkpoints.csv
330033000,0.0229110268087533,0.0003183409280609,2457595,results/ebbi/SC3_MHBD_MWPM_2_5x/results/sweep_14_exp_0_checkpoints.csv
030033000,0.0228636822147291,0.0002210985549027,3452122,results/ebbi/SC3_MHBD_MWPM_2_5x/results/sweep_14_exp_0_checkpoints.csv
030033000,0.0228636822147291,0.0002210985549027,3926590,results/ebbi/SC3_MHBD_MWPM_2_5x/results/sweep_14_exp_0_checkpoints.csv
030033030,0.0224116659400191,0.0004508184501901,4946067,results/ebbi/SC3_MHBD_MWPM_2_5x/results/sweep_14_exp_0_checkpoints.csv
030333030,0.0227606791763737,0.000301777239656,6165841,results/ebbi/SC3_MHBD_MWPM_2_5x/results/sweep_14_exp_0_checkpoints.csv
030333030,0.0227606791763737,0.000301777239656,7905747,results/ebbi/SC3_MHBD_MWPM_2_5x/results/sweep_14_exp_0_checkpoints.csv
030033030,0.0223717868844048,0.00020019216754,9804331,results/ebbi/SC3_MHBD_MWPM_2_5x/results/sweep_14_exp_0_checkpoints.csv
030033030,0.0223717868844048,0.00020019216754,12514909,results/ebbi/SC3_MHBD_MWPM_2_5x/results/sweep_14_exp_0_checkpoints.csv
030033030,0.0223717868844048,0.00020019216754,15595064,results/ebbi/SC3_MHBD_MWPM_2_5x/results/sweep_14_exp_0_checkpoints.csv
030333030,0.0222865646533596,0.0001327518693869,19547594,results/ebbi/SC3_MHBD_MWPM_2_5x/results/sweep_14_exp_0_checkpoints.csv
030300030,0.0221861177539823,0.0001950965670403,24800244,results/ebbi/SC3_MHBD_MWPM_2_5x/results/sweep_14_exp_0_checkpoints.csv
030330030,0.0221536050552125,0.0001306782214669,30904572,results/ebbi/SC3_MHBD_MWPM_2_5x/results/sweep_14_exp_0_checkpoints.csv
030330030,0.0221536050552125,0.0001306782214669,39262475,results/ebbi/SC3_MHBD_MWPM_2_5x/results/sweep_14_exp_0_checkpoints.csv
030330030,0.0221536050552125,0.0001306782214669,49908355,results/ebbi/SC3_MHBD_MWPM_2_5x/results/sweep_14_exp_0_checkpoints.csv
030330030,0.0221536050552125,0.0001306782214669,62328275,results/ebbi/SC3_MHBD_MWPM_2_5x/results/sweep_14_exp_0_checkpoints.csv
030330030,0.0221536050552125,0.0001306782214669,77652917,results/ebbi/SC3_MHBD_MWPM_2_5x/results/sweep_14_exp_0_checkpoints.csv
030330030,0.0220945057509199,8.700522448634729e-05,97837791,results/ebbi/SC3_MHBD_MWPM_2_5x/results/sweep_14_exp_0_checkpoints.csv
030330030,0.0220945057509199,8.700522448634729e-05,123053035,results/ebbi/SC3_MHBD_MWPM_2_5x/results/sweep_14_exp_0_checkpoints.csv
030330030,0.0220945057509199,8.700522448634729e-05,154863132,results/ebbi/SC3_MHBD_MWPM_2_5x/results/sweep_14_exp_0_checkpoints.csv
030330030,0.0220945057509199,8.700522448634729e-05,194964751,results/ebbi/SC3_MHBD_MWPM_2_5x/results/sweep_14_exp_0_checkpoints.csv
030330030,0.0220945057509199,8.700522448634729e-05,245455990,results/ebbi/SC3_MHBD_MWPM_2_5x/results/sweep_14_exp_0_checkpoints.csv
030330030,0.0220945057509199,8.700522448634729e-05,308983950,results/ebbi/SC3_MHBD_MWPM_2_5x/results/sweep_14_exp_0_checkpoints.csv
030330030,0.0220945057509199,8.700522448634729e-05,389003422,results/ebbi/SC3_MHBD_MWPM_2_5x/results/sweep_14_exp_0_checkpoints.csv
030330030,0.0220945057509199,8.700522448634729e-05,489741404,results/ebbi/SC3_MHBD_MWPM_2_5x/results/sweep_14_exp_0_checkpoints.csv
030330030,0.0220945057509199,8.700522448634729e-05,616527585,results/ebbi/SC3_MHBD_MWPM_2_5x/results/sweep_14_exp_0_checkpoints.csv
030330030,0.0220945057509199,8.700522448634729e-05,776135883,results/ebbi/SC3_MHBD_MWPM_2_5x/results/sweep_14_exp_0_checkpoints.csv
030330030,0.0220945057509199,8.700522448634729e-05,977103896,results/ebbi/SC3_MHBD_MWPM_2_5x/results/sweep_14_exp_0_checkpoints.csv
033000330,0.0218016466292328,8.571207581553608e-05,1101152209,results/ebbi/SC3_MHBD_MWPM_2_5x/results/sweep_14_exp_0_checkpoints.csv
333230030,0.0251127175637893,0.0007852679118514,328888,results/ebbi/SC3_MHBD_MWPM_2_5x/results/sweep_23_exp_0_checkpoints.csv
333230030,0.0251127175637893,0.0007852679118514,476838,results/ebbi/SC3_MHBD_MWPM_2_5x/results/sweep_23_exp_0_checkpoints.csv
333230030,0.0251127175637893,0.0007852679118514,550959,results/ebbi/SC3_MHBD_MWPM_2_5x/results/sweep_23_exp_0_checkpoints.csv
333230030,0.0251127175637893,0.0007852679118514,705870,results/ebbi/SC3_MHBD_MWPM_2_5x/results/sweep_23_exp_0_checkpoints.csv
333230030,0.0252451748690161,0.0005248683155514,851978,results/ebbi/SC3_MHBD_MWPM_2_5x/results/sweep_23_exp_0_checkpoints.csv
333230030,0.0252451748690161,0.0005248683155514,1064207,results/ebbi/SC3_MHBD_MWPM_2_5x/results/sweep_23_exp_0_checkpoints.csv
333230030,0.0252451748690161,0.0005248683155514,1353036,results/ebbi/SC3_MHBD_MWPM_2_5x/results/sweep_23_exp_0_checkpoints.csv
333230030,0.0250825969269962,0.0003488164511509,1677612,results/ebbi/SC3_MHBD_MWPM_2_5x/results/sweep_23_exp_0_checkpoints.csv
333230030,0.0250825969269962,0.0003488164511509,2131957,results/ebbi/SC3_MHBD_MWPM_2_5x/results/sweep_23_exp_0_checkpoints.csv
333230030,0.0250825969269962,0.0003488164511509,2619084,results/ebbi/SC3_MHBD_MWPM_2_5x/results/sweep_23_exp_0_checkpoints.csv
333200030,0.0250288569058182,0.0003317036898806,3350106,results/ebbi/SC3_MHBD_MWPM_2_5x/results/sweep_23_exp_0_checkpoints.csv
303200030,0.0241194486983154,0.0004869691329076,4215129,results/ebbi/SC3_MHBD_MWPM_2_5x/results/sweep_23_exp_0_checkpoints.csv
303200030,0.0244623258688088,0.0003268911677878,5281173,results/ebbi/SC3_MHBD_MWPM_2_5x/results/sweep_23_exp_0_checkpoints.csv
303030030,0.0222125340599455,0.00068806350464,6606024,results/ebbi/SC3_MHBD_MWPM_2_5x/results/sweep_23_exp_0_checkpoints.csv
303030030,0.0227580995194543,0.0004641874693334,8263920,results/ebbi/SC3_MHBD_MWPM_2_5x/results/sweep_23_exp_0_checkpoints.csv
333033030,0.0225562523054223,0.0004509024438448,10439885,results/ebbi/SC3_MHBD_MWPM_2_5x/results/sweep_23_exp_0_checkpoints.csv
333030030,0.0229524208176363,0.0002056303201243,13189355,results/ebbi/SC3_MHBD_MWPM_2_5x/results/sweep_23_exp_0_checkpoints.csv
033330030,0.0224498977505112,0.0002995962568093,16553682,results/ebbi/SC3_MHBD_MWPM_2_5x/results/sweep_23_exp_0_checkpoints.csv
330030030,0.0221123143275624,0.0002961962600238,20765264,results/ebbi/SC3_MHBD_MWPM_2_5x/results/sweep_23_exp_0_checkpoints.csv
030030030,0.0222054316513664,0.0001960099325515,26136346,results/ebbi/SC3_MHBD_MWPM_2_5x/results/sweep_23_exp_0_checkpoints.csv
030330030,0.0218162912833527,0.0001939313369803,32928847,results/ebbi/SC3_MHBD_MWPM_2_5x/results/sweep_23_exp_0_checkpoints.csv
030330030,0.0218162912833527,0.0001939313369803,41522416,results/ebbi/SC3_MHBD_MWPM_2_5x/results/sweep_23_exp_0_checkpoints.csv
030330030,0.0218162912833527,0.0001939313369803,52169962,results/ebbi/SC3_MHBD_MWPM_2_5x/results/sweep_23_exp_0_checkpoints.csv
030330030,0.0218162912833527,0.0001939313369803,65694567,results/ebbi/SC3_MHBD_MWPM_2_5x/results/sweep_23_exp_0_checkpoints.csv
030330030,0.0218162912833527,0.0001939313369803,82652657,results/ebbi/SC3_MHBD_MWPM_2_5x/results/sweep_23_exp_0_checkpoints.csv
030330030,0.0218162912833527,0.0001939313369803,104167333,results/ebbi/SC3_MHBD_MWPM_2_5x/results/sweep_23_exp_0_checkpoints.csv
030330030,0.0218162912833527,0.0001939313369803,131002164,results/ebbi/SC3_MHBD_MWPM_2_5x/results/sweep_23_exp_0_checkpoints.csv
030330030,0.0218162912833527,0.0001939313369803,164836598,results/ebbi/SC3_MHBD_MWPM_2_5x/results/sweep_23_exp_0_checkpoints.csv
030330030,0.0218162912833527,0.0001939313369803,207514730,results/ebbi/SC3_MHBD_MWPM_2_5x/results/sweep_23_exp_0_checkpoints.csv
030330030,0.0218162912833527,0.0001939313369803,261281191,results/ebbi/SC3_MHBD_MWPM_2_5x/results/sweep_23_exp_0_checkpoints.csv
030330030,0.0218162912833527,0.0001939313369803,328927891,results/ebbi/SC3_MHBD_MWPM_2_5x/results/sweep_23_exp_0_checkpoints.csv
030330030,0.0218162912833527,0.0001939313369803,414049407,results/ebbi/SC3_MHBD_MWPM_2_5x/results/sweep_23_exp_0_checkpoints.csv
030330030,0.0218162912833527,0.0001939313369803,521252395,results/ebbi/SC3_MHBD_MWPM_2_5x/results/sweep_23_exp_0_checkpoints.csv
030330030,0.0218162912833527,0.0001939313369803,656234891,results/ebbi/SC3_MHBD_MWPM_2_5x/results/sweep_23_exp_0_checkpoints.csv
030330030,0.0218162912833527,0.0001939313369803,826135301,results/ebbi/SC3_MHBD_MWPM_2_5x/results/sweep_23_exp_0_checkpoints.csv
030330030,0.0218162912833527,0.0001939313369803,1040084439,results/ebbi/SC3_MHBD_MWPM_2_5x/results/sweep_23_exp_0_checkpoints.csv
033000330,0.0217874103382344,5.703024726244621e-05,1091243901,results/ebbi/SC3_MHBD_MWPM_2_5x/results/sweep_23_exp_0_checkpoints.csv
330003300,0.0241190352385904,0.0006860888679511,316501,results/ebbi/SC3_MHBD_MWPM_2_5x/results/sweep_25_exp_0_checkpoints.csv
330003300,0.0241190352385904,0.0006860888679511,427430,results/ebbi/SC3_MHBD_MWPM_2_5x/results/sweep_25_exp_0_checkpoints.csv
330003300,0.0241190352385904,0.0006860888679511,552156,results/ebbi/SC3_MHBD_MWPM_2_5x/results/sweep_25_exp_0_checkpoints.csv
030330023,0.0233769733444117,0.0007160140085034,650478,results/ebbi/SC3_MHBD_MWPM_2_5x/results/sweep_25_exp_0_checkpoints.csv
030030033,0.0219075780794716,0.0006800590199418,894230,results/ebbi/SC3_MHBD_MWPM_2_5x/results/sweep_25_exp_0_checkpoints.csv
030030033,0.0219075780794716,0.0006800590199418,1104778,results/ebbi/SC3_MHBD_MWPM_2_5x/results/sweep_25_exp_0_checkpoints.csv
000030033,0.0218106392340086,0.0006685747066512,1279617,results/ebbi/SC3_MHBD_MWPM_2_5x/results/sweep_25_exp_0_checkpoints.csv
000030033,0.0218106392340086,0.0006685747066512,1596869,results/ebbi/SC3_MHBD_MWPM_2_5x/results/sweep_25_exp_0_checkpoints.csv
000030033,0.0218106392340086,0.0006685747066512,2002247,results/ebbi/SC3_MHBD_MWPM_2_5x/results/sweep_25_exp_0_checkpoints.csv
030330033,0.022231535447652,0.0004602806584443,2572757,results/ebbi/SC3_MHBD_MWPM_2_5x/results/sweep_25_exp_0_checkpoints.csv
030330033,0.022157053003656,0.0003063534677494,3191974,results/ebbi/SC3_MHBD_MWPM_2_5x/results/sweep_25_exp_0_checkpoints.csv
030330033,0.022157053003656,0.0003063534677494,3996193,results/ebbi/SC3_MHBD_MWPM_2_5x/results/sweep_25_exp_0_checkpoints.csv
030330033,0.022157053003656,0.0003063534677494,5119805,results/ebbi/SC3_MHBD_MWPM_2_5x/results/sweep_25_exp_0_checkpoints.csv
030330030,0.0220886624492738,0.0002957744873128,6360014,results/ebbi/SC3_MHBD_MWPM_2_5x/results/sweep_25_exp_0_checkpoints.csv
030330030,0.0220886624492738,0.0002957744873128,8032557,results/ebbi/SC3_MHBD_MWPM_2_5x/results/sweep_25_exp_0_checkpoints.csv
030330030,0.0217962610295308,0.0001959034707397,10089859,results/ebbi/SC3_MHBD_MWPM_2_5x/results/sweep_25_exp_0_checkpoints.csv
030330030,0.0217962610295308,0.0001959034707397,12627908,results/ebbi/SC3_MHBD_MWPM_2_5x/results/sweep_25_exp_0_checkpoints.csv
030330030,0.0217962610295308,0.0001959034707397,15955909,results/ebbi/SC3_MHBD_MWPM_2_5x/results/sweep_25_exp_0_checkpoints.csv
030330030,0.0217962610295308,0.0001959034707397,20000796,results/ebbi/SC3_MHBD_MWPM_2_5x/results/sweep_25_exp_0_checkpoints.csv
030330030,0.0217962610295308,0.0001959034707397,25721537,results/ebbi/SC3_MHBD_MWPM_2_5x/results/sweep_25_exp_0_checkpoints.csv
030330030,0.0217962610295308,0.0001959034707397,31743476,results/ebbi/SC3_MHBD_MWPM_2_5x/results/sweep_25_exp_0_checkpoints.csv
030330030,0.0217962610295308,0.0001959034707397,39922282,results/ebbi/SC3_MHBD_MWPM_2_5x/results/sweep_25_exp_0_checkpoints.csv
030330030,0.0217962610295308,0.0001959034707397,50203930,results/ebbi/SC3_MHBD_MWPM_2_5x/results/sweep_25_exp_0_checkpoints.csv
033000330,0.0217750222051934,0.0001926062977872,63491238,results/ebbi/SC3_MHBD_MWPM_2_5x/results/sweep_25_exp_0_checkpoints.csv
033000330,0.0217750222051934,0.0001926062977872,79515720,results/ebbi/SC3_MHBD_MWPM_2_5x/results/sweep_25_exp_0_checkpoints.csv
033000330,0.0217750222051934,0.0001926062977872,100095570,results/ebbi/SC3_MHBD_MWPM_2_5x/results/sweep_25_exp_0_checkpoints.csv
033000330,0.0217750222051934,0.0001926062977872,126033301,results/ebbi/SC3_MHBD_MWPM_2_5x/results/sweep_25_exp_0_checkpoints.csv
033000330,0.0217750222051934,0.0001926062977872,158651163,results/ebbi/SC3_MHBD_MWPM_2_5x/results/sweep_25_exp_0_checkpoints.csv
033000330,0.0217750222051934,0.0001926062977872,199704732,results/ebbi/SC3_MHBD_MWPM_2_5x/results/sweep_25_exp_0_checkpoints.csv
033000330,0.0217750222051934,0.0001926062977872,251418606,results/ebbi/SC3_MHBD_MWPM_2_5x/results/sweep_25_exp_0_checkpoints.csv
033000330,0.0217750222051934,0.0001926062977872,316543425,results/ebbi/SC3_MHBD_MWPM_2_5x/results/sweep_25_exp_0_checkpoints.csv
033000330,0.0217750222051934,0.0001926062977872,398482631,results/ebbi/SC3_MHBD_MWPM_2_5x/results/sweep_25_exp_0_checkpoints.csv
033000330,0.0217750222051934,0.0001926062977872,501628369,results/ebbi/SC3_MHBD_MWPM_2_5x/results/sweep_25_exp_0_checkpoints.csv
033000330,0.0217750222051934,0.0001926062977872,631529446,results/ebbi/SC3_MHBD_MWPM_2_5x/results/sweep_25_exp_0_checkpoints.csv
033000330,0.0217750222051934,0.0001926062977872,795049785,results/ebbi/SC3_MHBD_MWPM_2_5x/results/sweep_25_exp_0_checkpoints.csv
033000330,0.0217750222051934,0.0001926062977872,1000865937,results/ebbi/SC3_MHBD_MWPM_2_5x/results/sweep_25_exp_0_checkpoints.csv
033000330,0.0218258627965433,5.7133776863338426e-05,1073726828,results/ebbi/SC3_MHBD_MWPM_2_5x/results/sweep_25_exp_0_checkpoints.csv
302333030,0.0238466030757251,0.0007526052650064,326965,results/ebbi/SC3_MHBD_MWPM_2_5x/results/sweep_12_exp_0_checkpoints.csv
200300000,0.023138191014157,0.0007308857748284,494547,results/ebbi/SC3_MHBD_MWPM_2_5x/results/sweep_12_exp_0_checkpoints.csv
200300000,0.023138191014157,0.0007308857748284,602627,results/ebbi/SC3_MHBD_MWPM_2_5x/results/sweep_12_exp_0_checkpoints.csv
200300000,0.023138191014157,0.0007308857748284,671569,results/ebbi/SC3_MHBD_MWPM_2_5x/results/sweep_12_exp_0_checkpoints.csv
200300000,0.023138191014157,0.0007308857748284,831791,results/ebbi/SC3_MHBD_MWPM_2_5x/results/sweep_12_exp_0_checkpoints.csv
200300000,0.023138191014157,0.0007308857748284,1083076,results/ebbi/SC3_MHBD_MWPM_2_5x/results/sweep_12_exp_0_checkpoints.csv
200300000,0.023138191014157,0.0007308857748284,1312279,results/ebbi/SC3_MHBD_MWPM_2_5x/results/sweep_12_exp_0_checkpoints.csv
230300000,0.0240473547909729,0.0004780035233125,1673373,results/ebbi/SC3_MHBD_MWPM_2_5x/results/sweep_12_exp_0_checkpoints.csv
230300000,0.0240473547909729,0.0004780035233125,2138495,results/ebbi/SC3_MHBD_MWPM_2_5x/results/sweep_12_exp_0_checkpoints.csv
230300000,0.0240473547909729,0.0004780035233125,2637004,results/ebbi/SC3_MHBD_MWPM_2_5x/results/sweep_12_exp_0_checkpoints.csv
200300030,0.0243048327782403,0.000226759671932,3404877,results/ebbi/SC3_MHBD_MWPM_2_5x/results/sweep_12_exp_0_checkpoints.csv
230333030,0.0228557528581853,0.000466155965114,4288108,results/ebbi/SC3_MHBD_MWPM_2_5x/results/sweep_12_exp_0_checkpoints.csv
030333030,0.0221245610633576,0.0006826947210356,5219981,results/ebbi/SC3_MHBD_MWPM_2_5x/results/sweep_12_exp_0_checkpoints.csv
030033030,0.022191375161947,0.0004481099022086,6528219,results/ebbi/SC3_MHBD_MWPM_2_5x/results/sweep_12_exp_0_checkpoints.csv
030033030,0.0223253212246845,0.0002996222756337,8280617,results/ebbi/SC3_MHBD_MWPM_2_5x/results/sweep_12_exp_0_checkpoints.csv
030333030,0.0223692024860133,0.0002033762430073,10409698,results/ebbi/SC3_MHBD_MWPM_2_5x/results/sweep_12_exp_0_checkpoints.csv
030030030,0.0222467181080268,0.0002952794602606,13080402,results/ebbi/SC3_MHBD_MWPM_2_5x/results/sweep_12_exp_0_checkpoints.csv
330030030,0.0220597828020668,0.0002920380502473,16462660,results/ebbi/SC3_MHBD_MWPM_2_5x/results/sweep_12_exp_0_checkpoints.csv
030330030,0.0216585742357476,0.0002888636372517,20713373,results/ebbi/SC3_MHBD_MWPM_2_5x/results/sweep_12_exp_0_checkpoints.csv
030330030,0.0217287053437038,0.0001928811398101,26005935,results/ebbi/SC3_MHBD_MWPM_2_5x/results/sweep_12_exp_0_checkpoints.csv
030330030,0.0217287053437038,0.0001928811398101,32704201,results/ebbi/SC3_MHBD_MWPM_2_5x/results/sweep_12_exp_0_checkpoints.csv
030330030,0.0217287053437038,0.0001928811398101,41188499,results/ebbi/SC3_MHBD_MWPM_2_5x/results/sweep_12_exp_0_checkpoints.csv
030330030,0.0217287053437038,0.0001928811398101,51864424,results/ebbi/SC3_MHBD_MWPM_2_5x/results/sweep_12_exp_0_checkpoints.csv
030330030,0.0217287053437038,0.0001928811398101,65262840,results/ebbi/SC3_MHBD_MWPM_2_5x/results/sweep_12_exp_0_checkpoints.csv
033000330,0.0216903917989826,0.0001919658388942,82158747,results/ebbi/SC3_MHBD_MWPM_2_5x/results/sweep_12_exp_0_checkpoints.csv
033000330,0.0216903917989826,0.0001919658388942,103443629,results/ebbi/SC3_MHBD_MWPM_2_5x/results/sweep_12_exp_0_checkpoints.csv
033000330,0.0216903917989826,0.0001919658388942,130187774,results/ebbi/SC3_MHBD_MWPM_2_5x/results/sweep_12_exp_0_checkpoints.csv
033000330,0.0216903917989826,0.0001919658388942,163913916,results/ebbi/SC3_MHBD_MWPM_2_5x/results/sweep_12_exp_0_checkpoints.csv
033000330,0.0216903917989826,0.0001919658388942,206344473,results/ebbi/SC3_MHBD_MWPM_2_5x/results/sweep_12_exp_0_checkpoints.csv
033000330,0.0216903917989826,0.0001919658388942,259724576,results/ebbi/SC3_MHBD_MWPM_2_5x/results/sweep_12_exp_0_checkpoints.csv
033000330,0.0216903917989826,0.0001919658388942,327014569,results/ebbi/SC3_MHBD_MWPM_2_5x/results/sweep_12_exp_0_checkpoints.csv
033000330,0.0216903917989826,0.0001919658388942,411644982,results/ebbi/SC3_MHBD_MWPM_2_5x/results/sweep_12_exp_0_checkpoints.csv
033000330,0.0216903917989826,0.0001919658388942,518211870,results/ebbi/SC3_MHBD_MWPM_2_5x/results/sweep_12_exp_0_checkpoints.csv
033000330,0.0216903917989826,0.0001919658388942,652416351,results/ebbi/SC3_MHBD_MWPM_2_5x/results/sweep_12_exp_0_checkpoints.csv
033000330,0.0216903917989826,0.0001919658388942,821320768,results/ebbi/SC3_MHBD_MWPM_2_5x/results/sweep_12_exp_0_checkpoints.csv
033000330,0.0216903917989826,0.0001919658388942,1033965626,results/ebbi/SC3_MHBD_MWPM_2_5x/results/sweep_12_exp_0_checkpoints.csv
033000330,0.0217597027374844,5.696770313079469e-05,1068393983,results/ebbi/SC3_MHBD_MWPM_2_5x/results/sweep_12_exp_0_checkpoints.csv
000033332,0.0234296743299699,0.0007476587197743,309203,results/ebbi/SC3_MHBD_MWPM_2_5x/results/sweep_18_exp_0_checkpoints.csv
003033002,0.0233251652873456,0.000725686608348,569904,results/ebbi/SC3_MHBD_MWPM_2_5x/results/sweep_18_exp_0_checkpoints.csv
003033002,0.0233251652873456,0.000725686608348,666335,results/ebbi/SC3_MHBD_MWPM_2_5x/results/sweep_18_exp_0_checkpoints.csv
003033002,0.0233251652873456,0.000725686608348,816350,results/ebbi/SC3_MHBD_MWPM_2_5x/results/sweep_18_exp_0_checkpoints.csv
003033002,0.0233251652873456,0.000725686608348,1015802,results/ebbi/SC3_MHBD_MWPM_2_5x/results/sweep_18_exp_0_checkpoints.csv
003033002,0.0233251652873456,0.000725686608348,1251578,results/ebbi/SC3_MHBD_MWPM_2_5x/results/sweep_18_exp_0_checkpoints.csv
003033002,0.023538961038961,0.0004859593755099,1688286,results/ebbi/SC3_MHBD_MWPM_2_5x/results/sweep_18_exp_0_checkpoints.csv
000033303,0.0231686318955558,0.0007023261277936,2014986,results/ebbi/SC3_MHBD_MWPM_2_5x/results/sweep_18_exp_0_checkpoints.csv
033033000,0.0228559325297492,0.0004636986122932,2551409,results/ebbi/SC3_MHBD_MWPM_2_5x/results/sweep_18_exp_0_checkpoints.csv
033033000,0.0228559325297492,0.0004636986122932,3210816,results/ebbi/SC3_MHBD_MWPM_2_5x/results/sweep_18_exp_0_checkpoints.csv
033033000,0.0228559325297492,0.0004636986122932,4054831,results/ebbi/SC3_MHBD_MWPM_2_5x/results/sweep_18_exp_0_checkpoints.csv
033003000,0.0231929020604763,0.0003077722794841,4903334,results/ebbi/SC3_MHBD_MWPM_2_5x/results/sweep_18_exp_0_checkpoints.csv
033003300,0.022813472969148,0.0004586167633533,6175459,results/ebbi/SC3_MHBD_MWPM_2_5x/results/sweep_18_exp_0_checkpoints.csv
330033000,0.0231080615767063,0.0003078832814935,7808266,results/ebbi/SC3_MHBD_MWPM_2_5x/results/sweep_18_exp_0_checkpoints.csv
033033000,0.0229431252401002,0.0002064745058305,9782916,results/ebbi/SC3_MHBD_MWPM_2_5x/results/sweep_18_exp_0_checkpoints.csv
033033000,0.0229431252401002,0.0002064745058305,12459861,results/ebbi/SC3_MHBD_MWPM_2_5x/results/sweep_18_exp_0_checkpoints.csv
033033300,0.0230197296309828,0.0002026936854235,15983611,results/ebbi/SC3_MHBD_MWPM_2_5x/results/sweep_18_exp_0_checkpoints.csv
033033300,0.0230197296309828,0.0002026936854235,19527095,results/ebbi/SC3_MHBD_MWPM_2_5x/results/sweep_18_exp_0_checkpoints.csv
033033300,0.0230197296309828,0.0002026936854235,24598081,results/ebbi/SC3_MHBD_MWPM_2_5x/results/sweep_18_exp_0_checkpoints.csv
330030030,0.0222537501394844,0.0002944711304735,30923568,results/ebbi/SC3_MHBD_MWPM_2_5x/results/sweep_18_exp_0_checkpoints.csv
030330030,0.0220895776325303,0.0001956626074388,39611960,results/ebbi/SC3_MHBD_MWPM_2_5x/results/sweep_18_exp_0_checkpoints.csv
030330030,0.0220895776325303,0.0001956626074388,49641567,results/ebbi/SC3_MHBD_MWPM_2_5x/results/sweep_18_exp_0_checkpoints.csv
030330030,0.0220266156251599,0.0001302601158386,61844222,results/ebbi/SC3_MHBD_MWPM_2_5x/results/sweep_18_exp_0_checkpoints.csv
030330030,0.0220266156251599,0.0001302601158386,77708261,results/ebbi/SC3_MHBD_MWPM_2_5x/results/sweep_18_exp_0_checkpoints.csv
030330030,0.0220266156251599,0.0001302601158386,97800574,results/ebbi/SC3_MHBD_MWPM_2_5x/results/sweep_18_exp_0_checkpoints.csv
033300330,0.0210913842269288,0.0004269393393769,123124201,results/ebbi/SC3_MHBD_MWPM_2_5x/results/sweep_18_exp_0_checkpoints.csv
033300330,0.0210913842269288,0.0004269393393769,154971406,results/ebbi/SC3_MHBD_MWPM_2_5x/results/sweep_18_exp_0_checkpoints.csv
033300330,0.0210913842269288,0.0004269393393769,195125730,results/ebbi/SC3_MHBD_MWPM_2_5x/results/sweep_18_exp_0_checkpoints.csv
033300330,0.0210913842269288,0.0004269393393769,245623219,results/ebbi/SC3_MHBD_MWPM_2_5x/results/sweep_18_exp_0_checkpoints.csv
033300330,0.0210913842269288,0.0004269393393769,309229691,results/ebbi/SC3_MHBD_MWPM_2_5x/results/sweep_18_exp_0_checkpoints.csv
033300330,0.0210913842269288,0.0004269393393769,389307371,results/ebbi/SC3_MHBD_MWPM_2_5x/results/sweep_18_exp_0_checkpoints.csv
033300330,0.0210913842269288,0.0004269393393769,490069521,results/ebbi/SC3_MHBD_MWPM_2_5x/results/sweep_18_exp_0_checkpoints.csv
033300330,0.0210913842269288,0.0004269393393769,616986610,results/ebbi/SC3_MHBD_MWPM_2_5x/results/sweep_18_exp_0_checkpoints.csv
033300330,0.0210913842269288,0.0004269393393769,776700467,results/ebbi/SC3_MHBD_MWPM_2_5x/results/sweep_18_exp_0_checkpoints.csv
033300330,0.0210913842269288,0.0004269393393769,977798965,results/ebbi/SC3_MHBD_MWPM_2_5x/results/sweep_18_exp_0_checkpoints.csv
033000330,0.0216796887320991,8.621613233117387e-05,1078024929,results/ebbi/SC3_MHBD_MWPM_2_5x/results/sweep_18_exp_0_checkpoints.csv
303300020,0.0246701090074584,0.0007921284413896,333138,results/ebbi/SC3_MHBD_MWPM_2_5x/results/sweep_9_exp_0_checkpoints.csv
333000020,0.0232821421539673,0.0007480946951545,644386,results/ebbi/SC3_MHBD_MWPM_2_5x/results/sweep_9_exp_0_checkpoints.csv
333000020,0.0232821421539673,0.0007480946951545,729557,results/ebbi/SC3_MHBD_MWPM_2_5x/results/sweep_9_exp_0_checkpoints.csv
333000020,0.0232821421539673,0.0007480946951545,851153,results/ebbi/SC3_MHBD_MWPM_2_5x/results/sweep_9_exp_0_checkpoints.csv
333000020,0.0232821421539673,0.0007480946951545,1074842,results/ebbi/SC3_MHBD_MWPM_2_5x/results/sweep_9_exp_0_checkpoints.csv
003033032,0.023262885814201,0.000702510762494,1339066,results/ebbi/SC3_MHBD_MWPM_2_5x/results/sweep_9_exp_0_checkpoints.csv
003033032,0.023262885814201,0.000702510762494,1708469,results/ebbi/SC3_MHBD_MWPM_2_5x/results/sweep_9_exp_0_checkpoints.csv
003033032,0.0234589950282376,0.0004702722944784,2179420,results/ebbi/SC3_MHBD_MWPM_2_5x/results/sweep_9_exp_0_checkpoints.csv
003033032,0.0234589950282376,0.0004702722944784,2658317,results/ebbi/SC3_MHBD_MWPM_2_5x/results/sweep_9_exp_0_checkpoints.csv
333000000,0.0234239040131527,0.0003162645734846,3340289,results/ebbi/SC3_MHBD_MWPM_2_5x/results/sweep_9_exp_0_checkpoints.csv
303000030,0.0233849813173188,0.0003103466297034,4311900,results/ebbi/SC3_MHBD_MWPM_2_5x/results/sweep_9_exp_0_checkpoints.csv
303000030,0.0233849813173188,0.0003103466297034,5297420,results/ebbi/SC3_MHBD_MWPM_2_5x/results/sweep_9_exp_0_checkpoints.csv
303000030,0.0233849813173188,0.0003103466297034,6691201,results/ebbi/SC3_MHBD_MWPM_2_5x/results/sweep_9_exp_0_checkpoints.csv
303000030,0.0233849813173188,0.0003103466297034,8461327,results/ebbi/SC3_MHBD_MWPM_2_5x/results/sweep_9_exp_0_checkpoints.csv
333000000,0.0234682904709464,0.0001406927185598,11129903,results/ebbi/SC3_MHBD_MWPM_2_5x/results/sweep_9_exp_0_checkpoints.csv
333000000,0.0234682904709464,0.0001406927185598,13526011,results/ebbi/SC3_MHBD_MWPM_2_5x/results/sweep_9_exp_0_checkpoints.csv
333000030,0.0230344699433243,0.0002044921566266,16720006,results/ebbi/SC3_MHBD_MWPM_2_5x/results/sweep_9_exp_0_checkpoints.csv
330000030,0.0225168389215668,0.0004518821078818,21035713,results/ebbi/SC3_MHBD_MWPM_2_5x/results/sweep_9_exp_0_checkpoints.csv
330000030,0.0228787995411045,0.000202409166377,27021963,results/ebbi/SC3_MHBD_MWPM_2_5x/results/sweep_9_exp_0_checkpoints.csv
330000330,0.0224410118502798,0.0002980704884976,33436085,results/ebbi/SC3_MHBD_MWPM_2_5x/results/sweep_9_exp_0_checkpoints.csv
033300330,0.021866556305885,0.0002917391830123,42118811,results/ebbi/SC3_MHBD_MWPM_2_5x/results/sweep_9_exp_0_checkpoints.csv
033000330,0.0218883616371568,0.0001311992382397,52800248,results/ebbi/SC3_MHBD_MWPM_2_5x/results/sweep_9_exp_0_checkpoints.csv
033000330,0.0218883616371568,0.0001311992382397,66550367,results/ebbi/SC3_MHBD_MWPM_2_5x/results/sweep_9_exp_0_checkpoints.csv
033000330,0.0218883616371568,0.0001311992382397,83681660,results/ebbi/SC3_MHBD_MWPM_2_5x/results/sweep_9_exp_0_checkpoints.csv
033000330,0.0218883616371568,0.0001311992382397,105370069,results/ebbi/SC3_MHBD_MWPM_2_5x/results/sweep_9_exp_0_checkpoints.csv
033000330,0.0218883616371568,0.0001311992382397,132638083,results/ebbi/SC3_MHBD_MWPM_2_5x/results/sweep_9_exp_0_checkpoints.csv
033000330,0.0218883616371568,0.0001311992382397,167013116,results/ebbi/SC3_MHBD_MWPM_2_5x/results/sweep_9_exp_0_checkpoints.csv
033000330,0.0218883616371568,0.0001311992382397,210278027,results/ebbi/SC3_MHBD_MWPM_2_5x/results/sweep_9_exp_0_checkpoints.csv
033000330,0.0218883616371568,0.0001311992382397,264639669,results/ebbi/SC3_MHBD_MWPM_2_5x/results/sweep_9_exp_0_checkpoints.csv
033000330,0.0218883616371568,0.0001311992382397,333143581,results/ebbi/SC3_MHBD_MWPM_2_5x/results/sweep_9_exp_0_checkpoints.csv
033000330,0.0218883616371568,0.0001311992382397,419399874,results/ebbi/SC3_MHBD_MWPM_2_5x/results/sweep_9_exp_0_checkpoints.csv
033000330,0.0218883616371568,0.0001311992382397,528037536,results/ebbi/SC3_MHBD_MWPM_2_5x/results/sweep_9_exp_0_checkpoints.csv
033000330,0.0218883616371568,0.0001311992382397,664709194,results/ebbi/SC3_MHBD_MWPM_2_5x/results/sweep_9_exp_0_checkpoints.csv
033000330,0.0218883616371568,0.0001311992382397,836814252,results/ebbi/SC3_MHBD_MWPM_2_5x/results/sweep_9_exp_0_checkpoints.csv
033000330,0.0218883616371568,0.0001311992382397,1053499672,results/ebbi/SC3_MHBD_MWPM_2_5x/results/sweep_9_exp_0_checkpoints.csv
033000330,0.0218083961248654,3.880440635839477e-05,1101709851,results/ebbi/SC3_MHBD_MWPM_2_5x/results/sweep_9_exp_0_checkpoints.csv
300000033,0.0238728120768343,0.0007644214783795,324184,results/ebbi/SC3_MHBD_MWPM_2_5x/results/sweep_3_exp_0_checkpoints.csv
300000033,0.0238728120768343,0.0007644214783795,604444,results/ebbi/SC3_MHBD_MWPM_2_5x/results/sweep_3_exp_0_checkpoints.csv
300000033,0.0238728120768343,0.0007644214783795,723640,results/ebbi/SC3_MHBD_MWPM_2_5x/results/sweep_3_exp_0_checkpoints.csv
300000033,0.0238728120768343,0.0007644214783795,821524,results/ebbi/SC3_MHBD_MWPM_2_5x/results/sweep_3_exp_0_checkpoints.csv
233000033,0.0234955299559667,0.0005050916806794,1070716,results/ebbi/SC3_MHBD_MWPM_2_5x/results/sweep_3_exp_0_checkpoints.csv
233000033,0.0234955299559667,0.0005050916806794,1335896,results/ebbi/SC3_MHBD_MWPM_2_5x/results/sweep_3_exp_0_checkpoints.csv
033003333,0.0221901769187723,0.0006833669031038,1630989,results/ebbi/SC3_MHBD_MWPM_2_5x/results/sweep_3_exp_0_checkpoints.csv
033003333,0.0222313630580559,0.0004559991357382,2077990,results/ebbi/SC3_MHBD_MWPM_2_5x/results/sweep_3_exp_0_checkpoints.csv
033003333,0.0222313630580559,0.0004559991357382,2649795,results/ebbi/SC3_MHBD_MWPM_2_5x/results/sweep_3_exp_0_checkpoints.csv
033003333,0.0222313630580559,0.0004559991357382,3254945,results/ebbi/SC3_MHBD_MWPM_2_5x/results/sweep_3_exp_0_checkpoints.csv
033003333,0.0222313630580559,0.0004559991357382,4167760,results/ebbi/SC3_MHBD_MWPM_2_5x/results/sweep_3_exp_0_checkpoints.csv
033300330,0.022200178152077,0.0002964636369142,5184973,results/ebbi/SC3_MHBD_MWPM_2_5x/results/sweep_3_exp_0_checkpoints.csv
033300330,0.022200178152077,0.0002964636369142,6593216,results/ebbi/SC3_MHBD_MWPM_2_5x/results/sweep_3_exp_0_checkpoints.csv
033300030,0.0215103714326109,0.0006519988528452,8175620,results/ebbi/SC3_MHBD_MWPM_2_5x/results/sweep_3_exp_0_checkpoints.csv
033000330,0.0220153288385701,0.000292559270747,10455802,results/ebbi/SC3_MHBD_MWPM_2_5x/results/sweep_3_exp_0_checkpoints.csv
033000330,0.0219686248319313,0.0001948379067471,13252961,results/ebbi/SC3_MHBD_MWPM_2_5x/results/sweep_3_exp_0_checkpoints.csv
033000330,0.0219686248319313,0.0001948379067471,16269860,results/ebbi/SC3_MHBD_MWPM_2_5x/results/sweep_3_exp_0_checkpoints.csv
033000330,0.0219686248319313,0.0001948379067471,20975039,results/ebbi/SC3_MHBD_MWPM_2_5x/results/sweep_3_exp_0_checkpoints.csv
033000330,0.0219686248319313,0.0001948379067471,25751709,results/ebbi/SC3_MHBD_MWPM_2_5x/results/sweep_3_exp_0_checkpoints.csv
033000330,0.0219686248319313,0.0001948379067471,32439036,results/ebbi/SC3_MHBD_MWPM_2_5x/results/sweep_3_exp_0_checkpoints.csv
033000330,0.0219686248319313,0.0001948379067471,40824810,results/ebbi/SC3_MHBD_MWPM_2_5x/results/sweep_3_exp_0_checkpoints.csv
033000330,0.0219686248319313,0.0001948379067471,51557241,results/ebbi/SC3_MHBD_MWPM_2_5x/results/sweep_3_exp_0_checkpoints.csv
033000330,0.0219686248319313,0.0001948379067471,64714344,results/ebbi/SC3_MHBD_MWPM_2_5x/results/sweep_3_exp_0_checkpoints.csv
033000330,0.0219686248319313,0.0001948379067471,81445834,results/ebbi/SC3_MHBD_MWPM_2_5x/results/sweep_3_exp_0_checkpoints.csv
030330030,0.0212222005980078,0.0004286624316591,102593026,results/ebbi/SC3_MHBD_MWPM_2_5x/results/sweep_3_exp_0_checkpoints.csv
030330030,0.0214003192551761,0.0002869477029889,129086770,results/ebbi/SC3_MHBD_MWPM_2_5x/results/sweep_3_exp_0_checkpoints.csv
030330030,0.0214003192551761,0.0002869477029889,162506742,results/ebbi/SC3_MHBD_MWPM_2_5x/results/sweep_3_exp_0_checkpoints.csv
030330030,0.0214003192551761,0.0002869477029889,204568347,results/ebbi/SC3_MHBD_MWPM_2_5x/results/sweep_3_exp_0_checkpoints.csv
030330030,0.0214003192551761,0.0002869477029889,257529278,results/ebbi/SC3_MHBD_MWPM_2_5x/results/sweep_3_exp_0_checkpoints.csv
030330030,0.0214003192551761,0.0002869477029889,324193853,results/ebbi/SC3_MHBD_MWPM_2_5x/results/sweep_3_exp_0_checkpoints.csv
030330030,0.0214003192551761,0.0002869477029889,408170807,results/ebbi/SC3_MHBD_MWPM_2_5x/results/sweep_3_exp_0_checkpoints.csv
030330030,0.0214003192551761,0.0002869477029889,513844669,results/ebbi/SC3_MHBD_MWPM_2_5x/results/sweep_3_exp_0_checkpoints.csv
030330030,0.0214003192551761,0.0002869477029889,646862231,results/ebbi/SC3_MHBD_MWPM_2_5x/results/sweep_3_exp_0_checkpoints.csv
030330030,0.0214003192551761,0.0002869477029889,814345573,results/ebbi/SC3_MHBD_MWPM_2_5x/results/sweep_3_exp_0_checkpoints.csv
030330030,0.0214003192551761,0.0002869477029889,1025171859,results/ebbi/SC3_MHBD_MWPM_2_5x/results/sweep_3_exp_0_checkpoints.csv
033000330,0.0218008786181107,5.751401840825565e-05,1065910329,results/ebbi/SC3_MHBD_MWPM_2_5x/results/sweep_3_exp_0_checkpoints.csv
003330023,0.0231647384048326,0.0007610413013026,320861,results/ebbi/SC3_MHBD_MWPM_2_5x/results/sweep_5_exp_0_checkpoints.csv
003330023,0.0231647384048326,0.0007610413013026,592656,results/ebbi/SC3_MHBD_MWPM_2_5x/results/sweep_5_exp_0_checkpoints.csv
003330023,0.0231647384048326,0.0007610413013026,680620,results/ebbi/SC3_MHBD_MWPM_2_5x/results/sweep_5_exp_0_checkpoints.csv
003330023,0.0231647384048326,0.0007610413013026,889560,results/ebbi/SC3_MHBD_MWPM_2_5x/results/sweep_5_exp_0_checkpoints.csv
003330023,0.0231647384048326,0.0007610413013026,1042143,results/ebbi/SC3_MHBD_MWPM_2_5x/results/sweep_5_exp_0_checkpoints.csv
003330023,0.0236405005688282,0.0005124320741742,1298929,results/ebbi/SC3_MHBD_MWPM_2_5x/results/sweep_5_exp_0_checkpoints.csv
000330033,0.0229822221250355,0.0007007081294432,1697734,results/ebbi/SC3_MHBD_MWPM_2_5x/results/sweep_5_exp_0_checkpoints.csv
020330033,0.0219854594677204,0.0006851548096165,2096720,results/ebbi/SC3_MHBD_MWPM_2_5x/results/sweep_5_exp_0_checkpoints.csv
020330033,0.0219854594677204,0.0006851548096165,2580817,results/ebbi/SC3_MHBD_MWPM_2_5x/results/sweep_5_exp_0_checkpoints.csv
030330033,0.0229113851666889,0.0004619011306203,3313474,results/ebbi/SC3_MHBD_MWPM_2_5x/results/sweep_5_exp_0_checkpoints.csv
330030033,0.0221102125946796,0.0004447311512194,4095368,results/ebbi/SC3_MHBD_MWPM_2_5x/results/sweep_5_exp_0_checkpoints.csv
330030033,0.0221102125946796,0.0004447311512194,5145964,results/ebbi/SC3_MHBD_MWPM_2_5x/results/sweep_5_exp_0_checkpoints.csv
330030033,0.0224021987493799,0.000298396742437,6568540,results/ebbi/SC3_MHBD_MWPM_2_5x/results/sweep_5_exp_0_checkpoints.csv
330030033,0.0224021987493799,0.000298396742437,8165720,results/ebbi/SC3_MHBD_MWPM_2_5x/results/sweep_5_exp_0_checkpoints.csv
030330030,0.0221025042504815,0.0002954435767605,10149636,results/ebbi/SC3_MHBD_MWPM_2_5x/results/sweep_5_exp_0_checkpoints.csv
030330030,0.0221025042504815,0.0002954435767605,12995692,results/ebbi/SC3_MHBD_MWPM_2_5x/results/sweep_5_exp_0_checkpoints.csv
330030030,0.0212120668305726,0.0004316200502216,16132857,results/ebbi/SC3_MHBD_MWPM_2_5x/results/sweep_5_exp_0_checkpoints.csv
330030030,0.0212120668305726,0.0004316200502216,20268023,results/ebbi/SC3_MHBD_MWPM_2_5x/results/sweep_5_exp_0_checkpoints.csv
330030030,0.0212120668305726,0.0004316200502216,25508646,results/ebbi/SC3_MHBD_MWPM_2_5x/results/sweep_5_exp_0_checkpoints.csv
330030030,0.0212120668305726,0.0004316200502216,32121296,results/ebbi/SC3_MHBD_MWPM_2_5x/results/sweep_5_exp_0_checkpoints.csv
330030030,0.0212120668305726,0.0004316200502216,40442609,results/ebbi/SC3_MHBD_MWPM_2_5x/results/sweep_5_exp_0_checkpoints.csv
330030030,0.0212120668305726,0.0004316200502216,50887299,results/ebbi/SC3_MHBD_MWPM_2_5x/results/sweep_5_exp_0_checkpoints.csv
330030030,0.0212120668305726,0.0004316200502216,64024046,results/ebbi/SC3_MHBD_MWPM_2_5x/results/sweep_5_exp_0_checkpoints.csv
330030030,0.0218782776539276,0.0002921331324614,80881967,results/ebbi/SC3_MHBD_MWPM_2_5x/results/sweep_5_exp_0_checkpoints.csv
030330030,0.0221361209098552,0.0001314065011683,101514437,results/ebbi/SC3_MHBD_MWPM_2_5x/results/sweep_5_exp_0_checkpoints.csv
033000330,0.0218656343219642,0.0001933833700604,127864703,results/ebbi/SC3_MHBD_MWPM_2_5x/results/sweep_5_exp_0_checkpoints.csv
033000330,0.0218656343219642,0.0001933833700604,160850743,results/ebbi/SC3_MHBD_MWPM_2_5x/results/sweep_5_exp_0_checkpoints.csv
033000330,0.0218656343219642,0.0001933833700604,202469817,results/ebbi/SC3_MHBD_MWPM_2_5x/results/sweep_5_exp_0_checkpoints.csv
033000330,0.0218656343219642,0.0001933833700604,254870973,results/ebbi/SC3_MHBD_MWPM_2_5x/results/sweep_5_exp_0_checkpoints.csv
033000330,0.0218656343219642,0.0001933833700604,320871036,results/ebbi/SC3_MHBD_MWPM_2_5x/results/sweep_5_exp_0_checkpoints.csv
033000330,0.0218656343219642,0.0001933833700604,403983162,results/ebbi/SC3_MHBD_MWPM_2_5x/results/sweep_5_exp_0_checkpoints.csv
033000330,0.0218656343219642,0.0001933833700604,508558625,results/ebbi/SC3_MHBD_MWPM_2_5x/results/sweep_5_exp_0_checkpoints.csv
033000330,0.0218656343219642,0.0001933833700604,640249982,results/ebbi/SC3_MHBD_MWPM_2_5x/results/sweep_5_exp_0_checkpoints.csv
033000330,0.0218656343219642,0.0001933833700604,805970115,results/ebbi/SC3_MHBD_MWPM_2_5x/results/sweep_5_exp_0_checkpoints.csv
033000330,0.0218656343219642,0.0001933833700604,1014667331,results/ebbi/SC3_MHBD_MWPM_2_5x/results/sweep_5_exp_0_checkpoints.csv
033000330,0.0217259679232672,8.567953045712784e-05,1050143992,results/ebbi/SC3_MHBD_MWPM_2_5x/results/sweep_5_exp_0_checkpoints.csv
330303033,0.0233835717868488,0.0007385439239442,336038,results/ebbi/SC3_MHBD_MWPM_2_5x/results/sweep_22_exp_0_checkpoints.csv
330003033,0.0231185554985303,0.0007258380646817,512106,results/ebbi/SC3_MHBD_MWPM_2_5x/results/sweep_22_exp_0_checkpoints.csv
330003033,0.0231185554985303,0.0007258380646817,556138,results/ebbi/SC3_MHBD_MWPM_2_5x/results/sweep_22_exp_0_checkpoints.csv
330003033,0.0231185554985303,0.0007258380646817,708011,results/ebbi/SC3_MHBD_MWPM_2_5x/results/sweep_22_exp_0_checkpoints.csv
330303033,0.0229941187710991,0.0004883529618382,981391,results/ebbi/SC3_MHBD_MWPM_2_5x/results/sweep_22_exp_0_checkpoints.csv
330303033,0.0229941187710991,0.0004883529618382,1119597,results/ebbi/SC3_MHBD_MWPM_2_5x/results/sweep_22_exp_0_checkpoints.csv
030333033,0.0207363970510123,0.0006568309036083,1611574,results/ebbi/SC3_MHBD_MWPM_2_5x/results/sweep_22_exp_0_checkpoints.csv
030333033,0.0207363970510123,0.0006568309036083,1709410,results/ebbi/SC3_MHBD_MWPM_2_5x/results/sweep_22_exp_0_checkpoints.csv
030333033,0.0207363970510123,0.0006568309036083,2156809,results/ebbi/SC3_MHBD_MWPM_2_5x/results/sweep_22_exp_0_checkpoints.csv
030333033,0.0207363970510123,0.0006568309036083,2700800,results/ebbi/SC3_MHBD_MWPM_2_5x/results/sweep_22_exp_0_checkpoints.csv
030333033,0.0207363970510123,0.0006568309036083,3373646,results/ebbi/SC3_MHBD_MWPM_2_5x/results/sweep_22_exp_0_checkpoints.csv
030333033,0.0207363970510123,0.0006568309036083,4236852,results/ebbi/SC3_MHBD_MWPM_2_5x/results/sweep_22_exp_0_checkpoints.csv
030333033,0.0207363970510123,0.0006568309036083,5351579,results/ebbi/SC3_MHBD_MWPM_2_5x/results/sweep_22_exp_0_checkpoints.csv
030333030,0.0219479604918654,0.0004402310878504,6744148,results/ebbi/SC3_MHBD_MWPM_2_5x/results/sweep_22_exp_0_checkpoints.csv
030333030,0.0218689308701025,0.0002929725742433,8452810,results/ebbi/SC3_MHBD_MWPM_2_5x/results/sweep_22_exp_0_checkpoints.csv
030333030,0.0218689308701025,0.0002929725742433,10698597,results/ebbi/SC3_MHBD_MWPM_2_5x/results/sweep_22_exp_0_checkpoints.csv
030333030,0.0218689308701025,0.0002929725742433,13453874,results/ebbi/SC3_MHBD_MWPM_2_5x/results/sweep_22_exp_0_checkpoints.csv
030333030,0.0218689308701025,0.0002929725742433,16871021,results/ebbi/SC3_MHBD_MWPM_2_5x/results/sweep_22_exp_0_checkpoints.csv
030333030,0.0218689308701025,0.0002929725742433,21290535,results/ebbi/SC3_MHBD_MWPM_2_5x/results/sweep_22_exp_0_checkpoints.csv
030333030,0.0223314991923121,0.0001315495173912,26783324,results/ebbi/SC3_MHBD_MWPM_2_5x/results/sweep_22_exp_0_checkpoints.csv
030333030,0.0223314991923121,0.0001315495173912,33820797,results/ebbi/SC3_MHBD_MWPM_2_5x/results/sweep_22_exp_0_checkpoints.csv
030330330,0.022290969886595,0.0001305168116232,43841005,results/ebbi/SC3_MHBD_MWPM_2_5x/results/sweep_22_exp_0_checkpoints.csv
030330330,0.0223181780285134,8.706315566087142e-05,53760585,results/ebbi/SC3_MHBD_MWPM_2_5x/results/sweep_22_exp_0_checkpoints.csv
033000330,0.0219519238341923,0.000193843661691,67563498,results/ebbi/SC3_MHBD_MWPM_2_5x/results/sweep_22_exp_0_checkpoints.csv
033000330,0.0219519238341923,0.000193843661691,84455119,results/ebbi/SC3_MHBD_MWPM_2_5x/results/sweep_22_exp_0_checkpoints.csv
033000330,0.0219519238341923,0.000193843661691,106297130,results/ebbi/SC3_MHBD_MWPM_2_5x/results/sweep_22_exp_0_checkpoints.csv
033000330,0.0219519238341923,0.000193843661691,133785326,results/ebbi/SC3_MHBD_MWPM_2_5x/results/sweep_22_exp_0_checkpoints.csv
033000330,0.0219519238341923,0.000193843661691,168420442,results/ebbi/SC3_MHBD_MWPM_2_5x/results/sweep_22_exp_0_checkpoints.csv
033000330,0.0219519238341923,0.000193843661691,212052409,results/ebbi/SC3_MHBD_MWPM_2_5x/results/sweep_22_exp_0_checkpoints.csv
033000330,0.0219519238341923,0.000193843661691,266938387,results/ebbi/SC3_MHBD_MWPM_2_5x/results/sweep_22_exp_0_checkpoints.csv
033000330,0.0219519238341923,0.000193843661691,336074692,results/ebbi/SC3_MHBD_MWPM_2_5x/results/sweep_22_exp_0_checkpoints.csv
033000330,0.0219519238341923,0.000193843661691,423064369,results/ebbi/SC3_MHBD_MWPM_2_5x/results/sweep_22_exp_0_checkpoints.csv
033000330,0.0219519238341923,0.000193843661691,532627641,results/ebbi/SC3_MHBD_MWPM_2_5x/results/sweep_22_exp_0_checkpoints.csv
033000330,0.0219519238341923,0.000193843661691,670489138,results/ebbi/SC3_MHBD_MWPM_2_5x/results/sweep_22_exp_0_checkpoints.csv
033000330,0.0219519238341923,0.000193843661691,844091998,results/ebbi/SC3_MHBD_MWPM_2_5x/results/sweep_22_exp_0_checkpoints.csv
033000330,0.0219519238341923,0.000193843661691,1062677173,results/ebbi/SC3_MHBD_MWPM_2_5x/results/sweep_22_exp_0_checkpoints.csv
033000330,0.0218887696926098,5.735449303756468e-05,1102018051,results/ebbi/SC3_MHBD_MWPM_2_5x/results/sweep_22_exp_0_checkpoints.csv
330200003,0.0240867121637896,0.0007450371631421,290560,results/ebbi/SC3_MHBD_MWPM_2_5x/results/sweep_15_exp_0_checkpoints.csv
330000003,0.0237461270333075,0.0007490907446481,502355,results/ebbi/SC3_MHBD_MWPM_2_5x/results/sweep_15_exp_0_checkpoints.csv
330000003,0.0237461270333075,0.0007490907446481,628156,results/ebbi/SC3_MHBD_MWPM_2_5x/results/sweep_15_exp_0_checkpoints.csv
330300003,0.0233814163872448,0.0007168374140746,823962,results/ebbi/SC3_MHBD_MWPM_2_5x/results/sweep_15_exp_0_checkpoints.csv
330300003,0.0233814163872448,0.0007168374140746,942220,results/ebbi/SC3_MHBD_MWPM_2_5x/results/sweep_15_exp_0_checkpoints.csv
330300033,0.0226489199214488,0.0006949753151275,1262241,results/ebbi/SC3_MHBD_MWPM_2_5x/results/sweep_15_exp_0_checkpoints.csv
330300033,0.0226489199214488,0.0006949753151275,1477849,results/ebbi/SC3_MHBD_MWPM_2_5x/results/sweep_15_exp_0_checkpoints.csv
330300033,0.0226489199214488,0.0006949753151275,1875742,results/ebbi/SC3_MHBD_MWPM_2_5x/results/sweep_15_exp_0_checkpoints.csv
330300033,0.0231683072297919,0.0004684831656049,2439122,results/ebbi/SC3_MHBD_MWPM_2_5x/results/sweep_15_exp_0_checkpoints.csv
330000033,0.0230118764845605,0.0004621761618182,2930793,results/ebbi/SC3_MHBD_MWPM_2_5x/results/sweep_15_exp_0_checkpoints.csv
330000033,0.0230118764845605,0.0004621761618182,3702972,results/ebbi/SC3_MHBD_MWPM_2_5x/results/sweep_15_exp_0_checkpoints.csv
330000033,0.0230691271483467,0.0003084938798565,4896377,results/ebbi/SC3_MHBD_MWPM_2_5x/results/sweep_15_exp_0_checkpoints.csv
330030030,0.0221001347569192,0.000669358880259,5869044,results/ebbi/SC3_MHBD_MWPM_2_5x/results/sweep_15_exp_0_checkpoints.csv
330030030,0.0218749424101137,0.0004440192133188,7414379,results/ebbi/SC3_MHBD_MWPM_2_5x/results/sweep_15_exp_0_checkpoints.csv
330030330,0.0224737805893124,0.0002986624604091,9336426,results/ebbi/SC3_MHBD_MWPM_2_5x/results/sweep_15_exp_0_checkpoints.csv
330030330,0.0224737805893124,0.0002986624604091,11641047,results/ebbi/SC3_MHBD_MWPM_2_5x/results/sweep_15_exp_0_checkpoints.csv
030030030,0.0218322072478953,0.0004392017144709,14614328,results/ebbi/SC3_MHBD_MWPM_2_5x/results/sweep_15_exp_0_checkpoints.csv
030030030,0.0218717102328486,0.0001953756582224,18475871,results/ebbi/SC3_MHBD_MWPM_2_5x/results/sweep_15_exp_0_checkpoints.csv
030030030,0.0218717102328486,0.0001953756582224,23187417,results/ebbi/SC3_MHBD_MWPM_2_5x/results/sweep_15_exp_0_checkpoints.csv
030030030,0.0218717102328486,0.0001953756582224,29181265,results/ebbi/SC3_MHBD_MWPM_2_5x/results/sweep_15_exp_0_checkpoints.csv
030030030,0.0218717102328486,0.0001953756582224,36584365,results/ebbi/SC3_MHBD_MWPM_2_5x/results/sweep_15_exp_0_checkpoints.csv
030330030,0.021881116036433,0.0001933024614118,46235090,results/ebbi/SC3_MHBD_MWPM_2_5x/results/sweep_15_exp_0_checkpoints.csv
030330030,0.021881116036433,0.0001933024614118,57999791,results/ebbi/SC3_MHBD_MWPM_2_5x/results/sweep_15_exp_0_checkpoints.csv
033000330,0.0220078943967735,0.0001290546206291,74313056,results/ebbi/SC3_MHBD_MWPM_2_5x/results/sweep_15_exp_0_checkpoints.csv
033000330,0.0220078943967735,0.0001290546206291,91892927,results/ebbi/SC3_MHBD_MWPM_2_5x/results/sweep_15_exp_0_checkpoints.csv
033000330,0.0220078943967735,0.0001290546206291,115722577,results/ebbi/SC3_MHBD_MWPM_2_5x/results/sweep_15_exp_0_checkpoints.csv
033000330,0.0220078943967735,0.0001290546206291,145630168,results/ebbi/SC3_MHBD_MWPM_2_5x/results/sweep_15_exp_0_checkpoints.csv
033000330,0.0220078943967735,0.0001290546206291,183332584,results/ebbi/SC3_MHBD_MWPM_2_5x/results/sweep_15_exp_0_checkpoints.csv
033000330,0.0220078943967735,0.0001290546206291,230816034,results/ebbi/SC3_MHBD_MWPM_2_5x/results/sweep_15_exp_0_checkpoints.csv
033000330,0.0220078943967735,0.0001290546206291,290561681,results/ebbi/SC3_MHBD_MWPM_2_5x/results/sweep_15_exp_0_checkpoints.csv
033000330,0.0220078943967735,0.0001290546206291,365813927,results/ebbi/SC3_MHBD_MWPM_2_5x/results/sweep_15_exp_0_checkpoints.csv
033000330,0.0220078943967735,0.0001290546206291,460509870,results/ebbi/SC3_MHBD_MWPM_2_5x/results/sweep_15_exp_0_checkpoints.csv
033000330,0.0220078943967735,0.0001290546206291,579790185,results/ebbi/SC3_MHBD_MWPM_2_5x/results/sweep_15_exp_0_checkpoints.csv
033000330,0.0220078943967735,0.0001290546206291,729880590,results/ebbi/SC3_MHBD_MWPM_2_5x/results/sweep_15_exp_0_checkpoints.csv
033000330,0.0220078943967735,0.0001290546206291,918867868,results/ebbi/SC3_MHBD_MWPM_2_5x/results/sweep_15_exp_0_checkpoints.csv
033000330,0.0218254914476612,5.712481288355775e-05,1102599203,results/ebbi/SC3_MHBD_MWPM_2_5x/results/sweep_15_exp_0_checkpoints.csv
033033333,0.0245648204503956,0.0007637688540853,353862,results/ebbi/SC3_MHBD_MWPM_2_5x/results/sweep_13_exp_0_checkpoints.csv
033003033,0.0232698497854077,0.0007127720164135,638916,results/ebbi/SC3_MHBD_MWPM_2_5x/results/sweep_13_exp_0_checkpoints.csv
033003033,0.0232698497854077,0.0007127720164135,707818,results/ebbi/SC3_MHBD_MWPM_2_5x/results/sweep_13_exp_0_checkpoints.csv
033003033,0.0232698497854077,0.0007127720164135,888941,results/ebbi/SC3_MHBD_MWPM_2_5x/results/sweep_13_exp_0_checkpoints.csv
033003333,0.0233015806552915,0.0004880909691564,1256020,results/ebbi/SC3_MHBD_MWPM_2_5x/results/sweep_13_exp_0_checkpoints.csv
033003033,0.0229799409853655,0.0004722921003121,1482038,results/ebbi/SC3_MHBD_MWPM_2_5x/results/sweep_13_exp_0_checkpoints.csv
033003033,0.0229799409853655,0.0004722921003121,1800725,results/ebbi/SC3_MHBD_MWPM_2_5x/results/sweep_13_exp_0_checkpoints.csv
033003033,0.0229799409853655,0.0004722921003121,2254510,results/ebbi/SC3_MHBD_MWPM_2_5x/results/sweep_13_exp_0_checkpoints.csv
033003333,0.023159951614404,0.0003244299441576,2917736,results/ebbi/SC3_MHBD_MWPM_2_5x/results/sweep_13_exp_0_checkpoints.csv
033003330,0.0231734587162983,0.0003102134214714,3581918,results/ebbi/SC3_MHBD_MWPM_2_5x/results/sweep_13_exp_0_checkpoints.csv
033003330,0.0231734587162983,0.0003102134214714,4575382,results/ebbi/SC3_MHBD_MWPM_2_5x/results/sweep_13_exp_0_checkpoints.csv
333003330,0.0228988007364771,0.0003046024648938,5618834,results/ebbi/SC3_MHBD_MWPM_2_5x/results/sweep_13_exp_0_checkpoints.csv
333003330,0.0228988007364771,0.0003046024648938,7357553,results/ebbi/SC3_MHBD_MWPM_2_5x/results/sweep_13_exp_0_checkpoints.csv
033003330,0.0229378599392354,0.0002057805104414,9187347,results/ebbi/SC3_MHBD_MWPM_2_5x/results/sweep_13_exp_0_checkpoints.csv
033003330,0.0229378599392354,0.0002057805104414,11701786,results/ebbi/SC3_MHBD_MWPM_2_5x/results/sweep_13_exp_0_checkpoints.csv
330033030,0.0226127838568393,0.0001998349907808,14399303,results/ebbi/SC3_MHBD_MWPM_2_5x/results/sweep_13_exp_0_checkpoints.csv
330030030,0.022550329799469,0.000198710738914,18037445,results/ebbi/SC3_MHBD_MWPM_2_5x/results/sweep_13_exp_0_checkpoints.csv
330030030,0.022550329799469,0.000198710738914,22648219,results/ebbi/SC3_MHBD_MWPM_2_5x/results/sweep_13_exp_0_checkpoints.csv
030333030,0.0223977988948559,0.0001966414420166,28309711,results/ebbi/SC3_MHBD_MWPM_2_5x/results/sweep_13_exp_0_checkpoints.csv
033333030,0.0216507152829768,0.0006546707591041,35915244,results/ebbi/SC3_MHBD_MWPM_2_5x/results/sweep_13_exp_0_checkpoints.csv
030330030,0.0220366901534023,0.0001950586301973,44898575,results/ebbi/SC3_MHBD_MWPM_2_5x/results/sweep_13_exp_0_checkpoints.csv
030330030,0.0221736605881799,0.0001304336619796,56635026,results/ebbi/SC3_MHBD_MWPM_2_5x/results/sweep_13_exp_0_checkpoints.csv
030330030,0.0221556366253796,8.692128903931007e-05,72190732,results/ebbi/SC3_MHBD_MWPM_2_5x/results/sweep_13_exp_0_checkpoints.csv
033000330,0.0218930786924095,0.0001931682199938,88926156,results/ebbi/SC3_MHBD_MWPM_2_5x/results/sweep_13_exp_0_checkpoints.csv
033000330,0.0218930786924095,0.0001931682199938,111939406,results/ebbi/SC3_MHBD_MWPM_2_5x/results/sweep_13_exp_0_checkpoints.csv
033000330,0.0218930786924095,0.0001931682199938,140879331,results/ebbi/SC3_MHBD_MWPM_2_5x/results/sweep_13_exp_0_checkpoints.csv
033000330,0.0218930786924095,0.0001931682199938,177400249,results/ebbi/SC3_MHBD_MWPM_2_5x/results/sweep_13_exp_0_checkpoints.csv
033000330,0.0218930786924095,0.0001931682199938,223315738,results/ebbi/SC3_MHBD_MWPM_2_5x/results/sweep_13_exp_0_checkpoints.csv
033000330,0.0218930786924095,0.0001931682199938,281092568,results/ebbi/SC3_MHBD_MWPM_2_5x/results/sweep_13_exp_0_checkpoints.csv
033000330,0.0218930786924095,0.0001931682199938,353879865,results/ebbi/SC3_MHBD_MWPM_2_5x/results/sweep_13_exp_0_checkpoints.csv
033000330,0.0218930786924095,0.0001931682199938,445500353,results/ebbi/SC3_MHBD_MWPM_2_5x/results/sweep_13_exp_0_checkpoints.csv
033000330,0.0218930786924095,0.0001931682199938,560836988,results/ebbi/SC3_MHBD_MWPM_2_5x/results/sweep_13_exp_0_checkpoints.csv
033000330,0.0218930786924095,0.0001931682199938,706088389,results/ebbi/SC3_MHBD_MWPM_2_5x/results/sweep_13_exp_0_checkpoints.csv
033000330,0.0218930786924095,0.0001931682199938,888885373,results/ebbi/SC3_MHBD_MWPM_2_5x/results/sweep_13_exp_0_checkpoints.csv
033000330,0.0218197488828875,8.571205398766324e-05,1113349414,results/ebbi/SC3_MHBD_MWPM_2_5x/results/sweep_13_exp_0_checkpoints.csv
033002033,0.0235162941564036,0.0007628196617588,339426,results/ebbi/SC3_MHBD_MWPM_2_5x/results/sweep_24_exp_0_checkpoints.csv
033003033,0.0228420350609756,0.0007291262154467,593087,results/ebbi/SC3_MHBD_MWPM_2_5x/results/sweep_24_exp_0_checkpoints.csv
033003033,0.0228420350609756,0.0007291262154467,729845,results/ebbi/SC3_MHBD_MWPM_2_5x/results/sweep_24_exp_0_checkpoints.csv
033003033,0.0228420350609756,0.0007291262154467,903126,results/ebbi/SC3_MHBD_MWPM_2_5x/results/sweep_24_exp_0_checkpoints.csv
033000030,0.0223756906077348,0.0006817790563218,1182630,results/ebbi/SC3_MHBD_MWPM_2_5x/results/sweep_24_exp_0_checkpoints.csv
033000030,0.0223756906077348,0.0006817790563218,1418223,results/ebbi/SC3_MHBD_MWPM_2_5x/results/sweep_24_exp_0_checkpoints.csv
033000030,0.0223756906077348,0.0006817790563218,1707445,results/ebbi/SC3_MHBD_MWPM_2_5x/results/sweep_24_exp_0_checkpoints.csv
033033033,0.0229504611959287,0.0004721017321571,2178076,results/ebbi/SC3_MHBD_MWPM_2_5x/results/sweep_24_exp_0_checkpoints.csv
033000030,0.0230256323076632,0.0004609292373061,2828825,results/ebbi/SC3_MHBD_MWPM_2_5x/results/sweep_24_exp_0_checkpoints.csv
033000030,0.0231622955774203,0.0003081775794271,3491605,results/ebbi/SC3_MHBD_MWPM_2_5x/results/sweep_24_exp_0_checkpoints.csv
033000030,0.0231622955774203,0.0003081775794271,4283952,results/ebbi/SC3_MHBD_MWPM_2_5x/results/sweep_24_exp_0_checkpoints.csv
033000030,0.0231622955774203,0.0003081775794271,5398792,results/ebbi/SC3_MHBD_MWPM_2_5x/results/sweep_24_exp_0_checkpoints.csv
033000030,0.0231622955774203,0.0003081775794271,6847564,results/ebbi/SC3_MHBD_MWPM_2_5x/results/sweep_24_exp_0_checkpoints.csv
033000333,0.0213679756766525,0.0006667844136245,8566849,results/ebbi/SC3_MHBD_MWPM_2_5x/results/sweep_24_exp_0_checkpoints.csv
033000333,0.0216403171393201,0.0004472940345294,10759050,results/ebbi/SC3_MHBD_MWPM_2_5x/results/sweep_24_exp_0_checkpoints.csv
033300330,0.02137723285065,0.0004292619123589,13521971,results/ebbi/SC3_MHBD_MWPM_2_5x/results/sweep_24_exp_0_checkpoints.csv
033300330,0.02137723285065,0.0004292619123589,17084373,results/ebbi/SC3_MHBD_MWPM_2_5x/results/sweep_24_exp_0_checkpoints.csv
033000330,0.0217174496894255,0.0002965126186609,21451591,results/ebbi/SC3_MHBD_MWPM_2_5x/results/sweep_24_exp_0_checkpoints.csv
033000330,0.0218757529331055,0.0001983789843507,27177003,results/ebbi/SC3_MHBD_MWPM_2_5x/results/sweep_24_exp_0_checkpoints.csv
033000330,0.0218757529331055,0.0001983789843507,34248933,results/ebbi/SC3_MHBD_MWPM_2_5x/results/sweep_24_exp_0_checkpoints.csv
030330030,0.0217785686685946,0.0001921308867167,42741823,results/ebbi/SC3_MHBD_MWPM_2_5x/results/sweep_24_exp_0_checkpoints.csv
030330030,0.0217785686685946,0.0001921308867167,54368563,results/ebbi/SC3_MHBD_MWPM_2_5x/results/sweep_24_exp_0_checkpoints.csv
030330030,0.0217785686685946,0.0001921308867167,68230648,results/ebbi/SC3_MHBD_MWPM_2_5x/results/sweep_24_exp_0_checkpoints.csv
030330030,0.0217785686685946,0.0001921308867167,85323844,results/ebbi/SC3_MHBD_MWPM_2_5x/results/sweep_24_exp_0_checkpoints.csv
030330030,0.0217785686685946,0.0001921308867167,107339679,results/ebbi/SC3_MHBD_MWPM_2_5x/results/sweep_24_exp_0_checkpoints.csv
030330030,0.0217785686685946,0.0001921308867167,135177499,results/ebbi/SC3_MHBD_MWPM_2_5x/results/sweep_24_exp_0_checkpoints.csv
030330030,0.0217785686685946,0.0001921308867167,170133196,results/ebbi/SC3_MHBD_MWPM_2_5x/results/sweep_24_exp_0_checkpoints.csv
030330030,0.0217785686685946,0.0001921308867167,214168059,results/ebbi/SC3_MHBD_MWPM_2_5x/results/sweep_24_exp_0_checkpoints.csv
030330030,0.0217785686685946,0.0001921308867167,269639109,results/ebbi/SC3_MHBD_MWPM_2_5x/results/sweep_24_exp_0_checkpoints.csv
030330030,0.0217785686685946,0.0001921308867167,339461702,results/ebbi/SC3_MHBD_MWPM_2_5x/results/sweep_24_exp_0_checkpoints.csv
030330030,0.0217785686685946,0.0001921308867167,427337926,results/ebbi/SC3_MHBD_MWPM_2_5x/results/sweep_24_exp_0_checkpoints.csv
030330030,0.0217785686685946,0.0001921308867167,537959628,results/ebbi/SC3_MHBD_MWPM_2_5x/results/sweep_24_exp_0_checkpoints.csv
030330030,0.0217785686685946,0.0001921308867167,677274902,results/ebbi/SC3_MHBD_MWPM_2_5x/results/sweep_24_exp_0_checkpoints.csv
030330030,0.0217785686685946,0.0001921308867167,852627647,results/ebbi/SC3_MHBD_MWPM_2_5x/results/sweep_24_exp_0_checkpoints.csv
033000330,0.0217747378551106,5.864627382834442e-05,1065340387,results/ebbi/SC3_MHBD_MWPM_2_5x/results/sweep_24_exp_0_checkpoints.csv
333030203,0.0243927202578876,0.0007771959644742,297708,results/ebbi/SC3_MHBD_MWPM_2_5x/results/sweep_19_exp_0_checkpoints.csv
333030203,0.0243927202578876,0.0007771959644742,505811,results/ebbi/SC3_MHBD_MWPM_2_5x/results/sweep_19_exp_0_checkpoints.csv
333030203,0.0243927202578876,0.0007771959644742,596336,results/ebbi/SC3_MHBD_MWPM_2_5x/results/sweep_19_exp_0_checkpoints.csv
333030203,0.0243927202578876,0.0007771959644742,749366,results/ebbi/SC3_MHBD_MWPM_2_5x/results/sweep_19_exp_0_checkpoints.csv
333030203,0.0246615523465703,0.0005209193914197,955416,results/ebbi/SC3_MHBD_MWPM_2_5x/results/sweep_19_exp_0_checkpoints.csv
333030203,0.0246615523465703,0.0005209193914197,1294341,results/ebbi/SC3_MHBD_MWPM_2_5x/results/sweep_19_exp_0_checkpoints.csv
333000200,0.0244040005237342,0.0004896853934042,1648216,results/ebbi/SC3_MHBD_MWPM_2_5x/results/sweep_19_exp_0_checkpoints.csv
033003200,0.0242043433960002,0.0004857288149651,1920213,results/ebbi/SC3_MHBD_MWPM_2_5x/results/sweep_19_exp_0_checkpoints.csv
033003200,0.0242043433960002,0.0004857288149651,2388234,results/ebbi/SC3_MHBD_MWPM_2_5x/results/sweep_19_exp_0_checkpoints.csv
033003200,0.0244987479798966,0.0003257361822761,2992144,results/ebbi/SC3_MHBD_MWPM_2_5x/results/sweep_19_exp_0_checkpoints.csv
033003200,0.0244987479798966,0.0003257361822761,3945428,results/ebbi/SC3_MHBD_MWPM_2_5x/results/sweep_19_exp_0_checkpoints.csv
033003200,0.0244987479798966,0.0003257361822761,4732514,results/ebbi/SC3_MHBD_MWPM_2_5x/results/sweep_19_exp_0_checkpoints.csv
333003200,0.0237160389085097,0.0004779262235388,5956541,results/ebbi/SC3_MHBD_MWPM_2_5x/results/sweep_19_exp_0_checkpoints.csv
333003200,0.0239355288484726,0.000320055114571,7646213,results/ebbi/SC3_MHBD_MWPM_2_5x/results/sweep_19_exp_0_checkpoints.csv
330030203,0.0241868095348779,0.0002129273198079,9565864,results/ebbi/SC3_MHBD_MWPM_2_5x/results/sweep_19_exp_0_checkpoints.csv
330030203,0.0241868095348779,0.0002129273198079,11909348,results/ebbi/SC3_MHBD_MWPM_2_5x/results/sweep_19_exp_0_checkpoints.csv
330030203,0.0241868095348779,0.0002129273198079,15149885,results/ebbi/SC3_MHBD_MWPM_2_5x/results/sweep_19_exp_0_checkpoints.csv
330030000,0.0223692956850958,0.0004589934833347,18853528,results/ebbi/SC3_MHBD_MWPM_2_5x/results/sweep_19_exp_0_checkpoints.csv
030030330,0.0222790579279748,0.0002966675383504,23879369,results/ebbi/SC3_MHBD_MWPM_2_5x/results/sweep_19_exp_0_checkpoints.csv
033030330,0.0220244213132904,0.0002923621505033,29786257,results/ebbi/SC3_MHBD_MWPM_2_5x/results/sweep_19_exp_0_checkpoints.csv
033030030,0.0221488558642975,0.0001947648997884,37814008,results/ebbi/SC3_MHBD_MWPM_2_5x/results/sweep_19_exp_0_checkpoints.csv
030030030,0.0222728323409409,8.834127220325172e-05,47184042,results/ebbi/SC3_MHBD_MWPM_2_5x/results/sweep_19_exp_0_checkpoints.csv
033000330,0.021670123829279,0.000288596493192,59400698,results/ebbi/SC3_MHBD_MWPM_2_5x/results/sweep_19_exp_0_checkpoints.csv
333000330,0.0211193676540211,0.0006523304036818,74807155,results/ebbi/SC3_MHBD_MWPM_2_5x/results/sweep_19_exp_0_checkpoints.csv
033000330,0.0216283321198279,0.0001922168739838,94163387,results/ebbi/SC3_MHBD_MWPM_2_5x/results/sweep_19_exp_0_checkpoints.csv
033000330,0.0216283321198279,0.0001922168739838,118522885,results/ebbi/SC3_MHBD_MWPM_2_5x/results/sweep_19_exp_0_checkpoints.csv
033000330,0.0216283321198279,0.0001922168739838,149256815,results/ebbi/SC3_MHBD_MWPM_2_5x/results/sweep_19_exp_0_checkpoints.csv
033000330,0.0216283321198279,0.0001922168739838,187868910,results/ebbi/SC3_MHBD_MWPM_2_5x/results/sweep_19_exp_0_checkpoints.csv
033000330,0.0216283321198279,0.0001922168739838,236526703,results/ebbi/SC3_MHBD_MWPM_2_5x/results/sweep_19_exp_0_checkpoints.csv
033000330,0.0216283321198279,0.0001922168739838,297742582,results/ebbi/SC3_MHBD_MWPM_2_5x/results/sweep_19_exp_0_checkpoints.csv
033000330,0.0216283321198279,0.0001922168739838,374834824,results/ebbi/SC3_MHBD_MWPM_2_5x/results/sweep_19_exp_0_checkpoints.csv
033000330,0.0216283321198279,0.0001922168739838,471872431,results/ebbi/SC3_MHBD_MWPM_2_5x/results/sweep_19_exp_0_checkpoints.csv
033000330,0.0216283321198279,0.0001922168739838,594046819,results/ebbi/SC3_MHBD_MWPM_2_5x/results/sweep_19_exp_0_checkpoints.csv
033000330,0.0216283321198279,0.0001922168739838,747819568,results/ebbi/SC3_MHBD_MWPM_2_5x/results/sweep_19_exp_0_checkpoints.csv
033000330,0.0216283321198279,0.0001922168739838,941451352,results/ebbi/SC3_MHBD_MWPM_2_5x/results/sweep_19_exp_0_checkpoints.csv
033000330,0.0217356064551509,8.563683513784781e-05,1076623968,results/ebbi/SC3_MHBD_MWPM_2_5x/results/sweep_19_exp_0_checkpoints.csv
