clifford_deformation,exp_ler,uncertainty,method_shots,source_file
0333030232202330033230000,0.0006289460493454,2.147762279491872e-05,12413740,results/ebbi/SC5_MHBD_MWPM_1x/results/sweep_7_exp_0_checkpoints.csv
0333030232202330033230000,0.0006289460493454,2.147762279491872e-05,22784857,results/ebbi/SC5_MHBD_MWPM_1x/results/sweep_7_exp_0_checkpoints.csv
0333030232202330333230000,0.0006468132154087,2.0059978851350024e-05,26416143,results/ebbi/SC5_MHBD_MWPM_1x/results/sweep_7_exp_0_checkpoints.csv
0333030232202330333230000,0.0006468132154087,2.0059978851350024e-05,31959027,results/ebbi/SC5_MHBD_MWPM_1x/results/sweep_7_exp_0_checkpoints.csv
0300330320200000032032030,0.0006468671935488,1.3743132512900049e-05,40203961,results/ebbi/SC5_MHBD_MWPM_1x/results/sweep_7_exp_0_checkpoints.csv
0333030232202330333230000,0.0006410726415264,1.3313888302945998e-05,51344439,results/ebbi/SC5_MHBD_MWPM_1x/results/sweep_7_exp_0_checkpoints.csv
0333030232202330333230000,0.0006410726415264,1.3313888302945998e-05,62370812,results/ebbi/SC5_MHBD_MWPM_1x/results/sweep_7_exp_0_checkpoints.csv
0333030232202330333230000,0.0006410726415264,1.3313888302945998e-05,80113841,results/ebbi/SC5_MHBD_MWPM_1x/results/sweep_7_exp_0_checkpoints.csv
0333030232202330333230000,0.0006410726415264,1.3313888302945998e-05,99679336,results/ebbi/SC5_MHBD_MWPM_1x/results/sweep_7_exp_0_checkpoints.csv
0300330320200000032032030,0.0006456337911117,9.153357495961243e-06,128781738,results/ebbi/SC5_MHBD_MWPM_1x/results/sweep_7_exp_0_checkpoints.csv
0300330320200000032033030,0.0005940051354978,1.868531217041891e-05,160132982,results/ebbi/SC5_MHBD_MWPM_1x/results/sweep_7_exp_0_checkpoints.csv
0303330330000300033033000,0.0005310895283251,1.6715011952328496e-05,197292971,results/ebbi/SC5_MHBD_MWPM_1x/results/sweep_7_exp_0_checkpoints.csv
0303330330000300033033000,0.0005326689592252,1.11598956209491e-05,248666666,results/ebbi/SC5_MHBD_MWPM_1x/results/sweep_7_exp_0_checkpoints.csv
0303330330000300033033000,0.0005408568370043,7.496864327549701e-06,313644426,results/ebbi/SC5_MHBD_MWPM_1x/results/sweep_7_exp_0_checkpoints.csv
0303330330000300033033000,0.0005458706225166,5.021009656047681e-06,404764716,results/ebbi/SC5_MHBD_MWPM_1x/results/sweep_7_exp_0_checkpoints.csv
0303330330000300033033000,0.0005458706225166,5.021009656047681e-06,518118118,results/ebbi/SC5_MHBD_MWPM_1x/results/sweep_7_exp_0_checkpoints.csv
0333330330000000033033000,0.0005496979650861,3.320176347187953e-06,626417711,results/ebbi/SC5_MHBD_MWPM_1x/results/sweep_7_exp_0_checkpoints.csv
0333330330000000033033000,0.0005496979650861,3.320176347187953e-06,794963279,results/ebbi/SC5_MHBD_MWPM_1x/results/sweep_7_exp_0_checkpoints.csv
0333330330000000033033000,0.0005496979650861,3.320176347187953e-06,1013503275,results/ebbi/SC5_MHBD_MWPM_1x/results/sweep_7_exp_0_checkpoints.csv
0303330330000300030033200,0.0005427321248069,7.266181455634069e-06,1245725260,results/ebbi/SC5_MHBD_MWPM_1x/results/sweep_7_exp_0_checkpoints.csv
0303330330000300033033000,0.00054910817295,2.238164142909227e-06,1590522839,results/ebbi/SC5_MHBD_MWPM_1x/results/sweep_7_exp_0_checkpoints.csv
0303330330000300033033000,0.00054910817295,2.238164142909227e-06,2011235873,results/ebbi/SC5_MHBD_MWPM_1x/results/sweep_7_exp_0_checkpoints.csv
0303330330030300033003000,0.0005346623642165,4.775541128765326e-06,2481425138,results/ebbi/SC5_MHBD_MWPM_1x/results/sweep_7_exp_0_checkpoints.csv
0333330330030300033033000,0.0005339595001037,4.77059802506119e-06,3118741823,results/ebbi/SC5_MHBD_MWPM_1x/results/sweep_7_exp_0_checkpoints.csv
0303330330030300033003000,0.0005373937563641,2.127874495272408e-06,3951522994,results/ebbi/SC5_MHBD_MWPM_1x/results/sweep_7_exp_0_checkpoints.csv
0303330330030300033003000,0.0005373937563641,2.127874495272408e-06,4960054918,results/ebbi/SC5_MHBD_MWPM_1x/results/sweep_7_exp_0_checkpoints.csv
0333330330030300030003030,0.0005100904588693,1.039869493979495e-05,6223341433,results/ebbi/SC5_MHBD_MWPM_1x/results/sweep_7_exp_0_checkpoints.csv
0303330330030300030003030,0.0005252626202286,3.113849516012124e-06,7838288379,results/ebbi/SC5_MHBD_MWPM_1x/results/sweep_7_exp_0_checkpoints.csv
0303330300030300030003330,0.0005250007960936,2.071210928988876e-06,9941913693,results/ebbi/SC5_MHBD_MWPM_1x/results/sweep_7_exp_0_checkpoints.csv
0333330330030300030003330,0.0005208528283302,3.089833398917108e-06,12449248257,results/ebbi/SC5_MHBD_MWPM_1x/results/sweep_7_exp_0_checkpoints.csv
0333300300030300030033330,0.0005110342380477,3.037221631529974e-06,15629833969,results/ebbi/SC5_MHBD_MWPM_1x/results/sweep_7_exp_0_checkpoints.csv
0333330300030300030033330,0.0005131013176976,1.3570911505667027e-06,19690954858,results/ebbi/SC5_MHBD_MWPM_1x/results/sweep_7_exp_0_checkpoints.csv
0333330300030300030033330,0.0005131013176976,1.3570911505667027e-06,24774620757,results/ebbi/SC5_MHBD_MWPM_1x/results/sweep_7_exp_0_checkpoints.csv
0333330300030300030033330,0.0005131013176976,1.3570911505667027e-06,31183286109,results/ebbi/SC5_MHBD_MWPM_1x/results/sweep_7_exp_0_checkpoints.csv
0333330300030300030033330,0.0005131013176976,1.3570911505667027e-06,39257529421,results/ebbi/SC5_MHBD_MWPM_1x/results/sweep_7_exp_0_checkpoints.csv
0333330300030300030033330,0.0005131013176976,1.3570911505667027e-06,49420045981,results/ebbi/SC5_MHBD_MWPM_1x/results/sweep_7_exp_0_checkpoints.csv
0333330300030300030033330,0.0005131013176976,1.3570911505667027e-06,62218232567,results/ebbi/SC5_MHBD_MWPM_1x/results/sweep_7_exp_0_checkpoints.csv
0333330300030300030033330,0.0005131013176976,1.3570911505667027e-06,78325900152,results/ebbi/SC5_MHBD_MWPM_1x/results/sweep_7_exp_0_checkpoints.csv
3322033323020223032233023,0.0007322212850517,2.234515159216244e-05,11319660,results/ebbi/SC5_MHBD_MWPM_1x/results/sweep_1_exp_0_checkpoints.csv
3322033323020223032233023,0.0007322212850517,2.234515159216244e-05,14418518,results/ebbi/SC5_MHBD_MWPM_1x/results/sweep_1_exp_0_checkpoints.csv
3322033323020223032233023,0.0007322212850517,2.234515159216244e-05,20161568,results/ebbi/SC5_MHBD_MWPM_1x/results/sweep_1_exp_0_checkpoints.csv
3322033323020223032233023,0.0007322212850517,2.234515159216244e-05,22848086,results/ebbi/SC5_MHBD_MWPM_1x/results/sweep_1_exp_0_checkpoints.csv
3322033323020223032233023,0.0007322212850517,2.234515159216244e-05,30255611,results/ebbi/SC5_MHBD_MWPM_1x/results/sweep_1_exp_0_checkpoints.csv
0020030333000220220223333,0.0007341678992403,1.4802834812144283e-05,35840343,results/ebbi/SC5_MHBD_MWPM_1x/results/sweep_1_exp_0_checkpoints.csv
0020030333000220220223333,0.0007341678992403,1.4802834812144283e-05,45434687,results/ebbi/SC5_MHBD_MWPM_1x/results/sweep_1_exp_0_checkpoints.csv
0020030333000220220223333,0.0007341678992403,1.4802834812144283e-05,57126796,results/ebbi/SC5_MHBD_MWPM_1x/results/sweep_1_exp_0_checkpoints.csv
3330300033002303030022033,0.0006078715242299,1.962322130566463e-05,75591532,results/ebbi/SC5_MHBD_MWPM_1x/results/sweep_1_exp_0_checkpoints.csv
3330300233002333030022033,0.0006041444190629,1.8755128621705808e-05,91605476,results/ebbi/SC5_MHBD_MWPM_1x/results/sweep_1_exp_0_checkpoints.csv
3330300033002333030022033,0.0006063633729416,1.281646291317884e-05,117512277,results/ebbi/SC5_MHBD_MWPM_1x/results/sweep_1_exp_0_checkpoints.csv
3330300033002333030022033,0.0006063633729416,1.281646291317884e-05,145719380,results/ebbi/SC5_MHBD_MWPM_1x/results/sweep_1_exp_0_checkpoints.csv
3330300033002333000022033,0.0006117392918956,1.2315070307522546e-05,180665853,results/ebbi/SC5_MHBD_MWPM_1x/results/sweep_1_exp_0_checkpoints.csv
3330300033002333030023033,0.0006222588415647,8.287574928544927e-06,225929540,results/ebbi/SC5_MHBD_MWPM_1x/results/sweep_1_exp_0_checkpoints.csv
3330300033002333030023033,0.0006222588415647,8.287574928544927e-06,288020812,results/ebbi/SC5_MHBD_MWPM_1x/results/sweep_1_exp_0_checkpoints.csv
3330300033002333030023033,0.0006231670384643,5.529078407562338e-06,368755054,results/ebbi/SC5_MHBD_MWPM_1x/results/sweep_1_exp_0_checkpoints.csv
3330300030002303030022033,0.0006139822868496,5.494115157489432e-06,457500414,results/ebbi/SC5_MHBD_MWPM_1x/results/sweep_1_exp_0_checkpoints.csv
3330330030300300030032033,0.0005579806016457,1.1534073564689606e-05,569675565,results/ebbi/SC5_MHBD_MWPM_1x/results/sweep_1_exp_0_checkpoints.csv
3330330030300300030032033,0.000564474753803,7.733976417512167e-06,718913469,results/ebbi/SC5_MHBD_MWPM_1x/results/sweep_1_exp_0_checkpoints.csv
3330330030000300030033033,0.0005546084635671,7.476264727301896e-06,906257330,results/ebbi/SC5_MHBD_MWPM_1x/results/sweep_1_exp_0_checkpoints.csv
3330330030000300030033033,0.0005542051740516,4.98236522616935e-06,1159585439,results/ebbi/SC5_MHBD_MWPM_1x/results/sweep_1_exp_0_checkpoints.csv
0330330030030300030033033,0.0005410514869314,4.852386609854875e-06,1436633663,results/ebbi/SC5_MHBD_MWPM_1x/results/sweep_1_exp_0_checkpoints.csv
0330330030030300033033030,0.0005398480305621,4.819731202587718e-06,1799905439,results/ebbi/SC5_MHBD_MWPM_1x/results/sweep_1_exp_0_checkpoints.csv
0330330030030300030033033,0.0005408289682911,3.2342595659429207e-06,2282216235,results/ebbi/SC5_MHBD_MWPM_1x/results/sweep_1_exp_0_checkpoints.csv
0330330030030300033033330,0.0005403028750655,3.2028176519816043e-06,2865658679,results/ebbi/SC5_MHBD_MWPM_1x/results/sweep_1_exp_0_checkpoints.csv
0330330030030300033033330,0.0005418584491069,2.1382816157711204e-06,3695066133,results/ebbi/SC5_MHBD_MWPM_1x/results/sweep_1_exp_0_checkpoints.csv
0330330030030300033033330,0.0005418584491069,2.1382816157711204e-06,4537704252,results/ebbi/SC5_MHBD_MWPM_1x/results/sweep_1_exp_0_checkpoints.csv
0330330030030300033033330,0.0005417862230391,1.4254261486712494e-06,5693608942,results/ebbi/SC5_MHBD_MWPM_1x/results/sweep_1_exp_0_checkpoints.csv
0330330330030300033003330,0.0005278823981779,4.717447609436931e-06,7153142914,results/ebbi/SC5_MHBD_MWPM_1x/results/sweep_1_exp_0_checkpoints.csv
0330330330030300030003330,0.0005120987012197,1.0394342098152263e-05,8992338183,results/ebbi/SC5_MHBD_MWPM_1x/results/sweep_1_exp_0_checkpoints.csv
0333330330030300030003330,0.0005204865701718,2.0676709482359e-06,11326867922,results/ebbi/SC5_MHBD_MWPM_1x/results/sweep_1_exp_0_checkpoints.csv
0333330300030300030003330,0.0005189440419627,2.0499094262049766e-06,14267842274,results/ebbi/SC5_MHBD_MWPM_1x/results/sweep_1_exp_0_checkpoints.csv
0333300300030300030033330,0.0005145159527956,2.025807361860643e-06,18094623157,results/ebbi/SC5_MHBD_MWPM_1x/results/sweep_1_exp_0_checkpoints.csv
0333300300030300030333330,0.000513717335252,2.024485866058967e-06,22661436965,results/ebbi/SC5_MHBD_MWPM_1x/results/sweep_1_exp_0_checkpoints.csv
0333300300030300030033330,0.0005146108355531,1.350662728327734e-06,28453054669,results/ebbi/SC5_MHBD_MWPM_1x/results/sweep_1_exp_0_checkpoints.csv
0333300300030300030033330,0.0005146108355531,1.350662728327734e-06,35796608630,results/ebbi/SC5_MHBD_MWPM_1x/results/sweep_1_exp_0_checkpoints.csv
0333300300030300030033330,0.0005146108355531,1.350662728327734e-06,45070362512,results/ebbi/SC5_MHBD_MWPM_1x/results/sweep_1_exp_0_checkpoints.csv
0333300300030300030033330,0.0005146108355531,1.350662728327734e-06,56738784160,results/ebbi/SC5_MHBD_MWPM_1x/results/sweep_1_exp_0_checkpoints.csv
0333300300030300030033330,0.0005146108355531,1.350662728327734e-06,71423938751,results/ebbi/SC5_MHBD_MWPM_1x/results/sweep_1_exp_0_checkpoints.csv
0333300300030300030033330,0.0005146108355531,1.350662728327734e-06,89916917945,results/ebbi/SC5_MHBD_MWPM_1x/results/sweep_1_exp_0_checkpoints.csv
0333300300030300030033330,0.0005146108355531,1.350662728327734e-06,100000000000,results/ebbi/SC5_MHBD_MWPM_1x/results/sweep_1_exp_0_checkpoints.csv
3323023333020032003323033,0.00069568426575,2.163768294849433e-05,9721057,results/ebbi/SC5_MHBD_MWPM_1x/results/sweep_18_exp_0_checkpoints.csv
3323023333020032003323033,0.00069568426575,2.163768294849433e-05,13552961,results/ebbi/SC5_MHBD_MWPM_1x/results/sweep_18_exp_0_checkpoints.csv
3323023333020032003323033,0.00069568426575,2.163768294849433e-05,16569250,results/ebbi/SC5_MHBD_MWPM_1x/results/sweep_18_exp_0_checkpoints.csv
3323023333020032003323033,0.00069568426575,2.163768294849433e-05,19961863,results/ebbi/SC5_MHBD_MWPM_1x/results/sweep_18_exp_0_checkpoints.csv
3323023333020032002323033,0.0006917240117177,2.10314683499746e-05,24981074,results/ebbi/SC5_MHBD_MWPM_1x/results/sweep_18_exp_0_checkpoints.csv
0030002332033023332300023,0.0006956675827155,1.4573674889106767e-05,32429894,results/ebbi/SC5_MHBD_MWPM_1x/results/sweep_18_exp_0_checkpoints.csv
0030002332033023332300023,0.0006956675827155,1.4573674889106767e-05,40036016,results/ebbi/SC5_MHBD_MWPM_1x/results/sweep_18_exp_0_checkpoints.csv
3323023332020032002323033,0.0006868071058606,2.083389881590847e-05,51372857,results/ebbi/SC5_MHBD_MWPM_1x/results/sweep_18_exp_0_checkpoints.csv
0030002332033023332300023,0.0006952265365796,9.712707651488016e-06,65185076,results/ebbi/SC5_MHBD_MWPM_1x/results/sweep_18_exp_0_checkpoints.csv
0030002332033023332300023,0.0006952265365796,9.712707651488016e-06,78642391,results/ebbi/SC5_MHBD_MWPM_1x/results/sweep_18_exp_0_checkpoints.csv
0022302002033030032320030,0.00068959529013,9.436172149435151e-06,97402654,results/ebbi/SC5_MHBD_MWPM_1x/results/sweep_18_exp_0_checkpoints.csv
0022302002033030032320030,0.00068959529013,9.436172149435151e-06,123308902,results/ebbi/SC5_MHBD_MWPM_1x/results/sweep_18_exp_0_checkpoints.csv
0022302002033030032320030,0.00068959529013,9.436172149435151e-06,154498690,results/ebbi/SC5_MHBD_MWPM_1x/results/sweep_18_exp_0_checkpoints.csv
0022302002033030033320030,0.0006553595447605,1.3468828910845332e-05,194324097,results/ebbi/SC5_MHBD_MWPM_1x/results/sweep_18_exp_0_checkpoints.csv
0033302300033030033322030,0.0005860555017347,1.849953696364537e-05,244627889,results/ebbi/SC5_MHBD_MWPM_1x/results/sweep_18_exp_0_checkpoints.csv
0033302300033030033322030,0.0005965084131837,1.2442465958883986e-05,311062562,results/ebbi/SC5_MHBD_MWPM_1x/results/sweep_18_exp_0_checkpoints.csv
0033302300033030033322030,0.0006125228195624,8.405520929954946e-06,389420098,results/ebbi/SC5_MHBD_MWPM_1x/results/sweep_18_exp_0_checkpoints.csv
0033302300033000033322030,0.000612056035115,5.49075912203989e-06,495427891,results/ebbi/SC5_MHBD_MWPM_1x/results/sweep_18_exp_0_checkpoints.csv
0033303300033030033322030,0.0006106532244079,5.462366061692592e-06,627274810,results/ebbi/SC5_MHBD_MWPM_1x/results/sweep_18_exp_0_checkpoints.csv
0033303300033030033322030,0.0006106532244079,5.462366061692592e-06,796862316,results/ebbi/SC5_MHBD_MWPM_1x/results/sweep_18_exp_0_checkpoints.csv
0033303300033330033330030,0.0005774689508771,1.769001937645953e-05,972185837,results/ebbi/SC5_MHBD_MWPM_1x/results/sweep_18_exp_0_checkpoints.csv
0333320300030330033330030,0.0005617172070964,5.070216957392404e-06,1228276194,results/ebbi/SC5_MHBD_MWPM_1x/results/sweep_18_exp_0_checkpoints.csv
0333300300030330033330030,0.0005575498105784,4.985685791325523e-06,1564275591,results/ebbi/SC5_MHBD_MWPM_1x/results/sweep_18_exp_0_checkpoints.csv
0330330300030030033330030,0.0005550079398029,3.295528586022556e-06,1964532839,results/ebbi/SC5_MHBD_MWPM_1x/results/sweep_18_exp_0_checkpoints.csv
0330330300030030033330030,0.0005550079398029,3.295528586022556e-06,2443703853,results/ebbi/SC5_MHBD_MWPM_1x/results/sweep_18_exp_0_checkpoints.csv
0333300300030330033030030,0.0005440103730273,3.252465148761985e-06,3082293672,results/ebbi/SC5_MHBD_MWPM_1x/results/sweep_18_exp_0_checkpoints.csv
0333300300030300333033030,0.0005340203119433,4.779163646162488e-06,3886038557,results/ebbi/SC5_MHBD_MWPM_1x/results/sweep_18_exp_0_checkpoints.csv
0333330303030300330033030,0.0005275686840381,3.1374609079648508e-06,4899464712,results/ebbi/SC5_MHBD_MWPM_1x/results/sweep_18_exp_0_checkpoints.csv
0333330303030300330033330,0.0005223436505274,4.656998953578295e-06,6138132906,results/ebbi/SC5_MHBD_MWPM_1x/results/sweep_18_exp_0_checkpoints.csv
0333030303030300330003330,0.0005230990508599,2.0667052922362927e-06,7771775034,results/ebbi/SC5_MHBD_MWPM_1x/results/sweep_18_exp_0_checkpoints.csv
0333030303030300330003333,0.0004931189670367,1.0139599908143282e-05,9722335710,results/ebbi/SC5_MHBD_MWPM_1x/results/sweep_18_exp_0_checkpoints.csv
0333030303030300330003333,0.0004931189670367,1.0139599908143282e-05,12238889959,results/ebbi/SC5_MHBD_MWPM_1x/results/sweep_18_exp_0_checkpoints.csv
0333030300030300030003333,0.0005250872417508,2.051742058029049e-06,15463268862,results/ebbi/SC5_MHBD_MWPM_1x/results/sweep_18_exp_0_checkpoints.csv
0333030300030300030003333,0.0005245792342251,1.367166646559781e-06,19400626976,results/ebbi/SC5_MHBD_MWPM_1x/results/sweep_18_exp_0_checkpoints.csv
0333300300030300030033330,0.0005102683705025,3.0293003874248825e-06,24428927474,results/ebbi/SC5_MHBD_MWPM_1x/results/sweep_18_exp_0_checkpoints.csv
0333300300030300030033330,0.0005107102161155,2.020407464442542e-06,30742267665,results/ebbi/SC5_MHBD_MWPM_1x/results/sweep_18_exp_0_checkpoints.csv
0333300300030300030033330,0.0005107102161155,2.020407464442542e-06,38703360759,results/ebbi/SC5_MHBD_MWPM_1x/results/sweep_18_exp_0_checkpoints.csv
0333300300030300030033330,0.0005107102161155,2.020407464442542e-06,48721310738,results/ebbi/SC5_MHBD_MWPM_1x/results/sweep_18_exp_0_checkpoints.csv
0333300300030300030033330,0.0005107102161155,2.020407464442542e-06,61342238981,results/ebbi/SC5_MHBD_MWPM_1x/results/sweep_18_exp_0_checkpoints.csv
0333300300030300030033330,0.0005107102161155,2.020407464442542e-06,77219172563,results/ebbi/SC5_MHBD_MWPM_1x/results/sweep_18_exp_0_checkpoints.csv
0333300300030300030033330,0.0005107102161155,2.020407464442542e-06,97211665223,results/ebbi/SC5_MHBD_MWPM_1x/results/sweep_18_exp_0_checkpoints.csv
0333300300030300030033330,0.0005107102161155,2.020407464442542e-06,100000000000,results/ebbi/SC5_MHBD_MWPM_1x/results/sweep_18_exp_0_checkpoints.csv
0302330032032330030030232,0.0006369301057671,2.081207458104473e-05,9992044,results/ebbi/SC5_MHBD_MWPM_1x/results/sweep_12_exp_0_checkpoints.csv
0302330032032330000030232,0.0006343898517783,1.998497282329481e-05,18651258,results/ebbi/SC5_MHBD_MWPM_1x/results/sweep_12_exp_0_checkpoints.csv
0302330032032330000030232,0.0006343898517783,1.998497282329481e-05,21237582,results/ebbi/SC5_MHBD_MWPM_1x/results/sweep_12_exp_0_checkpoints.csv
0302330032032330000030232,0.0006343898517783,1.998497282329481e-05,27028917,results/ebbi/SC5_MHBD_MWPM_1x/results/sweep_12_exp_0_checkpoints.csv
0300330032032330030030232,0.0006206332917529,1.347193119727308e-05,35191839,results/ebbi/SC5_MHBD_MWPM_1x/results/sweep_12_exp_0_checkpoints.csv
0300330032032330030030232,0.0006206332917529,1.347193119727308e-05,39782544,results/ebbi/SC5_MHBD_MWPM_1x/results/sweep_12_exp_0_checkpoints.csv
0300330032033330030030232,0.0006121339453512,1.8840271877706986e-05,51554959,results/ebbi/SC5_MHBD_MWPM_1x/results/sweep_12_exp_0_checkpoints.csv
0303330032030330030030232,0.0005998271994474,1.8514330804464407e-05,63686034,results/ebbi/SC5_MHBD_MWPM_1x/results/sweep_12_exp_0_checkpoints.csv
0303330033030330030030232,0.0005877047974484,1.2091593816876411e-05,81622924,results/ebbi/SC5_MHBD_MWPM_1x/results/sweep_12_exp_0_checkpoints.csv
0303330033030330030030232,0.0005877047974484,1.2091593816876411e-05,105058305,results/ebbi/SC5_MHBD_MWPM_1x/results/sweep_12_exp_0_checkpoints.csv
0303330033030330030030232,0.0005877047974484,1.2091593816876411e-05,127570848,results/ebbi/SC5_MHBD_MWPM_1x/results/sweep_12_exp_0_checkpoints.csv
0303330033030330030030232,0.0005905537509013,8.080567567958497e-06,160024779,results/ebbi/SC5_MHBD_MWPM_1x/results/sweep_12_exp_0_checkpoints.csv
0303330033030330030030232,0.0005905537509013,8.080567567958497e-06,205832577,results/ebbi/SC5_MHBD_MWPM_1x/results/sweep_12_exp_0_checkpoints.csv
0303330033030330030030232,0.0005923485210143,5.3952198868501e-06,254215464,results/ebbi/SC5_MHBD_MWPM_1x/results/sweep_12_exp_0_checkpoints.csv
0303330033000330030030232,0.0005860762214041,5.3438775466929656e-06,317598774,results/ebbi/SC5_MHBD_MWPM_1x/results/sweep_12_exp_0_checkpoints.csv
0303330033000330030030232,0.0005860762214041,5.3438775466929656e-06,404934680,results/ebbi/SC5_MHBD_MWPM_1x/results/sweep_12_exp_0_checkpoints.csv
0303330033000330030030332,0.0005831416561848,5.215717010287335e-06,502776323,results/ebbi/SC5_MHBD_MWPM_1x/results/sweep_12_exp_0_checkpoints.csv
0303330033000330030030332,0.0005831416561848,5.215717010287335e-06,638927081,results/ebbi/SC5_MHBD_MWPM_1x/results/sweep_12_exp_0_checkpoints.csv
0303030030000330030033332,0.0005613993752691,1.1318025826767553e-05,796556959,results/ebbi/SC5_MHBD_MWPM_1x/results/sweep_12_exp_0_checkpoints.csv
0303030030000330030033332,0.000568629227452,5.062503532826668e-06,1001950217,results/ebbi/SC5_MHBD_MWPM_1x/results/sweep_12_exp_0_checkpoints.csv
0303330030000330030030332,0.0005668587070078,3.415579158172477e-06,1271117587,results/ebbi/SC5_MHBD_MWPM_1x/results/sweep_12_exp_0_checkpoints.csv
0303030030000330030033330,0.0005538558649383,4.966790129401488e-06,1588991790,results/ebbi/SC5_MHBD_MWPM_1x/results/sweep_12_exp_0_checkpoints.csv
0303030030000330030033330,0.0005494389918907,3.297971488791518e-06,1996531130,results/ebbi/SC5_MHBD_MWPM_1x/results/sweep_12_exp_0_checkpoints.csv
0333030030030330030033330,0.0005294560620981,7.147697942855302e-06,2519217037,results/ebbi/SC5_MHBD_MWPM_1x/results/sweep_12_exp_0_checkpoints.csv
0333030030030330030003330,0.0005229000183025,4.701192210632144e-06,3183836426,results/ebbi/SC5_MHBD_MWPM_1x/results/sweep_12_exp_0_checkpoints.csv
0333030030030330030003330,0.0005229000183025,4.701192210632144e-06,3981289692,results/ebbi/SC5_MHBD_MWPM_1x/results/sweep_12_exp_0_checkpoints.csv
0333030330030330030003330,0.000528549330135,3.1276699701265898e-06,5007922786,results/ebbi/SC5_MHBD_MWPM_1x/results/sweep_12_exp_0_checkpoints.csv
0333000330030300030003330,0.0005234114432139,3.112689228146337e-06,6346353639,results/ebbi/SC5_MHBD_MWPM_1x/results/sweep_12_exp_0_checkpoints.csv
0333000330030300030033330,0.0005138481093446,4.6090340219961945e-06,7941923560,results/ebbi/SC5_MHBD_MWPM_1x/results/sweep_12_exp_0_checkpoints.csv
0333300330030300030033330,0.0005206602215713,2.0674142433563247e-06,10115375179,results/ebbi/SC5_MHBD_MWPM_1x/results/sweep_12_exp_0_checkpoints.csv
0333300300030300033033330,0.0005132119134965,3.0361902645381637e-06,12640341310,results/ebbi/SC5_MHBD_MWPM_1x/results/sweep_12_exp_0_checkpoints.csv
0333300300030300030033330,0.0005127558845972,2.03422382583085e-06,15854125197,results/ebbi/SC5_MHBD_MWPM_1x/results/sweep_12_exp_0_checkpoints.csv
0333300300030300030033330,0.0005127558845972,2.03422382583085e-06,19944466624,results/ebbi/SC5_MHBD_MWPM_1x/results/sweep_12_exp_0_checkpoints.csv
0333300300030300030033330,0.0005127558845972,2.03422382583085e-06,25124505076,results/ebbi/SC5_MHBD_MWPM_1x/results/sweep_12_exp_0_checkpoints.csv
0333300300030300030033330,0.0005150203071737,1.3591388778877445e-06,31598613147,results/ebbi/SC5_MHBD_MWPM_1x/results/sweep_12_exp_0_checkpoints.csv
0333300300030300030033330,0.0005142950101469,9.05454669464234e-07,39779268384,results/ebbi/SC5_MHBD_MWPM_1x/results/sweep_12_exp_0_checkpoints.csv
0333300300030300030033330,0.0005142950101469,9.05454669464234e-07,50079354282,results/ebbi/SC5_MHBD_MWPM_1x/results/sweep_12_exp_0_checkpoints.csv
0333300300030300030033330,0.0005142950101469,9.05454669464234e-07,63060029460,results/ebbi/SC5_MHBD_MWPM_1x/results/sweep_12_exp_0_checkpoints.csv
0333300300030300030033330,0.0005142950101469,9.05454669464234e-07,79370183318,results/ebbi/SC5_MHBD_MWPM_1x/results/sweep_12_exp_0_checkpoints.csv
0320303020223303333323303,0.0007020064861444,2.15037252928596e-05,11522608,results/ebbi/SC5_MHBD_MWPM_1x/results/sweep_25_exp_0_checkpoints.csv
0320303020223303333323303,0.0007020064861444,2.15037252928596e-05,14896724,results/ebbi/SC5_MHBD_MWPM_1x/results/sweep_25_exp_0_checkpoints.csv
0320303020223303333323303,0.0007020064861444,2.15037252928596e-05,18392944,results/ebbi/SC5_MHBD_MWPM_1x/results/sweep_25_exp_0_checkpoints.csv
2023030023333000300202303,0.0006474783369272,2.0207417037454437e-05,28386178,results/ebbi/SC5_MHBD_MWPM_1x/results/sweep_25_exp_0_checkpoints.csv
2023030023333000300302300,0.0006171793246768,1.946229895111173e-05,33337877,results/ebbi/SC5_MHBD_MWPM_1x/results/sweep_25_exp_0_checkpoints.csv
2023030023333000300302300,0.0006171793246768,1.946229895111173e-05,38329425,results/ebbi/SC5_MHBD_MWPM_1x/results/sweep_25_exp_0_checkpoints.csv
2023030023333000300302300,0.0006171793246768,1.946229895111173e-05,47382333,results/ebbi/SC5_MHBD_MWPM_1x/results/sweep_25_exp_0_checkpoints.csv
2023030023333000300302300,0.0006171793246768,1.946229895111173e-05,59154052,results/ebbi/SC5_MHBD_MWPM_1x/results/sweep_25_exp_0_checkpoints.csv
2023030023333000300302300,0.0006116528464784,1.2916687410324812e-05,73611474,results/ebbi/SC5_MHBD_MWPM_1x/results/sweep_25_exp_0_checkpoints.csv
2023030023333000300302300,0.0006116528464784,1.2916687410324812e-05,92835917,results/ebbi/SC5_MHBD_MWPM_1x/results/sweep_25_exp_0_checkpoints.csv
2023030023333000300302300,0.0006116528464784,1.2916687410324812e-05,116107181,results/ebbi/SC5_MHBD_MWPM_1x/results/sweep_25_exp_0_checkpoints.csv
2023030023333000300302300,0.0006116528464784,1.2916687410324812e-05,146614429,results/ebbi/SC5_MHBD_MWPM_1x/results/sweep_25_exp_0_checkpoints.csv
3023030023333000300302300,0.0006240679586912,1.258105294255074e-05,186707140,results/ebbi/SC5_MHBD_MWPM_1x/results/sweep_25_exp_0_checkpoints.csv
2023030323333000300302300,0.0006326355120531,8.455048373434693e-06,238994276,results/ebbi/SC5_MHBD_MWPM_1x/results/sweep_25_exp_0_checkpoints.csv
2023030323333000300302300,0.0006326355120531,8.455048373434693e-06,294941058,results/ebbi/SC5_MHBD_MWPM_1x/results/sweep_25_exp_0_checkpoints.csv
3023030023333000300302300,0.0006366668574996,5.647706075251335e-06,369865849,results/ebbi/SC5_MHBD_MWPM_1x/results/sweep_25_exp_0_checkpoints.csv
3023030023333000300302300,0.0006366668574996,5.647706075251335e-06,461294349,results/ebbi/SC5_MHBD_MWPM_1x/results/sweep_25_exp_0_checkpoints.csv
3023030023333000300302300,0.0006366668574996,5.647706075251335e-06,585368190,results/ebbi/SC5_MHBD_MWPM_1x/results/sweep_25_exp_0_checkpoints.csv
3023030023333000300303300,0.0006344688051495,5.6493831834814046e-06,732269203,results/ebbi/SC5_MHBD_MWPM_1x/results/sweep_25_exp_0_checkpoints.csv
3023030023333000300303300,0.0006369688078793,3.773663593165111e-06,955764148,results/ebbi/SC5_MHBD_MWPM_1x/results/sweep_25_exp_0_checkpoints.csv
3023030023333000300303300,0.0006369688078793,3.773663593165111e-06,1180280502,results/ebbi/SC5_MHBD_MWPM_1x/results/sweep_25_exp_0_checkpoints.csv
0003030333330000300303300,0.000576348329447,5.289192358759465e-06,1451397439,results/ebbi/SC5_MHBD_MWPM_1x/results/sweep_25_exp_0_checkpoints.csv
0303330333330302303003330,0.000536880768363,1.6493511793669313e-05,1828579997,results/ebbi/SC5_MHBD_MWPM_1x/results/sweep_25_exp_0_checkpoints.csv
0303330333030300300303330,0.000541419324701,4.87415536554181e-06,2328182801,results/ebbi/SC5_MHBD_MWPM_1x/results/sweep_25_exp_0_checkpoints.csv
0333330330030300300303330,0.0005307177694887,4.781718871527119e-06,2906848844,results/ebbi/SC5_MHBD_MWPM_1x/results/sweep_25_exp_0_checkpoints.csv
0333330330030300300303330,0.0005306411650334,3.187582706232206e-06,3655551480,results/ebbi/SC5_MHBD_MWPM_1x/results/sweep_25_exp_0_checkpoints.csv
0333330300030300000303330,0.0005327822434956,2.098294089591945e-06,4620713541,results/ebbi/SC5_MHBD_MWPM_1x/results/sweep_25_exp_0_checkpoints.csv
0333300330030300300003330,0.0005291436807343,2.0850845885433955e-06,5904229733,results/ebbi/SC5_MHBD_MWPM_1x/results/sweep_25_exp_0_checkpoints.csv
0333330300030300300003330,0.0005279789109729,2.0808354292967124e-06,7299951187,results/ebbi/SC5_MHBD_MWPM_1x/results/sweep_25_exp_0_checkpoints.csv
0333330300030300300003330,0.0005281184038989,1.3874068827135488e-06,9212122629,results/ebbi/SC5_MHBD_MWPM_1x/results/sweep_25_exp_0_checkpoints.csv
3333030300030300300003330,0.0005239445083426,4.656661985791288e-06,11552626309,results/ebbi/SC5_MHBD_MWPM_1x/results/sweep_25_exp_0_checkpoints.csv
0333030300030300330003330,0.0005232423361392,2.0712539026135346e-06,14509164237,results/ebbi/SC5_MHBD_MWPM_1x/results/sweep_25_exp_0_checkpoints.csv
0333330300030300030033330,0.0005014142225786,6.828630830568727e-06,18263647967,results/ebbi/SC5_MHBD_MWPM_1x/results/sweep_25_exp_0_checkpoints.csv
0333300300030300030033330,0.0005114143625037,2.0366469470900483e-06,23005035846,results/ebbi/SC5_MHBD_MWPM_1x/results/sweep_25_exp_0_checkpoints.csv
0333300300030300030033330,0.0005114143625037,2.0366469470900483e-06,28944548771,results/ebbi/SC5_MHBD_MWPM_1x/results/sweep_25_exp_0_checkpoints.csv
0333300300030300030033330,0.0005114143625037,2.0366469470900483e-06,36438255012,results/ebbi/SC5_MHBD_MWPM_1x/results/sweep_25_exp_0_checkpoints.csv
0333300300030300030033330,0.0005114143625037,2.0366469470900483e-06,45874578980,results/ebbi/SC5_MHBD_MWPM_1x/results/sweep_25_exp_0_checkpoints.csv
0333300300030300030033330,0.0005114143625037,2.0366469470900483e-06,57750546854,results/ebbi/SC5_MHBD_MWPM_1x/results/sweep_25_exp_0_checkpoints.csv
0333300300030300030033330,0.0005114143625037,2.0366469470900483e-06,72703147868,results/ebbi/SC5_MHBD_MWPM_1x/results/sweep_25_exp_0_checkpoints.csv
0333300300030300030033330,0.0005114143625037,2.0366469470900483e-06,91529586765,results/ebbi/SC5_MHBD_MWPM_1x/results/sweep_25_exp_0_checkpoints.csv
0333300300030300030033330,0.0005114143625037,2.0366469470900483e-06,100000000000,results/ebbi/SC5_MHBD_MWPM_1x/results/sweep_25_exp_0_checkpoints.csv
0203303323032333200000300,0.0006895952841898,2.242479240521789e-05,9220635,results/ebbi/SC5_MHBD_MWPM_1x/results/sweep_23_exp_0_checkpoints.csv
0203303323032333200000200,0.0006717202228346,2.1855279555893503e-05,18778956,results/ebbi/SC5_MHBD_MWPM_1x/results/sweep_23_exp_0_checkpoints.csv
0203303323032333200000200,0.0006717202228346,2.1855279555893503e-05,26070347,results/ebbi/SC5_MHBD_MWPM_1x/results/sweep_23_exp_0_checkpoints.csv
0203303323032333200000200,0.0006717202228346,2.1855279555893503e-05,29514693,results/ebbi/SC5_MHBD_MWPM_1x/results/sweep_23_exp_0_checkpoints.csv
0203300323032333230000200,0.000684388407003,1.4359555279952474e-05,36818434,results/ebbi/SC5_MHBD_MWPM_1x/results/sweep_23_exp_0_checkpoints.csv
0203300323032333330000200,0.0006551316196737,2.0012041204608977e-05,47941626,results/ebbi/SC5_MHBD_MWPM_1x/results/sweep_23_exp_0_checkpoints.csv
0203300323032333330000200,0.0006383442633023,1.316943689744221e-05,59064022,results/ebbi/SC5_MHBD_MWPM_1x/results/sweep_23_exp_0_checkpoints.csv
0203300323032333330000200,0.0006383442633023,1.316943689744221e-05,74802205,results/ebbi/SC5_MHBD_MWPM_1x/results/sweep_23_exp_0_checkpoints.csv
0203300323032333330000200,0.0006383442633023,1.316943689744221e-05,95431448,results/ebbi/SC5_MHBD_MWPM_1x/results/sweep_23_exp_0_checkpoints.csv
0203300323032333330000230,0.0006318247983005,1.2842259820899926e-05,117032867,results/ebbi/SC5_MHBD_MWPM_1x/results/sweep_23_exp_0_checkpoints.csv
0203300323032333330000200,0.0006353237081831,8.758843250689097e-06,146206517,results/ebbi/SC5_MHBD_MWPM_1x/results/sweep_23_exp_0_checkpoints.csv
0303300323032333330000200,0.0006348935277806,8.626685485069174e-06,190188732,results/ebbi/SC5_MHBD_MWPM_1x/results/sweep_23_exp_0_checkpoints.csv
0303300323032333330000200,0.0006348935277806,8.626685485069174e-06,232907297,results/ebbi/SC5_MHBD_MWPM_1x/results/sweep_23_exp_0_checkpoints.csv
0203300323032033330003200,0.0006359867944646,8.513528882758692e-06,297099339,results/ebbi/SC5_MHBD_MWPM_1x/results/sweep_23_exp_0_checkpoints.csv
0300300323032333330000200,0.0006442986312037,5.701930604118388e-06,378720734,results/ebbi/SC5_MHBD_MWPM_1x/results/sweep_23_exp_0_checkpoints.csv
0303000323032333330000200,0.0006352324024686,5.6674316510907374e-06,470414797,results/ebbi/SC5_MHBD_MWPM_1x/results/sweep_23_exp_0_checkpoints.csv
0303000323032333330000200,0.0006352324024686,5.6674316510907374e-06,588492750,results/ebbi/SC5_MHBD_MWPM_1x/results/sweep_23_exp_0_checkpoints.csv
0303000323032333330000200,0.0006311229279318,3.766054533116403e-06,732877402,results/ebbi/SC5_MHBD_MWPM_1x/results/sweep_23_exp_0_checkpoints.csv
0303000300032330330000200,0.0005658517796859,1.789768793969415e-05,927167732,results/ebbi/SC5_MHBD_MWPM_1x/results/sweep_23_exp_0_checkpoints.csv
0300030300030330330000200,0.0005638304755332,7.712125807302073e-06,1171160568,results/ebbi/SC5_MHBD_MWPM_1x/results/sweep_23_exp_0_checkpoints.csv
0330030303030300330000230,0.0005530021764521,4.968741450284142e-06,1462990911,results/ebbi/SC5_MHBD_MWPM_1x/results/sweep_23_exp_0_checkpoints.csv
0330030303030300330000030,0.0005520457952548,4.930961949867196e-06,1865167051,results/ebbi/SC5_MHBD_MWPM_1x/results/sweep_23_exp_0_checkpoints.csv
2333030303030300330030030,0.0005456813867032,3.241880449422752e-06,2335782084,results/ebbi/SC5_MHBD_MWPM_1x/results/sweep_23_exp_0_checkpoints.csv
0333030330030300330330030,0.0005329448921073,4.723771326098358e-06,2943742181,results/ebbi/SC5_MHBD_MWPM_1x/results/sweep_23_exp_0_checkpoints.csv
0333030300030300330030030,0.0005368541684292,2.1240232399577508e-06,3681116956,results/ebbi/SC5_MHBD_MWPM_1x/results/sweep_23_exp_0_checkpoints.csv
0333030300030300330030030,0.0005368541684292,2.1240232399577508e-06,4677937670,results/ebbi/SC5_MHBD_MWPM_1x/results/sweep_23_exp_0_checkpoints.csv
0333030300030300330030330,0.0005285940638609,3.1466765904042404e-06,5855911374,results/ebbi/SC5_MHBD_MWPM_1x/results/sweep_23_exp_0_checkpoints.csv
0333030300030300330030330,0.0005308847408195,2.1023224689997733e-06,7326681784,results/ebbi/SC5_MHBD_MWPM_1x/results/sweep_23_exp_0_checkpoints.csv
0333030300030300330333030,0.0004943040132638,1.0159664270759096e-05,9225510344,results/ebbi/SC5_MHBD_MWPM_1x/results/sweep_23_exp_0_checkpoints.csv
0333000300030300330333030,0.0005239451053815,2.071973312922637e-06,11652005296,results/ebbi/SC5_MHBD_MWPM_1x/results/sweep_23_exp_0_checkpoints.csv
0333000300033300030033330,0.0005037632196165,6.829005997133208e-06,14615055263,results/ebbi/SC5_MHBD_MWPM_1x/results/sweep_23_exp_0_checkpoints.csv
0333330300030300030033330,0.0005125824640433,3.051060730285826e-06,18404807741,results/ebbi/SC5_MHBD_MWPM_1x/results/sweep_23_exp_0_checkpoints.csv
0333330300030300030033330,0.0005139593758491,2.036769274127437e-06,23184366402,results/ebbi/SC5_MHBD_MWPM_1x/results/sweep_23_exp_0_checkpoints.csv
0333330300030300030033330,0.0005136731444773,1.357468249807425e-06,29159960339,results/ebbi/SC5_MHBD_MWPM_1x/results/sweep_23_exp_0_checkpoints.csv
0333330300030300030033330,0.0005136731444773,1.357468249807425e-06,36717869494,results/ebbi/SC5_MHBD_MWPM_1x/results/sweep_23_exp_0_checkpoints.csv
0333330300030300030033330,0.0005136731444773,1.357468249807425e-06,46213658346,results/ebbi/SC5_MHBD_MWPM_1x/results/sweep_23_exp_0_checkpoints.csv
0333330300030300030033330,0.0005136731444773,1.357468249807425e-06,58185067921,results/ebbi/SC5_MHBD_MWPM_1x/results/sweep_23_exp_0_checkpoints.csv
0333330300030300030033330,0.0005136731444773,1.357468249807425e-06,73264541506,results/ebbi/SC5_MHBD_MWPM_1x/results/sweep_23_exp_0_checkpoints.csv
0333330300030300030033330,0.0005136731444773,1.357468249807425e-06,92206582787,results/ebbi/SC5_MHBD_MWPM_1x/results/sweep_23_exp_0_checkpoints.csv
0333330300030300030033330,0.0005136731444773,1.357468249807425e-06,100000000000,results/ebbi/SC5_MHBD_MWPM_1x/results/sweep_23_exp_0_checkpoints.csv
0030032030000000330223003,0.0006556486113627,2.136651892215013e-05,10915914,results/ebbi/SC5_MHBD_MWPM_1x/results/sweep_14_exp_0_checkpoints.csv
0030032033000000330223003,0.0006128575972361,1.9898583559552208e-05,19536769,results/ebbi/SC5_MHBD_MWPM_1x/results/sweep_14_exp_0_checkpoints.csv
0030032033000000330223003,0.0006128575972361,1.9898583559552208e-05,23383822,results/ebbi/SC5_MHBD_MWPM_1x/results/sweep_14_exp_0_checkpoints.csv
0030032033000000330223003,0.0006128575972361,1.9898583559552208e-05,28660461,results/ebbi/SC5_MHBD_MWPM_1x/results/sweep_14_exp_0_checkpoints.csv
0030032033000000330223003,0.0006128575972361,1.9898583559552208e-05,34772543,results/ebbi/SC5_MHBD_MWPM_1x/results/sweep_14_exp_0_checkpoints.csv
0030032033000000330223003,0.0006226270782728,1.337098001386039e-05,44402076,results/ebbi/SC5_MHBD_MWPM_1x/results/sweep_14_exp_0_checkpoints.csv
0030032033000000330223003,0.0006226270782728,1.337098001386039e-05,56805489,results/ebbi/SC5_MHBD_MWPM_1x/results/sweep_14_exp_0_checkpoints.csv
0030032033000000330223003,0.0006226270782728,1.337098001386039e-05,73196604,results/ebbi/SC5_MHBD_MWPM_1x/results/sweep_14_exp_0_checkpoints.csv
0030032033000000330223003,0.0006307042242369,8.971584975370206e-06,87004522,results/ebbi/SC5_MHBD_MWPM_1x/results/sweep_14_exp_0_checkpoints.csv
0030030333030000030223003,0.0005858420924981,1.8257676856592298e-05,117751133,results/ebbi/SC5_MHBD_MWPM_1x/results/sweep_14_exp_0_checkpoints.csv
0030033333030000030223003,0.0005889410505202,1.2035731742798816e-05,139093014,results/ebbi/SC5_MHBD_MWPM_1x/results/sweep_14_exp_0_checkpoints.csv
0030033333030030030223003,0.0005868044480264,1.194970991491573e-05,177159304,results/ebbi/SC5_MHBD_MWPM_1x/results/sweep_14_exp_0_checkpoints.csv
0033033333033000030323003,0.0005476736487897,1.7143625882454216e-05,220226597,results/ebbi/SC5_MHBD_MWPM_1x/results/sweep_14_exp_0_checkpoints.csv
0033033333030000030323003,0.00056861525028,1.1637501302175224e-05,276570769,results/ebbi/SC5_MHBD_MWPM_1x/results/sweep_14_exp_0_checkpoints.csv
0033033333030000030323003,0.0005704689634062,7.77096465753857e-06,349914924,results/ebbi/SC5_MHBD_MWPM_1x/results/sweep_14_exp_0_checkpoints.csv
0033033333030000030323003,0.0005704689634062,7.77096465753857e-06,435142424,results/ebbi/SC5_MHBD_MWPM_1x/results/sweep_14_exp_0_checkpoints.csv
0033033333030000030323003,0.0005704689634062,7.77096465753857e-06,549041525,results/ebbi/SC5_MHBD_MWPM_1x/results/sweep_14_exp_0_checkpoints.csv
0033033333030000030323003,0.0005821722439413,3.48898947777343e-06,699958942,results/ebbi/SC5_MHBD_MWPM_1x/results/sweep_14_exp_0_checkpoints.csv
0033033333030000330323303,0.0005787136397654,5.152871835889528e-06,879508616,results/ebbi/SC5_MHBD_MWPM_1x/results/sweep_14_exp_0_checkpoints.csv
0033033330030000330323303,0.0005683328211197,5.099040208733641e-06,1118480534,results/ebbi/SC5_MHBD_MWPM_1x/results/sweep_14_exp_0_checkpoints.csv
0033033330030000330023333,0.0005690910765469,3.381574060767889e-06,1383803689,results/ebbi/SC5_MHBD_MWPM_1x/results/sweep_14_exp_0_checkpoints.csv
0033003330030000030303333,0.0005423887991511,7.32825901650358e-06,1733532153,results/ebbi/SC5_MHBD_MWPM_1x/results/sweep_14_exp_0_checkpoints.csv
0033003330030000030303333,0.0005389215387477,4.869874373980565e-06,2178387547,results/ebbi/SC5_MHBD_MWPM_1x/results/sweep_14_exp_0_checkpoints.csv
0033000330030000030303333,0.0005455043008627,3.288677135060425e-06,2748213839,results/ebbi/SC5_MHBD_MWPM_1x/results/sweep_14_exp_0_checkpoints.csv
0333003330030300030303333,0.0005433659954241,3.2129601095221005e-06,3453044098,results/ebbi/SC5_MHBD_MWPM_1x/results/sweep_14_exp_0_checkpoints.csv
0333003330030300030303333,0.0005418431934725,2.138971467502415e-06,4349120929,results/ebbi/SC5_MHBD_MWPM_1x/results/sweep_14_exp_0_checkpoints.csv
0033003330030300030003333,0.0005414852834412,2.1327757622202625e-06,5496884198,results/ebbi/SC5_MHBD_MWPM_1x/results/sweep_14_exp_0_checkpoints.csv
0333003330030300030303333,0.0005405477863302,1.424276319994533e-06,6917771542,results/ebbi/SC5_MHBD_MWPM_1x/results/sweep_14_exp_0_checkpoints.csv
0333003330030300030303333,0.0005405477863302,1.424276319994533e-06,8716452406,results/ebbi/SC5_MHBD_MWPM_1x/results/sweep_14_exp_0_checkpoints.csv
0033033330030300030003333,0.000508900201001,1.5671179426135495e-05,10997750989,results/ebbi/SC5_MHBD_MWPM_1x/results/sweep_14_exp_0_checkpoints.csv
0333003330030300030303333,0.000540654175632,9.49610921452404e-07,14294150529,results/ebbi/SC5_MHBD_MWPM_1x/results/sweep_14_exp_0_checkpoints.csv
0333003330030300030003333,0.0005384986815002,9.426785823052342e-07,17301263335,results/ebbi/SC5_MHBD_MWPM_1x/results/sweep_14_exp_0_checkpoints.csv
0333300300030300030033333,0.0005155156638519,3.068352498303284e-06,21786019492,results/ebbi/SC5_MHBD_MWPM_1x/results/sweep_14_exp_0_checkpoints.csv
0333300300030300030033330,0.0004914938768552,6.717286396451527e-06,27420330395,results/ebbi/SC5_MHBD_MWPM_1x/results/sweep_14_exp_0_checkpoints.csv
0333300300030300030033330,0.0004914938768552,6.717286396451527e-06,34521100047,results/ebbi/SC5_MHBD_MWPM_1x/results/sweep_14_exp_0_checkpoints.csv
0333300300030300030033330,0.0004914938768552,6.717286396451527e-06,43457597268,results/ebbi/SC5_MHBD_MWPM_1x/results/sweep_14_exp_0_checkpoints.csv
0333300300030300030033330,0.0004914938768552,6.717286396451527e-06,54709354185,results/ebbi/SC5_MHBD_MWPM_1x/results/sweep_14_exp_0_checkpoints.csv
0333300300030300030033330,0.0004914938768552,6.717286396451527e-06,68876332250,results/ebbi/SC5_MHBD_MWPM_1x/results/sweep_14_exp_0_checkpoints.csv
0333300300030300030033330,0.0004914938768552,6.717286396451527e-06,86708201818,results/ebbi/SC5_MHBD_MWPM_1x/results/sweep_14_exp_0_checkpoints.csv
0330300300303023030002233,0.0006336497332168,2.009177478612401e-05,10199987,results/ebbi/SC5_MHBD_MWPM_1x/results/sweep_6_exp_0_checkpoints.csv
0030333333030020033002203,0.0006253540607549,1.9574465113691986e-05,17537889,results/ebbi/SC5_MHBD_MWPM_1x/results/sweep_6_exp_0_checkpoints.csv
0030333333030020033003203,0.0006032771919021,1.8930091755464676e-05,21852712,results/ebbi/SC5_MHBD_MWPM_1x/results/sweep_6_exp_0_checkpoints.csv
0030333333030020033003203,0.0006032771919021,1.8930091755464676e-05,26267621,results/ebbi/SC5_MHBD_MWPM_1x/results/sweep_6_exp_0_checkpoints.csv
0030333333030020033003203,0.0006032771919021,1.8930091755464676e-05,34087838,results/ebbi/SC5_MHBD_MWPM_1x/results/sweep_6_exp_0_checkpoints.csv
0030333333030020033002203,0.0006062805762962,1.28492238218314e-05,42552981,results/ebbi/SC5_MHBD_MWPM_1x/results/sweep_6_exp_0_checkpoints.csv
0030233333030020033003203,0.0005757889023569,1.779804370016791e-05,52902852,results/ebbi/SC5_MHBD_MWPM_1x/results/sweep_6_exp_0_checkpoints.csv
0030233333030020033003203,0.0005757889023569,1.779804370016791e-05,64695075,results/ebbi/SC5_MHBD_MWPM_1x/results/sweep_6_exp_0_checkpoints.csv
0030330333030023033003203,0.0005752627390356,1.176611658593174e-05,84735302,results/ebbi/SC5_MHBD_MWPM_1x/results/sweep_6_exp_0_checkpoints.csv
0030330333030023033003203,0.0005752627390356,1.176611658593174e-05,105461874,results/ebbi/SC5_MHBD_MWPM_1x/results/sweep_6_exp_0_checkpoints.csv
0030330333030023033003203,0.0005752627390356,1.176611658593174e-05,129669383,results/ebbi/SC5_MHBD_MWPM_1x/results/sweep_6_exp_0_checkpoints.csv
0030330333030023033003203,0.0005800521147929,7.876646122895181e-06,165021327,results/ebbi/SC5_MHBD_MWPM_1x/results/sweep_6_exp_0_checkpoints.csv
0030330333030023033003203,0.0005800521147929,7.876646122895181e-06,215048304,results/ebbi/SC5_MHBD_MWPM_1x/results/sweep_6_exp_0_checkpoints.csv
0030330333030023033003203,0.0005800521147929,7.876646122895181e-06,259327991,results/ebbi/SC5_MHBD_MWPM_1x/results/sweep_6_exp_0_checkpoints.csv
0030330333030023033003203,0.0005800521147929,7.876646122895181e-06,333992753,results/ebbi/SC5_MHBD_MWPM_1x/results/sweep_6_exp_0_checkpoints.csv
0030330333030023033003203,0.0005800521147929,7.876646122895181e-06,407799802,results/ebbi/SC5_MHBD_MWPM_1x/results/sweep_6_exp_0_checkpoints.csv
0030333333030020033003203,0.0005857723992978,5.526995664695278e-06,517955603,results/ebbi/SC5_MHBD_MWPM_1x/results/sweep_6_exp_0_checkpoints.csv
0000330333030023033003303,0.0005815408514608,5.206406513025286e-06,659527614,results/ebbi/SC5_MHBD_MWPM_1x/results/sweep_6_exp_0_checkpoints.csv
0000330333030023033003303,0.0005815408514608,5.206406513025286e-06,830301878,results/ebbi/SC5_MHBD_MWPM_1x/results/sweep_6_exp_0_checkpoints.csv
0030330303030003033033003,0.0005720568099311,5.122138645674568e-06,1025485730,results/ebbi/SC5_MHBD_MWPM_1x/results/sweep_6_exp_0_checkpoints.csv
0030330333030003033003003,0.0005486016745216,1.1223304682062007e-05,1288926456,results/ebbi/SC5_MHBD_MWPM_1x/results/sweep_6_exp_0_checkpoints.csv
0030330333030303033003003,0.0005636262265713,5.040006726630963e-06,1626339397,results/ebbi/SC5_MHBD_MWPM_1x/results/sweep_6_exp_0_checkpoints.csv
0030330330030303030003033,0.0005406646232196,4.895429810858332e-06,2050001818,results/ebbi/SC5_MHBD_MWPM_1x/results/sweep_6_exp_0_checkpoints.csv
0330330300030303030003033,0.0005330295006379,4.787594207300572e-06,2567228630,results/ebbi/SC5_MHBD_MWPM_1x/results/sweep_6_exp_0_checkpoints.csv
0330330300030303030003033,0.00053572094767,3.1997731184674194e-06,3236845941,results/ebbi/SC5_MHBD_MWPM_1x/results/sweep_6_exp_0_checkpoints.csv
0330330300030303030003333,0.0005377872706994,3.180259682267206e-06,4093937490,results/ebbi/SC5_MHBD_MWPM_1x/results/sweep_6_exp_0_checkpoints.csv
0330330300030303030003333,0.0005391086471645,2.1227749584795674e-06,5233897445,results/ebbi/SC5_MHBD_MWPM_1x/results/sweep_6_exp_0_checkpoints.csv
0330330300030303030003333,0.0005367865070968,1.4121337699180003e-06,6443924465,results/ebbi/SC5_MHBD_MWPM_1x/results/sweep_6_exp_0_checkpoints.csv
0333330300030303030303330,0.000527395300757,3.146074732285342e-06,8107526319,results/ebbi/SC5_MHBD_MWPM_1x/results/sweep_6_exp_0_checkpoints.csv
0330330300030300030303330,0.0005303040050786,2.094215460601845e-06,10234462365,results/ebbi/SC5_MHBD_MWPM_1x/results/sweep_6_exp_0_checkpoints.csv
0333330000030300030333330,0.0005260223298204,2.075967358905473e-06,12910258275,results/ebbi/SC5_MHBD_MWPM_1x/results/sweep_6_exp_0_checkpoints.csv
0333330300030300030333330,0.0005224727790768,2.063458396150964e-06,16217887987,results/ebbi/SC5_MHBD_MWPM_1x/results/sweep_6_exp_0_checkpoints.csv
0333330300030300030333330,0.0005200357334993,1.3724285281568882e-06,20364036484,results/ebbi/SC5_MHBD_MWPM_1x/results/sweep_6_exp_0_checkpoints.csv
0333300300030300030033330,0.0005134414594274,2.0274353573768167e-06,25753434546,results/ebbi/SC5_MHBD_MWPM_1x/results/sweep_6_exp_0_checkpoints.csv
0333300300030300030033330,0.0005134414594274,2.0274353573768167e-06,32255684683,results/ebbi/SC5_MHBD_MWPM_1x/results/sweep_6_exp_0_checkpoints.csv
0333300300030300030033330,0.0005134414594274,2.0274353573768167e-06,40609098630,results/ebbi/SC5_MHBD_MWPM_1x/results/sweep_6_exp_0_checkpoints.csv
0333300300030300030033330,0.0005134414594274,2.0274353573768167e-06,51122522347,results/ebbi/SC5_MHBD_MWPM_1x/results/sweep_6_exp_0_checkpoints.csv
0333300300030300030033330,0.0005134414594274,2.0274353573768167e-06,64359180383,results/ebbi/SC5_MHBD_MWPM_1x/results/sweep_6_exp_0_checkpoints.csv
0333300300030300030033330,0.0005134414594274,2.0274353573768167e-06,81027467369,results/ebbi/SC5_MHBD_MWPM_1x/results/sweep_6_exp_0_checkpoints.csv
0020033202000320202232330,0.0007047556456746,2.235685496998485e-05,11604325,results/ebbi/SC5_MHBD_MWPM_1x/results/sweep_19_exp_0_checkpoints.csv
0020033202000320202232330,0.0007047556456746,2.235685496998485e-05,17445484,results/ebbi/SC5_MHBD_MWPM_1x/results/sweep_19_exp_0_checkpoints.csv
0020033203000320022233330,0.0006869606849641,2.123325975844637e-05,21410561,results/ebbi/SC5_MHBD_MWPM_1x/results/sweep_19_exp_0_checkpoints.csv
0020033203000320022233330,0.0006869606849641,2.123325975844637e-05,23813028,results/ebbi/SC5_MHBD_MWPM_1x/results/sweep_19_exp_0_checkpoints.csv
0020033203000320022233330,0.0006869606849641,2.123325975844637e-05,29956680,results/ebbi/SC5_MHBD_MWPM_1x/results/sweep_19_exp_0_checkpoints.csv
0020033203000320022233330,0.0006869606849641,2.123325975844637e-05,36960290,results/ebbi/SC5_MHBD_MWPM_1x/results/sweep_19_exp_0_checkpoints.csv
0020033203000320022203330,0.0006689867516504,2.059926737274509e-05,50941721,results/ebbi/SC5_MHBD_MWPM_1x/results/sweep_19_exp_0_checkpoints.csv
0020033203000320022203330,0.0006689867516504,2.059926737274509e-05,58260630,results/ebbi/SC5_MHBD_MWPM_1x/results/sweep_19_exp_0_checkpoints.csv
0020033203000320022203330,0.0006767449667269,1.3812199540552683e-05,74131673,results/ebbi/SC5_MHBD_MWPM_1x/results/sweep_19_exp_0_checkpoints.csv
0020033203030320022203330,0.0006137904821883,1.942322887771297e-05,98528530,results/ebbi/SC5_MHBD_MWPM_1x/results/sweep_19_exp_0_checkpoints.csv
0020033203030320022203330,0.0006137904821883,1.942322887771297e-05,116259328,results/ebbi/SC5_MHBD_MWPM_1x/results/sweep_19_exp_0_checkpoints.csv
0020033203030320022003330,0.0006203267209973,1.9038288883166388e-05,146136873,results/ebbi/SC5_MHBD_MWPM_1x/results/sweep_19_exp_0_checkpoints.csv
0020033203030320022003330,0.0006397510427786,1.2889258869108744e-05,185292590,results/ebbi/SC5_MHBD_MWPM_1x/results/sweep_19_exp_0_checkpoints.csv
0020033203030320022003330,0.0006425807447053,8.611812518211082e-06,233813923,results/ebbi/SC5_MHBD_MWPM_1x/results/sweep_19_exp_0_checkpoints.csv
0020033203030320022003330,0.0006425807447053,8.611812518211082e-06,297110525,results/ebbi/SC5_MHBD_MWPM_1x/results/sweep_19_exp_0_checkpoints.csv
0020033203030320022003330,0.0006390904927705,5.725605660700239e-06,371134439,results/ebbi/SC5_MHBD_MWPM_1x/results/sweep_19_exp_0_checkpoints.csv
0023033203030300022003330,0.0005957292652001,1.8502889361116104e-05,462509766,results/ebbi/SC5_MHBD_MWPM_1x/results/sweep_19_exp_0_checkpoints.csv
0023033303030000032003330,0.0005654716651911,1.1614632057899144e-05,582252910,results/ebbi/SC5_MHBD_MWPM_1x/results/sweep_19_exp_0_checkpoints.csv
0023033303030300032003330,0.0005741102677646,5.215746114117792e-06,734167995,results/ebbi/SC5_MHBD_MWPM_1x/results/sweep_19_exp_0_checkpoints.csv
0023033303030300032003330,0.0005741102677646,5.215746114117792e-06,926332203,results/ebbi/SC5_MHBD_MWPM_1x/results/sweep_19_exp_0_checkpoints.csv
0023033303030300032003330,0.0005703120836645,3.465649797362857e-06,1165769615,results/ebbi/SC5_MHBD_MWPM_1x/results/sweep_19_exp_0_checkpoints.csv
0023033303030300032003330,0.0005703120836645,3.465649797362857e-06,1480011823,results/ebbi/SC5_MHBD_MWPM_1x/results/sweep_19_exp_0_checkpoints.csv
0003033300030300032033330,0.0005455120084875,7.345000085479114e-06,1840252243,results/ebbi/SC5_MHBD_MWPM_1x/results/sweep_19_exp_0_checkpoints.csv
0003033300030300032033330,0.000552009793688,4.925727807858493e-06,2316707059,results/ebbi/SC5_MHBD_MWPM_1x/results/sweep_19_exp_0_checkpoints.csv
0003033303030300330003330,0.0005397820217497,4.837307642446831e-06,2926033161,results/ebbi/SC5_MHBD_MWPM_1x/results/sweep_19_exp_0_checkpoints.csv
0033303303030300330003330,0.0005423411683947,3.2051082143880194e-06,3711887419,results/ebbi/SC5_MHBD_MWPM_1x/results/sweep_19_exp_0_checkpoints.csv
0033033303030300330003330,0.0005383044351898,3.1894610401650425e-06,4626930888,results/ebbi/SC5_MHBD_MWPM_1x/results/sweep_19_exp_0_checkpoints.csv
0333000303030300030303330,0.000520020133444,4.638687187252799e-06,5818070241,results/ebbi/SC5_MHBD_MWPM_1x/results/sweep_19_exp_0_checkpoints.csv
0333030303030300000303330,0.0005104190267183,6.871367986605037e-06,7323332138,results/ebbi/SC5_MHBD_MWPM_1x/results/sweep_19_exp_0_checkpoints.csv
0333030303030300030303330,0.000521159175065,3.100231197095127e-06,9228058680,results/ebbi/SC5_MHBD_MWPM_1x/results/sweep_19_exp_0_checkpoints.csv
0333030300030300030303330,0.0005204211412252,2.05532569452771e-06,11626108616,results/ebbi/SC5_MHBD_MWPM_1x/results/sweep_19_exp_0_checkpoints.csv
0333330300030300030003330,0.0005183194833056,2.036314981523901e-06,14703325886,results/ebbi/SC5_MHBD_MWPM_1x/results/sweep_19_exp_0_checkpoints.csv
0333330300030300030033330,0.000506951110207,4.543895101960516e-06,18392182152,results/ebbi/SC5_MHBD_MWPM_1x/results/sweep_19_exp_0_checkpoints.csv
0333300300030300030033330,0.0005080313417937,3.0136864097585203e-06,23154267559,results/ebbi/SC5_MHBD_MWPM_1x/results/sweep_19_exp_0_checkpoints.csv
0333300300030300030033330,0.0005080313417937,3.0136864097585203e-06,29151374518,results/ebbi/SC5_MHBD_MWPM_1x/results/sweep_19_exp_0_checkpoints.csv
0333300300030300030033330,0.0005080313417937,3.0136864097585203e-06,36696772516,results/ebbi/SC5_MHBD_MWPM_1x/results/sweep_19_exp_0_checkpoints.csv
0333300300030300030033330,0.0005080313417937,3.0136864097585203e-06,46205395443,results/ebbi/SC5_MHBD_MWPM_1x/results/sweep_19_exp_0_checkpoints.csv
0333300300030300030033330,0.0005080313417937,3.0136864097585203e-06,58161835208,results/ebbi/SC5_MHBD_MWPM_1x/results/sweep_19_exp_0_checkpoints.csv
0333300300030300030033330,0.0005080313417937,3.0136864097585203e-06,73219813667,results/ebbi/SC5_MHBD_MWPM_1x/results/sweep_19_exp_0_checkpoints.csv
0333300300030300030033330,0.0005080313417937,3.0136864097585203e-06,92176721425,results/ebbi/SC5_MHBD_MWPM_1x/results/sweep_19_exp_0_checkpoints.csv
0333300300030300030033330,0.0005080313417937,3.0136864097585203e-06,100000000000,results/ebbi/SC5_MHBD_MWPM_1x/results/sweep_19_exp_0_checkpoints.csv
3300233333230023233203030,0.0007068056944842,2.193045656895265e-05,11946781,results/ebbi/SC5_MHBD_MWPM_1x/results/sweep_24_exp_0_checkpoints.csv
3300233333230023233203030,0.0007068056944842,2.193045656895265e-05,15739502,results/ebbi/SC5_MHBD_MWPM_1x/results/sweep_24_exp_0_checkpoints.csv
3300233333230023233203030,0.0007068056944842,2.193045656895265e-05,20638516,results/ebbi/SC5_MHBD_MWPM_1x/results/sweep_24_exp_0_checkpoints.csv
3300233333230023233203030,0.0007068056944842,2.193045656895265e-05,24311985,results/ebbi/SC5_MHBD_MWPM_1x/results/sweep_24_exp_0_checkpoints.csv
3300233333230023233203030,0.0007068056944842,2.193045656895265e-05,31628422,results/ebbi/SC5_MHBD_MWPM_1x/results/sweep_24_exp_0_checkpoints.csv
3300233333230023233203030,0.0006769966407408,1.4308904610516038e-05,47253173,results/ebbi/SC5_MHBD_MWPM_1x/results/sweep_24_exp_0_checkpoints.csv
3300233333230023233203030,0.0006769966407408,1.4308904610516038e-05,48113208,results/ebbi/SC5_MHBD_MWPM_1x/results/sweep_24_exp_0_checkpoints.csv
3300233333230023233203030,0.0006769966407408,1.4308904610516038e-05,61763375,results/ebbi/SC5_MHBD_MWPM_1x/results/sweep_24_exp_0_checkpoints.csv
3300233333230023233203030,0.0006769966407408,1.4308904610516038e-05,78848597,results/ebbi/SC5_MHBD_MWPM_1x/results/sweep_24_exp_0_checkpoints.csv
3300233333230023233203030,0.0006804604157385,9.563627827446908e-06,95280336,results/ebbi/SC5_MHBD_MWPM_1x/results/sweep_24_exp_0_checkpoints.csv
3330230333230020033203000,0.000632134936031,1.9539187633199617e-05,120691940,results/ebbi/SC5_MHBD_MWPM_1x/results/sweep_24_exp_0_checkpoints.csv
3300330303230023233203000,0.0006350519464668,1.2865354619862046e-05,152669970,results/ebbi/SC5_MHBD_MWPM_1x/results/sweep_24_exp_0_checkpoints.csv
3330230333230020033203000,0.0006316133022464,8.680508472025394e-06,196907150,results/ebbi/SC5_MHBD_MWPM_1x/results/sweep_24_exp_0_checkpoints.csv
3330230333230020033203000,0.0006316133022464,8.680508472025394e-06,243519598,results/ebbi/SC5_MHBD_MWPM_1x/results/sweep_24_exp_0_checkpoints.csv
3330330333330020033203000,0.0005837517169583,1.8148510207538493e-05,301976270,results/ebbi/SC5_MHBD_MWPM_1x/results/sweep_24_exp_0_checkpoints.csv
3330330333330020033203000,0.0005985145197481,8.167306987161282e-06,380056831,results/ebbi/SC5_MHBD_MWPM_1x/results/sweep_24_exp_0_checkpoints.csv
3330330333330020033203000,0.0006064075795445,5.480635536514456e-06,481929641,results/ebbi/SC5_MHBD_MWPM_1x/results/sweep_24_exp_0_checkpoints.csv
3300030333330020033203000,0.0006103993157839,3.636474502854981e-06,617235679,results/ebbi/SC5_MHBD_MWPM_1x/results/sweep_24_exp_0_checkpoints.csv
3330330333330020033203030,0.0006068228119645,3.6067297060071728e-06,773990653,results/ebbi/SC5_MHBD_MWPM_1x/results/sweep_24_exp_0_checkpoints.csv
3330330333330020033203030,0.0006068228119645,3.6067297060071728e-06,965338638,results/ebbi/SC5_MHBD_MWPM_1x/results/sweep_24_exp_0_checkpoints.csv
3330330330030020333003030,0.0005475168035847,1.130093733081594e-05,1199345606,results/ebbi/SC5_MHBD_MWPM_1x/results/sweep_24_exp_0_checkpoints.csv
3300330330030020333003030,0.0005688592381786,5.068572136224248e-06,1508288581,results/ebbi/SC5_MHBD_MWPM_1x/results/sweep_24_exp_0_checkpoints.csv
3330330300030020333003030,0.0005701948940986,3.3849635201477213e-06,1908644044,results/ebbi/SC5_MHBD_MWPM_1x/results/sweep_24_exp_0_checkpoints.csv
3330330330030030333003030,0.0005698161585204,2.259410393889993e-06,2396449985,results/ebbi/SC5_MHBD_MWPM_1x/results/sweep_24_exp_0_checkpoints.csv
3330330330030030333303030,0.000539674766889,1.658715700614266e-05,3028849838,results/ebbi/SC5_MHBD_MWPM_1x/results/sweep_24_exp_0_checkpoints.csv
0330330330030000033033030,0.0005385095545429,4.825325959245674e-06,3782084621,results/ebbi/SC5_MHBD_MWPM_1x/results/sweep_24_exp_0_checkpoints.csv
0330330330030000033033030,0.0005410283241277,3.22439427691279e-06,4798867995,results/ebbi/SC5_MHBD_MWPM_1x/results/sweep_24_exp_0_checkpoints.csv
0330330330030000330303030,0.0005362966715254,4.785553301189793e-06,6010828846,results/ebbi/SC5_MHBD_MWPM_1x/results/sweep_24_exp_0_checkpoints.csv
0330303300030000330303030,0.0005417314351539,2.134358055627672e-06,7623464800,results/ebbi/SC5_MHBD_MWPM_1x/results/sweep_24_exp_0_checkpoints.csv
0330330300030000330333330,0.0005321266441897,3.1590873277309584e-06,9508969099,results/ebbi/SC5_MHBD_MWPM_1x/results/sweep_24_exp_0_checkpoints.csv
0330330300030000330333330,0.0005341991049483,2.110153218382038e-06,12058847064,results/ebbi/SC5_MHBD_MWPM_1x/results/sweep_24_exp_0_checkpoints.csv
0333330300030300330033330,0.0005238589460886,2.0739705632877303e-06,15050728254,results/ebbi/SC5_MHBD_MWPM_1x/results/sweep_24_exp_0_checkpoints.csv
0333300300030300030033330,0.0005125049868133,3.0554233489965554e-06,18953333702,results/ebbi/SC5_MHBD_MWPM_1x/results/sweep_24_exp_0_checkpoints.csv
0333300300030300030333330,0.000514121943247,1.352543677057838e-06,23850206363,results/ebbi/SC5_MHBD_MWPM_1x/results/sweep_24_exp_0_checkpoints.csv
0333300300030300030333330,0.000514121943247,1.352543677057838e-06,30009413432,results/ebbi/SC5_MHBD_MWPM_1x/results/sweep_24_exp_0_checkpoints.csv
0333300300030300030333330,0.000514121943247,1.352543677057838e-06,37779419185,results/ebbi/SC5_MHBD_MWPM_1x/results/sweep_24_exp_0_checkpoints.csv
0333300300030300030333330,0.000514121943247,1.352543677057838e-06,47583157101,results/ebbi/SC5_MHBD_MWPM_1x/results/sweep_24_exp_0_checkpoints.csv
0333303300030300030033333,0.0004971331262914,6.718798886140576e-06,59879227095,results/ebbi/SC5_MHBD_MWPM_1x/results/sweep_24_exp_0_checkpoints.csv
0333303300030300030033333,0.0004971331262914,6.718798886140576e-06,75380813991,results/ebbi/SC5_MHBD_MWPM_1x/results/sweep_24_exp_0_checkpoints.csv
0333303300030300030033333,0.0004971331262914,6.718798886140576e-06,94897357305,results/ebbi/SC5_MHBD_MWPM_1x/results/sweep_24_exp_0_checkpoints.csv
0333303300030300030033333,0.0004971331262914,6.718798886140576e-06,100000000000,results/ebbi/SC5_MHBD_MWPM_1x/results/sweep_24_exp_0_checkpoints.csv
0022323003233323000203332,0.0007075236939731,2.180616502300836e-05,10397524,results/ebbi/SC5_MHBD_MWPM_1x/results/sweep_13_exp_0_checkpoints.csv
0022323003233323000203332,0.0007075236939731,2.180616502300836e-05,13333879,results/ebbi/SC5_MHBD_MWPM_1x/results/sweep_13_exp_0_checkpoints.csv
0022323003233323000203332,0.0007075236939731,2.180616502300836e-05,16607370,results/ebbi/SC5_MHBD_MWPM_1x/results/sweep_13_exp_0_checkpoints.csv
0022323003233023000203332,0.0006868283002599,2.139341995643917e-05,23770058,results/ebbi/SC5_MHBD_MWPM_1x/results/sweep_13_exp_0_checkpoints.csv
0022323003233023000203332,0.0006868283002599,2.139341995643917e-05,26451243,results/ebbi/SC5_MHBD_MWPM_1x/results/sweep_13_exp_0_checkpoints.csv
0022323003233023000203332,0.0006868283002599,2.139341995643917e-05,33826450,results/ebbi/SC5_MHBD_MWPM_1x/results/sweep_13_exp_0_checkpoints.csv
0223030033200303233300020,0.0006365896908954,2.0004648831672966e-05,43028123,results/ebbi/SC5_MHBD_MWPM_1x/results/sweep_13_exp_0_checkpoints.csv
0223030033200303233300020,0.0006365896908954,2.0004648831672966e-05,52684168,results/ebbi/SC5_MHBD_MWPM_1x/results/sweep_13_exp_0_checkpoints.csv
0223030033000303333300220,0.0006434757221972,1.957403583219275e-05,66539250,results/ebbi/SC5_MHBD_MWPM_1x/results/sweep_13_exp_0_checkpoints.csv
0223030033000303333300220,0.0006334136840128,1.2947001778229604e-05,84202820,results/ebbi/SC5_MHBD_MWPM_1x/results/sweep_13_exp_0_checkpoints.csv
0233030033003303333300220,0.0006296123409237,1.2813204193662386e-05,106033183,results/ebbi/SC5_MHBD_MWPM_1x/results/sweep_13_exp_0_checkpoints.csv
0233030033003303333300220,0.0006296123409237,1.2813204193662386e-05,132996870,results/ebbi/SC5_MHBD_MWPM_1x/results/sweep_13_exp_0_checkpoints.csv
0233030033003303333300220,0.0006296123409237,1.2813204193662386e-05,164899776,results/ebbi/SC5_MHBD_MWPM_1x/results/sweep_13_exp_0_checkpoints.csv
0223030033000303333300220,0.000636003094807,8.648949915368576e-06,210599865,results/ebbi/SC5_MHBD_MWPM_1x/results/sweep_13_exp_0_checkpoints.csv
0233030033003303333300220,0.0006352402860163,5.720139142795233e-06,264334884,results/ebbi/SC5_MHBD_MWPM_1x/results/sweep_13_exp_0_checkpoints.csv
0233030333033300333300220,0.0005953276111023,1.834055183280725e-05,330381141,results/ebbi/SC5_MHBD_MWPM_1x/results/sweep_13_exp_0_checkpoints.csv
0233030333033300333300220,0.0006156619557243,5.526213953999104e-06,414576235,results/ebbi/SC5_MHBD_MWPM_1x/results/sweep_13_exp_0_checkpoints.csv
0233030330033300033300220,0.0005913348073217,8.049139978538733e-06,528291148,results/ebbi/SC5_MHBD_MWPM_1x/results/sweep_13_exp_0_checkpoints.csv
0233030330030300033303220,0.0005688142930629,1.1622105375863612e-05,656076274,results/ebbi/SC5_MHBD_MWPM_1x/results/sweep_13_exp_0_checkpoints.csv
0233030330030300033303220,0.0005683392581979,7.744838512735441e-06,831626439,results/ebbi/SC5_MHBD_MWPM_1x/results/sweep_13_exp_0_checkpoints.csv
0233030330030300033303220,0.0005686913383057,5.1648239605128765e-06,1041432862,results/ebbi/SC5_MHBD_MWPM_1x/results/sweep_13_exp_0_checkpoints.csv
0233030330330300033303230,0.0005478699981127,1.1191948942723684e-05,1309921554,results/ebbi/SC5_MHBD_MWPM_1x/results/sweep_13_exp_0_checkpoints.csv
0233030330030300033303220,0.0005712935702606,3.451080374361481e-06,1666630425,results/ebbi/SC5_MHBD_MWPM_1x/results/sweep_13_exp_0_checkpoints.csv
0030030330030300033303220,0.0005702345219979,3.3762221391953062e-06,2136742993,results/ebbi/SC5_MHBD_MWPM_1x/results/sweep_13_exp_0_checkpoints.csv
0030030330030300033303220,0.0005704434400142,2.251226987937116e-06,2619137789,results/ebbi/SC5_MHBD_MWPM_1x/results/sweep_13_exp_0_checkpoints.csv
0333030330030300033303000,0.0005324479427638,4.806094693776686e-06,3288626324,results/ebbi/SC5_MHBD_MWPM_1x/results/sweep_13_exp_0_checkpoints.csv
0333030330030300033303000,0.0005324335052765,3.2040197766036727e-06,4167037594,results/ebbi/SC5_MHBD_MWPM_1x/results/sweep_13_exp_0_checkpoints.csv
0333030330030300033303000,0.0005324335052765,3.2040197766036727e-06,5215779099,results/ebbi/SC5_MHBD_MWPM_1x/results/sweep_13_exp_0_checkpoints.csv
0333030330030300033003300,0.0005331844044398,2.1017538074374897e-06,6615666592,results/ebbi/SC5_MHBD_MWPM_1x/results/sweep_13_exp_0_checkpoints.csv
0333330330030300033003300,0.0005325438612886,2.1003727397328475e-06,8279866989,results/ebbi/SC5_MHBD_MWPM_1x/results/sweep_13_exp_0_checkpoints.csv
0333030330030300033303330,0.0005304851815174,2.0924019281665096e-06,10515841004,results/ebbi/SC5_MHBD_MWPM_1x/results/sweep_13_exp_0_checkpoints.csv
0333030300030300033003330,0.0005114758557893,1.55381640070118e-05,13192284599,results/ebbi/SC5_MHBD_MWPM_1x/results/sweep_13_exp_0_checkpoints.csv
0333330300030300030033330,0.0005134126957995,2.0352110823296243e-06,16479330944,results/ebbi/SC5_MHBD_MWPM_1x/results/sweep_13_exp_0_checkpoints.csv
0333300300030300030333330,0.0005122438699865,2.0211316495988285e-06,20746047140,results/ebbi/SC5_MHBD_MWPM_1x/results/sweep_13_exp_0_checkpoints.csv
0333300300030300030333330,0.0005122438699865,2.0211316495988285e-06,26119061168,results/ebbi/SC5_MHBD_MWPM_1x/results/sweep_13_exp_0_checkpoints.csv
0333300300030300030333330,0.0005122438699865,2.0211316495988285e-06,32882708875,results/ebbi/SC5_MHBD_MWPM_1x/results/sweep_13_exp_0_checkpoints.csv
0333300300030300030333330,0.0005122438699865,2.0211316495988285e-06,41393439881,results/ebbi/SC5_MHBD_MWPM_1x/results/sweep_13_exp_0_checkpoints.csv
0333300300030300030333330,0.0005122438699865,2.0211316495988285e-06,52111580242,results/ebbi/SC5_MHBD_MWPM_1x/results/sweep_13_exp_0_checkpoints.csv
0333300300030300030333330,0.0005122438699865,2.0211316495988285e-06,65604048189,results/ebbi/SC5_MHBD_MWPM_1x/results/sweep_13_exp_0_checkpoints.csv
0333300300030300030333330,0.0005122438699865,2.0211316495988285e-06,82592511600,results/ebbi/SC5_MHBD_MWPM_1x/results/sweep_13_exp_0_checkpoints.csv
3033030200030202022200030,0.0006666179067361,2.1541505702771246e-05,12584201,results/ebbi/SC5_MHBD_MWPM_1x/results/sweep_15_exp_0_checkpoints.csv
3033030200030202022300030,0.0006639504077627,2.073143514280673e-05,20756261,results/ebbi/SC5_MHBD_MWPM_1x/results/sweep_15_exp_0_checkpoints.csv
3033030200030202022300030,0.0006639504077627,2.073143514280673e-05,25632735,results/ebbi/SC5_MHBD_MWPM_1x/results/sweep_15_exp_0_checkpoints.csv
3033030200030202022300030,0.0006639504077627,2.073143514280673e-05,32932269,results/ebbi/SC5_MHBD_MWPM_1x/results/sweep_15_exp_0_checkpoints.csv
3033030200030202022300030,0.0006639504077627,2.073143514280673e-05,40296248,results/ebbi/SC5_MHBD_MWPM_1x/results/sweep_15_exp_0_checkpoints.csv
3033030200030203022200030,0.0006800706170783,1.41174368764041e-05,52100159,results/ebbi/SC5_MHBD_MWPM_1x/results/sweep_15_exp_0_checkpoints.csv
3033030200030203022200030,0.0006800706170783,1.41174368764041e-05,64370384,results/ebbi/SC5_MHBD_MWPM_1x/results/sweep_15_exp_0_checkpoints.csv
3033030200030202022300030,0.0006814403235905,1.4001695490151178e-05,81742307,results/ebbi/SC5_MHBD_MWPM_1x/results/sweep_15_exp_0_checkpoints.csv
3033030200030202022300030,0.0006909410463508,9.399267582921311e-06,108659416,results/ebbi/SC5_MHBD_MWPM_1x/results/sweep_15_exp_0_checkpoints.csv
3033030200030202022300030,0.0006909410463508,9.399267582921311e-06,127182750,results/ebbi/SC5_MHBD_MWPM_1x/results/sweep_15_exp_0_checkpoints.csv
3333030200030202022200030,0.0006810215490494,1.3773716091236564e-05,159875946,results/ebbi/SC5_MHBD_MWPM_1x/results/sweep_15_exp_0_checkpoints.csv
3333030200030232003200030,0.0006383826399324,1.3212499652581757e-05,201495025,results/ebbi/SC5_MHBD_MWPM_1x/results/sweep_15_exp_0_checkpoints.csv
3333030200030232003200030,0.0006383826399324,1.3212499652581757e-05,254468805,results/ebbi/SC5_MHBD_MWPM_1x/results/sweep_15_exp_0_checkpoints.csv
3330030200030232003200030,0.000653652023935,8.883946975402068e-06,320665218,results/ebbi/SC5_MHBD_MWPM_1x/results/sweep_15_exp_0_checkpoints.csv
0333033330030030302200000,0.0006075707838792,1.2346878065727653e-05,399401086,results/ebbi/SC5_MHBD_MWPM_1x/results/sweep_15_exp_0_checkpoints.csv
3333030330030030002230030,0.0006055622779395,8.142227670759894e-06,507639036,results/ebbi/SC5_MHBD_MWPM_1x/results/sweep_15_exp_0_checkpoints.csv
3333030330030030002230030,0.0006089704047588,5.443396275950363e-06,633228471,results/ebbi/SC5_MHBD_MWPM_1x/results/sweep_15_exp_0_checkpoints.csv
3333030330030030002230030,0.0006089704047588,5.443396275950363e-06,806724034,results/ebbi/SC5_MHBD_MWPM_1x/results/sweep_15_exp_0_checkpoints.csv
3333030330030030002230030,0.0005991898657001,3.5996890801470727e-06,1003847427,results/ebbi/SC5_MHBD_MWPM_1x/results/sweep_15_exp_0_checkpoints.csv
3333030300030030022030330,0.0005694476440907,7.686732715228572e-06,1259989395,results/ebbi/SC5_MHBD_MWPM_1x/results/sweep_15_exp_0_checkpoints.csv
0333030300030030002030330,0.0005440243855185,1.676045940257609e-05,1609781859,results/ebbi/SC5_MHBD_MWPM_1x/results/sweep_15_exp_0_checkpoints.csv
3333030300330000000030333,0.00054705581356,7.3591095315350685e-06,2002096670,results/ebbi/SC5_MHBD_MWPM_1x/results/sweep_15_exp_0_checkpoints.csv
0333030300030000000030333,0.0005518568323929,3.2708860544516938e-06,2528349077,results/ebbi/SC5_MHBD_MWPM_1x/results/sweep_15_exp_0_checkpoints.csv
0333030300030300030030333,0.0005250522641245,4.711401288659545e-06,3162320374,results/ebbi/SC5_MHBD_MWPM_1x/results/sweep_15_exp_0_checkpoints.csv
0333030300030300030030333,0.0005250522641245,4.711401288659545e-06,3979830200,results/ebbi/SC5_MHBD_MWPM_1x/results/sweep_15_exp_0_checkpoints.csv
0333030300030300030333330,0.000523512171113,3.10894574795384e-06,5012583412,results/ebbi/SC5_MHBD_MWPM_1x/results/sweep_15_exp_0_checkpoints.csv
0333000300030300030333330,0.0005233163995579,2.0693908027169527e-06,6310218763,results/ebbi/SC5_MHBD_MWPM_1x/results/sweep_15_exp_0_checkpoints.csv
0333030300030300030033330,0.0005147947867145,4.600519787345547e-06,7963398516,results/ebbi/SC5_MHBD_MWPM_1x/results/sweep_15_exp_0_checkpoints.csv
0333000300030300030333330,0.0005220528103653,1.3779281289316714e-06,10001701330,results/ebbi/SC5_MHBD_MWPM_1x/results/sweep_15_exp_0_checkpoints.csv
0333000300030300030333330,0.0005220528103653,1.3779281289316714e-06,12652288739,results/ebbi/SC5_MHBD_MWPM_1x/results/sweep_15_exp_0_checkpoints.csv
0333000300030300030333330,0.0005218466103605,9.184373652715294e-07,15877411154,results/ebbi/SC5_MHBD_MWPM_1x/results/sweep_15_exp_0_checkpoints.csv
0333000300030300030033330,0.0005220087259166,9.125387805397622e-07,20093354171,results/ebbi/SC5_MHBD_MWPM_1x/results/sweep_15_exp_0_checkpoints.csv
0333000300030300030033330,0.0005220087259166,9.125387805397622e-07,25157050194,results/ebbi/SC5_MHBD_MWPM_1x/results/sweep_15_exp_0_checkpoints.csv
3303003323030330032302230,0.0006278760325996,2.0853227397310548e-05,10166993,results/ebbi/SC5_MHBD_MWPM_1x/results/sweep_22_exp_0_checkpoints.csv
3303003323000330030302230,0.0005946377913314,1.9018485545529984e-05,25451028,results/ebbi/SC5_MHBD_MWPM_1x/results/sweep_22_exp_0_checkpoints.csv
3303003323000330030302230,0.0005946377913314,1.9018485545529984e-05,29109118,results/ebbi/SC5_MHBD_MWPM_1x/results/sweep_22_exp_0_checkpoints.csv
3303003323000330030302230,0.0005946377913314,1.9018485545529984e-05,33701316,results/ebbi/SC5_MHBD_MWPM_1x/results/sweep_22_exp_0_checkpoints.csv
3303003323000330030302230,0.0005946377913314,1.9018485545529984e-05,40570848,results/ebbi/SC5_MHBD_MWPM_1x/results/sweep_22_exp_0_checkpoints.csv
3303003323000330030302230,0.0006113420174557,1.2855742170359008e-05,51352239,results/ebbi/SC5_MHBD_MWPM_1x/results/sweep_22_exp_0_checkpoints.csv
3303003323000330030302230,0.0006113420174557,1.2855742170359008e-05,66010376,results/ebbi/SC5_MHBD_MWPM_1x/results/sweep_22_exp_0_checkpoints.csv
3303003323000330030302230,0.0006113420174557,1.2855742170359008e-05,83673474,results/ebbi/SC5_MHBD_MWPM_1x/results/sweep_22_exp_0_checkpoints.csv
3003003323030330030302230,0.000607283250673,8.457252079097088e-06,102090232,results/ebbi/SC5_MHBD_MWPM_1x/results/sweep_22_exp_0_checkpoints.csv
3003003323030330030302230,0.000607283250673,8.457252079097088e-06,136430392,results/ebbi/SC5_MHBD_MWPM_1x/results/sweep_22_exp_0_checkpoints.csv
3003003323030330030302230,0.000607283250673,8.457252079097088e-06,169084225,results/ebbi/SC5_MHBD_MWPM_1x/results/sweep_22_exp_0_checkpoints.csv
3003003323030330030302230,0.0006108319539593,5.65460823054309e-06,207473865,results/ebbi/SC5_MHBD_MWPM_1x/results/sweep_22_exp_0_checkpoints.csv
0003003303000330030302230,0.0006015837969657,8.089481525530573e-06,261918645,results/ebbi/SC5_MHBD_MWPM_1x/results/sweep_22_exp_0_checkpoints.csv
3303003323030330030300230,0.0005898289824546,1.796759715944063e-05,341264569,results/ebbi/SC5_MHBD_MWPM_1x/results/sweep_22_exp_0_checkpoints.csv
0003003303000330030302230,0.0006066270082244,5.415532541519497e-06,405359920,results/ebbi/SC5_MHBD_MWPM_1x/results/sweep_22_exp_0_checkpoints.csv
0003003303000330030302230,0.0006066270082244,5.415532541519497e-06,531649846,results/ebbi/SC5_MHBD_MWPM_1x/results/sweep_22_exp_0_checkpoints.csv
0000003303000330030302230,0.0005728870036331,1.789758425729815e-05,646025103,results/ebbi/SC5_MHBD_MWPM_1x/results/sweep_22_exp_0_checkpoints.csv
0203003303030330030302030,0.0005873362555065,1.1847998393932356e-05,808592397,results/ebbi/SC5_MHBD_MWPM_1x/results/sweep_22_exp_0_checkpoints.csv
0003003303030330030302030,0.0005760854735584,5.205390607443405e-06,1028489063,results/ebbi/SC5_MHBD_MWPM_1x/results/sweep_22_exp_0_checkpoints.csv
0003000303030330030302330,0.0005611450479339,1.70782113855239e-05,1281767357,results/ebbi/SC5_MHBD_MWPM_1x/results/sweep_22_exp_0_checkpoints.csv
0003003300030330030302030,0.000568312109388,5.088618763693376e-06,1613283424,results/ebbi/SC5_MHBD_MWPM_1x/results/sweep_22_exp_0_checkpoints.csv
0303003300030330033302030,0.0005575218581718,4.9860345825436525e-06,2038782043,results/ebbi/SC5_MHBD_MWPM_1x/results/sweep_22_exp_0_checkpoints.csv
0303003300030330033303030,0.0005531946364917,3.2999330414895667e-06,2554544091,results/ebbi/SC5_MHBD_MWPM_1x/results/sweep_22_exp_0_checkpoints.csv
0333303300030330033303030,0.0005520850307082,3.2637030926707662e-06,3259758234,results/ebbi/SC5_MHBD_MWPM_1x/results/sweep_22_exp_0_checkpoints.csv
0333303300030330033303030,0.0005532025509811,2.178001750507974e-06,4057353422,results/ebbi/SC5_MHBD_MWPM_1x/results/sweep_22_exp_0_checkpoints.csv
0303000330030300033303030,0.0005361663286711,3.187168204021873e-06,5103784709,results/ebbi/SC5_MHBD_MWPM_1x/results/sweep_22_exp_0_checkpoints.csv
0303000330030300033003330,0.0005321815311889,2.100072151733912e-06,6422983111,results/ebbi/SC5_MHBD_MWPM_1x/results/sweep_22_exp_0_checkpoints.csv
0333000330030303033003330,0.0005114136793328,1.0395449862699024e-05,8076754416,results/ebbi/SC5_MHBD_MWPM_1x/results/sweep_22_exp_0_checkpoints.csv
0333030300030300033003330,0.0005266147256946,2.078191300824983e-06,10202300759,results/ebbi/SC5_MHBD_MWPM_1x/results/sweep_22_exp_0_checkpoints.csv
0333030330030300030003330,0.0005248127037224,2.067589321086416e-06,12951650423,results/ebbi/SC5_MHBD_MWPM_1x/results/sweep_22_exp_0_checkpoints.csv
0333030300030300033003330,0.0005259163498589,1.384542429150315e-06,16197117618,results/ebbi/SC5_MHBD_MWPM_1x/results/sweep_22_exp_0_checkpoints.csv
0333030330030300030003330,0.0005250965502575,9.191769549943274e-07,20368307894,results/ebbi/SC5_MHBD_MWPM_1x/results/sweep_22_exp_0_checkpoints.csv
0333030330030300030003330,0.0005250965502575,9.191769549943274e-07,25552387283,results/ebbi/SC5_MHBD_MWPM_1x/results/sweep_22_exp_0_checkpoints.csv
0333330330030300030003330,0.0005222303990706,1.3723359870709828e-06,32210302122,results/ebbi/SC5_MHBD_MWPM_1x/results/sweep_22_exp_0_checkpoints.csv
0333330300030300030333330,0.0005049993188338,6.807070803915849e-06,40487493853,results/ebbi/SC5_MHBD_MWPM_1x/results/sweep_22_exp_0_checkpoints.csv
0333300300030300030033330,0.0005128738755984,2.026871243288042e-06,50966112756,results/ebbi/SC5_MHBD_MWPM_1x/results/sweep_22_exp_0_checkpoints.csv
0333300300030300030033330,0.0005128738755984,2.026871243288042e-06,64150960887,results/ebbi/SC5_MHBD_MWPM_1x/results/sweep_22_exp_0_checkpoints.csv
0333300300030300030033330,0.0005128738755984,2.026871243288042e-06,80759298939,results/ebbi/SC5_MHBD_MWPM_1x/results/sweep_22_exp_0_checkpoints.csv
3333330300030300030033030,0.0005029932092283,6.757349183317274e-06,100000000000,results/ebbi/SC5_MHBD_MWPM_1x/results/sweep_22_exp_0_checkpoints.csv
3300030030303223302023200,0.000698377604174,2.226699871243909e-05,12716951,results/ebbi/SC5_MHBD_MWPM_1x/results/sweep_9_exp_0_checkpoints.csv
3300030030303223302023200,0.000698377604174,2.226699871243909e-05,16494225,results/ebbi/SC5_MHBD_MWPM_1x/results/sweep_9_exp_0_checkpoints.csv
3300030030303223302023200,0.000698377604174,2.226699871243909e-05,20426283,results/ebbi/SC5_MHBD_MWPM_1x/results/sweep_9_exp_0_checkpoints.csv
3300000030303223302023200,0.0006600599494369,2.079338264593389e-05,27651189,results/ebbi/SC5_MHBD_MWPM_1x/results/sweep_9_exp_0_checkpoints.csv
3300000030303223302023200,0.0006600599494369,2.079338264593389e-05,32316018,results/ebbi/SC5_MHBD_MWPM_1x/results/sweep_9_exp_0_checkpoints.csv
3300000030303223302023200,0.0006600599494369,2.079338264593389e-05,40770071,results/ebbi/SC5_MHBD_MWPM_1x/results/sweep_9_exp_0_checkpoints.csv
3300000030303223302023200,0.0006600599494369,2.079338264593389e-05,50715659,results/ebbi/SC5_MHBD_MWPM_1x/results/sweep_9_exp_0_checkpoints.csv
3300000030303223302023200,0.0006600599494369,2.079338264593389e-05,63902065,results/ebbi/SC5_MHBD_MWPM_1x/results/sweep_9_exp_0_checkpoints.csv
3300000030303223303023200,0.0006901095921262,1.3986113117425704e-05,82079575,results/ebbi/SC5_MHBD_MWPM_1x/results/sweep_9_exp_0_checkpoints.csv
3300030030303223302023300,0.0006913587008828,9.537448931951076e-06,101298372,results/ebbi/SC5_MHBD_MWPM_1x/results/sweep_9_exp_0_checkpoints.csv
3300030030303223302023300,0.0006913587008828,9.537448931951076e-06,127889807,results/ebbi/SC5_MHBD_MWPM_1x/results/sweep_9_exp_0_checkpoints.csv
3300020030303223303023200,0.0006634332388196,2.0380039131850936e-05,164809567,results/ebbi/SC5_MHBD_MWPM_1x/results/sweep_9_exp_0_checkpoints.csv
3300030030303223302023300,0.0006842344380406,6.325477443169802e-06,202816792,results/ebbi/SC5_MHBD_MWPM_1x/results/sweep_9_exp_0_checkpoints.csv
3300030030303223302023300,0.0006842344380406,6.325477443169802e-06,259778363,results/ebbi/SC5_MHBD_MWPM_1x/results/sweep_9_exp_0_checkpoints.csv
3300030030203203002023300,0.0006792909147607,9.138186214840973e-06,330538756,results/ebbi/SC5_MHBD_MWPM_1x/results/sweep_9_exp_0_checkpoints.csv
3300030030203203002023300,0.0006818333537174,6.103507530497154e-06,404351054,results/ebbi/SC5_MHBD_MWPM_1x/results/sweep_9_exp_0_checkpoints.csv
3303030333203333002033300,0.0006078199296256,1.8645778254722245e-05,507648436,results/ebbi/SC5_MHBD_MWPM_1x/results/sweep_9_exp_0_checkpoints.csv
3300030330203333003033300,0.0006050057769563,1.2196880561532453e-05,639210145,results/ebbi/SC5_MHBD_MWPM_1x/results/sweep_9_exp_0_checkpoints.csv
0300030330303333003033000,0.0005867915521701,7.920782081782818e-06,802744020,results/ebbi/SC5_MHBD_MWPM_1x/results/sweep_9_exp_0_checkpoints.csv
0300030330303333003033000,0.0005921525663447,5.30457464265055e-06,1020485765,results/ebbi/SC5_MHBD_MWPM_1x/results/sweep_9_exp_0_checkpoints.csv
0300030330303333003033000,0.0005921525663447,5.30457464265055e-06,1274567354,results/ebbi/SC5_MHBD_MWPM_1x/results/sweep_9_exp_0_checkpoints.csv
0300030330303333033033000,0.0005946854208839,3.5251537156000268e-06,1654856205,results/ebbi/SC5_MHBD_MWPM_1x/results/sweep_9_exp_0_checkpoints.csv
0303030330300330033033000,0.00054053884836,1.6789181245258078e-05,2021586126,results/ebbi/SC5_MHBD_MWPM_1x/results/sweep_9_exp_0_checkpoints.csv
0303030330300330033033030,0.0005469883526753,1.6964902897598222e-05,2538421208,results/ebbi/SC5_MHBD_MWPM_1x/results/sweep_9_exp_0_checkpoints.csv
0303030330300300033033030,0.000548015164108,7.382712738035479e-06,3194506049,results/ebbi/SC5_MHBD_MWPM_1x/results/sweep_9_exp_0_checkpoints.csv
0303030330300300033033300,0.0005297782175895,1.6153799151652493e-05,4027095918,results/ebbi/SC5_MHBD_MWPM_1x/results/sweep_9_exp_0_checkpoints.csv
0330330330300300030033330,0.000536604075946,4.78429501526989e-06,5075175528,results/ebbi/SC5_MHBD_MWPM_1x/results/sweep_9_exp_0_checkpoints.csv
0333330330300300030033330,0.0005386294504647,2.133351927113836e-06,6381114264,results/ebbi/SC5_MHBD_MWPM_1x/results/sweep_9_exp_0_checkpoints.csv
0333330330300300030033330,0.0005379907001351,1.421391516487347e-06,8041201703,results/ebbi/SC5_MHBD_MWPM_1x/results/sweep_9_exp_0_checkpoints.csv
3333300300300300030033330,0.0005337181135648,2.1006753740948625e-06,10102825395,results/ebbi/SC5_MHBD_MWPM_1x/results/sweep_9_exp_0_checkpoints.csv
0333300300300300030033330,0.0005324501234577,1.4044684348846204e-06,12726416757,results/ebbi/SC5_MHBD_MWPM_1x/results/sweep_9_exp_0_checkpoints.csv
0333300300300300030033330,0.0005324501234577,1.4044684348846204e-06,16024950032,results/ebbi/SC5_MHBD_MWPM_1x/results/sweep_9_exp_0_checkpoints.csv
0333300300030303030033330,0.00049833585836,1.0188824489887338e-05,20157409557,results/ebbi/SC5_MHBD_MWPM_1x/results/sweep_9_exp_0_checkpoints.csv
0333330300030300030033330,0.0005098069058186,3.028751734746038e-06,25374021523,results/ebbi/SC5_MHBD_MWPM_1x/results/sweep_9_exp_0_checkpoints.csv
0333330300030300030033330,0.0005098069058186,3.028751734746038e-06,31948787420,results/ebbi/SC5_MHBD_MWPM_1x/results/sweep_9_exp_0_checkpoints.csv
0333330300030300030303330,0.0004974220416234,6.712284630339127e-06,40215371400,results/ebbi/SC5_MHBD_MWPM_1x/results/sweep_9_exp_0_checkpoints.csv
0333330300030300030033330,0.0005098069058186,3.028751734746038e-06,50629581012,results/ebbi/SC5_MHBD_MWPM_1x/results/sweep_9_exp_0_checkpoints.csv
0333330300030300030033330,0.0005098069058186,3.028751734746038e-06,63735989629,results/ebbi/SC5_MHBD_MWPM_1x/results/sweep_9_exp_0_checkpoints.csv
0333330300030300030033330,0.0005098069058186,3.028751734746038e-06,80240480204,results/ebbi/SC5_MHBD_MWPM_1x/results/sweep_9_exp_0_checkpoints.csv
3233303003003333322320332,0.0006893691230204,2.2253207134781405e-05,11338691,results/ebbi/SC5_MHBD_MWPM_1x/results/sweep_3_exp_0_checkpoints.csv
3233303003003333322320332,0.0006893691230204,2.2253207134781405e-05,20065956,results/ebbi/SC5_MHBD_MWPM_1x/results/sweep_3_exp_0_checkpoints.csv
3233303003003333322320332,0.0006893691230204,2.2253207134781405e-05,23150359,results/ebbi/SC5_MHBD_MWPM_1x/results/sweep_3_exp_0_checkpoints.csv
3233303003003333322320332,0.0006893691230204,2.2253207134781405e-05,29248402,results/ebbi/SC5_MHBD_MWPM_1x/results/sweep_3_exp_0_checkpoints.csv
3233303033003333300320332,0.0006486737667035,2.01760030904552e-05,37379073,results/ebbi/SC5_MHBD_MWPM_1x/results/sweep_3_exp_0_checkpoints.csv
3233303033003333300320330,0.0006478289385434,2.000501444854308e-05,46772849,results/ebbi/SC5_MHBD_MWPM_1x/results/sweep_3_exp_0_checkpoints.csv
3233303033003333300320330,0.0006478289385434,2.000501444854308e-05,57163525,results/ebbi/SC5_MHBD_MWPM_1x/results/sweep_3_exp_0_checkpoints.csv
3230303003003333300320330,0.0006181435840559,1.9161887394147925e-05,72116478,results/ebbi/SC5_MHBD_MWPM_1x/results/sweep_3_exp_0_checkpoints.csv
3230303003003323300320330,0.0006166293658273,1.2598769899341278e-05,91240338,results/ebbi/SC5_MHBD_MWPM_1x/results/sweep_3_exp_0_checkpoints.csv
3230303003003323300320330,0.0006166293658273,1.2598769899341278e-05,118227905,results/ebbi/SC5_MHBD_MWPM_1x/results/sweep_3_exp_0_checkpoints.csv
3230303003003333300320330,0.0006202576646377,8.53094388730824e-06,144289442,results/ebbi/SC5_MHBD_MWPM_1x/results/sweep_3_exp_0_checkpoints.csv
3230303003003333300330330,0.0006140623645594,8.295591214846354e-06,180091090,results/ebbi/SC5_MHBD_MWPM_1x/results/sweep_3_exp_0_checkpoints.csv
3230303003003333300330330,0.0006140623645594,8.295591214846354e-06,226773269,results/ebbi/SC5_MHBD_MWPM_1x/results/sweep_3_exp_0_checkpoints.csv
3230303003003333300330330,0.0006140623645594,8.295591214846354e-06,293665186,results/ebbi/SC5_MHBD_MWPM_1x/results/sweep_3_exp_0_checkpoints.csv
3230323003000333300300330,0.0005823189491205,1.7889011360239238e-05,371490093,results/ebbi/SC5_MHBD_MWPM_1x/results/sweep_3_exp_0_checkpoints.csv
3230303003003333300300330,0.0006041975583137,5.435624188976362e-06,460393108,results/ebbi/SC5_MHBD_MWPM_1x/results/sweep_3_exp_0_checkpoints.csv
3230303003003333300300330,0.0006041975583137,5.435624188976362e-06,590434971,results/ebbi/SC5_MHBD_MWPM_1x/results/sweep_3_exp_0_checkpoints.csv
3230303003003333300300330,0.0006041975583137,5.435624188976362e-06,739036034,results/ebbi/SC5_MHBD_MWPM_1x/results/sweep_3_exp_0_checkpoints.csv
3230303003003333300300330,0.0006081555562964,3.635592065620585e-06,924775943,results/ebbi/SC5_MHBD_MWPM_1x/results/sweep_3_exp_0_checkpoints.csv
3230303003003333300300330,0.0006081555562964,3.635592065620585e-06,1156908520,results/ebbi/SC5_MHBD_MWPM_1x/results/sweep_3_exp_0_checkpoints.csv
0230303003000003330030330,0.0005753623286342,1.1780487511714456e-05,1428653017,results/ebbi/SC5_MHBD_MWPM_1x/results/sweep_3_exp_0_checkpoints.csv
0230303003000303330030330,0.0005781285312817,3.4929312278109137e-06,1798534796,results/ebbi/SC5_MHBD_MWPM_1x/results/sweep_3_exp_0_checkpoints.csv
0233303003000303300030330,0.0005687686631991,7.608525720570469e-06,2262946519,results/ebbi/SC5_MHBD_MWPM_1x/results/sweep_3_exp_0_checkpoints.csv
0233003003000303030030330,0.0005572925421186,7.500853371311678e-06,2849226060,results/ebbi/SC5_MHBD_MWPM_1x/results/sweep_3_exp_0_checkpoints.csv
0233003000030303330330330,0.000563791474091,3.340898956594174e-06,3608636132,results/ebbi/SC5_MHBD_MWPM_1x/results/sweep_3_exp_0_checkpoints.csv
0233003003030303330330330,0.0005647235790783,2.2406513835449005e-06,4525717978,results/ebbi/SC5_MHBD_MWPM_1x/results/sweep_3_exp_0_checkpoints.csv
0233003000030303330330330,0.0005617534073335,2.2232388801057823e-06,5683739864,results/ebbi/SC5_MHBD_MWPM_1x/results/sweep_3_exp_0_checkpoints.csv
0333303000030300330333030,0.0005242714258437,3.1880661026661983e-06,7168244363,results/ebbi/SC5_MHBD_MWPM_1x/results/sweep_3_exp_0_checkpoints.csv
0333303300030300330333030,0.000528951175831,1.39532414777932e-06,9013432831,results/ebbi/SC5_MHBD_MWPM_1x/results/sweep_3_exp_0_checkpoints.csv
2333300300030300030333330,0.0004933243716599,1.5112994333321694e-05,11341394092,results/ebbi/SC5_MHBD_MWPM_1x/results/sweep_3_exp_0_checkpoints.csv
0333330300030300030033330,0.0005088464542292,3.0192113626981154e-06,14289430795,results/ebbi/SC5_MHBD_MWPM_1x/results/sweep_3_exp_0_checkpoints.csv
0333330300030300030033330,0.0005088464542292,3.0192113626981154e-06,17970936664,results/ebbi/SC5_MHBD_MWPM_1x/results/sweep_3_exp_0_checkpoints.csv
0333330300030300030033330,0.0005088464542292,3.0192113626981154e-06,22630776994,results/ebbi/SC5_MHBD_MWPM_1x/results/sweep_3_exp_0_checkpoints.csv
0333330300030300030033330,0.0005088464542292,3.0192113626981154e-06,28484727933,results/ebbi/SC5_MHBD_MWPM_1x/results/sweep_3_exp_0_checkpoints.csv
0333330300030300030033330,0.0005088464542292,3.0192113626981154e-06,35857967627,results/ebbi/SC5_MHBD_MWPM_1x/results/sweep_3_exp_0_checkpoints.csv
0333330300030300030033330,0.0005088464542292,3.0192113626981154e-06,45141820933,results/ebbi/SC5_MHBD_MWPM_1x/results/sweep_3_exp_0_checkpoints.csv
0333330300030300030033330,0.0005088464542292,3.0192113626981154e-06,56828094490,results/ebbi/SC5_MHBD_MWPM_1x/results/sweep_3_exp_0_checkpoints.csv
0333330300030300030033330,0.0005088464542292,3.0192113626981154e-06,71543725279,results/ebbi/SC5_MHBD_MWPM_1x/results/sweep_3_exp_0_checkpoints.csv
0333330300030300030033330,0.0005088464542292,3.0192113626981154e-06,90068128086,results/ebbi/SC5_MHBD_MWPM_1x/results/sweep_3_exp_0_checkpoints.csv
0333330300030300030033330,0.0005088464542292,3.0192113626981154e-06,100000000000,results/ebbi/SC5_MHBD_MWPM_1x/results/sweep_3_exp_0_checkpoints.csv
3320300300033220300300323,0.0006327909804537,2.0878598661511205e-05,12983794,results/ebbi/SC5_MHBD_MWPM_1x/results/sweep_5_exp_0_checkpoints.csv
3320300300033220300300323,0.0006327909804537,2.0878598661511205e-05,24072975,results/ebbi/SC5_MHBD_MWPM_1x/results/sweep_5_exp_0_checkpoints.csv
3320300300033220300300323,0.0006327909804537,2.0878598661511205e-05,28518939,results/ebbi/SC5_MHBD_MWPM_1x/results/sweep_5_exp_0_checkpoints.csv
0320300300033220300300323,0.000633503201891,1.3667689927387984e-05,34083321,results/ebbi/SC5_MHBD_MWPM_1x/results/sweep_5_exp_0_checkpoints.csv
0320300300033220300300323,0.000633503201891,1.3667689927387984e-05,41980499,results/ebbi/SC5_MHBD_MWPM_1x/results/sweep_5_exp_0_checkpoints.csv
0320300300033220300300323,0.000633503201891,1.3667689927387984e-05,52448434,results/ebbi/SC5_MHBD_MWPM_1x/results/sweep_5_exp_0_checkpoints.csv
0220300300033020300300323,0.0006319890942708,1.284294376091566e-05,69226691,results/ebbi/SC5_MHBD_MWPM_1x/results/sweep_5_exp_0_checkpoints.csv
0320300300033220300300323,0.0006345853334333,9.11956976779038e-06,84094849,results/ebbi/SC5_MHBD_MWPM_1x/results/sweep_5_exp_0_checkpoints.csv
0320300300033220300300323,0.0006345853334333,9.11956976779038e-06,105169398,results/ebbi/SC5_MHBD_MWPM_1x/results/sweep_5_exp_0_checkpoints.csv
0320300300033220300300323,0.0006345853334333,9.11956976779038e-06,139870005,results/ebbi/SC5_MHBD_MWPM_1x/results/sweep_5_exp_0_checkpoints.csv
0320300300033220300300323,0.0006344251624268,6.078947080823127e-06,170594301,results/ebbi/SC5_MHBD_MWPM_1x/results/sweep_5_exp_0_checkpoints.csv
0300300300033220300303323,0.0006291300821029,8.439191333309282e-06,210824803,results/ebbi/SC5_MHBD_MWPM_1x/results/sweep_5_exp_0_checkpoints.csv
0300300300033220300303323,0.0006291300821029,8.439191333309282e-06,262652819,results/ebbi/SC5_MHBD_MWPM_1x/results/sweep_5_exp_0_checkpoints.csv
0300300300033220300303323,0.0006266381159594,5.614981546386844e-06,330633044,results/ebbi/SC5_MHBD_MWPM_1x/results/sweep_5_exp_0_checkpoints.csv
0300300300033220300303323,0.0006266381159594,5.614981546386844e-06,417918159,results/ebbi/SC5_MHBD_MWPM_1x/results/sweep_5_exp_0_checkpoints.csv
0300300300033220300303323,0.0006266381159594,5.614981546386844e-06,518743430,results/ebbi/SC5_MHBD_MWPM_1x/results/sweep_5_exp_0_checkpoints.csv
0320330300033200300303323,0.0006121014787347,8.269109457614832e-06,652857199,results/ebbi/SC5_MHBD_MWPM_1x/results/sweep_5_exp_0_checkpoints.csv
0330330300033200330303323,0.0005996430917394,8.051746590354014e-06,821088390,results/ebbi/SC5_MHBD_MWPM_1x/results/sweep_5_exp_0_checkpoints.csv
0330330300033200000303323,0.0005937956249593,5.327851795300376e-06,1037762778,results/ebbi/SC5_MHBD_MWPM_1x/results/sweep_5_exp_0_checkpoints.csv
0330330300033300002303323,0.0005927775470684,5.304636943037622e-06,1324072987,results/ebbi/SC5_MHBD_MWPM_1x/results/sweep_5_exp_0_checkpoints.csv
0330330300033300002303323,0.0005916798514644,3.533150902512716e-06,1646848767,results/ebbi/SC5_MHBD_MWPM_1x/results/sweep_5_exp_0_checkpoints.csv
0333330300030330032303333,0.0005259943886876,1.667913602432236e-05,2059402121,results/ebbi/SC5_MHBD_MWPM_1x/results/sweep_5_exp_0_checkpoints.csv
0333030300030330030303330,0.0005314841854878,4.777768936037319e-06,2597334887,results/ebbi/SC5_MHBD_MWPM_1x/results/sweep_5_exp_0_checkpoints.csv
0333030300030300030303330,0.0005141055504576,4.646446086553624e-06,3263882636,results/ebbi/SC5_MHBD_MWPM_1x/results/sweep_5_exp_0_checkpoints.csv
0333030300030300030303330,0.0005212368710931,2.079353180306498e-06,4148366162,results/ebbi/SC5_MHBD_MWPM_1x/results/sweep_5_exp_0_checkpoints.csv
0333030300030300030333330,0.0005205084802536,2.0523741568467813e-06,5175148745,results/ebbi/SC5_MHBD_MWPM_1x/results/sweep_5_exp_0_checkpoints.csv
0333030300030300030333330,0.0005205084802536,2.0523741568467813e-06,6552871687,results/ebbi/SC5_MHBD_MWPM_1x/results/sweep_5_exp_0_checkpoints.csv
0333330300030300030333330,0.0005200713277627,2.0497425339272013e-06,8321119040,results/ebbi/SC5_MHBD_MWPM_1x/results/sweep_5_exp_0_checkpoints.csv
0333330300030300030333030,0.0005140903128106,4.575980256049661e-06,10324867434,results/ebbi/SC5_MHBD_MWPM_1x/results/sweep_5_exp_0_checkpoints.csv
0333330300030300030033330,0.0005169014464274,2.0373631741676945e-06,12990392081,results/ebbi/SC5_MHBD_MWPM_1x/results/sweep_5_exp_0_checkpoints.csv
0333300300030300030333330,0.0005122165178657,2.033798637057771e-06,16370208711,results/ebbi/SC5_MHBD_MWPM_1x/results/sweep_5_exp_0_checkpoints.csv
0333300300030300030333330,0.0005122165178657,2.033798637057771e-06,20578889935,results/ebbi/SC5_MHBD_MWPM_1x/results/sweep_5_exp_0_checkpoints.csv
0333300300030300030333330,0.0005122165178657,2.033798637057771e-06,25918575962,results/ebbi/SC5_MHBD_MWPM_1x/results/sweep_5_exp_0_checkpoints.csv
0333300300030300030333330,0.0005122165178657,2.033798637057771e-06,32624384995,results/ebbi/SC5_MHBD_MWPM_1x/results/sweep_5_exp_0_checkpoints.csv
0333300300030300030333330,0.0005122165178657,2.033798637057771e-06,41061569633,results/ebbi/SC5_MHBD_MWPM_1x/results/sweep_5_exp_0_checkpoints.csv
0333300300030300030333330,0.0005122165178657,2.033798637057771e-06,51692062298,results/ebbi/SC5_MHBD_MWPM_1x/results/sweep_5_exp_0_checkpoints.csv
0333300300030300030333330,0.0005122165178657,2.033798637057771e-06,65074727400,results/ebbi/SC5_MHBD_MWPM_1x/results/sweep_5_exp_0_checkpoints.csv
0333300300030300030333330,0.0005122165178657,2.033798637057771e-06,81923988142,results/ebbi/SC5_MHBD_MWPM_1x/results/sweep_5_exp_0_checkpoints.csv
2203200303033332033230003,0.0006836804457188,2.155864603992086e-05,8944477,results/ebbi/SC5_MHBD_MWPM_1x/results/sweep_21_exp_0_checkpoints.csv
2203200303033332033230003,0.0006836804457188,2.155864603992086e-05,11934358,results/ebbi/SC5_MHBD_MWPM_1x/results/sweep_21_exp_0_checkpoints.csv
2203200303332332033230003,0.0006611683929066,2.070528535114136e-05,15968483,results/ebbi/SC5_MHBD_MWPM_1x/results/sweep_21_exp_0_checkpoints.csv
2203200303332332033230003,0.0006611683929066,2.070528535114136e-05,18882408,results/ebbi/SC5_MHBD_MWPM_1x/results/sweep_21_exp_0_checkpoints.csv
2203200303332332033230003,0.0006611683929066,2.070528535114136e-05,23761048,results/ebbi/SC5_MHBD_MWPM_1x/results/sweep_21_exp_0_checkpoints.csv
2203200303332332033230003,0.0006611683929066,2.070528535114136e-05,28692562,results/ebbi/SC5_MHBD_MWPM_1x/results/sweep_21_exp_0_checkpoints.csv
2203200303332332033230003,0.0006611683929066,2.070528535114136e-05,36842221,results/ebbi/SC5_MHBD_MWPM_1x/results/sweep_21_exp_0_checkpoints.csv
2203200303332332033230003,0.0006611683929066,2.070528535114136e-05,46242119,results/ebbi/SC5_MHBD_MWPM_1x/results/sweep_21_exp_0_checkpoints.csv
2203200303332332033230003,0.0006730643344535,1.3927074178354816e-05,59395575,results/ebbi/SC5_MHBD_MWPM_1x/results/sweep_21_exp_0_checkpoints.csv
2203200303332332033230003,0.0006730643344535,1.3927074178354816e-05,71632984,results/ebbi/SC5_MHBD_MWPM_1x/results/sweep_21_exp_0_checkpoints.csv
2203000300033332003230003,0.0006340832877933,1.9432900444371622e-05,92599262,results/ebbi/SC5_MHBD_MWPM_1x/results/sweep_21_exp_0_checkpoints.csv
2203200300033333033230003,0.0006410734172183,1.3153099644114263e-05,112753354,results/ebbi/SC5_MHBD_MWPM_1x/results/sweep_21_exp_0_checkpoints.csv
2233200300033333033230003,0.0006156114037245,1.2676317055593245e-05,143669542,results/ebbi/SC5_MHBD_MWPM_1x/results/sweep_21_exp_0_checkpoints.csv
2233200300033333033230003,0.0006156114037245,1.2676317055593245e-05,183117989,results/ebbi/SC5_MHBD_MWPM_1x/results/sweep_21_exp_0_checkpoints.csv
2233200300033333033230003,0.0006199936758555,8.480887117912062e-06,225590027,results/ebbi/SC5_MHBD_MWPM_1x/results/sweep_21_exp_0_checkpoints.csv
2233200300030303033230003,0.0005945161827304,1.219558635057183e-05,283330019,results/ebbi/SC5_MHBD_MWPM_1x/results/sweep_21_exp_0_checkpoints.csv
2233200300030303033230003,0.0005945161827304,1.219558635057183e-05,358203905,results/ebbi/SC5_MHBD_MWPM_1x/results/sweep_21_exp_0_checkpoints.csv
2233200300030303033230003,0.000609452318422,8.231828360294458e-06,454902928,results/ebbi/SC5_MHBD_MWPM_1x/results/sweep_21_exp_0_checkpoints.csv
3233000300030333033230003,0.0005917511949389,1.206042907142546e-05,565182911,results/ebbi/SC5_MHBD_MWPM_1x/results/sweep_21_exp_0_checkpoints.csv
3233000300030333303230030,0.000603484962919,5.372943178372225e-06,728269604,results/ebbi/SC5_MHBD_MWPM_1x/results/sweep_21_exp_0_checkpoints.csv
3233000300030333303230030,0.000603484962919,5.372943178372225e-06,899041595,results/ebbi/SC5_MHBD_MWPM_1x/results/sweep_21_exp_0_checkpoints.csv
0233000300030333303230030,0.000591787761378,5.30450279256911e-06,1131022333,results/ebbi/SC5_MHBD_MWPM_1x/results/sweep_21_exp_0_checkpoints.csv
0233030300030333303230030,0.0005882133655939,5.247014996712096e-06,1438489228,results/ebbi/SC5_MHBD_MWPM_1x/results/sweep_21_exp_0_checkpoints.csv
0233030300030333303030030,0.0005722846979464,7.746230949123856e-06,1785754560,results/ebbi/SC5_MHBD_MWPM_1x/results/sweep_21_exp_0_checkpoints.csv
0033030300030333003033033,0.0005491540358976,1.1141675713588484e-05,2247614438,results/ebbi/SC5_MHBD_MWPM_1x/results/sweep_21_exp_0_checkpoints.csv
3033030300030303000033330,0.0005529440046042,4.923677806800697e-06,2830709301,results/ebbi/SC5_MHBD_MWPM_1x/results/sweep_21_exp_0_checkpoints.csv
3033030300033303000033330,0.0005434887547128,4.876790626440197e-06,3581608020,results/ebbi/SC5_MHBD_MWPM_1x/results/sweep_21_exp_0_checkpoints.csv
3033030300033300000033330,0.0005464170383265,3.2345058116334258e-06,4537494941,results/ebbi/SC5_MHBD_MWPM_1x/results/sweep_21_exp_0_checkpoints.csv
3033330300033300030303330,0.0005368561092499,3.1763665901962668e-06,5691314997,results/ebbi/SC5_MHBD_MWPM_1x/results/sweep_21_exp_0_checkpoints.csv
3333330300033300000003330,0.0005372274820237,2.125349965353962e-06,7126107229,results/ebbi/SC5_MHBD_MWPM_1x/results/sweep_21_exp_0_checkpoints.csv
3033330300033300030003330,0.0005347449848316,2.1062999167043017e-06,8946568807,results/ebbi/SC5_MHBD_MWPM_1x/results/sweep_21_exp_0_checkpoints.csv
3333300300030300030033330,0.000517645898072,3.123554961348418e-06,11260870723,results/ebbi/SC5_MHBD_MWPM_1x/results/sweep_21_exp_0_checkpoints.csv
0333300300030300030033330,0.0005124238503555,2.0292036424507387e-06,14177093592,results/ebbi/SC5_MHBD_MWPM_1x/results/sweep_21_exp_0_checkpoints.csv
0333300300030300030033330,0.0005124238503555,2.0292036424507387e-06,17849935917,results/ebbi/SC5_MHBD_MWPM_1x/results/sweep_21_exp_0_checkpoints.csv
0333300300030300030033330,0.0005124238503555,2.0292036424507387e-06,22468750167,results/ebbi/SC5_MHBD_MWPM_1x/results/sweep_21_exp_0_checkpoints.csv
0333300300030300030033330,0.0005124238503555,2.0292036424507387e-06,28298023678,results/ebbi/SC5_MHBD_MWPM_1x/results/sweep_21_exp_0_checkpoints.csv
0333300300030300030033330,0.0005124238503555,2.0292036424507387e-06,35609349721,results/ebbi/SC5_MHBD_MWPM_1x/results/sweep_21_exp_0_checkpoints.csv
0333300300030300030033330,0.0005124238503555,2.0292036424507387e-06,44831548328,results/ebbi/SC5_MHBD_MWPM_1x/results/sweep_21_exp_0_checkpoints.csv
0333300300030300030033330,0.0005124238503555,2.0292036424507387e-06,56439582982,results/ebbi/SC5_MHBD_MWPM_1x/results/sweep_21_exp_0_checkpoints.csv
0333300300030300030033330,0.0005124238503555,2.0292036424507387e-06,71048974345,results/ebbi/SC5_MHBD_MWPM_1x/results/sweep_21_exp_0_checkpoints.csv
0333300300030300030033330,0.0005124238503555,2.0292036424507387e-06,89445932290,results/ebbi/SC5_MHBD_MWPM_1x/results/sweep_21_exp_0_checkpoints.csv
0333300300030300030033330,0.0005124238503555,2.0292036424507387e-06,100000000000,results/ebbi/SC5_MHBD_MWPM_1x/results/sweep_21_exp_0_checkpoints.csv
0300220030223203203003330,0.000690914877383,2.1668429326382466e-05,12812857,results/ebbi/SC5_MHBD_MWPM_1x/results/sweep_16_exp_0_checkpoints.csv
0300230030223203203003330,0.0006740395755648,2.1015623133280315e-05,18215932,results/ebbi/SC5_MHBD_MWPM_1x/results/sweep_16_exp_0_checkpoints.csv
0300230030223203203003330,0.0006740395755648,2.1015623133280315e-05,21557836,results/ebbi/SC5_MHBD_MWPM_1x/results/sweep_16_exp_0_checkpoints.csv
0300230030223203203003330,0.0006740395755648,2.1015623133280315e-05,26752937,results/ebbi/SC5_MHBD_MWPM_1x/results/sweep_16_exp_0_checkpoints.csv
0300230030223203203003330,0.0006740395755648,2.1015623133280315e-05,32287824,results/ebbi/SC5_MHBD_MWPM_1x/results/sweep_16_exp_0_checkpoints.csv
0300230030223203203003330,0.0006740395755648,2.1015623133280315e-05,41503928,results/ebbi/SC5_MHBD_MWPM_1x/results/sweep_16_exp_0_checkpoints.csv
0300230030203303203003333,0.0006238310774992,1.9479124603094533e-05,56116263,results/ebbi/SC5_MHBD_MWPM_1x/results/sweep_16_exp_0_checkpoints.csv
0300230030203303203003333,0.0006238310774992,1.9479124603094533e-05,64337690,results/ebbi/SC5_MHBD_MWPM_1x/results/sweep_16_exp_0_checkpoints.csv
0300230030203303203003333,0.0006238310774992,1.9479124603094533e-05,81179684,results/ebbi/SC5_MHBD_MWPM_1x/results/sweep_16_exp_0_checkpoints.csv
0300230030203303203003333,0.0006356658302025,1.3108614439261146e-05,103731114,results/ebbi/SC5_MHBD_MWPM_1x/results/sweep_16_exp_0_checkpoints.csv
0300230030003203203003333,0.0006257871454047,1.2799192518286873e-05,131224799,results/ebbi/SC5_MHBD_MWPM_1x/results/sweep_16_exp_0_checkpoints.csv
0300230030003203203003333,0.0006257871454047,1.2799192518286873e-05,163449461,results/ebbi/SC5_MHBD_MWPM_1x/results/sweep_16_exp_0_checkpoints.csv
0300230030003203203003333,0.0006321613666979,8.576116670155898e-06,203715735,results/ebbi/SC5_MHBD_MWPM_1x/results/sweep_16_exp_0_checkpoints.csv
0300230230203303203003033,0.0006116453604461,1.8727858332567848e-05,258860836,results/ebbi/SC5_MHBD_MWPM_1x/results/sweep_16_exp_0_checkpoints.csv
0300230030003203203003333,0.0006356023190895,5.732941190217389e-06,333368137,results/ebbi/SC5_MHBD_MWPM_1x/results/sweep_16_exp_0_checkpoints.csv
0300230030303203003003333,0.0006166682601977,8.350632015208248e-06,414119700,results/ebbi/SC5_MHBD_MWPM_1x/results/sweep_16_exp_0_checkpoints.csv
0300230030300203003003333,0.0006221542674796,5.57347357243998e-06,532488357,results/ebbi/SC5_MHBD_MWPM_1x/results/sweep_16_exp_0_checkpoints.csv
0300230030300203003003333,0.0006221542674796,5.57347357243998e-06,643418730,results/ebbi/SC5_MHBD_MWPM_1x/results/sweep_16_exp_0_checkpoints.csv
0300030030300203033003333,0.000573483202946,1.194932610815158e-05,812382443,results/ebbi/SC5_MHBD_MWPM_1x/results/sweep_16_exp_0_checkpoints.csv
0300330330300303033033330,0.0005460101237696,7.417247161356499e-06,1022842549,results/ebbi/SC5_MHBD_MWPM_1x/results/sweep_16_exp_0_checkpoints.csv
0300330330000303033033330,0.0005505363456793,4.916697889711941e-06,1285924659,results/ebbi/SC5_MHBD_MWPM_1x/results/sweep_16_exp_0_checkpoints.csv
0300330330000303333033030,0.0005451307408266,4.8643610170984175e-06,1613854391,results/ebbi/SC5_MHBD_MWPM_1x/results/sweep_16_exp_0_checkpoints.csv
0300330330000303033033030,0.0005445440777521,3.248113216614001e-06,2095664090,results/ebbi/SC5_MHBD_MWPM_1x/results/sweep_16_exp_0_checkpoints.csv
0303330330000303033033330,0.0005352355471852,4.767170139530208e-06,2565067994,results/ebbi/SC5_MHBD_MWPM_1x/results/sweep_16_exp_0_checkpoints.csv
0303300330000303033033330,0.0005382156511345,3.186026788171148e-06,3218860896,results/ebbi/SC5_MHBD_MWPM_1x/results/sweep_16_exp_0_checkpoints.csv
0303300330000303033033330,0.0005382156511345,3.186026788171148e-06,4078709872,results/ebbi/SC5_MHBD_MWPM_1x/results/sweep_16_exp_0_checkpoints.csv
0303330300000303033033030,0.0005399457124219,2.1249002202239357e-06,5107664270,results/ebbi/SC5_MHBD_MWPM_1x/results/sweep_16_exp_0_checkpoints.csv
0333330300000303030033330,0.0005233826032927,7.0394612521340605e-06,6432127113,results/ebbi/SC5_MHBD_MWPM_1x/results/sweep_16_exp_0_checkpoints.csv
0333330300030303030033330,0.0005270044072431,3.119732809864217e-06,8142485922,results/ebbi/SC5_MHBD_MWPM_1x/results/sweep_16_exp_0_checkpoints.csv
0333330300030303030333030,0.0005259832215825,2.069694119199994e-06,10310235387,results/ebbi/SC5_MHBD_MWPM_1x/results/sweep_16_exp_0_checkpoints.csv
0333300300030303030333030,0.0005261100339354,1.3799943872072618e-06,12972454118,results/ebbi/SC5_MHBD_MWPM_1x/results/sweep_16_exp_0_checkpoints.csv
0333330300030303030033330,0.0005266248091559,9.240325198334176e-07,16645009645,results/ebbi/SC5_MHBD_MWPM_1x/results/sweep_16_exp_0_checkpoints.csv
0333300300030303030033330,0.0005224419780505,2.0616162146325223e-06,20352567084,results/ebbi/SC5_MHBD_MWPM_1x/results/sweep_16_exp_0_checkpoints.csv
0333300300030300030033330,0.0005094953044003,3.052118017876637e-06,25566481925,results/ebbi/SC5_MHBD_MWPM_1x/results/sweep_16_exp_0_checkpoints.csv
0333300300030300030033330,0.0005091213255037,2.0339989532658365e-06,32185591830,results/ebbi/SC5_MHBD_MWPM_1x/results/sweep_16_exp_0_checkpoints.csv
0333300300030300030033330,0.0005091213255037,2.0339989532658365e-06,40518184860,results/ebbi/SC5_MHBD_MWPM_1x/results/sweep_16_exp_0_checkpoints.csv
0333300300030300030033330,0.0005091213255037,2.0339989532658365e-06,51009952694,results/ebbi/SC5_MHBD_MWPM_1x/results/sweep_16_exp_0_checkpoints.csv
0333300300030300030033330,0.0005091213255037,2.0339989532658365e-06,64217591865,results/ebbi/SC5_MHBD_MWPM_1x/results/sweep_16_exp_0_checkpoints.csv
0333300300030300030033330,0.0005091213255037,2.0339989532658365e-06,80844320681,results/ebbi/SC5_MHBD_MWPM_1x/results/sweep_16_exp_0_checkpoints.csv
3200223203230002332020032,0.0007185403889576,2.251236219308339e-05,11034268,results/ebbi/SC5_MHBD_MWPM_1x/results/sweep_10_exp_0_checkpoints.csv
0303022220230023333002000,0.000683001850671,2.1494521206477657e-05,14786797,results/ebbi/SC5_MHBD_MWPM_1x/results/sweep_10_exp_0_checkpoints.csv
0303032220230023333002000,0.0006649917731592,2.1117128198966384e-05,19989975,results/ebbi/SC5_MHBD_MWPM_1x/results/sweep_10_exp_0_checkpoints.csv
0303032220230023333002000,0.0006649917731592,2.1117128198966384e-05,22404408,results/ebbi/SC5_MHBD_MWPM_1x/results/sweep_10_exp_0_checkpoints.csv
0303032220230023333002000,0.0006649917731592,2.1117128198966384e-05,30037050,results/ebbi/SC5_MHBD_MWPM_1x/results/sweep_10_exp_0_checkpoints.csv
0303032220230023333002000,0.0006649917731592,2.1117128198966384e-05,35517853,results/ebbi/SC5_MHBD_MWPM_1x/results/sweep_10_exp_0_checkpoints.csv
0303032220230023333002000,0.000673119307042,1.416380655427929e-05,47371777,results/ebbi/SC5_MHBD_MWPM_1x/results/sweep_10_exp_0_checkpoints.csv
0303032320230023333002000,0.0006456466537119,2.012087315961253e-05,59839890,results/ebbi/SC5_MHBD_MWPM_1x/results/sweep_10_exp_0_checkpoints.csv
0303032320230023303003003,0.0006325639495104,1.971329402294941e-05,70553117,results/ebbi/SC5_MHBD_MWPM_1x/results/sweep_10_exp_0_checkpoints.csv
0303032320230023303003003,0.0006325639495104,1.971329402294941e-05,88998956,results/ebbi/SC5_MHBD_MWPM_1x/results/sweep_10_exp_0_checkpoints.csv
0303030330230023333003003,0.0006077927016816,1.2595784028235356e-05,112017295,results/ebbi/SC5_MHBD_MWPM_1x/results/sweep_10_exp_0_checkpoints.csv
0303030330230023333003203,0.0005927556949888,1.228425207955297e-05,141942273,results/ebbi/SC5_MHBD_MWPM_1x/results/sweep_10_exp_0_checkpoints.csv
0303030330230023333003203,0.0005927556949888,1.228425207955297e-05,176484623,results/ebbi/SC5_MHBD_MWPM_1x/results/sweep_10_exp_0_checkpoints.csv
0303030330230023333003203,0.000605464075534,8.276774678961374e-06,228388545,results/ebbi/SC5_MHBD_MWPM_1x/results/sweep_10_exp_0_checkpoints.csv
0303030330230023333003003,0.0006076672563106,5.597550625680015e-06,285406825,results/ebbi/SC5_MHBD_MWPM_1x/results/sweep_10_exp_0_checkpoints.csv
0303030330230323333003003,0.0006017717430414,8.059989340836182e-06,350092589,results/ebbi/SC5_MHBD_MWPM_1x/results/sweep_10_exp_0_checkpoints.csv
0303030330230323333003003,0.0006013037417319,5.371238330553752e-06,448431670,results/ebbi/SC5_MHBD_MWPM_1x/results/sweep_10_exp_0_checkpoints.csv
0303030330230323333003003,0.0006013037417319,5.371238330553752e-06,559821150,results/ebbi/SC5_MHBD_MWPM_1x/results/sweep_10_exp_0_checkpoints.csv
0303030330230323333003003,0.0006013037417319,5.371238330553752e-06,720613216,results/ebbi/SC5_MHBD_MWPM_1x/results/sweep_10_exp_0_checkpoints.csv
0303030330230023330003003,0.0006039462214405,3.582552835723618e-06,884167688,results/ebbi/SC5_MHBD_MWPM_1x/results/sweep_10_exp_0_checkpoints.csv
0303030303230023330003003,0.0005984073276482,3.56448367710982e-06,1140376749,results/ebbi/SC5_MHBD_MWPM_1x/results/sweep_10_exp_0_checkpoints.csv
0303030303230023330003003,0.0005984073276482,3.56448367710982e-06,1415743693,results/ebbi/SC5_MHBD_MWPM_1x/results/sweep_10_exp_0_checkpoints.csv
0303000300230023330003003,0.0005979759286875,3.5385000956011936e-06,1763563488,results/ebbi/SC5_MHBD_MWPM_1x/results/sweep_10_exp_0_checkpoints.csv
0303030303230003330003003,0.0005818586666565,5.223093012318714e-06,2201701876,results/ebbi/SC5_MHBD_MWPM_1x/results/sweep_10_exp_0_checkpoints.csv
2303030303230303330003000,0.0005667548757369,5.059482191427378e-06,2797733291,results/ebbi/SC5_MHBD_MWPM_1x/results/sweep_10_exp_0_checkpoints.csv
2303030303030303330003000,0.0005652474900031,3.362426241437788e-06,3507783452,results/ebbi/SC5_MHBD_MWPM_1x/results/sweep_10_exp_0_checkpoints.csv
2303330300030300330003300,0.0005404385198044,4.845526291319402e-06,4395815913,results/ebbi/SC5_MHBD_MWPM_1x/results/sweep_10_exp_0_checkpoints.csv
0303330300030300330003300,0.0005337969131829,3.178824044880457e-06,5542222401,results/ebbi/SC5_MHBD_MWPM_1x/results/sweep_10_exp_0_checkpoints.csv
0303330300030300030003333,0.000528199821577,3.1264237350114854e-06,7019307941,results/ebbi/SC5_MHBD_MWPM_1x/results/sweep_10_exp_0_checkpoints.csv
0303330300030300330003330,0.0005298733275622,1.3977803519082954e-06,8867503031,results/ebbi/SC5_MHBD_MWPM_1x/results/sweep_10_exp_0_checkpoints.csv
0303330300030300033003330,0.0005281730587821,1.387900169902423e-06,11034375609,results/ebbi/SC5_MHBD_MWPM_1x/results/sweep_10_exp_0_checkpoints.csv
0333330300030300033003330,0.0005243203373468,2.07151310860354e-06,13922041535,results/ebbi/SC5_MHBD_MWPM_1x/results/sweep_10_exp_0_checkpoints.csv
0333300300030300030033330,0.0005051984176049,4.559633907774696e-06,17501875351,results/ebbi/SC5_MHBD_MWPM_1x/results/sweep_10_exp_0_checkpoints.csv
0333300300030300030033330,0.000511746560708,2.039588252955582e-06,22016585658,results/ebbi/SC5_MHBD_MWPM_1x/results/sweep_10_exp_0_checkpoints.csv
0333300300030300030033330,0.0005142786489281,1.363083583783009e-06,27770983581,results/ebbi/SC5_MHBD_MWPM_1x/results/sweep_10_exp_0_checkpoints.csv
0333300300030300030033330,0.0005142786489281,1.363083583783009e-06,34913047029,results/ebbi/SC5_MHBD_MWPM_1x/results/sweep_10_exp_0_checkpoints.csv
0333300300030300030033330,0.0005142786489281,1.363083583783009e-06,44023567808,results/ebbi/SC5_MHBD_MWPM_1x/results/sweep_10_exp_0_checkpoints.csv
0333300300030300030033330,0.0005142786489281,1.363083583783009e-06,55303774149,results/ebbi/SC5_MHBD_MWPM_1x/results/sweep_10_exp_0_checkpoints.csv
0333300300030300030033330,0.0005142786489281,1.363083583783009e-06,69621731238,results/ebbi/SC5_MHBD_MWPM_1x/results/sweep_10_exp_0_checkpoints.csv
0333300300030300030033330,0.0005142786489281,1.363083583783009e-06,87649066223,results/ebbi/SC5_MHBD_MWPM_1x/results/sweep_10_exp_0_checkpoints.csv
2303300303203302030003302,0.0006103651848242,2.0373272491269745e-05,11187580,results/ebbi/SC5_MHBD_MWPM_1x/results/sweep_8_exp_0_checkpoints.csv
2303300303203302030003302,0.0006103651848242,2.0373272491269745e-05,23939485,results/ebbi/SC5_MHBD_MWPM_1x/results/sweep_8_exp_0_checkpoints.csv
2303300303203302030003302,0.0006103651848242,2.0373272491269745e-05,28368851,results/ebbi/SC5_MHBD_MWPM_1x/results/sweep_8_exp_0_checkpoints.csv
2303300303233302030003302,0.0006139188169805,1.3453692190523723e-05,36055636,results/ebbi/SC5_MHBD_MWPM_1x/results/sweep_8_exp_0_checkpoints.csv
2003330303230302030003302,0.000588398847496,1.810138928703964e-05,45978083,results/ebbi/SC5_MHBD_MWPM_1x/results/sweep_8_exp_0_checkpoints.csv
2003330303230302030003302,0.0006032578897761,1.221893307956634e-05,56727230,results/ebbi/SC5_MHBD_MWPM_1x/results/sweep_8_exp_0_checkpoints.csv
2003330303230302030003302,0.0006032578897761,1.221893307956634e-05,74252162,results/ebbi/SC5_MHBD_MWPM_1x/results/sweep_8_exp_0_checkpoints.csv
0003330303030302030003302,0.0005761846942801,1.775097734935116e-05,93013200,results/ebbi/SC5_MHBD_MWPM_1x/results/sweep_8_exp_0_checkpoints.csv
0003330303030302030003302,0.00057393554412,1.1810883734142408e-05,112271368,results/ebbi/SC5_MHBD_MWPM_1x/results/sweep_8_exp_0_checkpoints.csv
0003330303230302030003303,0.0005712446332473,1.1671749234665184e-05,144907588,results/ebbi/SC5_MHBD_MWPM_1x/results/sweep_8_exp_0_checkpoints.csv
0003330303230302030003303,0.0005712446332473,1.1671749234665184e-05,181102283,results/ebbi/SC5_MHBD_MWPM_1x/results/sweep_8_exp_0_checkpoints.csv
0003330303230302030003303,0.0005780851330311,7.827590707165655e-06,229102726,results/ebbi/SC5_MHBD_MWPM_1x/results/sweep_8_exp_0_checkpoints.csv
0003330303230302030003303,0.0005780851330311,7.827590707165655e-06,284897882,results/ebbi/SC5_MHBD_MWPM_1x/results/sweep_8_exp_0_checkpoints.csv
0023330303030302030003303,0.0005746075339253,7.718462256889325e-06,360544943,results/ebbi/SC5_MHBD_MWPM_1x/results/sweep_8_exp_0_checkpoints.csv
0003330303030302030003303,0.0005760053548941,5.152938229002757e-06,445436104,results/ebbi/SC5_MHBD_MWPM_1x/results/sweep_8_exp_0_checkpoints.csv
0003330303030302030003303,0.0005760053548941,5.152938229002757e-06,565473712,results/ebbi/SC5_MHBD_MWPM_1x/results/sweep_8_exp_0_checkpoints.csv
0003330303030302030003303,0.0005760053548941,5.152938229002757e-06,717250631,results/ebbi/SC5_MHBD_MWPM_1x/results/sweep_8_exp_0_checkpoints.csv
0003330303030302030003303,0.0005760053548941,5.152938229002757e-06,901765065,results/ebbi/SC5_MHBD_MWPM_1x/results/sweep_8_exp_0_checkpoints.csv
0003330303030302030003300,0.0005698512769768,5.081244580651401e-06,1137683690,results/ebbi/SC5_MHBD_MWPM_1x/results/sweep_8_exp_0_checkpoints.csv
0033330303030302030003303,0.0005723576254084,3.402000174901332e-06,1421583308,results/ebbi/SC5_MHBD_MWPM_1x/results/sweep_8_exp_0_checkpoints.csv
0303330303030302030003300,0.0005464018741333,1.1157308108522557e-05,1774377108,results/ebbi/SC5_MHBD_MWPM_1x/results/sweep_8_exp_0_checkpoints.csv
0303330303030300330003300,0.0005367199623104,4.794297183252638e-06,2259040064,results/ebbi/SC5_MHBD_MWPM_1x/results/sweep_8_exp_0_checkpoints.csv
0303030303030300330003300,0.0005370387537384,3.1872859835857525e-06,2841861536,results/ebbi/SC5_MHBD_MWPM_1x/results/sweep_8_exp_0_checkpoints.csv
0303330303030300030003300,0.0005365861591496,2.164252464353922e-06,3541242148,results/ebbi/SC5_MHBD_MWPM_1x/results/sweep_8_exp_0_checkpoints.csv
0303330303030300030003300,0.0005365861591496,2.164252464353922e-06,4459972159,results/ebbi/SC5_MHBD_MWPM_1x/results/sweep_8_exp_0_checkpoints.csv
0303030303030300330003330,0.0005300297507271,3.1487522846873617e-06,5608165116,results/ebbi/SC5_MHBD_MWPM_1x/results/sweep_8_exp_0_checkpoints.csv
0303030303030300030003330,0.0005326048936587,1.399731331730436e-06,7113117356,results/ebbi/SC5_MHBD_MWPM_1x/results/sweep_8_exp_0_checkpoints.csv
0333030303030300030003330,0.0005208959172237,3.108310238530976e-06,8936676509,results/ebbi/SC5_MHBD_MWPM_1x/results/sweep_8_exp_0_checkpoints.csv
0333030300030300030003330,0.0005216921406121,1.3784519978798926e-06,11316870725,results/ebbi/SC5_MHBD_MWPM_1x/results/sweep_8_exp_0_checkpoints.csv
0333030300030300030003330,0.0005216921406121,1.3784519978798926e-06,14140441602,results/ebbi/SC5_MHBD_MWPM_1x/results/sweep_8_exp_0_checkpoints.csv
0333330300030300030003330,0.0005205485686991,1.3672280374521506e-06,17733977034,results/ebbi/SC5_MHBD_MWPM_1x/results/sweep_8_exp_0_checkpoints.csv
0333330300030300030003330,0.0005205485686991,1.3672280374521506e-06,22476320796,results/ebbi/SC5_MHBD_MWPM_1x/results/sweep_8_exp_0_checkpoints.csv
0333330300030300030003330,0.0005202795014374,9.112499128605124e-07,28240216438,results/ebbi/SC5_MHBD_MWPM_1x/results/sweep_8_exp_0_checkpoints.csv
0333330300030300000333330,0.0005000824868994,6.727372692694189e-06,35379779797,results/ebbi/SC5_MHBD_MWPM_1x/results/sweep_8_exp_0_checkpoints.csv
0333300300030300030033330,0.0005112512812557,2.024307377723744e-06,44539116950,results/ebbi/SC5_MHBD_MWPM_1x/results/sweep_8_exp_0_checkpoints.csv
0333300300030300030033330,0.0005112512812557,2.024307377723744e-06,56070966950,results/ebbi/SC5_MHBD_MWPM_1x/results/sweep_8_exp_0_checkpoints.csv
0333300300030300030033330,0.0005112512812557,2.024307377723744e-06,70591155880,results/ebbi/SC5_MHBD_MWPM_1x/results/sweep_8_exp_0_checkpoints.csv
0333300300030300030033330,0.0005112512812557,2.024307377723744e-06,88877866668,results/ebbi/SC5_MHBD_MWPM_1x/results/sweep_8_exp_0_checkpoints.csv
2003023230030030030033030,0.0006187388915137,2.041510015260428e-05,10445171,results/ebbi/SC5_MHBD_MWPM_1x/results/sweep_2_exp_0_checkpoints.csv
2003023230030030030033030,0.0006187388915137,2.041510015260428e-05,21726343,results/ebbi/SC5_MHBD_MWPM_1x/results/sweep_2_exp_0_checkpoints.csv
2003023230030030030033030,0.0006187388915137,2.041510015260428e-05,26255213,results/ebbi/SC5_MHBD_MWPM_1x/results/sweep_2_exp_0_checkpoints.csv
2003023230030030030033030,0.0006320697829005,1.3755818145000376e-05,33969638,results/ebbi/SC5_MHBD_MWPM_1x/results/sweep_2_exp_0_checkpoints.csv
3033303003230333000232033,0.0006276308402208,1.3236292033980137e-05,41951114,results/ebbi/SC5_MHBD_MWPM_1x/results/sweep_2_exp_0_checkpoints.csv
3033303003030333000232033,0.0006278051012112,9.275782758777495e-06,56125389,results/ebbi/SC5_MHBD_MWPM_1x/results/sweep_2_exp_0_checkpoints.csv
3033303003030333000232033,0.0006278051012112,9.275782758777495e-06,66840874,results/ebbi/SC5_MHBD_MWPM_1x/results/sweep_2_exp_0_checkpoints.csv
3033300003230333000232033,0.0006090171829848,1.854333095252514e-05,84792593,results/ebbi/SC5_MHBD_MWPM_1x/results/sweep_2_exp_0_checkpoints.csv
3033300003230333000232033,0.0006149182841645,1.2421938663464973e-05,107035541,results/ebbi/SC5_MHBD_MWPM_1x/results/sweep_2_exp_0_checkpoints.csv
3033303003230333000232033,0.000619468696968,8.766666724113747e-06,135066243,results/ebbi/SC5_MHBD_MWPM_1x/results/sweep_2_exp_0_checkpoints.csv
3033303003230333000232033,0.0006226964754695,5.8596424423740245e-06,172297355,results/ebbi/SC5_MHBD_MWPM_1x/results/sweep_2_exp_0_checkpoints.csv
3033303003230333000232033,0.0006226964754695,5.8596424423740245e-06,213430647,results/ebbi/SC5_MHBD_MWPM_1x/results/sweep_2_exp_0_checkpoints.csv
3033303003030333000232033,0.0006236031672355,4.108759640075732e-06,278720820,results/ebbi/SC5_MHBD_MWPM_1x/results/sweep_2_exp_0_checkpoints.csv
3033303003030333000232033,0.0006236031672355,4.108759640075732e-06,331274602,results/ebbi/SC5_MHBD_MWPM_1x/results/sweep_2_exp_0_checkpoints.csv
0033303003030333003232033,0.0006002990944424,1.825258368626237e-05,419326803,results/ebbi/SC5_MHBD_MWPM_1x/results/sweep_2_exp_0_checkpoints.csv
0033303003030333000232033,0.0006078949283582,5.467548817250645e-06,531691477,results/ebbi/SC5_MHBD_MWPM_1x/results/sweep_2_exp_0_checkpoints.csv
0033303003030333000232033,0.0006078949283582,5.467548817250645e-06,662362037,results/ebbi/SC5_MHBD_MWPM_1x/results/sweep_2_exp_0_checkpoints.csv
0033303003030333000232033,0.0006078949283582,5.467548817250645e-06,838688700,results/ebbi/SC5_MHBD_MWPM_1x/results/sweep_2_exp_0_checkpoints.csv
0033303003030333000232033,0.0006104208897085,3.6525932500808263e-06,1053028897,results/ebbi/SC5_MHBD_MWPM_1x/results/sweep_2_exp_0_checkpoints.csv
0033303003030303000232033,0.0006021552390394,5.383141797210556e-06,1325856103,results/ebbi/SC5_MHBD_MWPM_1x/results/sweep_2_exp_0_checkpoints.csv
0033303003030303000232033,0.0006071792509957,3.6036924484506017e-06,1686719886,results/ebbi/SC5_MHBD_MWPM_1x/results/sweep_2_exp_0_checkpoints.csv
0033303003030303000232033,0.0006071792509957,3.6036924484506017e-06,2094636598,results/ebbi/SC5_MHBD_MWPM_1x/results/sweep_2_exp_0_checkpoints.csv
0033303000230303030333033,0.0005665778474449,5.082889856566908e-06,2630998976,results/ebbi/SC5_MHBD_MWPM_1x/results/sweep_2_exp_0_checkpoints.csv
0033303000030300030333330,0.0005348382575338,4.839118446398061e-06,3326897339,results/ebbi/SC5_MHBD_MWPM_1x/results/sweep_2_exp_0_checkpoints.csv
0033303000030300030033330,0.0005413002900969,2.1541284240811365e-06,4169793858,results/ebbi/SC5_MHBD_MWPM_1x/results/sweep_2_exp_0_checkpoints.csv
0033300000030303030333330,0.0005377456648616,3.179179429935175e-06,5243345727,results/ebbi/SC5_MHBD_MWPM_1x/results/sweep_2_exp_0_checkpoints.csv
0333300300030300030333330,0.0005179926223948,4.656141754821874e-06,6607935031,results/ebbi/SC5_MHBD_MWPM_1x/results/sweep_2_exp_0_checkpoints.csv
0333300300030300030333330,0.0005137979387617,2.0610048068192555e-06,8331108711,results/ebbi/SC5_MHBD_MWPM_1x/results/sweep_2_exp_0_checkpoints.csv
0333300300030300030333330,0.0005137979387617,2.0610048068192555e-06,10471180186,results/ebbi/SC5_MHBD_MWPM_1x/results/sweep_2_exp_0_checkpoints.csv
0333330300000300030033330,0.0005011492732654,6.745384780515451e-06,13149834628,results/ebbi/SC5_MHBD_MWPM_1x/results/sweep_2_exp_0_checkpoints.csv
0333330300000300030033330,0.0005090118061428,4.532044840743765e-06,16554970458,results/ebbi/SC5_MHBD_MWPM_1x/results/sweep_2_exp_0_checkpoints.csv
0333300300030300030333330,0.0005136325122012,1.3737821973336397e-06,20856634012,results/ebbi/SC5_MHBD_MWPM_1x/results/sweep_2_exp_0_checkpoints.csv
0333300300030300030333330,0.0005136325122012,1.3737821973336397e-06,26238210845,results/ebbi/SC5_MHBD_MWPM_1x/results/sweep_2_exp_0_checkpoints.csv
0333300300030300030333330,0.0005136325122012,1.3737821973336397e-06,33035029756,results/ebbi/SC5_MHBD_MWPM_1x/results/sweep_2_exp_0_checkpoints.csv
0333300300030300030333330,0.0005136325122012,1.3737821973336397e-06,41584963707,results/ebbi/SC5_MHBD_MWPM_1x/results/sweep_2_exp_0_checkpoints.csv
0333300300030300030333330,0.0005136325122012,1.3737821973336397e-06,52350496298,results/ebbi/SC5_MHBD_MWPM_1x/results/sweep_2_exp_0_checkpoints.csv
0333300300030300030333330,0.0005136325122012,1.3737821973336397e-06,65907741624,results/ebbi/SC5_MHBD_MWPM_1x/results/sweep_2_exp_0_checkpoints.csv
0333300300030300030333330,0.0005136325122012,1.3737821973336397e-06,82969076465,results/ebbi/SC5_MHBD_MWPM_1x/results/sweep_2_exp_0_checkpoints.csv
0333300300030300030333330,0.0005136325122012,1.3737821973336397e-06,100000000000,results/ebbi/SC5_MHBD_MWPM_1x/results/sweep_2_exp_0_checkpoints.csv
0023333022032300232002030,0.0007001392717644,2.299994048371445e-05,10261408,results/ebbi/SC5_MHBD_MWPM_1x/results/sweep_4_exp_0_checkpoints.csv
0023333022032300232002030,0.0007001392717644,2.299994048371445e-05,14677370,results/ebbi/SC5_MHBD_MWPM_1x/results/sweep_4_exp_0_checkpoints.csv
0023333022032300232002030,0.0007001392717644,2.299994048371445e-05,17625188,results/ebbi/SC5_MHBD_MWPM_1x/results/sweep_4_exp_0_checkpoints.csv
0023333022032300232002030,0.0007001392717644,2.299994048371445e-05,20941887,results/ebbi/SC5_MHBD_MWPM_1x/results/sweep_4_exp_0_checkpoints.csv
0023333022032300232002030,0.0007130774095598,1.5474228348466568e-05,25999788,results/ebbi/SC5_MHBD_MWPM_1x/results/sweep_4_exp_0_checkpoints.csv
0023333022032300232002030,0.0007130774095598,1.5474228348466568e-05,33317162,results/ebbi/SC5_MHBD_MWPM_1x/results/sweep_4_exp_0_checkpoints.csv
0003333022032330232002030,0.0007088535841463,1.4283896234701388e-05,42732832,results/ebbi/SC5_MHBD_MWPM_1x/results/sweep_4_exp_0_checkpoints.csv
0023333022032300232002030,0.0007038925722232,1.0249548722640611e-05,54613468,results/ebbi/SC5_MHBD_MWPM_1x/results/sweep_4_exp_0_checkpoints.csv
0023333022032300232002030,0.0007038925722232,1.0249548722640611e-05,67109403,results/ebbi/SC5_MHBD_MWPM_1x/results/sweep_4_exp_0_checkpoints.csv
0023333022032300232002030,0.0007038925722232,1.0249548722640611e-05,82485770,results/ebbi/SC5_MHBD_MWPM_1x/results/sweep_4_exp_0_checkpoints.csv
0003333322032300232002200,0.0006641025282878,2.052697163890116e-05,108337366,results/ebbi/SC5_MHBD_MWPM_1x/results/sweep_4_exp_0_checkpoints.csv
0003333322032300232002200,0.0006789172764976,1.383634935336886e-05,132000807,results/ebbi/SC5_MHBD_MWPM_1x/results/sweep_4_exp_0_checkpoints.csv
0003333032032300232003030,0.0006394877231232,1.9794795662164688e-05,162787279,results/ebbi/SC5_MHBD_MWPM_1x/results/sweep_4_exp_0_checkpoints.csv
0003330032033300233003030,0.0005638190930889,1.8297176211490296e-05,206017912,results/ebbi/SC5_MHBD_MWPM_1x/results/sweep_4_exp_0_checkpoints.csv
0003330032033300233003030,0.0005756359192588,1.2325216630415524e-05,259272468,results/ebbi/SC5_MHBD_MWPM_1x/results/sweep_4_exp_0_checkpoints.csv
0003330033033300233003030,0.0005917609133792,8.255577995441854e-06,325256552,results/ebbi/SC5_MHBD_MWPM_1x/results/sweep_4_exp_0_checkpoints.csv
0003330030033300233003030,0.000584492425257,7.854749128455296e-06,417751095,results/ebbi/SC5_MHBD_MWPM_1x/results/sweep_4_exp_0_checkpoints.csv
0003330030033300233003030,0.0005859711658812,5.243115992925596e-06,521975388,results/ebbi/SC5_MHBD_MWPM_1x/results/sweep_4_exp_0_checkpoints.csv
0003330030033300233003030,0.0005859711658812,5.243115992925596e-06,672669873,results/ebbi/SC5_MHBD_MWPM_1x/results/sweep_4_exp_0_checkpoints.csv
0003330300033300233003030,0.0005711549898794,5.13761142428848e-06,815198654,results/ebbi/SC5_MHBD_MWPM_1x/results/sweep_4_exp_0_checkpoints.csv
0003330300033300033003030,0.000544467682266,4.976403943146579e-06,1030692388,results/ebbi/SC5_MHBD_MWPM_1x/results/sweep_4_exp_0_checkpoints.csv
0003330300033300033003030,0.000544467682266,4.976403943146579e-06,1303070650,results/ebbi/SC5_MHBD_MWPM_1x/results/sweep_4_exp_0_checkpoints.csv
0003330300033300033003030,0.0005463689733457,3.323387090858887e-06,1630598882,results/ebbi/SC5_MHBD_MWPM_1x/results/sweep_4_exp_0_checkpoints.csv
0033330300033300033003030,0.0005463718695626,3.2439199912914773e-06,2050974520,results/ebbi/SC5_MHBD_MWPM_1x/results/sweep_4_exp_0_checkpoints.csv
0033330300033300033003030,0.0005463718695626,3.2439199912914773e-06,2587685546,results/ebbi/SC5_MHBD_MWPM_1x/results/sweep_4_exp_0_checkpoints.csv
0003330300030300033003330,0.0005259236534163,7.131300208129687e-06,3247467958,results/ebbi/SC5_MHBD_MWPM_1x/results/sweep_4_exp_0_checkpoints.csv
0303330300030300033003330,0.0005286036049386,3.168205466863583e-06,4102400658,results/ebbi/SC5_MHBD_MWPM_1x/results/sweep_4_exp_0_checkpoints.csv
0303330300030300033003330,0.0005303705067489,2.115662255164352e-06,5146741834,results/ebbi/SC5_MHBD_MWPM_1x/results/sweep_4_exp_0_checkpoints.csv
0303330300030300030003330,0.0005184977461518,4.650354185287142e-06,6474804864,results/ebbi/SC5_MHBD_MWPM_1x/results/sweep_4_exp_0_checkpoints.csv
0303330300030300030003330,0.0005237686710927,2.077297722280491e-06,8169092653,results/ebbi/SC5_MHBD_MWPM_1x/results/sweep_4_exp_0_checkpoints.csv
0303330330030300030003330,0.0005071789198401,6.84453516441863e-06,10267121642,results/ebbi/SC5_MHBD_MWPM_1x/results/sweep_4_exp_0_checkpoints.csv
0333330330030300030003330,0.0005213316443422,2.0428526568139205e-06,12929011165,results/ebbi/SC5_MHBD_MWPM_1x/results/sweep_4_exp_0_checkpoints.csv
0333300330030300030003330,0.000519808038785,2.047178440989228e-06,16383320373,results/ebbi/SC5_MHBD_MWPM_1x/results/sweep_4_exp_0_checkpoints.csv
0333300330030300030003330,0.0005206837265111,1.3659340538652032e-06,20499230368,results/ebbi/SC5_MHBD_MWPM_1x/results/sweep_4_exp_0_checkpoints.csv
0333330300030300030030330,0.0005110771674353,6.8375852606550325e-06,25777131981,results/ebbi/SC5_MHBD_MWPM_1x/results/sweep_4_exp_0_checkpoints.csv
0333300300030300030033330,0.0005135363229848,1.359321572635963e-06,32451177296,results/ebbi/SC5_MHBD_MWPM_1x/results/sweep_4_exp_0_checkpoints.csv
0333300300030300030033330,0.0005135363229848,1.359321572635963e-06,40853100933,results/ebbi/SC5_MHBD_MWPM_1x/results/sweep_4_exp_0_checkpoints.csv
0333300300030300030033330,0.0005135363229848,1.359321572635963e-06,51437219080,results/ebbi/SC5_MHBD_MWPM_1x/results/sweep_4_exp_0_checkpoints.csv
0333300300030300030033330,0.0005135363229848,1.359321572635963e-06,64749913280,results/ebbi/SC5_MHBD_MWPM_1x/results/sweep_4_exp_0_checkpoints.csv
0333300300030300030033330,0.0005135363229848,1.359321572635963e-06,81510234289,results/ebbi/SC5_MHBD_MWPM_1x/results/sweep_4_exp_0_checkpoints.csv
0333300300030300030033330,0.0005135363229848,1.359321572635963e-06,100000000000,results/ebbi/SC5_MHBD_MWPM_1x/results/sweep_4_exp_0_checkpoints.csv
0230000323320033330302233,0.0006921500564593,2.1957108401693404e-05,10314896,results/ebbi/SC5_MHBD_MWPM_1x/results/sweep_17_exp_0_checkpoints.csv
0232000323320033330302233,0.0006893357603696,2.153430978069082e-05,15588119,results/ebbi/SC5_MHBD_MWPM_1x/results/sweep_17_exp_0_checkpoints.csv
0232000323320033330302233,0.0006893357603696,2.153430978069082e-05,17918551,results/ebbi/SC5_MHBD_MWPM_1x/results/sweep_17_exp_0_checkpoints.csv
0232000323320033330302233,0.0006893357603696,2.153430978069082e-05,21877725,results/ebbi/SC5_MHBD_MWPM_1x/results/sweep_17_exp_0_checkpoints.csv
0232000323300033330002233,0.0006401596935443,2.025740650424268e-05,31875672,results/ebbi/SC5_MHBD_MWPM_1x/results/sweep_17_exp_0_checkpoints.csv
0232000323300033330002233,0.0006401596935443,2.025740650424268e-05,33709725,results/ebbi/SC5_MHBD_MWPM_1x/results/sweep_17_exp_0_checkpoints.csv
0232000323300033330002233,0.0006401596935443,2.025740650424268e-05,42854611,results/ebbi/SC5_MHBD_MWPM_1x/results/sweep_17_exp_0_checkpoints.csv
0232000323300033330002233,0.00063859217793,1.3488411241269205e-05,60147705,results/ebbi/SC5_MHBD_MWPM_1x/results/sweep_17_exp_0_checkpoints.csv
0232000323300033330002233,0.00063859217793,1.3488411241269205e-05,66863355,results/ebbi/SC5_MHBD_MWPM_1x/results/sweep_17_exp_0_checkpoints.csv
0232000323300033330002233,0.00063859217793,1.3488411241269205e-05,83882045,results/ebbi/SC5_MHBD_MWPM_1x/results/sweep_17_exp_0_checkpoints.csv
0202003323300033330002233,0.0006461601744418,1.3141692761564627e-05,106023379,results/ebbi/SC5_MHBD_MWPM_1x/results/sweep_17_exp_0_checkpoints.csv
0232300323303333030002233,0.0006480464430176,8.688162779435515e-06,130339379,results/ebbi/SC5_MHBD_MWPM_1x/results/sweep_17_exp_0_checkpoints.csv
0232300323303333030002233,0.0006480464430176,8.688162779435515e-06,163734631,results/ebbi/SC5_MHBD_MWPM_1x/results/sweep_17_exp_0_checkpoints.csv
0232300323303333030002233,0.0006480464430176,8.688162779435515e-06,209001624,results/ebbi/SC5_MHBD_MWPM_1x/results/sweep_17_exp_0_checkpoints.csv
0232300323303333030002233,0.0006480464430176,8.688162779435515e-06,261914120,results/ebbi/SC5_MHBD_MWPM_1x/results/sweep_17_exp_0_checkpoints.csv
0232000320300030330002233,0.0006593447597363,5.835499450768111e-06,339303856,results/ebbi/SC5_MHBD_MWPM_1x/results/sweep_17_exp_0_checkpoints.csv
0202000323300033330002033,0.0006569461464027,3.937390829378273e-06,412016645,results/ebbi/SC5_MHBD_MWPM_1x/results/sweep_17_exp_0_checkpoints.csv
0202000323300033330002033,0.0006569461464027,3.937390829378273e-06,525455033,results/ebbi/SC5_MHBD_MWPM_1x/results/sweep_17_exp_0_checkpoints.csv
0202000323300033330002033,0.0006569461464027,3.937390829378273e-06,675924488,results/ebbi/SC5_MHBD_MWPM_1x/results/sweep_17_exp_0_checkpoints.csv
0232000323300023330002333,0.0006549191314494,2.627641151775606e-06,828830179,results/ebbi/SC5_MHBD_MWPM_1x/results/sweep_17_exp_0_checkpoints.csv
0232000323300023330002333,0.0006549191314494,2.627641151775606e-06,1035821133,results/ebbi/SC5_MHBD_MWPM_1x/results/sweep_17_exp_0_checkpoints.csv
0203300323300333330002033,0.0006148591404491,8.273180355899967e-06,1303690394,results/ebbi/SC5_MHBD_MWPM_1x/results/sweep_17_exp_0_checkpoints.csv
3203000323300303330002033,0.0006132614365714,5.452611276268726e-06,1652218598,results/ebbi/SC5_MHBD_MWPM_1x/results/sweep_17_exp_0_checkpoints.csv
3200000323300303330003033,0.0006034038228901,5.402514943853021e-06,2059218051,results/ebbi/SC5_MHBD_MWPM_1x/results/sweep_17_exp_0_checkpoints.csv
3003300303300300330003030,0.0005698616690956,7.66303674026858e-06,2596845461,results/ebbi/SC5_MHBD_MWPM_1x/results/sweep_17_exp_0_checkpoints.csv
3003300303000300330033030,0.0005617744715764,3.3341668768116506e-06,3264917703,results/ebbi/SC5_MHBD_MWPM_1x/results/sweep_17_exp_0_checkpoints.csv
3303330303030300030030330,0.0005243281277001,7.124760031729238e-06,4108014493,results/ebbi/SC5_MHBD_MWPM_1x/results/sweep_17_exp_0_checkpoints.csv
0303300303030300000033330,0.0005301481291333,3.1349322853202466e-06,5193191651,results/ebbi/SC5_MHBD_MWPM_1x/results/sweep_17_exp_0_checkpoints.csv
3303330303030300000033330,0.0005321590270538,2.101785185004701e-06,6640526207,results/ebbi/SC5_MHBD_MWPM_1x/results/sweep_17_exp_0_checkpoints.csv
3303300300030300030033330,0.0005142228083835,4.612765224010218e-06,8217648331,results/ebbi/SC5_MHBD_MWPM_1x/results/sweep_17_exp_0_checkpoints.csv
3333300300030300030033330,0.0005200888441808,2.0607781152648386e-06,10339591436,results/ebbi/SC5_MHBD_MWPM_1x/results/sweep_17_exp_0_checkpoints.csv
3333300300030300030033330,0.0005186545977731,1.3719575235882076e-06,13052457413,results/ebbi/SC5_MHBD_MWPM_1x/results/sweep_17_exp_0_checkpoints.csv
0333330300030300033033330,0.0005177043567979,2.039085529759177e-06,16468529940,results/ebbi/SC5_MHBD_MWPM_1x/results/sweep_17_exp_0_checkpoints.csv
0333300300030300030033330,0.0005126676607809,2.0246491203579357e-06,20594187904,results/ebbi/SC5_MHBD_MWPM_1x/results/sweep_17_exp_0_checkpoints.csv
0333300300030300030033330,0.0005126676607809,2.0246491203579357e-06,25918837270,results/ebbi/SC5_MHBD_MWPM_1x/results/sweep_17_exp_0_checkpoints.csv
0333300300030300030033330,0.0005126676607809,2.0246491203579357e-06,32621231610,results/ebbi/SC5_MHBD_MWPM_1x/results/sweep_17_exp_0_checkpoints.csv
0333300300030300030033330,0.0005126676607809,2.0246491203579357e-06,41071083113,results/ebbi/SC5_MHBD_MWPM_1x/results/sweep_17_exp_0_checkpoints.csv
0333300300030300030033330,0.0005126676607809,2.0246491203579357e-06,51697185710,results/ebbi/SC5_MHBD_MWPM_1x/results/sweep_17_exp_0_checkpoints.csv
0333300300030300030033330,0.0005126676607809,2.0246491203579357e-06,65084490050,results/ebbi/SC5_MHBD_MWPM_1x/results/sweep_17_exp_0_checkpoints.csv
0333300300030300030033330,0.0005126676607809,2.0246491203579357e-06,81936497863,results/ebbi/SC5_MHBD_MWPM_1x/results/sweep_17_exp_0_checkpoints.csv
0333300300030300030033330,0.0005126676607809,2.0246491203579357e-06,100000000000,results/ebbi/SC5_MHBD_MWPM_1x/results/sweep_17_exp_0_checkpoints.csv
0330332023023330330332223,0.000730606280765,2.228550147265196e-05,11328366,results/ebbi/SC5_MHBD_MWPM_1x/results/sweep_20_exp_0_checkpoints.csv
3322302232020300320030322,0.0007209641845534,2.192017745983321e-05,14479352,results/ebbi/SC5_MHBD_MWPM_1x/results/sweep_20_exp_0_checkpoints.csv
3322303232020300320030322,0.0006930643961312,2.1401403500931337e-05,19290568,results/ebbi/SC5_MHBD_MWPM_1x/results/sweep_20_exp_0_checkpoints.csv
3322303232020300320030322,0.0006930643961312,2.1401403500931337e-05,22961385,results/ebbi/SC5_MHBD_MWPM_1x/results/sweep_20_exp_0_checkpoints.csv
3322303232020300320030322,0.0006930643961312,2.1401403500931337e-05,30013188,results/ebbi/SC5_MHBD_MWPM_1x/results/sweep_20_exp_0_checkpoints.csv
3322303232020300320030322,0.0006930643961312,2.1401403500931337e-05,37597310,results/ebbi/SC5_MHBD_MWPM_1x/results/sweep_20_exp_0_checkpoints.csv
3322303232020300320030302,0.000707751828479,1.4279120478022378e-05,47909097,results/ebbi/SC5_MHBD_MWPM_1x/results/sweep_20_exp_0_checkpoints.csv
3322303232000300320030302,0.0006940221291607,1.4138204278424382e-05,58314290,results/ebbi/SC5_MHBD_MWPM_1x/results/sweep_20_exp_0_checkpoints.csv
3322303232000300320030302,0.0006940221291607,1.4138204278424382e-05,75178842,results/ebbi/SC5_MHBD_MWPM_1x/results/sweep_20_exp_0_checkpoints.csv
3322303232000300320030302,0.0006940221291607,1.4138204278424382e-05,91349980,results/ebbi/SC5_MHBD_MWPM_1x/results/sweep_20_exp_0_checkpoints.csv
3322303232000300320030302,0.0006940221291607,1.4138204278424382e-05,117480115,results/ebbi/SC5_MHBD_MWPM_1x/results/sweep_20_exp_0_checkpoints.csv
0322300233000300320030300,0.0006274835277738,1.982662797672674e-05,143892259,results/ebbi/SC5_MHBD_MWPM_1x/results/sweep_20_exp_0_checkpoints.csv
0322330333030300320030300,0.0006109986039559,1.2651334145630244e-05,180498867,results/ebbi/SC5_MHBD_MWPM_1x/results/sweep_20_exp_0_checkpoints.csv
0332030333030300320030303,0.0005703481351546,1.1878863006131724e-05,226879785,results/ebbi/SC5_MHBD_MWPM_1x/results/sweep_20_exp_0_checkpoints.csv
0332030333030300320030303,0.0005769495454101,7.96491531218635e-06,284715721,results/ebbi/SC5_MHBD_MWPM_1x/results/sweep_20_exp_0_checkpoints.csv
0332030333030300320030303,0.0005786121611044,5.317584964359412e-06,369297190,results/ebbi/SC5_MHBD_MWPM_1x/results/sweep_20_exp_0_checkpoints.csv
0332030333030300300030303,0.0005644828457191,5.17597300131456e-06,459451506,results/ebbi/SC5_MHBD_MWPM_1x/results/sweep_20_exp_0_checkpoints.csv
0332030333030300300030303,0.0005644828457191,5.17597300131456e-06,575931341,results/ebbi/SC5_MHBD_MWPM_1x/results/sweep_20_exp_0_checkpoints.csv
0332000333030300300030303,0.0005642751317532,5.084395525045693e-06,722674340,results/ebbi/SC5_MHBD_MWPM_1x/results/sweep_20_exp_0_checkpoints.csv
0332030333030300300030303,0.0005621876594521,3.443630475885584e-06,904741147,results/ebbi/SC5_MHBD_MWPM_1x/results/sweep_20_exp_0_checkpoints.csv
0332030333030300300030303,0.0005621876594521,3.443630475885584e-06,1146750642,results/ebbi/SC5_MHBD_MWPM_1x/results/sweep_20_exp_0_checkpoints.csv
0332030333030300300030303,0.000566087505934,2.303698238392826e-06,1449135322,results/ebbi/SC5_MHBD_MWPM_1x/results/sweep_20_exp_0_checkpoints.csv
3332000333030300300033303,0.0005633394721192,3.3367559808539227e-06,1808915413,results/ebbi/SC5_MHBD_MWPM_1x/results/sweep_20_exp_0_checkpoints.csv
0332030303030300300030303,0.0005662797369104,2.227884351668763e-06,2395248201,results/ebbi/SC5_MHBD_MWPM_1x/results/sweep_20_exp_0_checkpoints.csv
0332030303030300300030303,0.0005662797369104,2.227884351668763e-06,2929110351,results/ebbi/SC5_MHBD_MWPM_1x/results/sweep_20_exp_0_checkpoints.csv
0332030303030300300030303,0.0005662797369104,2.227884351668763e-06,3609300635,results/ebbi/SC5_MHBD_MWPM_1x/results/sweep_20_exp_0_checkpoints.csv
0330330303030300030030303,0.0005412900233864,4.85726241095108e-06,4515112992,results/ebbi/SC5_MHBD_MWPM_1x/results/sweep_20_exp_0_checkpoints.csv
0330330333030300030030300,0.0005422034453909,3.2058073884400078e-06,5704912688,results/ebbi/SC5_MHBD_MWPM_1x/results/sweep_20_exp_0_checkpoints.csv
3330330303030300030030333,0.0005420038200433,1.4355299526869203e-06,7148786545,results/ebbi/SC5_MHBD_MWPM_1x/results/sweep_20_exp_0_checkpoints.csv
0330330303030300030030333,0.0005363574586911,3.1866145491221687e-06,9011735719,results/ebbi/SC5_MHBD_MWPM_1x/results/sweep_20_exp_0_checkpoints.csv
0333330303030300030030330,0.0005332501911314,2.1021276097599184e-06,11379060828,results/ebbi/SC5_MHBD_MWPM_1x/results/sweep_20_exp_0_checkpoints.csv
0330330300030300030030330,0.0005161182905914,6.961972758290358e-06,14267071527,results/ebbi/SC5_MHBD_MWPM_1x/results/sweep_20_exp_0_checkpoints.csv
0330330300030300030003330,0.0005243271121743,2.0717016013804823e-06,18092448074,results/ebbi/SC5_MHBD_MWPM_1x/results/sweep_20_exp_0_checkpoints.csv
0333330300030300030003330,0.0005189021685913,2.04551724891644e-06,22729696248,results/ebbi/SC5_MHBD_MWPM_1x/results/sweep_20_exp_0_checkpoints.csv
0333300300030300030033330,0.0005134759873186,2.0282202513044467e-06,28565064934,results/ebbi/SC5_MHBD_MWPM_1x/results/sweep_20_exp_0_checkpoints.csv
0333300300030300030033330,0.0005122469412295,1.3505285778592224e-06,35825096136,results/ebbi/SC5_MHBD_MWPM_1x/results/sweep_20_exp_0_checkpoints.csv
0333300300030300030033330,0.0005122469412295,1.3505285778592224e-06,45111823327,results/ebbi/SC5_MHBD_MWPM_1x/results/sweep_20_exp_0_checkpoints.csv
0333300300030300030033330,0.0005122469412295,1.3505285778592224e-06,56776542151,results/ebbi/SC5_MHBD_MWPM_1x/results/sweep_20_exp_0_checkpoints.csv
0333300300030300030033330,0.0005122469412295,1.3505285778592224e-06,71478522827,results/ebbi/SC5_MHBD_MWPM_1x/results/sweep_20_exp_0_checkpoints.csv
0333300300030300030033330,0.0005122469412295,1.3505285778592224e-06,89987159396,results/ebbi/SC5_MHBD_MWPM_1x/results/sweep_20_exp_0_checkpoints.csv
0333300300030300030033330,0.0005122469412295,1.3505285778592224e-06,100000000000,results/ebbi/SC5_MHBD_MWPM_1x/results/sweep_20_exp_0_checkpoints.csv
0203200020033303330002333,0.0006175163990762,2.015639256569557e-05,12347975,results/ebbi/SC5_MHBD_MWPM_1x/results/sweep_11_exp_0_checkpoints.csv
0203200020033303330032033,0.0006131310892942,1.952998536580708e-05,22053757,results/ebbi/SC5_MHBD_MWPM_1x/results/sweep_11_exp_0_checkpoints.csv
0203200020033303330032033,0.0006131310892942,1.952998536580708e-05,24752179,results/ebbi/SC5_MHBD_MWPM_1x/results/sweep_11_exp_0_checkpoints.csv
0203200030033303330002333,0.0005882400341662,1.839506148826331e-05,32676496,results/ebbi/SC5_MHBD_MWPM_1x/results/sweep_11_exp_0_checkpoints.csv
0203200030033303330002333,0.0005882400341662,1.839506148826331e-05,39481602,results/ebbi/SC5_MHBD_MWPM_1x/results/sweep_11_exp_0_checkpoints.csv
0203200030033303330002333,0.0005882400341662,1.839506148826331e-05,49617442,results/ebbi/SC5_MHBD_MWPM_1x/results/sweep_11_exp_0_checkpoints.csv
0203200030033303330002333,0.0005883683165196,1.2264716133358888e-05,63742970,results/ebbi/SC5_MHBD_MWPM_1x/results/sweep_11_exp_0_checkpoints.csv
0203200030033303330002333,0.0005883683165196,1.2264716133358888e-05,79202383,results/ebbi/SC5_MHBD_MWPM_1x/results/sweep_11_exp_0_checkpoints.csv
0300200030033303330002333,0.0005671616543624,1.1703805284923874e-05,99289753,results/ebbi/SC5_MHBD_MWPM_1x/results/sweep_11_exp_0_checkpoints.csv
0303200030030303333002333,0.0005668465167947,1.1606177395151462e-05,124103302,results/ebbi/SC5_MHBD_MWPM_1x/results/sweep_11_exp_0_checkpoints.csv
0303200030030303333002333,0.0005668465167947,1.1606177395151462e-05,158046000,results/ebbi/SC5_MHBD_MWPM_1x/results/sweep_11_exp_0_checkpoints.csv
0300200030030303330002333,0.0005757926908697,7.813059710315429e-06,203013299,results/ebbi/SC5_MHBD_MWPM_1x/results/sweep_11_exp_0_checkpoints.csv
0300200030030303330002333,0.0005757926908697,7.813059710315429e-06,249526485,results/ebbi/SC5_MHBD_MWPM_1x/results/sweep_11_exp_0_checkpoints.csv
0300200030030303330002033,0.0005684922053654,7.661278687010054e-06,312475027,results/ebbi/SC5_MHBD_MWPM_1x/results/sweep_11_exp_0_checkpoints.csv
0300200030030303330003333,0.0005643708638766,7.590595487272367e-06,394058799,results/ebbi/SC5_MHBD_MWPM_1x/results/sweep_11_exp_0_checkpoints.csv
0300000030030303300003333,0.0005453687939473,1.1154848834848964e-05,495633355,results/ebbi/SC5_MHBD_MWPM_1x/results/sweep_11_exp_0_checkpoints.csv
0300000030030303300003333,0.0005555909535669,7.505899702664465e-06,625317630,results/ebbi/SC5_MHBD_MWPM_1x/results/sweep_11_exp_0_checkpoints.csv
0300200030030303330003333,0.0005665841844118,3.3802032248786418e-06,782570884,results/ebbi/SC5_MHBD_MWPM_1x/results/sweep_11_exp_0_checkpoints.csv
0300000030030303300003333,0.0005658071356432,3.366469627508195e-06,995359158,results/ebbi/SC5_MHBD_MWPM_1x/results/sweep_11_exp_0_checkpoints.csv
0300000030030303300003333,0.0005658071356432,3.366469627508195e-06,1253245844,results/ebbi/SC5_MHBD_MWPM_1x/results/sweep_11_exp_0_checkpoints.csv
0303000033030303330003333,0.0005452621141941,7.458215350197861e-06,1556191774,results/ebbi/SC5_MHBD_MWPM_1x/results/sweep_11_exp_0_checkpoints.csv
0303000333030300330003333,0.0005418856440893,4.846234332944732e-06,1960227718,results/ebbi/SC5_MHBD_MWPM_1x/results/sweep_11_exp_0_checkpoints.csv
0303000333030300030003333,0.0005414616758804,3.2229700082098134e-06,2468570823,results/ebbi/SC5_MHBD_MWPM_1x/results/sweep_11_exp_0_checkpoints.csv
0333030303030300330003333,0.0005267130119878,3.163364226566045e-06,3130118589,results/ebbi/SC5_MHBD_MWPM_1x/results/sweep_11_exp_0_checkpoints.csv
0333030303030300330003330,0.0005269673612132,3.141733259326429e-06,3960408905,results/ebbi/SC5_MHBD_MWPM_1x/results/sweep_11_exp_0_checkpoints.csv
0333030303030300330003330,0.0005269673612132,3.141733259326429e-06,4945291566,results/ebbi/SC5_MHBD_MWPM_1x/results/sweep_11_exp_0_checkpoints.csv
0333030303030300330003330,0.0005249121546128,2.0904026314383373e-06,6235536419,results/ebbi/SC5_MHBD_MWPM_1x/results/sweep_11_exp_0_checkpoints.csv
0333000300030300330033330,0.0005139223889082,4.5987922021595296e-06,7798995840,results/ebbi/SC5_MHBD_MWPM_1x/results/sweep_11_exp_0_checkpoints.csv
0333000303030303030003330,0.0005199489258201,3.069005060751806e-06,9821296029,results/ebbi/SC5_MHBD_MWPM_1x/results/sweep_11_exp_0_checkpoints.csv
0333000300030300030033330,0.0005212967965029,2.0515283267741324e-06,12456006825,results/ebbi/SC5_MHBD_MWPM_1x/results/sweep_11_exp_0_checkpoints.csv
0333000300030300030033330,0.0005213739910529,1.3677868082595523e-06,15880859068,results/ebbi/SC5_MHBD_MWPM_1x/results/sweep_11_exp_0_checkpoints.csv
0333300300030300033033330,0.0005053016185601,4.53312441095477e-06,19575484122,results/ebbi/SC5_MHBD_MWPM_1x/results/sweep_11_exp_0_checkpoints.csv
0333300300030300030033330,0.0005106090161855,2.0281374872865854e-06,24643173360,results/ebbi/SC5_MHBD_MWPM_1x/results/sweep_11_exp_0_checkpoints.csv
0333300300030300030033330,0.0005106090161855,2.0281374872865854e-06,31016806008,results/ebbi/SC5_MHBD_MWPM_1x/results/sweep_11_exp_0_checkpoints.csv
0333300300030300030033330,0.0005106090161855,2.0281374872865854e-06,39059616338,results/ebbi/SC5_MHBD_MWPM_1x/results/sweep_11_exp_0_checkpoints.csv
0333300300030300030033330,0.0005106090161855,2.0281374872865854e-06,49159137549,results/ebbi/SC5_MHBD_MWPM_1x/results/sweep_11_exp_0_checkpoints.csv
0333300300030300030033330,0.0005106090161855,2.0281374872865854e-06,61886619163,results/ebbi/SC5_MHBD_MWPM_1x/results/sweep_11_exp_0_checkpoints.csv
0333300300030300030033330,0.0005106090161855,2.0281374872865854e-06,77912582894,results/ebbi/SC5_MHBD_MWPM_1x/results/sweep_11_exp_0_checkpoints.csv
