seed,clifford_deformation,alpha,beta,x-err,y-err,z-err,no-err,shots,method,QECC,n,k,d,noise-model,p,eta,source_file
319904953,3333020303030330030303333,44864,99955138,23594,56,21213,99955137,100000000,pymatching,SurfaceCode,25,1,5,HBD_noise,0.001,500.0,results/brute_force/used_SC5_HBD/results/sweep_139.csv
1538116881,3233023233302222333002003,94107,99905895,51109,213,42784,99905894,100000000,pymatching,SurfaceCode,25,1,5,HBD_noise,0.001,500.0,results/brute_force/used_SC5_HBD/results/sweep_139.csv
1485175611,0303232322303300032333320,66942,99933060,37029,103,29809,99933059,100000000,pymatching,SurfaceCode,25,1,5,HBD_noise,0.001,500.0,results/brute_force/used_SC5_HBD/results/sweep_139.csv
96876938,0303230203320223030222322,65551,99934451,30894,111,34545,99934450,100000000,pymatching,SurfaceCode,25,1,5,HBD_noise,0.001,500.0,results/brute_force/used_SC5_HBD/results/sweep_139.csv
646636457,3203020032330230230003030,64526,99935476,30228,118,34179,99935475,100000000,pymatching,SurfaceCode,25,1,5,HBD_noise,0.001,500.0,results/brute_force/used_SC5_HBD/results/sweep_139.csv
2004942637,3332000202330323000000233,60320,99939682,27354,95,32870,99939681,100000000,pymatching,SurfaceCode,25,1,5,HBD_noise,0.001,500.0,results/brute_force/used_SC5_HBD/results/sweep_139.csv
1962677352,2023330003033030030303320,58035,99941967,28116,82,29836,99941966,100000000,pymatching,SurfaceCode,25,1,5,HBD_noise,0.001,500.0,results/brute_force/used_SC5_HBD/results/sweep_139.csv
136542587,2200020303232303030230022,55403,99944599,27012,95,28295,99944598,100000000,pymatching,SurfaceCode,25,1,5,HBD_noise,0.001,500.0,results/brute_force/used_SC5_HBD/results/sweep_139.csv
1057936052,0303300230030320030303302,52884,99947118,25419,80,27384,99947117,100000000,pymatching,SurfaceCode,25,1,5,HBD_noise,0.001,500.0,results/brute_force/used_SC5_HBD/results/sweep_139.csv
884364246,2303332303030023000303200,51733,99948269,24912,77,26743,99948268,100000000,pymatching,SurfaceCode,25,1,5,HBD_noise,0.001,500.0,results/brute_force/used_SC5_HBD/results/sweep_139.csv
642680109,0003320323030332032200030,52551,99947451,25829,79,26642,99947450,100000000,pymatching,SurfaceCode,25,1,5,HBD_noise,0.001,500.0,results/brute_force/used_SC5_HBD/results/sweep_24.csv
960195377,0003330333030333332200030,50006,99949996,26986,67,22952,99949995,100000000,pymatching,SurfaceCode,25,1,5,HBD_noise,0.001,500.0,results/brute_force/used_SC5_HBD/results/sweep_24.csv
1266558246,0303330303030333332200030,46187,99953815,24843,56,21287,99953814,100000000,pymatching,SurfaceCode,25,1,5,HBD_noise,0.001,500.0,results/brute_force/used_SC5_HBD/results/sweep_24.csv
1927499798,0303230303030333030200030,40406,99959596,19636,55,20714,99959595,100000000,pymatching,SurfaceCode,25,1,5,HBD_noise,0.001,500.0,results/brute_force/used_SC5_HBD/results/sweep_24.csv
769194202,3300332023020322230000003,68393,99931609,33037,163,35192,99931608,100000000,pymatching,SurfaceCode,25,1,5,HBD_noise,0.001,500.0,results/brute_force/used_SC5_HBD/results/sweep_24.csv
1875672044,3300333023020302232000003,69460,99930542,34697,116,34646,99930541,100000000,pymatching,SurfaceCode,25,1,5,HBD_noise,0.001,500.0,results/brute_force/used_SC5_HBD/results/sweep_24.csv
1634519615,3300030003020322230003003,55482,99944520,24985,101,30395,99944519,100000000,pymatching,SurfaceCode,25,1,5,HBD_noise,0.001,500.0,results/brute_force/used_SC5_HBD/results/sweep_24.csv
837356904,3300030003030320230003023,51006,99948996,23431,68,27506,99948995,100000000,pymatching,SurfaceCode,25,1,5,HBD_noise,0.001,500.0,results/brute_force/used_SC5_HBD/results/sweep_24.csv
2060753447,3300030303030320230303023,46098,99953904,23029,70,22998,99953903,100000000,pymatching,SurfaceCode,25,1,5,HBD_noise,0.001,500.0,results/brute_force/used_SC5_HBD/results/sweep_24.csv
1698276962,3300030303030322230300023,48052,99951950,23961,47,24043,99951949,100000000,pymatching,SurfaceCode,25,1,5,HBD_noise,0.001,500.0,results/brute_force/used_SC5_HBD/results/sweep_24.csv
752975121,2003220323000320023003220,65851,99934151,28631,113,37106,99934150,100000000,pymatching,SurfaceCode,25,1,5,HBD_noise,0.001,500.0,results/brute_force/used_SC5_HBD/results/sweep_145.csv
259175951,0030223320330302000300332,63288,99936714,31280,99,31908,99936713,100000000,pymatching,SurfaceCode,25,1,5,HBD_noise,0.001,500.0,results/brute_force/used_SC5_HBD/results/sweep_145.csv
2137792534,0230233333230000030302220,60079,99939923,30167,111,29800,99939922,100000000,pymatching,SurfaceCode,25,1,5,HBD_noise,0.001,500.0,results/brute_force/used_SC5_HBD/results/sweep_145.csv
763949650,2303020303232030230303320,59067,99940935,30467,74,28525,99940934,100000000,pymatching,SurfaceCode,25,1,5,HBD_noise,0.001,500.0,results/brute_force/used_SC5_HBD/results/sweep_145.csv
616785362,0003030300020300332023320,57769,99942233,27918,88,29762,99942232,100000000,pymatching,SurfaceCode,25,1,5,HBD_noise,0.001,500.0,results/brute_force/used_SC5_HBD/results/sweep_145.csv
380505582,2323323303230303002333030,53383,99946619,28742,83,24557,99946618,100000000,pymatching,SurfaceCode,25,1,5,HBD_noise,0.001,500.0,results/brute_force/used_SC5_HBD/results/sweep_145.csv
513906280,0303033300230300020300220,50362,99949640,23531,70,26760,99949639,100000000,pymatching,SurfaceCode,25,1,5,HBD_noise,0.001,500.0,results/brute_force/used_SC5_HBD/results/sweep_145.csv
1098993632,2023002303030302030300300,51186,99948816,24430,73,26682,99948815,100000000,pymatching,SurfaceCode,25,1,5,HBD_noise,0.001,500.0,results/brute_force/used_SC5_HBD/results/sweep_145.csv
2061278685,0303200302230333300323030,50060,99949942,24980,62,25017,99949941,100000000,pymatching,SurfaceCode,25,1,5,HBD_noise,0.001,500.0,results/brute_force/used_SC5_HBD/results/sweep_145.csv
85551753,0002303303030330030233033,49664,99950338,24820,60,24783,99950337,100000000,pymatching,SurfaceCode,25,1,5,HBD_noise,0.001,500.0,results/brute_force/used_SC5_HBD/results/sweep_145.csv
1034749575,3230000303003023232003020,68477,99931525,32451,133,35892,99931524,100000000,pymatching,SurfaceCode,25,1,5,HBD_noise,0.001,500.0,results/brute_force/used_SC5_HBD/results/sweep_89.csv
521448272,3230000303003023232003000,67862,99932140,32158,120,35583,99932139,100000000,pymatching,SurfaceCode,25,1,5,HBD_noise,0.001,500.0,results/brute_force/used_SC5_HBD/results/sweep_89.csv
823669220,2300023330220300333322030,66596,99933406,34742,105,31748,99933405,100000000,pymatching,SurfaceCode,25,1,5,HBD_noise,0.001,500.0,results/brute_force/used_SC5_HBD/results/sweep_89.csv
1732952730,0300320330220300330323030,56505,99943497,27472,84,28948,99943496,100000000,pymatching,SurfaceCode,25,1,5,HBD_noise,0.001,500.0,results/brute_force/used_SC5_HBD/results/sweep_89.csv
1704269359,0300320330220300330323033,57416,99942586,28409,84,28922,99942585,100000000,pymatching,SurfaceCode,25,1,5,HBD_noise,0.001,500.0,results/brute_force/used_SC5_HBD/results/sweep_89.csv
1039550064,0300320330320300330323030,56114,99943888,27466,73,28574,99943887,100000000,pymatching,SurfaceCode,25,1,5,HBD_noise,0.001,500.0,results/brute_force/used_SC5_HBD/results/sweep_89.csv
522249657,0300320333330300330323030,48828,99951174,25544,65,23218,99951173,100000000,pymatching,SurfaceCode,25,1,5,HBD_noise,0.001,500.0,results/brute_force/used_SC5_HBD/results/sweep_89.csv
1291973748,0300320303330300330303030,44858,99955144,22570,49,22238,99955143,100000000,pymatching,SurfaceCode,25,1,5,HBD_noise,0.001,500.0,results/brute_force/used_SC5_HBD/results/sweep_89.csv
119585398,0300320303030300030303030,40647,99959355,18914,56,21676,99959354,100000000,pymatching,SurfaceCode,25,1,5,HBD_noise,0.001,500.0,results/brute_force/used_SC5_HBD/results/sweep_89.csv
1137321622,2200000022330333320302333,66309,99933693,32845,112,33351,99933692,100000000,pymatching,SurfaceCode,25,1,5,HBD_noise,0.001,500.0,results/brute_force/used_SC5_HBD/results/sweep_89.csv
1713184364,3033030303030303030003233,42747,99957255,21909,58,20779,99957254,100000000,pymatching,SurfaceCode,25,1,5,HBD_noise,0.001,500.0,results/brute_force/used_SC5_HBD/results/sweep_58.csv
373048937,0033030303030303030003033,39741,99960261,19476,50,20214,99960260,100000000,pymatching,SurfaceCode,25,1,5,HBD_noise,0.001,500.0,results/brute_force/used_SC5_HBD/results/sweep_58.csv
2143790409,0333030303030303030003030,38015,99961987,18877,51,19086,99961986,100000000,pymatching,SurfaceCode,25,1,5,HBD_noise,0.001,500.0,results/brute_force/used_SC5_HBD/results/sweep_58.csv
1056908991,0303030303030303030003030,36510,99963492,17475,37,18997,99963491,100000000,pymatching,SurfaceCode,25,1,5,HBD_noise,0.001,500.0,results/brute_force/used_SC5_HBD/results/sweep_58.csv
12874883,0032230333200320230002030,61269,99938733,30031,84,31153,99938732,100000000,pymatching,SurfaceCode,25,1,5,HBD_noise,0.001,500.0,results/brute_force/used_SC5_HBD/results/sweep_58.csv
1316935313,0032230333230320230002030,57260,99942742,29364,86,27809,99942741,100000000,pymatching,SurfaceCode,25,1,5,HBD_noise,0.001,500.0,results/brute_force/used_SC5_HBD/results/sweep_58.csv
990072488,0032200333230300230302030,55050,99944952,27573,87,27389,99944951,100000000,pymatching,SurfaceCode,25,1,5,HBD_noise,0.001,500.0,results/brute_force/used_SC5_HBD/results/sweep_58.csv
764424721,0032030333230320230003030,52633,99947369,27412,76,25144,99947368,100000000,pymatching,SurfaceCode,25,1,5,HBD_noise,0.001,500.0,results/brute_force/used_SC5_HBD/results/sweep_58.csv
1874597610,0032030333230320230203030,53315,99946687,27902,82,25330,99946686,100000000,pymatching,SurfaceCode,25,1,5,HBD_noise,0.001,500.0,results/brute_force/used_SC5_HBD/results/sweep_58.csv
392404918,0032030333330330230203030,52557,99947445,27957,84,24515,99947444,100000000,pymatching,SurfaceCode,25,1,5,HBD_noise,0.001,500.0,results/brute_force/used_SC5_HBD/results/sweep_58.csv
1513546421,0303302322232300000300303,65724,99934278,32955,115,32653,99934277,100000000,pymatching,SurfaceCode,25,1,5,HBD_noise,0.001,500.0,results/brute_force/used_SC5_HBD/results/sweep_142.csv
557224828,0222033332030302000332222,63734,99936268,32526,97,31110,99936267,100000000,pymatching,SurfaceCode,25,1,5,HBD_noise,0.001,500.0,results/brute_force/used_SC5_HBD/results/sweep_142.csv
2137400298,3303030303033033222000003,62808,99937194,32318,97,30392,99937193,100000000,pymatching,SurfaceCode,25,1,5,HBD_noise,0.001,500.0,results/brute_force/used_SC5_HBD/results/sweep_142.csv
983614877,3323000003332000030030030,60047,99939955,26464,98,33484,99939954,100000000,pymatching,SurfaceCode,25,1,5,HBD_noise,0.001,500.0,results/brute_force/used_SC5_HBD/results/sweep_142.csv
2029157084,3322330320030303333233230,58945,99941057,33165,85,25694,99941056,100000000,pymatching,SurfaceCode,25,1,5,HBD_noise,0.001,500.0,results/brute_force/used_SC5_HBD/results/sweep_142.csv
2037378360,2322220303330303023203320,58611,99941391,29942,71,28597,99941390,100000000,pymatching,SurfaceCode,25,1,5,HBD_noise,0.001,500.0,results/brute_force/used_SC5_HBD/results/sweep_142.csv
551415399,0323032323330000330333022,57871,99942131,30318,74,27478,99942130,100000000,pymatching,SurfaceCode,25,1,5,HBD_noise,0.001,500.0,results/brute_force/used_SC5_HBD/results/sweep_142.csv
1159348710,0320330300230333332003230,55835,99944167,30143,84,25607,99944166,100000000,pymatching,SurfaceCode,25,1,5,HBD_noise,0.001,500.0,results/brute_force/used_SC5_HBD/results/sweep_142.csv
1091626426,3300200332330300330233030,54319,99945683,27758,84,26476,99945682,100000000,pymatching,SurfaceCode,25,1,5,HBD_noise,0.001,500.0,results/brute_force/used_SC5_HBD/results/sweep_142.csv
1513046736,2303030303033300033302333,49309,99950693,27949,61,21298,99950692,100000000,pymatching,SurfaceCode,25,1,5,HBD_noise,0.001,500.0,results/brute_force/used_SC5_HBD/results/sweep_142.csv
1762001489,2303030303030303030300030,37074,99962928,18113,45,18915,99962927,100000000,pymatching,SurfaceCode,25,1,5,HBD_noise,0.001,500.0,results/brute_force/used_SC5_HBD/results/sweep_23.csv
414443652,2303030303030303030303033,36886,99963116,18709,43,18133,99963115,100000000,pymatching,SurfaceCode,25,1,5,HBD_noise,0.001,500.0,results/brute_force/used_SC5_HBD/results/sweep_23.csv
1531064919,2322000332303330333220000,76129,99923873,40311,136,35681,99923872,100000000,pymatching,SurfaceCode,25,1,5,HBD_noise,0.001,500.0,results/brute_force/used_SC5_HBD/results/sweep_23.csv
1756494455,3303320323022232032233230,73355,99926647,38768,147,34439,99926646,100000000,pymatching,SurfaceCode,25,1,5,HBD_noise,0.001,500.0,results/brute_force/used_SC5_HBD/results/sweep_23.csv
421261545,3303320323030232032230230,61807,99938195,30972,118,30716,99938194,100000000,pymatching,SurfaceCode,25,1,5,HBD_noise,0.001,500.0,results/brute_force/used_SC5_HBD/results/sweep_23.csv
1726458176,3003320323030232032230230,63634,99936368,31063,115,32455,99936367,100000000,pymatching,SurfaceCode,25,1,5,HBD_noise,0.001,500.0,results/brute_force/used_SC5_HBD/results/sweep_23.csv
35773253,3003330323030232032230200,62613,99937389,30818,101,31693,99937388,100000000,pymatching,SurfaceCode,25,1,5,HBD_noise,0.001,500.0,results/brute_force/used_SC5_HBD/results/sweep_23.csv
2086487779,0003320323030332032230230,56340,99943662,28537,81,27721,99943661,100000000,pymatching,SurfaceCode,25,1,5,HBD_noise,0.001,500.0,results/brute_force/used_SC5_HBD/results/sweep_23.csv
389090239,0003320323030332032200230,54995,99945007,27240,99,27655,99945006,100000000,pymatching,SurfaceCode,25,1,5,HBD_noise,0.001,500.0,results/brute_force/used_SC5_HBD/results/sweep_23.csv
31877597,0003300333030332032230230,54358,99945644,27664,87,26606,99945643,100000000,pymatching,SurfaceCode,25,1,5,HBD_noise,0.001,500.0,results/brute_force/used_SC5_HBD/results/sweep_23.csv
1453673936,2000023322330333002303020,63196,99936806,31848,97,31250,99936805,100000000,pymatching,SurfaceCode,25,1,5,HBD_noise,0.001,500.0,results/brute_force/used_SC5_HBD/results/sweep_80.csv
1830549640,2000020302330330002303020,55779,99944223,24706,76,30996,99944222,100000000,pymatching,SurfaceCode,25,1,5,HBD_noise,0.001,500.0,results/brute_force/used_SC5_HBD/results/sweep_80.csv
371714816,2000020303330330002303020,52830,99947172,23789,83,28957,99947171,100000000,pymatching,SurfaceCode,25,1,5,HBD_noise,0.001,500.0,results/brute_force/used_SC5_HBD/results/sweep_80.csv
968649481,2000020302330300002303000,54194,99945808,23213,72,30908,99945807,100000000,pymatching,SurfaceCode,25,1,5,HBD_noise,0.001,500.0,results/brute_force/used_SC5_HBD/results/sweep_80.csv
445629715,2000020302030300002303000,52535,99947467,21792,74,30668,99947466,100000000,pymatching,SurfaceCode,25,1,5,HBD_noise,0.001,500.0,results/brute_force/used_SC5_HBD/results/sweep_80.csv
1310446706,2000020303330330032303020,49156,99950846,23369,70,25716,99950845,100000000,pymatching,SurfaceCode,25,1,5,HBD_noise,0.001,500.0,results/brute_force/used_SC5_HBD/results/sweep_80.csv
1140303246,2000030303330330032303000,46912,99953090,23102,73,23736,99953089,100000000,pymatching,SurfaceCode,25,1,5,HBD_noise,0.001,500.0,results/brute_force/used_SC5_HBD/results/sweep_80.csv
125311806,2000020303330330030333020,47210,99952792,22315,66,24828,99952791,100000000,pymatching,SurfaceCode,25,1,5,HBD_noise,0.001,500.0,results/brute_force/used_SC5_HBD/results/sweep_80.csv
1470644437,2000030303030330032303020,45298,99954704,21765,64,23468,99954703,100000000,pymatching,SurfaceCode,25,1,5,HBD_noise,0.001,500.0,results/brute_force/used_SC5_HBD/results/sweep_80.csv
1784569014,2300030303030320030303030,40336,99959666,19429,49,20857,99959665,100000000,pymatching,SurfaceCode,25,1,5,HBD_noise,0.001,500.0,results/brute_force/used_SC5_HBD/results/sweep_80.csv
1674345329,3300000300020300030333003,49659,99950343,21445,70,28143,99950342,100000000,pymatching,SurfaceCode,25,1,5,HBD_noise,0.001,500.0,results/brute_force/used_SC5_HBD/results/sweep_51.csv
241158149,0300000300020300030333000,47890,99952112,20242,68,27579,99952111,100000000,pymatching,SurfaceCode,25,1,5,HBD_noise,0.001,500.0,results/brute_force/used_SC5_HBD/results/sweep_51.csv
1025043607,3303300303030300030333003,42956,99957046,20709,29,22217,99957045,100000000,pymatching,SurfaceCode,25,1,5,HBD_noise,0.001,500.0,results/brute_force/used_SC5_HBD/results/sweep_51.csv
1405298432,3303330303030300030333003,40878,99959124,20748,44,20085,99959123,100000000,pymatching,SurfaceCode,25,1,5,HBD_noise,0.001,500.0,results/brute_force/used_SC5_HBD/results/sweep_51.csv
2024282333,3303330303030300030333023,41435,99958567,20949,49,20436,99958566,100000000,pymatching,SurfaceCode,25,1,5,HBD_noise,0.001,500.0,results/brute_force/used_SC5_HBD/results/sweep_51.csv
1394734479,0303330303030300030333033,39058,99960944,19732,56,19269,99960943,100000000,pymatching,SurfaceCode,25,1,5,HBD_noise,0.001,500.0,results/brute_force/used_SC5_HBD/results/sweep_51.csv
1923510240,0303030303030300030333030,37275,99962727,18327,37,18910,99962726,100000000,pymatching,SurfaceCode,25,1,5,HBD_noise,0.001,500.0,results/brute_force/used_SC5_HBD/results/sweep_51.csv
1628010921,0303030303030300030323030,37730,99962272,18182,47,19500,99962271,100000000,pymatching,SurfaceCode,25,1,5,HBD_noise,0.001,500.0,results/brute_force/used_SC5_HBD/results/sweep_51.csv
2123363410,0303030303030333030303033,37289,99962713,19253,46,17989,99962712,100000000,pymatching,SurfaceCode,25,1,5,HBD_noise,0.001,500.0,results/brute_force/used_SC5_HBD/results/sweep_51.csv
507506268,0303323002330200030332022,59817,99940185,28084,101,31631,99940184,100000000,pymatching,SurfaceCode,25,1,5,HBD_noise,0.001,500.0,results/brute_force/used_SC5_HBD/results/sweep_51.csv
732770542,3003030302030030033302032,50867,99949135,24272,61,26533,99949134,100000000,pymatching,SurfaceCode,25,1,5,HBD_noise,0.001,500.0,results/brute_force/used_SC5_HBD/results/sweep_130.csv
165553780,0303330020230320030303000,50808,99949194,23670,57,27080,99949193,100000000,pymatching,SurfaceCode,25,1,5,HBD_noise,0.001,500.0,results/brute_force/used_SC5_HBD/results/sweep_130.csv
610045044,3023320303030302033303030,46475,99953527,23882,51,22541,99953526,100000000,pymatching,SurfaceCode,25,1,5,HBD_noise,0.001,500.0,results/brute_force/used_SC5_HBD/results/sweep_130.csv
700308205,0300033303330303030333022,43653,99956349,22960,46,20646,99956348,100000000,pymatching,SurfaceCode,25,1,5,HBD_noise,0.001,500.0,results/brute_force/used_SC5_HBD/results/sweep_130.csv
985424653,0320033230202033020333203,80942,99919060,39277,170,41494,99919059,100000000,pymatching,SurfaceCode,25,1,5,HBD_noise,0.001,500.0,results/brute_force/used_SC5_HBD/results/sweep_130.csv
517091019,0303302223222320230230330,79413,99920589,40893,181,38338,99920588,100000000,pymatching,SurfaceCode,25,1,5,HBD_noise,0.001,500.0,results/brute_force/used_SC5_HBD/results/sweep_130.csv
529521130,2332330220000003303030030,74098,99925904,33810,135,40152,99925903,100000000,pymatching,SurfaceCode,25,1,5,HBD_noise,0.001,500.0,results/brute_force/used_SC5_HBD/results/sweep_130.csv
961451879,2330302003330330300222300,71061,99928941,35256,111,35693,99928940,100000000,pymatching,SurfaceCode,25,1,5,HBD_noise,0.001,500.0,results/brute_force/used_SC5_HBD/results/sweep_130.csv
649949127,3020320323220302000000023,69727,99930275,30132,112,39482,99930274,100000000,pymatching,SurfaceCode,25,1,5,HBD_noise,0.001,500.0,results/brute_force/used_SC5_HBD/results/sweep_130.csv
866401673,0202330202330303302032000,65531,99934471,30867,100,34563,99934470,100000000,pymatching,SurfaceCode,25,1,5,HBD_noise,0.001,500.0,results/brute_force/used_SC5_HBD/results/sweep_130.csv
1261658578,3333332302030303033220033,53327,99946675,29842,68,23416,99946674,100000000,pymatching,SurfaceCode,25,1,5,HBD_noise,0.001,500.0,results/brute_force/used_SC5_HBD/results/sweep_137.csv
1854312243,0202002303030332230320030,54065,99945937,25969,82,28013,99945936,100000000,pymatching,SurfaceCode,25,1,5,HBD_noise,0.001,500.0,results/brute_force/used_SC5_HBD/results/sweep_137.csv
800514416,3332330332030320030323020,53000,99947002,28506,67,24426,99947001,100000000,pymatching,SurfaceCode,25,1,5,HBD_noise,0.001,500.0,results/brute_force/used_SC5_HBD/results/sweep_137.csv
2065202804,2330000303330303033202232,52490,99947512,27710,85,24694,99947511,100000000,pymatching,SurfaceCode,25,1,5,HBD_noise,0.001,500.0,results/brute_force/used_SC5_HBD/results/sweep_137.csv
1475542527,0322030000230323030333000,49563,99950439,23312,77,26173,99950438,100000000,pymatching,SurfaceCode,25,1,5,HBD_noise,0.001,500.0,results/brute_force/used_SC5_HBD/results/sweep_137.csv
883460369,3302033002330333030303032,48883,99951119,25587,64,23231,99951118,100000000,pymatching,SurfaceCode,25,1,5,HBD_noise,0.001,500.0,results/brute_force/used_SC5_HBD/results/sweep_137.csv
1354154256,2220030303230303030230033,47739,99952263,23899,65,23774,99952262,100000000,pymatching,SurfaceCode,25,1,5,HBD_noise,0.001,500.0,results/brute_force/used_SC5_HBD/results/sweep_137.csv
1491064986,0203330333030203030302023,48041,99951961,23308,66,24666,99951960,100000000,pymatching,SurfaceCode,25,1,5,HBD_noise,0.001,500.0,results/brute_force/used_SC5_HBD/results/sweep_137.csv
826686509,0302232033233320320320033,70446,99929556,38507,119,31819,99929555,100000000,pymatching,SurfaceCode,25,1,5,HBD_noise,0.001,500.0,results/brute_force/used_SC5_HBD/results/sweep_137.csv
1971708511,3322332220030300330303332,62989,99937013,34931,114,27943,99937012,100000000,pymatching,SurfaceCode,25,1,5,HBD_noise,0.001,500.0,results/brute_force/used_SC5_HBD/results/sweep_137.csv
321288228,0230030320033333030333002,53967,99946035,29000,80,24886,99946034,100000000,pymatching,SurfaceCode,25,1,5,HBD_noise,0.001,500.0,results/brute_force/used_SC5_HBD/results/sweep_87.csv
752296853,0230030323033333030323002,52937,99947065,28802,75,24059,99947064,100000000,pymatching,SurfaceCode,25,1,5,HBD_noise,0.001,500.0,results/brute_force/used_SC5_HBD/results/sweep_87.csv
22037843,3233030303033333030323002,48026,99951976,27022,71,20932,99951975,100000000,pymatching,SurfaceCode,25,1,5,HBD_noise,0.001,500.0,results/brute_force/used_SC5_HBD/results/sweep_87.csv
1741008664,3203030303030330030323002,43587,99956415,21322,46,22218,99956414,100000000,pymatching,SurfaceCode,25,1,5,HBD_noise,0.001,500.0,results/brute_force/used_SC5_HBD/results/sweep_87.csv
1213836917,3303030303030300030330032,40463,99959539,19894,48,20520,99959538,100000000,pymatching,SurfaceCode,25,1,5,HBD_noise,0.001,500.0,results/brute_force/used_SC5_HBD/results/sweep_87.csv
702701397,0303030300030303030300032,38772,99961230,18629,43,20099,99961229,100000000,pymatching,SurfaceCode,25,1,5,HBD_noise,0.001,500.0,results/brute_force/used_SC5_HBD/results/sweep_87.csv
64333170,0303230303030303030300032,38570,99961432,18811,50,19708,99961431,100000000,pymatching,SurfaceCode,25,1,5,HBD_noise,0.001,500.0,results/brute_force/used_SC5_HBD/results/sweep_87.csv
1048775922,3023002303300003333202320,69188,99930814,33994,130,35063,99930813,100000000,pymatching,SurfaceCode,25,1,5,HBD_noise,0.001,500.0,results/brute_force/used_SC5_HBD/results/sweep_87.csv
931346743,0332002322230233230332022,69434,99930568,36595,128,32710,99930567,100000000,pymatching,SurfaceCode,25,1,5,HBD_noise,0.001,500.0,results/brute_force/used_SC5_HBD/results/sweep_87.csv
426527361,0333002322230233030330003,60904,99939098,31826,110,28967,99939097,100000000,pymatching,SurfaceCode,25,1,5,HBD_noise,0.001,500.0,results/brute_force/used_SC5_HBD/results/sweep_87.csv
1609150213,2022023302332332000003020,68423,99931579,33822,108,34492,99931578,100000000,pymatching,SurfaceCode,25,1,5,HBD_noise,0.001,500.0,results/brute_force/used_SC5_HBD/results/sweep_56.csv
1642291424,2022033302332332000003020,65028,99934974,32744,110,32173,99934973,100000000,pymatching,SurfaceCode,25,1,5,HBD_noise,0.001,500.0,results/brute_force/used_SC5_HBD/results/sweep_56.csv
2105575188,2023033302332333000003023,61046,99938956,32327,100,28618,99938955,100000000,pymatching,SurfaceCode,25,1,5,HBD_noise,0.001,500.0,results/brute_force/used_SC5_HBD/results/sweep_56.csv
1991328219,2003033303332302000003020,55123,99944879,27164,72,27886,99944878,100000000,pymatching,SurfaceCode,25,1,5,HBD_noise,0.001,500.0,results/brute_force/used_SC5_HBD/results/sweep_56.csv
650544209,2003033303333302000023020,55850,99944152,28423,74,27352,99944151,100000000,pymatching,SurfaceCode,25,1,5,HBD_noise,0.001,500.0,results/brute_force/used_SC5_HBD/results/sweep_56.csv
874075042,2003330303332302000003020,53359,99946643,25262,80,28016,99946642,100000000,pymatching,SurfaceCode,25,1,5,HBD_noise,0.001,500.0,results/brute_force/used_SC5_HBD/results/sweep_56.csv
865139426,2303330303030302000003020,44069,99955933,20101,64,23903,99955932,100000000,pymatching,SurfaceCode,25,1,5,HBD_noise,0.001,500.0,results/brute_force/used_SC5_HBD/results/sweep_56.csv
1622927812,0303330303030302000003020,43300,99956702,19262,45,23992,99956701,100000000,pymatching,SurfaceCode,25,1,5,HBD_noise,0.001,500.0,results/brute_force/used_SC5_HBD/results/sweep_56.csv
1036059956,0303330303030300000203020,42814,99957188,19073,48,23692,99957187,100000000,pymatching,SurfaceCode,25,1,5,HBD_noise,0.001,500.0,results/brute_force/used_SC5_HBD/results/sweep_56.csv
495765348,0303330303030303000203030,40721,99959281,19079,50,21591,99959280,100000000,pymatching,SurfaceCode,25,1,5,HBD_noise,0.001,500.0,results/brute_force/used_SC5_HBD/results/sweep_56.csv
1250892224,2003030302233320030303320,52050,99947952,26801,67,25181,99947951,100000000,pymatching,SurfaceCode,25,1,5,HBD_noise,0.001,500.0,results/brute_force/used_SC5_HBD/results/sweep_102.csv
408176684,0332233300030302030303002,48762,99951240,24916,60,23785,99951239,100000000,pymatching,SurfaceCode,25,1,5,HBD_noise,0.001,500.0,results/brute_force/used_SC5_HBD/results/sweep_102.csv
1737391499,2333000302330303030203332,46774,99953228,23943,63,22767,99953227,100000000,pymatching,SurfaceCode,25,1,5,HBD_noise,0.001,500.0,results/brute_force/used_SC5_HBD/results/sweep_102.csv
1427844137,0003330002003222233002300,77294,99922708,35851,158,41284,99922707,100000000,pymatching,SurfaceCode,25,1,5,HBD_noise,0.001,500.0,results/brute_force/used_SC5_HBD/results/sweep_102.csv
1110064481,0000023302030303033223220,55880,99944122,28033,73,27773,99944121,100000000,pymatching,SurfaceCode,25,1,5,HBD_noise,0.001,500.0,results/brute_force/used_SC5_HBD/results/sweep_102.csv
426476922,0300000323230333032033303,55634,99944368,29156,74,26403,99944367,100000000,pymatching,SurfaceCode,25,1,5,HBD_noise,0.001,500.0,results/brute_force/used_SC5_HBD/results/sweep_102.csv
776371616,0333020033032300230303030,54338,99945664,27542,75,26720,99945663,100000000,pymatching,SurfaceCode,25,1,5,HBD_noise,0.001,500.0,results/brute_force/used_SC5_HBD/results/sweep_102.csv
205067467,2003030302030303022203222,53909,99946093,25513,71,28324,99946092,100000000,pymatching,SurfaceCode,25,1,5,HBD_noise,0.001,500.0,results/brute_force/used_SC5_HBD/results/sweep_102.csv
1026100126,0003230303030330033232222,54179,99945823,28043,71,26064,99945822,100000000,pymatching,SurfaceCode,25,1,5,HBD_noise,0.001,500.0,results/brute_force/used_SC5_HBD/results/sweep_102.csv
763407272,3222233333030300030003030,53252,99946750,29168,71,24012,99946749,100000000,pymatching,SurfaceCode,25,1,5,HBD_noise,0.001,500.0,results/brute_force/used_SC5_HBD/results/sweep_102.csv
113083442,0303000003030303030303030,38840,99961162,17436,56,21347,99961161,100000000,pymatching,SurfaceCode,25,1,5,HBD_noise,0.001,500.0,results/brute_force/used_SC5_HBD/results/sweep_63.csv
420409357,0033330330030320000002023,56206,99943796,26067,71,30067,99943795,100000000,pymatching,SurfaceCode,25,1,5,HBD_noise,0.001,500.0,results/brute_force/used_SC5_HBD/results/sweep_63.csv
1976966248,2033330333030320030002003,51333,99948669,26296,65,24971,99948668,100000000,pymatching,SurfaceCode,25,1,5,HBD_noise,0.001,500.0,results/brute_force/used_SC5_HBD/results/sweep_63.csv
1658192195,2033330333030320030002023,52204,99947798,26885,80,25238,99947797,100000000,pymatching,SurfaceCode,25,1,5,HBD_noise,0.001,500.0,results/brute_force/used_SC5_HBD/results/sweep_63.csv
1180967817,0033330333030320030002023,50537,99949465,25505,66,24965,99949464,100000000,pymatching,SurfaceCode,25,1,5,HBD_noise,0.001,500.0,results/brute_force/used_SC5_HBD/results/sweep_63.csv
145198811,0033330333030320030002003,49991,99950011,25215,58,24717,99950010,100000000,pymatching,SurfaceCode,25,1,5,HBD_noise,0.001,500.0,results/brute_force/used_SC5_HBD/results/sweep_63.csv
1660361136,0003300333030320030000023,49272,99950730,22982,71,26218,99950729,100000000,pymatching,SurfaceCode,25,1,5,HBD_noise,0.001,500.0,results/brute_force/used_SC5_HBD/results/sweep_63.csv
968804329,0003330333030320030000023,47552,99952450,22709,63,24779,99952449,100000000,pymatching,SurfaceCode,25,1,5,HBD_noise,0.001,500.0,results/brute_force/used_SC5_HBD/results/sweep_63.csv
300631821,0003330333030320030200023,47679,99952323,23082,59,24537,99952322,100000000,pymatching,SurfaceCode,25,1,5,HBD_noise,0.001,500.0,results/brute_force/used_SC5_HBD/results/sweep_63.csv
1194519695,0003330333030320030200003,47461,99952541,22654,77,24729,99952540,100000000,pymatching,SurfaceCode,25,1,5,HBD_noise,0.001,500.0,results/brute_force/used_SC5_HBD/results/sweep_63.csv
1162448833,0303330333030320030200032,45100,99954902,22614,59,22426,99954901,100000000,pymatching,SurfaceCode,25,1,5,HBD_noise,0.001,500.0,results/brute_force/used_SC5_HBD/results/sweep_64.csv
271063601,0303030303030320030300030,38898,99961104,18477,59,20361,99961103,100000000,pymatching,SurfaceCode,25,1,5,HBD_noise,0.001,500.0,results/brute_force/used_SC5_HBD/results/sweep_64.csv
297021373,0303330303030323030300030,38460,99961542,19325,52,19082,99961541,100000000,pymatching,SurfaceCode,25,1,5,HBD_noise,0.001,500.0,results/brute_force/used_SC5_HBD/results/sweep_64.csv
182915962,0330300303332302300030300,63766,99936236,32159,99,31507,99936235,100000000,pymatching,SurfaceCode,25,1,5,HBD_noise,0.001,500.0,results/brute_force/used_SC5_HBD/results/sweep_64.csv
2040628045,0303300303330303300030300,52137,99947865,25883,73,26180,99947864,100000000,pymatching,SurfaceCode,25,1,5,HBD_noise,0.001,500.0,results/brute_force/used_SC5_HBD/results/sweep_64.csv
1274697393,0303300303030303300030300,50641,99949361,24412,66,26162,99949360,100000000,pymatching,SurfaceCode,25,1,5,HBD_noise,0.001,500.0,results/brute_force/used_SC5_HBD/results/sweep_64.csv
81922523,0303000303030303300030300,49168,99950834,23254,63,25850,99950833,100000000,pymatching,SurfaceCode,25,1,5,HBD_noise,0.001,500.0,results/brute_force/used_SC5_HBD/results/sweep_64.csv
1226964173,2303000303030303300030300,50652,99949350,24033,68,26550,99949349,100000000,pymatching,SurfaceCode,25,1,5,HBD_noise,0.001,500.0,results/brute_force/used_SC5_HBD/results/sweep_64.csv
775244291,0003000303030303330030300,47445,99952557,22884,54,24506,99952556,100000000,pymatching,SurfaceCode,25,1,5,HBD_noise,0.001,500.0,results/brute_force/used_SC5_HBD/results/sweep_64.csv
750239079,0303000303030303330030300,46054,99953948,22902,49,23102,99953947,100000000,pymatching,SurfaceCode,25,1,5,HBD_noise,0.001,500.0,results/brute_force/used_SC5_HBD/results/sweep_64.csv
2043510025,0303300333030223030330003,50276,99949726,24880,72,25323,99949725,100000000,pymatching,SurfaceCode,25,1,5,HBD_noise,0.001,500.0,results/brute_force/used_SC5_HBD/results/sweep_18.csv
1986071248,0303300333030223030330033,48602,99951400,24438,73,24090,99951399,100000000,pymatching,SurfaceCode,25,1,5,HBD_noise,0.001,500.0,results/brute_force/used_SC5_HBD/results/sweep_18.csv
1659375566,0202300333030323030333030,45861,99954141,23916,60,21884,99954140,100000000,pymatching,SurfaceCode,25,1,5,HBD_noise,0.001,500.0,results/brute_force/used_SC5_HBD/results/sweep_18.csv
1814463796,0000330303030333030033033,42981,99957021,21254,56,21670,99957020,100000000,pymatching,SurfaceCode,25,1,5,HBD_noise,0.001,500.0,results/brute_force/used_SC5_HBD/results/sweep_18.csv
1463710941,0300330303030303030303033,38530,99961472,19219,49,19261,99961471,100000000,pymatching,SurfaceCode,25,1,5,HBD_noise,0.001,500.0,results/brute_force/used_SC5_HBD/results/sweep_18.csv
1831937799,3302030303030303030303033,38322,99961680,19137,42,19142,99961679,100000000,pymatching,SurfaceCode,25,1,5,HBD_noise,0.001,500.0,results/brute_force/used_SC5_HBD/results/sweep_18.csv
1995412021,0303333322030320203003022,62896,99937106,32771,91,30033,99937105,100000000,pymatching,SurfaceCode,25,1,5,HBD_noise,0.001,500.0,results/brute_force/used_SC5_HBD/results/sweep_18.csv
1935450775,0303333302030320003003022,54427,99945575,26579,82,27765,99945574,100000000,pymatching,SurfaceCode,25,1,5,HBD_noise,0.001,500.0,results/brute_force/used_SC5_HBD/results/sweep_18.csv
422352670,0303333302030330003003022,53248,99946754,26146,74,27027,99946753,100000000,pymatching,SurfaceCode,25,1,5,HBD_noise,0.001,500.0,results/brute_force/used_SC5_HBD/results/sweep_18.csv
30153747,0303333302030333003003022,51933,99948069,26145,68,25719,99948068,100000000,pymatching,SurfaceCode,25,1,5,HBD_noise,0.001,500.0,results/brute_force/used_SC5_HBD/results/sweep_18.csv
1217541137,0303000333230330030330033,47565,99952437,24143,59,23362,99952436,100000000,pymatching,SurfaceCode,25,1,5,HBD_noise,0.001,500.0,results/brute_force/used_SC5_HBD/results/sweep_105.csv
824606617,3033003233232232003320023,87757,99912245,46487,189,41080,99912244,100000000,pymatching,SurfaceCode,25,1,5,HBD_noise,0.001,500.0,results/brute_force/used_SC5_HBD/results/sweep_105.csv
691113328,3203222330022322330220223,83598,99916404,44307,178,39112,99916403,100000000,pymatching,SurfaceCode,25,1,5,HBD_noise,0.001,500.0,results/brute_force/used_SC5_HBD/results/sweep_105.csv
673856614,0002200202033230022033230,76801,99923201,34390,145,42265,99923200,100000000,pymatching,SurfaceCode,25,1,5,HBD_noise,0.001,500.0,results/brute_force/used_SC5_HBD/results/sweep_105.csv
841740726,3303230233322233330303223,73179,99926823,40658,141,32379,99926822,100000000,pymatching,SurfaceCode,25,1,5,HBD_noise,0.001,500.0,results/brute_force/used_SC5_HBD/results/sweep_105.csv
1419005142,0220323203330303202330023,71501,99928501,35633,113,35754,99928500,100000000,pymatching,SurfaceCode,25,1,5,HBD_noise,0.001,500.0,results/brute_force/used_SC5_HBD/results/sweep_105.csv
1532492433,0332223203030302002333032,60574,99939428,30985,90,29498,99939427,100000000,pymatching,SurfaceCode,25,1,5,HBD_noise,0.001,500.0,results/brute_force/used_SC5_HBD/results/sweep_105.csv
739334409,0223033300020303300300330,56266,99943736,26870,97,29298,99943735,100000000,pymatching,SurfaceCode,25,1,5,HBD_noise,0.001,500.0,results/brute_force/used_SC5_HBD/results/sweep_105.csv
89349496,0302000300332303230303322,55242,99944760,29043,96,26102,99944759,100000000,pymatching,SurfaceCode,25,1,5,HBD_noise,0.001,500.0,results/brute_force/used_SC5_HBD/results/sweep_105.csv
1560098880,0333300003330303230233022,53343,99946659,26606,77,26659,99946658,100000000,pymatching,SurfaceCode,25,1,5,HBD_noise,0.001,500.0,results/brute_force/used_SC5_HBD/results/sweep_105.csv
586091165,2300233303230223220320030,60075,99939927,31360,113,28601,99939926,100000000,pymatching,SurfaceCode,25,1,5,HBD_noise,0.001,500.0,results/brute_force/used_SC5_HBD/results/sweep_16.csv
1485115109,2300233303230023220320030,58891,99941111,30117,84,28689,99941110,100000000,pymatching,SurfaceCode,25,1,5,HBD_noise,0.001,500.0,results/brute_force/used_SC5_HBD/results/sweep_16.csv
1675208821,2300233303230023220323030,57930,99942072,29668,107,28154,99942071,100000000,pymatching,SurfaceCode,25,1,5,HBD_noise,0.001,500.0,results/brute_force/used_SC5_HBD/results/sweep_16.csv
1899624740,3300233303230003220323030,55952,99944050,28452,87,27412,99944049,100000000,pymatching,SurfaceCode,25,1,5,HBD_noise,0.001,500.0,results/brute_force/used_SC5_HBD/results/sweep_16.csv
534642683,3300233303230003230323030,51556,99948446,26660,80,24815,99948445,100000000,pymatching,SurfaceCode,25,1,5,HBD_noise,0.001,500.0,results/brute_force/used_SC5_HBD/results/sweep_16.csv
917198825,3300333303230003230323030,50769,99949233,26752,68,23948,99949232,100000000,pymatching,SurfaceCode,25,1,5,HBD_noise,0.001,500.0,results/brute_force/used_SC5_HBD/results/sweep_16.csv
1382763715,3300233303230003230303030,50102,99949900,25900,64,24137,99949899,100000000,pymatching,SurfaceCode,25,1,5,HBD_noise,0.001,500.0,results/brute_force/used_SC5_HBD/results/sweep_16.csv
934147786,0300233303230023030303030,46486,99953516,23405,60,23020,99953515,100000000,pymatching,SurfaceCode,25,1,5,HBD_noise,0.001,500.0,results/brute_force/used_SC5_HBD/results/sweep_16.csv
460763721,0300233303230203030302030,47159,99952843,23370,74,23714,99952842,100000000,pymatching,SurfaceCode,25,1,5,HBD_noise,0.001,500.0,results/brute_force/used_SC5_HBD/results/sweep_16.csv
2108149239,0300033303030003030303030,41930,99958072,19966,55,21908,99958071,100000000,pymatching,SurfaceCode,25,1,5,HBD_noise,0.001,500.0,results/brute_force/used_SC5_HBD/results/sweep_16.csv
2117756458,3002320300030003003320000,57515,99942487,24845,75,32594,99942486,100000000,pymatching,SurfaceCode,25,1,5,HBD_noise,0.001,500.0,results/brute_force/used_SC5_HBD/results/sweep_11.csv
533006686,0002320300330003003320000,58208,99941794,25301,88,32818,99941793,100000000,pymatching,SurfaceCode,25,1,5,HBD_noise,0.001,500.0,results/brute_force/used_SC5_HBD/results/sweep_11.csv
2041951554,0002300300030003003330000,55926,99944076,23505,93,32327,99944075,100000000,pymatching,SurfaceCode,25,1,5,HBD_noise,0.001,500.0,results/brute_force/used_SC5_HBD/results/sweep_11.csv
1644296374,0002300300330003000330000,54588,99945414,22477,79,32031,99945413,100000000,pymatching,SurfaceCode,25,1,5,HBD_noise,0.001,500.0,results/brute_force/used_SC5_HBD/results/sweep_11.csv
856581821,0002020300030003030330000,48042,99951960,19864,60,28117,99951959,100000000,pymatching,SurfaceCode,25,1,5,HBD_noise,0.001,500.0,results/brute_force/used_SC5_HBD/results/sweep_11.csv
96221855,0000020300030203030300000,48134,99951868,19579,70,28484,99951867,100000000,pymatching,SurfaceCode,25,1,5,HBD_noise,0.001,500.0,results/brute_force/used_SC5_HBD/results/sweep_11.csv
499690405,0000030300030203030300000,45750,99954252,18978,52,26719,99954251,100000000,pymatching,SurfaceCode,25,1,5,HBD_noise,0.001,500.0,results/brute_force/used_SC5_HBD/results/sweep_11.csv
1360268127,0323030300030203030300000,44991,99955011,20333,57,24600,99955010,100000000,pymatching,SurfaceCode,25,1,5,HBD_noise,0.001,500.0,results/brute_force/used_SC5_HBD/results/sweep_11.csv
910560334,3303030302030303030300000,39925,99960077,18820,45,21059,99960076,100000000,pymatching,SurfaceCode,25,1,5,HBD_noise,0.001,500.0,results/brute_force/used_SC5_HBD/results/sweep_11.csv
1625307952,3303030303030303030200030,38417,99961585,18587,50,19779,99961584,100000000,pymatching,SurfaceCode,25,1,5,HBD_noise,0.001,500.0,results/brute_force/used_SC5_HBD/results/sweep_11.csv
1221896376,0032230033030303230233023,57126,99942876,28818,95,28212,99942875,100000000,pymatching,SurfaceCode,25,1,5,HBD_noise,0.001,500.0,results/brute_force/used_SC5_HBD/results/sweep_161.csv
481787385,0003202332030333032203033,55818,99944184,29095,98,26624,99944183,100000000,pymatching,SurfaceCode,25,1,5,HBD_noise,0.001,500.0,results/brute_force/used_SC5_HBD/results/sweep_161.csv
1039658216,0303030002030323023032020,55179,99944823,25096,84,29998,99944822,100000000,pymatching,SurfaceCode,25,1,5,HBD_noise,0.001,500.0,results/brute_force/used_SC5_HBD/results/sweep_161.csv
1657155238,0202200330033300030303022,53151,99946851,26413,89,26648,99946850,100000000,pymatching,SurfaceCode,25,1,5,HBD_noise,0.001,500.0,results/brute_force/used_SC5_HBD/results/sweep_161.csv
1846556181,0002333002330303030303230,50643,99949359,25408,76,25158,99949358,100000000,pymatching,SurfaceCode,25,1,5,HBD_noise,0.001,500.0,results/brute_force/used_SC5_HBD/results/sweep_161.csv
1986883852,2003030323333303030323020,48697,99951305,26245,72,22379,99951304,100000000,pymatching,SurfaceCode,25,1,5,HBD_noise,0.001,500.0,results/brute_force/used_SC5_HBD/results/sweep_161.csv
972962055,0003033303030333032003323,49445,99950557,26583,59,22802,99950556,100000000,pymatching,SurfaceCode,25,1,5,HBD_noise,0.001,500.0,results/brute_force/used_SC5_HBD/results/sweep_161.csv
1163350636,0002030303030303020322300,48526,99951476,22584,56,25885,99951475,100000000,pymatching,SurfaceCode,25,1,5,HBD_noise,0.001,500.0,results/brute_force/used_SC5_HBD/results/sweep_161.csv
1431806295,3022233232330302202030320,84966,99915036,44531,142,40292,99915035,100000000,pymatching,SurfaceCode,25,1,5,HBD_noise,0.001,500.0,results/brute_force/used_SC5_HBD/results/sweep_161.csv
502863128,0333200302203000220002222,78260,99921742,35368,141,42750,99921741,100000000,pymatching,SurfaceCode,25,1,5,HBD_noise,0.001,500.0,results/brute_force/used_SC5_HBD/results/sweep_161.csv
1895279745,2233330332230302030202002,57068,99942934,29467,72,27528,99942933,100000000,pymatching,SurfaceCode,25,1,5,HBD_noise,0.001,500.0,results/brute_force/used_SC5_HBD/results/sweep_166.csv
983848632,0300023203230303003302023,56921,99943081,27356,74,29490,99943080,100000000,pymatching,SurfaceCode,25,1,5,HBD_noise,0.001,500.0,results/brute_force/used_SC5_HBD/results/sweep_166.csv
1077689028,3022300300030302032323330,55069,99944933,27781,83,27204,99944932,100000000,pymatching,SurfaceCode,25,1,5,HBD_noise,0.001,500.0,results/brute_force/used_SC5_HBD/results/sweep_166.csv
153883601,2033033302030002030333200,53745,99946257,26660,92,26992,99946256,100000000,pymatching,SurfaceCode,25,1,5,HBD_noise,0.001,500.0,results/brute_force/used_SC5_HBD/results/sweep_166.csv
1502722203,3023000303230323030003303,49505,99950497,24780,62,24662,99950496,100000000,pymatching,SurfaceCode,25,1,5,HBD_noise,0.001,500.0,results/brute_force/used_SC5_HBD/results/sweep_166.csv
63598412,0303330323030003330330020,48860,99951142,23951,77,24831,99951141,100000000,pymatching,SurfaceCode,25,1,5,HBD_noise,0.001,500.0,results/brute_force/used_SC5_HBD/results/sweep_166.csv
1169874001,0003030302030303020330032,45273,99954729,20932,60,24280,99954728,100000000,pymatching,SurfaceCode,25,1,5,HBD_noise,0.001,500.0,results/brute_force/used_SC5_HBD/results/sweep_166.csv
655231174,0002322320030033222203020,74467,99925535,34886,115,39465,99925534,100000000,pymatching,SurfaceCode,25,1,5,HBD_noise,0.001,500.0,results/brute_force/used_SC5_HBD/results/sweep_166.csv
1080855905,0323300323020320000202022,63044,99936958,27378,93,35572,99936957,100000000,pymatching,SurfaceCode,25,1,5,HBD_noise,0.001,500.0,results/brute_force/used_SC5_HBD/results/sweep_166.csv
2003933790,0303032303220300000023222,58470,99941532,26497,88,31884,99941531,100000000,pymatching,SurfaceCode,25,1,5,HBD_noise,0.001,500.0,results/brute_force/used_SC5_HBD/results/sweep_166.csv
248267663,2302330333200320230302030,56235,99943767,28221,93,27920,99943766,100000000,pymatching,SurfaceCode,25,1,5,HBD_noise,0.001,500.0,results/brute_force/used_SC5_HBD/results/sweep_168.csv
899688526,0303030333230233030022032,51916,99948086,26410,71,25434,99948085,100000000,pymatching,SurfaceCode,25,1,5,HBD_noise,0.001,500.0,results/brute_force/used_SC5_HBD/results/sweep_168.csv
523593781,2333330320030303330203003,51301,99948701,27125,66,24109,99948700,100000000,pymatching,SurfaceCode,25,1,5,HBD_noise,0.001,500.0,results/brute_force/used_SC5_HBD/results/sweep_168.csv
1683162679,3203233303030320030303203,49226,99950776,25910,64,23251,99950775,100000000,pymatching,SurfaceCode,25,1,5,HBD_noise,0.001,500.0,results/brute_force/used_SC5_HBD/results/sweep_168.csv
1401156266,3303233303000302030300030,46076,99953926,22347,60,23668,99953925,100000000,pymatching,SurfaceCode,25,1,5,HBD_noise,0.001,500.0,results/brute_force/used_SC5_HBD/results/sweep_168.csv
1168275985,0203033302030320232220333,61847,99938155,32886,80,28880,99938154,100000000,pymatching,SurfaceCode,25,1,5,HBD_noise,0.001,500.0,results/brute_force/used_SC5_HBD/results/sweep_168.csv
1246015705,3302020003030302300302030,51446,99948556,22552,67,28826,99948555,100000000,pymatching,SurfaceCode,25,1,5,HBD_noise,0.001,500.0,results/brute_force/used_SC5_HBD/results/sweep_168.csv
575565887,0000000300030300330320230,49975,99950027,22810,54,27110,99950026,100000000,pymatching,SurfaceCode,25,1,5,HBD_noise,0.001,500.0,results/brute_force/used_SC5_HBD/results/sweep_168.csv
733105273,3323330300030332030300232,47886,99952116,24808,57,23020,99952115,100000000,pymatching,SurfaceCode,25,1,5,HBD_noise,0.001,500.0,results/brute_force/used_SC5_HBD/results/sweep_168.csv
488060089,2203230303030303030023320,44994,99955008,22423,61,22509,99955007,100000000,pymatching,SurfaceCode,25,1,5,HBD_noise,0.001,500.0,results/brute_force/used_SC5_HBD/results/sweep_168.csv
1538394282,0333030303330303030303032,38974,99961028,20794,37,18142,99961027,100000000,pymatching,SurfaceCode,25,1,5,HBD_noise,0.001,500.0,results/brute_force/used_SC5_HBD/results/sweep_75.csv
1558596899,0003230300030303032222022,51834,99948168,24750,62,27021,99948167,100000000,pymatching,SurfaceCode,25,1,5,HBD_noise,0.001,500.0,results/brute_force/used_SC5_HBD/results/sweep_75.csv
854604818,2003230300030303033322002,49712,99950290,25201,60,24450,99950289,100000000,pymatching,SurfaceCode,25,1,5,HBD_noise,0.001,500.0,results/brute_force/used_SC5_HBD/results/sweep_75.csv
360021796,2300230300030303033322002,49166,99950836,24761,71,24333,99950835,100000000,pymatching,SurfaceCode,25,1,5,HBD_noise,0.001,500.0,results/brute_force/used_SC5_HBD/results/sweep_75.csv
42727928,2300230303030303033322000,45919,99954083,23651,63,22204,99954082,100000000,pymatching,SurfaceCode,25,1,5,HBD_noise,0.001,500.0,results/brute_force/used_SC5_HBD/results/sweep_75.csv
43537606,2303230303030303033322000,44463,99955539,23163,56,21243,99955538,100000000,pymatching,SurfaceCode,25,1,5,HBD_noise,0.001,500.0,results/brute_force/used_SC5_HBD/results/sweep_75.csv
1453279409,2303030303030303033322000,43508,99956494,22627,41,20839,99956493,100000000,pymatching,SurfaceCode,25,1,5,HBD_noise,0.001,500.0,results/brute_force/used_SC5_HBD/results/sweep_75.csv
33489330,3300030303030303030323000,39663,99960339,19279,38,20345,99960338,100000000,pymatching,SurfaceCode,25,1,5,HBD_noise,0.001,500.0,results/brute_force/used_SC5_HBD/results/sweep_75.csv
247592449,3303030303030303030323000,38254,99961748,18815,52,19386,99961747,100000000,pymatching,SurfaceCode,25,1,5,HBD_noise,0.001,500.0,results/brute_force/used_SC5_HBD/results/sweep_75.csv
1778160597,0303030303030303030323000,37784,99962218,18404,45,19334,99962217,100000000,pymatching,SurfaceCode,25,1,5,HBD_noise,0.001,500.0,results/brute_force/used_SC5_HBD/results/sweep_75.csv
325365033,2300033230030302303030032,67909,99932093,35372,109,32427,99932092,100000000,pymatching,SurfaceCode,25,1,5,HBD_noise,0.001,500.0,results/brute_force/used_SC5_HBD/results/sweep_114.csv
2107160347,2303330330332200033332023,63789,99936213,35452,122,28214,99936212,100000000,pymatching,SurfaceCode,25,1,5,HBD_noise,0.001,500.0,results/brute_force/used_SC5_HBD/results/sweep_114.csv
720740322,0200323303032322330330230,61588,99938414,33529,99,27959,99938413,100000000,pymatching,SurfaceCode,25,1,5,HBD_noise,0.001,500.0,results/brute_force/used_SC5_HBD/results/sweep_114.csv
1770618216,0300032330330233330000030,58003,99941999,30118,98,27786,99941998,100000000,pymatching,SurfaceCode,25,1,5,HBD_noise,0.001,500.0,results/brute_force/used_SC5_HBD/results/sweep_114.csv
1105423936,0200330323230332200302000,59369,99940633,28184,103,31081,99940632,100000000,pymatching,SurfaceCode,25,1,5,HBD_noise,0.001,500.0,results/brute_force/used_SC5_HBD/results/sweep_114.csv
603400418,3330030203030320030020002,52729,99947273,24337,72,28319,99947272,100000000,pymatching,SurfaceCode,25,1,5,HBD_noise,0.001,500.0,results/brute_force/used_SC5_HBD/results/sweep_114.csv
627905743,0303020302330303000232333,51054,99948948,25131,74,25848,99948947,100000000,pymatching,SurfaceCode,25,1,5,HBD_noise,0.001,500.0,results/brute_force/used_SC5_HBD/results/sweep_114.csv
93568737,3002200300230323030330033,50410,99949592,24363,82,25964,99949591,100000000,pymatching,SurfaceCode,25,1,5,HBD_noise,0.001,500.0,results/brute_force/used_SC5_HBD/results/sweep_114.csv
826796048,0330030003030303033322330,48280,99951722,24708,61,23510,99951721,100000000,pymatching,SurfaceCode,25,1,5,HBD_noise,0.001,500.0,results/brute_force/used_SC5_HBD/results/sweep_114.csv
380103712,0332302302303033302022300,87428,99912574,44309,194,42924,99912573,100000000,pymatching,SurfaceCode,25,1,5,HBD_noise,0.001,500.0,results/brute_force/used_SC5_HBD/results/sweep_114.csv
2060623299,2332300233033333030303033,56281,99943721,32066,95,24119,99943720,100000000,pymatching,SurfaceCode,25,1,5,HBD_noise,0.001,500.0,results/brute_force/used_SC5_HBD/results/sweep_113.csv
1079571876,0003030302232303020000300,54598,99945404,25453,81,29063,99945403,100000000,pymatching,SurfaceCode,25,1,5,HBD_noise,0.001,500.0,results/brute_force/used_SC5_HBD/results/sweep_113.csv
1085226014,3003000003300303333333032,55338,99944664,27361,77,27899,99944663,100000000,pymatching,SurfaceCode,25,1,5,HBD_noise,0.001,500.0,results/brute_force/used_SC5_HBD/results/sweep_113.csv
358644229,3302030200023303030303200,54374,99945628,26193,101,28079,99945627,100000000,pymatching,SurfaceCode,25,1,5,HBD_noise,0.001,500.0,results/brute_force/used_SC5_HBD/results/sweep_113.csv
430285925,2303000023033303030333223,54206,99945796,28275,85,25845,99945795,100000000,pymatching,SurfaceCode,25,1,5,HBD_noise,0.001,500.0,results/brute_force/used_SC5_HBD/results/sweep_113.csv
77262259,2303030032233303030333003,52819,99947183,28773,83,23962,99947182,100000000,pymatching,SurfaceCode,25,1,5,HBD_noise,0.001,500.0,results/brute_force/used_SC5_HBD/results/sweep_113.csv
1686114096,3000330003200303030002033,51280,99948722,22179,68,29032,99948721,100000000,pymatching,SurfaceCode,25,1,5,HBD_noise,0.001,500.0,results/brute_force/used_SC5_HBD/results/sweep_113.csv
634634997,0323000300230333033003000,48363,99951639,23902,62,24398,99951638,100000000,pymatching,SurfaceCode,25,1,5,HBD_noise,0.001,500.0,results/brute_force/used_SC5_HBD/results/sweep_113.csv
2038454248,2000030303030300330323202,49175,99950827,24543,77,24554,99950826,100000000,pymatching,SurfaceCode,25,1,5,HBD_noise,0.001,500.0,results/brute_force/used_SC5_HBD/results/sweep_113.csv
212648016,2020202230320022332232332,99076,99900926,49490,226,49359,99900925,100000000,pymatching,SurfaceCode,25,1,5,HBD_noise,0.001,500.0,results/brute_force/used_SC5_HBD/results/sweep_113.csv
1229446046,2323300302302333332332032,68754,99931248,38392,99,30262,99931247,100000000,pymatching,SurfaceCode,25,1,5,HBD_noise,0.001,500.0,results/brute_force/used_SC5_HBD/results/sweep_72.csv
427263134,2323300302302333332332030,66926,99933076,36776,137,30012,99933075,100000000,pymatching,SurfaceCode,25,1,5,HBD_noise,0.001,500.0,results/brute_force/used_SC5_HBD/results/sweep_72.csv
565763967,2323300002300333030332030,56174,99943828,26243,83,29847,99943827,100000000,pymatching,SurfaceCode,25,1,5,HBD_noise,0.001,500.0,results/brute_force/used_SC5_HBD/results/sweep_72.csv
1178557690,2323300002000333030332030,54437,99945565,24760,71,29605,99945564,100000000,pymatching,SurfaceCode,25,1,5,HBD_noise,0.001,500.0,results/brute_force/used_SC5_HBD/results/sweep_72.csv
1748334080,2023300002000333030332030,56252,99943750,24832,80,31339,99943749,100000000,pymatching,SurfaceCode,25,1,5,HBD_noise,0.001,500.0,results/brute_force/used_SC5_HBD/results/sweep_72.csv
1803406598,0323300002000333030332030,52872,99947130,24012,83,28776,99947129,100000000,pymatching,SurfaceCode,25,1,5,HBD_noise,0.001,500.0,results/brute_force/used_SC5_HBD/results/sweep_72.csv
828018890,0323300002000333030333030,50172,99949830,22720,74,27377,99949829,100000000,pymatching,SurfaceCode,25,1,5,HBD_noise,0.001,500.0,results/brute_force/used_SC5_HBD/results/sweep_72.csv
1380739341,0323000002000333030333030,49006,99950996,21837,53,27115,99950995,100000000,pymatching,SurfaceCode,25,1,5,HBD_noise,0.001,500.0,results/brute_force/used_SC5_HBD/results/sweep_72.csv
1684807151,0323330302000303030333030,44264,99955738,21565,52,22646,99955737,100000000,pymatching,SurfaceCode,25,1,5,HBD_noise,0.001,500.0,results/brute_force/used_SC5_HBD/results/sweep_72.csv
211298272,0303330302030303030303030,38062,99961940,18867,61,19133,99961939,100000000,pymatching,SurfaceCode,25,1,5,HBD_noise,0.001,500.0,results/brute_force/used_SC5_HBD/results/sweep_72.csv
482054720,0323332303023300030232020,58720,99941282,30576,105,28038,99941281,100000000,pymatching,SurfaceCode,25,1,5,HBD_noise,0.001,500.0,results/brute_force/used_SC5_HBD/results/sweep_126.csv
788699061,0320033333300323030023033,55003,99944999,29119,84,25799,99944998,100000000,pymatching,SurfaceCode,25,1,5,HBD_noise,0.001,500.0,results/brute_force/used_SC5_HBD/results/sweep_126.csv
262681338,3303230233030300033300203,53689,99946313,27898,76,25714,99946312,100000000,pymatching,SurfaceCode,25,1,5,HBD_noise,0.001,500.0,results/brute_force/used_SC5_HBD/results/sweep_126.csv
1270208800,0303020303232333030230233,52808,99947194,28657,65,24085,99947193,100000000,pymatching,SurfaceCode,25,1,5,HBD_noise,0.001,500.0,results/brute_force/used_SC5_HBD/results/sweep_126.csv
1528580841,0300332303030330020303003,49140,99950862,23684,69,25386,99950861,100000000,pymatching,SurfaceCode,25,1,5,HBD_noise,0.001,500.0,results/brute_force/used_SC5_HBD/results/sweep_126.csv
1804712452,0300030302300302030303233,47834,99952168,22610,58,25165,99952167,100000000,pymatching,SurfaceCode,25,1,5,HBD_noise,0.001,500.0,results/brute_force/used_SC5_HBD/results/sweep_126.csv
37965613,2320232002333303032303300,65061,99934941,36121,91,28848,99934940,100000000,pymatching,SurfaceCode,25,1,5,HBD_noise,0.001,500.0,results/brute_force/used_SC5_HBD/results/sweep_126.csv
258842410,3320300200033333020223000,63694,99936308,29751,117,33825,99936307,100000000,pymatching,SurfaceCode,25,1,5,HBD_noise,0.001,500.0,results/brute_force/used_SC5_HBD/results/sweep_126.csv
634983476,0033233203030320330330020,56433,99943569,28711,79,27642,99943568,100000000,pymatching,SurfaceCode,25,1,5,HBD_noise,0.001,500.0,results/brute_force/used_SC5_HBD/results/sweep_126.csv
248265921,0323000000003303000333032,56400,99943602,24821,77,31501,99943601,100000000,pymatching,SurfaceCode,25,1,5,HBD_noise,0.001,500.0,results/brute_force/used_SC5_HBD/results/sweep_126.csv
1208988951,2303000223303223330300232,71572,99928430,36819,152,34600,99928429,100000000,pymatching,SurfaceCode,25,1,5,HBD_noise,0.001,500.0,results/brute_force/used_SC5_HBD/results/sweep_47.csv
1039173446,2303000223332223330300232,69276,99930726,36546,140,32589,99930725,100000000,pymatching,SurfaceCode,25,1,5,HBD_noise,0.001,500.0,results/brute_force/used_SC5_HBD/results/sweep_47.csv
1610750232,2302000023303203330300232,70587,99929415,34413,132,36041,99929414,100000000,pymatching,SurfaceCode,25,1,5,HBD_noise,0.001,500.0,results/brute_force/used_SC5_HBD/results/sweep_47.csv
1581032198,2303000023303203330300232,68109,99931893,33393,116,34599,99931892,100000000,pymatching,SurfaceCode,25,1,5,HBD_noise,0.001,500.0,results/brute_force/used_SC5_HBD/results/sweep_47.csv
1126580409,0303000003303203030300232,58914,99941088,27208,101,31604,99941087,100000000,pymatching,SurfaceCode,25,1,5,HBD_noise,0.001,500.0,results/brute_force/used_SC5_HBD/results/sweep_47.csv
506063945,0303000303303300030300232,51981,99948021,25039,64,26877,99948020,100000000,pymatching,SurfaceCode,25,1,5,HBD_noise,0.001,500.0,results/brute_force/used_SC5_HBD/results/sweep_47.csv
505082372,0303000303303300030300033,49115,99950887,23331,64,25719,99950886,100000000,pymatching,SurfaceCode,25,1,5,HBD_noise,0.001,500.0,results/brute_force/used_SC5_HBD/results/sweep_47.csv
1064503136,0303000303303303030302033,47799,99952203,23497,73,24228,99952202,100000000,pymatching,SurfaceCode,25,1,5,HBD_noise,0.001,500.0,results/brute_force/used_SC5_HBD/results/sweep_47.csv
1407404466,0303000303303303030302030,46838,99953164,22739,54,24044,99953163,100000000,pymatching,SurfaceCode,25,1,5,HBD_noise,0.001,500.0,results/brute_force/used_SC5_HBD/results/sweep_47.csv
2015939534,0303300303330303030302030,39869,99960133,19565,44,20259,99960132,100000000,pymatching,SurfaceCode,25,1,5,HBD_noise,0.001,500.0,results/brute_force/used_SC5_HBD/results/sweep_47.csv
1271388997,0302022333030333030330000,49641,99950361,26154,86,23400,99950360,100000000,pymatching,SurfaceCode,25,1,5,HBD_noise,0.001,500.0,results/brute_force/used_SC5_HBD/results/sweep_6.csv
1853265431,0303332333030303030330002,46077,99953925,25046,46,20984,99953924,100000000,pymatching,SurfaceCode,25,1,5,HBD_noise,0.001,500.0,results/brute_force/used_SC5_HBD/results/sweep_6.csv
197197808,0302330333030303030330002,44998,99955004,23249,61,21687,99955003,100000000,pymatching,SurfaceCode,25,1,5,HBD_noise,0.001,500.0,results/brute_force/used_SC5_HBD/results/sweep_6.csv
2072258531,0302330333030303030330000,44001,99956001,22507,48,21445,99956000,100000000,pymatching,SurfaceCode,25,1,5,HBD_noise,0.001,500.0,results/brute_force/used_SC5_HBD/results/sweep_6.csv
519216490,0002330333030303030330000,44999,99955003,22344,66,22588,99955002,100000000,pymatching,SurfaceCode,25,1,5,HBD_noise,0.001,500.0,results/brute_force/used_SC5_HBD/results/sweep_6.csv
773972398,0303330303030303030300000,38143,99961859,18434,44,19664,99961858,100000000,pymatching,SurfaceCode,25,1,5,HBD_noise,0.001,500.0,results/brute_force/used_SC5_HBD/results/sweep_6.csv
1672935187,0303030303030303030300020,37183,99962819,17624,44,19514,99962818,100000000,pymatching,SurfaceCode,25,1,5,HBD_noise,0.001,500.0,results/brute_force/used_SC5_HBD/results/sweep_6.csv
1176579853,2303233303030332322223033,60825,99939177,34635,94,26095,99939176,100000000,pymatching,SurfaceCode,25,1,5,HBD_noise,0.001,500.0,results/brute_force/used_SC5_HBD/results/sweep_6.csv
1181166187,2303233303030333322233033,57454,99942548,33309,95,24049,99942547,100000000,pymatching,SurfaceCode,25,1,5,HBD_noise,0.001,500.0,results/brute_force/used_SC5_HBD/results/sweep_6.csv
8950359,2303233303230332022223030,57232,99942770,30847,95,26289,99942769,100000000,pymatching,SurfaceCode,25,1,5,HBD_noise,0.001,500.0,results/brute_force/used_SC5_HBD/results/sweep_6.csv
1282864230,2203330203330332002300020,58111,99941891,26943,79,31088,99941890,100000000,pymatching,SurfaceCode,25,1,5,HBD_noise,0.001,500.0,results/brute_force/used_SC5_HBD/results/sweep_96.csv
2112137549,2203330203030332002300020,56085,99943917,25219,81,30784,99943916,100000000,pymatching,SurfaceCode,25,1,5,HBD_noise,0.001,500.0,results/brute_force/used_SC5_HBD/results/sweep_96.csv
983770417,2003330303030333032300020,44730,99955272,22568,49,22112,99955271,100000000,pymatching,SurfaceCode,25,1,5,HBD_noise,0.001,500.0,results/brute_force/used_SC5_HBD/results/sweep_96.csv
2097299937,2003330303030332032300030,45807,99954195,22890,69,22847,99954194,100000000,pymatching,SurfaceCode,25,1,5,HBD_noise,0.001,500.0,results/brute_force/used_SC5_HBD/results/sweep_96.csv
712803271,2003330303030303032300000,43569,99956433,21420,39,22109,99956432,100000000,pymatching,SurfaceCode,25,1,5,HBD_noise,0.001,500.0,results/brute_force/used_SC5_HBD/results/sweep_96.csv
407094005,2003230303030303033300030,41842,99958160,20975,63,20803,99958159,100000000,pymatching,SurfaceCode,25,1,5,HBD_noise,0.001,500.0,results/brute_force/used_SC5_HBD/results/sweep_96.csv
12390054,0003330303030303032300030,41288,99958714,20290,49,20948,99958713,100000000,pymatching,SurfaceCode,25,1,5,HBD_noise,0.001,500.0,results/brute_force/used_SC5_HBD/results/sweep_96.csv
1843952603,2333202302032030302003333,78383,99921619,41779,149,36454,99921618,100000000,pymatching,SurfaceCode,25,1,5,HBD_noise,0.001,500.0,results/brute_force/used_SC5_HBD/results/sweep_96.csv
308504013,0233333330033233323300232,75870,99924132,45139,137,30593,99924131,100000000,pymatching,SurfaceCode,25,1,5,HBD_noise,0.001,500.0,results/brute_force/used_SC5_HBD/results/sweep_96.csv
1188150582,2233333330030233323300232,71562,99928440,41510,132,29919,99928439,100000000,pymatching,SurfaceCode,25,1,5,HBD_noise,0.001,500.0,results/brute_force/used_SC5_HBD/results/sweep_96.csv
1428954154,2323323023330230330302222,75707,99924295,40465,160,35081,99924294,100000000,pymatching,SurfaceCode,25,1,5,HBD_noise,0.001,500.0,results/brute_force/used_SC5_HBD/results/sweep_40.csv
2122626027,2323323023330220330302222,75991,99924011,40370,138,35482,99924010,100000000,pymatching,SurfaceCode,25,1,5,HBD_noise,0.001,500.0,results/brute_force/used_SC5_HBD/results/sweep_40.csv
1444824331,2323303023330200330302222,71991,99928011,36719,130,35141,99928010,100000000,pymatching,SurfaceCode,25,1,5,HBD_noise,0.001,500.0,results/brute_force/used_SC5_HBD/results/sweep_40.csv
1696336103,2303300303330200330302220,54713,99945289,27046,75,27591,99945288,100000000,pymatching,SurfaceCode,25,1,5,HBD_noise,0.001,500.0,results/brute_force/used_SC5_HBD/results/sweep_40.csv
1315583012,2303300303330000330302220,53946,99946056,26295,77,27573,99946055,100000000,pymatching,SurfaceCode,25,1,5,HBD_noise,0.001,500.0,results/brute_force/used_SC5_HBD/results/sweep_40.csv
781780015,2303300303330300330302220,50862,99949140,25996,67,24798,99949139,100000000,pymatching,SurfaceCode,25,1,5,HBD_noise,0.001,500.0,results/brute_force/used_SC5_HBD/results/sweep_40.csv
631977861,2303300303330300330300220,50082,99949920,25198,53,24830,99949919,100000000,pymatching,SurfaceCode,25,1,5,HBD_noise,0.001,500.0,results/brute_force/used_SC5_HBD/results/sweep_40.csv
1662029829,3303300303330300330300220,49512,99950490,25272,74,24165,99950489,100000000,pymatching,SurfaceCode,25,1,5,HBD_noise,0.001,500.0,results/brute_force/used_SC5_HBD/results/sweep_40.csv
86941428,2303000303330302330300220,49410,99950592,25094,70,24245,99950591,100000000,pymatching,SurfaceCode,25,1,5,HBD_noise,0.001,500.0,results/brute_force/used_SC5_HBD/results/sweep_40.csv
1245339798,2303000303330333030302230,43525,99956477,21975,55,21494,99956476,100000000,pymatching,SurfaceCode,25,1,5,HBD_noise,0.001,500.0,results/brute_force/used_SC5_HBD/results/sweep_40.csv
279605580,3332333232220333020302030,69201,99930801,37674,121,31405,99930800,100000000,pymatching,SurfaceCode,25,1,5,HBD_noise,0.001,500.0,results/brute_force/used_SC5_HBD/results/sweep_1.csv
2072393340,3332333232220303020302030,66793,99933209,35260,123,31409,99933208,100000000,pymatching,SurfaceCode,25,1,5,HBD_noise,0.001,500.0,results/brute_force/used_SC5_HBD/results/sweep_1.csv
1100737995,3332333230220303020302030,66017,99933985,34273,132,31611,99933984,100000000,pymatching,SurfaceCode,25,1,5,HBD_noise,0.001,500.0,results/brute_force/used_SC5_HBD/results/sweep_1.csv
2022060831,3332333202220303020302030,61962,99938040,30931,111,30919,99938039,100000000,pymatching,SurfaceCode,25,1,5,HBD_noise,0.001,500.0,results/brute_force/used_SC5_HBD/results/sweep_1.csv
2085522669,2332333200020303020302030,59851,99940151,28806,112,30932,99940150,100000000,pymatching,SurfaceCode,25,1,5,HBD_noise,0.001,500.0,results/brute_force/used_SC5_HBD/results/sweep_1.csv
1853380810,2332333202020303020302030,60752,99939250,29451,114,31186,99939249,100000000,pymatching,SurfaceCode,25,1,5,HBD_noise,0.001,500.0,results/brute_force/used_SC5_HBD/results/sweep_1.csv
43270544,2333033002020303030302030,51179,99948823,24825,63,26290,99948822,100000000,pymatching,SurfaceCode,25,1,5,HBD_noise,0.001,500.0,results/brute_force/used_SC5_HBD/results/sweep_1.csv
1586122100,0333033302020303030302030,46599,99953403,23055,73,23470,99953402,100000000,pymatching,SurfaceCode,25,1,5,HBD_noise,0.001,500.0,results/brute_force/used_SC5_HBD/results/sweep_1.csv
1702984766,0333333302020303030302030,47549,99952453,24231,68,23249,99952452,100000000,pymatching,SurfaceCode,25,1,5,HBD_noise,0.001,500.0,results/brute_force/used_SC5_HBD/results/sweep_1.csv
1304960855,0333033303020303030302032,45258,99954744,23006,53,22198,99954743,100000000,pymatching,SurfaceCode,25,1,5,HBD_noise,0.001,500.0,results/brute_force/used_SC5_HBD/results/sweep_1.csv
1391703391,0333030303030303030303033,37342,99962660,19400,46,17895,99962659,100000000,pymatching,SurfaceCode,25,1,5,HBD_noise,0.001,500.0,results/brute_force/used_SC5_HBD/results/sweep_91.csv
2094069451,0030220330223300030203202,68893,99931109,33889,120,34883,99931108,100000000,pymatching,SurfaceCode,25,1,5,HBD_noise,0.001,500.0,results/brute_force/used_SC5_HBD/results/sweep_91.csv
1196071829,0030220320222300030203202,70753,99929249,33662,138,36952,99929248,100000000,pymatching,SurfaceCode,25,1,5,HBD_noise,0.001,500.0,results/brute_force/used_SC5_HBD/results/sweep_91.csv
540549086,0030220330323300030203202,68086,99931916,33786,132,34167,99931915,100000000,pymatching,SurfaceCode,25,1,5,HBD_noise,0.001,500.0,results/brute_force/used_SC5_HBD/results/sweep_91.csv
1304934465,0230220320333300030203202,64633,99935369,32816,111,31705,99935368,100000000,pymatching,SurfaceCode,25,1,5,HBD_noise,0.001,500.0,results/brute_force/used_SC5_HBD/results/sweep_91.csv
1676076822,0230220320333300030233202,65702,99934300,33945,115,31641,99934299,100000000,pymatching,SurfaceCode,25,1,5,HBD_noise,0.001,500.0,results/brute_force/used_SC5_HBD/results/sweep_91.csv
1652120662,0030220330333300030203202,61978,99938024,31686,75,30216,99938023,100000000,pymatching,SurfaceCode,25,1,5,HBD_noise,0.001,500.0,results/brute_force/used_SC5_HBD/results/sweep_91.csv
1265133880,0333020332333300030303200,53843,99946159,29499,67,24276,99946158,100000000,pymatching,SurfaceCode,25,1,5,HBD_noise,0.001,500.0,results/brute_force/used_SC5_HBD/results/sweep_91.csv
722350895,0303020302333300030303200,48821,99951181,24954,65,23801,99951180,100000000,pymatching,SurfaceCode,25,1,5,HBD_noise,0.001,500.0,results/brute_force/used_SC5_HBD/results/sweep_91.csv
1355387047,0303030302330300030303200,42793,99957209,20739,53,22000,99957208,100000000,pymatching,SurfaceCode,25,1,5,HBD_noise,0.001,500.0,results/brute_force/used_SC5_HBD/results/sweep_91.csv
784808084,0003030320203333033020032,62667,99937335,32687,86,29893,99937334,100000000,pymatching,SurfaceCode,25,1,5,HBD_noise,0.001,500.0,results/brute_force/used_SC5_HBD/results/sweep_121.csv
2125899134,0020232003020303020300230,61651,99938351,26189,84,35377,99938350,100000000,pymatching,SurfaceCode,25,1,5,HBD_noise,0.001,500.0,results/brute_force/used_SC5_HBD/results/sweep_121.csv
1135074809,2323300223030300200003030,59399,99940603,27586,93,31719,99940602,100000000,pymatching,SurfaceCode,25,1,5,HBD_noise,0.001,500.0,results/brute_force/used_SC5_HBD/results/sweep_121.csv
640175017,2300230303300033000323232,57286,99942716,26106,89,31090,99942715,100000000,pymatching,SurfaceCode,25,1,5,HBD_noise,0.001,500.0,results/brute_force/used_SC5_HBD/results/sweep_121.csv
1390228180,3320230303000223030333022,53975,99946027,25453,63,28458,99946026,100000000,pymatching,SurfaceCode,25,1,5,HBD_noise,0.001,500.0,results/brute_force/used_SC5_HBD/results/sweep_121.csv
1848034183,3222000333020330030303033,54786,99945216,27306,81,27398,99945215,100000000,pymatching,SurfaceCode,25,1,5,HBD_noise,0.001,500.0,results/brute_force/used_SC5_HBD/results/sweep_121.csv
1089982185,3003332333030303020323332,52808,99947194,28699,63,24045,99947193,100000000,pymatching,SurfaceCode,25,1,5,HBD_noise,0.001,500.0,results/brute_force/used_SC5_HBD/results/sweep_121.csv
10620428,0302030303030303230320220,47139,99952863,23852,69,23217,99952862,100000000,pymatching,SurfaceCode,25,1,5,HBD_noise,0.001,500.0,results/brute_force/used_SC5_HBD/results/sweep_121.csv
1486504168,2333202003332020002022300,84545,99915457,40915,178,43451,99915456,100000000,pymatching,SurfaceCode,25,1,5,HBD_noise,0.001,500.0,results/brute_force/used_SC5_HBD/results/sweep_121.csv
20815857,3203000033302003032333032,67752,99932250,32995,117,34639,99932249,100000000,pymatching,SurfaceCode,25,1,5,HBD_noise,0.001,500.0,results/brute_force/used_SC5_HBD/results/sweep_121.csv
1797719631,0333333302330302023300220,57083,99942919,30243,93,26746,99942918,100000000,pymatching,SurfaceCode,25,1,5,HBD_noise,0.001,500.0,results/brute_force/used_SC5_HBD/results/sweep_153.csv
1985279401,2203000002030033032203033,57111,99942891,24251,83,32776,99942890,100000000,pymatching,SurfaceCode,25,1,5,HBD_noise,0.001,500.0,results/brute_force/used_SC5_HBD/results/sweep_153.csv
1075714197,3203330303233320000203232,56263,99943739,29141,70,27051,99943738,100000000,pymatching,SurfaceCode,25,1,5,HBD_noise,0.001,500.0,results/brute_force/used_SC5_HBD/results/sweep_153.csv
1535724939,0223030333030333003300202,54250,99945752,28217,63,25969,99945751,100000000,pymatching,SurfaceCode,25,1,5,HBD_noise,0.001,500.0,results/brute_force/used_SC5_HBD/results/sweep_153.csv
345666733,0300020300320303020322033,54898,99945104,24550,72,30275,99945103,100000000,pymatching,SurfaceCode,25,1,5,HBD_noise,0.001,500.0,results/brute_force/used_SC5_HBD/results/sweep_153.csv
1758704740,2303030333000303033200320,50616,99949386,25666,62,24887,99949385,100000000,pymatching,SurfaceCode,25,1,5,HBD_noise,0.001,500.0,results/brute_force/used_SC5_HBD/results/sweep_153.csv
461093785,3000000300030003230300030,49888,99950114,21201,60,28626,99950113,100000000,pymatching,SurfaceCode,25,1,5,HBD_noise,0.001,500.0,results/brute_force/used_SC5_HBD/results/sweep_153.csv
779927184,0303000303030333330032032,46123,99953879,23639,63,22420,99953878,100000000,pymatching,SurfaceCode,25,1,5,HBD_noise,0.001,500.0,results/brute_force/used_SC5_HBD/results/sweep_153.csv
1828028517,2230003200030333332202033,65923,99934079,34314,95,31513,99934078,100000000,pymatching,SurfaceCode,25,1,5,HBD_noise,0.001,500.0,results/brute_force/used_SC5_HBD/results/sweep_153.csv
1005392890,3320030200203300330330003,63644,99936358,30892,87,32664,99936357,100000000,pymatching,SurfaceCode,25,1,5,HBD_noise,0.001,500.0,results/brute_force/used_SC5_HBD/results/sweep_153.csv
1511005261,3002200200003323030002333,64523,99935479,29466,101,34955,99935478,100000000,pymatching,SurfaceCode,25,1,5,HBD_noise,0.001,500.0,results/brute_force/used_SC5_HBD/results/sweep_32.csv
1082499309,2002230200000323030033333,57897,99942105,26294,89,31513,99942104,100000000,pymatching,SurfaceCode,25,1,5,HBD_noise,0.001,500.0,results/brute_force/used_SC5_HBD/results/sweep_32.csv
2099663164,2002230200030323030003333,52822,99947180,24693,68,28060,99947179,100000000,pymatching,SurfaceCode,25,1,5,HBD_noise,0.001,500.0,results/brute_force/used_SC5_HBD/results/sweep_32.csv
183450802,2002230203030323030033333,52298,99947704,25841,75,26381,99947703,100000000,pymatching,SurfaceCode,25,1,5,HBD_noise,0.001,500.0,results/brute_force/used_SC5_HBD/results/sweep_32.csv
826025654,2003230303030323030033333,45509,99954493,23474,54,21980,99954492,100000000,pymatching,SurfaceCode,25,1,5,HBD_noise,0.001,500.0,results/brute_force/used_SC5_HBD/results/sweep_32.csv
554589259,2003230303030323030033033,43885,99956117,21939,65,21880,99956116,100000000,pymatching,SurfaceCode,25,1,5,HBD_noise,0.001,500.0,results/brute_force/used_SC5_HBD/results/sweep_32.csv
1332748623,2303230303030323030033033,42423,99957579,21822,50,20550,99957578,100000000,pymatching,SurfaceCode,25,1,5,HBD_noise,0.001,500.0,results/brute_force/used_SC5_HBD/results/sweep_32.csv
479817450,2303230303030323030233033,43073,99956929,22150,65,20857,99956928,100000000,pymatching,SurfaceCode,25,1,5,HBD_noise,0.001,500.0,results/brute_force/used_SC5_HBD/results/sweep_32.csv
87834175,2303230303030323030203033,41331,99958671,20919,52,20359,99958670,100000000,pymatching,SurfaceCode,25,1,5,HBD_noise,0.001,500.0,results/brute_force/used_SC5_HBD/results/sweep_32.csv
1501783243,2303200303030323030303033,41586,99958416,20729,50,20806,99958415,100000000,pymatching,SurfaceCode,25,1,5,HBD_noise,0.001,500.0,results/brute_force/used_SC5_HBD/results/sweep_32.csv
1827817086,0333003323230323233302323,63426,99936576,37419,98,25908,99936575,100000000,pymatching,SurfaceCode,25,1,5,HBD_noise,0.001,500.0,results/brute_force/used_SC5_HBD/results/sweep_35.csv
91909680,0333033323230323233302323,61533,99938469,37369,109,24054,99938468,100000000,pymatching,SurfaceCode,25,1,5,HBD_noise,0.001,500.0,results/brute_force/used_SC5_HBD/results/sweep_35.csv
2035552573,0333033323230303233302323,58711,99941291,35171,90,23449,99941290,100000000,pymatching,SurfaceCode,25,1,5,HBD_noise,0.001,500.0,results/brute_force/used_SC5_HBD/results/sweep_35.csv
1612320687,0333032323230303333302320,56473,99943529,33390,95,22987,99943528,100000000,pymatching,SurfaceCode,25,1,5,HBD_noise,0.001,500.0,results/brute_force/used_SC5_HBD/results/sweep_35.csv
599899752,0333030323230303333302320,52728,99947274,30484,72,22171,99947273,100000000,pymatching,SurfaceCode,25,1,5,HBD_noise,0.001,500.0,results/brute_force/used_SC5_HBD/results/sweep_35.csv
1885641024,0333030320030303333302220,52383,99947619,28766,61,23555,99947618,100000000,pymatching,SurfaceCode,25,1,5,HBD_noise,0.001,500.0,results/brute_force/used_SC5_HBD/results/sweep_35.csv
2075003756,0333030320030303333302320,51907,99948095,28741,81,23084,99948094,100000000,pymatching,SurfaceCode,25,1,5,HBD_noise,0.001,500.0,results/brute_force/used_SC5_HBD/results/sweep_35.csv
1570874497,0333020300030303333302020,47657,99952345,24425,73,23158,99952344,100000000,pymatching,SurfaceCode,25,1,5,HBD_noise,0.001,500.0,results/brute_force/used_SC5_HBD/results/sweep_35.csv
1228274521,0303020302030303333303020,45337,99954665,23308,46,21982,99954664,100000000,pymatching,SurfaceCode,25,1,5,HBD_noise,0.001,500.0,results/brute_force/used_SC5_HBD/results/sweep_35.csv
1859689721,0303020302030303333303000,45385,99954617,23147,58,22179,99954616,100000000,pymatching,SurfaceCode,25,1,5,HBD_noise,0.001,500.0,results/brute_force/used_SC5_HBD/results/sweep_35.csv
1544805021,2020320333230332320230320,72177,99927825,37904,113,34159,99927824,100000000,pymatching,SurfaceCode,25,1,5,HBD_noise,0.001,500.0,results/brute_force/used_SC5_HBD/results/sweep_128.csv
438657671,2233330203320302022030330,68147,99931855,32747,125,35274,99931854,100000000,pymatching,SurfaceCode,25,1,5,HBD_noise,0.001,500.0,results/brute_force/used_SC5_HBD/results/sweep_128.csv
1127435685,0303000332320033023323300,65914,99934088,31770,132,34011,99934087,100000000,pymatching,SurfaceCode,25,1,5,HBD_noise,0.001,500.0,results/brute_force/used_SC5_HBD/results/sweep_128.csv
206146887,0003020323320332333200033,64038,99935964,33246,89,30702,99935963,100000000,pymatching,SurfaceCode,25,1,5,HBD_noise,0.001,500.0,results/brute_force/used_SC5_HBD/results/sweep_128.csv
2093966605,0330200332332302030033000,59095,99940907,30272,86,28736,99940906,100000000,pymatching,SurfaceCode,25,1,5,HBD_noise,0.001,500.0,results/brute_force/used_SC5_HBD/results/sweep_128.csv
278786799,0030003330030303002300230,57975,99942027,28630,90,29254,99942026,100000000,pymatching,SurfaceCode,25,1,5,HBD_noise,0.001,500.0,results/brute_force/used_SC5_HBD/results/sweep_128.csv
1373372623,3303333323030320002233030,56793,99943209,30673,97,26022,99943208,100000000,pymatching,SurfaceCode,25,1,5,HBD_noise,0.001,500.0,results/brute_force/used_SC5_HBD/results/sweep_128.csv
2066961902,0000230300232333030003202,56047,99943955,27678,88,28280,99943954,100000000,pymatching,SurfaceCode,25,1,5,HBD_noise,0.001,500.0,results/brute_force/used_SC5_HBD/results/sweep_128.csv
1940207366,0003030303002300030320332,52124,99947878,24631,90,27402,99947877,100000000,pymatching,SurfaceCode,25,1,5,HBD_noise,0.001,500.0,results/brute_force/used_SC5_HBD/results/sweep_128.csv
1499233956,0300330333030330020323333,50007,99949995,25945,71,23990,99949994,100000000,pymatching,SurfaceCode,25,1,5,HBD_noise,0.001,500.0,results/brute_force/used_SC5_HBD/results/sweep_128.csv
1818861752,3322300322020333033332303,67672,99932330,36023,105,31543,99932329,100000000,pymatching,SurfaceCode,25,1,5,HBD_noise,0.001,500.0,results/brute_force/used_SC5_HBD/results/sweep_8.csv
701090511,3322300322020303033330303,64763,99935239,33519,99,31144,99935238,100000000,pymatching,SurfaceCode,25,1,5,HBD_noise,0.001,500.0,results/brute_force/used_SC5_HBD/results/sweep_8.csv
679008908,3022300332020303033330303,65084,99934918,33641,115,31327,99934917,100000000,pymatching,SurfaceCode,25,1,5,HBD_noise,0.001,500.0,results/brute_force/used_SC5_HBD/results/sweep_8.csv
9531181,3322300322020303033333303,63111,99936891,33390,95,29625,99936890,100000000,pymatching,SurfaceCode,25,1,5,HBD_noise,0.001,500.0,results/brute_force/used_SC5_HBD/results/sweep_8.csv
1825126326,3320330302020303033333303,55059,99944943,28989,72,25997,99944942,100000000,pymatching,SurfaceCode,25,1,5,HBD_noise,0.001,500.0,results/brute_force/used_SC5_HBD/results/sweep_8.csv
602420392,3320330302020303033333333,53465,99946537,28998,67,24399,99946536,100000000,pymatching,SurfaceCode,25,1,5,HBD_noise,0.001,500.0,results/brute_force/used_SC5_HBD/results/sweep_8.csv
64063275,3200230303030303033333033,44798,99955204,23991,49,20757,99955203,100000000,pymatching,SurfaceCode,25,1,5,HBD_noise,0.001,500.0,results/brute_force/used_SC5_HBD/results/sweep_8.csv
732868958,3202230303030303033333033,45819,99954183,24777,62,20979,99954182,100000000,pymatching,SurfaceCode,25,1,5,HBD_noise,0.001,500.0,results/brute_force/used_SC5_HBD/results/sweep_8.csv
352071126,3200230303030303033302030,43828,99956174,22143,47,21637,99956173,100000000,pymatching,SurfaceCode,25,1,5,HBD_noise,0.001,500.0,results/brute_force/used_SC5_HBD/results/sweep_8.csv
2723351,3300230303030303033302030,42478,99957524,21814,78,20585,99957523,100000000,pymatching,SurfaceCode,25,1,5,HBD_noise,0.001,500.0,results/brute_force/used_SC5_HBD/results/sweep_8.csv
352682009,2303030300030300030303030,38259,99961743,18195,46,20017,99961742,100000000,pymatching,SurfaceCode,25,1,5,HBD_noise,0.001,500.0,results/brute_force/used_SC5_HBD/results/sweep_49.csv
1193888049,2303030303030300030300030,38382,99961620,18101,53,20227,99961619,100000000,pymatching,SurfaceCode,25,1,5,HBD_noise,0.001,500.0,results/brute_force/used_SC5_HBD/results/sweep_49.csv
77516290,2303030303030300030303030,37453,99962549,18228,48,19176,99962548,100000000,pymatching,SurfaceCode,25,1,5,HBD_noise,0.001,500.0,results/brute_force/used_SC5_HBD/results/sweep_49.csv
1744591683,3203030323300320000033032,57652,99942350,26519,74,31058,99942349,100000000,pymatching,SurfaceCode,25,1,5,HBD_noise,0.001,500.0,results/brute_force/used_SC5_HBD/results/sweep_49.csv
2102934576,3203030333300300000033033,53505,99946497,24726,80,28698,99946496,100000000,pymatching,SurfaceCode,25,1,5,HBD_noise,0.001,500.0,results/brute_force/used_SC5_HBD/results/sweep_49.csv
970881052,3202330333330300000033033,52905,99947097,26223,95,26586,99947096,100000000,pymatching,SurfaceCode,25,1,5,HBD_noise,0.001,500.0,results/brute_force/used_SC5_HBD/results/sweep_49.csv
881181908,3202330333330300000203030,50609,99949393,24687,69,25852,99949392,100000000,pymatching,SurfaceCode,25,1,5,HBD_noise,0.001,500.0,results/brute_force/used_SC5_HBD/results/sweep_49.csv
481223237,3202330333330303000203030,49185,99950817,24721,68,24395,99950816,100000000,pymatching,SurfaceCode,25,1,5,HBD_noise,0.001,500.0,results/brute_force/used_SC5_HBD/results/sweep_49.csv
324820820,2202330303330303000203030,46367,99953635,22058,67,24241,99953634,100000000,pymatching,SurfaceCode,25,1,5,HBD_noise,0.001,500.0,results/brute_force/used_SC5_HBD/results/sweep_49.csv
507956544,2202330303330303000003030,46109,99953893,21859,58,24191,99953892,100000000,pymatching,SurfaceCode,25,1,5,HBD_noise,0.001,500.0,results/brute_force/used_SC5_HBD/results/sweep_49.csv
245682198,2203330303032003003002303,62297,99937705,30355,96,31845,99937704,100000000,pymatching,SurfaceCode,25,1,5,HBD_noise,0.001,500.0,results/brute_force/used_SC5_HBD/results/sweep_154.csv
1656970605,2303022303200033030202200,60092,99939910,26978,112,33001,99939909,100000000,pymatching,SurfaceCode,25,1,5,HBD_noise,0.001,500.0,results/brute_force/used_SC5_HBD/results/sweep_154.csv
564496522,0303000230030320330232230,60020,99939982,29719,83,30217,99939981,100000000,pymatching,SurfaceCode,25,1,5,HBD_noise,0.001,500.0,results/brute_force/used_SC5_HBD/results/sweep_154.csv
1179160592,0300233330030303230203233,53889,99946113,28634,71,25183,99946112,100000000,pymatching,SurfaceCode,25,1,5,HBD_noise,0.001,500.0,results/brute_force/used_SC5_HBD/results/sweep_154.csv
1005090452,2003000303030323233233022,53610,99946392,27833,75,25701,99946391,100000000,pymatching,SurfaceCode,25,1,5,HBD_noise,0.001,500.0,results/brute_force/used_SC5_HBD/results/sweep_154.csv
1874331536,2333033323030303033032030,52514,99947488,30050,71,22392,99947487,100000000,pymatching,SurfaceCode,25,1,5,HBD_noise,0.001,500.0,results/brute_force/used_SC5_HBD/results/sweep_154.csv
108121386,0333030302030330032203220,49746,99950256,24928,75,24742,99950255,100000000,pymatching,SurfaceCode,25,1,5,HBD_noise,0.001,500.0,results/brute_force/used_SC5_HBD/results/sweep_154.csv
1601799639,0003203033230200033003022,66244,99933758,30441,94,35708,99933757,100000000,pymatching,SurfaceCode,25,1,5,HBD_noise,0.001,500.0,results/brute_force/used_SC5_HBD/results/sweep_154.csv
1437038357,2203230332320320032323002,62978,99937024,32331,115,30531,99937023,100000000,pymatching,SurfaceCode,25,1,5,HBD_noise,0.001,500.0,results/brute_force/used_SC5_HBD/results/sweep_154.csv
1439175025,0222032302230300230322320,61778,99938224,31226,105,30446,99938223,100000000,pymatching,SurfaceCode,25,1,5,HBD_noise,0.001,500.0,results/brute_force/used_SC5_HBD/results/sweep_154.csv
1941188206,3320330003333300002202222,69799,99930203,35275,112,34411,99930202,100000000,pymatching,SurfaceCode,25,1,5,HBD_noise,0.001,500.0,results/brute_force/used_SC5_HBD/results/sweep_98.csv
1663723601,0000020333032332330332202,62988,99937014,33774,90,29123,99937013,100000000,pymatching,SurfaceCode,25,1,5,HBD_noise,0.001,500.0,results/brute_force/used_SC5_HBD/results/sweep_98.csv
905767881,0002302303030200032302222,61493,99938509,28986,100,32406,99938508,100000000,pymatching,SurfaceCode,25,1,5,HBD_noise,0.001,500.0,results/brute_force/used_SC5_HBD/results/sweep_98.csv
824914729,3303332323233303030323302,57064,99942938,33992,80,22991,99942937,100000000,pymatching,SurfaceCode,25,1,5,HBD_noise,0.001,500.0,results/brute_force/used_SC5_HBD/results/sweep_98.csv
750574282,3003030300032003333300320,57788,99942214,30044,84,27659,99942213,100000000,pymatching,SurfaceCode,25,1,5,HBD_noise,0.001,500.0,results/brute_force/used_SC5_HBD/results/sweep_98.csv
2072619526,2233230323030203032303200,57190,99942812,29064,100,28025,99942811,100000000,pymatching,SurfaceCode,25,1,5,HBD_noise,0.001,500.0,results/brute_force/used_SC5_HBD/results/sweep_98.csv
1547298865,2323302320030333030003230,56087,99943915,30073,64,25949,99943914,100000000,pymatching,SurfaceCode,25,1,5,HBD_noise,0.001,500.0,results/brute_force/used_SC5_HBD/results/sweep_98.csv
1966276133,0030030330030330030302223,53266,99946736,26550,68,26647,99946735,100000000,pymatching,SurfaceCode,25,1,5,HBD_noise,0.001,500.0,results/brute_force/used_SC5_HBD/results/sweep_98.csv
8749692,0023020303300333033203032,52660,99947342,26075,82,26502,99947341,100000000,pymatching,SurfaceCode,25,1,5,HBD_noise,0.001,500.0,results/brute_force/used_SC5_HBD/results/sweep_98.csv
115170480,0303030322000300030000020,49065,99950937,21112,65,27887,99950936,100000000,pymatching,SurfaceCode,25,1,5,HBD_noise,0.001,500.0,results/brute_force/used_SC5_HBD/results/sweep_98.csv
304876945,3000003303030333030003230,47107,99952895,23536,62,23508,99952894,100000000,pymatching,SurfaceCode,25,1,5,HBD_noise,0.001,500.0,results/brute_force/used_SC5_HBD/results/sweep_10.csv
314992788,3000003303030333030003030,45161,99954841,22282,56,22822,99954840,100000000,pymatching,SurfaceCode,25,1,5,HBD_noise,0.001,500.0,results/brute_force/used_SC5_HBD/results/sweep_10.csv
307281085,3300033303030333030203030,42786,99957216,22409,60,20316,99957215,100000000,pymatching,SurfaceCode,25,1,5,HBD_noise,0.001,500.0,results/brute_force/used_SC5_HBD/results/sweep_10.csv
1594051709,0300230303030333030203030,40522,99959480,19564,56,20901,99959479,100000000,pymatching,SurfaceCode,25,1,5,HBD_noise,0.001,500.0,results/brute_force/used_SC5_HBD/results/sweep_10.csv
256592460,0300030303030333030203030,38970,99961032,18792,49,20128,99961031,100000000,pymatching,SurfaceCode,25,1,5,HBD_noise,0.001,500.0,results/brute_force/used_SC5_HBD/results/sweep_10.csv
1323590443,0303030302030303030303030,36830,99963172,17871,34,18924,99963171,100000000,pymatching,SurfaceCode,25,1,5,HBD_noise,0.001,500.0,results/brute_force/used_SC5_HBD/results/sweep_10.csv
967718541,0303230303030303030303030,36246,99963756,18039,47,18159,99963755,100000000,pymatching,SurfaceCode,25,1,5,HBD_noise,0.001,500.0,results/brute_force/used_SC5_HBD/results/sweep_10.csv
1807859767,0232320300300003023323000,65952,99934050,28783,108,37060,99934049,100000000,pymatching,SurfaceCode,25,1,5,HBD_noise,0.001,500.0,results/brute_force/used_SC5_HBD/results/sweep_10.csv
1799307694,0232320300330003003320000,60902,99939100,27794,101,33006,99939099,100000000,pymatching,SurfaceCode,25,1,5,HBD_noise,0.001,500.0,results/brute_force/used_SC5_HBD/results/sweep_10.csv
361476465,0232320300330003023323000,60690,99939312,28690,89,31910,99939311,100000000,pymatching,SurfaceCode,25,1,5,HBD_noise,0.001,500.0,results/brute_force/used_SC5_HBD/results/sweep_10.csv
910105810,0303033302030003030303030,42452,99957550,20707,53,21691,99957549,100000000,pymatching,SurfaceCode,25,1,5,HBD_noise,0.001,500.0,results/brute_force/used_SC5_HBD/results/sweep_17.csv
914483864,0003033303030303030303030,38154,99961848,19416,42,18695,99961847,100000000,pymatching,SurfaceCode,25,1,5,HBD_noise,0.001,500.0,results/brute_force/used_SC5_HBD/results/sweep_17.csv
22658972,0303033303030303030303030,37169,99962833,19242,53,17873,99962832,100000000,pymatching,SurfaceCode,25,1,5,HBD_noise,0.001,500.0,results/brute_force/used_SC5_HBD/results/sweep_17.csv
850651409,0203300333032223032330002,62304,99937698,32511,117,29675,99937697,100000000,pymatching,SurfaceCode,25,1,5,HBD_noise,0.001,500.0,results/brute_force/used_SC5_HBD/results/sweep_17.csv
1589619137,0303300333030223032330002,54007,99945995,27059,90,26857,99945994,100000000,pymatching,SurfaceCode,25,1,5,HBD_noise,0.001,500.0,results/brute_force/used_SC5_HBD/results/sweep_17.csv
640547734,0203300333030223032300002,54408,99945594,26236,74,28097,99945593,100000000,pymatching,SurfaceCode,25,1,5,HBD_noise,0.001,500.0,results/brute_force/used_SC5_HBD/results/sweep_17.csv
2109993193,0303330333030223032330002,52477,99947525,27035,75,25366,99947524,100000000,pymatching,SurfaceCode,25,1,5,HBD_noise,0.001,500.0,results/brute_force/used_SC5_HBD/results/sweep_17.csv
1894579157,0303300333030223033330002,53210,99946792,27268,62,25879,99946791,100000000,pymatching,SurfaceCode,25,1,5,HBD_noise,0.001,500.0,results/brute_force/used_SC5_HBD/results/sweep_17.csv
1388117642,0303300333030223030330002,50052,99949950,24592,82,25377,99949949,100000000,pymatching,SurfaceCode,25,1,5,HBD_noise,0.001,500.0,results/brute_force/used_SC5_HBD/results/sweep_17.csv
984723566,0303300333030223030320002,50615,99949387,24756,66,25792,99949386,100000000,pymatching,SurfaceCode,25,1,5,HBD_noise,0.001,500.0,results/brute_force/used_SC5_HBD/results/sweep_17.csv
2069504888,0303000303030303330000300,44574,99955428,21849,75,22649,99955427,100000000,pymatching,SurfaceCode,25,1,5,HBD_noise,0.001,500.0,results/brute_force/used_SC5_HBD/results/sweep_65.csv
711231613,0303000303030303330002300,44997,99955005,22350,46,22600,99955004,100000000,pymatching,SurfaceCode,25,1,5,HBD_noise,0.001,500.0,results/brute_force/used_SC5_HBD/results/sweep_65.csv
11075541,0303000303030303330002230,44240,99955762,21860,51,22328,99955761,100000000,pymatching,SurfaceCode,25,1,5,HBD_noise,0.001,500.0,results/brute_force/used_SC5_HBD/results/sweep_65.csv
869920380,0303000303030303030000230,41565,99958437,19312,42,22210,99958436,100000000,pymatching,SurfaceCode,25,1,5,HBD_noise,0.001,500.0,results/brute_force/used_SC5_HBD/results/sweep_65.csv
42789222,0303030303030303030303230,36800,99963202,18431,47,18321,99963201,100000000,pymatching,SurfaceCode,25,1,5,HBD_noise,0.001,500.0,results/brute_force/used_SC5_HBD/results/sweep_65.csv
1690139339,2303030303030303030003030,37239,99962763,18092,56,19090,99962762,100000000,pymatching,SurfaceCode,25,1,5,HBD_noise,0.001,500.0,results/brute_force/used_SC5_HBD/results/sweep_65.csv
1504530456,0003030303030303030303033,37191,99962811,18173,44,18973,99962810,100000000,pymatching,SurfaceCode,25,1,5,HBD_noise,0.001,500.0,results/brute_force/used_SC5_HBD/results/sweep_65.csv
785139536,2000230303200222003300330,63712,99936290,28324,95,35292,99936289,100000000,pymatching,SurfaceCode,25,1,5,HBD_noise,0.001,500.0,results/brute_force/used_SC5_HBD/results/sweep_65.csv
115566191,2300230303200322003300330,57079,99942923,26937,68,30073,99942922,100000000,pymatching,SurfaceCode,25,1,5,HBD_noise,0.001,500.0,results/brute_force/used_SC5_HBD/results/sweep_65.csv
1042979454,2300230303200322033300330,53174,99946828,26356,74,26743,99946827,100000000,pymatching,SurfaceCode,25,1,5,HBD_noise,0.001,500.0,results/brute_force/used_SC5_HBD/results/sweep_65.csv
473181977,2303333303030333003003022,51007,99948995,27135,74,23797,99948994,100000000,pymatching,SurfaceCode,25,1,5,HBD_noise,0.001,500.0,results/brute_force/used_SC5_HBD/results/sweep_19.csv
195958148,2303333303030333033003032,46993,99953009,26562,67,20363,99953008,100000000,pymatching,SurfaceCode,25,1,5,HBD_noise,0.001,500.0,results/brute_force/used_SC5_HBD/results/sweep_19.csv
543334476,2303333303030333033303022,46699,99953303,26811,63,19824,99953302,100000000,pymatching,SurfaceCode,25,1,5,HBD_noise,0.001,500.0,results/brute_force/used_SC5_HBD/results/sweep_19.csv
1308432585,2303330303030333033000030,42763,99957239,22317,55,20390,99957238,100000000,pymatching,SurfaceCode,25,1,5,HBD_noise,0.001,500.0,results/brute_force/used_SC5_HBD/results/sweep_19.csv
1581375710,2203330303030303033000030,43532,99956470,21807,49,21675,99956469,100000000,pymatching,SurfaceCode,25,1,5,HBD_noise,0.001,500.0,results/brute_force/used_SC5_HBD/results/sweep_19.csv
565631231,2303330303030303033000030,41492,99958510,21122,45,20324,99958509,100000000,pymatching,SurfaceCode,25,1,5,HBD_noise,0.001,500.0,results/brute_force/used_SC5_HBD/results/sweep_19.csv
2042113405,2303030303030303033300030,39628,99960374,20310,42,19275,99960373,100000000,pymatching,SurfaceCode,25,1,5,HBD_noise,0.001,500.0,results/brute_force/used_SC5_HBD/results/sweep_19.csv
705376513,2303030303030323030300030,38410,99961592,19032,40,19337,99961591,100000000,pymatching,SurfaceCode,25,1,5,HBD_noise,0.001,500.0,results/brute_force/used_SC5_HBD/results/sweep_19.csv
716872006,2333330303030303030303030,38649,99961353,20457,47,18144,99961352,100000000,pymatching,SurfaceCode,25,1,5,HBD_noise,0.001,500.0,results/brute_force/used_SC5_HBD/results/sweep_19.csv
2092416124,2303330303030303030303030,36820,99963182,18772,44,18003,99963181,100000000,pymatching,SurfaceCode,25,1,5,HBD_noise,0.001,500.0,results/brute_force/used_SC5_HBD/results/sweep_19.csv
1343512861,2303300023230200023020202,74426,99925576,32696,142,41587,99925575,100000000,pymatching,SurfaceCode,25,1,5,HBD_noise,0.001,500.0,results/brute_force/used_SC5_HBD/results/sweep_104.csv
1637699754,2203230220000003330200322,71102,99928900,30770,119,40212,99928899,100000000,pymatching,SurfaceCode,25,1,5,HBD_noise,0.001,500.0,results/brute_force/used_SC5_HBD/results/sweep_104.csv
1732398332,2202030302030333332023320,56908,99943094,29720,89,27098,99943093,100000000,pymatching,SurfaceCode,25,1,5,HBD_noise,0.001,500.0,results/brute_force/used_SC5_HBD/results/sweep_104.csv
1689819709,0233330302332303030333000,50040,99949962,26839,75,23125,99949961,100000000,pymatching,SurfaceCode,25,1,5,HBD_noise,0.001,500.0,results/brute_force/used_SC5_HBD/results/sweep_104.csv
695709705,2223303030033020300230002,87875,99912127,42109,162,45603,99912126,100000000,pymatching,SurfaceCode,25,1,5,HBD_noise,0.001,500.0,results/brute_force/used_SC5_HBD/results/sweep_104.csv
1045025319,3200333202000322030300230,60513,99939489,28238,93,32181,99939488,100000000,pymatching,SurfaceCode,25,1,5,HBD_noise,0.001,500.0,results/brute_force/used_SC5_HBD/results/sweep_104.csv
1680402733,3333033302030002232333030,56473,99943529,30365,78,26029,99943528,100000000,pymatching,SurfaceCode,25,1,5,HBD_noise,0.001,500.0,results/brute_force/used_SC5_HBD/results/sweep_104.csv
1384921836,3302200330000302230333033,57108,99942894,27641,86,29380,99942893,100000000,pymatching,SurfaceCode,25,1,5,HBD_noise,0.001,500.0,results/brute_force/used_SC5_HBD/results/sweep_104.csv
2025392126,3220033303030303033333203,52593,99947409,29597,77,22918,99947408,100000000,pymatching,SurfaceCode,25,1,5,HBD_noise,0.001,500.0,results/brute_force/used_SC5_HBD/results/sweep_104.csv
1239875958,0202000302030330020200030,51431,99948571,21273,70,30087,99948570,100000000,pymatching,SurfaceCode,25,1,5,HBD_noise,0.001,500.0,results/brute_force/used_SC5_HBD/results/sweep_104.csv
203329289,3333020300330333330003300,51723,99948279,27822,78,23822,99948278,100000000,pymatching,SurfaceCode,25,1,5,HBD_noise,0.001,500.0,results/brute_force/used_SC5_HBD/results/sweep_103.csv
259867745,0203232033003020330023322,78919,99921083,38658,126,40134,99921082,100000000,pymatching,SurfaceCode,25,1,5,HBD_noise,0.001,500.0,results/brute_force/used_SC5_HBD/results/sweep_103.csv
652259037,3302033023230002022223323,76434,99923568,36863,123,39447,99923567,100000000,pymatching,SurfaceCode,25,1,5,HBD_noise,0.001,500.0,results/brute_force/used_SC5_HBD/results/sweep_103.csv
1272996710,2322032300020323320332003,66250,99933752,32196,114,33939,99933751,100000000,pymatching,SurfaceCode,25,1,5,HBD_noise,0.001,500.0,results/brute_force/used_SC5_HBD/results/sweep_103.csv
316246762,3203030303220022230323230,59736,99940266,28863,102,30770,99940265,100000000,pymatching,SurfaceCode,25,1,5,HBD_noise,0.001,500.0,results/brute_force/used_SC5_HBD/results/sweep_103.csv
1194162398,3300030323330302032220023,55373,99944629,28473,73,26826,99944628,100000000,pymatching,SurfaceCode,25,1,5,HBD_noise,0.001,500.0,results/brute_force/used_SC5_HBD/results/sweep_103.csv
1510438959,2303000233330333030202330,52517,99947485,27074,86,25356,99947484,100000000,pymatching,SurfaceCode,25,1,5,HBD_noise,0.001,500.0,results/brute_force/used_SC5_HBD/results/sweep_103.csv
2020555188,0333030323030300030333023,45126,99954876,23243,69,21813,99954875,100000000,pymatching,SurfaceCode,25,1,5,HBD_noise,0.001,500.0,results/brute_force/used_SC5_HBD/results/sweep_103.csv
1132475484,0032003002032302203323222,80453,99919549,40499,164,39789,99919548,100000000,pymatching,SurfaceCode,25,1,5,HBD_noise,0.001,500.0,results/brute_force/used_SC5_HBD/results/sweep_103.csv
918105777,2333323203020020022200032,76114,99923888,34662,174,41277,99923887,100000000,pymatching,SurfaceCode,25,1,5,HBD_noise,0.001,500.0,results/brute_force/used_SC5_HBD/results/sweep_103.csv
1775532728,3332030232200323030303303,60057,99939945,30911,107,29038,99939944,100000000,pymatching,SurfaceCode,25,1,5,HBD_noise,0.001,500.0,results/brute_force/used_SC5_HBD/results/sweep_62.csv
703748217,3322030232200323030302303,63189,99936813,31728,110,31350,99936812,100000000,pymatching,SurfaceCode,25,1,5,HBD_noise,0.001,500.0,results/brute_force/used_SC5_HBD/results/sweep_62.csv
1496655204,3322033232200323030303003,63338,99936664,33501,82,29754,99936663,100000000,pymatching,SurfaceCode,25,1,5,HBD_noise,0.001,500.0,results/brute_force/used_SC5_HBD/results/sweep_62.csv
140333864,3322030232200323030303203,61761,99938241,31216,97,30447,99938240,100000000,pymatching,SurfaceCode,25,1,5,HBD_noise,0.001,500.0,results/brute_force/used_SC5_HBD/results/sweep_62.csv
1749235244,3302033232200323030303033,58433,99941569,31293,85,27054,99941568,100000000,pymatching,SurfaceCode,25,1,5,HBD_noise,0.001,500.0,results/brute_force/used_SC5_HBD/results/sweep_62.csv
676706032,0302033232200323030303033,56117,99943885,28972,101,27043,99943884,100000000,pymatching,SurfaceCode,25,1,5,HBD_noise,0.001,500.0,results/brute_force/used_SC5_HBD/results/sweep_62.csv
1901498629,0300033203030333000303033,47534,99952468,22909,62,24562,99952467,100000000,pymatching,SurfaceCode,25,1,5,HBD_noise,0.001,500.0,results/brute_force/used_SC5_HBD/results/sweep_62.csv
1280630323,0300030203030333000303033,44593,99955409,20302,52,24238,99955408,100000000,pymatching,SurfaceCode,25,1,5,HBD_noise,0.001,500.0,results/brute_force/used_SC5_HBD/results/sweep_62.csv
585760923,0300030003030303030300033,40755,99959247,18570,56,22128,99959246,100000000,pymatching,SurfaceCode,25,1,5,HBD_noise,0.001,500.0,results/brute_force/used_SC5_HBD/results/sweep_62.csv
2043766034,0303030003030303030300030,38965,99961037,17620,49,21295,99961036,100000000,pymatching,SurfaceCode,25,1,5,HBD_noise,0.001,500.0,results/brute_force/used_SC5_HBD/results/sweep_62.csv
1797638800,3033320320332002032000220,74066,99925936,36788,157,37120,99925935,100000000,pymatching,SurfaceCode,25,1,5,HBD_noise,0.001,500.0,results/brute_force/used_SC5_HBD/results/sweep_136.csv
830762365,3030233303002320333033002,72042,99927960,40447,135,31459,99927959,100000000,pymatching,SurfaceCode,25,1,5,HBD_noise,0.001,500.0,results/brute_force/used_SC5_HBD/results/sweep_136.csv
1486833979,2022330003230323333322332,63526,99936476,35711,91,27723,99936475,100000000,pymatching,SurfaceCode,25,1,5,HBD_noise,0.001,500.0,results/brute_force/used_SC5_HBD/results/sweep_136.csv
1151398837,2002200033233303230003300,62706,99937296,31928,99,30678,99937295,100000000,pymatching,SurfaceCode,25,1,5,HBD_noise,0.001,500.0,results/brute_force/used_SC5_HBD/results/sweep_136.csv
756980958,3333230303230023233302322,60477,99939525,33653,86,26737,99939524,100000000,pymatching,SurfaceCode,25,1,5,HBD_noise,0.001,500.0,results/brute_force/used_SC5_HBD/results/sweep_136.csv
1971788329,0003200320030323220003230,58585,99941417,27462,94,31028,99941416,100000000,pymatching,SurfaceCode,25,1,5,HBD_noise,0.001,500.0,results/brute_force/used_SC5_HBD/results/sweep_136.csv
2049996052,3033030000300303000232030,57690,99942312,24075,94,33520,99942311,100000000,pymatching,SurfaceCode,25,1,5,HBD_noise,0.001,500.0,results/brute_force/used_SC5_HBD/results/sweep_136.csv
1669495010,3233030303000233300333030,55695,99944307,26721,91,28882,99944306,100000000,pymatching,SurfaceCode,25,1,5,HBD_noise,0.001,500.0,results/brute_force/used_SC5_HBD/results/sweep_136.csv
1679358939,0000023303200332030003002,55214,99944788,24592,97,30524,99944787,100000000,pymatching,SurfaceCode,25,1,5,HBD_noise,0.001,500.0,results/brute_force/used_SC5_HBD/results/sweep_136.csv
958809550,2023300332030302032303032,53943,99946059,28585,74,25283,99946058,100000000,pymatching,SurfaceCode,25,1,5,HBD_noise,0.001,500.0,results/brute_force/used_SC5_HBD/results/sweep_136.csv
1971315565,0303030303030303030303003,37094,99962908,18332,31,18730,99962907,100000000,pymatching,SurfaceCode,25,1,5,HBD_noise,0.001,500.0,results/brute_force/used_SC5_HBD/results/sweep_86.csv
291723526,2230332320033322230033002,73059,99926943,40689,123,32246,99926942,100000000,pymatching,SurfaceCode,25,1,5,HBD_noise,0.001,500.0,results/brute_force/used_SC5_HBD/results/sweep_86.csv
214788092,2230332320033322030033002,68755,99931247,38024,112,30618,99931246,100000000,pymatching,SurfaceCode,25,1,5,HBD_noise,0.001,500.0,results/brute_force/used_SC5_HBD/results/sweep_86.csv
2140859992,2230332320033323030033002,66570,99933432,37273,81,29215,99933431,100000000,pymatching,SurfaceCode,25,1,5,HBD_noise,0.001,500.0,results/brute_force/used_SC5_HBD/results/sweep_86.csv
1100552042,2230330320033323030033002,60598,99939404,32209,107,28281,99939403,100000000,pymatching,SurfaceCode,25,1,5,HBD_noise,0.001,500.0,results/brute_force/used_SC5_HBD/results/sweep_86.csv
1111086110,2330320320033323030033002,60949,99939053,31993,78,28877,99939052,100000000,pymatching,SurfaceCode,25,1,5,HBD_noise,0.001,500.0,results/brute_force/used_SC5_HBD/results/sweep_86.csv
978725926,0230330320033323030033002,58449,99941553,30323,83,28042,99941552,100000000,pymatching,SurfaceCode,25,1,5,HBD_noise,0.001,500.0,results/brute_force/used_SC5_HBD/results/sweep_86.csv
1115481650,0233330320033323030033002,56917,99943085,30324,87,26505,99943084,100000000,pymatching,SurfaceCode,25,1,5,HBD_noise,0.001,500.0,results/brute_force/used_SC5_HBD/results/sweep_86.csv
1291825144,0230330320033323030333002,56231,99943771,30335,90,25805,99943770,100000000,pymatching,SurfaceCode,25,1,5,HBD_noise,0.001,500.0,results/brute_force/used_SC5_HBD/results/sweep_86.csv
1351950452,0230330320033333030333002,55532,99944470,30216,82,25233,99944469,100000000,pymatching,SurfaceCode,25,1,5,HBD_noise,0.001,500.0,results/brute_force/used_SC5_HBD/results/sweep_86.csv
1867797543,0303330303030333000303030,40034,99959968,19528,50,20455,99959967,100000000,pymatching,SurfaceCode,25,1,5,HBD_noise,0.001,500.0,results/brute_force/used_SC5_HBD/results/sweep_57.csv
1919812842,3333330323033330020233303,60713,99939289,33852,88,26772,99939288,100000000,pymatching,SurfaceCode,25,1,5,HBD_noise,0.001,500.0,results/brute_force/used_SC5_HBD/results/sweep_57.csv
369860095,3333330323030330020233303,56364,99943638,29878,93,26392,99943637,100000000,pymatching,SurfaceCode,25,1,5,HBD_noise,0.001,500.0,results/brute_force/used_SC5_HBD/results/sweep_57.csv
1119269543,3333330323030330020233203,56937,99943065,29811,79,27046,99943064,100000000,pymatching,SurfaceCode,25,1,5,HBD_noise,0.001,500.0,results/brute_force/used_SC5_HBD/results/sweep_57.csv
1248351310,3323330323030330000233300,55532,99944470,28363,79,27089,99944469,100000000,pymatching,SurfaceCode,25,1,5,HBD_noise,0.001,500.0,results/brute_force/used_SC5_HBD/results/sweep_57.csv
485315005,3333230303030330020233203,52522,99947480,26601,71,25849,99947479,100000000,pymatching,SurfaceCode,25,1,5,HBD_noise,0.001,500.0,results/brute_force/used_SC5_HBD/results/sweep_57.csv
1678343434,3333030303030300020033203,49544,99950458,24678,71,24794,99950457,100000000,pymatching,SurfaceCode,25,1,5,HBD_noise,0.001,500.0,results/brute_force/used_SC5_HBD/results/sweep_57.csv
2131172095,3333030303030330020033203,50605,99949397,25404,70,25130,99949396,100000000,pymatching,SurfaceCode,25,1,5,HBD_noise,0.001,500.0,results/brute_force/used_SC5_HBD/results/sweep_57.csv
2033709400,3333030303030300020033233,47947,99952055,24192,64,23690,99952054,100000000,pymatching,SurfaceCode,25,1,5,HBD_noise,0.001,500.0,results/brute_force/used_SC5_HBD/results/sweep_57.csv
825499149,3333030303030330030033233,45544,99954458,24163,50,21330,99954457,100000000,pymatching,SurfaceCode,25,1,5,HBD_noise,0.001,500.0,results/brute_force/used_SC5_HBD/results/sweep_57.csv
1584990239,2300030303030323030303030,38736,99961266,19430,50,19255,99961265,100000000,pymatching,SurfaceCode,25,1,5,HBD_noise,0.001,500.0,results/brute_force/used_SC5_HBD/results/sweep_81.csv
2011405921,2303030303030323030303030,37163,99962839,18876,54,18232,99962838,100000000,pymatching,SurfaceCode,25,1,5,HBD_noise,0.001,500.0,results/brute_force/used_SC5_HBD/results/sweep_81.csv
1294188169,2303030303030333030303030,37441,99962561,19145,41,18254,99962560,100000000,pymatching,SurfaceCode,25,1,5,HBD_noise,0.001,500.0,results/brute_force/used_SC5_HBD/results/sweep_81.csv
1320134989,2003333320330203333020033,67128,99932874,36548,122,30457,99932873,100000000,pymatching,SurfaceCode,25,1,5,HBD_noise,0.001,500.0,results/brute_force/used_SC5_HBD/results/sweep_81.csv
698925100,2003333320330203033320033,60163,99939839,32683,87,27392,99939838,100000000,pymatching,SurfaceCode,25,1,5,HBD_noise,0.001,500.0,results/brute_force/used_SC5_HBD/results/sweep_81.csv
280833482,2003333320330303033320030,53802,99946200,29960,91,23750,99946199,100000000,pymatching,SurfaceCode,25,1,5,HBD_noise,0.001,500.0,results/brute_force/used_SC5_HBD/results/sweep_81.csv
1858901669,2003033320330303033320030,52433,99947569,28703,76,23653,99947568,100000000,pymatching,SurfaceCode,25,1,5,HBD_noise,0.001,500.0,results/brute_force/used_SC5_HBD/results/sweep_81.csv
374367640,2003033320330303030323030,48225,99951777,25933,72,22219,99951776,100000000,pymatching,SurfaceCode,25,1,5,HBD_noise,0.001,500.0,results/brute_force/used_SC5_HBD/results/sweep_81.csv
961684261,3003033300330303030323030,43314,99956688,22548,60,20705,99956687,100000000,pymatching,SurfaceCode,25,1,5,HBD_noise,0.001,500.0,results/brute_force/used_SC5_HBD/results/sweep_81.csv
2078322905,2003033300330303030323030,43559,99956443,22626,46,20886,99956442,100000000,pymatching,SurfaceCode,25,1,5,HBD_noise,0.001,500.0,results/brute_force/used_SC5_HBD/results/sweep_81.csv
31006700,2202030303330303000003030,44898,99955104,20495,59,24343,99955103,100000000,pymatching,SurfaceCode,25,1,5,HBD_noise,0.001,500.0,results/brute_force/used_SC5_HBD/results/sweep_50.csv
1736759055,2202030303030303000303030,41736,99958266,19031,44,22660,99958265,100000000,pymatching,SurfaceCode,25,1,5,HBD_noise,0.001,500.0,results/brute_force/used_SC5_HBD/results/sweep_50.csv
1355424092,3002030303030303000303030,41449,99958553,18834,50,22564,99958552,100000000,pymatching,SurfaceCode,25,1,5,HBD_noise,0.001,500.0,results/brute_force/used_SC5_HBD/results/sweep_50.csv
642047272,2303330303030303000303030,39504,99960498,19063,55,20385,99960497,100000000,pymatching,SurfaceCode,25,1,5,HBD_noise,0.001,500.0,results/brute_force/used_SC5_HBD/results/sweep_50.csv
1167932141,2000300300020200332332003,68652,99931350,30740,121,37790,99931349,100000000,pymatching,SurfaceCode,25,1,5,HBD_noise,0.001,500.0,results/brute_force/used_SC5_HBD/results/sweep_50.csv
166609940,3030300300020200332332023,70633,99929369,32927,134,37571,99929368,100000000,pymatching,SurfaceCode,25,1,5,HBD_noise,0.001,500.0,results/brute_force/used_SC5_HBD/results/sweep_50.csv
1852286111,3000300300020200032332003,64433,99935569,27955,102,36375,99935568,100000000,pymatching,SurfaceCode,25,1,5,HBD_noise,0.001,500.0,results/brute_force/used_SC5_HBD/results/sweep_50.csv
721900600,3000300300020200032332002,64579,99935423,27873,100,36605,99935422,100000000,pymatching,SurfaceCode,25,1,5,HBD_noise,0.001,500.0,results/brute_force/used_SC5_HBD/results/sweep_50.csv
540647398,3000300300020200030332003,59830,99940172,25266,96,34467,99940171,100000000,pymatching,SurfaceCode,25,1,5,HBD_noise,0.001,500.0,results/brute_force/used_SC5_HBD/results/sweep_50.csv
156785206,3300000300020200030333003,54934,99945068,23008,84,31841,99945067,100000000,pymatching,SurfaceCode,25,1,5,HBD_noise,0.001,500.0,results/brute_force/used_SC5_HBD/results/sweep_50.csv
1888901205,0020030302300022030223202,65222,99934780,27713,102,37406,99934779,100000000,pymatching,SurfaceCode,25,1,5,HBD_noise,0.001,500.0,results/brute_force/used_SC5_HBD/results/sweep_131.csv
1925981763,0222323333230300030023333,60783,99939219,32994,63,27725,99939218,100000000,pymatching,SurfaceCode,25,1,5,HBD_noise,0.001,500.0,results/brute_force/used_SC5_HBD/results/sweep_131.csv
39739179,2300323303300003030000303,59934,99940068,27008,85,32840,99940067,100000000,pymatching,SurfaceCode,25,1,5,HBD_noise,0.001,500.0,results/brute_force/used_SC5_HBD/results/sweep_131.csv
678372633,0202200320230333030230032,55921,99944081,26913,88,28919,99944080,100000000,pymatching,SurfaceCode,25,1,5,HBD_noise,0.001,500.0,results/brute_force/used_SC5_HBD/results/sweep_131.csv
86135746,0203332000030320030303032,49532,99950470,23089,78,26364,99950469,100000000,pymatching,SurfaceCode,25,1,5,HBD_noise,0.001,500.0,results/brute_force/used_SC5_HBD/results/sweep_131.csv
1432229719,0303300303330332000032030,49433,99950569,23449,77,25906,99950568,100000000,pymatching,SurfaceCode,25,1,5,HBD_noise,0.001,500.0,results/brute_force/used_SC5_HBD/results/sweep_131.csv
1624192659,2220202330233200332222330,89017,99910985,49074,158,39784,99910984,100000000,pymatching,SurfaceCode,25,1,5,HBD_noise,0.001,500.0,results/brute_force/used_SC5_HBD/results/sweep_131.csv
561245148,3200203022300002000203020,78272,99921730,30466,119,47686,99921729,100000000,pymatching,SurfaceCode,25,1,5,HBD_noise,0.001,500.0,results/brute_force/used_SC5_HBD/results/sweep_131.csv
1185511258,0222220203232300020320303,72262,99927740,32765,150,39346,99927739,100000000,pymatching,SurfaceCode,25,1,5,HBD_noise,0.001,500.0,results/brute_force/used_SC5_HBD/results/sweep_131.csv
1583229927,2200302322230322020330332,70157,99929845,35148,115,34893,99929844,100000000,pymatching,SurfaceCode,25,1,5,HBD_noise,0.001,500.0,results/brute_force/used_SC5_HBD/results/sweep_131.csv
1905070780,0003200303030330020333330,48737,99951265,22848,66,25822,99951264,100000000,pymatching,SurfaceCode,25,1,5,HBD_noise,0.001,500.0,results/brute_force/used_SC5_HBD/results/sweep_143.csv
255929534,3000330303030332230303002,48405,99951597,24311,66,24027,99951596,100000000,pymatching,SurfaceCode,25,1,5,HBD_noise,0.001,500.0,results/brute_force/used_SC5_HBD/results/sweep_143.csv
1918611603,0030222032303002300323000,86904,99913098,39836,193,46874,99913097,100000000,pymatching,SurfaceCode,25,1,5,HBD_noise,0.001,500.0,results/brute_force/used_SC5_HBD/results/sweep_143.csv
1192948703,2230330202033320033302303,66226,99933776,35281,109,30835,99933775,100000000,pymatching,SurfaceCode,25,1,5,HBD_noise,0.001,500.0,results/brute_force/used_SC5_HBD/results/sweep_143.csv
1247201013,3203333330003200330303023,66309,99933693,35923,130,30255,99933692,100000000,pymatching,SurfaceCode,25,1,5,HBD_noise,0.001,500.0,results/brute_force/used_SC5_HBD/results/sweep_143.csv
741419753,0200000000330323303002230,63677,99936325,28580,90,35006,99936324,100000000,pymatching,SurfaceCode,25,1,5,HBD_noise,0.001,500.0,results/brute_force/used_SC5_HBD/results/sweep_143.csv
1832745875,3033330000330333330302023,55429,99944573,28622,68,26738,99944572,100000000,pymatching,SurfaceCode,25,1,5,HBD_noise,0.001,500.0,results/brute_force/used_SC5_HBD/results/sweep_143.csv
2083728030,0332003303330300033023333,54315,99945687,29308,68,24938,99945686,100000000,pymatching,SurfaceCode,25,1,5,HBD_noise,0.001,500.0,results/brute_force/used_SC5_HBD/results/sweep_143.csv
1927886230,3003320333030203020303033,50496,99949506,24578,74,25843,99949505,100000000,pymatching,SurfaceCode,25,1,5,HBD_noise,0.001,500.0,results/brute_force/used_SC5_HBD/results/sweep_143.csv
513386339,0303000333033303230323033,48458,99951544,26238,80,22139,99951543,100000000,pymatching,SurfaceCode,25,1,5,HBD_noise,0.001,500.0,results/brute_force/used_SC5_HBD/results/sweep_143.csv
747436469,0333020300020303000023002,54488,99945514,22610,78,31799,99945513,100000000,pymatching,SurfaceCode,25,1,5,HBD_noise,0.001,500.0,results/brute_force/used_SC5_HBD/results/sweep_22.csv
73644054,0332020300020303000033022,56591,99943411,23547,77,32966,99943410,100000000,pymatching,SurfaceCode,25,1,5,HBD_noise,0.001,500.0,results/brute_force/used_SC5_HBD/results/sweep_22.csv
775345659,0333000300020303000023002,53503,99946499,22057,70,31375,99946498,100000000,pymatching,SurfaceCode,25,1,5,HBD_noise,0.001,500.0,results/brute_force/used_SC5_HBD/results/sweep_22.csv
786510509,0333020303020303000023022,52714,99947288,22744,70,29899,99947287,100000000,pymatching,SurfaceCode,25,1,5,HBD_noise,0.001,500.0,results/brute_force/used_SC5_HBD/results/sweep_22.csv
1854365265,0333020303030303000033020,45486,99954516,20996,50,24439,99954515,100000000,pymatching,SurfaceCode,25,1,5,HBD_noise,0.001,500.0,results/brute_force/used_SC5_HBD/results/sweep_22.csv
1927826053,0333020303030303000003020,44430,99955572,19863,62,24504,99955571,100000000,pymatching,SurfaceCode,25,1,5,HBD_noise,0.001,500.0,results/brute_force/used_SC5_HBD/results/sweep_22.csv
1278083512,0333030303030303000303030,38492,99961510,18739,42,19710,99961509,100000000,pymatching,SurfaceCode,25,1,5,HBD_noise,0.001,500.0,results/brute_force/used_SC5_HBD/results/sweep_22.csv
476030501,0333020303030303000303030,41112,99958890,19565,44,21502,99958889,100000000,pymatching,SurfaceCode,25,1,5,HBD_noise,0.001,500.0,results/brute_force/used_SC5_HBD/results/sweep_22.csv
72541140,0303030303030303000303030,37773,99962229,17622,44,20106,99962228,100000000,pymatching,SurfaceCode,25,1,5,HBD_noise,0.001,500.0,results/brute_force/used_SC5_HBD/results/sweep_22.csv
549490958,3303030303030303000303030,38357,99961645,18294,52,20010,99961644,100000000,pymatching,SurfaceCode,25,1,5,HBD_noise,0.001,500.0,results/brute_force/used_SC5_HBD/results/sweep_22.csv
1587720902,0232033322330003023300030,62403,99937599,31462,110,30830,99937598,100000000,pymatching,SurfaceCode,25,1,5,HBD_noise,0.001,500.0,results/brute_force/used_SC5_HBD/results/sweep_138.csv
1352176573,2020330322033200030303300,61561,99938441,31279,93,30188,99938440,100000000,pymatching,SurfaceCode,25,1,5,HBD_noise,0.001,500.0,results/brute_force/used_SC5_HBD/results/sweep_138.csv
990609042,3200332203332333030333033,58977,99941025,32969,94,25913,99941024,100000000,pymatching,SurfaceCode,25,1,5,HBD_noise,0.001,500.0,results/brute_force/used_SC5_HBD/results/sweep_138.csv
1229051672,3330303303230003032330032,57275,99942727,30436,77,26761,99942726,100000000,pymatching,SurfaceCode,25,1,5,HBD_noise,0.001,500.0,results/brute_force/used_SC5_HBD/results/sweep_138.csv
933230312,3300030300033003230330320,56184,99943818,28552,97,27534,99943817,100000000,pymatching,SurfaceCode,25,1,5,HBD_noise,0.001,500.0,results/brute_force/used_SC5_HBD/results/sweep_138.csv
77654279,0302320203030333032322003,54543,99945459,27450,91,27001,99945458,100000000,pymatching,SurfaceCode,25,1,5,HBD_noise,0.001,500.0,results/brute_force/used_SC5_HBD/results/sweep_138.csv
232530447,2300002203030300030332002,53462,99946540,24692,95,28674,99946539,100000000,pymatching,SurfaceCode,25,1,5,HBD_noise,0.001,500.0,results/brute_force/used_SC5_HBD/results/sweep_138.csv
106252652,3320330023030323030203330,53080,99946922,27187,65,25827,99946921,100000000,pymatching,SurfaceCode,25,1,5,HBD_noise,0.001,500.0,results/brute_force/used_SC5_HBD/results/sweep_138.csv
1154611354,2323330302230302020300003,52482,99947520,25078,70,27333,99947519,100000000,pymatching,SurfaceCode,25,1,5,HBD_noise,0.001,500.0,results/brute_force/used_SC5_HBD/results/sweep_138.csv
1280931483,2002030303030020020233030,52876,99947126,22946,78,29851,99947125,100000000,pymatching,SurfaceCode,25,1,5,HBD_noise,0.001,500.0,results/brute_force/used_SC5_HBD/results/sweep_138.csv
1525231699,3300030303030322030300023,43959,99956043,21095,51,22812,99956042,100000000,pymatching,SurfaceCode,25,1,5,HBD_noise,0.001,500.0,results/brute_force/used_SC5_HBD/results/sweep_25.csv
2040267510,3300030303030302030300023,42434,99957568,20082,58,22293,99957567,100000000,pymatching,SurfaceCode,25,1,5,HBD_noise,0.001,500.0,results/brute_force/used_SC5_HBD/results/sweep_25.csv
1206193587,3303030303030302030300023,40605,99959397,19581,45,20978,99959396,100000000,pymatching,SurfaceCode,25,1,5,HBD_noise,0.001,500.0,results/brute_force/used_SC5_HBD/results/sweep_25.csv
2081974883,3303030303030303030303023,37764,99962238,18953,41,18769,99962237,100000000,pymatching,SurfaceCode,25,1,5,HBD_noise,0.001,500.0,results/brute_force/used_SC5_HBD/results/sweep_25.csv
1410090558,0303330303030303030303023,38192,99961810,19152,42,18997,99961809,100000000,pymatching,SurfaceCode,25,1,5,HBD_noise,0.001,500.0,results/brute_force/used_SC5_HBD/results/sweep_25.csv
978911373,0303030303030303030303023,36697,99963305,18148,31,18517,99963304,100000000,pymatching,SurfaceCode,25,1,5,HBD_noise,0.001,500.0,results/brute_force/used_SC5_HBD/results/sweep_25.csv
1163249957,0303030303030303030300023,38311,99961691,18575,40,19695,99961690,100000000,pymatching,SurfaceCode,25,1,5,HBD_noise,0.001,500.0,results/brute_force/used_SC5_HBD/results/sweep_25.csv
634153172,0302333023302323032030303,75492,99924510,41004,151,34336,99924509,100000000,pymatching,SurfaceCode,25,1,5,HBD_noise,0.001,500.0,results/brute_force/used_SC5_HBD/results/sweep_25.csv
819621152,0302333023302323032030323,76373,99923629,42040,138,34194,99923628,100000000,pymatching,SurfaceCode,25,1,5,HBD_noise,0.001,500.0,results/brute_force/used_SC5_HBD/results/sweep_25.csv
522986392,0302333023002323032030322,74022,99925980,39372,144,34505,99925979,100000000,pymatching,SurfaceCode,25,1,5,HBD_noise,0.001,500.0,results/brute_force/used_SC5_HBD/results/sweep_25.csv
1218270331,0333002323230203030330003,55965,99944037,28504,66,27394,99944036,100000000,pymatching,SurfaceCode,25,1,5,HBD_noise,0.001,500.0,results/brute_force/used_SC5_HBD/results/sweep_88.csv
633326623,0333002323230203030330000,55148,99944854,27401,111,27635,99944853,100000000,pymatching,SurfaceCode,25,1,5,HBD_noise,0.001,500.0,results/brute_force/used_SC5_HBD/results/sweep_88.csv
124212338,0303020303030203030320030,43675,99956327,20202,52,23420,99956326,100000000,pymatching,SurfaceCode,25,1,5,HBD_noise,0.001,500.0,results/brute_force/used_SC5_HBD/results/sweep_88.csv
1221339234,0300020303030203030320030,44820,99955182,20304,49,24466,99955181,100000000,pymatching,SurfaceCode,25,1,5,HBD_noise,0.001,500.0,results/brute_force/used_SC5_HBD/results/sweep_88.csv
872352375,0303000303030203030320030,42918,99957084,19594,67,23256,99957083,100000000,pymatching,SurfaceCode,25,1,5,HBD_noise,0.001,500.0,results/brute_force/used_SC5_HBD/results/sweep_88.csv
1349190450,0303000303030003030320030,42348,99957654,19066,45,23236,99957653,100000000,pymatching,SurfaceCode,25,1,5,HBD_noise,0.001,500.0,results/brute_force/used_SC5_HBD/results/sweep_88.csv
155487362,0303000303030303030300030,37855,99962147,17572,50,20232,99962146,100000000,pymatching,SurfaceCode,25,1,5,HBD_noise,0.001,500.0,results/brute_force/used_SC5_HBD/results/sweep_88.csv
352204092,0303000303030303030303030,36749,99963253,17629,47,19072,99963252,100000000,pymatching,SurfaceCode,25,1,5,HBD_noise,0.001,500.0,results/brute_force/used_SC5_HBD/results/sweep_88.csv
1296371472,3230000303003023232003022,70576,99929426,33972,130,36473,99929425,100000000,pymatching,SurfaceCode,25,1,5,HBD_noise,0.001,500.0,results/brute_force/used_SC5_HBD/results/sweep_88.csv
1859382421,2300023330220300333032030,68793,99931209,35578,118,33096,99931208,100000000,pymatching,SurfaceCode,25,1,5,HBD_noise,0.001,500.0,results/brute_force/used_SC5_HBD/results/sweep_88.csv
733137888,0330030302030323033333000,46388,99953614,23533,63,22791,99953613,100000000,pymatching,SurfaceCode,25,1,5,HBD_noise,0.001,500.0,results/brute_force/used_SC5_HBD/results/sweep_144.csv
1167608633,0203323233230303033232032,61986,99938016,33846,87,28052,99938015,100000000,pymatching,SurfaceCode,25,1,5,HBD_noise,0.001,500.0,results/brute_force/used_SC5_HBD/results/sweep_144.csv
933001241,2303300330320303003302332,61412,99938590,30768,95,30548,99938589,100000000,pymatching,SurfaceCode,25,1,5,HBD_noise,0.001,500.0,results/brute_force/used_SC5_HBD/results/sweep_144.csv
2048528706,3330023303330323002332200,61200,99938802,32613,82,28504,99938801,100000000,pymatching,SurfaceCode,25,1,5,HBD_noise,0.001,500.0,results/brute_force/used_SC5_HBD/results/sweep_144.csv
2060257551,0202003303030200030200332,54801,99945201,24629,74,30097,99945200,100000000,pymatching,SurfaceCode,25,1,5,HBD_noise,0.001,500.0,results/brute_force/used_SC5_HBD/results/sweep_144.csv
2044880358,2203000030030323030323303,55018,99944984,26696,70,28251,99944983,100000000,pymatching,SurfaceCode,25,1,5,HBD_noise,0.001,500.0,results/brute_force/used_SC5_HBD/results/sweep_144.csv
400235028,0203030033030302030233233,50480,99949522,24443,63,25973,99949521,100000000,pymatching,SurfaceCode,25,1,5,HBD_noise,0.001,500.0,results/brute_force/used_SC5_HBD/results/sweep_144.csv
1134381834,0203200303030303033233032,46324,99953678,23543,68,22712,99953677,100000000,pymatching,SurfaceCode,25,1,5,HBD_noise,0.001,500.0,results/brute_force/used_SC5_HBD/results/sweep_144.csv
1222728035,2330332202300320033232300,72322,99927680,36316,123,35882,99927679,100000000,pymatching,SurfaceCode,25,1,5,HBD_noise,0.001,500.0,results/brute_force/used_SC5_HBD/results/sweep_144.csv
711482850,2030323320230323230223000,68094,99931908,36197,131,31765,99931907,100000000,pymatching,SurfaceCode,25,1,5,HBD_noise,0.001,500.0,results/brute_force/used_SC5_HBD/results/sweep_144.csv
1640834854,0032030333030330220303030,52395,99947607,26869,71,25454,99947606,100000000,pymatching,SurfaceCode,25,1,5,HBD_noise,0.001,500.0,results/brute_force/used_SC5_HBD/results/sweep_59.csv
265783659,0032030333030330230303030,48531,99951471,25530,51,22949,99951470,100000000,pymatching,SurfaceCode,25,1,5,HBD_noise,0.001,500.0,results/brute_force/used_SC5_HBD/results/sweep_59.csv
1468454933,0032030333030330330300030,48900,99951102,25491,56,23352,99951101,100000000,pymatching,SurfaceCode,25,1,5,HBD_noise,0.001,500.0,results/brute_force/used_SC5_HBD/results/sweep_59.csv
1079999720,0000030333330302030303000,44554,99955448,21560,68,22925,99955447,100000000,pymatching,SurfaceCode,25,1,5,HBD_noise,0.001,500.0,results/brute_force/used_SC5_HBD/results/sweep_59.csv
1194738292,0000030333030302030303000,42813,99957189,20347,57,22408,99957188,100000000,pymatching,SurfaceCode,25,1,5,HBD_noise,0.001,500.0,results/brute_force/used_SC5_HBD/results/sweep_59.csv
1831427864,0000030333030302030303030,41233,99958769,19925,47,21260,99958768,100000000,pymatching,SurfaceCode,25,1,5,HBD_noise,0.001,500.0,results/brute_force/used_SC5_HBD/results/sweep_59.csv
2086799130,0000230303030300030303030,39955,99960047,18250,59,21645,99960046,100000000,pymatching,SurfaceCode,25,1,5,HBD_noise,0.001,500.0,results/brute_force/used_SC5_HBD/results/sweep_59.csv
9562261,0000030303030300030303033,39488,99960514,18303,51,21133,99960513,100000000,pymatching,SurfaceCode,25,1,5,HBD_noise,0.001,500.0,results/brute_force/used_SC5_HBD/results/sweep_59.csv
1708278274,0233022003330003000022332,65607,99934395,28748,94,36764,99934394,100000000,pymatching,SurfaceCode,25,1,5,HBD_noise,0.001,500.0,results/brute_force/used_SC5_HBD/results/sweep_59.csv
439574411,0233002000330003030022032,61237,99938765,26493,104,34639,99938764,100000000,pymatching,SurfaceCode,25,1,5,HBD_noise,0.001,500.0,results/brute_force/used_SC5_HBD/results/sweep_59.csv
585577006,3200030332033333030323200,53800,99946202,29122,76,24601,99946201,100000000,pymatching,SurfaceCode,25,1,5,HBD_noise,0.001,500.0,results/brute_force/used_SC5_HBD/results/sweep_34.csv
1165203036,3300030333033333030323300,49548,99950454,27965,61,21521,99950453,100000000,pymatching,SurfaceCode,25,1,5,HBD_noise,0.001,500.0,results/brute_force/used_SC5_HBD/results/sweep_34.csv
135512915,3303030333033333030323303,49191,99950811,28826,74,20290,99950810,100000000,pymatching,SurfaceCode,25,1,5,HBD_noise,0.001,500.0,results/brute_force/used_SC5_HBD/results/sweep_34.csv
1891483451,0303030333033303030333303,46552,99953450,26594,68,19889,99953449,100000000,pymatching,SurfaceCode,25,1,5,HBD_noise,0.001,500.0,results/brute_force/used_SC5_HBD/results/sweep_34.csv
1104456767,0303030303030303030333300,38667,99961335,19741,51,18874,99961334,100000000,pymatching,SurfaceCode,25,1,5,HBD_noise,0.001,500.0,results/brute_force/used_SC5_HBD/results/sweep_34.csv
1474881556,2303030303030303030333000,38293,99961709,19105,45,19142,99961708,100000000,pymatching,SurfaceCode,25,1,5,HBD_noise,0.001,500.0,results/brute_force/used_SC5_HBD/results/sweep_34.csv
118562850,3303030303030303030333030,37011,99962991,18856,47,18107,99962990,100000000,pymatching,SurfaceCode,25,1,5,HBD_noise,0.001,500.0,results/brute_force/used_SC5_HBD/results/sweep_34.csv
649012613,2333203323230323233202323,70687,99929315,42092,97,28497,99929314,100000000,pymatching,SurfaceCode,25,1,5,HBD_noise,0.001,500.0,results/brute_force/used_SC5_HBD/results/sweep_34.csv
2054855008,0333202323230323233202323,68823,99931179,39738,107,28977,99931178,100000000,pymatching,SurfaceCode,25,1,5,HBD_noise,0.001,500.0,results/brute_force/used_SC5_HBD/results/sweep_34.csv
1105272976,0333003323230323233202323,66051,99933951,38829,143,27078,99933950,100000000,pymatching,SurfaceCode,25,1,5,HBD_noise,0.001,500.0,results/brute_force/used_SC5_HBD/results/sweep_34.csv
619270074,3303230333030302200303020,50330,99949672,25040,81,25208,99949671,100000000,pymatching,SurfaceCode,25,1,5,HBD_noise,0.001,500.0,results/brute_force/used_SC5_HBD/results/sweep_129.csv
541351985,0020033233222000020000230,82093,99917909,36027,183,45882,99917908,100000000,pymatching,SurfaceCode,25,1,5,HBD_noise,0.001,500.0,results/brute_force/used_SC5_HBD/results/sweep_129.csv
876736693,2003302000200000323330022,83331,99916671,35748,162,47420,99916670,100000000,pymatching,SurfaceCode,25,1,5,HBD_noise,0.001,500.0,results/brute_force/used_SC5_HBD/results/sweep_129.csv
1730304329,2320300330222332200300232,81142,99918860,40483,166,40492,99918859,100000000,pymatching,SurfaceCode,25,1,5,HBD_noise,0.001,500.0,results/brute_force/used_SC5_HBD/results/sweep_129.csv
73168569,2002233003020323223330023,73481,99926521,35845,121,37514,99926520,100000000,pymatching,SurfaceCode,25,1,5,HBD_noise,0.001,500.0,results/brute_force/used_SC5_HBD/results/sweep_129.csv
1277012615,3033020003333200203023030,72706,99927296,34695,125,37885,99927295,100000000,pymatching,SurfaceCode,25,1,5,HBD_noise,0.001,500.0,results/brute_force/used_SC5_HBD/results/sweep_129.csv
1499421775,3333330323232303330000320,58584,99941418,33588,102,24893,99941417,100000000,pymatching,SurfaceCode,25,1,5,HBD_noise,0.001,500.0,results/brute_force/used_SC5_HBD/results/sweep_129.csv
1521490638,0202030300030003000000223,55403,99944599,21914,76,33412,99944598,100000000,pymatching,SurfaceCode,25,1,5,HBD_noise,0.001,500.0,results/brute_force/used_SC5_HBD/results/sweep_129.csv
1353588653,0222020300030303233002032,55593,99944409,27289,85,28218,99944408,100000000,pymatching,SurfaceCode,25,1,5,HBD_noise,0.001,500.0,results/brute_force/used_SC5_HBD/results/sweep_129.csv
193387566,2302222003030300030322000,55543,99944459,25667,76,29799,99944458,100000000,pymatching,SurfaceCode,25,1,5,HBD_noise,0.001,500.0,results/brute_force/used_SC5_HBD/results/sweep_129.csv
877740952,0303300303030303030302030,38999,99961003,18698,54,20246,99961002,100000000,pymatching,SurfaceCode,25,1,5,HBD_noise,0.001,500.0,results/brute_force/used_SC5_HBD/results/sweep_48.csv
569506494,3303300303030303030303030,38552,99961450,18982,50,19519,99961449,100000000,pymatching,SurfaceCode,25,1,5,HBD_noise,0.001,500.0,results/brute_force/used_SC5_HBD/results/sweep_48.csv
1547763576,2232220302233300020233030,63931,99936071,32415,112,31403,99936070,100000000,pymatching,SurfaceCode,25,1,5,HBD_noise,0.001,500.0,results/brute_force/used_SC5_HBD/results/sweep_48.csv
1999277316,2203230302233300020303030,52228,99947774,26207,81,25939,99947773,100000000,pymatching,SurfaceCode,25,1,5,HBD_noise,0.001,500.0,results/brute_force/used_SC5_HBD/results/sweep_48.csv
1453647561,2203030302233300020303030,50415,99949587,24939,61,25414,99949586,100000000,pymatching,SurfaceCode,25,1,5,HBD_noise,0.001,500.0,results/brute_force/used_SC5_HBD/results/sweep_48.csv
680567745,2203030302233300030303030,46609,99953393,23989,55,22564,99953392,100000000,pymatching,SurfaceCode,25,1,5,HBD_noise,0.001,500.0,results/brute_force/used_SC5_HBD/results/sweep_48.csv
1505874727,2203030302233300030003030,48260,99951742,24198,64,23997,99951741,100000000,pymatching,SurfaceCode,25,1,5,HBD_noise,0.001,500.0,results/brute_force/used_SC5_HBD/results/sweep_48.csv
1221249012,2203000302230300030303030,44609,99955393,20305,54,24249,99955392,100000000,pymatching,SurfaceCode,25,1,5,HBD_noise,0.001,500.0,results/brute_force/used_SC5_HBD/results/sweep_48.csv
368445066,2203030302230300030303030,42477,99957525,20214,56,22206,99957524,100000000,pymatching,SurfaceCode,25,1,5,HBD_noise,0.001,500.0,results/brute_force/used_SC5_HBD/results/sweep_48.csv
855847396,2203030303030300030333030,40206,99959796,19545,62,20598,99959795,100000000,pymatching,SurfaceCode,25,1,5,HBD_noise,0.001,500.0,results/brute_force/used_SC5_HBD/results/sweep_48.csv
764453682,3200230303030303030302030,41049,99958953,19947,41,21060,99958952,100000000,pymatching,SurfaceCode,25,1,5,HBD_noise,0.001,500.0,results/brute_force/used_SC5_HBD/results/sweep_9.csv
2044902770,3200230303030303030303030,40233,99959769,19761,42,20429,99959768,100000000,pymatching,SurfaceCode,25,1,5,HBD_noise,0.001,500.0,results/brute_force/used_SC5_HBD/results/sweep_9.csv
538578342,3300230303030303030303030,38696,99961306,19228,49,19418,99961305,100000000,pymatching,SurfaceCode,25,1,5,HBD_noise,0.001,500.0,results/brute_force/used_SC5_HBD/results/sweep_9.csv
1595621436,3303230303030303030303030,37463,99962539,19005,46,18411,99962538,100000000,pymatching,SurfaceCode,25,1,5,HBD_noise,0.001,500.0,results/brute_force/used_SC5_HBD/results/sweep_9.csv
1780362568,0000002303022023330023323,72316,99927686,35233,134,36948,99927685,100000000,pymatching,SurfaceCode,25,1,5,HBD_noise,0.001,500.0,results/brute_force/used_SC5_HBD/results/sweep_9.csv
1373608883,0000302303020020330023323,69452,99930550,31605,149,37697,99930549,100000000,pymatching,SurfaceCode,25,1,5,HBD_noise,0.001,500.0,results/brute_force/used_SC5_HBD/results/sweep_9.csv
1736395139,0000302303030023330023333,58713,99941289,28998,83,29631,99941288,100000000,pymatching,SurfaceCode,25,1,5,HBD_noise,0.001,500.0,results/brute_force/used_SC5_HBD/results/sweep_9.csv
864455482,0000302303030023030023333,55184,99944818,25931,81,29171,99944817,100000000,pymatching,SurfaceCode,25,1,5,HBD_noise,0.001,500.0,results/brute_force/used_SC5_HBD/results/sweep_9.csv
98086877,0000002303030033030023230,52766,99947236,24124,72,28569,99947235,100000000,pymatching,SurfaceCode,25,1,5,HBD_noise,0.001,500.0,results/brute_force/used_SC5_HBD/results/sweep_9.csv
1254818693,0000003303030333030023230,47566,99952436,23438,56,24071,99952435,100000000,pymatching,SurfaceCode,25,1,5,HBD_noise,0.001,500.0,results/brute_force/used_SC5_HBD/results/sweep_9.csv
27858472,0333300203000332203002302,71632,99928370,33024,142,38465,99928369,100000000,pymatching,SurfaceCode,25,1,5,HBD_noise,0.001,500.0,results/brute_force/used_SC5_HBD/results/sweep_99.csv
2081794364,0003302203033303223332300,71232,99928770,37355,127,33749,99928769,100000000,pymatching,SurfaceCode,25,1,5,HBD_noise,0.001,500.0,results/brute_force/used_SC5_HBD/results/sweep_99.csv
1656449910,2323023300000203332203030,62920,99937082,30800,107,32012,99937081,100000000,pymatching,SurfaceCode,25,1,5,HBD_noise,0.001,500.0,results/brute_force/used_SC5_HBD/results/sweep_99.csv
948692626,0200030300030330322302002,58191,99941811,27666,92,30432,99941810,100000000,pymatching,SurfaceCode,25,1,5,HBD_noise,0.001,500.0,results/brute_force/used_SC5_HBD/results/sweep_99.csv
1348954254,3000320300000333030232333,56569,99943433,26281,93,30194,99943432,100000000,pymatching,SurfaceCode,25,1,5,HBD_noise,0.001,500.0,results/brute_force/used_SC5_HBD/results/sweep_99.csv
750959555,3303230333333333030202303,54478,99945524,31513,60,22904,99945523,100000000,pymatching,SurfaceCode,25,1,5,HBD_noise,0.001,500.0,results/brute_force/used_SC5_HBD/results/sweep_99.csv
1714421243,2033020303233303032333000,52866,99947136,29035,74,23756,99947135,100000000,pymatching,SurfaceCode,25,1,5,HBD_noise,0.001,500.0,results/brute_force/used_SC5_HBD/results/sweep_99.csv
85417629,2323030303230330233302030,51748,99948254,27807,70,23870,99948253,100000000,pymatching,SurfaceCode,25,1,5,HBD_noise,0.001,500.0,results/brute_force/used_SC5_HBD/results/sweep_99.csv
1054181523,2200330302030302030032033,50553,99949449,24020,68,26464,99949448,100000000,pymatching,SurfaceCode,25,1,5,HBD_noise,0.001,500.0,results/brute_force/used_SC5_HBD/results/sweep_99.csv
113243496,3022222230300032222230002,106638,99893364,49049,269,57319,99893363,100000000,pymatching,SurfaceCode,25,1,5,HBD_noise,0.001,500.0,results/brute_force/used_SC5_HBD/results/sweep_99.csv
876678188,0023000300330223033222030,58066,99941936,27913,95,30057,99941935,100000000,pymatching,SurfaceCode,25,1,5,HBD_noise,0.001,500.0,results/brute_force/used_SC5_HBD/results/sweep_155.csv
258522405,2302020303033302032323303,56577,99943425,30978,76,25522,99943424,100000000,pymatching,SurfaceCode,25,1,5,HBD_noise,0.001,500.0,results/brute_force/used_SC5_HBD/results/sweep_155.csv
977583927,0302300302032203030300002,54151,99945851,25393,81,28676,99945850,100000000,pymatching,SurfaceCode,25,1,5,HBD_noise,0.001,500.0,results/brute_force/used_SC5_HBD/results/sweep_155.csv
409464373,3303200300033323030233030,49670,99950332,25550,68,24051,99950331,100000000,pymatching,SurfaceCode,25,1,5,HBD_noise,0.001,500.0,results/brute_force/used_SC5_HBD/results/sweep_155.csv
473894584,3233033303330300030323000,47031,99952971,24557,62,22411,99952970,100000000,pymatching,SurfaceCode,25,1,5,HBD_noise,0.001,500.0,results/brute_force/used_SC5_HBD/results/sweep_155.csv
628235435,0003232333302200022332022,80737,99919265,40399,172,40165,99919264,100000000,pymatching,SurfaceCode,25,1,5,HBD_noise,0.001,500.0,results/brute_force/used_SC5_HBD/results/sweep_155.csv
274790417,2000220030233302000332200,71708,99928294,32443,99,39165,99928293,100000000,pymatching,SurfaceCode,25,1,5,HBD_noise,0.001,500.0,results/brute_force/used_SC5_HBD/results/sweep_155.csv
1017218555,3203333323332303333023222,70978,99929024,44129,102,26746,99929023,100000000,pymatching,SurfaceCode,25,1,5,HBD_noise,0.001,500.0,results/brute_force/used_SC5_HBD/results/sweep_155.csv
771414530,3323332223032302333330030,69222,99930780,40395,145,28681,99930779,100000000,pymatching,SurfaceCode,25,1,5,HBD_noise,0.001,500.0,results/brute_force/used_SC5_HBD/results/sweep_155.csv
491050005,0002020022033303032032022,66649,99933353,32078,118,34452,99933352,100000000,pymatching,SurfaceCode,25,1,5,HBD_noise,0.001,500.0,results/brute_force/used_SC5_HBD/results/sweep_155.csv
1546066298,3330000020000222033203023,72692,99927310,31875,123,40693,99927309,100000000,pymatching,SurfaceCode,25,1,5,HBD_noise,0.001,500.0,results/brute_force/used_SC5_HBD/results/sweep_152.csv
581585832,0302202303000003022023223,70123,99929879,30615,144,39363,99929878,100000000,pymatching,SurfaceCode,25,1,5,HBD_noise,0.001,500.0,results/brute_force/used_SC5_HBD/results/sweep_152.csv
197041496,3333003003303302000302203,68580,99931422,32228,112,36239,99931421,100000000,pymatching,SurfaceCode,25,1,5,HBD_noise,0.001,500.0,results/brute_force/used_SC5_HBD/results/sweep_152.csv
874179846,0002032002332300033320220,67923,99932079,33906,127,33889,99932078,100000000,pymatching,SurfaceCode,25,1,5,HBD_noise,0.001,500.0,results/brute_force/used_SC5_HBD/results/sweep_152.csv
1353273946,0000200003333332300302023,65141,99934861,30910,86,34144,99934860,100000000,pymatching,SurfaceCode,25,1,5,HBD_noise,0.001,500.0,results/brute_force/used_SC5_HBD/results/sweep_152.csv
1118338344,0030300300000330000022000,62504,99937498,24243,86,38174,99937497,100000000,pymatching,SurfaceCode,25,1,5,HBD_noise,0.001,500.0,results/brute_force/used_SC5_HBD/results/sweep_152.csv
932573066,3003233302033003020202000,62075,99937927,29617,92,32365,99937926,100000000,pymatching,SurfaceCode,25,1,5,HBD_noise,0.001,500.0,results/brute_force/used_SC5_HBD/results/sweep_152.csv
1917925920,0023203300020330330302230,60587,99939415,29387,85,31114,99939414,100000000,pymatching,SurfaceCode,25,1,5,HBD_noise,0.001,500.0,results/brute_force/used_SC5_HBD/results/sweep_152.csv
1978447671,2300230203030322320233003,59403,99940599,28527,79,30796,99940598,100000000,pymatching,SurfaceCode,25,1,5,HBD_noise,0.001,500.0,results/brute_force/used_SC5_HBD/results/sweep_152.csv
431729456,2303223002330323030202233,58856,99941146,29729,81,29045,99941145,100000000,pymatching,SurfaceCode,25,1,5,HBD_noise,0.001,500.0,results/brute_force/used_SC5_HBD/results/sweep_152.csv
961508696,0303230303030323030303030,37970,99962032,18966,48,18955,99962031,100000000,pymatching,SurfaceCode,25,1,5,HBD_noise,0.001,500.0,results/brute_force/used_SC5_HBD/results/sweep_33.csv
138913006,3303030303030303030303032,36916,99963086,18749,39,18127,99963085,100000000,pymatching,SurfaceCode,25,1,5,HBD_noise,0.001,500.0,results/brute_force/used_SC5_HBD/results/sweep_33.csv
1461232954,3033033332222333033322203,77395,99922607,46766,150,30478,99922606,100000000,pymatching,SurfaceCode,25,1,5,HBD_noise,0.001,500.0,results/brute_force/used_SC5_HBD/results/sweep_33.csv
2083203792,3333033332322333033323203,72338,99927664,45231,131,26975,99927663,100000000,pymatching,SurfaceCode,25,1,5,HBD_noise,0.001,500.0,results/brute_force/used_SC5_HBD/results/sweep_33.csv
429281804,3333033332322333033223203,75359,99924643,46650,114,28594,99924642,100000000,pymatching,SurfaceCode,25,1,5,HBD_noise,0.001,500.0,results/brute_force/used_SC5_HBD/results/sweep_33.csv
2037556705,3333033332222333033323203,72656,99927346,45256,142,27257,99927345,100000000,pymatching,SurfaceCode,25,1,5,HBD_noise,0.001,500.0,results/brute_force/used_SC5_HBD/results/sweep_33.csv
1269326270,3333033332323333033323203,71554,99928448,45355,111,26087,99928447,100000000,pymatching,SurfaceCode,25,1,5,HBD_noise,0.001,500.0,results/brute_force/used_SC5_HBD/results/sweep_33.csv
1991459636,3333233332332333033323203,69097,99930905,44003,123,24970,99930904,100000000,pymatching,SurfaceCode,25,1,5,HBD_noise,0.001,500.0,results/brute_force/used_SC5_HBD/results/sweep_33.csv
800474420,3330233332232333030323203,65830,99934172,39842,85,25902,99934171,100000000,pymatching,SurfaceCode,25,1,5,HBD_noise,0.001,500.0,results/brute_force/used_SC5_HBD/results/sweep_33.csv
2130812181,3200233332033333030323203,62349,99937653,36220,100,26028,99937652,100000000,pymatching,SurfaceCode,25,1,5,HBD_noise,0.001,500.0,results/brute_force/used_SC5_HBD/results/sweep_33.csv
1555060853,2303000303030333030302030,40112,99959890,19485,46,20580,99959889,100000000,pymatching,SurfaceCode,25,1,5,HBD_noise,0.001,500.0,results/brute_force/used_SC5_HBD/results/sweep_41.csv
495010309,2303030303030333030302020,39869,99960133,19725,50,20093,99960132,100000000,pymatching,SurfaceCode,25,1,5,HBD_noise,0.001,500.0,results/brute_force/used_SC5_HBD/results/sweep_41.csv
73668180,3303230303030303030302030,38464,99961538,19238,37,19188,99961537,100000000,pymatching,SurfaceCode,25,1,5,HBD_noise,0.001,500.0,results/brute_force/used_SC5_HBD/results/sweep_41.csv
111180203,3303230303030303030303032,38467,99961535,19742,55,18669,99961534,100000000,pymatching,SurfaceCode,25,1,5,HBD_noise,0.001,500.0,results/brute_force/used_SC5_HBD/results/sweep_41.csv
457550566,3303330303030303030303030,36725,99963277,18775,43,17906,99963276,100000000,pymatching,SurfaceCode,25,1,5,HBD_noise,0.001,500.0,results/brute_force/used_SC5_HBD/results/sweep_41.csv
197278425,0320000003332323220002032,65887,99934115,31275,106,34505,99934114,100000000,pymatching,SurfaceCode,25,1,5,HBD_noise,0.001,500.0,results/brute_force/used_SC5_HBD/results/sweep_41.csv
1068147282,0332000003332323220002032,65232,99934770,31361,114,33756,99934769,100000000,pymatching,SurfaceCode,25,1,5,HBD_noise,0.001,500.0,results/brute_force/used_SC5_HBD/results/sweep_41.csv
397455405,0302000003332323220000032,62368,99937634,29238,110,33019,99937633,100000000,pymatching,SurfaceCode,25,1,5,HBD_noise,0.001,500.0,results/brute_force/used_SC5_HBD/results/sweep_41.csv
2097818441,0302000003332323220002032,63642,99936360,30151,111,33379,99936359,100000000,pymatching,SurfaceCode,25,1,5,HBD_noise,0.001,500.0,results/brute_force/used_SC5_HBD/results/sweep_41.csv
207292831,0300000003332323230000032,57894,99942108,27833,91,29969,99942107,100000000,pymatching,SurfaceCode,25,1,5,HBD_noise,0.001,500.0,results/brute_force/used_SC5_HBD/results/sweep_41.csv
1130427083,2202000002330333020303333,55659,99944343,25533,76,30049,99944342,100000000,pymatching,SurfaceCode,25,1,5,HBD_noise,0.001,500.0,results/brute_force/used_SC5_HBD/results/sweep_90.csv
991529800,2202000002030333020303333,53750,99946252,23901,98,29750,99946251,100000000,pymatching,SurfaceCode,25,1,5,HBD_noise,0.001,500.0,results/brute_force/used_SC5_HBD/results/sweep_90.csv
990807457,2202030002030333020303333,51510,99948492,23476,79,27954,99948491,100000000,pymatching,SurfaceCode,25,1,5,HBD_noise,0.001,500.0,results/brute_force/used_SC5_HBD/results/sweep_90.csv
281118881,0203030002030333020303333,48897,99951105,22172,71,26653,99951104,100000000,pymatching,SurfaceCode,25,1,5,HBD_noise,0.001,500.0,results/brute_force/used_SC5_HBD/results/sweep_90.csv
1333395535,0303030003030333020303303,46702,99953300,21667,58,24976,99953299,100000000,pymatching,SurfaceCode,25,1,5,HBD_noise,0.001,500.0,results/brute_force/used_SC5_HBD/results/sweep_90.csv
1510218642,0333030303030333020303333,43569,99956433,22884,54,20630,99956432,100000000,pymatching,SurfaceCode,25,1,5,HBD_noise,0.001,500.0,results/brute_force/used_SC5_HBD/results/sweep_90.csv
997904969,0333030303030333000303333,42765,99957237,22161,47,20556,99957236,100000000,pymatching,SurfaceCode,25,1,5,HBD_noise,0.001,500.0,results/brute_force/used_SC5_HBD/results/sweep_90.csv
670058653,0333030303030303000303333,41659,99958343,20955,51,20652,99958342,100000000,pymatching,SurfaceCode,25,1,5,HBD_noise,0.001,500.0,results/brute_force/used_SC5_HBD/results/sweep_90.csv
2011298383,0323030303030303030303333,39447,99960555,20815,56,18575,99960554,100000000,pymatching,SurfaceCode,25,1,5,HBD_noise,0.001,500.0,results/brute_force/used_SC5_HBD/results/sweep_90.csv
1172653716,0333030303030303030303333,38886,99961116,20648,49,18188,99961115,100000000,pymatching,SurfaceCode,25,1,5,HBD_noise,0.001,500.0,results/brute_force/used_SC5_HBD/results/sweep_90.csv
1722497779,0033030233030333000302032,52352,99947650,25358,96,26897,99947649,100000000,pymatching,SurfaceCode,25,1,5,HBD_noise,0.001,500.0,results/brute_force/used_SC5_HBD/results/sweep_120.csv
654314641,0303330323030300030332323,48443,99951559,25668,65,22709,99951558,100000000,pymatching,SurfaceCode,25,1,5,HBD_noise,0.001,500.0,results/brute_force/used_SC5_HBD/results/sweep_120.csv
279505440,3002022333323322000233000,75043,99924959,37576,161,37305,99924958,100000000,pymatching,SurfaceCode,25,1,5,HBD_noise,0.001,500.0,results/brute_force/used_SC5_HBD/results/sweep_120.csv
1322817295,2300200203332033330200300,68968,99931034,33156,129,35682,99931033,100000000,pymatching,SurfaceCode,25,1,5,HBD_noise,0.001,500.0,results/brute_force/used_SC5_HBD/results/sweep_120.csv
407051282,0323230300030223320302300,58347,99941655,28780,91,29475,99941654,100000000,pymatching,SurfaceCode,25,1,5,HBD_noise,0.001,500.0,results/brute_force/used_SC5_HBD/results/sweep_120.csv
573318457,0000223300030303332322000,56964,99943038,28873,79,28011,99943037,100000000,pymatching,SurfaceCode,25,1,5,HBD_noise,0.001,500.0,results/brute_force/used_SC5_HBD/results/sweep_120.csv
1973510171,3333330003230320030020000,52747,99947255,25113,65,27568,99947254,100000000,pymatching,SurfaceCode,25,1,5,HBD_noise,0.001,500.0,results/brute_force/used_SC5_HBD/results/sweep_120.csv
154602878,0303330303030330003223030,46906,99953096,23211,56,23638,99953095,100000000,pymatching,SurfaceCode,25,1,5,HBD_noise,0.001,500.0,results/brute_force/used_SC5_HBD/results/sweep_120.csv
193481210,0232300032333333223303002,76833,99923169,41941,138,34753,99923168,100000000,pymatching,SurfaceCode,25,1,5,HBD_noise,0.001,500.0,results/brute_force/used_SC5_HBD/results/sweep_120.csv
1451841592,0003230323023320233332002,68040,99931962,36532,118,31389,99931961,100000000,pymatching,SurfaceCode,25,1,5,HBD_noise,0.001,500.0,results/brute_force/used_SC5_HBD/results/sweep_120.csv
1876176695,3003330002320333330300030,54274,99945728,26163,65,28045,99945727,100000000,pymatching,SurfaceCode,25,1,5,HBD_noise,0.001,500.0,results/brute_force/used_SC5_HBD/results/sweep_127.csv
957286668,0203230333030000030302222,51775,99948227,24231,70,27473,99948226,100000000,pymatching,SurfaceCode,25,1,5,HBD_noise,0.001,500.0,results/brute_force/used_SC5_HBD/results/sweep_127.csv
53846155,0233030303030303023002203,52503,99947499,25997,83,26422,99947498,100000000,pymatching,SurfaceCode,25,1,5,HBD_noise,0.001,500.0,results/brute_force/used_SC5_HBD/results/sweep_127.csv
1954126015,0023330302030320330323002,51555,99948447,25988,76,25490,99948446,100000000,pymatching,SurfaceCode,25,1,5,HBD_noise,0.001,500.0,results/brute_force/used_SC5_HBD/results/sweep_127.csv
1260510093,0203200003330303230303020,48994,99951008,22731,79,26183,99951007,100000000,pymatching,SurfaceCode,25,1,5,HBD_noise,0.001,500.0,results/brute_force/used_SC5_HBD/results/sweep_127.csv
423500699,2300230303230300030033000,45742,99954260,21730,68,23943,99954259,100000000,pymatching,SurfaceCode,25,1,5,HBD_noise,0.001,500.0,results/brute_force/used_SC5_HBD/results/sweep_127.csv
840066622,2003303032003303222030003,86193,99913809,42492,161,43539,99913808,100000000,pymatching,SurfaceCode,25,1,5,HBD_noise,0.001,500.0,results/brute_force/used_SC5_HBD/results/sweep_127.csv
445312874,0303200030333032223302233,79374,99920628,41626,163,37584,99920627,100000000,pymatching,SurfaceCode,25,1,5,HBD_noise,0.001,500.0,results/brute_force/used_SC5_HBD/results/sweep_127.csv
247782690,0302002223000322332230302,76895,99923107,38643,142,38109,99923106,100000000,pymatching,SurfaceCode,25,1,5,HBD_noise,0.001,500.0,results/brute_force/used_SC5_HBD/results/sweep_127.csv
1625206,0323202000033323303330303,74492,99925510,39586,133,34772,99925509,100000000,pymatching,SurfaceCode,25,1,5,HBD_noise,0.001,500.0,results/brute_force/used_SC5_HBD/results/sweep_127.csv
2108676791,2303233303030332022223030,54914,99945088,29312,79,25522,99945087,100000000,pymatching,SurfaceCode,25,1,5,HBD_noise,0.001,500.0,results/brute_force/used_SC5_HBD/results/sweep_7.csv
406349797,2303033303030332003223030,51361,99948641,27282,56,24022,99948640,100000000,pymatching,SurfaceCode,25,1,5,HBD_noise,0.001,500.0,results/brute_force/used_SC5_HBD/results/sweep_7.csv
214047502,2303033303030332003023030,50832,99949170,26904,88,23839,99949169,100000000,pymatching,SurfaceCode,25,1,5,HBD_noise,0.001,500.0,results/brute_force/used_SC5_HBD/results/sweep_7.csv
214704094,2303033303030332033023030,48141,99951861,26235,63,21842,99951860,100000000,pymatching,SurfaceCode,25,1,5,HBD_noise,0.001,500.0,results/brute_force/used_SC5_HBD/results/sweep_7.csv
725017996,3203033303030332033333030,47736,99952266,26474,60,21201,99952265,100000000,pymatching,SurfaceCode,25,1,5,HBD_noise,0.001,500.0,results/brute_force/used_SC5_HBD/results/sweep_7.csv
1967030770,3003033303030332033333030,47343,99952659,26126,65,21151,99952658,100000000,pymatching,SurfaceCode,25,1,5,HBD_noise,0.001,500.0,results/brute_force/used_SC5_HBD/results/sweep_7.csv
2054806274,3203033303030333033303030,44237,99955765,24798,64,19374,99955764,100000000,pymatching,SurfaceCode,25,1,5,HBD_noise,0.001,500.0,results/brute_force/used_SC5_HBD/results/sweep_7.csv
1160602463,3203030303030333033003030,42210,99957792,21659,50,20500,99957791,100000000,pymatching,SurfaceCode,25,1,5,HBD_noise,0.001,500.0,results/brute_force/used_SC5_HBD/results/sweep_7.csv
1727933817,0303030303030333033303030,38405,99961597,20310,40,18054,99961596,100000000,pymatching,SurfaceCode,25,1,5,HBD_noise,0.001,500.0,results/brute_force/used_SC5_HBD/results/sweep_7.csv
1149215966,0303030303030303032303030,37897,99962105,19154,55,18687,99962104,100000000,pymatching,SurfaceCode,25,1,5,HBD_noise,0.001,500.0,results/brute_force/used_SC5_HBD/results/sweep_7.csv
1865869491,0322200302300302002303230,61551,99938451,27627,93,33830,99938450,100000000,pymatching,SurfaceCode,25,1,5,HBD_noise,0.001,500.0,results/brute_force/used_SC5_HBD/results/sweep_46.csv
774570742,0320200302020302002303233,61825,99938177,27543,114,34167,99938176,100000000,pymatching,SurfaceCode,25,1,5,HBD_noise,0.001,500.0,results/brute_force/used_SC5_HBD/results/sweep_46.csv
1936764802,0302200303300302002300233,59793,99940209,26845,97,32850,99940208,100000000,pymatching,SurfaceCode,25,1,5,HBD_noise,0.001,500.0,results/brute_force/used_SC5_HBD/results/sweep_46.csv
849402818,0302200300300302000300233,57850,99942152,24251,70,33528,99942151,100000000,pymatching,SurfaceCode,25,1,5,HBD_noise,0.001,500.0,results/brute_force/used_SC5_HBD/results/sweep_46.csv
1860222574,3303230303300302002300030,51634,99948368,24018,79,27536,99948367,100000000,pymatching,SurfaceCode,25,1,5,HBD_noise,0.001,500.0,results/brute_force/used_SC5_HBD/results/sweep_46.csv
1190748774,0303230303330302002303030,45800,99954202,22669,58,23072,99954201,100000000,pymatching,SurfaceCode,25,1,5,HBD_noise,0.001,500.0,results/brute_force/used_SC5_HBD/results/sweep_46.csv
1890781473,0303330303330303032000030,42828,99957174,22022,59,20746,99957173,100000000,pymatching,SurfaceCode,25,1,5,HBD_noise,0.001,500.0,results/brute_force/used_SC5_HBD/results/sweep_46.csv
560578633,0303230303330300033303030,41739,99958263,21809,51,19878,99958262,100000000,pymatching,SurfaceCode,25,1,5,HBD_noise,0.001,500.0,results/brute_force/used_SC5_HBD/results/sweep_46.csv
1784274057,0303030303330300033303030,40432,99959570,20947,40,19444,99959569,100000000,pymatching,SurfaceCode,25,1,5,HBD_noise,0.001,500.0,results/brute_force/used_SC5_HBD/results/sweep_46.csv
1007073727,0303030303230300033303030,40804,99959198,20781,41,19981,99959197,100000000,pymatching,SurfaceCode,25,1,5,HBD_noise,0.001,500.0,results/brute_force/used_SC5_HBD/results/sweep_46.csv
1818224783,2233333330030333323300232,66940,99933062,39913,103,26923,99933061,100000000,pymatching,SurfaceCode,25,1,5,HBD_noise,0.001,500.0,results/brute_force/used_SC5_HBD/results/sweep_97.csv
1813790773,2233333330030323320303232,61794,99938208,36125,83,25585,99938207,100000000,pymatching,SurfaceCode,25,1,5,HBD_noise,0.001,500.0,results/brute_force/used_SC5_HBD/results/sweep_97.csv
380042180,3203330332030323030303032,45815,99954187,24545,55,21214,99954186,100000000,pymatching,SurfaceCode,25,1,5,HBD_noise,0.001,500.0,results/brute_force/used_SC5_HBD/results/sweep_97.csv
1944955610,3203330330030323030303032,45268,99954734,23936,64,21267,99954733,100000000,pymatching,SurfaceCode,25,1,5,HBD_noise,0.001,500.0,results/brute_force/used_SC5_HBD/results/sweep_97.csv
1466632893,3203330333030323030300032,44734,99955268,23680,68,20985,99955267,100000000,pymatching,SurfaceCode,25,1,5,HBD_noise,0.001,500.0,results/brute_force/used_SC5_HBD/results/sweep_97.csv
1471945609,3003320303030323030300032,43154,99956848,21179,71,21903,99956847,100000000,pymatching,SurfaceCode,25,1,5,HBD_noise,0.001,500.0,results/brute_force/used_SC5_HBD/results/sweep_97.csv
1208771898,3003320303030303030300033,41668,99958334,20083,58,21526,99958333,100000000,pymatching,SurfaceCode,25,1,5,HBD_noise,0.001,500.0,results/brute_force/used_SC5_HBD/results/sweep_97.csv
1233799958,0303330303030323030303032,38495,99961507,19766,40,18688,99961506,100000000,pymatching,SurfaceCode,25,1,5,HBD_noise,0.001,500.0,results/brute_force/used_SC5_HBD/results/sweep_97.csv
333834241,0303330303030323030303033,37712,99962290,19549,37,18125,99962289,100000000,pymatching,SurfaceCode,25,1,5,HBD_noise,0.001,500.0,results/brute_force/used_SC5_HBD/results/sweep_97.csv
1971527097,2330032323220300203320330,72610,99927392,36946,127,35536,99927391,100000000,pymatching,SurfaceCode,25,1,5,HBD_noise,0.001,500.0,results/brute_force/used_SC5_HBD/results/sweep_97.csv
64935042,0032000303232323033303002,55445,99944557,30051,78,25315,99944556,100000000,pymatching,SurfaceCode,25,1,5,HBD_noise,0.001,500.0,results/brute_force/used_SC5_HBD/results/sweep_112.csv
1164605996,2303030303030333000220220,48550,99951452,23338,70,25141,99951451,100000000,pymatching,SurfaceCode,25,1,5,HBD_noise,0.001,500.0,results/brute_force/used_SC5_HBD/results/sweep_112.csv
774127739,2303030300030333000330002,46402,99953600,21836,62,24503,99953599,100000000,pymatching,SurfaceCode,25,1,5,HBD_noise,0.001,500.0,results/brute_force/used_SC5_HBD/results/sweep_112.csv
568788833,3233022003023020023322203,90068,99909934,43436,175,46456,99909933,100000000,pymatching,SurfaceCode,25,1,5,HBD_noise,0.001,500.0,results/brute_force/used_SC5_HBD/results/sweep_112.csv
652615052,3003203000203300202003033,79240,99920762,37696,148,41395,99920761,100000000,pymatching,SurfaceCode,25,1,5,HBD_noise,0.001,500.0,results/brute_force/used_SC5_HBD/results/sweep_112.csv
1393901559,0003030233323330003033320,72209,99927793,36486,129,35593,99927792,100000000,pymatching,SurfaceCode,25,1,5,HBD_noise,0.001,500.0,results/brute_force/used_SC5_HBD/results/sweep_112.csv
343212236,2020030020030003332223032,68810,99931192,31194,114,37501,99931191,100000000,pymatching,SurfaceCode,25,1,5,HBD_noise,0.001,500.0,results/brute_force/used_SC5_HBD/results/sweep_112.csv
905418252,0332230332003302003000020,67005,99932997,32583,105,34316,99932996,100000000,pymatching,SurfaceCode,25,1,5,HBD_noise,0.001,500.0,results/brute_force/used_SC5_HBD/results/sweep_112.csv
35628349,3323332300032200030323333,60536,99939466,33243,85,27207,99939465,100000000,pymatching,SurfaceCode,25,1,5,HBD_noise,0.001,500.0,results/brute_force/used_SC5_HBD/results/sweep_112.csv
592212238,2300030202320300000302232,59406,99940596,25930,81,33394,99940595,100000000,pymatching,SurfaceCode,25,1,5,HBD_noise,0.001,500.0,results/brute_force/used_SC5_HBD/results/sweep_112.csv
515160445,0303230300030303030303030,37949,99962053,18235,50,19663,99962052,100000000,pymatching,SurfaceCode,25,1,5,HBD_noise,0.001,500.0,results/brute_force/used_SC5_HBD/results/sweep_73.csv
57481514,0000223003030023233303303,64870,99935132,31794,110,32965,99935131,100000000,pymatching,SurfaceCode,25,1,5,HBD_noise,0.001,500.0,results/brute_force/used_SC5_HBD/results/sweep_73.csv
1742589640,0000223003030023033303323,60702,99939300,28873,86,31742,99939299,100000000,pymatching,SurfaceCode,25,1,5,HBD_noise,0.001,500.0,results/brute_force/used_SC5_HBD/results/sweep_73.csv
258356513,3000222003030023033303323,63106,99936896,30206,86,32813,99936895,100000000,pymatching,SurfaceCode,25,1,5,HBD_noise,0.001,500.0,results/brute_force/used_SC5_HBD/results/sweep_73.csv
1240760582,3000223003030033033303323,61846,99938156,30064,104,31677,99938155,100000000,pymatching,SurfaceCode,25,1,5,HBD_noise,0.001,500.0,results/brute_force/used_SC5_HBD/results/sweep_73.csv
1631308595,3000023003030033030303323,56529,99943473,26171,80,30277,99943472,100000000,pymatching,SurfaceCode,25,1,5,HBD_noise,0.001,500.0,results/brute_force/used_SC5_HBD/results/sweep_73.csv
307831917,0000203003030333030303023,49727,99950275,23226,57,26443,99950274,100000000,pymatching,SurfaceCode,25,1,5,HBD_noise,0.001,500.0,results/brute_force/used_SC5_HBD/results/sweep_73.csv
185547753,0000003303030303030303023,43214,99956788,20531,47,22635,99956787,100000000,pymatching,SurfaceCode,25,1,5,HBD_noise,0.001,500.0,results/brute_force/used_SC5_HBD/results/sweep_73.csv
393213827,0000030300030303030300023,42519,99957483,18962,56,23500,99957482,100000000,pymatching,SurfaceCode,25,1,5,HBD_noise,0.001,500.0,results/brute_force/used_SC5_HBD/results/sweep_73.csv
715387380,0000030303030303030203023,41339,99958663,19027,59,22252,99958662,100000000,pymatching,SurfaceCode,25,1,5,HBD_noise,0.001,500.0,results/brute_force/used_SC5_HBD/results/sweep_73.csv
1570410429,0222233303030203033000230,57870,99942132,29107,71,28691,99942131,100000000,pymatching,SurfaceCode,25,1,5,HBD_noise,0.001,500.0,results/brute_force/used_SC5_HBD/results/sweep_169.csv
1957292982,0002323002230303033003032,57454,99942548,28199,73,29181,99942547,100000000,pymatching,SurfaceCode,25,1,5,HBD_noise,0.001,500.0,results/brute_force/used_SC5_HBD/results/sweep_169.csv
1107681208,0330003300330320030002330,53645,99946357,25838,75,27731,99946356,100000000,pymatching,SurfaceCode,25,1,5,HBD_noise,0.001,500.0,results/brute_force/used_SC5_HBD/results/sweep_169.csv
927193362,3203223323030303030033003,52796,99947206,27843,73,24879,99947205,100000000,pymatching,SurfaceCode,25,1,5,HBD_noise,0.001,500.0,results/brute_force/used_SC5_HBD/results/sweep_169.csv
844182767,2003030303333303030300002,45806,99954196,24195,64,21546,99954195,100000000,pymatching,SurfaceCode,25,1,5,HBD_noise,0.001,500.0,results/brute_force/used_SC5_HBD/results/sweep_169.csv
817891785,0000000000000000000000000,64816,99935186,19182,101,45532,99935185,100000000,pymatching,SurfaceCode,25,1,5,HBD_noise,0.001,500.0,results/brute_force/used_SC5_HBD/results/sweep_169.csv
49837096,2222222222222222222222222,134096,99865906,67041,481,66573,99865905,100000000,pymatching,SurfaceCode,25,1,5,HBD_noise,0.001,500.0,results/brute_force/used_SC5_HBD/results/sweep_169.csv
939636656,0333300300030300030033330,46577,99953425,22529,50,23997,99953424,100000000,pymatching,SurfaceCode,25,1,5,HBD_noise,0.001,500.0,results/brute_force/used_SC5_HBD/results/sweep_169.csv
1925406789,0000030303030303030300030,38434,99961568,17660,54,20719,99961567,100000000,pymatching,SurfaceCode,25,1,5,HBD_noise,0.001,500.0,results/brute_force/used_SC5_HBD/results/sweep_74.csv
471401904,0300030303030303030300030,37274,99962728,17456,51,19766,99962727,100000000,pymatching,SurfaceCode,25,1,5,HBD_noise,0.001,500.0,results/brute_force/used_SC5_HBD/results/sweep_74.csv
2023355151,3023300032330303032302020,59245,99940757,29615,97,29532,99940756,100000000,pymatching,SurfaceCode,25,1,5,HBD_noise,0.001,500.0,results/brute_force/used_SC5_HBD/results/sweep_74.csv
1762460666,3023000032330303032302020,57974,99942028,28325,72,29576,99942027,100000000,pymatching,SurfaceCode,25,1,5,HBD_noise,0.001,500.0,results/brute_force/used_SC5_HBD/results/sweep_74.csv
1542916851,3023300333330000032302020,58890,99941112,28496,101,30292,99941111,100000000,pymatching,SurfaceCode,25,1,5,HBD_noise,0.001,500.0,results/brute_force/used_SC5_HBD/results/sweep_74.csv
264189050,3023000002330303002302020,58085,99941917,25176,88,32820,99941916,100000000,pymatching,SurfaceCode,25,1,5,HBD_noise,0.001,500.0,results/brute_force/used_SC5_HBD/results/sweep_74.csv
800285470,3023000000330303002302020,57781,99942221,24596,90,33094,99942220,100000000,pymatching,SurfaceCode,25,1,5,HBD_noise,0.001,500.0,results/brute_force/used_SC5_HBD/results/sweep_74.csv
1947679615,3323000002330303002302032,55664,99944338,25955,83,29625,99944337,100000000,pymatching,SurfaceCode,25,1,5,HBD_noise,0.001,500.0,results/brute_force/used_SC5_HBD/results/sweep_74.csv
503597727,3223030003330303003302030,51826,99948176,24617,60,27148,99948175,100000000,pymatching,SurfaceCode,25,1,5,HBD_noise,0.001,500.0,results/brute_force/used_SC5_HBD/results/sweep_74.csv
1297891217,3233030303330303000302030,44686,99955316,22022,51,22612,99955315,100000000,pymatching,SurfaceCode,25,1,5,HBD_noise,0.001,500.0,results/brute_force/used_SC5_HBD/results/sweep_74.csv
992310067,3232022303030230223203000,71105,99928897,35240,147,35717,99928896,100000000,pymatching,SurfaceCode,25,1,5,HBD_noise,0.001,500.0,results/brute_force/used_SC5_HBD/results/sweep_115.csv
2127075033,0200333303320302002000200,63916,99936086,29225,102,34588,99936085,100000000,pymatching,SurfaceCode,25,1,5,HBD_noise,0.001,500.0,results/brute_force/used_SC5_HBD/results/sweep_115.csv
170354201,0232330020000203030300003,63853,99936149,27260,98,36494,99936148,100000000,pymatching,SurfaceCode,25,1,5,HBD_noise,0.001,500.0,results/brute_force/used_SC5_HBD/results/sweep_115.csv
902738443,3302020233030303320233032,56936,99943066,28323,90,28522,99943065,100000000,pymatching,SurfaceCode,25,1,5,HBD_noise,0.001,500.0,results/brute_force/used_SC5_HBD/results/sweep_115.csv
822691364,0303220333020303000303020,51460,99948542,22693,69,28697,99948541,100000000,pymatching,SurfaceCode,25,1,5,HBD_noise,0.001,500.0,results/brute_force/used_SC5_HBD/results/sweep_115.csv
971932315,0302332302030320030030020,52765,99947237,25174,74,27516,99947236,100000000,pymatching,SurfaceCode,25,1,5,HBD_noise,0.001,500.0,results/brute_force/used_SC5_HBD/results/sweep_115.csv
475537737,2000320333230233030303030,51613,99948389,26206,65,25341,99948388,100000000,pymatching,SurfaceCode,25,1,5,HBD_noise,0.001,500.0,results/brute_force/used_SC5_HBD/results/sweep_115.csv
811337700,2330033303230303030203032,45700,99954302,24256,59,21384,99954301,100000000,pymatching,SurfaceCode,25,1,5,HBD_noise,0.001,500.0,results/brute_force/used_SC5_HBD/results/sweep_115.csv
648363056,3033233320220032220323333,79935,99920067,42231,148,37555,99920066,100000000,pymatching,SurfaceCode,25,1,5,HBD_noise,0.001,500.0,results/brute_force/used_SC5_HBD/results/sweep_115.csv
523785158,3322023033020303033230322,70278,99929724,36665,113,33499,99929723,100000000,pymatching,SurfaceCode,25,1,5,HBD_noise,0.001,500.0,results/brute_force/used_SC5_HBD/results/sweep_115.csv
1964888929,2003030303030332303303032,50822,99949180,26648,77,24096,99949179,100000000,pymatching,SurfaceCode,25,1,5,HBD_noise,0.001,500.0,results/brute_force/used_SC5_HBD/results/sweep_167.csv
1248535010,3000230303030303332330000,49140,99950862,25120,55,23964,99950861,100000000,pymatching,SurfaceCode,25,1,5,HBD_noise,0.001,500.0,results/brute_force/used_SC5_HBD/results/sweep_167.csv
545816773,0303230332030300032302030,46806,99953196,23475,64,23266,99953195,100000000,pymatching,SurfaceCode,25,1,5,HBD_noise,0.001,500.0,results/brute_force/used_SC5_HBD/results/sweep_167.csv
1265324806,0323200302330303030033030,46258,99953744,22807,61,23389,99953743,100000000,pymatching,SurfaceCode,25,1,5,HBD_noise,0.001,500.0,results/brute_force/used_SC5_HBD/results/sweep_167.csv
1484303017,3323322303200200230233230,68127,99931875,33061,113,34952,99931874,100000000,pymatching,SurfaceCode,25,1,5,HBD_noise,0.001,500.0,results/brute_force/used_SC5_HBD/results/sweep_167.csv
1493266846,0302000332220003332023000,65976,99934026,30702,130,35143,99934025,100000000,pymatching,SurfaceCode,25,1,5,HBD_noise,0.001,500.0,results/brute_force/used_SC5_HBD/results/sweep_167.csv
1648838319,2033220333030320020233220,61656,99938346,30689,98,30868,99938345,100000000,pymatching,SurfaceCode,25,1,5,HBD_noise,0.001,500.0,results/brute_force/used_SC5_HBD/results/sweep_167.csv
156889955,2302300322033023030302300,61301,99938701,30226,92,30982,99938700,100000000,pymatching,SurfaceCode,25,1,5,HBD_noise,0.001,500.0,results/brute_force/used_SC5_HBD/results/sweep_167.csv
988944059,3000002303320333033333333,58889,99941113,31575,80,27233,99941112,100000000,pymatching,SurfaceCode,25,1,5,HBD_noise,0.001,500.0,results/brute_force/used_SC5_HBD/results/sweep_167.csv
2144319188,3002000302230223020302033,56791,99943211,25662,106,31022,99943210,100000000,pymatching,SurfaceCode,25,1,5,HBD_noise,0.001,500.0,results/brute_force/used_SC5_HBD/results/sweep_167.csv
2061726108,2230330303030303030300200,46349,99953653,23259,59,23030,99953652,100000000,pymatching,SurfaceCode,25,1,5,HBD_noise,0.001,500.0,results/brute_force/used_SC5_HBD/results/sweep_160.csv
2112545749,2320033220202322222003202,98567,99901435,50907,258,47401,99901434,100000000,pymatching,SurfaceCode,25,1,5,HBD_noise,0.001,500.0,results/brute_force/used_SC5_HBD/results/sweep_160.csv
1410490367,2233023200222323330320322,81260,99918742,43292,175,37792,99918741,100000000,pymatching,SurfaceCode,25,1,5,HBD_noise,0.001,500.0,results/brute_force/used_SC5_HBD/results/sweep_160.csv
79165578,3300320023003330033033302,69896,99930106,35491,147,34257,99930105,100000000,pymatching,SurfaceCode,25,1,5,HBD_noise,0.001,500.0,results/brute_force/used_SC5_HBD/results/sweep_160.csv
484148834,3303320302332300200330333,62332,99937670,32745,101,29485,99937669,100000000,pymatching,SurfaceCode,25,1,5,HBD_noise,0.001,500.0,results/brute_force/used_SC5_HBD/results/sweep_160.csv
1268608215,2300300033033333230022030,59685,99940317,30532,82,29070,99940316,100000000,pymatching,SurfaceCode,25,1,5,HBD_noise,0.001,500.0,results/brute_force/used_SC5_HBD/results/sweep_160.csv
1731479438,2003020303000030030323030,51805,99948197,21392,65,30347,99948196,100000000,pymatching,SurfaceCode,25,1,5,HBD_noise,0.001,500.0,results/brute_force/used_SC5_HBD/results/sweep_160.csv
1218046693,2303300303030303232303020,47004,99952998,23937,60,23006,99952997,100000000,pymatching,SurfaceCode,25,1,5,HBD_noise,0.001,500.0,results/brute_force/used_SC5_HBD/results/sweep_160.csv
1382939511,0302020300330220033333202,59541,99940461,29224,86,30230,99940460,100000000,pymatching,SurfaceCode,25,1,5,HBD_noise,0.001,500.0,results/brute_force/used_SC5_HBD/results/sweep_160.csv
1687658228,3000033302000303023203000,57939,99942063,25864,85,31989,99942062,100000000,pymatching,SurfaceCode,25,1,5,HBD_noise,0.001,500.0,results/brute_force/used_SC5_HBD/results/sweep_160.csv
1462649655,3200000303020303200302230,57254,99942748,24071,81,33101,99942747,100000000,pymatching,SurfaceCode,25,1,5,HBD_noise,0.001,500.0,results/brute_force/used_SC5_HBD/results/sweep_151.csv
940274885,0033200333030303003000032,53574,99946428,26399,83,27091,99946427,100000000,pymatching,SurfaceCode,25,1,5,HBD_noise,0.001,500.0,results/brute_force/used_SC5_HBD/results/sweep_151.csv
1809261872,3302000302230303033332220,52747,99947255,27171,67,25508,99947254,100000000,pymatching,SurfaceCode,25,1,5,HBD_noise,0.001,500.0,results/brute_force/used_SC5_HBD/results/sweep_151.csv
1493753915,0200233332030300030323000,51671,99948331,25711,61,25898,99948330,100000000,pymatching,SurfaceCode,25,1,5,HBD_noise,0.001,500.0,results/brute_force/used_SC5_HBD/results/sweep_151.csv
1499997904,3320033300030323030203003,50195,99949807,24960,70,25164,99949806,100000000,pymatching,SurfaceCode,25,1,5,HBD_noise,0.001,500.0,results/brute_force/used_SC5_HBD/results/sweep_151.csv
924069487,3303020303020303032300320,49949,99950053,23435,62,26451,99950052,100000000,pymatching,SurfaceCode,25,1,5,HBD_noise,0.001,500.0,results/brute_force/used_SC5_HBD/results/sweep_151.csv
221434380,0302232300330033030303030,49072,99950930,24437,76,24558,99950929,100000000,pymatching,SurfaceCode,25,1,5,HBD_noise,0.001,500.0,results/brute_force/used_SC5_HBD/results/sweep_151.csv
2051133639,2303230300030020030332030,48306,99951696,22577,51,25677,99951695,100000000,pymatching,SurfaceCode,25,1,5,HBD_noise,0.001,500.0,results/brute_force/used_SC5_HBD/results/sweep_151.csv
849910222,0303232203030303030333232,47870,99952132,25050,60,22759,99952131,100000000,pymatching,SurfaceCode,25,1,5,HBD_noise,0.001,500.0,results/brute_force/used_SC5_HBD/results/sweep_151.csv
616659024,2333300230330022303300020,73895,99926107,36357,150,37387,99926106,100000000,pymatching,SurfaceCode,25,1,5,HBD_noise,0.001,500.0,results/brute_force/used_SC5_HBD/results/sweep_151.csv
1255790991,0002030303030303030303330,39117,99960885,19160,47,19909,99960884,100000000,pymatching,SurfaceCode,25,1,5,HBD_noise,0.001,500.0,results/brute_force/used_SC5_HBD/results/sweep_30.csv
245172277,0002030300030303030303030,39277,99960725,18027,44,21205,99960724,100000000,pymatching,SurfaceCode,25,1,5,HBD_noise,0.001,500.0,results/brute_force/used_SC5_HBD/results/sweep_30.csv
1081524490,0030300303002230030230303,69185,99930817,31404,127,37653,99930816,100000000,pymatching,SurfaceCode,25,1,5,HBD_noise,0.001,500.0,results/brute_force/used_SC5_HBD/results/sweep_30.csv
1246557673,3033300303000230230230303,68643,99931359,31674,122,36846,99931358,100000000,pymatching,SurfaceCode,25,1,5,HBD_noise,0.001,500.0,results/brute_force/used_SC5_HBD/results/sweep_30.csv
585353368,3033320303000230230230303,68430,99931572,31819,104,36506,99931571,100000000,pymatching,SurfaceCode,25,1,5,HBD_noise,0.001,500.0,results/brute_force/used_SC5_HBD/results/sweep_30.csv
610841407,0030330303002230030230303,66958,99933044,31644,142,35171,99933043,100000000,pymatching,SurfaceCode,25,1,5,HBD_noise,0.001,500.0,results/brute_force/used_SC5_HBD/results/sweep_30.csv
233628068,3033300303000230230230333,66056,99933946,31200,100,34755,99933945,100000000,pymatching,SurfaceCode,25,1,5,HBD_noise,0.001,500.0,results/brute_force/used_SC5_HBD/results/sweep_30.csv
227417187,3033300303030330230230333,56493,99943509,29428,88,26976,99943508,100000000,pymatching,SurfaceCode,25,1,5,HBD_noise,0.001,500.0,results/brute_force/used_SC5_HBD/results/sweep_30.csv
648308600,3033300303030330330233333,53391,99946611,29091,71,24228,99946610,100000000,pymatching,SurfaceCode,25,1,5,HBD_noise,0.001,500.0,results/brute_force/used_SC5_HBD/results/sweep_30.csv
1101760412,3003300303030330330003333,49540,99950462,25483,63,23993,99950461,100000000,pymatching,SurfaceCode,25,1,5,HBD_noise,0.001,500.0,results/brute_force/used_SC5_HBD/results/sweep_30.csv
1025188685,0303030303030300030303030,36092,99963910,17182,40,18869,99963909,100000000,pymatching,SurfaceCode,25,1,5,HBD_noise,0.001,500.0,results/brute_force/used_SC5_HBD/results/sweep_37.csv
1550881071,3303030303030300030303030,37235,99962767,18345,47,18842,99962766,100000000,pymatching,SurfaceCode,25,1,5,HBD_noise,0.001,500.0,results/brute_force/used_SC5_HBD/results/sweep_37.csv
1631040749,0003330303030303030303030,37145,99962857,18173,53,18918,99962856,100000000,pymatching,SurfaceCode,25,1,5,HBD_noise,0.001,500.0,results/brute_force/used_SC5_HBD/results/sweep_37.csv
222266835,0303330303030303030323030,37637,99962365,19216,36,18384,99962364,100000000,pymatching,SurfaceCode,25,1,5,HBD_noise,0.001,500.0,results/brute_force/used_SC5_HBD/results/sweep_37.csv
146311119,0300002330030032200202203,71632,99928370,32710,126,38795,99928369,100000000,pymatching,SurfaceCode,25,1,5,HBD_noise,0.001,500.0,results/brute_force/used_SC5_HBD/results/sweep_37.csv
1632145761,3300330322020320000032033,61896,99938106,28370,99,33426,99938105,100000000,pymatching,SurfaceCode,25,1,5,HBD_noise,0.001,500.0,results/brute_force/used_SC5_HBD/results/sweep_37.csv
498171503,3300330322030300000032033,53979,99946023,25289,92,28597,99946022,100000000,pymatching,SurfaceCode,25,1,5,HBD_noise,0.001,500.0,results/brute_force/used_SC5_HBD/results/sweep_37.csv
1646194778,3300330322030300000332033,51981,99948021,25245,74,26661,99948020,100000000,pymatching,SurfaceCode,25,1,5,HBD_noise,0.001,500.0,results/brute_force/used_SC5_HBD/results/sweep_37.csv
215933164,3302330322030300000332033,52631,99947371,25840,69,26721,99947370,100000000,pymatching,SurfaceCode,25,1,5,HBD_noise,0.001,500.0,results/brute_force/used_SC5_HBD/results/sweep_37.csv
1846676356,3302030322030300000332033,51334,99948668,24539,90,26704,99948667,100000000,pymatching,SurfaceCode,25,1,5,HBD_noise,0.001,500.0,results/brute_force/used_SC5_HBD/results/sweep_37.csv
646883019,0033320300033330333300030,56357,99943645,30752,84,25520,99943644,100000000,pymatching,SurfaceCode,25,1,5,HBD_noise,0.001,500.0,results/brute_force/used_SC5_HBD/results/sweep_156.csv
1505498385,2203020003030303030223200,49559,99950443,22169,75,27314,99950442,100000000,pymatching,SurfaceCode,25,1,5,HBD_noise,0.001,500.0,results/brute_force/used_SC5_HBD/results/sweep_156.csv
735042073,0303230303333300030203332,47719,99952283,25662,66,21990,99952282,100000000,pymatching,SurfaceCode,25,1,5,HBD_noise,0.001,500.0,results/brute_force/used_SC5_HBD/results/sweep_156.csv
46462833,0303203303330333030333002,46547,99953455,24980,64,21502,99953454,100000000,pymatching,SurfaceCode,25,1,5,HBD_noise,0.001,500.0,results/brute_force/used_SC5_HBD/results/sweep_156.csv
651707274,3232030030332222220202000,84501,99915501,39918,155,44427,99915500,100000000,pymatching,SurfaceCode,25,1,5,HBD_noise,0.001,500.0,results/brute_force/used_SC5_HBD/results/sweep_156.csv
2063412250,0333232203203302323032000,78165,99921837,40717,139,37308,99921836,100000000,pymatching,SurfaceCode,25,1,5,HBD_noise,0.001,500.0,results/brute_force/used_SC5_HBD/results/sweep_156.csv
708617432,3223000233330223022020022,77744,99922258,36421,150,41172,99922257,100000000,pymatching,SurfaceCode,25,1,5,HBD_noise,0.001,500.0,results/brute_force/used_SC5_HBD/results/sweep_156.csv
564780029,2323222003033233030000003,67858,99932144,33882,113,33862,99932143,100000000,pymatching,SurfaceCode,25,1,5,HBD_noise,0.001,500.0,results/brute_force/used_SC5_HBD/results/sweep_156.csv
1934346251,3203330333033303000222332,56594,99943408,30481,100,26012,99943407,100000000,pymatching,SurfaceCode,25,1,5,HBD_noise,0.001,500.0,results/brute_force/used_SC5_HBD/results/sweep_156.csv
317594634,3033032302030303030323323,50155,99949847,26979,78,23097,99949846,100000000,pymatching,SurfaceCode,25,1,5,HBD_noise,0.001,500.0,results/brute_force/used_SC5_HBD/results/sweep_156.csv
699583450,2302320023030303030032332,56054,99943948,27469,80,28504,99943947,100000000,pymatching,SurfaceCode,25,1,5,HBD_noise,0.001,500.0,results/brute_force/used_SC5_HBD/results/sweep_39.csv
1658370954,2302320023030303030002332,54174,99945828,25909,82,28182,99945827,100000000,pymatching,SurfaceCode,25,1,5,HBD_noise,0.001,500.0,results/brute_force/used_SC5_HBD/results/sweep_39.csv
1180392525,2302320023030303030003332,52098,99947904,25151,65,26881,99947903,100000000,pymatching,SurfaceCode,25,1,5,HBD_noise,0.001,500.0,results/brute_force/used_SC5_HBD/results/sweep_39.csv
1566469905,2300320023030303030003332,51589,99948413,24725,71,26792,99948412,100000000,pymatching,SurfaceCode,25,1,5,HBD_noise,0.001,500.0,results/brute_force/used_SC5_HBD/results/sweep_39.csv
1297028672,2302320023030303030003330,50471,99949531,24243,64,26163,99949530,100000000,pymatching,SurfaceCode,25,1,5,HBD_noise,0.001,500.0,results/brute_force/used_SC5_HBD/results/sweep_39.csv
264592646,0300320023030303030003332,50026,99949976,23485,65,26475,99949975,100000000,pymatching,SurfaceCode,25,1,5,HBD_noise,0.001,500.0,results/brute_force/used_SC5_HBD/results/sweep_39.csv
469923710,0300320023030333030003032,49552,99950450,23116,63,26372,99950449,100000000,pymatching,SurfaceCode,25,1,5,HBD_noise,0.001,500.0,results/brute_force/used_SC5_HBD/results/sweep_39.csv
450066748,0303320033030303030003032,45757,99954245,21740,54,23962,99954244,100000000,pymatching,SurfaceCode,25,1,5,HBD_noise,0.001,500.0,results/brute_force/used_SC5_HBD/results/sweep_39.csv
1987853289,0303320003030303030003032,43501,99956501,19584,63,23853,99956500,100000000,pymatching,SurfaceCode,25,1,5,HBD_noise,0.001,500.0,results/brute_force/used_SC5_HBD/results/sweep_39.csv
131775371,0303230303030303030303032,37159,99962843,18787,45,18326,99962842,100000000,pymatching,SurfaceCode,25,1,5,HBD_noise,0.001,500.0,results/brute_force/used_SC5_HBD/results/sweep_39.csv
673586550,3203030333330323030300032,45449,99954553,24559,72,20817,99954552,100000000,pymatching,SurfaceCode,25,1,5,HBD_noise,0.001,500.0,results/brute_force/used_SC5_HBD/results/sweep_124.csv
1500612794,0323200003033323233303333,59227,99940775,33135,83,26008,99940774,100000000,pymatching,SurfaceCode,25,1,5,HBD_noise,0.001,500.0,results/brute_force/used_SC5_HBD/results/sweep_124.csv
584845328,2033230202030323030332233,55210,99944792,28075,83,27051,99944791,100000000,pymatching,SurfaceCode,25,1,5,HBD_noise,0.001,500.0,results/brute_force/used_SC5_HBD/results/sweep_124.csv
1572710665,0330230303030323333323003,50637,99949365,28395,61,22180,99949364,100000000,pymatching,SurfaceCode,25,1,5,HBD_noise,0.001,500.0,results/brute_force/used_SC5_HBD/results/sweep_124.csv
733335101,3300032003330333030203032,48937,99951065,24631,79,24226,99951064,100000000,pymatching,SurfaceCode,25,1,5,HBD_noise,0.001,500.0,results/brute_force/used_SC5_HBD/results/sweep_124.csv
1245571516,3303330320030303033300330,46851,99953151,24783,59,22008,99953150,100000000,pymatching,SurfaceCode,25,1,5,HBD_noise,0.001,500.0,results/brute_force/used_SC5_HBD/results/sweep_124.csv
1694706363,3333203003323023222333022,87547,99912455,46225,154,41167,99912454,100000000,pymatching,SurfaceCode,25,1,5,HBD_noise,0.001,500.0,results/brute_force/used_SC5_HBD/results/sweep_124.csv
248598705,2023230300300000303000020,69610,99930392,29582,119,39908,99930391,100000000,pymatching,SurfaceCode,25,1,5,HBD_noise,0.001,500.0,results/brute_force/used_SC5_HBD/results/sweep_124.csv
367800005,2203333302300003030322300,59108,99940894,28422,73,30612,99940893,100000000,pymatching,SurfaceCode,25,1,5,HBD_noise,0.001,500.0,results/brute_force/used_SC5_HBD/results/sweep_124.csv
116951876,0200320323030332000303000,53412,99946590,24008,79,29324,99946589,100000000,pymatching,SurfaceCode,25,1,5,HBD_noise,0.001,500.0,results/brute_force/used_SC5_HBD/results/sweep_124.csv
971809829,0003030203230323030303033,43545,99956457,21367,42,22135,99956456,100000000,pymatching,SurfaceCode,25,1,5,HBD_noise,0.001,500.0,results/brute_force/used_SC5_HBD/results/sweep_45.csv
1428338438,0203030203230303030303033,42597,99957405,20213,49,22334,99957404,100000000,pymatching,SurfaceCode,25,1,5,HBD_noise,0.001,500.0,results/brute_force/used_SC5_HBD/results/sweep_45.csv
1755629857,0203030303230303030303033,38884,99961118,19516,54,19313,99961117,100000000,pymatching,SurfaceCode,25,1,5,HBD_noise,0.001,500.0,results/brute_force/used_SC5_HBD/results/sweep_45.csv
1223632023,2203030303230303030303030,39047,99960955,19478,51,19517,99960954,100000000,pymatching,SurfaceCode,25,1,5,HBD_noise,0.001,500.0,results/brute_force/used_SC5_HBD/results/sweep_45.csv
1902566045,0203030303330303030303033,38464,99961538,19494,51,18918,99961537,100000000,pymatching,SurfaceCode,25,1,5,HBD_noise,0.001,500.0,results/brute_force/used_SC5_HBD/results/sweep_45.csv
1749119379,0303030303330303030303033,37103,99962899,19086,50,17966,99962898,100000000,pymatching,SurfaceCode,25,1,5,HBD_noise,0.001,500.0,results/brute_force/used_SC5_HBD/results/sweep_45.csv
1317354963,0032230030323303032003232,70876,99929126,37281,111,33483,99929125,100000000,pymatching,SurfaceCode,25,1,5,HBD_noise,0.001,500.0,results/brute_force/used_SC5_HBD/results/sweep_45.csv
1693532516,0322200302320302002303230,63029,99936973,29217,105,33706,99936972,100000000,pymatching,SurfaceCode,25,1,5,HBD_noise,0.001,500.0,results/brute_force/used_SC5_HBD/results/sweep_45.csv
1335604041,0320200302020302002303230,60541,99939461,26523,92,33925,99939460,100000000,pymatching,SurfaceCode,25,1,5,HBD_noise,0.001,500.0,results/brute_force/used_SC5_HBD/results/sweep_45.csv
189737997,0322200302300302002300233,65148,99934854,29199,128,35820,99934853,100000000,pymatching,SurfaceCode,25,1,5,HBD_noise,0.001,500.0,results/brute_force/used_SC5_HBD/results/sweep_45.csv
291058015,3303030303030303030303030,35895,99964107,18046,42,17806,99964106,100000000,pymatching,SurfaceCode,25,1,5,HBD_noise,0.001,500.0,results/brute_force/used_SC5_HBD/results/sweep_4.csv
985102132,0003032302020220030303330,55111,99944891,25434,66,29610,99944890,100000000,pymatching,SurfaceCode,25,1,5,HBD_noise,0.001,500.0,results/brute_force/used_SC5_HBD/results/sweep_4.csv
2017017478,0003030302020220030303333,52095,99947907,23690,64,28340,99947906,100000000,pymatching,SurfaceCode,25,1,5,HBD_noise,0.001,500.0,results/brute_force/used_SC5_HBD/results/sweep_4.csv
1636291584,0003030333030220030303333,48029,99951973,23861,73,24094,99951972,100000000,pymatching,SurfaceCode,25,1,5,HBD_noise,0.001,500.0,results/brute_force/used_SC5_HBD/results/sweep_4.csv
585024222,0003030333000020030303033,48939,99951063,21981,70,26887,99951062,100000000,pymatching,SurfaceCode,25,1,5,HBD_noise,0.001,500.0,results/brute_force/used_SC5_HBD/results/sweep_4.csv
846144541,0303030333000020030303033,47326,99952676,21950,53,25322,99952675,100000000,pymatching,SurfaceCode,25,1,5,HBD_noise,0.001,500.0,results/brute_force/used_SC5_HBD/results/sweep_4.csv
1035090562,0203030333030020030303032,46172,99953830,22261,58,23852,99953829,100000000,pymatching,SurfaceCode,25,1,5,HBD_noise,0.001,500.0,results/brute_force/used_SC5_HBD/results/sweep_4.csv
2045246129,0303030333030330030303020,41234,99958768,20978,52,20203,99958767,100000000,pymatching,SurfaceCode,25,1,5,HBD_noise,0.001,500.0,results/brute_force/used_SC5_HBD/results/sweep_4.csv
1557142742,0303030303030330030303020,39088,99960914,18872,46,20169,99960913,100000000,pymatching,SurfaceCode,25,1,5,HBD_noise,0.001,500.0,results/brute_force/used_SC5_HBD/results/sweep_4.csv
1315009080,0303030303030300030303020,37522,99962480,17555,50,19916,99962479,100000000,pymatching,SurfaceCode,25,1,5,HBD_noise,0.001,500.0,results/brute_force/used_SC5_HBD/results/sweep_4.csv
1674738904,3333230003020233032302300,61105,99938897,28705,115,32284,99938896,100000000,pymatching,SurfaceCode,25,1,5,HBD_noise,0.001,500.0,results/brute_force/used_SC5_HBD/results/sweep_94.csv
2098318749,3333230003000233033002300,61186,99938816,27775,84,33326,99938815,100000000,pymatching,SurfaceCode,25,1,5,HBD_noise,0.001,500.0,results/brute_force/used_SC5_HBD/results/sweep_94.csv
1366029964,3333230303000233033000330,54989,99945013,26910,99,27979,99945012,100000000,pymatching,SurfaceCode,25,1,5,HBD_noise,0.001,500.0,results/brute_force/used_SC5_HBD/results/sweep_94.csv
39927380,3333030303000333033003230,47473,99952529,24530,51,22891,99952528,100000000,pymatching,SurfaceCode,25,1,5,HBD_noise,0.001,500.0,results/brute_force/used_SC5_HBD/results/sweep_94.csv
161403051,0333030303000333030003030,42289,99957713,20247,69,21972,99957712,100000000,pymatching,SurfaceCode,25,1,5,HBD_noise,0.001,500.0,results/brute_force/used_SC5_HBD/results/sweep_94.csv
1839094496,0333030303030323030303030,37789,99962213,19584,36,18168,99962212,100000000,pymatching,SurfaceCode,25,1,5,HBD_noise,0.001,500.0,results/brute_force/used_SC5_HBD/results/sweep_94.csv
1759460184,0333030303030303030303000,37584,99962418,18612,49,18922,99962417,100000000,pymatching,SurfaceCode,25,1,5,HBD_noise,0.001,500.0,results/brute_force/used_SC5_HBD/results/sweep_94.csv
1391489978,0033222330230300300323000,63612,99936390,31566,96,31949,99936389,100000000,pymatching,SurfaceCode,25,1,5,HBD_noise,0.001,500.0,results/brute_force/used_SC5_HBD/results/sweep_94.csv
1647094687,0033222330230300300323002,65051,99934951,32585,128,32337,99934950,100000000,pymatching,SurfaceCode,25,1,5,HBD_noise,0.001,500.0,results/brute_force/used_SC5_HBD/results/sweep_94.csv
1987657181,0033220330230300300323000,59334,99940668,28538,107,30688,99940667,100000000,pymatching,SurfaceCode,25,1,5,HBD_noise,0.001,500.0,results/brute_force/used_SC5_HBD/results/sweep_94.csv
727653633,0203230030030203200222032,66875,99933127,28518,123,38233,99933126,100000000,pymatching,SurfaceCode,25,1,5,HBD_noise,0.001,500.0,results/brute_force/used_SC5_HBD/results/sweep_158.csv
1462489656,3303033003000320200222333,66190,99933812,31584,93,34512,99933811,100000000,pymatching,SurfaceCode,25,1,5,HBD_noise,0.001,500.0,results/brute_force/used_SC5_HBD/results/sweep_158.csv
1475525506,3030200203200303032003233,61625,99938377,28845,97,32682,99938376,100000000,pymatching,SurfaceCode,25,1,5,HBD_noise,0.001,500.0,results/brute_force/used_SC5_HBD/results/sweep_158.csv
1102225664,0203233002030033033203033,58201,99941801,27067,89,31044,99941800,100000000,pymatching,SurfaceCode,25,1,5,HBD_noise,0.001,500.0,results/brute_force/used_SC5_HBD/results/sweep_158.csv
1179438214,0300230300330333002203323,56440,99943562,27379,71,28989,99943561,100000000,pymatching,SurfaceCode,25,1,5,HBD_noise,0.001,500.0,results/brute_force/used_SC5_HBD/results/sweep_158.csv
2071472128,0303030003003303030222320,53931,99946071,25991,74,27865,99946070,100000000,pymatching,SurfaceCode,25,1,5,HBD_noise,0.001,500.0,results/brute_force/used_SC5_HBD/results/sweep_158.csv
510630190,0302030002230333030000003,49756,99950246,21944,63,27748,99950245,100000000,pymatching,SurfaceCode,25,1,5,HBD_noise,0.001,500.0,results/brute_force/used_SC5_HBD/results/sweep_158.csv
1895757130,0300030300030303033200200,47196,99952806,22110,46,25039,99952805,100000000,pymatching,SurfaceCode,25,1,5,HBD_noise,0.001,500.0,results/brute_force/used_SC5_HBD/results/sweep_158.csv
715023539,2000222203002222200022222,101013,99898989,43814,243,56955,99898988,100000000,pymatching,SurfaceCode,25,1,5,HBD_noise,0.001,500.0,results/brute_force/used_SC5_HBD/results/sweep_158.csv
757985436,2330322200322322003333323,88870,99911132,46523,193,42153,99911131,100000000,pymatching,SurfaceCode,25,1,5,HBD_noise,0.001,500.0,results/brute_force/used_SC5_HBD/results/sweep_158.csv
1484106387,0300000003330323330300332,50827,99949175,25427,66,25333,99949174,100000000,pymatching,SurfaceCode,25,1,5,HBD_noise,0.001,500.0,results/brute_force/used_SC5_HBD/results/sweep_42.csv
1282764883,0300000003330323330200032,51344,99948658,24162,88,27093,99948657,100000000,pymatching,SurfaceCode,25,1,5,HBD_noise,0.001,500.0,results/brute_force/used_SC5_HBD/results/sweep_42.csv
674542713,0300000003330323330300032,48665,99951337,23720,52,24892,99951336,100000000,pymatching,SurfaceCode,25,1,5,HBD_noise,0.001,500.0,results/brute_force/used_SC5_HBD/results/sweep_42.csv
1227312786,0300200303330323030300332,45853,99954149,23139,54,22659,99954148,100000000,pymatching,SurfaceCode,25,1,5,HBD_noise,0.001,500.0,results/brute_force/used_SC5_HBD/results/sweep_42.csv
1638206969,0300000303330323030303332,42966,99957036,22057,42,20866,99957035,100000000,pymatching,SurfaceCode,25,1,5,HBD_noise,0.001,500.0,results/brute_force/used_SC5_HBD/results/sweep_42.csv
1863267628,0302000303030303030303332,41085,99958917,20208,54,20822,99958916,100000000,pymatching,SurfaceCode,25,1,5,HBD_noise,0.001,500.0,results/brute_force/used_SC5_HBD/results/sweep_42.csv
326383882,0300000303230303030303332,42027,99957975,20905,54,21067,99957974,100000000,pymatching,SurfaceCode,25,1,5,HBD_noise,0.001,500.0,results/brute_force/used_SC5_HBD/results/sweep_42.csv
198065264,0303300303030303030303332,40080,99959922,20322,49,19708,99959921,100000000,pymatching,SurfaceCode,25,1,5,HBD_noise,0.001,500.0,results/brute_force/used_SC5_HBD/results/sweep_42.csv
910350879,0303330303030303030303332,38685,99961317,20380,41,18263,99961316,100000000,pymatching,SurfaceCode,25,1,5,HBD_noise,0.001,500.0,results/brute_force/used_SC5_HBD/results/sweep_42.csv
421327680,2220323333030333330333230,59805,99940197,35777,96,23931,99940196,100000000,pymatching,SurfaceCode,25,1,5,HBD_noise,0.001,500.0,results/brute_force/used_SC5_HBD/results/sweep_42.csv
1154339400,3203300000330033330303220,59335,99940667,28164,78,31092,99940666,100000000,pymatching,SurfaceCode,25,1,5,HBD_noise,0.001,500.0,results/brute_force/used_SC5_HBD/results/sweep_3.csv
323274967,3200300300330033330303220,57047,99942955,28210,87,28749,99942954,100000000,pymatching,SurfaceCode,25,1,5,HBD_noise,0.001,500.0,results/brute_force/used_SC5_HBD/results/sweep_3.csv
1709859222,3203300300320303330303020,51976,99948026,24786,73,27116,99948025,100000000,pymatching,SurfaceCode,25,1,5,HBD_noise,0.001,500.0,results/brute_force/used_SC5_HBD/results/sweep_3.csv
834533223,0203300300030303330303020,44188,99955814,21237,41,22909,99955813,100000000,pymatching,SurfaceCode,25,1,5,HBD_noise,0.001,500.0,results/brute_force/used_SC5_HBD/results/sweep_3.csv
1172144395,0203330300030303330303020,43059,99956943,21341,53,21664,99956942,100000000,pymatching,SurfaceCode,25,1,5,HBD_noise,0.001,500.0,results/brute_force/used_SC5_HBD/results/sweep_3.csv
130554459,0203330300030303330303030,41274,99958728,20866,38,20369,99958727,100000000,pymatching,SurfaceCode,25,1,5,HBD_noise,0.001,500.0,results/brute_force/used_SC5_HBD/results/sweep_3.csv
117869217,0000330303030303330303030,40659,99959343,20463,67,20128,99959342,100000000,pymatching,SurfaceCode,25,1,5,HBD_noise,0.001,500.0,results/brute_force/used_SC5_HBD/results/sweep_3.csv
1593369145,0302330303030303330303030,40249,99959753,21122,56,19070,99959752,100000000,pymatching,SurfaceCode,25,1,5,HBD_noise,0.001,500.0,results/brute_force/used_SC5_HBD/results/sweep_3.csv
1537661819,0303330303030303330303030,38507,99961495,20162,35,18309,99961494,100000000,pymatching,SurfaceCode,25,1,5,HBD_noise,0.001,500.0,results/brute_force/used_SC5_HBD/results/sweep_3.csv
1873842550,0003030303030303030303000,37125,99962877,17475,56,19593,99962876,100000000,pymatching,SurfaceCode,25,1,5,HBD_noise,0.001,500.0,results/brute_force/used_SC5_HBD/results/sweep_3.csv
1878578818,0000323303030000030303030,48021,99951981,21910,59,26051,99951980,100000000,pymatching,SurfaceCode,25,1,5,HBD_noise,0.001,500.0,results/brute_force/used_SC5_HBD/results/sweep_93.csv
1829941020,0203323303030000030303030,46535,99953467,21797,47,24690,99953466,100000000,pymatching,SurfaceCode,25,1,5,HBD_noise,0.001,500.0,results/brute_force/used_SC5_HBD/results/sweep_93.csv
117406125,0203333303030000030303030,44163,99955839,21012,58,23092,99955838,100000000,pymatching,SurfaceCode,25,1,5,HBD_noise,0.001,500.0,results/brute_force/used_SC5_HBD/results/sweep_93.csv
1184940410,0203033303030000030303030,43361,99956641,20135,52,23173,99956640,100000000,pymatching,SurfaceCode,25,1,5,HBD_noise,0.001,500.0,results/brute_force/used_SC5_HBD/results/sweep_93.csv
995525161,0203033303030303030303030,38111,99961891,19378,43,18689,99961890,100000000,pymatching,SurfaceCode,25,1,5,HBD_noise,0.001,500.0,results/brute_force/used_SC5_HBD/results/sweep_93.csv
130410524,0203030303030303030300030,37875,99962127,17918,45,19911,99962126,100000000,pymatching,SurfaceCode,25,1,5,HBD_noise,0.001,500.0,results/brute_force/used_SC5_HBD/results/sweep_93.csv
966194309,2002230203003333323232000,74721,99925281,37346,160,37214,99925280,100000000,pymatching,SurfaceCode,25,1,5,HBD_noise,0.001,500.0,results/brute_force/used_SC5_HBD/results/sweep_93.csv
923835127,3333200203020233032022300,69089,99930913,31626,142,37320,99930912,100000000,pymatching,SurfaceCode,25,1,5,HBD_noise,0.001,500.0,results/brute_force/used_SC5_HBD/results/sweep_93.csv
416587964,3333230203020233032022300,66944,99933058,32025,111,34807,99933057,100000000,pymatching,SurfaceCode,25,1,5,HBD_noise,0.001,500.0,results/brute_force/used_SC5_HBD/results/sweep_93.csv
2080320077,3333230003020233032002300,63741,99936261,29137,102,34501,99936260,100000000,pymatching,SurfaceCode,25,1,5,HBD_noise,0.001,500.0,results/brute_force/used_SC5_HBD/results/sweep_93.csv
1229719162,0302330303003000230300200,59159,99940843,27348,87,31723,99940842,100000000,pymatching,SurfaceCode,25,1,5,HBD_noise,0.001,500.0,results/brute_force/used_SC5_HBD/results/sweep_123.csv
1177995247,0333030003002303330033333,56149,99943853,28811,79,27258,99943852,100000000,pymatching,SurfaceCode,25,1,5,HBD_noise,0.001,500.0,results/brute_force/used_SC5_HBD/results/sweep_123.csv
205634366,0203200300030322030300323,50694,99949308,23320,49,27324,99949307,100000000,pymatching,SurfaceCode,25,1,5,HBD_noise,0.001,500.0,results/brute_force/used_SC5_HBD/results/sweep_123.csv
1469008990,0323030333330303330333320,49447,99950555,28729,57,20660,99950554,100000000,pymatching,SurfaceCode,25,1,5,HBD_noise,0.001,500.0,results/brute_force/used_SC5_HBD/results/sweep_123.csv
333169266,3000020330300323202303223,72584,99927418,34712,142,37729,99927417,100000000,pymatching,SurfaceCode,25,1,5,HBD_noise,0.001,500.0,results/brute_force/used_SC5_HBD/results/sweep_123.csv
139388846,3303233203300233032220230,68042,99931960,33626,118,34297,99931959,100000000,pymatching,SurfaceCode,25,1,5,HBD_noise,0.001,500.0,results/brute_force/used_SC5_HBD/results/sweep_123.csv
1489499609,3330230333002000032203023,66660,99933342,33193,110,33356,99933341,100000000,pymatching,SurfaceCode,25,1,5,HBD_noise,0.001,500.0,results/brute_force/used_SC5_HBD/results/sweep_123.csv
1495929988,0300320303333333232023030,57919,99942083,32606,83,25229,99942082,100000000,pymatching,SurfaceCode,25,1,5,HBD_noise,0.001,500.0,results/brute_force/used_SC5_HBD/results/sweep_123.csv
751919814,0303200322330333030020030,51243,99948759,25148,78,26016,99948758,100000000,pymatching,SurfaceCode,25,1,5,HBD_noise,0.001,500.0,results/brute_force/used_SC5_HBD/results/sweep_123.csv
565690766,2300032303030030030333332,50796,99949206,25838,64,24893,99949205,100000000,pymatching,SurfaceCode,25,1,5,HBD_noise,0.001,500.0,results/brute_force/used_SC5_HBD/results/sweep_123.csv
1431739869,0303233303030003003303030,47511,99952491,23192,64,24254,99952490,100000000,pymatching,SurfaceCode,25,1,5,HBD_noise,0.001,500.0,results/brute_force/used_SC5_HBD/results/sweep_77.csv
5481576,0303330303030303030303020,37296,99962706,18473,44,18778,99962705,100000000,pymatching,SurfaceCode,25,1,5,HBD_noise,0.001,500.0,results/brute_force/used_SC5_HBD/results/sweep_77.csv
588108705,3003030303030303030303030,36960,99963042,18098,48,18813,99963041,100000000,pymatching,SurfaceCode,25,1,5,HBD_noise,0.001,500.0,results/brute_force/used_SC5_HBD/results/sweep_77.csv
653718076,3223020300333332030330302,60539,99939463,32410,85,28043,99939462,100000000,pymatching,SurfaceCode,25,1,5,HBD_noise,0.001,500.0,results/brute_force/used_SC5_HBD/results/sweep_77.csv
230136161,3223030300333332030330302,57293,99942709,31551,75,25666,99942708,100000000,pymatching,SurfaceCode,25,1,5,HBD_noise,0.001,500.0,results/brute_force/used_SC5_HBD/results/sweep_77.csv
591736476,3223030300333330030330032,53645,99946357,28937,64,24643,99946356,100000000,pymatching,SurfaceCode,25,1,5,HBD_noise,0.001,500.0,results/brute_force/used_SC5_HBD/results/sweep_77.csv
448433580,3223030300333330030330002,55146,99944856,29180,67,25898,99944855,100000000,pymatching,SurfaceCode,25,1,5,HBD_noise,0.001,500.0,results/brute_force/used_SC5_HBD/results/sweep_77.csv
610687607,3223030300333330030333000,51968,99948034,27703,67,24197,99948033,100000000,pymatching,SurfaceCode,25,1,5,HBD_noise,0.001,500.0,results/brute_force/used_SC5_HBD/results/sweep_77.csv
1522574170,3203030300330330030333000,45126,99954876,22255,52,22818,99954875,100000000,pymatching,SurfaceCode,25,1,5,HBD_noise,0.001,500.0,results/brute_force/used_SC5_HBD/results/sweep_77.csv
929777803,3003030300330330030333000,45011,99954991,21978,50,22982,99954990,100000000,pymatching,SurfaceCode,25,1,5,HBD_noise,0.001,500.0,results/brute_force/used_SC5_HBD/results/sweep_77.csv
2097024550,0302300020032320320330020,69379,99930623,31835,120,37423,99930622,100000000,pymatching,SurfaceCode,25,1,5,HBD_noise,0.001,500.0,results/brute_force/used_SC5_HBD/results/sweep_116.csv
1510158879,0000323203003330230303302,68963,99931039,34593,118,34251,99931038,100000000,pymatching,SurfaceCode,25,1,5,HBD_noise,0.001,500.0,results/brute_force/used_SC5_HBD/results/sweep_116.csv
643935285,0300000220332300233333000,65482,99934520,32818,98,32565,99934519,100000000,pymatching,SurfaceCode,25,1,5,HBD_noise,0.001,500.0,results/brute_force/used_SC5_HBD/results/sweep_116.csv
1496727205,2333332302200332020203220,65061,99934941,31329,108,33623,99934940,100000000,pymatching,SurfaceCode,25,1,5,HBD_noise,0.001,500.0,results/brute_force/used_SC5_HBD/results/sweep_116.csv
81088683,0322002330032003000303333,62771,99937231,31524,102,31144,99937230,100000000,pymatching,SurfaceCode,25,1,5,HBD_noise,0.001,500.0,results/brute_force/used_SC5_HBD/results/sweep_116.csv
1168051427,0000023032000323030203330,60067,99939935,27746,95,32225,99939934,100000000,pymatching,SurfaceCode,25,1,5,HBD_noise,0.001,500.0,results/brute_force/used_SC5_HBD/results/sweep_116.csv
1176595989,2020030323330303030233232,52815,99947187,27915,77,24822,99947186,100000000,pymatching,SurfaceCode,25,1,5,HBD_noise,0.001,500.0,results/brute_force/used_SC5_HBD/results/sweep_116.csv
577428154,3003230302030333320303023,51001,99949001,25545,86,25369,99949000,100000000,pymatching,SurfaceCode,25,1,5,HBD_noise,0.001,500.0,results/brute_force/used_SC5_HBD/results/sweep_116.csv
31711559,3303030303002333000003033,50782,99949220,24192,62,26527,99949219,100000000,pymatching,SurfaceCode,25,1,5,HBD_noise,0.001,500.0,results/brute_force/used_SC5_HBD/results/sweep_116.csv
2133911865,3032300200002003003300202,81405,99918597,34180,151,47073,99918596,100000000,pymatching,SurfaceCode,25,1,5,HBD_noise,0.001,500.0,results/brute_force/used_SC5_HBD/results/sweep_116.csv
2012740280,2220333033000333203302000,74343,99925659,36692,130,37520,99925658,100000000,pymatching,SurfaceCode,25,1,5,HBD_noise,0.001,500.0,results/brute_force/used_SC5_HBD/results/sweep_111.csv
296994379,0330333002032332020302030,62058,99937944,31357,80,30620,99937943,100000000,pymatching,SurfaceCode,25,1,5,HBD_noise,0.001,500.0,results/brute_force/used_SC5_HBD/results/sweep_111.csv
660391175,2303030200330300000020022,54860,99945142,23334,85,31440,99945141,100000000,pymatching,SurfaceCode,25,1,5,HBD_noise,0.001,500.0,results/brute_force/used_SC5_HBD/results/sweep_111.csv
533036978,3003030232030302030333200,53431,99946571,26286,81,27063,99946570,100000000,pymatching,SurfaceCode,25,1,5,HBD_noise,0.001,500.0,results/brute_force/used_SC5_HBD/results/sweep_111.csv
206739682,3333030302000302230333300,53153,99946849,26652,73,26427,99946848,100000000,pymatching,SurfaceCode,25,1,5,HBD_noise,0.001,500.0,results/brute_force/used_SC5_HBD/results/sweep_111.csv
1658519961,0303030030020303030202333,52689,99947313,24641,86,27961,99947312,100000000,pymatching,SurfaceCode,25,1,5,HBD_noise,0.001,500.0,results/brute_force/used_SC5_HBD/results/sweep_111.csv
939886719,3323332303330203030202033,52546,99947456,27208,71,25266,99947455,100000000,pymatching,SurfaceCode,25,1,5,HBD_noise,0.001,500.0,results/brute_force/used_SC5_HBD/results/sweep_111.csv
718814424,2022030303030300002333030,49694,99950308,23827,55,25811,99950307,100000000,pymatching,SurfaceCode,25,1,5,HBD_noise,0.001,500.0,results/brute_force/used_SC5_HBD/results/sweep_111.csv
1807799045,2302203003020332000303200,64709,99935293,28205,82,36421,99935292,100000000,pymatching,SurfaceCode,25,1,5,HBD_noise,0.001,500.0,results/brute_force/used_SC5_HBD/results/sweep_111.csv
903452880,2003233303332300033203230,59016,99940986,33796,91,25128,99940985,100000000,pymatching,SurfaceCode,25,1,5,HBD_noise,0.001,500.0,results/brute_force/used_SC5_HBD/results/sweep_111.csv
2130779371,0303030303030003030300033,40022,99959980,18448,65,21508,99959979,100000000,pymatching,SurfaceCode,25,1,5,HBD_noise,0.001,500.0,results/brute_force/used_SC5_HBD/results/sweep_70.csv
1336104865,0303020300330303030303030,39393,99960609,19057,46,20289,99960608,100000000,pymatching,SurfaceCode,25,1,5,HBD_noise,0.001,500.0,results/brute_force/used_SC5_HBD/results/sweep_70.csv
453205957,0303000302230303030303030,39664,99960338,19155,57,20451,99960337,100000000,pymatching,SurfaceCode,25,1,5,HBD_noise,0.001,500.0,results/brute_force/used_SC5_HBD/results/sweep_70.csv
2090919021,0303030302330303030303030,37998,99962004,19074,46,18877,99962003,100000000,pymatching,SurfaceCode,25,1,5,HBD_noise,0.001,500.0,results/brute_force/used_SC5_HBD/results/sweep_70.csv
1878241429,3203222300032332023303332,68903,99931099,37960,110,30832,99931098,100000000,pymatching,SurfaceCode,25,1,5,HBD_noise,0.001,500.0,results/brute_force/used_SC5_HBD/results/sweep_70.csv
543923078,3203220302032332023303332,63236,99936766,33613,98,29524,99936765,100000000,pymatching,SurfaceCode,25,1,5,HBD_noise,0.001,500.0,results/brute_force/used_SC5_HBD/results/sweep_70.csv
972021638,3203220300032332022303330,61447,99938555,31361,106,29979,99938554,100000000,pymatching,SurfaceCode,25,1,5,HBD_noise,0.001,500.0,results/brute_force/used_SC5_HBD/results/sweep_70.csv
891611630,3203020302032332023303332,60698,99939304,32258,99,28340,99939303,100000000,pymatching,SurfaceCode,25,1,5,HBD_noise,0.001,500.0,results/brute_force/used_SC5_HBD/results/sweep_70.csv
258617414,3203220300032332023303332,62015,99937987,32756,103,29155,99937986,100000000,pymatching,SurfaceCode,25,1,5,HBD_noise,0.001,500.0,results/brute_force/used_SC5_HBD/results/sweep_70.csv
760305619,2003220300032332022303330,61320,99938682,30846,126,30347,99938681,100000000,pymatching,SurfaceCode,25,1,5,HBD_noise,0.001,500.0,results/brute_force/used_SC5_HBD/results/sweep_70.csv
1484956834,2333233303003323230300032,59254,99940748,33190,91,25972,99940747,100000000,pymatching,SurfaceCode,25,1,5,HBD_noise,0.001,500.0,results/brute_force/used_SC5_HBD/results/sweep_163.csv
1938645974,0203020302300320230300033,56085,99943917,25131,70,30883,99943916,100000000,pymatching,SurfaceCode,25,1,5,HBD_noise,0.001,500.0,results/brute_force/used_SC5_HBD/results/sweep_163.csv
941777332,0303003333020333330302020,53943,99946059,27757,77,26108,99946058,100000000,pymatching,SurfaceCode,25,1,5,HBD_noise,0.001,500.0,results/brute_force/used_SC5_HBD/results/sweep_163.csv
1891114351,3202330303030320030203322,49549,99950453,24513,66,24969,99950452,100000000,pymatching,SurfaceCode,25,1,5,HBD_noise,0.001,500.0,results/brute_force/used_SC5_HBD/results/sweep_163.csv
1329020776,0303033003030300330023033,48377,99951625,24070,71,24235,99951624,100000000,pymatching,SurfaceCode,25,1,5,HBD_noise,0.001,500.0,results/brute_force/used_SC5_HBD/results/sweep_163.csv
218405927,3302000302030332030303033,44852,99955150,21725,55,23071,99955149,100000000,pymatching,SurfaceCode,25,1,5,HBD_noise,0.001,500.0,results/brute_force/used_SC5_HBD/results/sweep_163.csv
326738967,0220220023023000222323200,92143,99907859,40651,203,51288,99907858,100000000,pymatching,SurfaceCode,25,1,5,HBD_noise,0.001,500.0,results/brute_force/used_SC5_HBD/results/sweep_163.csv
73828417,0230320220020333203202232,82884,99917118,38956,177,43750,99917117,100000000,pymatching,SurfaceCode,25,1,5,HBD_noise,0.001,500.0,results/brute_force/used_SC5_HBD/results/sweep_163.csv
1050397850,0222000322223333230202023,74237,99925765,37770,131,36335,99925764,100000000,pymatching,SurfaceCode,25,1,5,HBD_noise,0.001,500.0,results/brute_force/used_SC5_HBD/results/sweep_163.csv
1941610676,0223000302032330003030222,68354,99931648,33207,101,35045,99931647,100000000,pymatching,SurfaceCode,25,1,5,HBD_noise,0.001,500.0,results/brute_force/used_SC5_HBD/results/sweep_163.csv
1279822466,3023020202330002333302032,64770,99935232,31114,121,33534,99935231,100000000,pymatching,SurfaceCode,25,1,5,HBD_noise,0.001,500.0,results/brute_force/used_SC5_HBD/results/sweep_164.csv
1367913844,0003232003230302002322200,64675,99935327,29277,111,35286,99935326,100000000,pymatching,SurfaceCode,25,1,5,HBD_noise,0.001,500.0,results/brute_force/used_SC5_HBD/results/sweep_164.csv
1651600328,0003320302230333000333020,50257,99949745,23460,61,26735,99949744,100000000,pymatching,SurfaceCode,25,1,5,HBD_noise,0.001,500.0,results/brute_force/used_SC5_HBD/results/sweep_164.csv
233732320,0333330003330300030030330,48624,99951378,23900,57,24666,99951377,100000000,pymatching,SurfaceCode,25,1,5,HBD_noise,0.001,500.0,results/brute_force/used_SC5_HBD/results/sweep_164.csv
123004750,0303320303330322030333002,46035,99953967,23163,59,22812,99953966,100000000,pymatching,SurfaceCode,25,1,5,HBD_noise,0.001,500.0,results/brute_force/used_SC5_HBD/results/sweep_164.csv
1185259484,0333030300330303032302033,45663,99954339,24002,76,21584,99954338,100000000,pymatching,SurfaceCode,25,1,5,HBD_noise,0.001,500.0,results/brute_force/used_SC5_HBD/results/sweep_164.csv
569025679,0022322233022030220023322,100711,99899291,47100,232,53378,99899290,100000000,pymatching,SurfaceCode,25,1,5,HBD_noise,0.001,500.0,results/brute_force/used_SC5_HBD/results/sweep_164.csv
637876829,2233022232232302303300033,83782,99916220,46666,181,36934,99916219,100000000,pymatching,SurfaceCode,25,1,5,HBD_noise,0.001,500.0,results/brute_force/used_SC5_HBD/results/sweep_164.csv
862636471,0300303033203323002023320,77741,99922261,39510,143,38087,99922260,100000000,pymatching,SurfaceCode,25,1,5,HBD_noise,0.001,500.0,results/brute_force/used_SC5_HBD/results/sweep_164.csv
1930262030,3323032303203320200023202,74070,99925932,38114,143,35812,99925931,100000000,pymatching,SurfaceCode,25,1,5,HBD_noise,0.001,500.0,results/brute_force/used_SC5_HBD/results/sweep_164.csv
625933631,0223000302030333033320032,50267,99949735,25566,68,24632,99949734,100000000,pymatching,SurfaceCode,25,1,5,HBD_noise,0.001,500.0,results/brute_force/used_SC5_HBD/results/sweep_79.csv
1829357452,0200000302030333033320032,48635,99951367,23450,63,25121,99951366,100000000,pymatching,SurfaceCode,25,1,5,HBD_noise,0.001,500.0,results/brute_force/used_SC5_HBD/results/sweep_79.csv
1134518495,0000000302030333033300032,46621,99953381,22167,65,24388,99953380,100000000,pymatching,SurfaceCode,25,1,5,HBD_noise,0.001,500.0,results/brute_force/used_SC5_HBD/results/sweep_79.csv
443098712,0000000302030333030300032,43657,99956345,19737,40,23879,99956344,100000000,pymatching,SurfaceCode,25,1,5,HBD_noise,0.001,500.0,results/brute_force/used_SC5_HBD/results/sweep_79.csv
203257102,3000030302030333033300030,45275,99954727,22211,57,23006,99954726,100000000,pymatching,SurfaceCode,25,1,5,HBD_noise,0.001,500.0,results/brute_force/used_SC5_HBD/results/sweep_79.csv
853266897,0000030302030333030303030,40460,99959542,19093,40,21326,99959541,100000000,pymatching,SurfaceCode,25,1,5,HBD_noise,0.001,500.0,results/brute_force/used_SC5_HBD/results/sweep_79.csv
594316469,0003030300030333030303030,38430,99961572,18544,42,19843,99961571,100000000,pymatching,SurfaceCode,25,1,5,HBD_noise,0.001,500.0,results/brute_force/used_SC5_HBD/results/sweep_79.csv
1084692792,0003030303030333030303030,37068,99962934,18245,45,18777,99962933,100000000,pymatching,SurfaceCode,25,1,5,HBD_noise,0.001,500.0,results/brute_force/used_SC5_HBD/results/sweep_79.csv
1591686591,0303030303030333030303030,36630,99963372,18450,46,18133,99963371,100000000,pymatching,SurfaceCode,25,1,5,HBD_noise,0.001,500.0,results/brute_force/used_SC5_HBD/results/sweep_79.csv
1889448157,2000023322300333002203020,71485,99928517,32861,144,38479,99928516,100000000,pymatching,SurfaceCode,25,1,5,HBD_noise,0.001,500.0,results/brute_force/used_SC5_HBD/results/sweep_79.csv
638030826,3332030333320030030203000,58583,99941419,28672,84,29826,99941418,100000000,pymatching,SurfaceCode,25,1,5,HBD_noise,0.001,500.0,results/brute_force/used_SC5_HBD/results/sweep_118.csv
784275554,2300030300030302000200032,47847,99952155,20574,56,27216,99952154,100000000,pymatching,SurfaceCode,25,1,5,HBD_noise,0.001,500.0,results/brute_force/used_SC5_HBD/results/sweep_118.csv
2006023924,2300000233300223220222303,82871,99917131,37596,180,45094,99917130,100000000,pymatching,SurfaceCode,25,1,5,HBD_noise,0.001,500.0,results/brute_force/used_SC5_HBD/results/sweep_118.csv
1447458534,2222000030330330030320330,62577,99937425,30898,101,31577,99937424,100000000,pymatching,SurfaceCode,25,1,5,HBD_noise,0.001,500.0,results/brute_force/used_SC5_HBD/results/sweep_118.csv
318475380,0220302303030303302032032,63168,99936834,32482,87,30598,99936833,100000000,pymatching,SurfaceCode,25,1,5,HBD_noise,0.001,500.0,results/brute_force/used_SC5_HBD/results/sweep_118.csv
75731330,0332030200200323233223000,63663,99936339,30483,109,33070,99936338,100000000,pymatching,SurfaceCode,25,1,5,HBD_noise,0.001,500.0,results/brute_force/used_SC5_HBD/results/sweep_118.csv
831642049,0333320003200003030023233,58523,99941479,25495,92,32935,99941478,100000000,pymatching,SurfaceCode,25,1,5,HBD_noise,0.001,500.0,results/brute_force/used_SC5_HBD/results/sweep_118.csv
1465751452,2323300303230303322203000,57323,99942679,29853,97,27372,99942678,100000000,pymatching,SurfaceCode,25,1,5,HBD_noise,0.001,500.0,results/brute_force/used_SC5_HBD/results/sweep_118.csv
1685261791,0300230302330033020033230,55793,99944209,25477,79,30236,99944208,100000000,pymatching,SurfaceCode,25,1,5,HBD_noise,0.001,500.0,results/brute_force/used_SC5_HBD/results/sweep_118.csv
1925468427,0003330302003323230300030,53063,99946939,25798,105,27159,99946938,100000000,pymatching,SurfaceCode,25,1,5,HBD_noise,0.001,500.0,results/brute_force/used_SC5_HBD/results/sweep_118.csv
2094350957,0003030303330303030002033,41255,99958747,20080,61,21113,99958746,100000000,pymatching,SurfaceCode,25,1,5,HBD_noise,0.001,500.0,results/brute_force/used_SC5_HBD/results/sweep_68.csv
2116741727,0303030303330303030002033,40297,99959705,20093,50,20153,99959704,100000000,pymatching,SurfaceCode,25,1,5,HBD_noise,0.001,500.0,results/brute_force/used_SC5_HBD/results/sweep_68.csv
1326411307,2003333303032330330303230,54525,99945477,31431,86,23007,99945476,100000000,pymatching,SurfaceCode,25,1,5,HBD_noise,0.001,500.0,results/brute_force/used_SC5_HBD/results/sweep_68.csv
206958815,2003330303232330330303230,53581,99946421,29392,72,24116,99946420,100000000,pymatching,SurfaceCode,25,1,5,HBD_noise,0.001,500.0,results/brute_force/used_SC5_HBD/results/sweep_68.csv
1156991920,2303330303032330330303230,49344,99950658,27562,69,21712,99950657,100000000,pymatching,SurfaceCode,25,1,5,HBD_noise,0.001,500.0,results/brute_force/used_SC5_HBD/results/sweep_68.csv
1461167512,0303330303032330330303230,48121,99951881,26594,70,21456,99951880,100000000,pymatching,SurfaceCode,25,1,5,HBD_noise,0.001,500.0,results/brute_force/used_SC5_HBD/results/sweep_68.csv
465602697,0303330303032330330303330,47791,99952211,26775,65,20950,99952210,100000000,pymatching,SurfaceCode,25,1,5,HBD_noise,0.001,500.0,results/brute_force/used_SC5_HBD/results/sweep_68.csv
34992767,0303330303030330330303330,42922,99957080,23400,50,19471,99957079,100000000,pymatching,SurfaceCode,25,1,5,HBD_noise,0.001,500.0,results/brute_force/used_SC5_HBD/results/sweep_68.csv
1211239719,0303030303030330330303333,43367,99956635,23817,57,19492,99956634,100000000,pymatching,SurfaceCode,25,1,5,HBD_noise,0.001,500.0,results/brute_force/used_SC5_HBD/results/sweep_68.csv
934406264,0303330303030333330303330,41914,99958088,23439,35,18439,99958087,100000000,pymatching,SurfaceCode,25,1,5,HBD_noise,0.001,500.0,results/brute_force/used_SC5_HBD/results/sweep_68.csv
898694311,0302033303000300032302000,49629,99950373,23254,63,26311,99950372,100000000,pymatching,SurfaceCode,25,1,5,HBD_noise,0.001,500.0,results/brute_force/used_SC5_HBD/results/sweep_14.csv
1438449515,0302033333030300032303000,47625,99952377,24772,67,22785,99952376,100000000,pymatching,SurfaceCode,25,1,5,HBD_noise,0.001,500.0,results/brute_force/used_SC5_HBD/results/sweep_14.csv
490658889,0300023303030300032302000,48259,99951743,23203,64,24991,99951742,100000000,pymatching,SurfaceCode,25,1,5,HBD_noise,0.001,500.0,results/brute_force/used_SC5_HBD/results/sweep_14.csv
1509405389,0302033303030300032302000,46384,99953618,23131,68,23184,99953617,100000000,pymatching,SurfaceCode,25,1,5,HBD_noise,0.001,500.0,results/brute_force/used_SC5_HBD/results/sweep_14.csv
510387258,0303030303030300032302000,42244,99957758,20122,76,22045,99957757,100000000,pymatching,SurfaceCode,25,1,5,HBD_noise,0.001,500.0,results/brute_force/used_SC5_HBD/results/sweep_14.csv
945608244,0303030303030300032303000,40490,99959512,19515,49,20925,99959511,100000000,pymatching,SurfaceCode,25,1,5,HBD_noise,0.001,500.0,results/brute_force/used_SC5_HBD/results/sweep_14.csv
126614981,0303030303030303032303000,38983,99961019,19296,46,19640,99961018,100000000,pymatching,SurfaceCode,25,1,5,HBD_noise,0.001,500.0,results/brute_force/used_SC5_HBD/results/sweep_14.csv
413541065,0303030303030303033303000,38492,99961510,19487,45,18959,99961509,100000000,pymatching,SurfaceCode,25,1,5,HBD_noise,0.001,500.0,results/brute_force/used_SC5_HBD/results/sweep_14.csv
170041996,2202002332232303020000020,68066,99931936,33140,122,34803,99931935,100000000,pymatching,SurfaceCode,25,1,5,HBD_noise,0.001,500.0,results/brute_force/used_SC5_HBD/results/sweep_14.csv
557225769,2202002332232303020000022,69837,99930165,34446,126,35264,99930164,100000000,pymatching,SurfaceCode,25,1,5,HBD_noise,0.001,500.0,results/brute_force/used_SC5_HBD/results/sweep_14.csv
79776902,2000220332233223332333000,72599,99927403,39320,136,33142,99927402,100000000,pymatching,SurfaceCode,25,1,5,HBD_noise,0.001,500.0,results/brute_force/used_SC5_HBD/results/sweep_109.csv
84171342,3323003003233022020203022,72019,99927983,34216,124,37678,99927982,100000000,pymatching,SurfaceCode,25,1,5,HBD_noise,0.001,500.0,results/brute_force/used_SC5_HBD/results/sweep_109.csv
1339304748,2302233300332323000330320,63673,99936329,33796,93,29783,99936328,100000000,pymatching,SurfaceCode,25,1,5,HBD_noise,0.001,500.0,results/brute_force/used_SC5_HBD/results/sweep_109.csv
1431870900,0302220202003303032323020,61947,99938055,29508,100,32338,99938054,100000000,pymatching,SurfaceCode,25,1,5,HBD_noise,0.001,500.0,results/brute_force/used_SC5_HBD/results/sweep_109.csv
1449435387,2003300002020333032333033,56822,99943180,26625,110,30086,99943179,100000000,pymatching,SurfaceCode,25,1,5,HBD_noise,0.001,500.0,results/brute_force/used_SC5_HBD/results/sweep_109.csv
1186699002,3333232303000303000303303,53339,99946663,25794,64,27480,99946662,100000000,pymatching,SurfaceCode,25,1,5,HBD_noise,0.001,500.0,results/brute_force/used_SC5_HBD/results/sweep_109.csv
227086844,0303330002030332330333030,47396,99952606,23954,57,23384,99952605,100000000,pymatching,SurfaceCode,25,1,5,HBD_noise,0.001,500.0,results/brute_force/used_SC5_HBD/results/sweep_109.csv
1949297818,0320303303030320030300030,48035,99951967,23736,60,24238,99951966,100000000,pymatching,SurfaceCode,25,1,5,HBD_noise,0.001,500.0,results/brute_force/used_SC5_HBD/results/sweep_109.csv
552183107,2202033303303303003020033,66258,99933744,34986,98,31173,99933743,100000000,pymatching,SurfaceCode,25,1,5,HBD_noise,0.001,500.0,results/brute_force/used_SC5_HBD/results/sweep_109.csv
834049970,0003030200333030030222323,67504,99932498,31842,119,35542,99932497,100000000,pymatching,SurfaceCode,25,1,5,HBD_noise,0.001,500.0,results/brute_force/used_SC5_HBD/results/sweep_109.csv
462114784,0003220303300202030300002,55439,99944563,22949,71,32418,99944562,100000000,pymatching,SurfaceCode,25,1,5,HBD_noise,0.001,500.0,results/brute_force/used_SC5_HBD/results/sweep_13.csv
1502593419,0203020303330200030300002,49280,99950722,21268,69,27942,99950721,100000000,pymatching,SurfaceCode,25,1,5,HBD_noise,0.001,500.0,results/brute_force/used_SC5_HBD/results/sweep_13.csv
1640898539,0203020303330202030300032,48369,99951633,21813,48,26507,99951632,100000000,pymatching,SurfaceCode,25,1,5,HBD_noise,0.001,500.0,results/brute_force/used_SC5_HBD/results/sweep_13.csv
1917688888,0203020303330302030300032,43932,99956070,20314,58,23559,99956069,100000000,pymatching,SurfaceCode,25,1,5,HBD_noise,0.001,500.0,results/brute_force/used_SC5_HBD/results/sweep_13.csv
102430935,0303030303230302030300022,42351,99957651,20512,40,21798,99957650,100000000,pymatching,SurfaceCode,25,1,5,HBD_noise,0.001,500.0,results/brute_force/used_SC5_HBD/results/sweep_13.csv
1171013103,0303000303030302030300022,42138,99957864,19115,52,22970,99957863,100000000,pymatching,SurfaceCode,25,1,5,HBD_noise,0.001,500.0,results/brute_force/used_SC5_HBD/results/sweep_13.csv
1321580193,0303000303030303030303032,37506,99962496,18353,47,19105,99962495,100000000,pymatching,SurfaceCode,25,1,5,HBD_noise,0.001,500.0,results/brute_force/used_SC5_HBD/results/sweep_13.csv
1286067447,0302033303020302332302003,55595,99944407,28679,91,26824,99944406,100000000,pymatching,SurfaceCode,25,1,5,HBD_noise,0.001,500.0,results/brute_force/used_SC5_HBD/results/sweep_13.csv
493082005,0302033303020302332302000,54008,99945994,27253,84,26670,99945993,100000000,pymatching,SurfaceCode,25,1,5,HBD_noise,0.001,500.0,results/brute_force/used_SC5_HBD/results/sweep_13.csv
1525517010,0302033303020300032302000,50546,99949456,23959,68,26518,99949455,100000000,pymatching,SurfaceCode,25,1,5,HBD_noise,0.001,500.0,results/brute_force/used_SC5_HBD/results/sweep_13.csv
515540797,3232032203222320033230322,84126,99915876,45311,169,38645,99915875,100000000,pymatching,SurfaceCode,25,1,5,HBD_noise,0.001,500.0,results/brute_force/used_SC5_HBD/results/sweep_100.csv
1834618029,3022020030330233203233002,81905,99918097,38648,160,43096,99918096,100000000,pymatching,SurfaceCode,25,1,5,HBD_noise,0.001,500.0,results/brute_force/used_SC5_HBD/results/sweep_100.csv
1130788442,2032233302330000333000230,68028,99931974,35158,117,32752,99931973,100000000,pymatching,SurfaceCode,25,1,5,HBD_noise,0.001,500.0,results/brute_force/used_SC5_HBD/results/sweep_100.csv
1048563767,2303320300200232003333320,67333,99932669,30587,101,36644,99932668,100000000,pymatching,SurfaceCode,25,1,5,HBD_noise,0.001,500.0,results/brute_force/used_SC5_HBD/results/sweep_100.csv
2046025909,0303032332000022030020000,61250,99938752,27519,89,33641,99938751,100000000,pymatching,SurfaceCode,25,1,5,HBD_noise,0.001,500.0,results/brute_force/used_SC5_HBD/results/sweep_100.csv
1840259384,2003030023030330230302032,54020,99945982,25745,80,28194,99945981,100000000,pymatching,SurfaceCode,25,1,5,HBD_noise,0.001,500.0,results/brute_force/used_SC5_HBD/results/sweep_100.csv
954170076,0300000203033303030330220,51430,99948572,25024,68,26337,99948571,100000000,pymatching,SurfaceCode,25,1,5,HBD_noise,0.001,500.0,results/brute_force/used_SC5_HBD/results/sweep_100.csv
365381618,0302230303330332320300030,50844,99949158,26149,66,24628,99949157,100000000,pymatching,SurfaceCode,25,1,5,HBD_noise,0.001,500.0,results/brute_force/used_SC5_HBD/results/sweep_100.csv
1577896126,0303233303030333032333200,48120,99951882,26559,57,21503,99951881,100000000,pymatching,SurfaceCode,25,1,5,HBD_noise,0.001,500.0,results/brute_force/used_SC5_HBD/results/sweep_100.csv
910501818,2022000002000023022233023,78294,99921708,29842,135,48316,99921707,100000000,pymatching,SurfaceCode,25,1,5,HBD_noise,0.001,500.0,results/brute_force/used_SC5_HBD/results/sweep_100.csv
186593979,0223030323202330030330020,61131,99938871,30349,116,30665,99938870,100000000,pymatching,SurfaceCode,25,1,5,HBD_noise,0.001,500.0,results/brute_force/used_SC5_HBD/results/sweep_61.csv
340675111,3300223202330302030330032,57090,99942912,28950,79,28060,99942911,100000000,pymatching,SurfaceCode,25,1,5,HBD_noise,0.001,500.0,results/brute_force/used_SC5_HBD/results/sweep_61.csv
2050772284,3300220202030302030330032,52025,99947977,24006,80,27938,99947976,100000000,pymatching,SurfaceCode,25,1,5,HBD_noise,0.001,500.0,results/brute_force/used_SC5_HBD/results/sweep_61.csv
274139428,2300220202030302030330032,52528,99947474,24008,74,28445,99947473,100000000,pymatching,SurfaceCode,25,1,5,HBD_noise,0.001,500.0,results/brute_force/used_SC5_HBD/results/sweep_61.csv
1196387008,3303030202030303030300032,43799,99956203,20649,48,23101,99956202,100000000,pymatching,SurfaceCode,25,1,5,HBD_noise,0.001,500.0,results/brute_force/used_SC5_HBD/results/sweep_61.csv
769843971,3303030202030303030302033,43078,99956924,20494,63,22520,99956923,100000000,pymatching,SurfaceCode,25,1,5,HBD_noise,0.001,500.0,results/brute_force/used_SC5_HBD/results/sweep_61.csv
132857201,0303030203030303030303030,38749,99961253,18527,48,20173,99961252,100000000,pymatching,SurfaceCode,25,1,5,HBD_noise,0.001,500.0,results/brute_force/used_SC5_HBD/results/sweep_61.csv
1427391342,0302030303030303030303033,37381,99962621,18457,40,18883,99962620,100000000,pymatching,SurfaceCode,25,1,5,HBD_noise,0.001,500.0,results/brute_force/used_SC5_HBD/results/sweep_61.csv
410202916,0302030303030303030303030,36765,99963237,17865,58,18841,99963236,100000000,pymatching,SurfaceCode,25,1,5,HBD_noise,0.001,500.0,results/brute_force/used_SC5_HBD/results/sweep_61.csv
435910176,3332020232203323030303303,68418,99931584,36526,113,31778,99931583,100000000,pymatching,SurfaceCode,25,1,5,HBD_noise,0.001,500.0,results/brute_force/used_SC5_HBD/results/sweep_61.csv
511573262,2300030303200322033300330,51365,99948637,25273,64,26027,99948636,100000000,pymatching,SurfaceCode,25,1,5,HBD_noise,0.001,500.0,results/brute_force/used_SC5_HBD/results/sweep_66.csv
1559165816,2300030303330322030300330,44845,99955157,22719,53,22072,99955156,100000000,pymatching,SurfaceCode,25,1,5,HBD_noise,0.001,500.0,results/brute_force/used_SC5_HBD/results/sweep_66.csv
286250257,2300030303330300030300330,42960,99957042,21048,51,21860,99957041,100000000,pymatching,SurfaceCode,25,1,5,HBD_noise,0.001,500.0,results/brute_force/used_SC5_HBD/results/sweep_66.csv
1510923520,0300030303330300030300330,41419,99958583,20208,42,21168,99958582,100000000,pymatching,SurfaceCode,25,1,5,HBD_noise,0.001,500.0,results/brute_force/used_SC5_HBD/results/sweep_66.csv
81866648,3300030303330300030300330,42182,99957820,20920,38,21223,99957819,100000000,pymatching,SurfaceCode,25,1,5,HBD_noise,0.001,500.0,results/brute_force/used_SC5_HBD/results/sweep_66.csv
477949480,2300030303330303030300330,41001,99959001,20728,42,20230,99959000,100000000,pymatching,SurfaceCode,25,1,5,HBD_noise,0.001,500.0,results/brute_force/used_SC5_HBD/results/sweep_66.csv
2065978429,0303030303330300030300330,40470,99959532,20055,52,20362,99959531,100000000,pymatching,SurfaceCode,25,1,5,HBD_noise,0.001,500.0,results/brute_force/used_SC5_HBD/results/sweep_66.csv
1328044264,0300030303030300030300330,40675,99959327,19165,46,21463,99959326,100000000,pymatching,SurfaceCode,25,1,5,HBD_noise,0.001,500.0,results/brute_force/used_SC5_HBD/results/sweep_66.csv
1848864908,0303030303330303030303330,37911,99962091,19681,52,18177,99962090,100000000,pymatching,SurfaceCode,25,1,5,HBD_noise,0.001,500.0,results/brute_force/used_SC5_HBD/results/sweep_66.csv
1903674211,0203030303330303030303030,37607,99962395,18643,45,18918,99962394,100000000,pymatching,SurfaceCode,25,1,5,HBD_noise,0.001,500.0,results/brute_force/used_SC5_HBD/results/sweep_66.csv
1802956123,2203230203330303030303330,45824,99954178,23133,57,22633,99954177,100000000,pymatching,SurfaceCode,25,1,5,HBD_noise,0.001,500.0,results/brute_force/used_SC5_HBD/results/sweep_107.csv
2139469283,0320220000023022232230333,86640,99913362,41364,177,45098,99913361,100000000,pymatching,SurfaceCode,25,1,5,HBD_noise,0.001,500.0,results/brute_force/used_SC5_HBD/results/sweep_107.csv
1488044528,3003003202330333230002300,62346,99937656,30851,105,31389,99937655,100000000,pymatching,SurfaceCode,25,1,5,HBD_noise,0.001,500.0,results/brute_force/used_SC5_HBD/results/sweep_107.csv
1042471227,0303330300032332320030230,59299,99940703,30991,82,28225,99940702,100000000,pymatching,SurfaceCode,25,1,5,HBD_noise,0.001,500.0,results/brute_force/used_SC5_HBD/results/sweep_107.csv
266282018,0303322003230303000230003,56030,99943972,25520,72,30437,99943971,100000000,pymatching,SurfaceCode,25,1,5,HBD_noise,0.001,500.0,results/brute_force/used_SC5_HBD/results/sweep_107.csv
991365263,2000030230330333030003033,52846,99947156,25958,81,26806,99947155,100000000,pymatching,SurfaceCode,25,1,5,HBD_noise,0.001,500.0,results/brute_force/used_SC5_HBD/results/sweep_107.csv
62456412,2303003303330303030222033,47679,99952323,24807,68,22803,99952322,100000000,pymatching,SurfaceCode,25,1,5,HBD_noise,0.001,500.0,results/brute_force/used_SC5_HBD/results/sweep_107.csv
530606757,3020030020302002002333320,83873,99916129,36817,169,46886,99916128,100000000,pymatching,SurfaceCode,25,1,5,HBD_noise,0.001,500.0,results/brute_force/used_SC5_HBD/results/sweep_107.csv
1119176614,3323032300303232323303032,77415,99922587,44096,137,33181,99922586,100000000,pymatching,SurfaceCode,25,1,5,HBD_noise,0.001,500.0,results/brute_force/used_SC5_HBD/results/sweep_107.csv
1949450985,2202020300002220230302322,74406,99925596,33876,142,40387,99925595,100000000,pymatching,SurfaceCode,25,1,5,HBD_noise,0.001,500.0,results/brute_force/used_SC5_HBD/results/sweep_107.csv
270860096,0303030303330303030323030,37634,99962368,18940,57,18636,99962367,100000000,pymatching,SurfaceCode,25,1,5,HBD_noise,0.001,500.0,results/brute_force/used_SC5_HBD/results/sweep_82.csv
1874480743,2303030303330303030303030,37077,99962925,19059,44,17973,99962924,100000000,pymatching,SurfaceCode,25,1,5,HBD_noise,0.001,500.0,results/brute_force/used_SC5_HBD/results/sweep_82.csv
1886230112,2322200002330333330032233,64974,99935028,34004,96,30873,99935027,100000000,pymatching,SurfaceCode,25,1,5,HBD_noise,0.001,500.0,results/brute_force/used_SC5_HBD/results/sweep_82.csv
1729869755,2322030002330333330032233,60543,99939459,31971,86,28485,99939458,100000000,pymatching,SurfaceCode,25,1,5,HBD_noise,0.001,500.0,results/brute_force/used_SC5_HBD/results/sweep_82.csv
1924474040,2332033002330330330032033,61283,99938719,32219,86,28977,99938718,100000000,pymatching,SurfaceCode,25,1,5,HBD_noise,0.001,500.0,results/brute_force/used_SC5_HBD/results/sweep_82.csv
1125224833,2332030002330303330032233,58273,99941729,30554,73,27645,99941728,100000000,pymatching,SurfaceCode,25,1,5,HBD_noise,0.001,500.0,results/brute_force/used_SC5_HBD/results/sweep_82.csv
685544205,0332030002330303330030233,55845,99944157,28431,86,27327,99944156,100000000,pymatching,SurfaceCode,25,1,5,HBD_noise,0.001,500.0,results/brute_force/used_SC5_HBD/results/sweep_82.csv
1177842050,2332030002330333330032033,55982,99944020,28969,82,26930,99944019,100000000,pymatching,SurfaceCode,25,1,5,HBD_noise,0.001,500.0,results/brute_force/used_SC5_HBD/results/sweep_82.csv
1542941289,2332030002330303330032033,54151,99945851,27582,77,26491,99945850,100000000,pymatching,SurfaceCode,25,1,5,HBD_noise,0.001,500.0,results/brute_force/used_SC5_HBD/results/sweep_82.csv
1896312621,2332030002330303330032030,53038,99946964,26532,68,26437,99946963,100000000,pymatching,SurfaceCode,25,1,5,HBD_noise,0.001,500.0,results/brute_force/used_SC5_HBD/results/sweep_82.csv
2063149608,0300300303030303030303033,39506,99960496,19132,64,20309,99960495,100000000,pymatching,SurfaceCode,25,1,5,HBD_noise,0.001,500.0,results/brute_force/used_SC5_HBD/results/sweep_53.csv
1381312513,0303330303030303030303033,36923,99963079,18918,38,17966,99963078,100000000,pymatching,SurfaceCode,25,1,5,HBD_noise,0.001,500.0,results/brute_force/used_SC5_HBD/results/sweep_53.csv
1087153623,3220332200333233000303203,77093,99922909,38842,156,38094,99922908,100000000,pymatching,SurfaceCode,25,1,5,HBD_noise,0.001,500.0,results/brute_force/used_SC5_HBD/results/sweep_53.csv
477971499,3223332200330233000303003,65761,99934241,31409,108,34243,99934240,100000000,pymatching,SurfaceCode,25,1,5,HBD_noise,0.001,500.0,results/brute_force/used_SC5_HBD/results/sweep_53.csv
160002539,3223332200030233000303002,64481,99935521,29948,97,34435,99935520,100000000,pymatching,SurfaceCode,25,1,5,HBD_noise,0.001,500.0,results/brute_force/used_SC5_HBD/results/sweep_53.csv
1561160150,3223330200030233000303002,59462,99940540,26223,73,33165,99940539,100000000,pymatching,SurfaceCode,25,1,5,HBD_noise,0.001,500.0,results/brute_force/used_SC5_HBD/results/sweep_53.csv
420796965,3223330200030233000303022,60018,99939984,26553,88,33376,99939983,100000000,pymatching,SurfaceCode,25,1,5,HBD_noise,0.001,500.0,results/brute_force/used_SC5_HBD/results/sweep_53.csv
996328408,3303330200030233000303022,54314,99945688,24015,87,30211,99945687,100000000,pymatching,SurfaceCode,25,1,5,HBD_noise,0.001,500.0,results/brute_force/used_SC5_HBD/results/sweep_53.csv
135905566,3303330200030233000300022,55350,99944652,23861,88,31400,99944651,100000000,pymatching,SurfaceCode,25,1,5,HBD_noise,0.001,500.0,results/brute_force/used_SC5_HBD/results/sweep_53.csv
1897451528,3303330200030233000333002,55029,99944973,24700,90,30238,99944972,100000000,pymatching,SurfaceCode,25,1,5,HBD_noise,0.001,500.0,results/brute_force/used_SC5_HBD/results/sweep_53.csv
364544995,0333030323320022030223302,63128,99936874,31082,103,31942,99936873,100000000,pymatching,SurfaceCode,25,1,5,HBD_noise,0.001,500.0,results/brute_force/used_SC5_HBD/results/sweep_132.csv
847048259,3330220303020200230002033,61773,99938229,27355,106,34311,99938228,100000000,pymatching,SurfaceCode,25,1,5,HBD_noise,0.001,500.0,results/brute_force/used_SC5_HBD/results/sweep_132.csv
1750945668,3303300323330200030003003,53395,99946607,24879,104,28411,99946606,100000000,pymatching,SurfaceCode,25,1,5,HBD_noise,0.001,500.0,results/brute_force/used_SC5_HBD/results/sweep_132.csv
304729067,3030020303230330032302000,53312,99946690,25854,78,27379,99946689,100000000,pymatching,SurfaceCode,25,1,5,HBD_noise,0.001,500.0,results/brute_force/used_SC5_HBD/results/sweep_132.csv
1939445142,2000330323300303030333000,50534,99949468,23976,82,26475,99949467,100000000,pymatching,SurfaceCode,25,1,5,HBD_noise,0.001,500.0,results/brute_force/used_SC5_HBD/results/sweep_132.csv
1501608310,0303030320030320030023330,47761,99952241,23552,56,24152,99952240,100000000,pymatching,SurfaceCode,25,1,5,HBD_noise,0.001,500.0,results/brute_force/used_SC5_HBD/results/sweep_132.csv
1540350147,2203023222232200020230303,87969,99912033,41921,189,45858,99912032,100000000,pymatching,SurfaceCode,25,1,5,HBD_noise,0.001,500.0,results/brute_force/used_SC5_HBD/results/sweep_132.csv
698293891,2023220302300000222023202,84094,99915908,36387,166,47540,99915907,100000000,pymatching,SurfaceCode,25,1,5,HBD_noise,0.001,500.0,results/brute_force/used_SC5_HBD/results/sweep_132.csv
1919434878,0002030200302202000233322,78128,99921874,32269,161,45697,99921873,100000000,pymatching,SurfaceCode,25,1,5,HBD_noise,0.001,500.0,results/brute_force/used_SC5_HBD/results/sweep_132.csv
2037592462,2202000330320000332203323,75523,99924479,36320,116,39086,99924478,100000000,pymatching,SurfaceCode,25,1,5,HBD_noise,0.001,500.0,results/brute_force/used_SC5_HBD/results/sweep_132.csv
1722726579,3203230002030333030333020,48140,99951862,22820,68,25251,99951861,100000000,pymatching,SurfaceCode,25,1,5,HBD_noise,0.001,500.0,results/brute_force/used_SC5_HBD/results/sweep_135.csv
414139796,2030000032000200302232032,84154,99915848,35520,166,48467,99915847,100000000,pymatching,SurfaceCode,25,1,5,HBD_noise,0.001,500.0,results/brute_force/used_SC5_HBD/results/sweep_135.csv
1869880615,0333320233303200020302022,72748,99927254,33857,143,38747,99927253,100000000,pymatching,SurfaceCode,25,1,5,HBD_noise,0.001,500.0,results/brute_force/used_SC5_HBD/results/sweep_135.csv
1939173185,0033330302332332223003233,70522,99929480,40152,127,30242,99929479,100000000,pymatching,SurfaceCode,25,1,5,HBD_noise,0.001,500.0,results/brute_force/used_SC5_HBD/results/sweep_135.csv
1108120108,3003300300000323233202223,64567,99935435,30812,102,33652,99935434,100000000,pymatching,SurfaceCode,25,1,5,HBD_noise,0.001,500.0,results/brute_force/used_SC5_HBD/results/sweep_135.csv
1922636958,2323030200200333320300332,62839,99937163,30581,80,32177,99937162,100000000,pymatching,SurfaceCode,25,1,5,HBD_noise,0.001,500.0,results/brute_force/used_SC5_HBD/results/sweep_135.csv
1941295428,2220003003230323030302303,58358,99941644,29080,87,29190,99941643,100000000,pymatching,SurfaceCode,25,1,5,HBD_noise,0.001,500.0,results/brute_force/used_SC5_HBD/results/sweep_135.csv
500948346,3203330303230030330333030,50261,99949741,25848,67,24345,99949740,100000000,pymatching,SurfaceCode,25,1,5,HBD_noise,0.001,500.0,results/brute_force/used_SC5_HBD/results/sweep_135.csv
1690020335,0000030320030323030002330,49748,99950254,22940,87,26720,99950253,100000000,pymatching,SurfaceCode,25,1,5,HBD_noise,0.001,500.0,results/brute_force/used_SC5_HBD/results/sweep_135.csv
7450561,0303030303330333000002330,44708,99955294,21796,64,22847,99955293,100000000,pymatching,SurfaceCode,25,1,5,HBD_noise,0.001,500.0,results/brute_force/used_SC5_HBD/results/sweep_135.csv
1106027158,0203320302030030230303030,50749,99949253,23367,67,27314,99949252,100000000,pymatching,SurfaceCode,25,1,5,HBD_noise,0.001,500.0,results/brute_force/used_SC5_HBD/results/sweep_28.csv
1430505626,2203320302030000030303030,47077,99952925,20928,64,26084,99952924,100000000,pymatching,SurfaceCode,25,1,5,HBD_noise,0.001,500.0,results/brute_force/used_SC5_HBD/results/sweep_28.csv
431395359,2003020302030000030303330,47122,99952880,20664,65,26392,99952879,100000000,pymatching,SurfaceCode,25,1,5,HBD_noise,0.001,500.0,results/brute_force/used_SC5_HBD/results/sweep_28.csv
112403218,3203320302030003030303030,45420,99954582,20941,42,24436,99954581,100000000,pymatching,SurfaceCode,25,1,5,HBD_noise,0.001,500.0,results/brute_force/used_SC5_HBD/results/sweep_28.csv
773181113,3203030302030303030303030,38908,99961094,18975,55,19877,99961093,100000000,pymatching,SurfaceCode,25,1,5,HBD_noise,0.001,500.0,results/brute_force/used_SC5_HBD/results/sweep_28.csv
463325656,3203030303030303030303030,37261,99962741,18391,48,18821,99962740,100000000,pymatching,SurfaceCode,25,1,5,HBD_noise,0.001,500.0,results/brute_force/used_SC5_HBD/results/sweep_28.csv
1447989963,2203030303030303030303030,37490,99962512,18520,35,18934,99962511,100000000,pymatching,SurfaceCode,25,1,5,HBD_noise,0.001,500.0,results/brute_force/used_SC5_HBD/results/sweep_28.csv
716483287,2000030032033300320000320,67396,99932606,31417,105,35873,99932605,100000000,pymatching,SurfaceCode,25,1,5,HBD_noise,0.001,500.0,results/brute_force/used_SC5_HBD/results/sweep_28.csv
241867880,2000030032033300020000320,63856,99936146,28063,102,35690,99936145,100000000,pymatching,SurfaceCode,25,1,5,HBD_noise,0.001,500.0,results/brute_force/used_SC5_HBD/results/sweep_28.csv
1001870365,2003030032033300020000320,62114,99937888,28124,98,33891,99937887,100000000,pymatching,SurfaceCode,25,1,5,HBD_noise,0.001,500.0,results/brute_force/used_SC5_HBD/results/sweep_28.csv
2021953647,0002030322232323220323032,63974,99936028,33087,129,30757,99936027,100000000,pymatching,SurfaceCode,25,1,5,HBD_noise,0.001,500.0,results/brute_force/used_SC5_HBD/results/sweep_85.csv
831074363,0302030322230323020323332,54743,99945259,27945,86,26711,99945258,100000000,pymatching,SurfaceCode,25,1,5,HBD_noise,0.001,500.0,results/brute_force/used_SC5_HBD/results/sweep_85.csv
2013991535,0302030322230323020333032,52212,99947790,25980,75,26156,99947789,100000000,pymatching,SurfaceCode,25,1,5,HBD_noise,0.001,500.0,results/brute_force/used_SC5_HBD/results/sweep_85.csv
1097157447,0302030322230323020333033,52112,99947890,26335,87,25689,99947889,100000000,pymatching,SurfaceCode,25,1,5,HBD_noise,0.001,500.0,results/brute_force/used_SC5_HBD/results/sweep_85.csv
568903702,0302030322030303030333033,43656,99956346,22085,59,21511,99956345,100000000,pymatching,SurfaceCode,25,1,5,HBD_noise,0.001,500.0,results/brute_force/used_SC5_HBD/results/sweep_85.csv
1383773483,0302000322030303030333033,45383,99954619,22313,61,23008,99954618,100000000,pymatching,SurfaceCode,25,1,5,HBD_noise,0.001,500.0,results/brute_force/used_SC5_HBD/results/sweep_85.csv
242779385,0302000302030303030333003,43653,99956349,20376,54,23222,99956348,100000000,pymatching,SurfaceCode,25,1,5,HBD_noise,0.001,500.0,results/brute_force/used_SC5_HBD/results/sweep_85.csv
250433899,0303000302030303030333003,41718,99958284,19868,56,21793,99958283,100000000,pymatching,SurfaceCode,25,1,5,HBD_noise,0.001,500.0,results/brute_force/used_SC5_HBD/results/sweep_85.csv
1565948039,0303030303030303030333000,37037,99962965,18410,39,18587,99962964,100000000,pymatching,SurfaceCode,25,1,5,HBD_noise,0.001,500.0,results/brute_force/used_SC5_HBD/results/sweep_85.csv
788720436,0303030303030303030333003,37756,99962246,18892,47,18816,99962245,100000000,pymatching,SurfaceCode,25,1,5,HBD_noise,0.001,500.0,results/brute_force/used_SC5_HBD/results/sweep_85.csv
1588747766,2033000023300233223030223,90699,99909303,41959,211,48528,99909302,100000000,pymatching,SurfaceCode,25,1,5,HBD_noise,0.001,500.0,results/brute_force/used_SC5_HBD/results/sweep_149.csv
1425869186,0322002303003333322320023,74559,99925443,38948,136,35474,99925442,100000000,pymatching,SurfaceCode,25,1,5,HBD_noise,0.001,500.0,results/brute_force/used_SC5_HBD/results/sweep_149.csv
1584018263,0323030030332332230020333,68517,99931485,36547,141,31828,99931484,100000000,pymatching,SurfaceCode,25,1,5,HBD_noise,0.001,500.0,results/brute_force/used_SC5_HBD/results/sweep_149.csv
1583018931,0233333303033330003302033,59593,99940409,34206,77,25309,99940408,100000000,pymatching,SurfaceCode,25,1,5,HBD_noise,0.001,500.0,results/brute_force/used_SC5_HBD/results/sweep_149.csv
36327777,3300030223200320230333030,58495,99941507,28673,103,29718,99941506,100000000,pymatching,SurfaceCode,25,1,5,HBD_noise,0.001,500.0,results/brute_force/used_SC5_HBD/results/sweep_149.csv
1459822437,0000330332330333023203030,55006,99944996,28267,86,26652,99944995,100000000,pymatching,SurfaceCode,25,1,5,HBD_noise,0.001,500.0,results/brute_force/used_SC5_HBD/results/sweep_149.csv
1824615846,0003003300030202030000330,53645,99946357,23837,63,29744,99946356,100000000,pymatching,SurfaceCode,25,1,5,HBD_noise,0.001,500.0,results/brute_force/used_SC5_HBD/results/sweep_149.csv
1649840640,0330330303030302002203200,52582,99947420,25342,72,27167,99947419,100000000,pymatching,SurfaceCode,25,1,5,HBD_noise,0.001,500.0,results/brute_force/used_SC5_HBD/results/sweep_149.csv
1378916049,2333030320230300030330002,51231,99948771,26038,81,25111,99948770,100000000,pymatching,SurfaceCode,25,1,5,HBD_noise,0.001,500.0,results/brute_force/used_SC5_HBD/results/sweep_149.csv
2079278505,2303330303230230030300230,49003,99950999,24303,52,24647,99950998,100000000,pymatching,SurfaceCode,25,1,5,HBD_noise,0.001,500.0,results/brute_force/used_SC5_HBD/results/sweep_149.csv
1989680602,3303330200030233000333000,54360,99945642,23967,84,30308,99945641,100000000,pymatching,SurfaceCode,25,1,5,HBD_noise,0.001,500.0,results/brute_force/used_SC5_HBD/results/sweep_54.csv
252446637,3303330000030203000333002,53411,99946591,22727,75,30608,99946590,100000000,pymatching,SurfaceCode,25,1,5,HBD_noise,0.001,500.0,results/brute_force/used_SC5_HBD/results/sweep_54.csv
2085618114,2303230300030303000303022,44645,99955357,20379,54,24211,99955356,100000000,pymatching,SurfaceCode,25,1,5,HBD_noise,0.001,500.0,results/brute_force/used_SC5_HBD/results/sweep_54.csv
37739308,0303230303030303000302032,41624,99958378,19790,44,21789,99958377,100000000,pymatching,SurfaceCode,25,1,5,HBD_noise,0.001,500.0,results/brute_force/used_SC5_HBD/results/sweep_54.csv
1886436954,0303230303030303000302030,40489,99959513,18950,59,21479,99959512,100000000,pymatching,SurfaceCode,25,1,5,HBD_noise,0.001,500.0,results/brute_force/used_SC5_HBD/results/sweep_54.csv
263525996,0303030303030303000302030,39325,99960677,17997,42,21285,99960676,100000000,pymatching,SurfaceCode,25,1,5,HBD_noise,0.001,500.0,results/brute_force/used_SC5_HBD/results/sweep_54.csv
1287328178,0203030303030303030303030,36402,99963600,17705,38,18658,99963599,100000000,pymatching,SurfaceCode,25,1,5,HBD_noise,0.001,500.0,results/brute_force/used_SC5_HBD/results/sweep_54.csv
1908888239,0203302003033023333303220,67120,99932882,35414,123,31582,99932881,100000000,pymatching,SurfaceCode,25,1,5,HBD_noise,0.001,500.0,results/brute_force/used_SC5_HBD/results/sweep_54.csv
1889179507,0203300003033023333303020,59444,99940558,29189,91,30163,99940557,100000000,pymatching,SurfaceCode,25,1,5,HBD_noise,0.001,500.0,results/brute_force/used_SC5_HBD/results/sweep_54.csv
214133691,0203300003033023333303032,59420,99940582,30605,108,28706,99940581,100000000,pymatching,SurfaceCode,25,1,5,HBD_noise,0.001,500.0,results/brute_force/used_SC5_HBD/results/sweep_54.csv
21729714,0302333023002323032030303,73377,99926625,39023,136,34217,99926624,100000000,pymatching,SurfaceCode,25,1,5,HBD_noise,0.001,500.0,results/brute_force/used_SC5_HBD/results/sweep_26.csv
2058112190,0302333023002323033230303,73209,99926793,39324,174,33710,99926792,100000000,pymatching,SurfaceCode,25,1,5,HBD_noise,0.001,500.0,results/brute_force/used_SC5_HBD/results/sweep_26.csv
122422609,0302333023002303032030303,71113,99928889,37041,148,33923,99928888,100000000,pymatching,SurfaceCode,25,1,5,HBD_noise,0.001,500.0,results/brute_force/used_SC5_HBD/results/sweep_26.csv
146001611,0302330023002303032023303,65450,99934552,32651,107,32691,99934551,100000000,pymatching,SurfaceCode,25,1,5,HBD_noise,0.001,500.0,results/brute_force/used_SC5_HBD/results/sweep_26.csv
1191398877,0302330323000303032033200,54364,99945638,26475,77,27811,99945637,100000000,pymatching,SurfaceCode,25,1,5,HBD_noise,0.001,500.0,results/brute_force/used_SC5_HBD/results/sweep_26.csv
1369083906,0302330303030303032003200,45516,99954486,22501,65,22949,99954485,100000000,pymatching,SurfaceCode,25,1,5,HBD_noise,0.001,500.0,results/brute_force/used_SC5_HBD/results/sweep_26.csv
1530966094,0302030303030303030003200,41002,99959000,19306,48,21647,99958999,100000000,pymatching,SurfaceCode,25,1,5,HBD_noise,0.001,500.0,results/brute_force/used_SC5_HBD/results/sweep_26.csv
1870764558,3303030303030303030303200,38414,99961588,19291,40,19082,99961587,100000000,pymatching,SurfaceCode,25,1,5,HBD_noise,0.001,500.0,results/brute_force/used_SC5_HBD/results/sweep_26.csv
346342780,0303030303030303030300300,38816,99961186,18807,55,19953,99961185,100000000,pymatching,SurfaceCode,25,1,5,HBD_noise,0.001,500.0,results/brute_force/used_SC5_HBD/results/sweep_26.csv
828279135,0303030303030303030300000,37588,99962414,17670,41,19876,99962413,100000000,pymatching,SurfaceCode,25,1,5,HBD_noise,0.001,500.0,results/brute_force/used_SC5_HBD/results/sweep_26.csv
1764439592,2033230200000203232223300,72690,99927312,32182,140,40367,99927311,100000000,pymatching,SurfaceCode,25,1,5,HBD_noise,0.001,500.0,results/brute_force/used_SC5_HBD/results/sweep_147.csv
1455735869,2332320023230033032302232,68885,99931117,34770,104,34010,99931116,100000000,pymatching,SurfaceCode,25,1,5,HBD_noise,0.001,500.0,results/brute_force/used_SC5_HBD/results/sweep_147.csv
777377377,3203330302233303032230320,59737,99940265,33233,86,26417,99940264,100000000,pymatching,SurfaceCode,25,1,5,HBD_noise,0.001,500.0,results/brute_force/used_SC5_HBD/results/sweep_147.csv
1247992322,0003032002030303020220023,57552,99942450,24763,71,32717,99942449,100000000,pymatching,SurfaceCode,25,1,5,HBD_noise,0.001,500.0,results/brute_force/used_SC5_HBD/results/sweep_147.csv
48258021,0033322332033303030323033,57160,99942842,33317,81,23761,99942841,100000000,pymatching,SurfaceCode,25,1,5,HBD_noise,0.001,500.0,results/brute_force/used_SC5_HBD/results/sweep_147.csv
647155886,3303032332030300030020220,54422,99945580,28083,69,26269,99945579,100000000,pymatching,SurfaceCode,25,1,5,HBD_noise,0.001,500.0,results/brute_force/used_SC5_HBD/results/sweep_147.csv
2000488221,2003030302330330033303303,50336,99949666,26514,74,23747,99949665,100000000,pymatching,SurfaceCode,25,1,5,HBD_noise,0.001,500.0,results/brute_force/used_SC5_HBD/results/sweep_147.csv
2139981144,0223320303030333030300033,44992,99955010,23075,48,21868,99955009,100000000,pymatching,SurfaceCode,25,1,5,HBD_noise,0.001,500.0,results/brute_force/used_SC5_HBD/results/sweep_147.csv
1445404218,3203203232330302000323323,69339,99930663,34748,107,34483,99930662,100000000,pymatching,SurfaceCode,25,1,5,HBD_noise,0.001,500.0,results/brute_force/used_SC5_HBD/results/sweep_147.csv
1511290605,3302003333003002030333220,64625,99935377,32922,97,31605,99935376,100000000,pymatching,SurfaceCode,25,1,5,HBD_noise,0.001,500.0,results/brute_force/used_SC5_HBD/results/sweep_147.csv
819265659,0333230302330203030223030,49740,99950262,24318,62,25359,99950261,100000000,pymatching,SurfaceCode,25,1,5,HBD_noise,0.001,500.0,results/brute_force/used_SC5_HBD/results/sweep_140.csv
2117019968,0302003222003220233202300,88633,99911369,43078,200,45354,99911368,100000000,pymatching,SurfaceCode,25,1,5,HBD_noise,0.001,500.0,results/brute_force/used_SC5_HBD/results/sweep_140.csv
919766770,0303203330320020220030023,77996,99922006,36049,141,41805,99922005,100000000,pymatching,SurfaceCode,25,1,5,HBD_noise,0.001,500.0,results/brute_force/used_SC5_HBD/results/sweep_140.csv
679607549,3323030202220322000220330,66055,99933947,29752,109,36193,99933946,100000000,pymatching,SurfaceCode,25,1,5,HBD_noise,0.001,500.0,results/brute_force/used_SC5_HBD/results/sweep_140.csv
364720261,3323320303330322000233033,53106,99946896,26789,57,26259,99946895,100000000,pymatching,SurfaceCode,25,1,5,HBD_noise,0.001,500.0,results/brute_force/used_SC5_HBD/results/sweep_140.csv
1789621706,0303230332030303230320023,49987,99950015,25685,55,24246,99950014,100000000,pymatching,SurfaceCode,25,1,5,HBD_noise,0.001,500.0,results/brute_force/used_SC5_HBD/results/sweep_140.csv
1318981585,0203022303330303030323022,46757,99953245,23528,70,23158,99953244,100000000,pymatching,SurfaceCode,25,1,5,HBD_noise,0.001,500.0,results/brute_force/used_SC5_HBD/results/sweep_140.csv
1167461496,0002330333330032223032303,75090,99924912,39588,148,35353,99924911,100000000,pymatching,SurfaceCode,25,1,5,HBD_noise,0.001,500.0,results/brute_force/used_SC5_HBD/results/sweep_140.csv
1319302547,2300023303203233033003202,72883,99927119,38838,131,33913,99927118,100000000,pymatching,SurfaceCode,25,1,5,HBD_noise,0.001,500.0,results/brute_force/used_SC5_HBD/results/sweep_140.csv
223157454,0200320033330302230333303,60441,99939561,30972,89,29379,99939560,100000000,pymatching,SurfaceCode,25,1,5,HBD_noise,0.001,500.0,results/brute_force/used_SC5_HBD/results/sweep_140.csv
762496679,0203330203000303030303032,45287,99954715,20310,55,24921,99954714,100000000,pymatching,SurfaceCode,25,1,5,HBD_noise,0.001,500.0,results/brute_force/used_SC5_HBD/results/sweep_21.csv
773450259,0203030303030303030303032,37445,99962557,18174,37,19233,99962556,100000000,pymatching,SurfaceCode,25,1,5,HBD_noise,0.001,500.0,results/brute_force/used_SC5_HBD/results/sweep_21.csv
728787986,0203330303030303030303032,38272,99961730,19237,55,18979,99961729,100000000,pymatching,SurfaceCode,25,1,5,HBD_noise,0.001,500.0,results/brute_force/used_SC5_HBD/results/sweep_21.csv
1263332778,0303330303030303030303032,36844,99963158,18781,52,18010,99963157,100000000,pymatching,SurfaceCode,25,1,5,HBD_noise,0.001,500.0,results/brute_force/used_SC5_HBD/results/sweep_21.csv
411616782,0303330303030303030303030,35953,99964049,18174,45,17733,99964048,100000000,pymatching,SurfaceCode,25,1,5,HBD_noise,0.001,500.0,results/brute_force/used_SC5_HBD/results/sweep_21.csv
1504180296,0233300200020003200020300,75765,99924237,29540,112,46112,99924236,100000000,pymatching,SurfaceCode,25,1,5,HBD_noise,0.001,500.0,results/brute_force/used_SC5_HBD/results/sweep_21.csv
2127076783,0333300300020003200223300,64193,99935809,27450,113,36629,99935808,100000000,pymatching,SurfaceCode,25,1,5,HBD_noise,0.001,500.0,results/brute_force/used_SC5_HBD/results/sweep_21.csv
364238842,0333300300020003200023300,64330,99935672,27422,98,36809,99935671,100000000,pymatching,SurfaceCode,25,1,5,HBD_noise,0.001,500.0,results/brute_force/used_SC5_HBD/results/sweep_21.csv
1167821846,0333320300020303200223002,60186,99939816,26246,102,33837,99939815,100000000,pymatching,SurfaceCode,25,1,5,HBD_noise,0.001,500.0,results/brute_force/used_SC5_HBD/results/sweep_21.csv
350167750,0323020300020303000023002,55406,99944596,22677,88,32640,99944595,100000000,pymatching,SurfaceCode,25,1,5,HBD_noise,0.001,500.0,results/brute_force/used_SC5_HBD/results/sweep_21.csv
1843530540,0200020030220330000022230,72552,99927450,30068,125,42358,99927449,100000000,pymatching,SurfaceCode,25,1,5,HBD_noise,0.001,500.0,results/brute_force/used_SC5_HBD/results/sweep_165.csv
231764038,0232233302030230003330222,70421,99929581,34993,118,35309,99929580,100000000,pymatching,SurfaceCode,25,1,5,HBD_noise,0.001,500.0,results/brute_force/used_SC5_HBD/results/sweep_165.csv
1789732146,0000230303220032223003330,69648,99930354,32841,124,36682,99930353,100000000,pymatching,SurfaceCode,25,1,5,HBD_noise,0.001,500.0,results/brute_force/used_SC5_HBD/results/sweep_165.csv
1199090815,2202300202232323003303032,66762,99933240,33552,123,33086,99933239,100000000,pymatching,SurfaceCode,25,1,5,HBD_noise,0.001,500.0,results/brute_force/used_SC5_HBD/results/sweep_165.csv
11370065,0300300003030300032303032,47362,99952640,21920,65,25376,99952639,100000000,pymatching,SurfaceCode,25,1,5,HBD_noise,0.001,500.0,results/brute_force/used_SC5_HBD/results/sweep_165.csv
1707052925,0323223322220002322233030,82471,99917531,41058,185,41227,99917530,100000000,pymatching,SurfaceCode,25,1,5,HBD_noise,0.001,500.0,results/brute_force/used_SC5_HBD/results/sweep_165.csv
27293986,2322320030332002023300333,79506,99920496,39691,149,39665,99920495,100000000,pymatching,SurfaceCode,25,1,5,HBD_noise,0.001,500.0,results/brute_force/used_SC5_HBD/results/sweep_165.csv
1667163713,3220000002233320203333230,74721,99925281,38094,143,36483,99925280,100000000,pymatching,SurfaceCode,25,1,5,HBD_noise,0.001,500.0,results/brute_force/used_SC5_HBD/results/sweep_165.csv
1423657838,2222000303230300303203232,63363,99936639,32109,86,31167,99936638,100000000,pymatching,SurfaceCode,25,1,5,HBD_noise,0.001,500.0,results/brute_force/used_SC5_HBD/results/sweep_165.csv
364884318,0002033303030022003323222,61960,99938042,29937,75,31947,99938041,100000000,pymatching,SurfaceCode,25,1,5,HBD_noise,0.001,500.0,results/brute_force/used_SC5_HBD/results/sweep_165.csv
287486900,3003030300030330030333000,43704,99956298,20652,55,22996,99956297,100000000,pymatching,SurfaceCode,25,1,5,HBD_noise,0.001,500.0,results/brute_force/used_SC5_HBD/results/sweep_78.csv
1051573137,0003030303230300030330000,43215,99956787,19706,58,23450,99956786,100000000,pymatching,SurfaceCode,25,1,5,HBD_noise,0.001,500.0,results/brute_force/used_SC5_HBD/results/sweep_78.csv
1111826054,0203030303330303030302000,40343,99959659,19241,51,21050,99959658,100000000,pymatching,SurfaceCode,25,1,5,HBD_noise,0.001,500.0,results/brute_force/used_SC5_HBD/results/sweep_78.csv
1897425034,0303030303330303030300030,37259,99962743,18545,58,18655,99962742,100000000,pymatching,SurfaceCode,25,1,5,HBD_noise,0.001,500.0,results/brute_force/used_SC5_HBD/results/sweep_78.csv
1176854094,3230222302232233032023033,77902,99922100,43241,124,34536,99922099,100000000,pymatching,SurfaceCode,25,1,5,HBD_noise,0.001,500.0,results/brute_force/used_SC5_HBD/results/sweep_78.csv
510487269,0230222302232233032023033,75184,99924818,40695,153,34335,99924817,100000000,pymatching,SurfaceCode,25,1,5,HBD_noise,0.001,500.0,results/brute_force/used_SC5_HBD/results/sweep_78.csv
85631403,3230222302232233032033033,77139,99922863,43430,135,33573,99922862,100000000,pymatching,SurfaceCode,25,1,5,HBD_noise,0.001,500.0,results/brute_force/used_SC5_HBD/results/sweep_78.csv
1541911207,3302200202022220300303230,77651,99922351,35421,160,42069,99922350,100000000,pymatching,SurfaceCode,25,1,5,HBD_noise,0.001,500.0,results/brute_force/used_SC5_HBD/results/sweep_78.csv
441050601,3200222302232233032033033,74633,99925369,40907,134,33591,99925368,100000000,pymatching,SurfaceCode,25,1,5,HBD_noise,0.001,500.0,results/brute_force/used_SC5_HBD/results/sweep_78.csv
1224236448,0200000302030333033322033,49511,99950491,24598,72,24840,99950490,100000000,pymatching,SurfaceCode,25,1,5,HBD_noise,0.001,500.0,results/brute_force/used_SC5_HBD/results/sweep_78.csv
1454118544,0200330333230302030332033,49332,99950670,25350,59,23922,99950669,100000000,pymatching,SurfaceCode,25,1,5,HBD_noise,0.001,500.0,results/brute_force/used_SC5_HBD/results/sweep_119.csv
581096942,2030002200032000300000322,83177,99916825,35962,142,47072,99916824,100000000,pymatching,SurfaceCode,25,1,5,HBD_noise,0.001,500.0,results/brute_force/used_SC5_HBD/results/sweep_119.csv
545967423,0020002023332332332003330,76152,99923850,41866,148,34137,99923849,100000000,pymatching,SurfaceCode,25,1,5,HBD_noise,0.001,500.0,results/brute_force/used_SC5_HBD/results/sweep_119.csv
829835600,3232022233200300333223000,76471,99923531,38804,149,37517,99923530,100000000,pymatching,SurfaceCode,25,1,5,HBD_noise,0.001,500.0,results/brute_force/used_SC5_HBD/results/sweep_119.csv
1495845946,0000330300220030023322323,72124,99927878,33157,112,38854,99927877,100000000,pymatching,SurfaceCode,25,1,5,HBD_noise,0.001,500.0,results/brute_force/used_SC5_HBD/results/sweep_119.csv
235160089,2023332223233303030302223,67670,99932332,38084,111,29474,99932331,100000000,pymatching,SurfaceCode,25,1,5,HBD_noise,0.001,500.0,results/brute_force/used_SC5_HBD/results/sweep_119.csv
348640885,0230230023233303330320200,64884,99935118,34303,91,30489,99935117,100000000,pymatching,SurfaceCode,25,1,5,HBD_noise,0.001,500.0,results/brute_force/used_SC5_HBD/results/sweep_119.csv
1096088413,2323303030330332030303232,61721,99938281,33818,107,27795,99938280,100000000,pymatching,SurfaceCode,25,1,5,HBD_noise,0.001,500.0,results/brute_force/used_SC5_HBD/results/sweep_119.csv
1202452447,2033200330030330332303030,56370,99943632,30412,66,25891,99943631,100000000,pymatching,SurfaceCode,25,1,5,HBD_noise,0.001,500.0,results/brute_force/used_SC5_HBD/results/sweep_119.csv
1141476562,0230030003032303030330322,55123,99944879,26995,83,28044,99944878,100000000,pymatching,SurfaceCode,25,1,5,HBD_noise,0.001,500.0,results/brute_force/used_SC5_HBD/results/sweep_119.csv
1537280867,2323320023000233300000230,74258,99925744,32057,147,42053,99925743,100000000,pymatching,SurfaceCode,25,1,5,HBD_noise,0.001,500.0,results/brute_force/used_SC5_HBD/results/sweep_162.csv
1665246096,3033332303032000000300330,60449,99939553,29788,76,30584,99939552,100000000,pymatching,SurfaceCode,25,1,5,HBD_noise,0.001,500.0,results/brute_force/used_SC5_HBD/results/sweep_162.csv
338234208,2002330333330320032333022,55874,99944128,30366,86,25421,99944127,100000000,pymatching,SurfaceCode,25,1,5,HBD_noise,0.001,500.0,results/brute_force/used_SC5_HBD/results/sweep_162.csv
269909819,3203023203030323030003030,49362,99950640,24243,67,25051,99950639,100000000,pymatching,SurfaceCode,25,1,5,HBD_noise,0.001,500.0,results/brute_force/used_SC5_HBD/results/sweep_162.csv
1975247696,3203022332223330023023333,84205,99915797,46556,188,37460,99915796,100000000,pymatching,SurfaceCode,25,1,5,HBD_noise,0.001,500.0,results/brute_force/used_SC5_HBD/results/sweep_162.csv
446376513,2322003023232032230303302,80603,99919399,42448,185,37969,99919398,100000000,pymatching,SurfaceCode,25,1,5,HBD_noise,0.001,500.0,results/brute_force/used_SC5_HBD/results/sweep_162.csv
26620370,2032203220333303030232333,74669,99925333,41771,147,32750,99925332,100000000,pymatching,SurfaceCode,25,1,5,HBD_noise,0.001,500.0,results/brute_force/used_SC5_HBD/results/sweep_162.csv
376566079,3330322023320032030323000,73622,99926380,35827,166,37628,99926379,100000000,pymatching,SurfaceCode,25,1,5,HBD_noise,0.001,500.0,results/brute_force/used_SC5_HBD/results/sweep_162.csv
292158750,0003020000332302020302232,61865,99938137,27552,101,34211,99938136,100000000,pymatching,SurfaceCode,25,1,5,HBD_noise,0.001,500.0,results/brute_force/used_SC5_HBD/results/sweep_162.csv
559196821,2333200302020230330300033,60092,99939910,28605,97,31389,99939909,100000000,pymatching,SurfaceCode,25,1,5,HBD_noise,0.001,500.0,results/brute_force/used_SC5_HBD/results/sweep_162.csv
1513334516,3332300003020323000203033,58452,99941550,25947,96,32408,99941549,100000000,pymatching,SurfaceCode,25,1,5,HBD_noise,0.001,500.0,results/brute_force/used_SC5_HBD/results/sweep_110.csv
1453616407,3222330300330302230322020,58067,99941935,29601,87,28378,99941934,100000000,pymatching,SurfaceCode,25,1,5,HBD_noise,0.001,500.0,results/brute_force/used_SC5_HBD/results/sweep_110.csv
644455573,2333002000330332030023033,57062,99942940,27792,66,29203,99942939,100000000,pymatching,SurfaceCode,25,1,5,HBD_noise,0.001,500.0,results/brute_force/used_SC5_HBD/results/sweep_110.csv
1574195125,3033222200030303030200033,56298,99943704,26999,75,29223,99943703,100000000,pymatching,SurfaceCode,25,1,5,HBD_noise,0.001,500.0,results/brute_force/used_SC5_HBD/results/sweep_110.csv
1803730565,3003000300030033033332000,51813,99948189,23941,76,27795,99948188,100000000,pymatching,SurfaceCode,25,1,5,HBD_noise,0.001,500.0,results/brute_force/used_SC5_HBD/results/sweep_110.csv
320489294,0302030303230200033233002,53921,99946081,25574,73,28273,99946080,100000000,pymatching,SurfaceCode,25,1,5,HBD_noise,0.001,500.0,results/brute_force/used_SC5_HBD/results/sweep_110.csv
146719332,2300333003030300030300223,51764,99948238,25456,70,26237,99948237,100000000,pymatching,SurfaceCode,25,1,5,HBD_noise,0.001,500.0,results/brute_force/used_SC5_HBD/results/sweep_110.csv
1123869514,3223330303330300030203303,49331,99950671,25596,78,23656,99950670,100000000,pymatching,SurfaceCode,25,1,5,HBD_noise,0.001,500.0,results/brute_force/used_SC5_HBD/results/sweep_110.csv
2063559919,2320300200202323223303003,80988,99919014,39184,158,41645,99919013,100000000,pymatching,SurfaceCode,25,1,5,HBD_noise,0.001,500.0,results/brute_force/used_SC5_HBD/results/sweep_110.csv
1839736715,3320333203333332022233202,78943,99921059,44508,149,34285,99921058,100000000,pymatching,SurfaceCode,25,1,5,HBD_noise,0.001,500.0,results/brute_force/used_SC5_HBD/results/sweep_110.csv
1484253288,3203020302030332023303033,52094,99947908,25629,64,26400,99947907,100000000,pymatching,SurfaceCode,25,1,5,HBD_noise,0.001,500.0,results/brute_force/used_SC5_HBD/results/sweep_71.csv
42962817,3203020302030302023303033,51006,99948996,24799,60,26146,99948995,100000000,pymatching,SurfaceCode,25,1,5,HBD_noise,0.001,500.0,results/brute_force/used_SC5_HBD/results/sweep_71.csv
1264627668,3203020302030323023303033,50301,99949701,24650,68,25582,99949700,100000000,pymatching,SurfaceCode,25,1,5,HBD_noise,0.001,500.0,results/brute_force/used_SC5_HBD/results/sweep_71.csv
1833943608,3203020302030333023303033,49380,99950622,24695,54,24630,99950621,100000000,pymatching,SurfaceCode,25,1,5,HBD_noise,0.001,500.0,results/brute_force/used_SC5_HBD/results/sweep_71.csv
243798506,3303020302030303023303033,46867,99953135,23243,64,23559,99953134,100000000,pymatching,SurfaceCode,25,1,5,HBD_noise,0.001,500.0,results/brute_force/used_SC5_HBD/results/sweep_71.csv
694113455,0303020302030303023303033,45733,99954269,22543,60,23129,99954268,100000000,pymatching,SurfaceCode,25,1,5,HBD_noise,0.001,500.0,results/brute_force/used_SC5_HBD/results/sweep_71.csv
1516779717,0300020303030300033303030,41779,99958223,20083,43,21652,99958222,100000000,pymatching,SurfaceCode,25,1,5,HBD_noise,0.001,500.0,results/brute_force/used_SC5_HBD/results/sweep_71.csv
1333898869,0300020303030303033303033,41832,99958170,21314,48,20469,99958169,100000000,pymatching,SurfaceCode,25,1,5,HBD_noise,0.001,500.0,results/brute_force/used_SC5_HBD/results/sweep_71.csv
1392073120,0300320303030303033303030,41182,99958820,20714,53,20414,99958819,100000000,pymatching,SurfaceCode,25,1,5,HBD_noise,0.001,500.0,results/brute_force/used_SC5_HBD/results/sweep_71.csv
1977183374,2333032322033320230022323,72245,99927757,41870,118,30256,99927756,100000000,pymatching,SurfaceCode,25,1,5,HBD_noise,0.001,500.0,results/brute_force/used_SC5_HBD/results/sweep_71.csv
1266981135,0303030303030303030323030,36414,99963588,18107,37,18269,99963587,100000000,pymatching,SurfaceCode,25,1,5,HBD_noise,0.001,500.0,results/brute_force/used_SC5_HBD/results/sweep_76.csv
1857118940,0303233202020032022020003,76486,99923516,33486,143,42856,99923515,100000000,pymatching,SurfaceCode,25,1,5,HBD_noise,0.001,500.0,results/brute_force/used_SC5_HBD/results/sweep_76.csv
752895633,0303233202030032022022303,73312,99926690,34442,143,38726,99926689,100000000,pymatching,SurfaceCode,25,1,5,HBD_noise,0.001,500.0,results/brute_force/used_SC5_HBD/results/sweep_76.csv
964312266,0303233202030032022022003,71945,99928057,32901,109,38934,99928056,100000000,pymatching,SurfaceCode,25,1,5,HBD_noise,0.001,500.0,results/brute_force/used_SC5_HBD/results/sweep_76.csv
1854991927,0303233202030033022002000,64535,99935467,28302,99,36133,99935466,100000000,pymatching,SurfaceCode,25,1,5,HBD_noise,0.001,500.0,results/brute_force/used_SC5_HBD/results/sweep_76.csv
700280330,0303233303030003022002030,53077,99946925,24894,69,28113,99946924,100000000,pymatching,SurfaceCode,25,1,5,HBD_noise,0.001,500.0,results/brute_force/used_SC5_HBD/results/sweep_76.csv
2100916138,0303233300030003023303030,49618,99950384,24234,68,25315,99950383,100000000,pymatching,SurfaceCode,25,1,5,HBD_noise,0.001,500.0,results/brute_force/used_SC5_HBD/results/sweep_76.csv
821872788,0303233303030203023303030,49228,99950774,25175,66,23986,99950773,100000000,pymatching,SurfaceCode,25,1,5,HBD_noise,0.001,500.0,results/brute_force/used_SC5_HBD/results/sweep_76.csv
361633616,0303233303030003023303030,48562,99951440,24445,57,24059,99951439,100000000,pymatching,SurfaceCode,25,1,5,HBD_noise,0.001,500.0,results/brute_force/used_SC5_HBD/results/sweep_76.csv
2051745877,0303333303030003023303030,47676,99952326,24123,69,23483,99952325,100000000,pymatching,SurfaceCode,25,1,5,HBD_noise,0.001,500.0,results/brute_force/used_SC5_HBD/results/sweep_76.csv
1354163323,0000300320003020230322330,71987,99928015,33149,120,38717,99928014,100000000,pymatching,SurfaceCode,25,1,5,HBD_noise,0.001,500.0,results/brute_force/used_SC5_HBD/results/sweep_117.csv
1364802869,0030030022033333230203200,63736,99936266,32211,110,31414,99936265,100000000,pymatching,SurfaceCode,25,1,5,HBD_noise,0.001,500.0,results/brute_force/used_SC5_HBD/results/sweep_117.csv
1923423422,3322032333032302030203323,61182,99938820,34849,96,26236,99938819,100000000,pymatching,SurfaceCode,25,1,5,HBD_noise,0.001,500.0,results/brute_force/used_SC5_HBD/results/sweep_117.csv
2045271955,3003020323330302220333022,58651,99941351,29271,119,29260,99941350,100000000,pymatching,SurfaceCode,25,1,5,HBD_noise,0.001,500.0,results/brute_force/used_SC5_HBD/results/sweep_117.csv
993375987,0300330303030023022300022,53575,99946427,24382,87,29105,99946426,100000000,pymatching,SurfaceCode,25,1,5,HBD_noise,0.001,500.0,results/brute_force/used_SC5_HBD/results/sweep_117.csv
20490719,2203030303020323030030332,50719,99949283,24807,74,25837,99949282,100000000,pymatching,SurfaceCode,25,1,5,HBD_noise,0.001,500.0,results/brute_force/used_SC5_HBD/results/sweep_117.csv
428867612,3020030203033303030203030,49821,99950181,24666,64,25090,99950180,100000000,pymatching,SurfaceCode,25,1,5,HBD_noise,0.001,500.0,results/brute_force/used_SC5_HBD/results/sweep_117.csv
451640081,3000303330300032333232222,86639,99913363,44876,160,41602,99913362,100000000,pymatching,SurfaceCode,25,1,5,HBD_noise,0.001,500.0,results/brute_force/used_SC5_HBD/results/sweep_117.csv
1253240388,3220000302330303320302200,59411,99940591,28681,99,30630,99940590,100000000,pymatching,SurfaceCode,25,1,5,HBD_noise,0.001,500.0,results/brute_force/used_SC5_HBD/results/sweep_117.csv
820871103,2220330303220323032330230,59506,99940496,31354,81,28070,99940495,100000000,pymatching,SurfaceCode,25,1,5,HBD_noise,0.001,500.0,results/brute_force/used_SC5_HBD/results/sweep_117.csv
713625278,0332033303030303030300033,42517,99957485,22456,48,20012,99957484,100000000,pymatching,SurfaceCode,25,1,5,HBD_noise,0.001,500.0,results/brute_force/used_SC5_HBD/results/sweep_2.csv
1813690644,0302033303030303030300033,41063,99958939,20835,61,20166,99958938,100000000,pymatching,SurfaceCode,25,1,5,HBD_noise,0.001,500.0,results/brute_force/used_SC5_HBD/results/sweep_2.csv
1082285124,0333033303030303030300033,40981,99959021,21848,45,19087,99959020,100000000,pymatching,SurfaceCode,25,1,5,HBD_noise,0.001,500.0,results/brute_force/used_SC5_HBD/results/sweep_2.csv
1738042751,0302030303030303030300033,38289,99961713,18465,42,19781,99961712,100000000,pymatching,SurfaceCode,25,1,5,HBD_noise,0.001,500.0,results/brute_force/used_SC5_HBD/results/sweep_2.csv
932087148,0303030303030303030303032,36188,99963814,18081,51,18055,99963813,100000000,pymatching,SurfaceCode,25,1,5,HBD_noise,0.001,500.0,results/brute_force/used_SC5_HBD/results/sweep_2.csv
1748989344,0303030303030303030203030,36693,99963309,17604,46,19042,99963308,100000000,pymatching,SurfaceCode,25,1,5,HBD_noise,0.001,500.0,results/brute_force/used_SC5_HBD/results/sweep_2.csv
629335909,0303030303030303030303030,35100,99964902,17330,34,17735,99964901,100000000,pymatching,SurfaceCode,25,1,5,HBD_noise,0.001,500.0,results/brute_force/used_SC5_HBD/results/sweep_2.csv
967957585,3230300000330033330300220,65564,99934438,31020,109,34434,99934437,100000000,pymatching,SurfaceCode,25,1,5,HBD_noise,0.001,500.0,results/brute_force/used_SC5_HBD/results/sweep_2.csv
1759914100,3230300000330033330303220,63707,99936295,30480,97,33129,99936294,100000000,pymatching,SurfaceCode,25,1,5,HBD_noise,0.001,500.0,results/brute_force/used_SC5_HBD/results/sweep_2.csv
2006156191,3200300030030033330303220,62575,99937427,29166,77,33331,99937426,100000000,pymatching,SurfaceCode,25,1,5,HBD_noise,0.001,500.0,results/brute_force/used_SC5_HBD/results/sweep_2.csv
1745690146,2220323303030333330333230,55672,99944330,31973,68,23630,99944329,100000000,pymatching,SurfaceCode,25,1,5,HBD_noise,0.001,500.0,results/brute_force/used_SC5_HBD/results/sweep_43.csv
860072630,2320323303030333330333230,53212,99946790,30701,80,22430,99946789,100000000,pymatching,SurfaceCode,25,1,5,HBD_noise,0.001,500.0,results/brute_force/used_SC5_HBD/results/sweep_43.csv
1956487245,2320333303030333330333230,51329,99948673,30004,58,21266,99948672,100000000,pymatching,SurfaceCode,25,1,5,HBD_noise,0.001,500.0,results/brute_force/used_SC5_HBD/results/sweep_43.csv
1735219101,2320303303030333330333230,52604,99947398,29804,72,22727,99947397,100000000,pymatching,SurfaceCode,25,1,5,HBD_noise,0.001,500.0,results/brute_force/used_SC5_HBD/results/sweep_43.csv
158448591,2330303303030333330333230,52471,99947531,30390,74,22006,99947530,100000000,pymatching,SurfaceCode,25,1,5,HBD_noise,0.001,500.0,results/brute_force/used_SC5_HBD/results/sweep_43.csv
1462402301,0333303303030333330333030,46606,99953396,26257,53,20295,99953395,100000000,pymatching,SurfaceCode,25,1,5,HBD_noise,0.001,500.0,results/brute_force/used_SC5_HBD/results/sweep_43.csv
396935271,0333303303030333030333030,44402,99955600,24707,68,19626,99955599,100000000,pymatching,SurfaceCode,25,1,5,HBD_noise,0.001,500.0,results/brute_force/used_SC5_HBD/results/sweep_43.csv
614061176,0333000303030333030323030,40738,99959264,20877,51,19809,99959263,100000000,pymatching,SurfaceCode,25,1,5,HBD_noise,0.001,500.0,results/brute_force/used_SC5_HBD/results/sweep_43.csv
1525587214,0333030303330303030333030,38948,99961054,20691,44,18212,99961053,100000000,pymatching,SurfaceCode,25,1,5,HBD_noise,0.001,500.0,results/brute_force/used_SC5_HBD/results/sweep_43.csv
935060557,0303020303330303030303030,37683,99962319,18678,34,18970,99962318,100000000,pymatching,SurfaceCode,25,1,5,HBD_noise,0.001,500.0,results/brute_force/used_SC5_HBD/results/sweep_43.csv
1139391767,0303030302330303030303300,40759,99959243,20514,48,20196,99959242,100000000,pymatching,SurfaceCode,25,1,5,HBD_noise,0.001,500.0,results/brute_force/used_SC5_HBD/results/sweep_92.csv
83905028,0003030302330303030303000,40649,99959353,19383,38,21227,99959352,100000000,pymatching,SurfaceCode,25,1,5,HBD_noise,0.001,500.0,results/brute_force/used_SC5_HBD/results/sweep_92.csv
1524925441,0303030302330303030303000,39348,99960654,19212,47,20088,99960653,100000000,pymatching,SurfaceCode,25,1,5,HBD_noise,0.001,500.0,results/brute_force/used_SC5_HBD/results/sweep_92.csv
1248315919,0303330300030303030303000,38692,99961310,18244,53,20394,99961309,100000000,pymatching,SurfaceCode,25,1,5,HBD_noise,0.001,500.0,results/brute_force/used_SC5_HBD/results/sweep_92.csv
817333954,2000323220230002030003030,66818,99933184,29949,110,36758,99933183,100000000,pymatching,SurfaceCode,25,1,5,HBD_noise,0.001,500.0,results/brute_force/used_SC5_HBD/results/sweep_92.csv
2068873362,2000323223230002030303030,62172,99937830,29380,82,32709,99937829,100000000,pymatching,SurfaceCode,25,1,5,HBD_noise,0.001,500.0,results/brute_force/used_SC5_HBD/results/sweep_92.csv
232201718,2000323323230002030303030,56665,99943337,27549,83,29032,99943336,100000000,pymatching,SurfaceCode,25,1,5,HBD_noise,0.001,500.0,results/brute_force/used_SC5_HBD/results/sweep_92.csv
1504639974,2000323323230000030303030,56179,99943823,26912,71,29195,99943822,100000000,pymatching,SurfaceCode,25,1,5,HBD_noise,0.001,500.0,results/brute_force/used_SC5_HBD/results/sweep_92.csv
1249105543,0000323323230000330303030,57013,99942989,28067,97,28848,99942988,100000000,pymatching,SurfaceCode,25,1,5,HBD_noise,0.001,500.0,results/brute_force/used_SC5_HBD/results/sweep_92.csv
743833858,2300323303030000330303030,50558,99949444,25041,67,25449,99949443,100000000,pymatching,SurfaceCode,25,1,5,HBD_noise,0.001,500.0,results/brute_force/used_SC5_HBD/results/sweep_92.csv
1032950215,0000020003330220000032300,67183,99932819,26600,100,40482,99932818,100000000,pymatching,SurfaceCode,25,1,5,HBD_noise,0.001,500.0,results/brute_force/used_SC5_HBD/results/sweep_122.csv
462729437,3000032030220303000200330,66783,99933219,29312,118,37352,99933218,100000000,pymatching,SurfaceCode,25,1,5,HBD_noise,0.001,500.0,results/brute_force/used_SC5_HBD/results/sweep_122.csv
1126459586,0023330030330200330320033,63169,99936833,30423,81,32664,99936832,100000000,pymatching,SurfaceCode,25,1,5,HBD_noise,0.001,500.0,results/brute_force/used_SC5_HBD/results/sweep_122.csv
324310634,0032200323030320332302033,60273,99939729,31827,92,28353,99939728,100000000,pymatching,SurfaceCode,25,1,5,HBD_noise,0.001,500.0,results/brute_force/used_SC5_HBD/results/sweep_122.csv
1035533652,2330030303300330230000030,53782,99946220,25482,70,28229,99946219,100000000,pymatching,SurfaceCode,25,1,5,HBD_noise,0.001,500.0,results/brute_force/used_SC5_HBD/results/sweep_122.csv
467329751,3303033333030303220300020,50839,99949163,26770,82,23986,99949162,100000000,pymatching,SurfaceCode,25,1,5,HBD_noise,0.001,500.0,results/brute_force/used_SC5_HBD/results/sweep_122.csv
427665911,3000330333330300030302332,49206,99950796,25614,75,23516,99950795,100000000,pymatching,SurfaceCode,25,1,5,HBD_noise,0.001,500.0,results/brute_force/used_SC5_HBD/results/sweep_122.csv
1579761948,0303220033030303030002300,49671,99950331,23160,64,26446,99950330,100000000,pymatching,SurfaceCode,25,1,5,HBD_noise,0.001,500.0,results/brute_force/used_SC5_HBD/results/sweep_122.csv
2072269952,2230330202332322220002023,77895,99922107,38065,144,39685,99922106,100000000,pymatching,SurfaceCode,25,1,5,HBD_noise,0.001,500.0,results/brute_force/used_SC5_HBD/results/sweep_122.csv
768655767,0302023332020303020200020,61249,99938753,27075,86,34087,99938752,100000000,pymatching,SurfaceCode,25,1,5,HBD_noise,0.001,500.0,results/brute_force/used_SC5_HBD/results/sweep_122.csv
1023522552,0302330322030300000332033,51792,99948210,24884,85,26822,99948209,100000000,pymatching,SurfaceCode,25,1,5,HBD_noise,0.001,500.0,results/brute_force/used_SC5_HBD/results/sweep_38.csv
1916136739,0203030320030300030333033,44648,99955354,21683,60,22904,99955353,100000000,pymatching,SurfaceCode,25,1,5,HBD_noise,0.001,500.0,results/brute_force/used_SC5_HBD/results/sweep_38.csv
850008252,3303030320030300030033033,45861,99954141,22393,52,23415,99954140,100000000,pymatching,SurfaceCode,25,1,5,HBD_noise,0.001,500.0,results/brute_force/used_SC5_HBD/results/sweep_38.csv
111488864,3303030320030300030333033,43971,99956031,22270,50,21650,99956030,100000000,pymatching,SurfaceCode,25,1,5,HBD_noise,0.001,500.0,results/brute_force/used_SC5_HBD/results/sweep_38.csv
1629746898,3303030323030303030303030,39748,99960254,20487,62,19198,99960253,100000000,pymatching,SurfaceCode,25,1,5,HBD_noise,0.001,500.0,results/brute_force/used_SC5_HBD/results/sweep_38.csv
923513828,0303030300030303030303033,37149,99962853,18122,47,18979,99962852,100000000,pymatching,SurfaceCode,25,1,5,HBD_noise,0.001,500.0,results/brute_force/used_SC5_HBD/results/sweep_38.csv
678403198,2300320033020303022322332,67193,99932809,32693,115,34384,99932808,100000000,pymatching,SurfaceCode,25,1,5,HBD_noise,0.001,500.0,results/brute_force/used_SC5_HBD/results/sweep_38.csv
455189860,2300320033020303033322332,61267,99938735,31152,109,30005,99938734,100000000,pymatching,SurfaceCode,25,1,5,HBD_noise,0.001,500.0,results/brute_force/used_SC5_HBD/results/sweep_38.csv
814185725,2302320023030303033022332,60039,99939963,30845,120,29073,99939962,100000000,pymatching,SurfaceCode,25,1,5,HBD_noise,0.001,500.0,results/brute_force/used_SC5_HBD/results/sweep_38.csv
984154703,2302320023030303033032332,59676,99940326,30813,105,28757,99940325,100000000,pymatching,SurfaceCode,25,1,5,HBD_noise,0.001,500.0,results/brute_force/used_SC5_HBD/results/sweep_38.csv
793171620,0330030333330203330202030,52623,99947379,27196,84,25342,99947378,100000000,pymatching,SurfaceCode,25,1,5,HBD_noise,0.001,500.0,results/brute_force/used_SC5_HBD/results/sweep_125.csv
970362328,0330030203330302032333200,52912,99947090,26840,62,26009,99947089,100000000,pymatching,SurfaceCode,25,1,5,HBD_noise,0.001,500.0,results/brute_force/used_SC5_HBD/results/sweep_125.csv
1787985940,2203030330030302030002030,46946,99953056,22333,60,24552,99953055,100000000,pymatching,SurfaceCode,25,1,5,HBD_noise,0.001,500.0,results/brute_force/used_SC5_HBD/results/sweep_125.csv
2106139674,0230200330203232022203203,88380,99911622,42356,178,45845,99911621,100000000,pymatching,SurfaceCode,25,1,5,HBD_noise,0.001,500.0,results/brute_force/used_SC5_HBD/results/sweep_125.csv
72996242,2020223330322323233333333,85026,99914976,50984,176,33865,99914975,100000000,pymatching,SurfaceCode,25,1,5,HBD_noise,0.001,500.0,results/brute_force/used_SC5_HBD/results/sweep_125.csv
1005383261,3222002330222302002303200,83999,99916003,41336,174,42488,99916002,100000000,pymatching,SurfaceCode,25,1,5,HBD_noise,0.001,500.0,results/brute_force/used_SC5_HBD/results/sweep_125.csv
261049596,0302302203323303020230022,72562,99927440,34767,141,37653,99927439,100000000,pymatching,SurfaceCode,25,1,5,HBD_noise,0.001,500.0,results/brute_force/used_SC5_HBD/results/sweep_125.csv
2118083366,3303003020333203230303002,67620,99932382,35717,151,31751,99932381,100000000,pymatching,SurfaceCode,25,1,5,HBD_noise,0.001,500.0,results/brute_force/used_SC5_HBD/results/sweep_125.csv
1190612141,3232020223233300030330230,64909,99935093,33405,126,31377,99935092,100000000,pymatching,SurfaceCode,25,1,5,HBD_noise,0.001,500.0,results/brute_force/used_SC5_HBD/results/sweep_125.csv
378247644,3223030303333332333203323,64843,99935159,40086,76,24680,99935158,100000000,pymatching,SurfaceCode,25,1,5,HBD_noise,0.001,500.0,results/brute_force/used_SC5_HBD/results/sweep_125.csv
453924667,0303030303030303030303020,36315,99963687,17574,43,18697,99963686,100000000,pymatching,SurfaceCode,25,1,5,HBD_noise,0.001,500.0,results/brute_force/used_SC5_HBD/results/sweep_5.csv
821559918,3203002202232202330303023,71599,99928403,36057,156,35385,99928402,100000000,pymatching,SurfaceCode,25,1,5,HBD_noise,0.001,500.0,results/brute_force/used_SC5_HBD/results/sweep_5.csv
1797409506,2303322233032302330032030,66553,99933449,35961,111,30480,99933448,100000000,pymatching,SurfaceCode,25,1,5,HBD_noise,0.001,500.0,results/brute_force/used_SC5_HBD/results/sweep_5.csv
1570665315,2303322233032303330032030,63833,99936169,35328,100,28404,99936168,100000000,pymatching,SurfaceCode,25,1,5,HBD_noise,0.001,500.0,results/brute_force/used_SC5_HBD/results/sweep_5.csv
1498091186,2303322233032303030032030,60533,99939469,32869,117,27546,99939468,100000000,pymatching,SurfaceCode,25,1,5,HBD_noise,0.001,500.0,results/brute_force/used_SC5_HBD/results/sweep_5.csv
1729841800,3303322233032303030032030,60837,99939165,33314,116,27406,99939164,100000000,pymatching,SurfaceCode,25,1,5,HBD_noise,0.001,500.0,results/brute_force/used_SC5_HBD/results/sweep_5.csv
1126890699,0303322233032303030032030,58904,99941098,31487,91,27325,99941097,100000000,pymatching,SurfaceCode,25,1,5,HBD_noise,0.001,500.0,results/brute_force/used_SC5_HBD/results/sweep_5.csv
1006681391,0303322233032303030032000,59958,99940044,31824,99,28034,99940043,100000000,pymatching,SurfaceCode,25,1,5,HBD_noise,0.001,500.0,results/brute_force/used_SC5_HBD/results/sweep_5.csv
1194868199,0303322233032303030332000,58543,99941459,31221,97,27224,99941458,100000000,pymatching,SurfaceCode,25,1,5,HBD_noise,0.001,500.0,results/brute_force/used_SC5_HBD/results/sweep_5.csv
1226891793,0303322233033303030332002,58320,99941682,32539,92,25688,99941681,100000000,pymatching,SurfaceCode,25,1,5,HBD_noise,0.001,500.0,results/brute_force/used_SC5_HBD/results/sweep_5.csv
346502027,0333030303030303030300030,37828,99962174,18762,39,19026,99962173,100000000,pymatching,SurfaceCode,25,1,5,HBD_noise,0.001,500.0,results/brute_force/used_SC5_HBD/results/sweep_44.csv
1031867582,0303030303030303030333030,36366,99963636,18173,44,18148,99963635,100000000,pymatching,SurfaceCode,25,1,5,HBD_noise,0.001,500.0,results/brute_force/used_SC5_HBD/results/sweep_44.csv
1125128252,2203000232023003033300333,71048,99928954,35072,130,35845,99928953,100000000,pymatching,SurfaceCode,25,1,5,HBD_noise,0.001,500.0,results/brute_force/used_SC5_HBD/results/sweep_44.csv
1679849755,2203000233023003033300033,66176,99933826,32372,120,33683,99933825,100000000,pymatching,SurfaceCode,25,1,5,HBD_noise,0.001,500.0,results/brute_force/used_SC5_HBD/results/sweep_44.csv
703350759,2203000233023023033300033,68508,99931494,34018,140,34349,99931493,100000000,pymatching,SurfaceCode,25,1,5,HBD_noise,0.001,500.0,results/brute_force/used_SC5_HBD/results/sweep_44.csv
543851315,2203000332023003033300233,65723,99934279,33603,111,32008,99934278,100000000,pymatching,SurfaceCode,25,1,5,HBD_noise,0.001,500.0,results/brute_force/used_SC5_HBD/results/sweep_44.csv
1927203168,2203000233023023033303033,66581,99933421,34090,104,32386,99933420,100000000,pymatching,SurfaceCode,25,1,5,HBD_noise,0.001,500.0,results/brute_force/used_SC5_HBD/results/sweep_44.csv
474221343,2203000203023003033303033,60962,99939040,29218,103,31640,99939039,100000000,pymatching,SurfaceCode,25,1,5,HBD_noise,0.001,500.0,results/brute_force/used_SC5_HBD/results/sweep_44.csv
164115184,0003030203003023030303033,53311,99946691,24281,89,28940,99946690,100000000,pymatching,SurfaceCode,25,1,5,HBD_noise,0.001,500.0,results/brute_force/used_SC5_HBD/results/sweep_44.csv
16361146,0003030203033023030303033,49993,99950009,24014,67,25911,99950008,100000000,pymatching,SurfaceCode,25,1,5,HBD_noise,0.001,500.0,results/brute_force/used_SC5_HBD/results/sweep_44.csv
660657043,3033222223333232022302230,89438,99910564,48227,241,40969,99910563,100000000,pymatching,SurfaceCode,25,1,5,HBD_noise,0.001,500.0,results/brute_force/used_SC5_HBD/results/sweep_159.csv
503100505,3330320300020232302332302,79276,99920726,38865,175,40235,99920725,100000000,pymatching,SurfaceCode,25,1,5,HBD_noise,0.001,500.0,results/brute_force/used_SC5_HBD/results/sweep_159.csv
172154359,0303303032332322002000233,77092,99922910,40412,154,36525,99922909,100000000,pymatching,SurfaceCode,25,1,5,HBD_noise,0.001,500.0,results/brute_force/used_SC5_HBD/results/sweep_159.csv
957186316,3300022303022302032302302,67923,99932079,35682,125,32115,99932078,100000000,pymatching,SurfaceCode,25,1,5,HBD_noise,0.001,500.0,results/brute_force/used_SC5_HBD/results/sweep_159.csv
1726990003,0330203223220300030033033,64809,99935193,31888,109,32811,99935192,100000000,pymatching,SurfaceCode,25,1,5,HBD_noise,0.001,500.0,results/brute_force/used_SC5_HBD/results/sweep_159.csv
1009361646,0223023003030223032203233,63889,99936113,30661,100,33127,99936112,100000000,pymatching,SurfaceCode,25,1,5,HBD_noise,0.001,500.0,results/brute_force/used_SC5_HBD/results/sweep_159.csv
1775005708,0333020333330030330230330,59673,99940329,31555,81,28036,99940328,100000000,pymatching,SurfaceCode,25,1,5,HBD_noise,0.001,500.0,results/brute_force/used_SC5_HBD/results/sweep_159.csv
1229131365,3303320220030300330332330,57424,99942578,29463,78,27882,99942577,100000000,pymatching,SurfaceCode,25,1,5,HBD_noise,0.001,500.0,results/brute_force/used_SC5_HBD/results/sweep_159.csv
694250251,2003020233030332030303330,51369,99948633,25955,73,25340,99948632,100000000,pymatching,SurfaceCode,25,1,5,HBD_noise,0.001,500.0,results/brute_force/used_SC5_HBD/results/sweep_159.csv
191956883,0333230302230303330303222,50352,99949650,27839,59,22453,99949649,100000000,pymatching,SurfaceCode,25,1,5,HBD_noise,0.001,500.0,results/brute_force/used_SC5_HBD/results/sweep_159.csv
712107175,0033220330030300300303000,55065,99944937,26060,70,28934,99944936,100000000,pymatching,SurfaceCode,25,1,5,HBD_noise,0.001,500.0,results/brute_force/used_SC5_HBD/results/sweep_95.csv
2059032047,0033230330230300300303000,54344,99945658,26651,82,27610,99945657,100000000,pymatching,SurfaceCode,25,1,5,HBD_noise,0.001,500.0,results/brute_force/used_SC5_HBD/results/sweep_95.csv
654973585,0333030323230300000303000,47721,99952281,22885,65,24770,99952280,100000000,pymatching,SurfaceCode,25,1,5,HBD_noise,0.001,500.0,results/brute_force/used_SC5_HBD/results/sweep_95.csv
1356193307,0333233303230300000303000,48119,99951883,23474,52,24592,99951882,100000000,pymatching,SurfaceCode,25,1,5,HBD_noise,0.001,500.0,results/brute_force/used_SC5_HBD/results/sweep_95.csv
99130457,0333230303030300000303030,41965,99958037,19952,47,21965,99958036,100000000,pymatching,SurfaceCode,25,1,5,HBD_noise,0.001,500.0,results/brute_force/used_SC5_HBD/results/sweep_95.csv
1335057825,0333230303030300030303030,39193,99960809,19658,54,19480,99960808,100000000,pymatching,SurfaceCode,25,1,5,HBD_noise,0.001,500.0,results/brute_force/used_SC5_HBD/results/sweep_95.csv
1767176511,0303030303230303030303030,36790,99963212,18534,64,18191,99963211,100000000,pymatching,SurfaceCode,25,1,5,HBD_noise,0.001,500.0,results/brute_force/used_SC5_HBD/results/sweep_95.csv
2089533467,2203332003330332002300022,63322,99936680,30372,92,32857,99936679,100000000,pymatching,SurfaceCode,25,1,5,HBD_noise,0.001,500.0,results/brute_force/used_SC5_HBD/results/sweep_95.csv
361383948,2203330203330332002330022,61408,99938594,29604,100,31703,99938593,100000000,pymatching,SurfaceCode,25,1,5,HBD_noise,0.001,500.0,results/brute_force/used_SC5_HBD/results/sweep_95.csv
1788107240,2203330003330332002300022,58870,99941132,27239,74,31556,99941131,100000000,pymatching,SurfaceCode,25,1,5,HBD_noise,0.001,500.0,results/brute_force/used_SC5_HBD/results/sweep_95.csv
218865769,0303020303030303030303020,37896,99962106,17828,52,20015,99962105,100000000,pymatching,SurfaceCode,25,1,5,HBD_noise,0.001,500.0,results/brute_force/used_SC5_HBD/results/sweep_36.csv
1555080767,0333030303030303030303030,36491,99963511,18650,41,17799,99963510,100000000,pymatching,SurfaceCode,25,1,5,HBD_noise,0.001,500.0,results/brute_force/used_SC5_HBD/results/sweep_36.csv
927543513,3303030322002300222330320,72365,99927637,36730,153,35481,99927636,100000000,pymatching,SurfaceCode,25,1,5,HBD_noise,0.001,500.0,results/brute_force/used_SC5_HBD/results/sweep_36.csv
256676465,3303330322002300222330320,73295,99926707,37445,163,35686,99926706,100000000,pymatching,SurfaceCode,25,1,5,HBD_noise,0.001,500.0,results/brute_force/used_SC5_HBD/results/sweep_36.csv
748279965,3303330323002300222300320,68525,99931477,34622,138,33764,99931476,100000000,pymatching,SurfaceCode,25,1,5,HBD_noise,0.001,500.0,results/brute_force/used_SC5_HBD/results/sweep_36.csv
1532372933,0303330303002300032300320,53393,99946609,26723,73,26596,99946608,100000000,pymatching,SurfaceCode,25,1,5,HBD_noise,0.001,500.0,results/brute_force/used_SC5_HBD/results/sweep_36.csv
2112772919,0203330303002300030303330,48210,99951792,23442,67,24700,99951791,100000000,pymatching,SurfaceCode,25,1,5,HBD_noise,0.001,500.0,results/brute_force/used_SC5_HBD/results/sweep_36.csv
566205202,0203330303032300030303330,45150,99954852,23224,65,21860,99954851,100000000,pymatching,SurfaceCode,25,1,5,HBD_noise,0.001,500.0,results/brute_force/used_SC5_HBD/results/sweep_36.csv
423176833,0303330303032300030303330,43426,99956576,22776,52,20597,99956575,100000000,pymatching,SurfaceCode,25,1,5,HBD_noise,0.001,500.0,results/brute_force/used_SC5_HBD/results/sweep_36.csv
716549248,0303030303032300030303330,42296,99957706,21573,60,20662,99957705,100000000,pymatching,SurfaceCode,25,1,5,HBD_noise,0.001,500.0,results/brute_force/used_SC5_HBD/results/sweep_36.csv
1326989641,3302003302030300030303030,44668,99955334,21821,55,22791,99955333,100000000,pymatching,SurfaceCode,25,1,5,HBD_noise,0.001,500.0,results/brute_force/used_SC5_HBD/results/sweep_157.csv
1779837430,2330200232223333232320020,81806,99918196,43582,176,38047,99918195,100000000,pymatching,SurfaceCode,25,1,5,HBD_noise,0.001,500.0,results/brute_force/used_SC5_HBD/results/sweep_157.csv
260624078,2330000323303003300332323,76109,99923893,37619,149,38340,99923892,100000000,pymatching,SurfaceCode,25,1,5,HBD_noise,0.001,500.0,results/brute_force/used_SC5_HBD/results/sweep_157.csv
1846791639,0020320302333202030300223,64776,99935226,32469,103,32203,99935225,100000000,pymatching,SurfaceCode,25,1,5,HBD_noise,0.001,500.0,results/brute_force/used_SC5_HBD/results/sweep_157.csv
1401677544,3000002302333203030330232,63360,99936642,33598,92,29669,99936641,100000000,pymatching,SurfaceCode,25,1,5,HBD_noise,0.001,500.0,results/brute_force/used_SC5_HBD/results/sweep_157.csv
1869795747,0303320322330203330233020,57990,99942012,28767,113,29109,99942011,100000000,pymatching,SurfaceCode,25,1,5,HBD_noise,0.001,500.0,results/brute_force/used_SC5_HBD/results/sweep_157.csv
1354712314,0230030323320302030203332,56004,99943998,28301,87,27615,99943997,100000000,pymatching,SurfaceCode,25,1,5,HBD_noise,0.001,500.0,results/brute_force/used_SC5_HBD/results/sweep_157.csv
1250576390,0300000203030330020302003,52934,99947068,22250,80,30603,99947067,100000000,pymatching,SurfaceCode,25,1,5,HBD_noise,0.001,500.0,results/brute_force/used_SC5_HBD/results/sweep_157.csv
1472173157,2233330330030303030302003,48862,99951140,25841,62,22958,99951139,100000000,pymatching,SurfaceCode,25,1,5,HBD_noise,0.001,500.0,results/brute_force/used_SC5_HBD/results/sweep_157.csv
535097503,3203020303030333033302300,47180,99952822,24084,73,23022,99952821,100000000,pymatching,SurfaceCode,25,1,5,HBD_noise,0.001,500.0,results/brute_force/used_SC5_HBD/results/sweep_157.csv
648788868,2203030203030323230300030,48109,99951893,22730,64,25314,99951892,100000000,pymatching,SurfaceCode,25,1,5,HBD_noise,0.001,500.0,results/brute_force/used_SC5_HBD/results/sweep_150.csv
1413361290,0232020303232303000022200,61534,99938468,29205,94,32234,99938467,100000000,pymatching,SurfaceCode,25,1,5,HBD_noise,0.001,500.0,results/brute_force/used_SC5_HBD/results/sweep_150.csv
1888345499,0000230322033033030000232,62115,99937887,28764,86,33264,99937886,100000000,pymatching,SurfaceCode,25,1,5,HBD_noise,0.001,500.0,results/brute_force/used_SC5_HBD/results/sweep_150.csv
86509489,2222033300000302030302203,58037,99941965,27259,88,30689,99941964,100000000,pymatching,SurfaceCode,25,1,5,HBD_noise,0.001,500.0,results/brute_force/used_SC5_HBD/results/sweep_150.csv
1025125130,3303030003030200330333030,48098,99951904,22750,80,25267,99951903,100000000,pymatching,SurfaceCode,25,1,5,HBD_noise,0.001,500.0,results/brute_force/used_SC5_HBD/results/sweep_150.csv
1115958711,0303220303330203030202030,47320,99952682,21548,67,25704,99952681,100000000,pymatching,SurfaceCode,25,1,5,HBD_noise,0.001,500.0,results/brute_force/used_SC5_HBD/results/sweep_150.csv
605557450,2220233032203322233232330,92362,99907640,52022,186,40153,99907639,100000000,pymatching,SurfaceCode,25,1,5,HBD_noise,0.001,500.0,results/brute_force/used_SC5_HBD/results/sweep_150.csv
443735622,0332300223032033220023000,76308,99923694,35117,138,41052,99923693,100000000,pymatching,SurfaceCode,25,1,5,HBD_noise,0.001,500.0,results/brute_force/used_SC5_HBD/results/sweep_150.csv
323564104,0032303333330320223302002,71887,99928115,39140,125,32621,99928114,100000000,pymatching,SurfaceCode,25,1,5,HBD_noise,0.001,500.0,results/brute_force/used_SC5_HBD/results/sweep_150.csv
1862882974,0303200330332000000203022,63011,99936991,28026,96,34888,99936990,100000000,pymatching,SurfaceCode,25,1,5,HBD_noise,0.001,500.0,results/brute_force/used_SC5_HBD/results/sweep_150.csv
2091546118,3003300303030330030033333,47709,99952293,23881,64,23763,99952292,100000000,pymatching,SurfaceCode,25,1,5,HBD_noise,0.001,500.0,results/brute_force/used_SC5_HBD/results/sweep_31.csv
588541103,3303300303030330030233333,46900,99953102,24111,52,22736,99953101,100000000,pymatching,SurfaceCode,25,1,5,HBD_noise,0.001,500.0,results/brute_force/used_SC5_HBD/results/sweep_31.csv
384625283,3303000303030330030203330,43353,99956649,21055,63,22234,99956648,100000000,pymatching,SurfaceCode,25,1,5,HBD_noise,0.001,500.0,results/brute_force/used_SC5_HBD/results/sweep_31.csv
406543944,3303000303030330030203333,44000,99956002,21758,64,22177,99956001,100000000,pymatching,SurfaceCode,25,1,5,HBD_noise,0.001,500.0,results/brute_force/used_SC5_HBD/results/sweep_31.csv
129077088,2303030303030332030203330,42122,99957880,21575,44,20502,99957879,100000000,pymatching,SurfaceCode,25,1,5,HBD_noise,0.001,500.0,results/brute_force/used_SC5_HBD/results/sweep_31.csv
1147017332,3303030303030332030303330,40425,99959577,20934,44,19446,99959576,100000000,pymatching,SurfaceCode,25,1,5,HBD_noise,0.001,500.0,results/brute_force/used_SC5_HBD/results/sweep_31.csv
1815930382,3303030303030333030303330,38486,99961516,20307,44,18134,99961515,100000000,pymatching,SurfaceCode,25,1,5,HBD_noise,0.001,500.0,results/brute_force/used_SC5_HBD/results/sweep_31.csv
2111642435,0303030303030333030303330,37659,99962343,19477,53,18128,99962342,100000000,pymatching,SurfaceCode,25,1,5,HBD_noise,0.001,500.0,results/brute_force/used_SC5_HBD/results/sweep_31.csv
1938684387,0303030303030303030303330,36588,99963414,18448,45,18094,99963413,100000000,pymatching,SurfaceCode,25,1,5,HBD_noise,0.001,500.0,results/brute_force/used_SC5_HBD/results/sweep_31.csv
1109483384,2002203200003330030002233,72139,99927863,34402,138,37598,99927862,100000000,pymatching,SurfaceCode,25,1,5,HBD_noise,0.001,500.0,results/brute_force/used_SC5_HBD/results/sweep_31.csv
2010862786,3303033000030233020333203,59834,99940168,28544,92,31197,99940167,100000000,pymatching,SurfaceCode,25,1,5,HBD_noise,0.001,500.0,results/brute_force/used_SC5_HBD/results/sweep_141.csv
13583744,0300000302023023000333032,60280,99939722,27101,105,33073,99939721,100000000,pymatching,SurfaceCode,25,1,5,HBD_noise,0.001,500.0,results/brute_force/used_SC5_HBD/results/sweep_141.csv
972406597,0302002303030330002323203,57967,99942035,27928,79,29959,99942034,100000000,pymatching,SurfaceCode,25,1,5,HBD_noise,0.001,500.0,results/brute_force/used_SC5_HBD/results/sweep_141.csv
1927679512,2203220233300303030330000,58151,99941851,26693,80,31377,99941850,100000000,pymatching,SurfaceCode,25,1,5,HBD_noise,0.001,500.0,results/brute_force/used_SC5_HBD/results/sweep_141.csv
2094857751,2303330303300322030332300,51500,99948502,25899,71,25529,99948501,100000000,pymatching,SurfaceCode,25,1,5,HBD_noise,0.001,500.0,results/brute_force/used_SC5_HBD/results/sweep_141.csv
1376773586,0300020300230303000303033,44946,99955056,20226,50,24669,99955055,100000000,pymatching,SurfaceCode,25,1,5,HBD_noise,0.001,500.0,results/brute_force/used_SC5_HBD/results/sweep_141.csv
1654803630,0002300033202320323202222,90045,99909957,43254,194,46596,99909956,100000000,pymatching,SurfaceCode,25,1,5,HBD_noise,0.001,500.0,results/brute_force/used_SC5_HBD/results/sweep_141.csv
1576529105,3023033000003203002302002,76909,99923093,35219,148,41541,99923092,100000000,pymatching,SurfaceCode,25,1,5,HBD_noise,0.001,500.0,results/brute_force/used_SC5_HBD/results/sweep_141.csv
1773668046,3233033203232023032300233,71828,99928174,39009,128,32690,99928173,100000000,pymatching,SurfaceCode,25,1,5,HBD_noise,0.001,500.0,results/brute_force/used_SC5_HBD/results/sweep_141.csv
323653137,2222020233033303230200323,68775,99931227,36053,125,32596,99931226,100000000,pymatching,SurfaceCode,25,1,5,HBD_noise,0.001,500.0,results/brute_force/used_SC5_HBD/results/sweep_141.csv
1449838511,0303030303030303030300030,36127,99963875,17399,41,18686,99963874,100000000,pymatching,SurfaceCode,25,1,5,HBD_noise,0.001,500.0,results/brute_force/used_SC5_HBD/results/sweep_20.csv
968693399,0303020303030303030303030,36977,99963025,17714,53,19209,99963024,100000000,pymatching,SurfaceCode,25,1,5,HBD_noise,0.001,500.0,results/brute_force/used_SC5_HBD/results/sweep_20.csv
897677012,3002233202000300220002232,74367,99925635,33095,123,41148,99925634,100000000,pymatching,SurfaceCode,25,1,5,HBD_noise,0.001,500.0,results/brute_force/used_SC5_HBD/results/sweep_20.csv
988675430,3302230202000300220002232,67068,99932934,29269,110,37688,99932933,100000000,pymatching,SurfaceCode,25,1,5,HBD_noise,0.001,500.0,results/brute_force/used_SC5_HBD/results/sweep_20.csv
1335563563,3002230202000300020002232,64725,99935277,26108,108,38508,99935276,100000000,pymatching,SurfaceCode,25,1,5,HBD_noise,0.001,500.0,results/brute_force/used_SC5_HBD/results/sweep_20.csv
1597425969,0000230202000300330003232,59158,99940844,26031,77,33049,99940843,100000000,pymatching,SurfaceCode,25,1,5,HBD_noise,0.001,500.0,results/brute_force/used_SC5_HBD/results/sweep_20.csv
1549628212,0000230202000300330303032,53310,99946692,23840,81,29388,99946691,100000000,pymatching,SurfaceCode,25,1,5,HBD_noise,0.001,500.0,results/brute_force/used_SC5_HBD/results/sweep_20.csv
945239,0200230203000303330303032,50148,99949854,23207,75,26865,99949853,100000000,pymatching,SurfaceCode,25,1,5,HBD_noise,0.001,500.0,results/brute_force/used_SC5_HBD/results/sweep_20.csv
608148132,0200330203000303330303032,49566,99950436,22928,63,26574,99950435,100000000,pymatching,SurfaceCode,25,1,5,HBD_noise,0.001,500.0,results/brute_force/used_SC5_HBD/results/sweep_20.csv
625778188,0203330203000303330303032,48060,99951942,22846,67,25146,99951941,100000000,pymatching,SurfaceCode,25,1,5,HBD_noise,0.001,500.0,results/brute_force/used_SC5_HBD/results/sweep_20.csv
519721068,0003030303030303030303030,36396,99963606,17552,47,18796,99963605,100000000,pymatching,SurfaceCode,25,1,5,HBD_noise,0.001,500.0,results/brute_force/used_SC5_HBD/results/sweep_27.csv
1871729516,3020220332030000232223320,73079,99926923,35293,140,37645,99926922,100000000,pymatching,SurfaceCode,25,1,5,HBD_noise,0.001,500.0,results/brute_force/used_SC5_HBD/results/sweep_27.csv
809717446,0020220332030000232223320,71972,99928030,34077,132,37762,99928029,100000000,pymatching,SurfaceCode,25,1,5,HBD_noise,0.001,500.0,results/brute_force/used_SC5_HBD/results/sweep_27.csv
2018858741,2020220332030000232223320,73707,99926295,35652,146,37908,99926294,100000000,pymatching,SurfaceCode,25,1,5,HBD_noise,0.001,500.0,results/brute_force/used_SC5_HBD/results/sweep_27.csv
85069037,0020020332030000232223320,70061,99929941,33056,117,36887,99929940,100000000,pymatching,SurfaceCode,25,1,5,HBD_noise,0.001,500.0,results/brute_force/used_SC5_HBD/results/sweep_27.csv
512873483,0020020302030000232223320,66360,99933642,30233,97,36029,99933641,100000000,pymatching,SurfaceCode,25,1,5,HBD_noise,0.001,500.0,results/brute_force/used_SC5_HBD/results/sweep_27.csv
1011420097,0030020302330000232233030,62141,99937861,29049,89,33002,99937860,100000000,pymatching,SurfaceCode,25,1,5,HBD_noise,0.001,500.0,results/brute_force/used_SC5_HBD/results/sweep_27.csv
1249990909,0020020302030000232233030,61165,99938837,27321,92,33751,99938836,100000000,pymatching,SurfaceCode,25,1,5,HBD_noise,0.001,500.0,results/brute_force/used_SC5_HBD/results/sweep_27.csv
278496281,0020020302030030232303030,57464,99942538,26637,89,30737,99942537,100000000,pymatching,SurfaceCode,25,1,5,HBD_noise,0.001,500.0,results/brute_force/used_SC5_HBD/results/sweep_27.csv
114138844,0020020303030020232303030,55161,99944841,25667,83,29410,99944840,100000000,pymatching,SurfaceCode,25,1,5,HBD_noise,0.001,500.0,results/brute_force/used_SC5_HBD/results/sweep_27.csv
1297813754,2323022323030022303022020,75165,99924837,37633,143,37388,99924836,100000000,pymatching,SurfaceCode,25,1,5,HBD_noise,0.001,500.0,results/brute_force/used_SC5_HBD/results/sweep_146.csv
1757692861,3020332033230333020320232,68010,99931992,35485,129,32395,99931991,100000000,pymatching,SurfaceCode,25,1,5,HBD_noise,0.001,500.0,results/brute_force/used_SC5_HBD/results/sweep_146.csv
512171723,0320330202303330020300233,67205,99932797,32028,124,35052,99932796,100000000,pymatching,SurfaceCode,25,1,5,HBD_noise,0.001,500.0,results/brute_force/used_SC5_HBD/results/sweep_146.csv
582646111,2000333322000323300333333,66498,99933504,34468,98,31931,99933503,100000000,pymatching,SurfaceCode,25,1,5,HBD_noise,0.001,500.0,results/brute_force/used_SC5_HBD/results/sweep_146.csv
1021067949,0200320200030002300302033,61921,99938081,25736,97,36087,99938080,100000000,pymatching,SurfaceCode,25,1,5,HBD_noise,0.001,500.0,results/brute_force/used_SC5_HBD/results/sweep_146.csv
1079709989,0323320330230303030233322,54321,99945681,29252,73,24995,99945680,100000000,pymatching,SurfaceCode,25,1,5,HBD_noise,0.001,500.0,results/brute_force/used_SC5_HBD/results/sweep_146.csv
128969,0200030300030233230303002,51603,99948399,23621,76,27905,99948398,100000000,pymatching,SurfaceCode,25,1,5,HBD_noise,0.001,500.0,results/brute_force/used_SC5_HBD/results/sweep_146.csv
1946613114,0300030303002333030203020,48775,99951227,22785,75,25914,99951226,100000000,pymatching,SurfaceCode,25,1,5,HBD_noise,0.001,500.0,results/brute_force/used_SC5_HBD/results/sweep_146.csv
823488790,2300030333030303330202020,47493,99952509,24102,62,23328,99952508,100000000,pymatching,SurfaceCode,25,1,5,HBD_noise,0.001,500.0,results/brute_force/used_SC5_HBD/results/sweep_146.csv
273725647,0202300020220002232032222,90366,99909636,39533,250,50582,99909635,100000000,pymatching,SurfaceCode,25,1,5,HBD_noise,0.001,500.0,results/brute_force/used_SC5_HBD/results/sweep_146.csv
447197383,0323320333333033332302200,67216,99932786,38567,111,28537,99932785,100000000,pymatching,SurfaceCode,25,1,5,HBD_noise,0.001,500.0,results/brute_force/used_SC5_HBD/results/sweep_134.csv
1564390682,0002220303320320300203220,66886,99933116,30015,109,36761,99933115,100000000,pymatching,SurfaceCode,25,1,5,HBD_noise,0.001,500.0,results/brute_force/used_SC5_HBD/results/sweep_134.csv
1347326277,0332022302033320333233030,65344,99934658,37443,108,27792,99934657,100000000,pymatching,SurfaceCode,25,1,5,HBD_noise,0.001,500.0,results/brute_force/used_SC5_HBD/results/sweep_134.csv
1572401968,0322033333223300230302033,64441,99935561,35571,103,28766,99935560,100000000,pymatching,SurfaceCode,25,1,5,HBD_noise,0.001,500.0,results/brute_force/used_SC5_HBD/results/sweep_134.csv
78917495,0033230333020332030230323,60290,99939712,31287,82,28920,99939711,100000000,pymatching,SurfaceCode,25,1,5,HBD_noise,0.001,500.0,results/brute_force/used_SC5_HBD/results/sweep_134.csv
26008263,2323320300030332033020230,56515,99943487,28526,83,27905,99943486,100000000,pymatching,SurfaceCode,25,1,5,HBD_noise,0.001,500.0,results/brute_force/used_SC5_HBD/results/sweep_134.csv
1721375680,0333030333300303303333000,56029,99943973,29376,86,26566,99943972,100000000,pymatching,SurfaceCode,25,1,5,HBD_noise,0.001,500.0,results/brute_force/used_SC5_HBD/results/sweep_134.csv
1083931871,2323300032330303030303003,52714,99947288,26898,72,25743,99947287,100000000,pymatching,SurfaceCode,25,1,5,HBD_noise,0.001,500.0,results/brute_force/used_SC5_HBD/results/sweep_134.csv
1801787013,3302330303230300230000233,52802,99947200,27164,83,25554,99947199,100000000,pymatching,SurfaceCode,25,1,5,HBD_noise,0.001,500.0,results/brute_force/used_SC5_HBD/results/sweep_134.csv
1463550350,2202230003200303030303333,51341,99948661,24411,63,26866,99948660,100000000,pymatching,SurfaceCode,25,1,5,HBD_noise,0.001,500.0,results/brute_force/used_SC5_HBD/results/sweep_134.csv
1879570536,0000030030033300020000320,61718,99938284,26557,110,35050,99938283,100000000,pymatching,SurfaceCode,25,1,5,HBD_noise,0.001,500.0,results/brute_force/used_SC5_HBD/results/sweep_29.csv
1030238012,0000030030033300020200320,62096,99937906,26998,94,35003,99937905,100000000,pymatching,SurfaceCode,25,1,5,HBD_noise,0.001,500.0,results/brute_force/used_SC5_HBD/results/sweep_29.csv
1040760956,0000030030033300020200300,61780,99938222,26597,108,35074,99938221,100000000,pymatching,SurfaceCode,25,1,5,HBD_noise,0.001,500.0,results/brute_force/used_SC5_HBD/results/sweep_29.csv
815251507,0002030030033300020200300,61951,99938051,26834,79,35037,99938050,100000000,pymatching,SurfaceCode,25,1,5,HBD_noise,0.001,500.0,results/brute_force/used_SC5_HBD/results/sweep_29.csv
1656109490,2002030300033302030200300,52665,99947337,24977,85,27602,99947336,100000000,pymatching,SurfaceCode,25,1,5,HBD_noise,0.001,500.0,results/brute_force/used_SC5_HBD/results/sweep_29.csv
288339633,2002030300330302030203300,48608,99951394,22546,61,26000,99951393,100000000,pymatching,SurfaceCode,25,1,5,HBD_noise,0.001,500.0,results/brute_force/used_SC5_HBD/results/sweep_29.csv
557663182,2002030300330303030203300,46851,99953151,22026,57,24767,99953150,100000000,pymatching,SurfaceCode,25,1,5,HBD_noise,0.001,500.0,results/brute_force/used_SC5_HBD/results/sweep_29.csv
1926529148,2002030300330303030003300,46321,99953681,21634,59,24627,99953680,100000000,pymatching,SurfaceCode,25,1,5,HBD_noise,0.001,500.0,results/brute_force/used_SC5_HBD/results/sweep_29.csv
1798359554,2002030300330303030303300,44456,99955546,21403,56,22996,99955545,100000000,pymatching,SurfaceCode,25,1,5,HBD_noise,0.001,500.0,results/brute_force/used_SC5_HBD/results/sweep_29.csv
920650175,0002030303030303030003300,42007,99957995,19365,43,22598,99957994,100000000,pymatching,SurfaceCode,25,1,5,HBD_noise,0.001,500.0,results/brute_force/used_SC5_HBD/results/sweep_29.csv
1281289491,0203200022230333000203020,60083,99939919,26008,94,33980,99939918,100000000,pymatching,SurfaceCode,25,1,5,HBD_noise,0.001,500.0,results/brute_force/used_SC5_HBD/results/sweep_148.csv
390160270,2000320302032320032203030,59205,99940797,29185,114,29905,99940796,100000000,pymatching,SurfaceCode,25,1,5,HBD_noise,0.001,500.0,results/brute_force/used_SC5_HBD/results/sweep_148.csv
1857218970,3303030302230302023003223,55082,99944920,27724,70,27287,99944919,100000000,pymatching,SurfaceCode,25,1,5,HBD_noise,0.001,500.0,results/brute_force/used_SC5_HBD/results/sweep_148.csv
1980167238,0003002303030303003330222,55618,99944384,27541,82,27994,99944383,100000000,pymatching,SurfaceCode,25,1,5,HBD_noise,0.001,500.0,results/brute_force/used_SC5_HBD/results/sweep_148.csv
236009575,0303032000030323030202332,51221,99948781,24494,74,26652,99948780,100000000,pymatching,SurfaceCode,25,1,5,HBD_noise,0.001,500.0,results/brute_force/used_SC5_HBD/results/sweep_148.csv
485828075,3203033300000000030303020,51008,99948994,21924,79,29004,99948993,100000000,pymatching,SurfaceCode,25,1,5,HBD_noise,0.001,500.0,results/brute_force/used_SC5_HBD/results/sweep_148.csv
870177281,0233300303230333030300202,49976,99950026,25945,69,23961,99950025,100000000,pymatching,SurfaceCode,25,1,5,HBD_noise,0.001,500.0,results/brute_force/used_SC5_HBD/results/sweep_148.csv
276153487,3302300303330323000333032,48521,99951481,24527,72,23921,99951480,100000000,pymatching,SurfaceCode,25,1,5,HBD_noise,0.001,500.0,results/brute_force/used_SC5_HBD/results/sweep_148.csv
1815052564,2000300303030323030300303,47464,99952538,22638,74,24751,99952537,100000000,pymatching,SurfaceCode,25,1,5,HBD_noise,0.001,500.0,results/brute_force/used_SC5_HBD/results/sweep_148.csv
307004933,2223323000022233323222230,98457,99901545,49726,245,48485,99901544,100000000,pymatching,SurfaceCode,25,1,5,HBD_noise,0.001,500.0,results/brute_force/used_SC5_HBD/results/sweep_148.csv
1158374906,0000030300030203223300020,57530,99942472,25629,89,31811,99942471,100000000,pymatching,SurfaceCode,25,1,5,HBD_noise,0.001,500.0,results/brute_force/used_SC5_HBD/results/sweep_84.csv
1923332880,0000030300030203220300020,54532,99945470,23043,84,31404,99945469,100000000,pymatching,SurfaceCode,25,1,5,HBD_noise,0.001,500.0,results/brute_force/used_SC5_HBD/results/sweep_84.csv
1798800188,0000030300030303230300020,45561,99954441,20369,58,25133,99954440,100000000,pymatching,SurfaceCode,25,1,5,HBD_noise,0.001,500.0,results/brute_force/used_SC5_HBD/results/sweep_84.csv
1625987507,0000030300030303230303020,44006,99955996,20135,52,23818,99955995,100000000,pymatching,SurfaceCode,25,1,5,HBD_noise,0.001,500.0,results/brute_force/used_SC5_HBD/results/sweep_84.csv
72375652,0333030300030303330303020,41828,99958174,21321,44,20462,99958173,100000000,pymatching,SurfaceCode,25,1,5,HBD_noise,0.001,500.0,results/brute_force/used_SC5_HBD/results/sweep_84.csv
73025262,0333030300030303230303020,43316,99956686,21669,60,21586,99956685,100000000,pymatching,SurfaceCode,25,1,5,HBD_noise,0.001,500.0,results/brute_force/used_SC5_HBD/results/sweep_84.csv
634306845,0303030300030303330303020,40360,99959642,19895,48,20416,99959641,100000000,pymatching,SurfaceCode,25,1,5,HBD_noise,0.001,500.0,results/brute_force/used_SC5_HBD/results/sweep_84.csv
1204109198,0303030300030303330303000,40119,99959883,19785,51,20282,99959882,100000000,pymatching,SurfaceCode,25,1,5,HBD_noise,0.001,500.0,results/brute_force/used_SC5_HBD/results/sweep_84.csv
1492264126,0202330000322020000020332,80566,99919436,33665,138,46762,99919435,100000000,pymatching,SurfaceCode,25,1,5,HBD_noise,0.001,500.0,results/brute_force/used_SC5_HBD/results/sweep_84.csv
1147370637,0002030323232223220223032,70791,99929211,35162,161,35467,99929210,100000000,pymatching,SurfaceCode,25,1,5,HBD_noise,0.001,500.0,results/brute_force/used_SC5_HBD/results/sweep_84.csv
930467912,0233300003033323330303032,52834,99947168,28210,66,24557,99947167,100000000,pymatching,SurfaceCode,25,1,5,HBD_noise,0.001,500.0,results/brute_force/used_SC5_HBD/results/sweep_55.csv
1218972742,0233020003033323030303032,49009,99950993,25103,59,23846,99950992,100000000,pymatching,SurfaceCode,25,1,5,HBD_noise,0.001,500.0,results/brute_force/used_SC5_HBD/results/sweep_55.csv
924991599,0203020003033323030303032,47336,99952666,23429,72,23834,99952665,100000000,pymatching,SurfaceCode,25,1,5,HBD_noise,0.001,500.0,results/brute_force/used_SC5_HBD/results/sweep_55.csv
172406945,0203020003030323030303032,43285,99956717,19986,53,23245,99956716,100000000,pymatching,SurfaceCode,25,1,5,HBD_noise,0.001,500.0,results/brute_force/used_SC5_HBD/results/sweep_55.csv
960588957,0203020003030323030303332,45218,99954784,21330,40,23847,99954783,100000000,pymatching,SurfaceCode,25,1,5,HBD_noise,0.001,500.0,results/brute_force/used_SC5_HBD/results/sweep_55.csv
1265587733,0203020003030303030303032,41927,99958075,18696,56,23174,99958074,100000000,pymatching,SurfaceCode,25,1,5,HBD_noise,0.001,500.0,results/brute_force/used_SC5_HBD/results/sweep_55.csv
1093433927,0203020303030303030303033,38728,99961274,18632,45,20050,99961273,100000000,pymatching,SurfaceCode,25,1,5,HBD_noise,0.001,500.0,results/brute_force/used_SC5_HBD/results/sweep_55.csv
328948724,0203030303030303030303033,37203,99962799,18290,51,18861,99962798,100000000,pymatching,SurfaceCode,25,1,5,HBD_noise,0.001,500.0,results/brute_force/used_SC5_HBD/results/sweep_55.csv
153258424,2303030303030303030303030,36037,99963965,18114,38,17884,99963964,100000000,pymatching,SurfaceCode,25,1,5,HBD_noise,0.001,500.0,results/brute_force/used_SC5_HBD/results/sweep_55.csv
148514363,2022023302332332000003023,69582,99930420,35042,114,34425,99930419,100000000,pymatching,SurfaceCode,25,1,5,HBD_noise,0.001,500.0,results/brute_force/used_SC5_HBD/results/sweep_55.csv
160604534,3332030002330303330032030,52818,99947184,26590,66,26161,99947183,100000000,pymatching,SurfaceCode,25,1,5,HBD_noise,0.001,500.0,results/brute_force/used_SC5_HBD/results/sweep_83.csv
613679419,2302030002330303030002033,48072,99951930,22101,57,25913,99951929,100000000,pymatching,SurfaceCode,25,1,5,HBD_noise,0.001,500.0,results/brute_force/used_SC5_HBD/results/sweep_83.csv
1354866941,2302030003330303030000033,45151,99954851,20887,55,24208,99954850,100000000,pymatching,SurfaceCode,25,1,5,HBD_noise,0.001,500.0,results/brute_force/used_SC5_HBD/results/sweep_83.csv
1946787939,2300030003230303030000033,44841,99955161,20510,69,24261,99955160,100000000,pymatching,SurfaceCode,25,1,5,HBD_noise,0.001,500.0,results/brute_force/used_SC5_HBD/results/sweep_83.csv
1776717928,2300030003230303030000030,44211,99955791,19923,53,24234,99955790,100000000,pymatching,SurfaceCode,25,1,5,HBD_noise,0.001,500.0,results/brute_force/used_SC5_HBD/results/sweep_83.csv
2032005954,0303030003230303030002033,43412,99956590,20100,36,23275,99956589,100000000,pymatching,SurfaceCode,25,1,5,HBD_noise,0.001,500.0,results/brute_force/used_SC5_HBD/results/sweep_83.csv
437164583,0303030303230303030003033,38846,99961156,19248,48,19549,99961155,100000000,pymatching,SurfaceCode,25,1,5,HBD_noise,0.001,500.0,results/brute_force/used_SC5_HBD/results/sweep_83.csv
2084201541,0303330303330303030303030,37889,99962113,19758,46,18084,99962112,100000000,pymatching,SurfaceCode,25,1,5,HBD_noise,0.001,500.0,results/brute_force/used_SC5_HBD/results/sweep_83.csv
2026054836,0303030303030303330303020,38719,99961283,19862,45,18811,99961282,100000000,pymatching,SurfaceCode,25,1,5,HBD_noise,0.001,500.0,results/brute_force/used_SC5_HBD/results/sweep_83.csv
2014281228,2000030300030203223300020,58690,99941312,26569,89,32031,99941311,100000000,pymatching,SurfaceCode,25,1,5,HBD_noise,0.001,500.0,results/brute_force/used_SC5_HBD/results/sweep_83.csv
1767621542,0303333002330200030032022,61056,99938946,27969,105,32981,99938945,100000000,pymatching,SurfaceCode,25,1,5,HBD_noise,0.001,500.0,results/brute_force/used_SC5_HBD/results/sweep_52.csv
1749320259,0203333003330200030032022,60737,99939265,27285,97,33354,99939264,100000000,pymatching,SurfaceCode,25,1,5,HBD_noise,0.001,500.0,results/brute_force/used_SC5_HBD/results/sweep_52.csv
1605018814,0303320003330000030302020,50725,99949277,21176,76,29472,99949276,100000000,pymatching,SurfaceCode,25,1,5,HBD_noise,0.001,500.0,results/brute_force/used_SC5_HBD/results/sweep_52.csv
1497886332,3333320003330300030302000,48870,99951132,22911,67,25891,99951131,100000000,pymatching,SurfaceCode,25,1,5,HBD_noise,0.001,500.0,results/brute_force/used_SC5_HBD/results/sweep_52.csv
1758842658,3303320003330300030300000,46554,99953448,20884,63,25606,99953447,100000000,pymatching,SurfaceCode,25,1,5,HBD_noise,0.001,500.0,results/brute_force/used_SC5_HBD/results/sweep_52.csv
1105363263,0303320303330300030300003,44289,99955713,21145,68,23075,99955712,100000000,pymatching,SurfaceCode,25,1,5,HBD_noise,0.001,500.0,results/brute_force/used_SC5_HBD/results/sweep_52.csv
950118156,0303320303230300030300003,44924,99955078,21061,86,23776,99955077,100000000,pymatching,SurfaceCode,25,1,5,HBD_noise,0.001,500.0,results/brute_force/used_SC5_HBD/results/sweep_52.csv
794362729,0303320303330302030300032,43778,99956224,21242,56,22479,99956223,100000000,pymatching,SurfaceCode,25,1,5,HBD_noise,0.001,500.0,results/brute_force/used_SC5_HBD/results/sweep_52.csv
1358579360,0300320303330303030300033,42428,99957574,21088,56,21283,99957573,100000000,pymatching,SurfaceCode,25,1,5,HBD_noise,0.001,500.0,results/brute_force/used_SC5_HBD/results/sweep_52.csv
1503831161,0300320303030303030303033,39744,99960258,19353,59,20331,99960257,100000000,pymatching,SurfaceCode,25,1,5,HBD_noise,0.001,500.0,results/brute_force/used_SC5_HBD/results/sweep_52.csv
1212693507,0303022220330300203200023,71748,99928254,34979,117,36651,99928253,100000000,pymatching,SurfaceCode,25,1,5,HBD_noise,0.001,500.0,results/brute_force/used_SC5_HBD/results/sweep_133.csv
1197429277,2302003002000322003300000,66824,99933178,27723,96,39004,99933177,100000000,pymatching,SurfaceCode,25,1,5,HBD_noise,0.001,500.0,results/brute_force/used_SC5_HBD/results/sweep_133.csv
1248196322,0330203300233003030330003,59997,99940005,30855,108,29033,99940004,100000000,pymatching,SurfaceCode,25,1,5,HBD_noise,0.001,500.0,results/brute_force/used_SC5_HBD/results/sweep_133.csv
1571712339,0323323303230332030020022,56268,99943734,28593,73,27601,99943733,100000000,pymatching,SurfaceCode,25,1,5,HBD_noise,0.001,500.0,results/brute_force/used_SC5_HBD/results/sweep_133.csv
1227690678,0030032302000323030300300,54375,99945627,24790,81,29503,99945626,100000000,pymatching,SurfaceCode,25,1,5,HBD_noise,0.001,500.0,results/brute_force/used_SC5_HBD/results/sweep_133.csv
1764939112,0202033302330302030000020,50613,99949389,23308,74,27230,99949388,100000000,pymatching,SurfaceCode,25,1,5,HBD_noise,0.001,500.0,results/brute_force/used_SC5_HBD/results/sweep_133.csv
1067662968,0302233300030033030300030,48216,99951786,23228,59,24928,99951785,100000000,pymatching,SurfaceCode,25,1,5,HBD_noise,0.001,500.0,results/brute_force/used_SC5_HBD/results/sweep_133.csv
710094285,3203030300033303030023000,46856,99953146,23220,63,23572,99953145,100000000,pymatching,SurfaceCode,25,1,5,HBD_noise,0.001,500.0,results/brute_force/used_SC5_HBD/results/sweep_133.csv
1872080210,2033022300022323222203003,82284,99917718,41544,186,40553,99917717,100000000,pymatching,SurfaceCode,25,1,5,HBD_noise,0.001,500.0,results/brute_force/used_SC5_HBD/results/sweep_133.csv
191514266,0023002202320023003203002,78773,99921229,32113,162,46497,99921228,100000000,pymatching,SurfaceCode,25,1,5,HBD_noise,0.001,500.0,results/brute_force/used_SC5_HBD/results/sweep_133.csv
1058398843,0303030303330303030302030,38029,99961973,19035,49,18944,99961972,100000000,pymatching,SurfaceCode,25,1,5,HBD_noise,0.001,500.0,results/brute_force/used_SC5_HBD/results/sweep_67.csv
911794981,0303030303330303030303030,36239,99963763,18467,48,17723,99963762,100000000,pymatching,SurfaceCode,25,1,5,HBD_noise,0.001,500.0,results/brute_force/used_SC5_HBD/results/sweep_67.csv
396809495,0032000323030220033002033,60916,99939086,28466,121,32328,99939085,100000000,pymatching,SurfaceCode,25,1,5,HBD_noise,0.001,500.0,results/brute_force/used_SC5_HBD/results/sweep_67.csv
724442124,0032000303030220033002033,55671,99944331,25444,77,30149,99944330,100000000,pymatching,SurfaceCode,25,1,5,HBD_noise,0.001,500.0,results/brute_force/used_SC5_HBD/results/sweep_67.csv
745314504,0032000303030220033002233,58768,99941234,27318,87,31362,99941233,100000000,pymatching,SurfaceCode,25,1,5,HBD_noise,0.001,500.0,results/brute_force/used_SC5_HBD/results/sweep_67.csv
1118331426,0002000303030320033002033,49179,99950823,22861,72,26245,99950822,100000000,pymatching,SurfaceCode,25,1,5,HBD_noise,0.001,500.0,results/brute_force/used_SC5_HBD/results/sweep_67.csv
1445342373,0022030303030320033002033,49277,99950725,24009,73,25194,99950724,100000000,pymatching,SurfaceCode,25,1,5,HBD_noise,0.001,500.0,results/brute_force/used_SC5_HBD/results/sweep_67.csv
1448663123,0022000303030303033002033,47427,99952575,22924,77,24425,99952574,100000000,pymatching,SurfaceCode,25,1,5,HBD_noise,0.001,500.0,results/brute_force/used_SC5_HBD/results/sweep_67.csv
2036157707,0022000303030303033000033,47213,99952789,22717,58,24437,99952788,100000000,pymatching,SurfaceCode,25,1,5,HBD_noise,0.001,500.0,results/brute_force/used_SC5_HBD/results/sweep_67.csv
817058845,0023000303030303033000033,45609,99954393,22112,51,23445,99954392,100000000,pymatching,SurfaceCode,25,1,5,HBD_noise,0.001,500.0,results/brute_force/used_SC5_HBD/results/sweep_67.csv
1967981078,0303303330030303020302200,52367,99947635,25888,67,26411,99947634,100000000,pymatching,SurfaceCode,25,1,5,HBD_noise,0.001,500.0,results/brute_force/used_SC5_HBD/results/sweep_106.csv
2146911871,0302200303000320030333230,49669,99950333,23049,64,26555,99950332,100000000,pymatching,SurfaceCode,25,1,5,HBD_noise,0.001,500.0,results/brute_force/used_SC5_HBD/results/sweep_106.csv
1001872466,0003323300203230033223022,77022,99922980,39524,159,37338,99922979,100000000,pymatching,SurfaceCode,25,1,5,HBD_noise,0.001,500.0,results/brute_force/used_SC5_HBD/results/sweep_106.csv
1475935884,0320023200033302033223220,68625,99931377,36130,89,32405,99931376,100000000,pymatching,SurfaceCode,25,1,5,HBD_noise,0.001,500.0,results/brute_force/used_SC5_HBD/results/sweep_106.csv
313689358,0300332300222333032323230,65723,99934279,36047,121,29554,99934278,100000000,pymatching,SurfaceCode,25,1,5,HBD_noise,0.001,500.0,results/brute_force/used_SC5_HBD/results/sweep_106.csv
1335841466,2333020323320223020003032,65603,99934399,30785,144,34673,99934398,100000000,pymatching,SurfaceCode,25,1,5,HBD_noise,0.001,500.0,results/brute_force/used_SC5_HBD/results/sweep_106.csv
1779140984,0300003203332300030000032,57228,99942774,27456,65,29706,99942773,100000000,pymatching,SurfaceCode,25,1,5,HBD_noise,0.001,500.0,results/brute_force/used_SC5_HBD/results/sweep_106.csv
693564068,3202303333030303030232032,54166,99945836,29061,68,25036,99945835,100000000,pymatching,SurfaceCode,25,1,5,HBD_noise,0.001,500.0,results/brute_force/used_SC5_HBD/results/sweep_106.csv
518687866,0223000003030330020303232,53782,99946220,23653,68,30060,99946219,100000000,pymatching,SurfaceCode,25,1,5,HBD_noise,0.001,500.0,results/brute_force/used_SC5_HBD/results/sweep_106.csv
1593675506,0330333003230323030200030,50798,99949204,25705,64,25028,99949203,100000000,pymatching,SurfaceCode,25,1,5,HBD_noise,0.001,500.0,results/brute_force/used_SC5_HBD/results/sweep_106.csv
30691054,3000000302202032000002323,76817,99923185,31681,125,45010,99923184,100000000,pymatching,SurfaceCode,25,1,5,HBD_noise,0.001,500.0,results/brute_force/used_SC5_HBD/results/sweep_101.csv
51298659,0002200033203300000333223,71528,99928474,31825,132,39570,99928473,100000000,pymatching,SurfaceCode,25,1,5,HBD_noise,0.001,500.0,results/brute_force/used_SC5_HBD/results/sweep_101.csv
1533339048,3020330322232332002303320,72117,99927885,38166,137,33813,99927884,100000000,pymatching,SurfaceCode,25,1,5,HBD_noise,0.001,500.0,results/brute_force/used_SC5_HBD/results/sweep_101.csv
1927063111,3003020033330002033223300,64096,99935906,29563,93,34439,99935905,100000000,pymatching,SurfaceCode,25,1,5,HBD_noise,0.001,500.0,results/brute_force/used_SC5_HBD/results/sweep_101.csv
1540422105,0000302202230333030330022,59015,99940987,28521,91,30402,99940986,100000000,pymatching,SurfaceCode,25,1,5,HBD_noise,0.001,500.0,results/brute_force/used_SC5_HBD/results/sweep_101.csv
447717996,0323230332030333033302020,50640,99949362,26986,59,23594,99949361,100000000,pymatching,SurfaceCode,25,1,5,HBD_noise,0.001,500.0,results/brute_force/used_SC5_HBD/results/sweep_101.csv
2128866883,2320300033232303230303002,62635,99937367,33057,100,29477,99937366,100000000,pymatching,SurfaceCode,25,1,5,HBD_noise,0.001,500.0,results/brute_force/used_SC5_HBD/results/sweep_101.csv
1900221129,0332033333032000030200000,59278,99940724,29482,89,29706,99940723,100000000,pymatching,SurfaceCode,25,1,5,HBD_noise,0.001,500.0,results/brute_force/used_SC5_HBD/results/sweep_101.csv
1978150841,0303333303032302230033302,56987,99943015,32319,82,24585,99943014,100000000,pymatching,SurfaceCode,25,1,5,HBD_noise,0.001,500.0,results/brute_force/used_SC5_HBD/results/sweep_101.csv
1320491948,2333300322330323032300033,56361,99943641,30952,104,25304,99943640,100000000,pymatching,SurfaceCode,25,1,5,HBD_noise,0.001,500.0,results/brute_force/used_SC5_HBD/results/sweep_101.csv
75100055,0233002000330003030022033,60667,99939335,26456,86,34124,99939334,100000000,pymatching,SurfaceCode,25,1,5,HBD_noise,0.001,500.0,results/brute_force/used_SC5_HBD/results/sweep_60.csv
297373478,0233022000330003030022032,62167,99937835,27017,87,35062,99937834,100000000,pymatching,SurfaceCode,25,1,5,HBD_noise,0.001,500.0,results/brute_force/used_SC5_HBD/results/sweep_60.csv
282359049,0233022000330003030022033,60930,99939072,27115,89,33725,99939071,100000000,pymatching,SurfaceCode,25,1,5,HBD_noise,0.001,500.0,results/brute_force/used_SC5_HBD/results/sweep_60.csv
308845799,0203022000230003030022033,59502,99940500,25323,87,34091,99940499,100000000,pymatching,SurfaceCode,25,1,5,HBD_noise,0.001,500.0,results/brute_force/used_SC5_HBD/results/sweep_60.csv
497507568,0203032300030033030000030,49256,99950746,21640,68,27547,99950745,100000000,pymatching,SurfaceCode,25,1,5,HBD_noise,0.001,500.0,results/brute_force/used_SC5_HBD/results/sweep_60.csv
744648087,0303032300030033030000030,47516,99952486,21485,62,25968,99952485,100000000,pymatching,SurfaceCode,25,1,5,HBD_noise,0.001,500.0,results/brute_force/used_SC5_HBD/results/sweep_60.csv
1882648712,0303032300030033030003030,46468,99953534,21226,73,25168,99953533,100000000,pymatching,SurfaceCode,25,1,5,HBD_noise,0.001,500.0,results/brute_force/used_SC5_HBD/results/sweep_60.csv
117455666,0303033303030023030303030,41815,99958187,20997,60,20757,99958186,100000000,pymatching,SurfaceCode,25,1,5,HBD_noise,0.001,500.0,results/brute_force/used_SC5_HBD/results/sweep_60.csv
772099952,0303030303030322030333030,39714,99960288,20230,47,19436,99960287,100000000,pymatching,SurfaceCode,25,1,5,HBD_noise,0.001,500.0,results/brute_force/used_SC5_HBD/results/sweep_60.csv
796539006,0303030303030323030303030,36436,99963566,18320,52,18063,99963565,100000000,pymatching,SurfaceCode,25,1,5,HBD_noise,0.001,500.0,results/brute_force/used_SC5_HBD/results/sweep_60.csv
664705800,3303030303030323030000030,39822,99960180,19275,59,20487,99960179,100000000,pymatching,SurfaceCode,25,1,5,HBD_noise,0.001,500.0,results/brute_force/used_SC5_HBD/results/sweep_12.csv
117123888,0303030303030303030200030,38179,99961823,18005,43,20130,99961822,100000000,pymatching,SurfaceCode,25,1,5,HBD_noise,0.001,500.0,results/brute_force/used_SC5_HBD/results/sweep_12.csv
2140333571,0303030303030303030003032,37668,99962334,18141,45,19481,99962333,100000000,pymatching,SurfaceCode,25,1,5,HBD_noise,0.001,500.0,results/brute_force/used_SC5_HBD/results/sweep_12.csv
1670129065,0303030303030303030303033,35863,99964139,17947,46,17869,99964138,100000000,pymatching,SurfaceCode,25,1,5,HBD_noise,0.001,500.0,results/brute_force/used_SC5_HBD/results/sweep_12.csv
1129577272,0303030303030303030303000,36221,99963781,17511,46,18663,99963780,100000000,pymatching,SurfaceCode,25,1,5,HBD_noise,0.001,500.0,results/brute_force/used_SC5_HBD/results/sweep_12.csv
1727559176,3200200300320232000330002,69248,99930754,28600,99,40548,99930753,100000000,pymatching,SurfaceCode,25,1,5,HBD_noise,0.001,500.0,results/brute_force/used_SC5_HBD/results/sweep_12.csv
1406082520,3200200300320232000330003,69155,99930847,28538,119,40497,99930846,100000000,pymatching,SurfaceCode,25,1,5,HBD_noise,0.001,500.0,results/brute_force/used_SC5_HBD/results/sweep_12.csv
1460671989,3300220303320232000300302,65632,99934370,28809,108,36714,99934369,100000000,pymatching,SurfaceCode,25,1,5,HBD_noise,0.001,500.0,results/brute_force/used_SC5_HBD/results/sweep_12.csv
268011234,3300220303020232000300302,63339,99936663,26918,126,36294,99936662,100000000,pymatching,SurfaceCode,25,1,5,HBD_noise,0.001,500.0,results/brute_force/used_SC5_HBD/results/sweep_12.csv
1138436043,3300220303300232030300302,59616,99940386,26955,110,32550,99940385,100000000,pymatching,SurfaceCode,25,1,5,HBD_noise,0.001,500.0,results/brute_force/used_SC5_HBD/results/sweep_12.csv
1823041039,0303330303030303030303330,37406,99962596,19322,42,18041,99962595,100000000,pymatching,SurfaceCode,25,1,5,HBD_noise,0.001,500.0,results/brute_force/used_SC5_HBD/results/sweep_69.csv
334414868,0300230303030303030303030,38019,99961983,18592,48,19378,99961982,100000000,pymatching,SurfaceCode,25,1,5,HBD_noise,0.001,500.0,results/brute_force/used_SC5_HBD/results/sweep_69.csv
2081544881,0200200003200032003303232,69892,99930110,28431,118,41342,99930109,100000000,pymatching,SurfaceCode,25,1,5,HBD_noise,0.001,500.0,results/brute_force/used_SC5_HBD/results/sweep_69.csv
1530870983,0200200303200032003303232,65169,99934833,27879,102,37187,99934832,100000000,pymatching,SurfaceCode,25,1,5,HBD_noise,0.001,500.0,results/brute_force/used_SC5_HBD/results/sweep_69.csv
1259572240,0300200303000032003303002,59247,99940755,24150,87,35009,99940754,100000000,pymatching,SurfaceCode,25,1,5,HBD_noise,0.001,500.0,results/brute_force/used_SC5_HBD/results/sweep_69.csv
2083443351,0300220303000033000303002,54638,99945364,21385,73,33179,99945363,100000000,pymatching,SurfaceCode,25,1,5,HBD_noise,0.001,500.0,results/brute_force/used_SC5_HBD/results/sweep_69.csv
1350712026,0300220303030033030303002,46801,99953201,21167,51,25582,99953200,100000000,pymatching,SurfaceCode,25,1,5,HBD_noise,0.001,500.0,results/brute_force/used_SC5_HBD/results/sweep_69.csv
205185035,0303020303030003030303002,42124,99957878,18785,58,23280,99957877,100000000,pymatching,SurfaceCode,25,1,5,HBD_noise,0.001,500.0,results/brute_force/used_SC5_HBD/results/sweep_69.csv
2027087282,0303020303030003030303003,42081,99957921,18833,60,23187,99957920,100000000,pymatching,SurfaceCode,25,1,5,HBD_noise,0.001,500.0,results/brute_force/used_SC5_HBD/results/sweep_69.csv
1125402062,0303020303030003030300033,42029,99957973,18903,57,23068,99957972,100000000,pymatching,SurfaceCode,25,1,5,HBD_noise,0.001,500.0,results/brute_force/used_SC5_HBD/results/sweep_69.csv
1217894145,2202003332232303020000022,68900,99931102,34468,121,34310,99931101,100000000,pymatching,SurfaceCode,25,1,5,HBD_noise,0.001,500.0,results/brute_force/used_SC5_HBD/results/sweep_15.csv
884912310,2203002330232303020000022,65963,99934039,32816,101,33045,99934038,100000000,pymatching,SurfaceCode,25,1,5,HBD_noise,0.001,500.0,results/brute_force/used_SC5_HBD/results/sweep_15.csv
1644235222,2003002330232303020000022,65159,99934843,32121,132,32905,99934842,100000000,pymatching,SurfaceCode,25,1,5,HBD_noise,0.001,500.0,results/brute_force/used_SC5_HBD/results/sweep_15.csv
1362042447,2003002330232303020000000,63415,99936587,30715,100,32599,99936586,100000000,pymatching,SurfaceCode,25,1,5,HBD_noise,0.001,500.0,results/brute_force/used_SC5_HBD/results/sweep_15.csv
1830616489,0003002333232303020002000,59575,99940427,28817,93,30664,99940426,100000000,pymatching,SurfaceCode,25,1,5,HBD_noise,0.001,500.0,results/brute_force/used_SC5_HBD/results/sweep_15.csv
1363667321,0303000333032303030002000,47269,99952733,23258,64,23946,99952732,100000000,pymatching,SurfaceCode,25,1,5,HBD_noise,0.001,500.0,results/brute_force/used_SC5_HBD/results/sweep_15.csv
295392654,0303000333030303030002030,41571,99958431,19949,51,21570,99958430,100000000,pymatching,SurfaceCode,25,1,5,HBD_noise,0.001,500.0,results/brute_force/used_SC5_HBD/results/sweep_15.csv
196654428,0303000323030303030303030,39995,99960007,19513,52,20429,99960006,100000000,pymatching,SurfaceCode,25,1,5,HBD_noise,0.001,500.0,results/brute_force/used_SC5_HBD/results/sweep_15.csv
2110788081,0303020303030303030302030,38359,99961643,18227,45,20086,99961642,100000000,pymatching,SurfaceCode,25,1,5,HBD_noise,0.001,500.0,results/brute_force/used_SC5_HBD/results/sweep_15.csv
1536353975,2320033303230223200320030,59952,99940050,30539,96,29316,99940049,100000000,pymatching,SurfaceCode,25,1,5,HBD_noise,0.001,500.0,results/brute_force/used_SC5_HBD/results/sweep_15.csv
2037098999,2203200030030320033002003,61668,99938334,27822,101,33744,99938333,100000000,pymatching,SurfaceCode,25,1,5,HBD_noise,0.001,500.0,results/brute_force/used_SC5_HBD/results/sweep_108.csv
1466850777,0030030233033332030233320,61051,99938951,32467,112,28471,99938950,100000000,pymatching,SurfaceCode,25,1,5,HBD_noise,0.001,500.0,results/brute_force/used_SC5_HBD/results/sweep_108.csv
2016392874,0032230332320303330303023,58501,99941501,31284,94,27122,99941500,100000000,pymatching,SurfaceCode,25,1,5,HBD_noise,0.001,500.0,results/brute_force/used_SC5_HBD/results/sweep_108.csv
1872530333,0030220300033333330033032,56476,99943526,29773,82,26620,99943525,100000000,pymatching,SurfaceCode,25,1,5,HBD_noise,0.001,500.0,results/brute_force/used_SC5_HBD/results/sweep_108.csv
965867872,3302230333230303233000003,56191,99943811,30774,86,25330,99943810,100000000,pymatching,SurfaceCode,25,1,5,HBD_noise,0.001,500.0,results/brute_force/used_SC5_HBD/results/sweep_108.csv
207271,3322222303330323030000033,54566,99945436,29164,79,25322,99945435,100000000,pymatching,SurfaceCode,25,1,5,HBD_noise,0.001,500.0,results/brute_force/used_SC5_HBD/results/sweep_108.csv
1514995807,3303330333330300023303202,53084,99946918,29002,75,24006,99946917,100000000,pymatching,SurfaceCode,25,1,5,HBD_noise,0.001,500.0,results/brute_force/used_SC5_HBD/results/sweep_108.csv
1414343697,3323030320330303030002023,50387,99949615,25660,72,24654,99949614,100000000,pymatching,SurfaceCode,25,1,5,HBD_noise,0.001,500.0,results/brute_force/used_SC5_HBD/results/sweep_108.csv
920736261,3303000303030033033000230,49463,99950539,23372,72,26018,99950538,100000000,pymatching,SurfaceCode,25,1,5,HBD_noise,0.001,500.0,results/brute_force/used_SC5_HBD/results/sweep_108.csv
418252585,0330220020232020330200020,77053,99922949,34998,146,41908,99922948,100000000,pymatching,SurfaceCode,25,1,5,HBD_noise,0.001,500.0,results/brute_force/used_SC5_HBD/results/sweep_108.csv
