clifford_deformation,exp_ler,uncertainty,method_shots,source_file
033320020,0.0200462759803726,0.0006259636720642,362718,results/ebbi/SC3_HBD_MWPM_2_5x/results/sweep_24_exp_0_checkpoints.csv
320303330,0.0180919518791383,0.0005756134050898,595690,results/ebbi/SC3_HBD_MWPM_2_5x/results/sweep_24_exp_0_checkpoints.csv
033303333,0.0160443894775545,0.000513655191753,941583,results/ebbi/SC3_HBD_MWPM_2_5x/results/sweep_24_exp_0_checkpoints.csv
033303333,0.0160443894775545,0.000513655191753,1215952,results/ebbi/SC3_HBD_MWPM_2_5x/results/sweep_24_exp_0_checkpoints.csv
033303333,0.0160443894775545,0.000513655191753,1501596,results/ebbi/SC3_HBD_MWPM_2_5x/results/sweep_24_exp_0_checkpoints.csv
033303033,0.015959687123947,0.0004860375775024,1901638,results/ebbi/SC3_HBD_MWPM_2_5x/results/sweep_24_exp_0_checkpoints.csv
033303033,0.015959687123947,0.0004860375775024,2315066,results/ebbi/SC3_HBD_MWPM_2_5x/results/sweep_24_exp_0_checkpoints.csv
030303030,0.0155065015388693,0.0004741359152831,2977170,results/ebbi/SC3_HBD_MWPM_2_5x/results/sweep_24_exp_0_checkpoints.csv
030303030,0.0155065015388693,0.0004741359152831,3632570,results/ebbi/SC3_HBD_MWPM_2_5x/results/sweep_24_exp_0_checkpoints.csv
030303030,0.015282613817839,0.0003138401953037,4570710,results/ebbi/SC3_HBD_MWPM_2_5x/results/sweep_24_exp_0_checkpoints.csv
030303000,0.0145678626702068,0.0004514736647251,5774498,results/ebbi/SC3_HBD_MWPM_2_5x/results/sweep_24_exp_0_checkpoints.csv
030303000,0.0145678626702068,0.0004514736647251,7282781,results/ebbi/SC3_HBD_MWPM_2_5x/results/sweep_24_exp_0_checkpoints.csv
030303000,0.0145678626702068,0.0004514736647251,9142541,results/ebbi/SC3_HBD_MWPM_2_5x/results/sweep_24_exp_0_checkpoints.csv
030303000,0.0145678626702068,0.0004514736647251,11522238,results/ebbi/SC3_HBD_MWPM_2_5x/results/sweep_24_exp_0_checkpoints.csv
030303000,0.0152591788567606,0.0003079375310335,14494646,results/ebbi/SC3_HBD_MWPM_2_5x/results/sweep_24_exp_0_checkpoints.csv
030303030,0.0150129447013991,0.0002074023068416,18216083,results/ebbi/SC3_HBD_MWPM_2_5x/results/sweep_24_exp_0_checkpoints.csv
030303030,0.0150129447013991,0.0002074023068416,22913178,results/ebbi/SC3_HBD_MWPM_2_5x/results/sweep_24_exp_0_checkpoints.csv
030303030,0.0150129447013991,0.0002074023068416,28838744,results/ebbi/SC3_HBD_MWPM_2_5x/results/sweep_24_exp_0_checkpoints.csv
030303030,0.0150129447013991,0.0002074023068416,36281833,results/ebbi/SC3_HBD_MWPM_2_5x/results/sweep_24_exp_0_checkpoints.csv
030303030,0.0150129447013991,0.0002074023068416,45676023,results/ebbi/SC3_HBD_MWPM_2_5x/results/sweep_24_exp_0_checkpoints.csv
030303030,0.0150129447013991,0.0002074023068416,57527155,results/ebbi/SC3_HBD_MWPM_2_5x/results/sweep_24_exp_0_checkpoints.csv
030303030,0.0150129447013991,0.0002074023068416,72413333,results/ebbi/SC3_HBD_MWPM_2_5x/results/sweep_24_exp_0_checkpoints.csv
030303030,0.0150129447013991,0.0002074023068416,91129450,results/ebbi/SC3_HBD_MWPM_2_5x/results/sweep_24_exp_0_checkpoints.csv
030303030,0.0150129447013991,0.0002074023068416,114759451,results/ebbi/SC3_HBD_MWPM_2_5x/results/sweep_24_exp_0_checkpoints.csv
030303030,0.0150129447013991,0.0002074023068416,144459544,results/ebbi/SC3_HBD_MWPM_2_5x/results/sweep_24_exp_0_checkpoints.csv
030303030,0.0150129447013991,0.0002074023068416,181819515,results/ebbi/SC3_HBD_MWPM_2_5x/results/sweep_24_exp_0_checkpoints.csv
030303030,0.0150129447013991,0.0002074023068416,228862728,results/ebbi/SC3_HBD_MWPM_2_5x/results/sweep_24_exp_0_checkpoints.csv
030303030,0.0150129447013991,0.0002074023068416,288118388,results/ebbi/SC3_HBD_MWPM_2_5x/results/sweep_24_exp_0_checkpoints.csv
030303030,0.0150129447013991,0.0002074023068416,362766067,results/ebbi/SC3_HBD_MWPM_2_5x/results/sweep_24_exp_0_checkpoints.csv
030303030,0.0150129447013991,0.0002074023068416,456635704,results/ebbi/SC3_HBD_MWPM_2_5x/results/sweep_24_exp_0_checkpoints.csv
030303030,0.0150129447013991,0.0002074023068416,574930235,results/ebbi/SC3_HBD_MWPM_2_5x/results/sweep_24_exp_0_checkpoints.csv
030303030,0.0150129447013991,0.0002074023068416,723719752,results/ebbi/SC3_HBD_MWPM_2_5x/results/sweep_24_exp_0_checkpoints.csv
030303030,0.0150129447013991,0.0002074023068416,911169974,results/ebbi/SC3_HBD_MWPM_2_5x/results/sweep_24_exp_0_checkpoints.csv
030303030,0.0150129447013991,0.0002074023068416,1147036406,results/ebbi/SC3_HBD_MWPM_2_5x/results/sweep_24_exp_0_checkpoints.csv
030303030,0.0148445984382272,0.0001375028659822,1416274196,results/ebbi/SC3_HBD_MWPM_2_5x/results/sweep_24_exp_0_checkpoints.csv
320333030,0.0193131618087775,0.0006484165787696,393097,results/ebbi/SC3_HBD_MWPM_2_5x/results/sweep_13_exp_0_checkpoints.csv
220303030,0.017783908045977,0.0005667786463163,683045,results/ebbi/SC3_HBD_MWPM_2_5x/results/sweep_13_exp_0_checkpoints.csv
200303030,0.0160792011607066,0.0005196552956476,945656,results/ebbi/SC3_HBD_MWPM_2_5x/results/sweep_13_exp_0_checkpoints.csv
200303030,0.0160792011607066,0.0005196552956476,1405263,results/ebbi/SC3_HBD_MWPM_2_5x/results/sweep_13_exp_0_checkpoints.csv
200303030,0.0160792011607066,0.0005196552956476,1568491,results/ebbi/SC3_HBD_MWPM_2_5x/results/sweep_13_exp_0_checkpoints.csv
200303030,0.0160792011607066,0.0005196552956476,2038673,results/ebbi/SC3_HBD_MWPM_2_5x/results/sweep_13_exp_0_checkpoints.csv
300303030,0.0162521697721931,0.000495572341606,2506447,results/ebbi/SC3_HBD_MWPM_2_5x/results/sweep_13_exp_0_checkpoints.csv
020303030,0.0155523144238888,0.0004848230746574,3315658,results/ebbi/SC3_HBD_MWPM_2_5x/results/sweep_13_exp_0_checkpoints.csv
020303030,0.0155523144238888,0.0004848230746574,3968690,results/ebbi/SC3_HBD_MWPM_2_5x/results/sweep_13_exp_0_checkpoints.csv
330303030,0.0151606167224462,0.0004621080588549,4993848,results/ebbi/SC3_HBD_MWPM_2_5x/results/sweep_13_exp_0_checkpoints.csv
330303030,0.0154087710488007,0.0003105476789642,6236088,results/ebbi/SC3_HBD_MWPM_2_5x/results/sweep_13_exp_0_checkpoints.csv
330303030,0.0154087710488007,0.0003105476789642,7877965,results/ebbi/SC3_HBD_MWPM_2_5x/results/sweep_13_exp_0_checkpoints.csv
030303030,0.0151419245499864,0.0002085651503875,9922310,results/ebbi/SC3_HBD_MWPM_2_5x/results/sweep_13_exp_0_checkpoints.csv
030303030,0.0151419245499864,0.0002085651503875,12481044,results/ebbi/SC3_HBD_MWPM_2_5x/results/sweep_13_exp_0_checkpoints.csv
030303030,0.0151419245499864,0.0002085651503875,15660463,results/ebbi/SC3_HBD_MWPM_2_5x/results/sweep_13_exp_0_checkpoints.csv
030303030,0.0151419245499864,0.0002085651503875,19702868,results/ebbi/SC3_HBD_MWPM_2_5x/results/sweep_13_exp_0_checkpoints.csv
030303030,0.0151419245499864,0.0002085651503875,24823249,results/ebbi/SC3_HBD_MWPM_2_5x/results/sweep_13_exp_0_checkpoints.csv
030303030,0.0151419245499864,0.0002085651503875,31291099,results/ebbi/SC3_HBD_MWPM_2_5x/results/sweep_13_exp_0_checkpoints.csv
030303030,0.0151419245499864,0.0002085651503875,39339979,results/ebbi/SC3_HBD_MWPM_2_5x/results/sweep_13_exp_0_checkpoints.csv
030303030,0.0151419245499864,0.0002085651503875,49544809,results/ebbi/SC3_HBD_MWPM_2_5x/results/sweep_13_exp_0_checkpoints.csv
030303030,0.0151419245499864,0.0002085651503875,62336779,results/ebbi/SC3_HBD_MWPM_2_5x/results/sweep_13_exp_0_checkpoints.csv
030303030,0.0151419245499864,0.0002085651503875,78434539,results/ebbi/SC3_HBD_MWPM_2_5x/results/sweep_13_exp_0_checkpoints.csv
030303030,0.0151419245499864,0.0002085651503875,98772334,results/ebbi/SC3_HBD_MWPM_2_5x/results/sweep_13_exp_0_checkpoints.csv
030303030,0.0151419245499864,0.0002085651503875,124356274,results/ebbi/SC3_HBD_MWPM_2_5x/results/sweep_13_exp_0_checkpoints.csv
030303030,0.0151419245499864,0.0002085651503875,156551794,results/ebbi/SC3_HBD_MWPM_2_5x/results/sweep_13_exp_0_checkpoints.csv
030303030,0.0151419245499864,0.0002085651503875,197083654,results/ebbi/SC3_HBD_MWPM_2_5x/results/sweep_13_exp_0_checkpoints.csv
030303030,0.0151419245499864,0.0002085651503875,248035939,results/ebbi/SC3_HBD_MWPM_2_5x/results/sweep_13_exp_0_checkpoints.csv
030303030,0.0151419245499864,0.0002085651503875,312283249,results/ebbi/SC3_HBD_MWPM_2_5x/results/sweep_13_exp_0_checkpoints.csv
030303030,0.0151419245499864,0.0002085651503875,393131374,results/ebbi/SC3_HBD_MWPM_2_5x/results/sweep_13_exp_0_checkpoints.csv
030303030,0.0151419245499864,0.0002085651503875,494892214,results/ebbi/SC3_HBD_MWPM_2_5x/results/sweep_13_exp_0_checkpoints.csv
030303030,0.0151419245499864,0.0002085651503875,623027509,results/ebbi/SC3_HBD_MWPM_2_5x/results/sweep_13_exp_0_checkpoints.csv
030303030,0.0151419245499864,0.0002085651503875,784364434,results/ebbi/SC3_HBD_MWPM_2_5x/results/sweep_13_exp_0_checkpoints.csv
030303030,0.0151419245499864,0.0002085651503875,987454924,results/ebbi/SC3_HBD_MWPM_2_5x/results/sweep_13_exp_0_checkpoints.csv
030303030,0.0151419245499864,0.0002085651503875,1243150594,results/ebbi/SC3_HBD_MWPM_2_5x/results/sweep_13_exp_0_checkpoints.csv
030303030,0.0149504309981603,0.0001381752081215,1408164987,results/ebbi/SC3_HBD_MWPM_2_5x/results/sweep_13_exp_0_checkpoints.csv
033203302,0.0196691612569284,0.0006448669009841,399078,results/ebbi/SC3_HBD_MWPM_2_5x/results/sweep_15_exp_0_checkpoints.csv
033203303,0.0193322279167922,0.0005976749816909,652281,results/ebbi/SC3_HBD_MWPM_2_5x/results/sweep_15_exp_0_checkpoints.csv
033203303,0.0193322279167922,0.0005976749816909,821104,results/ebbi/SC3_HBD_MWPM_2_5x/results/sweep_15_exp_0_checkpoints.csv
033203303,0.0193322279167922,0.0005976749816909,1027866,results/ebbi/SC3_HBD_MWPM_2_5x/results/sweep_15_exp_0_checkpoints.csv
220300030,0.0180435484449546,0.0005637222784571,1431562,results/ebbi/SC3_HBD_MWPM_2_5x/results/sweep_15_exp_0_checkpoints.csv
220300030,0.0180435484449546,0.0005637222784571,1670927,results/ebbi/SC3_HBD_MWPM_2_5x/results/sweep_15_exp_0_checkpoints.csv
220300030,0.0180435484449546,0.0005637222784571,2056184,results/ebbi/SC3_HBD_MWPM_2_5x/results/sweep_15_exp_0_checkpoints.csv
020302030,0.0171859995364084,0.0005288203828968,2632115,results/ebbi/SC3_HBD_MWPM_2_5x/results/sweep_15_exp_0_checkpoints.csv
230303030,0.0165853658536585,0.0005107407923787,3224584,results/ebbi/SC3_HBD_MWPM_2_5x/results/sweep_15_exp_0_checkpoints.csv
030303033,0.0147865876086924,0.0004629636532627,4153798,results/ebbi/SC3_HBD_MWPM_2_5x/results/sweep_15_exp_0_checkpoints.csv
030303033,0.0147865876086924,0.0004629636532627,5087607,results/ebbi/SC3_HBD_MWPM_2_5x/results/sweep_15_exp_0_checkpoints.csv
030303030,0.0148288319284362,0.0003170572163071,6398510,results/ebbi/SC3_HBD_MWPM_2_5x/results/sweep_15_exp_0_checkpoints.csv
030303030,0.0148288319284362,0.0003170572163071,8030944,results/ebbi/SC3_HBD_MWPM_2_5x/results/sweep_15_exp_0_checkpoints.csv
030303030,0.0148288319284362,0.0003170572163071,10076253,results/ebbi/SC3_HBD_MWPM_2_5x/results/sweep_15_exp_0_checkpoints.csv
030303030,0.0148288319284362,0.0003170572163071,12630052,results/ebbi/SC3_HBD_MWPM_2_5x/results/sweep_15_exp_0_checkpoints.csv
030303030,0.0148288319284362,0.0003170572163071,15991464,results/ebbi/SC3_HBD_MWPM_2_5x/results/sweep_15_exp_0_checkpoints.csv
030303030,0.0148288319284362,0.0003170572163071,20005712,results/ebbi/SC3_HBD_MWPM_2_5x/results/sweep_15_exp_0_checkpoints.csv
030303030,0.0148288319284362,0.0003170572163071,25206506,results/ebbi/SC3_HBD_MWPM_2_5x/results/sweep_15_exp_0_checkpoints.csv
030303030,0.0148288319284362,0.0003170572163071,31732743,results/ebbi/SC3_HBD_MWPM_2_5x/results/sweep_15_exp_0_checkpoints.csv
030303030,0.0148288319284362,0.0003170572163071,39935118,results/ebbi/SC3_HBD_MWPM_2_5x/results/sweep_15_exp_0_checkpoints.csv
030303030,0.0148288319284362,0.0003170572163071,50277243,results/ebbi/SC3_HBD_MWPM_2_5x/results/sweep_15_exp_0_checkpoints.csv
030303030,0.0148288319284362,0.0003170572163071,63276224,results/ebbi/SC3_HBD_MWPM_2_5x/results/sweep_15_exp_0_checkpoints.csv
030303030,0.0148288319284362,0.0003170572163071,79680974,results/ebbi/SC3_HBD_MWPM_2_5x/results/sweep_15_exp_0_checkpoints.csv
030303030,0.0148288319284362,0.0003170572163071,100311730,results/ebbi/SC3_HBD_MWPM_2_5x/results/sweep_15_exp_0_checkpoints.csv
030303030,0.0148288319284362,0.0003170572163071,126202705,results/ebbi/SC3_HBD_MWPM_2_5x/results/sweep_15_exp_0_checkpoints.csv
030303030,0.0148288319284362,0.0003170572163071,158940880,results/ebbi/SC3_HBD_MWPM_2_5x/results/sweep_15_exp_0_checkpoints.csv
030303030,0.0148288319284362,0.0003170572163071,200024080,results/ebbi/SC3_HBD_MWPM_2_5x/results/sweep_15_exp_0_checkpoints.csv
030303030,0.0148288319284362,0.0003170572163071,251806030,results/ebbi/SC3_HBD_MWPM_2_5x/results/sweep_15_exp_0_checkpoints.csv
030303030,0.0148288319284362,0.0003170572163071,317068405,results/ebbi/SC3_HBD_MWPM_2_5x/results/sweep_15_exp_0_checkpoints.csv
030303030,0.0148288319284362,0.0003170572163071,399092155,results/ebbi/SC3_HBD_MWPM_2_5x/results/sweep_15_exp_0_checkpoints.csv
030303030,0.0148288319284362,0.0003170572163071,502442080,results/ebbi/SC3_HBD_MWPM_2_5x/results/sweep_15_exp_0_checkpoints.csv
030303030,0.0148288319284362,0.0003170572163071,632538880,results/ebbi/SC3_HBD_MWPM_2_5x/results/sweep_15_exp_0_checkpoints.csv
030303030,0.0148288319284362,0.0003170572163071,796301080,results/ebbi/SC3_HBD_MWPM_2_5x/results/sweep_15_exp_0_checkpoints.csv
030303030,0.0148288319284362,0.0003170572163071,1002501655,results/ebbi/SC3_HBD_MWPM_2_5x/results/sweep_15_exp_0_checkpoints.csv
030303030,0.0148288319284362,0.0003170572163071,1262053330,results/ebbi/SC3_HBD_MWPM_2_5x/results/sweep_15_exp_0_checkpoints.csv
030303030,0.014881106106038,0.0001411600678693,1379462249,results/ebbi/SC3_HBD_MWPM_2_5x/results/sweep_15_exp_0_checkpoints.csv
332302300,0.0196736537690245,0.0006380545673891,391122,results/ebbi/SC3_HBD_MWPM_2_5x/results/sweep_22_exp_0_checkpoints.csv
020303300,0.01737568575389,0.0005773464217782,703164,results/ebbi/SC3_HBD_MWPM_2_5x/results/sweep_22_exp_0_checkpoints.csv
020303300,0.01737568575389,0.0005773464217782,900253,results/ebbi/SC3_HBD_MWPM_2_5x/results/sweep_22_exp_0_checkpoints.csv
020303330,0.0170070876828471,0.00052925926866,992680,results/ebbi/SC3_HBD_MWPM_2_5x/results/sweep_22_exp_0_checkpoints.csv
020303330,0.0170070876828471,0.00052925926866,1321964,results/ebbi/SC3_HBD_MWPM_2_5x/results/sweep_22_exp_0_checkpoints.csv
030303030,0.015243030168166,0.0004884533118456,2065940,results/ebbi/SC3_HBD_MWPM_2_5x/results/sweep_22_exp_0_checkpoints.csv
330303030,0.0152532984902927,0.0004618711245711,2499749,results/ebbi/SC3_HBD_MWPM_2_5x/results/sweep_22_exp_0_checkpoints.csv
030303030,0.0150825833250914,0.0003239478974137,3166250,results/ebbi/SC3_HBD_MWPM_2_5x/results/sweep_22_exp_0_checkpoints.csv
030303030,0.0150825833250914,0.0003239478974137,3953278,results/ebbi/SC3_HBD_MWPM_2_5x/results/sweep_22_exp_0_checkpoints.csv
330303030,0.0150926007751448,0.0003063166514039,5061009,results/ebbi/SC3_HBD_MWPM_2_5x/results/sweep_22_exp_0_checkpoints.csv
030303030,0.0149641751492963,0.0002151300577679,6229313,results/ebbi/SC3_HBD_MWPM_2_5x/results/sweep_22_exp_0_checkpoints.csv
030303030,0.0149641751492963,0.0002151300577679,7843156,results/ebbi/SC3_HBD_MWPM_2_5x/results/sweep_22_exp_0_checkpoints.csv
030303030,0.0149641751492963,0.0002151300577679,9882297,results/ebbi/SC3_HBD_MWPM_2_5x/results/sweep_22_exp_0_checkpoints.csv
030303030,0.0149641751492963,0.0002151300577679,12426712,results/ebbi/SC3_HBD_MWPM_2_5x/results/sweep_22_exp_0_checkpoints.csv
030303030,0.0149641751492963,0.0002151300577679,15602720,results/ebbi/SC3_HBD_MWPM_2_5x/results/sweep_22_exp_0_checkpoints.csv
030303030,0.0149641751492963,0.0002151300577679,19644912,results/ebbi/SC3_HBD_MWPM_2_5x/results/sweep_22_exp_0_checkpoints.csv
030303030,0.0149641751492963,0.0002151300577679,24697652,results/ebbi/SC3_HBD_MWPM_2_5x/results/sweep_22_exp_0_checkpoints.csv
030303030,0.0149641751492963,0.0002151300577679,31121850,results/ebbi/SC3_HBD_MWPM_2_5x/results/sweep_22_exp_0_checkpoints.csv
030303030,0.0149641751492963,0.0002151300577679,39134052,results/ebbi/SC3_HBD_MWPM_2_5x/results/sweep_22_exp_0_checkpoints.csv
030303030,0.0149641751492963,0.0002151300577679,49239532,results/ebbi/SC3_HBD_MWPM_2_5x/results/sweep_22_exp_0_checkpoints.csv
030303030,0.0149641751492963,0.0002151300577679,62015746,results/ebbi/SC3_HBD_MWPM_2_5x/results/sweep_22_exp_0_checkpoints.csv
030303030,0.0149641751492963,0.0002151300577679,78040150,results/ebbi/SC3_HBD_MWPM_2_5x/results/sweep_22_exp_0_checkpoints.csv
030303030,0.0149641751492963,0.0002151300577679,98251110,results/ebbi/SC3_HBD_MWPM_2_5x/results/sweep_22_exp_0_checkpoints.csv
030303030,0.0149641751492963,0.0002151300577679,123731356,results/ebbi/SC3_HBD_MWPM_2_5x/results/sweep_22_exp_0_checkpoints.csv
030303030,0.0149641751492963,0.0002151300577679,155780164,results/ebbi/SC3_HBD_MWPM_2_5x/results/sweep_22_exp_0_checkpoints.csv
030303030,0.0149641751492963,0.0002151300577679,196057720,results/ebbi/SC3_HBD_MWPM_2_5x/results/sweep_22_exp_0_checkpoints.csv
030303030,0.0149641751492963,0.0002151300577679,246801666,results/ebbi/SC3_HBD_MWPM_2_5x/results/sweep_22_exp_0_checkpoints.csv
030303030,0.0149641751492963,0.0002151300577679,310682736,results/ebbi/SC3_HBD_MWPM_2_5x/results/sweep_22_exp_0_checkpoints.csv
030303030,0.0149641751492963,0.0002151300577679,391165666,results/ebbi/SC3_HBD_MWPM_2_5x/results/sweep_22_exp_0_checkpoints.csv
030303030,0.0149641751492963,0.0002151300577679,492437012,results/ebbi/SC3_HBD_MWPM_2_5x/results/sweep_22_exp_0_checkpoints.csv
030303030,0.0149641751492963,0.0002151300577679,619910424,results/ebbi/SC3_HBD_MWPM_2_5x/results/sweep_22_exp_0_checkpoints.csv
030303030,0.0149641751492963,0.0002151300577679,780443192,results/ebbi/SC3_HBD_MWPM_2_5x/results/sweep_22_exp_0_checkpoints.csv
030303030,0.0149641751492963,0.0002151300577679,982480610,results/ebbi/SC3_HBD_MWPM_2_5x/results/sweep_22_exp_0_checkpoints.csv
030303030,0.0149641751492963,0.0002151300577679,1236849978,results/ebbi/SC3_HBD_MWPM_2_5x/results/sweep_22_exp_0_checkpoints.csv
030303030,0.0150165571462261,0.000143667391967,1409543986,results/ebbi/SC3_HBD_MWPM_2_5x/results/sweep_22_exp_0_checkpoints.csv
032203303,0.0199836682847162,0.0006664982065558,344417,results/ebbi/SC3_HBD_MWPM_2_5x/results/sweep_19_exp_0_checkpoints.csv
032003000,0.018396744894614,0.0005901067634113,724384,results/ebbi/SC3_HBD_MWPM_2_5x/results/sweep_19_exp_0_checkpoints.csv
032303000,0.0169620804881592,0.0005502839921973,1011490,results/ebbi/SC3_HBD_MWPM_2_5x/results/sweep_19_exp_0_checkpoints.csv
032303030,0.0160865895437167,0.0005118063418194,1311526,results/ebbi/SC3_HBD_MWPM_2_5x/results/sweep_19_exp_0_checkpoints.csv
033303030,0.0150798206556308,0.0004800209426321,1595689,results/ebbi/SC3_HBD_MWPM_2_5x/results/sweep_19_exp_0_checkpoints.csv
033303030,0.0150798206556308,0.0004800209426321,1815267,results/ebbi/SC3_HBD_MWPM_2_5x/results/sweep_19_exp_0_checkpoints.csv
033303030,0.0150798206556308,0.0004800209426321,2189292,results/ebbi/SC3_HBD_MWPM_2_5x/results/sweep_19_exp_0_checkpoints.csv
033303030,0.0150798206556308,0.0004800209426321,2771780,results/ebbi/SC3_HBD_MWPM_2_5x/results/sweep_19_exp_0_checkpoints.csv
033303030,0.0150798206556308,0.0004800209426321,3474677,results/ebbi/SC3_HBD_MWPM_2_5x/results/sweep_19_exp_0_checkpoints.csv
030303030,0.0147677799152407,0.0004587419971358,4422502,results/ebbi/SC3_HBD_MWPM_2_5x/results/sweep_19_exp_0_checkpoints.csv
030303030,0.0147677799152407,0.0004587419971358,5469720,results/ebbi/SC3_HBD_MWPM_2_5x/results/sweep_19_exp_0_checkpoints.csv
030303030,0.0149850535180482,0.0003080400347243,6943324,results/ebbi/SC3_HBD_MWPM_2_5x/results/sweep_19_exp_0_checkpoints.csv
030303030,0.0149850535180482,0.0003080400347243,8654682,results/ebbi/SC3_HBD_MWPM_2_5x/results/sweep_19_exp_0_checkpoints.csv
030303030,0.0149850535180482,0.0003080400347243,10908563,results/ebbi/SC3_HBD_MWPM_2_5x/results/sweep_19_exp_0_checkpoints.csv
030303030,0.0149850535180482,0.0003080400347243,13770003,results/ebbi/SC3_HBD_MWPM_2_5x/results/sweep_19_exp_0_checkpoints.csv
030303030,0.0149850535180482,0.0003080400347243,17328919,results/ebbi/SC3_HBD_MWPM_2_5x/results/sweep_19_exp_0_checkpoints.csv
030303030,0.0149850535180482,0.0003080400347243,21746267,results/ebbi/SC3_HBD_MWPM_2_5x/results/sweep_19_exp_0_checkpoints.csv
030303030,0.0149850535180482,0.0003080400347243,27415495,results/ebbi/SC3_HBD_MWPM_2_5x/results/sweep_19_exp_0_checkpoints.csv
030303030,0.0149850535180482,0.0003080400347243,34448378,results/ebbi/SC3_HBD_MWPM_2_5x/results/sweep_19_exp_0_checkpoints.csv
030303030,0.0149850535180482,0.0003080400347243,43390378,results/ebbi/SC3_HBD_MWPM_2_5x/results/sweep_19_exp_0_checkpoints.csv
030303030,0.0149850535180482,0.0003080400347243,54621530,results/ebbi/SC3_HBD_MWPM_2_5x/results/sweep_19_exp_0_checkpoints.csv
030303030,0.0149850535180482,0.0003080400347243,68785658,results/ebbi/SC3_HBD_MWPM_2_5x/results/sweep_19_exp_0_checkpoints.csv
030303030,0.0149850535180482,0.0003080400347243,86526586,results/ebbi/SC3_HBD_MWPM_2_5x/results/sweep_19_exp_0_checkpoints.csv
030303030,0.0149850535180482,0.0003080400347243,108917354,results/ebbi/SC3_HBD_MWPM_2_5x/results/sweep_19_exp_0_checkpoints.csv
030303030,0.0149850535180482,0.0003080400347243,137174074,results/ebbi/SC3_HBD_MWPM_2_5x/results/sweep_19_exp_0_checkpoints.csv
030303030,0.0149850535180482,0.0003080400347243,172655930,results/ebbi/SC3_HBD_MWPM_2_5x/results/sweep_19_exp_0_checkpoints.csv
030303030,0.0149850535180482,0.0003080400347243,217365930,results/ebbi/SC3_HBD_MWPM_2_5x/results/sweep_19_exp_0_checkpoints.csv
030303030,0.0149850535180482,0.0003080400347243,273593226,results/ebbi/SC3_HBD_MWPM_2_5x/results/sweep_19_exp_0_checkpoints.csv
030303030,0.0149850535180482,0.0003080400347243,344485402,results/ebbi/SC3_HBD_MWPM_2_5x/results/sweep_19_exp_0_checkpoints.csv
030303030,0.0149850535180482,0.0003080400347243,433619258,results/ebbi/SC3_HBD_MWPM_2_5x/results/sweep_19_exp_0_checkpoints.csv
030303030,0.0149850535180482,0.0003080400347243,545930778,results/ebbi/SC3_HBD_MWPM_2_5x/results/sweep_19_exp_0_checkpoints.csv
030303030,0.0149850535180482,0.0003080400347243,687214378,results/ebbi/SC3_HBD_MWPM_2_5x/results/sweep_19_exp_0_checkpoints.csv
030303030,0.0149850535180482,0.0003080400347243,865195946,results/ebbi/SC3_HBD_MWPM_2_5x/results/sweep_19_exp_0_checkpoints.csv
030303030,0.0149850535180482,0.0003080400347243,1089175162,results/ebbi/SC3_HBD_MWPM_2_5x/results/sweep_19_exp_0_checkpoints.csv
030303030,0.0149850535180482,0.0003080400347243,1371170074,results/ebbi/SC3_HBD_MWPM_2_5x/results/sweep_19_exp_0_checkpoints.csv
030303030,0.0148287408998959,0.0002043035201495,1401699199,results/ebbi/SC3_HBD_MWPM_2_5x/results/sweep_19_exp_0_checkpoints.csv
302302000,0.0219337413691707,0.000683561200276,407164,results/ebbi/SC3_HBD_MWPM_2_5x/results/sweep_7_exp_0_checkpoints.csv
302300000,0.0187305108511395,0.0006201941869221,531978,results/ebbi/SC3_HBD_MWPM_2_5x/results/sweep_7_exp_0_checkpoints.csv
302303000,0.0182846232927008,0.0005740439519286,954770,results/ebbi/SC3_HBD_MWPM_2_5x/results/sweep_7_exp_0_checkpoints.csv
230300000,0.0169912314681128,0.0005422955728136,1185538,results/ebbi/SC3_HBD_MWPM_2_5x/results/sweep_7_exp_0_checkpoints.csv
230300000,0.0169912314681128,0.0005422955728136,1331071,results/ebbi/SC3_HBD_MWPM_2_5x/results/sweep_7_exp_0_checkpoints.csv
230300000,0.0169912314681128,0.0005422955728136,1701681,results/ebbi/SC3_HBD_MWPM_2_5x/results/sweep_7_exp_0_checkpoints.csv
230300000,0.0169912314681128,0.0005422955728136,2095399,results/ebbi/SC3_HBD_MWPM_2_5x/results/sweep_7_exp_0_checkpoints.csv
030303000,0.0161047609899785,0.0005036469665355,2785193,results/ebbi/SC3_HBD_MWPM_2_5x/results/sweep_7_exp_0_checkpoints.csv
030303000,0.0161047609899785,0.0005036469665355,3283344,results/ebbi/SC3_HBD_MWPM_2_5x/results/sweep_7_exp_0_checkpoints.csv
030303030,0.015134680640221,0.0004730729851871,4155431,results/ebbi/SC3_HBD_MWPM_2_5x/results/sweep_7_exp_0_checkpoints.csv
030303030,0.015134680640221,0.0004730729851871,5159738,results/ebbi/SC3_HBD_MWPM_2_5x/results/sweep_7_exp_0_checkpoints.csv
030303030,0.015001468115207,0.0003140161279588,6515317,results/ebbi/SC3_HBD_MWPM_2_5x/results/sweep_7_exp_0_checkpoints.csv
030303030,0.015001468115207,0.0003140161279588,8219858,results/ebbi/SC3_HBD_MWPM_2_5x/results/sweep_7_exp_0_checkpoints.csv
030303030,0.015001468115207,0.0003140161279588,10260946,results/ebbi/SC3_HBD_MWPM_2_5x/results/sweep_7_exp_0_checkpoints.csv
030303030,0.015001468115207,0.0003140161279588,12896692,results/ebbi/SC3_HBD_MWPM_2_5x/results/sweep_7_exp_0_checkpoints.csv
030303030,0.015001468115207,0.0003140161279588,16267579,results/ebbi/SC3_HBD_MWPM_2_5x/results/sweep_7_exp_0_checkpoints.csv
030303030,0.015001468115207,0.0003140161279588,20417761,results/ebbi/SC3_HBD_MWPM_2_5x/results/sweep_7_exp_0_checkpoints.csv
030303030,0.015001468115207,0.0003140161279588,25757227,results/ebbi/SC3_HBD_MWPM_2_5x/results/sweep_7_exp_0_checkpoints.csv
030303030,0.015001468115207,0.0003140161279588,32373131,results/ebbi/SC3_HBD_MWPM_2_5x/results/sweep_7_exp_0_checkpoints.csv
030303030,0.015001468115207,0.0003140161279588,40786835,results/ebbi/SC3_HBD_MWPM_2_5x/results/sweep_7_exp_0_checkpoints.csv
030303030,0.015001468115207,0.0003140161279588,51285987,results/ebbi/SC3_HBD_MWPM_2_5x/results/sweep_7_exp_0_checkpoints.csv
030303030,0.015001468115207,0.0003140161279588,64589707,results/ebbi/SC3_HBD_MWPM_2_5x/results/sweep_7_exp_0_checkpoints.csv
030303030,0.015001468115207,0.0003140161279588,81273291,results/ebbi/SC3_HBD_MWPM_2_5x/results/sweep_7_exp_0_checkpoints.csv
030303030,0.015001468115207,0.0003140161279588,102343507,results/ebbi/SC3_HBD_MWPM_2_5x/results/sweep_7_exp_0_checkpoints.csv
030303030,0.015001468115207,0.0003140161279588,128807123,results/ebbi/SC3_HBD_MWPM_2_5x/results/sweep_7_exp_0_checkpoints.csv
030303030,0.015001468115207,0.0003140161279588,162102379,results/ebbi/SC3_HBD_MWPM_2_5x/results/sweep_7_exp_0_checkpoints.csv
030303030,0.015001468115207,0.0003140161279588,204098987,results/ebbi/SC3_HBD_MWPM_2_5x/results/sweep_7_exp_0_checkpoints.csv
030303030,0.015001468115207,0.0003140161279588,256954307,results/ebbi/SC3_HBD_MWPM_2_5x/results/sweep_7_exp_0_checkpoints.csv
030303030,0.015001468115207,0.0003140161279588,323472907,results/ebbi/SC3_HBD_MWPM_2_5x/results/sweep_7_exp_0_checkpoints.csv
030303030,0.015001468115207,0.0003140161279588,407178475,results/ebbi/SC3_HBD_MWPM_2_5x/results/sweep_7_exp_0_checkpoints.csv
030303030,0.015001468115207,0.0003140161279588,512601467,results/ebbi/SC3_HBD_MWPM_2_5x/results/sweep_7_exp_0_checkpoints.csv
030303030,0.015001468115207,0.0003140161279588,645351019,results/ebbi/SC3_HBD_MWPM_2_5x/results/sweep_7_exp_0_checkpoints.csv
030303030,0.015001468115207,0.0003140161279588,812402595,results/ebbi/SC3_HBD_MWPM_2_5x/results/sweep_7_exp_0_checkpoints.csv
030303030,0.015001468115207,0.0003140161279588,1022817107,results/ebbi/SC3_HBD_MWPM_2_5x/results/sweep_7_exp_0_checkpoints.csv
030303030,0.015001468115207,0.0003140161279588,1287597091,results/ebbi/SC3_HBD_MWPM_2_5x/results/sweep_7_exp_0_checkpoints.csv
030303030,0.0149852098825754,9.29931120481342e-05,1404338852,results/ebbi/SC3_HBD_MWPM_2_5x/results/sweep_7_exp_0_checkpoints.csv
032303020,0.0177054528816121,0.0005882048280909,393182,results/ebbi/SC3_HBD_MWPM_2_5x/results/sweep_1_exp_0_checkpoints.csv
030303030,0.0144727994620729,0.0004778583243023,901119,results/ebbi/SC3_HBD_MWPM_2_5x/results/sweep_1_exp_0_checkpoints.csv
030303030,0.0144727994620729,0.0004778583243023,1406823,results/ebbi/SC3_HBD_MWPM_2_5x/results/sweep_1_exp_0_checkpoints.csv
030303030,0.0144727994620729,0.0004778583243023,1611432,results/ebbi/SC3_HBD_MWPM_2_5x/results/sweep_1_exp_0_checkpoints.csv
030303030,0.0144727994620729,0.0004778583243023,1979716,results/ebbi/SC3_HBD_MWPM_2_5x/results/sweep_1_exp_0_checkpoints.csv
030303030,0.0144727994620729,0.0004778583243023,2497771,results/ebbi/SC3_HBD_MWPM_2_5x/results/sweep_1_exp_0_checkpoints.csv
030303030,0.0144588257896497,0.0003184248926118,3167434,results/ebbi/SC3_HBD_MWPM_2_5x/results/sweep_1_exp_0_checkpoints.csv
030303030,0.0144588257896497,0.0003184248926118,3945285,results/ebbi/SC3_HBD_MWPM_2_5x/results/sweep_1_exp_0_checkpoints.csv
030303030,0.0144588257896497,0.0003184248926118,4978430,results/ebbi/SC3_HBD_MWPM_2_5x/results/sweep_1_exp_0_checkpoints.csv
030303030,0.0144588257896497,0.0003184248926118,6232656,results/ebbi/SC3_HBD_MWPM_2_5x/results/sweep_1_exp_0_checkpoints.csv
030303030,0.0144588257896497,0.0003184248926118,7867084,results/ebbi/SC3_HBD_MWPM_2_5x/results/sweep_1_exp_0_checkpoints.csv
030303030,0.0144588257896497,0.0003184248926118,9908648,results/ebbi/SC3_HBD_MWPM_2_5x/results/sweep_1_exp_0_checkpoints.csv
030303030,0.0144588257896497,0.0003184248926118,12478831,results/ebbi/SC3_HBD_MWPM_2_5x/results/sweep_1_exp_0_checkpoints.csv
030303030,0.0144588257896497,0.0003184248926118,15706950,results/ebbi/SC3_HBD_MWPM_2_5x/results/sweep_1_exp_0_checkpoints.csv
030303030,0.0144588257896497,0.0003184248926118,19722115,results/ebbi/SC3_HBD_MWPM_2_5x/results/sweep_1_exp_0_checkpoints.csv
030303030,0.0144588257896497,0.0003184248926118,24832325,results/ebbi/SC3_HBD_MWPM_2_5x/results/sweep_1_exp_0_checkpoints.csv
030303030,0.0144588257896497,0.0003184248926118,31256589,results/ebbi/SC3_HBD_MWPM_2_5x/results/sweep_1_exp_0_checkpoints.csv
030303030,0.0144588257896497,0.0003184248926118,39359922,results/ebbi/SC3_HBD_MWPM_2_5x/results/sweep_1_exp_0_checkpoints.csv
030303030,0.0144588257896497,0.0003184248926118,49507339,results/ebbi/SC3_HBD_MWPM_2_5x/results/sweep_1_exp_0_checkpoints.csv
030303030,0.0144588257896497,0.0003184248926118,62355867,results/ebbi/SC3_HBD_MWPM_2_5x/results/sweep_1_exp_0_checkpoints.csv
030303030,0.0144588257896497,0.0003184248926118,78489530,results/ebbi/SC3_HBD_MWPM_2_5x/results/sweep_1_exp_0_checkpoints.csv
030303030,0.0144588257896497,0.0003184248926118,98784364,results/ebbi/SC3_HBD_MWPM_2_5x/results/sweep_1_exp_0_checkpoints.csv
030303030,0.0144588257896497,0.0003184248926118,124335414,results/ebbi/SC3_HBD_MWPM_2_5x/results/sweep_1_exp_0_checkpoints.csv
030303030,0.0144588257896497,0.0003184248926118,156529737,results/ebbi/SC3_HBD_MWPM_2_5x/results/sweep_1_exp_0_checkpoints.csv
030303030,0.0144588257896497,0.0003184248926118,197119405,results/ebbi/SC3_HBD_MWPM_2_5x/results/sweep_1_exp_0_checkpoints.csv
030303030,0.0144588257896497,0.0003184248926118,248148502,results/ebbi/SC3_HBD_MWPM_2_5x/results/sweep_1_exp_0_checkpoints.csv
030303030,0.0144588257896497,0.0003184248926118,312318139,results/ebbi/SC3_HBD_MWPM_2_5x/results/sweep_1_exp_0_checkpoints.csv
030303030,0.0144588257896497,0.0003184248926118,393205463,results/ebbi/SC3_HBD_MWPM_2_5x/results/sweep_1_exp_0_checkpoints.csv
030303030,0.0144588257896497,0.0003184248926118,495044648,results/ebbi/SC3_HBD_MWPM_2_5x/results/sweep_1_exp_0_checkpoints.csv
030303030,0.0144588257896497,0.0003184248926118,623164913,results/ebbi/SC3_HBD_MWPM_2_5x/results/sweep_1_exp_0_checkpoints.csv
030303030,0.0144588257896497,0.0003184248926118,784501543,results/ebbi/SC3_HBD_MWPM_2_5x/results/sweep_1_exp_0_checkpoints.csv
030303030,0.0144588257896497,0.0003184248926118,987668892,results/ebbi/SC3_HBD_MWPM_2_5x/results/sweep_1_exp_0_checkpoints.csv
030303030,0.0144588257896497,0.0003184248926118,1243398401,results/ebbi/SC3_HBD_MWPM_2_5x/results/sweep_1_exp_0_checkpoints.csv
030303030,0.0149116321694323,0.0001436895690858,1427130683,results/ebbi/SC3_HBD_MWPM_2_5x/results/sweep_1_exp_0_checkpoints.csv
030300300,0.0187352686395777,0.0006085652858018,416802,results/ebbi/SC3_HBD_MWPM_2_5x/results/sweep_12_exp_0_checkpoints.csv
030300300,0.0187352686395777,0.0006085652858018,791700,results/ebbi/SC3_HBD_MWPM_2_5x/results/sweep_12_exp_0_checkpoints.csv
030300300,0.0187352686395777,0.0006085652858018,886327,results/ebbi/SC3_HBD_MWPM_2_5x/results/sweep_12_exp_0_checkpoints.csv
030300300,0.0187352686395777,0.0006085652858018,1069372,results/ebbi/SC3_HBD_MWPM_2_5x/results/sweep_12_exp_0_checkpoints.csv
030302330,0.0172060771864622,0.0005393980536609,1367217,results/ebbi/SC3_HBD_MWPM_2_5x/results/sweep_12_exp_0_checkpoints.csv
000300030,0.0160422655083262,0.0005034631467424,1762002,results/ebbi/SC3_HBD_MWPM_2_5x/results/sweep_12_exp_0_checkpoints.csv
000300030,0.0160422655083262,0.0005034631467424,2148517,results/ebbi/SC3_HBD_MWPM_2_5x/results/sweep_12_exp_0_checkpoints.csv
000300030,0.0160422655083262,0.0005034631467424,2645076,results/ebbi/SC3_HBD_MWPM_2_5x/results/sweep_12_exp_0_checkpoints.csv
000300030,0.0160422655083262,0.0005034631467424,3414510,results/ebbi/SC3_HBD_MWPM_2_5x/results/sweep_12_exp_0_checkpoints.csv
000300030,0.016208577484994,0.0003373543440829,4251129,results/ebbi/SC3_HBD_MWPM_2_5x/results/sweep_12_exp_0_checkpoints.csv
000303030,0.0161084035649855,0.0003266279236413,5360968,results/ebbi/SC3_HBD_MWPM_2_5x/results/sweep_12_exp_0_checkpoints.csv
000303030,0.0161084035649855,0.0003266279236413,6679164,results/ebbi/SC3_HBD_MWPM_2_5x/results/sweep_12_exp_0_checkpoints.csv
030303030,0.0153096179183135,0.0003151335986331,8329662,results/ebbi/SC3_HBD_MWPM_2_5x/results/sweep_12_exp_0_checkpoints.csv
030303030,0.0153096179183135,0.0003151335986331,10512184,results/ebbi/SC3_HBD_MWPM_2_5x/results/sweep_12_exp_0_checkpoints.csv
030303030,0.014952554114075,0.0002076636155834,13226412,results/ebbi/SC3_HBD_MWPM_2_5x/results/sweep_12_exp_0_checkpoints.csv
030303030,0.014952554114075,0.0002076636155834,16618394,results/ebbi/SC3_HBD_MWPM_2_5x/results/sweep_12_exp_0_checkpoints.csv
030303030,0.014952554114075,0.0002076636155834,20956853,results/ebbi/SC3_HBD_MWPM_2_5x/results/sweep_12_exp_0_checkpoints.csv
030303030,0.014952554114075,0.0002076636155834,26367378,results/ebbi/SC3_HBD_MWPM_2_5x/results/sweep_12_exp_0_checkpoints.csv
030303030,0.014952554114075,0.0002076636155834,33159696,results/ebbi/SC3_HBD_MWPM_2_5x/results/sweep_12_exp_0_checkpoints.csv
030303030,0.014952554114075,0.0002076636155834,41735818,results/ebbi/SC3_HBD_MWPM_2_5x/results/sweep_12_exp_0_checkpoints.csv
030303030,0.014952554114075,0.0002076636155834,52492310,results/ebbi/SC3_HBD_MWPM_2_5x/results/sweep_12_exp_0_checkpoints.csv
030303030,0.014952554114075,0.0002076636155834,66083283,results/ebbi/SC3_HBD_MWPM_2_5x/results/sweep_12_exp_0_checkpoints.csv
030303030,0.014952554114075,0.0002076636155834,83235527,results/ebbi/SC3_HBD_MWPM_2_5x/results/sweep_12_exp_0_checkpoints.csv
030303030,0.014952554114075,0.0002076636155834,104748511,results/ebbi/SC3_HBD_MWPM_2_5x/results/sweep_12_exp_0_checkpoints.csv
030303030,0.014952554114075,0.0002076636155834,131857778,results/ebbi/SC3_HBD_MWPM_2_5x/results/sweep_12_exp_0_checkpoints.csv
030303030,0.014952554114075,0.0002076636155834,165944229,results/ebbi/SC3_HBD_MWPM_2_5x/results/sweep_12_exp_0_checkpoints.csv
030303030,0.014952554114075,0.0002076636155834,208897518,results/ebbi/SC3_HBD_MWPM_2_5x/results/sweep_12_exp_0_checkpoints.csv
030303030,0.014952554114075,0.0002076636155834,263043373,results/ebbi/SC3_HBD_MWPM_2_5x/results/sweep_12_exp_0_checkpoints.csv
030303030,0.014952554114075,0.0002076636155834,331143596,results/ebbi/SC3_HBD_MWPM_2_5x/results/sweep_12_exp_0_checkpoints.csv
030303030,0.014952554114075,0.0002076636155834,416832137,results/ebbi/SC3_HBD_MWPM_2_5x/results/sweep_12_exp_0_checkpoints.csv
030303030,0.014952554114075,0.0002076636155834,524760452,results/ebbi/SC3_HBD_MWPM_2_5x/results/sweep_12_exp_0_checkpoints.csv
030303030,0.014952554114075,0.0002076636155834,660597503,results/ebbi/SC3_HBD_MWPM_2_5x/results/sweep_12_exp_0_checkpoints.csv
030303030,0.014952554114075,0.0002076636155834,831683869,results/ebbi/SC3_HBD_MWPM_2_5x/results/sweep_12_exp_0_checkpoints.csv
030303030,0.014952554114075,0.0002076636155834,1047031746,results/ebbi/SC3_HBD_MWPM_2_5x/results/sweep_12_exp_0_checkpoints.csv
030303030,0.014952554114075,0.0002076636155834,1318051737,results/ebbi/SC3_HBD_MWPM_2_5x/results/sweep_12_exp_0_checkpoints.csv
030303030,0.0150519960695702,9.259700163966043e-05,1426725392,results/ebbi/SC3_HBD_MWPM_2_5x/results/sweep_12_exp_0_checkpoints.csv
203300333,0.0202305289238392,0.0006534791318699,364505,results/ebbi/SC3_HBD_MWPM_2_5x/results/sweep_25_exp_0_checkpoints.csv
233302333,0.0201241083338166,0.0006174085428938,761201,results/ebbi/SC3_HBD_MWPM_2_5x/results/sweep_25_exp_0_checkpoints.csv
233300332,0.0192895304152216,0.0005954980151727,971783,results/ebbi/SC3_HBD_MWPM_2_5x/results/sweep_25_exp_0_checkpoints.csv
233300332,0.0192895304152216,0.0005954980151727,1201860,results/ebbi/SC3_HBD_MWPM_2_5x/results/sweep_25_exp_0_checkpoints.csv
233300332,0.0192895304152216,0.0005954980151727,1479630,results/ebbi/SC3_HBD_MWPM_2_5x/results/sweep_25_exp_0_checkpoints.csv
203300333,0.0197642462487192,0.0004307136114221,1883449,results/ebbi/SC3_HBD_MWPM_2_5x/results/sweep_25_exp_0_checkpoints.csv
232303333,0.0188859000224165,0.0003851516230497,2323432,results/ebbi/SC3_HBD_MWPM_2_5x/results/sweep_25_exp_0_checkpoints.csv
232303333,0.0188859000224165,0.0003851516230497,2911256,results/ebbi/SC3_HBD_MWPM_2_5x/results/sweep_25_exp_0_checkpoints.csv
030303033,0.0152562988705473,0.0005109280464239,3797407,results/ebbi/SC3_HBD_MWPM_2_5x/results/sweep_25_exp_0_checkpoints.csv
030303033,0.0156157083832104,0.0003445496258791,4607230,results/ebbi/SC3_HBD_MWPM_2_5x/results/sweep_25_exp_0_checkpoints.csv
030303030,0.0149562612750604,0.0003166899550706,5816607,results/ebbi/SC3_HBD_MWPM_2_5x/results/sweep_25_exp_0_checkpoints.csv
030303030,0.0149562612750604,0.0003166899550706,7291191,results/ebbi/SC3_HBD_MWPM_2_5x/results/sweep_25_exp_0_checkpoints.csv
030303030,0.0149616805492101,0.0002111655776388,9216077,results/ebbi/SC3_HBD_MWPM_2_5x/results/sweep_25_exp_0_checkpoints.csv
030303030,0.0149616805492101,0.0002111655776388,11548262,results/ebbi/SC3_HBD_MWPM_2_5x/results/sweep_25_exp_0_checkpoints.csv
030303030,0.0149616805492101,0.0002111655776388,14568944,results/ebbi/SC3_HBD_MWPM_2_5x/results/sweep_25_exp_0_checkpoints.csv
030303030,0.0149616805492101,0.0002111655776388,18326816,results/ebbi/SC3_HBD_MWPM_2_5x/results/sweep_25_exp_0_checkpoints.csv
030303030,0.0149616805492101,0.0002111655776388,23019661,results/ebbi/SC3_HBD_MWPM_2_5x/results/sweep_25_exp_0_checkpoints.csv
030303030,0.0149616805492101,0.0002111655776388,28989104,results/ebbi/SC3_HBD_MWPM_2_5x/results/sweep_25_exp_0_checkpoints.csv
030303030,0.0149616805492101,0.0002111655776388,36468888,results/ebbi/SC3_HBD_MWPM_2_5x/results/sweep_25_exp_0_checkpoints.csv
030303030,0.0149616805492101,0.0002111655776388,45890539,results/ebbi/SC3_HBD_MWPM_2_5x/results/sweep_25_exp_0_checkpoints.csv
030303030,0.0149616805492101,0.0002111655776388,57829425,results/ebbi/SC3_HBD_MWPM_2_5x/results/sweep_25_exp_0_checkpoints.csv
030303030,0.0149616805492101,0.0002111655776388,72788993,results/ebbi/SC3_HBD_MWPM_2_5x/results/sweep_25_exp_0_checkpoints.csv
030303030,0.0149616805492101,0.0002111655776388,91560374,results/ebbi/SC3_HBD_MWPM_2_5x/results/sweep_25_exp_0_checkpoints.csv
030303030,0.0149616805492101,0.0002111655776388,115294304,results/ebbi/SC3_HBD_MWPM_2_5x/results/sweep_25_exp_0_checkpoints.csv
030303030,0.0149616805492101,0.0002111655776388,145141519,results/ebbi/SC3_HBD_MWPM_2_5x/results/sweep_25_exp_0_checkpoints.csv
030303030,0.0149616805492101,0.0002111655776388,182756202,results/ebbi/SC3_HBD_MWPM_2_5x/results/sweep_25_exp_0_checkpoints.csv
030303030,0.0149616805492101,0.0002111655776388,230008299,results/ebbi/SC3_HBD_MWPM_2_5x/results/sweep_25_exp_0_checkpoints.csv
030303030,0.0149616805492101,0.0002111655776388,289558887,results/ebbi/SC3_HBD_MWPM_2_5x/results/sweep_25_exp_0_checkpoints.csv
030303030,0.0149616805492101,0.0002111655776388,364572490,results/ebbi/SC3_HBD_MWPM_2_5x/results/sweep_25_exp_0_checkpoints.csv
030303030,0.0149616805492101,0.0002111655776388,458932842,results/ebbi/SC3_HBD_MWPM_2_5x/results/sweep_25_exp_0_checkpoints.csv
030303030,0.0149616805492101,0.0002111655776388,577746334,results/ebbi/SC3_HBD_MWPM_2_5x/results/sweep_25_exp_0_checkpoints.csv
030303030,0.0149616805492101,0.0002111655776388,727342014,results/ebbi/SC3_HBD_MWPM_2_5x/results/sweep_25_exp_0_checkpoints.csv
030303030,0.0149616805492101,0.0002111655776388,915631192,results/ebbi/SC3_HBD_MWPM_2_5x/results/sweep_25_exp_0_checkpoints.csv
030303030,0.0149616805492101,0.0002111655776388,1152682808,results/ebbi/SC3_HBD_MWPM_2_5x/results/sweep_25_exp_0_checkpoints.csv
030303030,0.0148376850844553,0.0001402016932843,1406106194,results/ebbi/SC3_HBD_MWPM_2_5x/results/sweep_25_exp_0_checkpoints.csv
202302230,0.0209476415294968,0.0006604125956073,403338,results/ebbi/SC3_HBD_MWPM_2_5x/results/sweep_23_exp_0_checkpoints.csv
202300230,0.0199470791776918,0.0006307926378212,580426,results/ebbi/SC3_HBD_MWPM_2_5x/results/sweep_23_exp_0_checkpoints.csv
202300030,0.0184234665001268,0.0005940776318311,765002,results/ebbi/SC3_HBD_MWPM_2_5x/results/sweep_23_exp_0_checkpoints.csv
230300030,0.0152739675242826,0.0005280097248032,1207210,results/ebbi/SC3_HBD_MWPM_2_5x/results/sweep_23_exp_0_checkpoints.csv
230300030,0.0152739675242826,0.0005280097248032,1607779,results/ebbi/SC3_HBD_MWPM_2_5x/results/sweep_23_exp_0_checkpoints.csv
030303030,0.0145677915473108,0.0004689359338954,2186276,results/ebbi/SC3_HBD_MWPM_2_5x/results/sweep_23_exp_0_checkpoints.csv
030303030,0.0145677915473108,0.0004689359338954,2594715,results/ebbi/SC3_HBD_MWPM_2_5x/results/sweep_23_exp_0_checkpoints.csv
030303030,0.0149170405571933,0.000316297984682,3257258,results/ebbi/SC3_HBD_MWPM_2_5x/results/sweep_23_exp_0_checkpoints.csv
030303030,0.0149170405571933,0.000316297984682,4069799,results/ebbi/SC3_HBD_MWPM_2_5x/results/sweep_23_exp_0_checkpoints.csv
030303030,0.0149170405571933,0.000316297984682,5115091,results/ebbi/SC3_HBD_MWPM_2_5x/results/sweep_23_exp_0_checkpoints.csv
030303030,0.0149170405571933,0.000316297984682,6414439,results/ebbi/SC3_HBD_MWPM_2_5x/results/sweep_23_exp_0_checkpoints.csv
030303030,0.0149170405571933,0.000316297984682,8103266,results/ebbi/SC3_HBD_MWPM_2_5x/results/sweep_23_exp_0_checkpoints.csv
030303030,0.0149170405571933,0.000316297984682,10151418,results/ebbi/SC3_HBD_MWPM_2_5x/results/sweep_23_exp_0_checkpoints.csv
030303030,0.0149170405571933,0.000316297984682,12770376,results/ebbi/SC3_HBD_MWPM_2_5x/results/sweep_23_exp_0_checkpoints.csv
030303030,0.0149170405571933,0.000316297984682,16126370,results/ebbi/SC3_HBD_MWPM_2_5x/results/sweep_23_exp_0_checkpoints.csv
030303030,0.0149170405571933,0.000316297984682,20236118,results/ebbi/SC3_HBD_MWPM_2_5x/results/sweep_23_exp_0_checkpoints.csv
030303030,0.0149170405571933,0.000316297984682,25458548,results/ebbi/SC3_HBD_MWPM_2_5x/results/sweep_23_exp_0_checkpoints.csv
030303030,0.0149170405571933,0.000316297984682,32062860,results/ebbi/SC3_HBD_MWPM_2_5x/results/sweep_23_exp_0_checkpoints.csv
030303030,0.0149170405571933,0.000316297984682,40390036,results/ebbi/SC3_HBD_MWPM_2_5x/results/sweep_23_exp_0_checkpoints.csv
030303030,0.0149170405571933,0.000316297984682,50799006,results/ebbi/SC3_HBD_MWPM_2_5x/results/sweep_23_exp_0_checkpoints.csv
030303030,0.0149170405571933,0.000316297984682,63935844,results/ebbi/SC3_HBD_MWPM_2_5x/results/sweep_23_exp_0_checkpoints.csv
030303030,0.0149170405571933,0.000316297984682,80518410,results/ebbi/SC3_HBD_MWPM_2_5x/results/sweep_23_exp_0_checkpoints.csv
030303030,0.0149170405571933,0.000316297984682,101336350,results/ebbi/SC3_HBD_MWPM_2_5x/results/sweep_23_exp_0_checkpoints.csv
030303030,0.0149170405571933,0.000316297984682,127610026,results/ebbi/SC3_HBD_MWPM_2_5x/results/sweep_23_exp_0_checkpoints.csv
030303030,0.0149170405571933,0.000316297984682,160631586,results/ebbi/SC3_HBD_MWPM_2_5x/results/sweep_23_exp_0_checkpoints.csv
030303030,0.0149170405571933,0.000316297984682,202195680,results/ebbi/SC3_HBD_MWPM_2_5x/results/sweep_23_exp_0_checkpoints.csv
030303030,0.0149170405571933,0.000316297984682,254527674,results/ebbi/SC3_HBD_MWPM_2_5x/results/sweep_23_exp_0_checkpoints.csv
030303030,0.0149170405571933,0.000316297984682,320427222,results/ebbi/SC3_HBD_MWPM_2_5x/results/sweep_23_exp_0_checkpoints.csv
030303030,0.0149170405571933,0.000316297984682,403340052,results/ebbi/SC3_HBD_MWPM_2_5x/results/sweep_23_exp_0_checkpoints.csv
030303030,0.0149170405571933,0.000316297984682,507788682,results/ebbi/SC3_HBD_MWPM_2_5x/results/sweep_23_exp_0_checkpoints.csv
030303030,0.0149170405571933,0.000316297984682,639300634,results/ebbi/SC3_HBD_MWPM_2_5x/results/sweep_23_exp_0_checkpoints.csv
030303030,0.0149170405571933,0.000316297984682,804767364,results/ebbi/SC3_HBD_MWPM_2_5x/results/sweep_23_exp_0_checkpoints.csv
030303030,0.0149170405571933,0.000316297984682,1013162122,results/ebbi/SC3_HBD_MWPM_2_5x/results/sweep_23_exp_0_checkpoints.csv
030303030,0.0149170405571933,0.000316297984682,1275468166,results/ebbi/SC3_HBD_MWPM_2_5x/results/sweep_23_exp_0_checkpoints.csv
030303030,0.0150685496476135,9.418633271707222e-05,1403309759,results/ebbi/SC3_HBD_MWPM_2_5x/results/sweep_23_exp_0_checkpoints.csv
333303300,0.0173793048278068,0.0005844012484885,353234,results/ebbi/SC3_HBD_MWPM_2_5x/results/sweep_14_exp_0_checkpoints.csv
333303000,0.0166182873730043,0.0005444972193799,812318,results/ebbi/SC3_HBD_MWPM_2_5x/results/sweep_14_exp_0_checkpoints.csv
030303020,0.0160903969735516,0.0005114006926305,1120720,results/ebbi/SC3_HBD_MWPM_2_5x/results/sweep_14_exp_0_checkpoints.csv
030303020,0.0160903969735516,0.0005114006926305,1407910,results/ebbi/SC3_HBD_MWPM_2_5x/results/sweep_14_exp_0_checkpoints.csv
030303020,0.0160903969735516,0.0005114006926305,1816200,results/ebbi/SC3_HBD_MWPM_2_5x/results/sweep_14_exp_0_checkpoints.csv
030303020,0.0160903969735516,0.0005114006926305,2268570,results/ebbi/SC3_HBD_MWPM_2_5x/results/sweep_14_exp_0_checkpoints.csv
030303030,0.0157020074528188,0.0004819001478608,2847164,results/ebbi/SC3_HBD_MWPM_2_5x/results/sweep_14_exp_0_checkpoints.csv
030303030,0.0156539044604278,0.0003207866684533,3566186,results/ebbi/SC3_HBD_MWPM_2_5x/results/sweep_14_exp_0_checkpoints.csv
030303030,0.0156539044604278,0.0003207866684533,4603391,results/ebbi/SC3_HBD_MWPM_2_5x/results/sweep_14_exp_0_checkpoints.csv
033303030,0.0156561908174233,0.0003140082990285,5653521,results/ebbi/SC3_HBD_MWPM_2_5x/results/sweep_14_exp_0_checkpoints.csv
330303030,0.0157218829785982,0.0002133481903001,7054605,results/ebbi/SC3_HBD_MWPM_2_5x/results/sweep_14_exp_0_checkpoints.csv
030303030,0.0151286693775785,0.0002102967264363,8940861,results/ebbi/SC3_HBD_MWPM_2_5x/results/sweep_14_exp_0_checkpoints.csv
030303030,0.0151286693775785,0.0002102967264363,11222323,results/ebbi/SC3_HBD_MWPM_2_5x/results/sweep_14_exp_0_checkpoints.csv
030303030,0.0151286693775785,0.0002102967264363,14075201,results/ebbi/SC3_HBD_MWPM_2_5x/results/sweep_14_exp_0_checkpoints.csv
030303030,0.0151286693775785,0.0002102967264363,17788399,results/ebbi/SC3_HBD_MWPM_2_5x/results/sweep_14_exp_0_checkpoints.csv
030303030,0.0151286693775785,0.0002102967264363,22293439,results/ebbi/SC3_HBD_MWPM_2_5x/results/sweep_14_exp_0_checkpoints.csv
030303030,0.0151286693775785,0.0002102967264363,28061343,results/ebbi/SC3_HBD_MWPM_2_5x/results/sweep_14_exp_0_checkpoints.csv
030303030,0.0151286693775785,0.0002102967264363,35369745,results/ebbi/SC3_HBD_MWPM_2_5x/results/sweep_14_exp_0_checkpoints.csv
030303030,0.0151286693775785,0.0002102967264363,44541073,results/ebbi/SC3_HBD_MWPM_2_5x/results/sweep_14_exp_0_checkpoints.csv
030303030,0.0151286693775785,0.0002102967264363,56005233,results/ebbi/SC3_HBD_MWPM_2_5x/results/sweep_14_exp_0_checkpoints.csv
030303030,0.0151286693775785,0.0002102967264363,70550386,results/ebbi/SC3_HBD_MWPM_2_5x/results/sweep_14_exp_0_checkpoints.csv
030303030,0.0151286693775785,0.0002102967264363,88749740,results/ebbi/SC3_HBD_MWPM_2_5x/results/sweep_14_exp_0_checkpoints.csv
030303030,0.0151286693775785,0.0002102967264363,111749711,results/ebbi/SC3_HBD_MWPM_2_5x/results/sweep_14_exp_0_checkpoints.csv
030303030,0.0151286693775785,0.0002102967264363,140625064,results/ebbi/SC3_HBD_MWPM_2_5x/results/sweep_14_exp_0_checkpoints.csv
030303030,0.0151286693775785,0.0002102967264363,177095423,results/ebbi/SC3_HBD_MWPM_2_5x/results/sweep_14_exp_0_checkpoints.csv
030303030,0.0151286693775785,0.0002102967264363,222880412,results/ebbi/SC3_HBD_MWPM_2_5x/results/sweep_14_exp_0_checkpoints.csv
030303030,0.0151286693775785,0.0002102967264363,280631118,results/ebbi/SC3_HBD_MWPM_2_5x/results/sweep_14_exp_0_checkpoints.csv
030303030,0.0151286693775785,0.0002102967264363,353285232,results/ebbi/SC3_HBD_MWPM_2_5x/results/sweep_14_exp_0_checkpoints.csv
030303030,0.0151286693775785,0.0002102967264363,444711908,results/ebbi/SC3_HBD_MWPM_2_5x/results/sweep_14_exp_0_checkpoints.csv
030303030,0.0151286693775785,0.0002102967264363,559855065,results/ebbi/SC3_HBD_MWPM_2_5x/results/sweep_14_exp_0_checkpoints.csv
030303030,0.0151286693775785,0.0002102967264363,704805038,results/ebbi/SC3_HBD_MWPM_2_5x/results/sweep_14_exp_0_checkpoints.csv
030303030,0.0151286693775785,0.0002102967264363,887300135,results/ebbi/SC3_HBD_MWPM_2_5x/results/sweep_14_exp_0_checkpoints.csv
030303030,0.0151286693775785,0.0002102967264363,1117084892,results/ebbi/SC3_HBD_MWPM_2_5x/results/sweep_14_exp_0_checkpoints.csv
030303030,0.0151851143401776,0.0001404554350301,1406305204,results/ebbi/SC3_HBD_MWPM_2_5x/results/sweep_14_exp_0_checkpoints.csv
030303030,0.0151851143401776,0.0001404554350301,1407087191,results/ebbi/SC3_HBD_MWPM_2_5x/results/sweep_14_exp_0_checkpoints.csv
033303302,0.0181592736290548,0.000597133883275,363441,results/ebbi/SC3_HBD_MWPM_2_5x/results/sweep_6_exp_0_checkpoints.csv
033303332,0.0179419622977586,0.0005717698368243,667892,results/ebbi/SC3_HBD_MWPM_2_5x/results/sweep_6_exp_0_checkpoints.csv
033303332,0.0179419622977586,0.0005717698368243,733479,results/ebbi/SC3_HBD_MWPM_2_5x/results/sweep_6_exp_0_checkpoints.csv
033303332,0.0179419622977586,0.0005717698368243,964123,results/ebbi/SC3_HBD_MWPM_2_5x/results/sweep_6_exp_0_checkpoints.csv
033303030,0.0160081519952665,0.0005088079487904,1351541,results/ebbi/SC3_HBD_MWPM_2_5x/results/sweep_6_exp_0_checkpoints.csv
333303030,0.0158275136470372,0.0004873560101259,1797467,results/ebbi/SC3_HBD_MWPM_2_5x/results/sweep_6_exp_0_checkpoints.csv
032303030,0.0154583258000361,0.0004788533842656,1929557,results/ebbi/SC3_HBD_MWPM_2_5x/results/sweep_6_exp_0_checkpoints.csv
032303030,0.0154583258000361,0.0004788533842656,2334258,results/ebbi/SC3_HBD_MWPM_2_5x/results/sweep_6_exp_0_checkpoints.csv
030303030,0.0155379511326568,0.0003261746023781,2895461,results/ebbi/SC3_HBD_MWPM_2_5x/results/sweep_6_exp_0_checkpoints.csv
030303030,0.0155379511326568,0.0003261746023781,3645379,results/ebbi/SC3_HBD_MWPM_2_5x/results/sweep_6_exp_0_checkpoints.csv
030303030,0.0155379511326568,0.0003261746023781,4646419,results/ebbi/SC3_HBD_MWPM_2_5x/results/sweep_6_exp_0_checkpoints.csv
030303030,0.0154994667614646,0.0002171860396629,5894350,results/ebbi/SC3_HBD_MWPM_2_5x/results/sweep_6_exp_0_checkpoints.csv
030303030,0.0154994667614646,0.0002171860396629,7411000,results/ebbi/SC3_HBD_MWPM_2_5x/results/sweep_6_exp_0_checkpoints.csv
030303030,0.0152350517475177,0.0001435700105503,9244046,results/ebbi/SC3_HBD_MWPM_2_5x/results/sweep_6_exp_0_checkpoints.csv
030303030,0.0152350517475177,0.0001435700105503,11588224,results/ebbi/SC3_HBD_MWPM_2_5x/results/sweep_6_exp_0_checkpoints.csv
030303030,0.0152350517475177,0.0001435700105503,14493942,results/ebbi/SC3_HBD_MWPM_2_5x/results/sweep_6_exp_0_checkpoints.csv
030303030,0.0152350517475177,0.0001435700105503,18216475,results/ebbi/SC3_HBD_MWPM_2_5x/results/sweep_6_exp_0_checkpoints.csv
030303030,0.0152350517475177,0.0001435700105503,22936390,results/ebbi/SC3_HBD_MWPM_2_5x/results/sweep_6_exp_0_checkpoints.csv
030303030,0.0152350517475177,0.0001435700105503,28920886,results/ebbi/SC3_HBD_MWPM_2_5x/results/sweep_6_exp_0_checkpoints.csv
030303030,0.0152350517475177,0.0001435700105503,36401506,results/ebbi/SC3_HBD_MWPM_2_5x/results/sweep_6_exp_0_checkpoints.csv
030303030,0.0152350517475177,0.0001435700105503,45805714,results/ebbi/SC3_HBD_MWPM_2_5x/results/sweep_6_exp_0_checkpoints.csv
030303030,0.0152350517475177,0.0001435700105503,57632218,results/ebbi/SC3_HBD_MWPM_2_5x/results/sweep_6_exp_0_checkpoints.csv
030303030,0.0152350517475177,0.0001435700105503,72522214,results/ebbi/SC3_HBD_MWPM_2_5x/results/sweep_6_exp_0_checkpoints.csv
030303030,0.0152350517475177,0.0001435700105503,91330630,results/ebbi/SC3_HBD_MWPM_2_5x/results/sweep_6_exp_0_checkpoints.csv
030303030,0.0152350517475177,0.0001435700105503,114983638,results/ebbi/SC3_HBD_MWPM_2_5x/results/sweep_6_exp_0_checkpoints.csv
030303030,0.0152350517475177,0.0001435700105503,144692386,results/ebbi/SC3_HBD_MWPM_2_5x/results/sweep_6_exp_0_checkpoints.csv
030303030,0.0152350517475177,0.0001435700105503,182166730,results/ebbi/SC3_HBD_MWPM_2_5x/results/sweep_6_exp_0_checkpoints.csv
030303030,0.0152350517475177,0.0001435700105503,229330258,results/ebbi/SC3_HBD_MWPM_2_5x/results/sweep_6_exp_0_checkpoints.csv
030303030,0.0152350517475177,0.0001435700105503,288747754,results/ebbi/SC3_HBD_MWPM_2_5x/results/sweep_6_exp_0_checkpoints.csv
030303030,0.0152350517475177,0.0001435700105503,363482710,results/ebbi/SC3_HBD_MWPM_2_5x/results/sweep_6_exp_0_checkpoints.csv
030303030,0.0152350517475177,0.0001435700105503,457596034,results/ebbi/SC3_HBD_MWPM_2_5x/results/sweep_6_exp_0_checkpoints.csv
030303030,0.0152350517475177,0.0001435700105503,576074806,results/ebbi/SC3_HBD_MWPM_2_5x/results/sweep_6_exp_0_checkpoints.csv
030303030,0.0152350517475177,0.0001435700105503,725188498,results/ebbi/SC3_HBD_MWPM_2_5x/results/sweep_6_exp_0_checkpoints.csv
030303030,0.0152350517475177,0.0001435700105503,912987682,results/ebbi/SC3_HBD_MWPM_2_5x/results/sweep_6_exp_0_checkpoints.csv
030303030,0.0152350517475177,0.0001435700105503,1149304030,results/ebbi/SC3_HBD_MWPM_2_5x/results/sweep_6_exp_0_checkpoints.csv
030303030,0.0152416461295341,9.57338634179905e-05,1400585566,results/ebbi/SC3_HBD_MWPM_2_5x/results/sweep_6_exp_0_checkpoints.csv
330300033,0.0179792808287668,0.0005942216375842,312279,results/ebbi/SC3_HBD_MWPM_2_5x/results/sweep_18_exp_0_checkpoints.csv
333300033,0.0172983438203665,0.0005981015274301,728059,results/ebbi/SC3_HBD_MWPM_2_5x/results/sweep_18_exp_0_checkpoints.csv
333300033,0.0172983438203665,0.0005981015274301,897114,results/ebbi/SC3_HBD_MWPM_2_5x/results/sweep_18_exp_0_checkpoints.csv
033300033,0.0172773459843208,0.0005344457458704,1016435,results/ebbi/SC3_HBD_MWPM_2_5x/results/sweep_18_exp_0_checkpoints.csv
033300033,0.0172773459843208,0.0005344457458704,1258719,results/ebbi/SC3_HBD_MWPM_2_5x/results/sweep_18_exp_0_checkpoints.csv
033300033,0.0172773459843208,0.0005344457458704,1571204,results/ebbi/SC3_HBD_MWPM_2_5x/results/sweep_18_exp_0_checkpoints.csv
033300033,0.0172773459843208,0.0005344457458704,2096503,results/ebbi/SC3_HBD_MWPM_2_5x/results/sweep_18_exp_0_checkpoints.csv
033300033,0.0172773459843208,0.0005344457458704,2495369,results/ebbi/SC3_HBD_MWPM_2_5x/results/sweep_18_exp_0_checkpoints.csv
033300033,0.017488896532129,0.000358438323019,3136446,results/ebbi/SC3_HBD_MWPM_2_5x/results/sweep_18_exp_0_checkpoints.csv
033300033,0.017488896532129,0.000358438323019,3986730,results/ebbi/SC3_HBD_MWPM_2_5x/results/sweep_18_exp_0_checkpoints.csv
033300033,0.0176660009238427,0.0002401456004008,5047656,results/ebbi/SC3_HBD_MWPM_2_5x/results/sweep_18_exp_0_checkpoints.csv
033300020,0.0176477340118225,0.0002351056464249,6244385,results/ebbi/SC3_HBD_MWPM_2_5x/results/sweep_18_exp_0_checkpoints.csv
033303033,0.0149226815743203,0.000470006809337,8015738,results/ebbi/SC3_HBD_MWPM_2_5x/results/sweep_18_exp_0_checkpoints.csv
033303033,0.0149226815743203,0.000470006809337,9950503,results/ebbi/SC3_HBD_MWPM_2_5x/results/sweep_18_exp_0_checkpoints.csv
030303030,0.0154204019759023,0.0003149660187773,12524282,results/ebbi/SC3_HBD_MWPM_2_5x/results/sweep_18_exp_0_checkpoints.csv
030303030,0.0149878320061798,0.0002070580230792,15663853,results/ebbi/SC3_HBD_MWPM_2_5x/results/sweep_18_exp_0_checkpoints.csv
030303030,0.0149878320061798,0.0002070580230792,19745985,results/ebbi/SC3_HBD_MWPM_2_5x/results/sweep_18_exp_0_checkpoints.csv
030303030,0.0149878320061798,0.0002070580230792,24834085,results/ebbi/SC3_HBD_MWPM_2_5x/results/sweep_18_exp_0_checkpoints.csv
030303030,0.0149878320061798,0.0002070580230792,31290965,results/ebbi/SC3_HBD_MWPM_2_5x/results/sweep_18_exp_0_checkpoints.csv
030303030,0.0149878320061798,0.0002070580230792,39321371,results/ebbi/SC3_HBD_MWPM_2_5x/results/sweep_18_exp_0_checkpoints.csv
030303030,0.0149878320061798,0.0002070580230792,49522157,results/ebbi/SC3_HBD_MWPM_2_5x/results/sweep_18_exp_0_checkpoints.csv
030303030,0.0149878320061798,0.0002070580230792,62327399,results/ebbi/SC3_HBD_MWPM_2_5x/results/sweep_18_exp_0_checkpoints.csv
030303030,0.0149878320061798,0.0002070580230792,78460557,results/ebbi/SC3_HBD_MWPM_2_5x/results/sweep_18_exp_0_checkpoints.csv
030303030,0.0149878320061798,0.0002070580230792,98789783,results/ebbi/SC3_HBD_MWPM_2_5x/results/sweep_18_exp_0_checkpoints.csv
030303030,0.0149878320061798,0.0002070580230792,124327921,results/ebbi/SC3_HBD_MWPM_2_5x/results/sweep_18_exp_0_checkpoints.csv
030303030,0.0149878320061798,0.0002070580230792,156521891,results/ebbi/SC3_HBD_MWPM_2_5x/results/sweep_18_exp_0_checkpoints.csv
030303030,0.0149878320061798,0.0002070580230792,197035651,results/ebbi/SC3_HBD_MWPM_2_5x/results/sweep_18_exp_0_checkpoints.csv
030303030,0.0149878320061798,0.0002070580230792,248111927,results/ebbi/SC3_HBD_MWPM_2_5x/results/sweep_18_exp_0_checkpoints.csv
030303030,0.0149878320061798,0.0002070580230792,312282829,results/ebbi/SC3_HBD_MWPM_2_5x/results/sweep_18_exp_0_checkpoints.csv
030303030,0.0149878320061798,0.0002070580230792,393165657,results/ebbi/SC3_HBD_MWPM_2_5x/results/sweep_18_exp_0_checkpoints.csv
030303030,0.0149878320061798,0.0002070580230792,494956479,results/ebbi/SC3_HBD_MWPM_2_5x/results/sweep_18_exp_0_checkpoints.csv
030303030,0.0149878320061798,0.0002070580230792,623081245,results/ebbi/SC3_HBD_MWPM_2_5x/results/sweep_18_exp_0_checkpoints.csv
030303030,0.0149878320061798,0.0002070580230792,784412825,results/ebbi/SC3_HBD_MWPM_2_5x/results/sweep_18_exp_0_checkpoints.csv
030303030,0.0149878320061798,0.0002070580230792,987560393,results/ebbi/SC3_HBD_MWPM_2_5x/results/sweep_18_exp_0_checkpoints.csv
030303030,0.0149878320061798,0.0002070580230792,1243231157,results/ebbi/SC3_HBD_MWPM_2_5x/results/sweep_18_exp_0_checkpoints.csv
030303030,0.0151906532824167,9.263715764973313e-05,1423285423,results/ebbi/SC3_HBD_MWPM_2_5x/results/sweep_18_exp_0_checkpoints.csv
233302300,0.0208263563295378,0.0006533216801472,396635,results/ebbi/SC3_HBD_MWPM_2_5x/results/sweep_17_exp_0_checkpoints.csv
233302300,0.0208263563295378,0.0006533216801472,539231,results/ebbi/SC3_HBD_MWPM_2_5x/results/sweep_17_exp_0_checkpoints.csv
000330020,0.0199004036669558,0.0006065500783734,751359,results/ebbi/SC3_HBD_MWPM_2_5x/results/sweep_17_exp_0_checkpoints.csv
000330020,0.0199004036669558,0.0006065500783734,838010,results/ebbi/SC3_HBD_MWPM_2_5x/results/sweep_17_exp_0_checkpoints.csv
002203233,0.0198316289055878,0.0006050488445907,1069571,results/ebbi/SC3_HBD_MWPM_2_5x/results/sweep_17_exp_0_checkpoints.csv
002203233,0.0198316289055878,0.0006050488445907,1314277,results/ebbi/SC3_HBD_MWPM_2_5x/results/sweep_17_exp_0_checkpoints.csv
000300030,0.0171702928944972,0.0005488143069669,1834183,results/ebbi/SC3_HBD_MWPM_2_5x/results/sweep_17_exp_0_checkpoints.csv
000303030,0.0167790809715254,0.0005235153366811,2072613,results/ebbi/SC3_HBD_MWPM_2_5x/results/sweep_17_exp_0_checkpoints.csv
030003030,0.0159118928248541,0.00050733826356,2541876,results/ebbi/SC3_HBD_MWPM_2_5x/results/sweep_17_exp_0_checkpoints.csv
030303030,0.0154323311100739,0.0004782876058015,3204603,results/ebbi/SC3_HBD_MWPM_2_5x/results/sweep_17_exp_0_checkpoints.csv
030333030,0.0149577732841679,0.0004680498968809,3992827,results/ebbi/SC3_HBD_MWPM_2_5x/results/sweep_17_exp_0_checkpoints.csv
030333030,0.0149577732841679,0.0004680498968809,5004972,results/ebbi/SC3_HBD_MWPM_2_5x/results/sweep_17_exp_0_checkpoints.csv
030333030,0.0149577732841679,0.0004680498968809,6308166,results/ebbi/SC3_HBD_MWPM_2_5x/results/sweep_17_exp_0_checkpoints.csv
030303030,0.0153907922912205,0.0003184399683959,8066303,results/ebbi/SC3_HBD_MWPM_2_5x/results/sweep_17_exp_0_checkpoints.csv
030303030,0.0150340384907074,0.0002098577679134,10016936,results/ebbi/SC3_HBD_MWPM_2_5x/results/sweep_17_exp_0_checkpoints.csv
030303030,0.0150340384907074,0.0002098577679134,12587635,results/ebbi/SC3_HBD_MWPM_2_5x/results/sweep_17_exp_0_checkpoints.csv
030303030,0.0150340384907074,0.0002098577679134,15820172,results/ebbi/SC3_HBD_MWPM_2_5x/results/sweep_17_exp_0_checkpoints.csv
030303030,0.0150340384907074,0.0002098577679134,19902605,results/ebbi/SC3_HBD_MWPM_2_5x/results/sweep_17_exp_0_checkpoints.csv
030303030,0.0150340384907074,0.0002098577679134,25075439,results/ebbi/SC3_HBD_MWPM_2_5x/results/sweep_17_exp_0_checkpoints.csv
030303030,0.0150340384907074,0.0002098577679134,31514678,results/ebbi/SC3_HBD_MWPM_2_5x/results/sweep_17_exp_0_checkpoints.csv
030303030,0.0150340384907074,0.0002098577679134,39690341,results/ebbi/SC3_HBD_MWPM_2_5x/results/sweep_17_exp_0_checkpoints.csv
030303030,0.0150340384907074,0.0002098577679134,49964183,results/ebbi/SC3_HBD_MWPM_2_5x/results/sweep_17_exp_0_checkpoints.csv
030303030,0.0150340384907074,0.0002098577679134,62915012,results/ebbi/SC3_HBD_MWPM_2_5x/results/sweep_17_exp_0_checkpoints.csv
030303030,0.0150340384907074,0.0002098577679134,79193987,results/ebbi/SC3_HBD_MWPM_2_5x/results/sweep_17_exp_0_checkpoints.csv
030303030,0.0150340384907074,0.0002098577679134,99669320,results/ebbi/SC3_HBD_MWPM_2_5x/results/sweep_17_exp_0_checkpoints.csv
030303030,0.0150340384907074,0.0002098577679134,125498627,results/ebbi/SC3_HBD_MWPM_2_5x/results/sweep_17_exp_0_checkpoints.csv
030303030,0.0150340384907074,0.0002098577679134,157911875,results/ebbi/SC3_HBD_MWPM_2_5x/results/sweep_17_exp_0_checkpoints.csv
030303030,0.0150340384907074,0.0002098577679134,198790190,results/ebbi/SC3_HBD_MWPM_2_5x/results/sweep_17_exp_0_checkpoints.csv
030303030,0.0150340384907074,0.0002098577679134,250304102,results/ebbi/SC3_HBD_MWPM_2_5x/results/sweep_17_exp_0_checkpoints.csv
030303030,0.0150340384907074,0.0002098577679134,315130598,results/ebbi/SC3_HBD_MWPM_2_5x/results/sweep_17_exp_0_checkpoints.csv
030303030,0.0150340384907074,0.0002098577679134,396670175,results/ebbi/SC3_HBD_MWPM_2_5x/results/sweep_17_exp_0_checkpoints.csv
030303030,0.0150340384907074,0.0002098577679134,499336244,results/ebbi/SC3_HBD_MWPM_2_5x/results/sweep_17_exp_0_checkpoints.csv
030303030,0.0150340384907074,0.0002098577679134,628627481,results/ebbi/SC3_HBD_MWPM_2_5x/results/sweep_17_exp_0_checkpoints.csv
030303030,0.0150340384907074,0.0002098577679134,791417231,results/ebbi/SC3_HBD_MWPM_2_5x/results/sweep_17_exp_0_checkpoints.csv
030303030,0.0150340384907074,0.0002098577679134,996315263,results/ebbi/SC3_HBD_MWPM_2_5x/results/sweep_17_exp_0_checkpoints.csv
030303030,0.0150340384907074,0.0002098577679134,1254318929,results/ebbi/SC3_HBD_MWPM_2_5x/results/sweep_17_exp_0_checkpoints.csv
030303030,0.0151780941023035,9.370943735120818e-05,1422632405,results/ebbi/SC3_HBD_MWPM_2_5x/results/sweep_17_exp_0_checkpoints.csv
033202332,0.0195915049283609,0.000624781823717,351208,results/ebbi/SC3_HBD_MWPM_2_5x/results/sweep_9_exp_0_checkpoints.csv
022300003,0.0181521075738782,0.0005923514254391,656657,results/ebbi/SC3_HBD_MWPM_2_5x/results/sweep_9_exp_0_checkpoints.csv
022300003,0.0181521075738782,0.0005923514254391,848973,results/ebbi/SC3_HBD_MWPM_2_5x/results/sweep_9_exp_0_checkpoints.csv
022300003,0.0181521075738782,0.0005923514254391,907153,results/ebbi/SC3_HBD_MWPM_2_5x/results/sweep_9_exp_0_checkpoints.csv
030302003,0.0178749441407995,0.0005492975469678,1207854,results/ebbi/SC3_HBD_MWPM_2_5x/results/sweep_9_exp_0_checkpoints.csv
030302003,0.0178749441407995,0.0005492975469678,1428821,results/ebbi/SC3_HBD_MWPM_2_5x/results/sweep_9_exp_0_checkpoints.csv
030302003,0.0178749441407995,0.0005492975469678,1796494,results/ebbi/SC3_HBD_MWPM_2_5x/results/sweep_9_exp_0_checkpoints.csv
030303002,0.0171499492271239,0.000521233305335,2290980,results/ebbi/SC3_HBD_MWPM_2_5x/results/sweep_9_exp_0_checkpoints.csv
030303032,0.0154957217991993,0.0004893940058536,2841911,results/ebbi/SC3_HBD_MWPM_2_5x/results/sweep_9_exp_0_checkpoints.csv
030303032,0.0154957217991993,0.0004893940058536,3559466,results/ebbi/SC3_HBD_MWPM_2_5x/results/sweep_9_exp_0_checkpoints.csv
030303032,0.0154140296278722,0.0003254195617046,4568341,results/ebbi/SC3_HBD_MWPM_2_5x/results/sweep_9_exp_0_checkpoints.csv
030303032,0.0154140296278722,0.0003254195617046,5628094,results/ebbi/SC3_HBD_MWPM_2_5x/results/sweep_9_exp_0_checkpoints.csv
030303030,0.0154101226126519,0.000312253832817,7081904,results/ebbi/SC3_HBD_MWPM_2_5x/results/sweep_9_exp_0_checkpoints.csv
030303030,0.0154101226126519,0.000312253832817,8994929,results/ebbi/SC3_HBD_MWPM_2_5x/results/sweep_9_exp_0_checkpoints.csv
030303030,0.014866161702711,0.0002045198634732,11279658,results/ebbi/SC3_HBD_MWPM_2_5x/results/sweep_9_exp_0_checkpoints.csv
030303030,0.014866161702711,0.0002045198634732,14022107,results/ebbi/SC3_HBD_MWPM_2_5x/results/sweep_9_exp_0_checkpoints.csv
030303030,0.014866161702711,0.0002045198634732,17667577,results/ebbi/SC3_HBD_MWPM_2_5x/results/sweep_9_exp_0_checkpoints.csv
030303030,0.014866161702711,0.0002045198634732,22173507,results/ebbi/SC3_HBD_MWPM_2_5x/results/sweep_9_exp_0_checkpoints.csv
030303030,0.014866161702711,0.0002045198634732,27928588,results/ebbi/SC3_HBD_MWPM_2_5x/results/sweep_9_exp_0_checkpoints.csv
030303030,0.014866161702711,0.0002045198634732,35138271,results/ebbi/SC3_HBD_MWPM_2_5x/results/sweep_9_exp_0_checkpoints.csv
030303030,0.014866161702711,0.0002045198634732,44275295,results/ebbi/SC3_HBD_MWPM_2_5x/results/sweep_9_exp_0_checkpoints.csv
030303030,0.014866161702711,0.0002045198634732,55696575,results/ebbi/SC3_HBD_MWPM_2_5x/results/sweep_9_exp_0_checkpoints.csv
030303030,0.014866161702711,0.0002045198634732,70115941,results/ebbi/SC3_HBD_MWPM_2_5x/results/sweep_9_exp_0_checkpoints.csv
030303030,0.014866161702711,0.0002045198634732,88247223,results/ebbi/SC3_HBD_MWPM_2_5x/results/sweep_9_exp_0_checkpoints.csv
030303030,0.014866161702711,0.0002045198634732,111089783,results/ebbi/SC3_HBD_MWPM_2_5x/results/sweep_9_exp_0_checkpoints.csv
030303030,0.014866161702711,0.0002045198634732,139857132,results/ebbi/SC3_HBD_MWPM_2_5x/results/sweep_9_exp_0_checkpoints.csv
030303030,0.014866161702711,0.0002045198634732,176048313,results/ebbi/SC3_HBD_MWPM_2_5x/results/sweep_9_exp_0_checkpoints.csv
030303030,0.014866161702711,0.0002045198634732,221662050,results/ebbi/SC3_HBD_MWPM_2_5x/results/sweep_9_exp_0_checkpoints.csv
030303030,0.014866161702711,0.0002045198634732,278982599,results/ebbi/SC3_HBD_MWPM_2_5x/results/sweep_9_exp_0_checkpoints.csv
030303030,0.014866161702711,0.0002045198634732,351222195,results/ebbi/SC3_HBD_MWPM_2_5x/results/sweep_9_exp_0_checkpoints.csv
030303030,0.014866161702711,0.0002045198634732,442164137,results/ebbi/SC3_HBD_MWPM_2_5x/results/sweep_9_exp_0_checkpoints.csv
030303030,0.014866161702711,0.0002045198634732,556662469,results/ebbi/SC3_HBD_MWPM_2_5x/results/sweep_9_exp_0_checkpoints.csv
030303030,0.014866161702711,0.0002045198634732,700784746,results/ebbi/SC3_HBD_MWPM_2_5x/results/sweep_9_exp_0_checkpoints.csv
030303030,0.014866161702711,0.0002045198634732,882240332,results/ebbi/SC3_HBD_MWPM_2_5x/results/sweep_9_exp_0_checkpoints.csv
030303030,0.014866161702711,0.0002045198634732,1110665932,results/ebbi/SC3_HBD_MWPM_2_5x/results/sweep_9_exp_0_checkpoints.csv
030303030,0.0150816983508002,0.0001373167615383,1398749458,results/ebbi/SC3_HBD_MWPM_2_5x/results/sweep_9_exp_0_checkpoints.csv
030303030,0.0150816983508002,0.0001373167615383,1399462226,results/ebbi/SC3_HBD_MWPM_2_5x/results/sweep_9_exp_0_checkpoints.csv
332203320,0.0208191943790171,0.0006378945545293,382851,results/ebbi/SC3_HBD_MWPM_2_5x/results/sweep_20_exp_0_checkpoints.csv
032303320,0.0182782085773065,0.000595782243181,610007,results/ebbi/SC3_HBD_MWPM_2_5x/results/sweep_20_exp_0_checkpoints.csv
030303320,0.0175152824041875,0.0005612031673081,1026933,results/ebbi/SC3_HBD_MWPM_2_5x/results/sweep_20_exp_0_checkpoints.csv
030303300,0.0171889596602972,0.0005356618203222,1233408,results/ebbi/SC3_HBD_MWPM_2_5x/results/sweep_20_exp_0_checkpoints.csv
030303302,0.0170777359990724,0.0005272990092635,1588541,results/ebbi/SC3_HBD_MWPM_2_5x/results/sweep_20_exp_0_checkpoints.csv
030303020,0.0158580624901868,0.0004950110451318,1941425,results/ebbi/SC3_HBD_MWPM_2_5x/results/sweep_20_exp_0_checkpoints.csv
030303020,0.0158580624901868,0.0004950110451318,2497518,results/ebbi/SC3_HBD_MWPM_2_5x/results/sweep_20_exp_0_checkpoints.csv
030303020,0.0158580624901868,0.0004950110451318,3082568,results/ebbi/SC3_HBD_MWPM_2_5x/results/sweep_20_exp_0_checkpoints.csv
030303030,0.014132192681489,0.0004588912706822,4046787,results/ebbi/SC3_HBD_MWPM_2_5x/results/sweep_20_exp_0_checkpoints.csv
030303030,0.014132192681489,0.0004588912706822,4979560,results/ebbi/SC3_HBD_MWPM_2_5x/results/sweep_20_exp_0_checkpoints.csv
030303030,0.014132192681489,0.0004588912706822,6113970,results/ebbi/SC3_HBD_MWPM_2_5x/results/sweep_20_exp_0_checkpoints.csv
030303030,0.014132192681489,0.0004588912706822,7664523,results/ebbi/SC3_HBD_MWPM_2_5x/results/sweep_20_exp_0_checkpoints.csv
030303030,0.014132192681489,0.0004588912706822,9679964,results/ebbi/SC3_HBD_MWPM_2_5x/results/sweep_20_exp_0_checkpoints.csv
030303030,0.014132192681489,0.0004588912706822,12127505,results/ebbi/SC3_HBD_MWPM_2_5x/results/sweep_20_exp_0_checkpoints.csv
030303030,0.014132192681489,0.0004588912706822,15268207,results/ebbi/SC3_HBD_MWPM_2_5x/results/sweep_20_exp_0_checkpoints.csv
030303030,0.014132192681489,0.0004588912706822,19248997,results/ebbi/SC3_HBD_MWPM_2_5x/results/sweep_20_exp_0_checkpoints.csv
030303030,0.014132192681489,0.0004588912706822,24170701,results/ebbi/SC3_HBD_MWPM_2_5x/results/sweep_20_exp_0_checkpoints.csv
030303030,0.014132192681489,0.0004588912706822,30467587,results/ebbi/SC3_HBD_MWPM_2_5x/results/sweep_20_exp_0_checkpoints.csv
030303030,0.014132192681489,0.0004588912706822,38356789,results/ebbi/SC3_HBD_MWPM_2_5x/results/sweep_20_exp_0_checkpoints.csv
030303030,0.014132192681489,0.0004588912706822,48200197,results/ebbi/SC3_HBD_MWPM_2_5x/results/sweep_20_exp_0_checkpoints.csv
030303030,0.014132192681489,0.0004588912706822,60721591,results/ebbi/SC3_HBD_MWPM_2_5x/results/sweep_20_exp_0_checkpoints.csv
030303030,0.014132192681489,0.0004588912706822,76427617,results/ebbi/SC3_HBD_MWPM_2_5x/results/sweep_20_exp_0_checkpoints.csv
030303030,0.014132192681489,0.0004588912706822,96186811,results/ebbi/SC3_HBD_MWPM_2_5x/results/sweep_20_exp_0_checkpoints.csv
030303030,0.014132192681489,0.0004588912706822,121084843,results/ebbi/SC3_HBD_MWPM_2_5x/results/sweep_20_exp_0_checkpoints.csv
030303030,0.014132192681489,0.0004588912706822,152424517,results/ebbi/SC3_HBD_MWPM_2_5x/results/sweep_20_exp_0_checkpoints.csv
030303030,0.014132192681489,0.0004588912706822,191942905,results/ebbi/SC3_HBD_MWPM_2_5x/results/sweep_20_exp_0_checkpoints.csv
030303030,0.014132192681489,0.0004588912706822,241594213,results/ebbi/SC3_HBD_MWPM_2_5x/results/sweep_20_exp_0_checkpoints.csv
030303030,0.014132192681489,0.0004588912706822,304128805,results/ebbi/SC3_HBD_MWPM_2_5x/results/sweep_20_exp_0_checkpoints.csv
030303030,0.014132192681489,0.0004588912706822,382876069,results/ebbi/SC3_HBD_MWPM_2_5x/results/sweep_20_exp_0_checkpoints.csv
030303030,0.014132192681489,0.0004588912706822,482033929,results/ebbi/SC3_HBD_MWPM_2_5x/results/sweep_20_exp_0_checkpoints.csv
030303030,0.014132192681489,0.0004588912706822,606813601,results/ebbi/SC3_HBD_MWPM_2_5x/results/sweep_20_exp_0_checkpoints.csv
030303030,0.014132192681489,0.0004588912706822,763946239,results/ebbi/SC3_HBD_MWPM_2_5x/results/sweep_20_exp_0_checkpoints.csv
030303030,0.014132192681489,0.0004588912706822,961682935,results/ebbi/SC3_HBD_MWPM_2_5x/results/sweep_20_exp_0_checkpoints.csv
030303030,0.014132192681489,0.0004588912706822,1210735633,results/ebbi/SC3_HBD_MWPM_2_5x/results/sweep_20_exp_0_checkpoints.csv
030303030,0.014132192681489,0.0004588912706822,1412877755,results/ebbi/SC3_HBD_MWPM_2_5x/results/sweep_20_exp_0_checkpoints.csv
330002333,0.0193083172761764,0.0006133003626018,420471,results/ebbi/SC3_HBD_MWPM_2_5x/results/sweep_11_exp_0_checkpoints.csv
330002333,0.0193083172761764,0.0006133003626018,651617,results/ebbi/SC3_HBD_MWPM_2_5x/results/sweep_11_exp_0_checkpoints.csv
330002333,0.0193083172761764,0.0006133003626018,734726,results/ebbi/SC3_HBD_MWPM_2_5x/results/sweep_11_exp_0_checkpoints.csv
330002000,0.0189748102518974,0.0005841755191795,926096,results/ebbi/SC3_HBD_MWPM_2_5x/results/sweep_11_exp_0_checkpoints.csv
330002000,0.0189748102518974,0.0005841755191795,1125306,results/ebbi/SC3_HBD_MWPM_2_5x/results/sweep_11_exp_0_checkpoints.csv
330002000,0.0189748102518974,0.0005841755191795,1356516,results/ebbi/SC3_HBD_MWPM_2_5x/results/sweep_11_exp_0_checkpoints.csv
330002000,0.0189748102518974,0.0005841755191795,1678085,results/ebbi/SC3_HBD_MWPM_2_5x/results/sweep_11_exp_0_checkpoints.csv
330002000,0.0189748102518974,0.0005841755191795,2124705,results/ebbi/SC3_HBD_MWPM_2_5x/results/sweep_11_exp_0_checkpoints.csv
330303000,0.016916213201744,0.0005301242927089,2795693,results/ebbi/SC3_HBD_MWPM_2_5x/results/sweep_11_exp_0_checkpoints.csv
330303000,0.016916213201744,0.0005301242927089,3371825,results/ebbi/SC3_HBD_MWPM_2_5x/results/sweep_11_exp_0_checkpoints.csv
230303000,0.0165021201189798,0.0005067349411547,4227357,results/ebbi/SC3_HBD_MWPM_2_5x/results/sweep_11_exp_0_checkpoints.csv
330303030,0.0155518959256375,0.0003247973509132,5432527,results/ebbi/SC3_HBD_MWPM_2_5x/results/sweep_11_exp_0_checkpoints.csv
030303030,0.0144683323649041,0.0004551147867459,6751271,results/ebbi/SC3_HBD_MWPM_2_5x/results/sweep_11_exp_0_checkpoints.csv
030303030,0.0144683323649041,0.0004551147867459,8431499,results/ebbi/SC3_HBD_MWPM_2_5x/results/sweep_11_exp_0_checkpoints.csv
030303030,0.0144683323649041,0.0004551147867459,10621974,results/ebbi/SC3_HBD_MWPM_2_5x/results/sweep_11_exp_0_checkpoints.csv
030303030,0.0144683323649041,0.0004551147867459,13367761,results/ebbi/SC3_HBD_MWPM_2_5x/results/sweep_11_exp_0_checkpoints.csv
030303030,0.0144683323649041,0.0004551147867459,16740778,results/ebbi/SC3_HBD_MWPM_2_5x/results/sweep_11_exp_0_checkpoints.csv
030303030,0.0144683323649041,0.0004551147867459,21088069,results/ebbi/SC3_HBD_MWPM_2_5x/results/sweep_11_exp_0_checkpoints.csv
030303030,0.0144683323649041,0.0004551147867459,26558643,results/ebbi/SC3_HBD_MWPM_2_5x/results/sweep_11_exp_0_checkpoints.csv
030303030,0.0144683323649041,0.0004551147867459,33428148,results/ebbi/SC3_HBD_MWPM_2_5x/results/sweep_11_exp_0_checkpoints.csv
030303030,0.0144683323649041,0.0004551147867459,42119803,results/ebbi/SC3_HBD_MWPM_2_5x/results/sweep_11_exp_0_checkpoints.csv
030303030,0.0144683323649041,0.0004551147867459,52979817,results/ebbi/SC3_HBD_MWPM_2_5x/results/sweep_11_exp_0_checkpoints.csv
030303030,0.0144683323649041,0.0004551147867459,66682385,results/ebbi/SC3_HBD_MWPM_2_5x/results/sweep_11_exp_0_checkpoints.csv
030303030,0.0144683323649041,0.0004551147867459,83956367,results/ebbi/SC3_HBD_MWPM_2_5x/results/sweep_11_exp_0_checkpoints.csv
030303030,0.0144683323649041,0.0004551147867459,105676395,results/ebbi/SC3_HBD_MWPM_2_5x/results/sweep_11_exp_0_checkpoints.csv
030303030,0.0144683323649041,0.0004551147867459,133008645,results/ebbi/SC3_HBD_MWPM_2_5x/results/sweep_11_exp_0_checkpoints.csv
030303030,0.0144683323649041,0.0004551147867459,167410837,results/ebbi/SC3_HBD_MWPM_2_5x/results/sweep_11_exp_0_checkpoints.csv
030303030,0.0144683323649041,0.0004551147867459,210778007,results/ebbi/SC3_HBD_MWPM_2_5x/results/sweep_11_exp_0_checkpoints.csv
030303030,0.0144683323649041,0.0004551147867459,265369621,results/ebbi/SC3_HBD_MWPM_2_5x/results/sweep_11_exp_0_checkpoints.csv
030303030,0.0144683323649041,0.0004551147867459,334028233,results/ebbi/SC3_HBD_MWPM_2_5x/results/sweep_11_exp_0_checkpoints.csv
030303030,0.0144683323649041,0.0004551147867459,420471029,results/ebbi/SC3_HBD_MWPM_2_5x/results/sweep_11_exp_0_checkpoints.csv
030303030,0.0144683323649041,0.0004551147867459,529362713,results/ebbi/SC3_HBD_MWPM_2_5x/results/sweep_11_exp_0_checkpoints.csv
030303030,0.0144683323649041,0.0004551147867459,666461279,results/ebbi/SC3_HBD_MWPM_2_5x/results/sweep_11_exp_0_checkpoints.csv
030303030,0.0144683323649041,0.0004551147867459,838982441,results/ebbi/SC3_HBD_MWPM_2_5x/results/sweep_11_exp_0_checkpoints.csv
030303030,0.0144683323649041,0.0004551147867459,1056182721,results/ebbi/SC3_HBD_MWPM_2_5x/results/sweep_11_exp_0_checkpoints.csv
030303030,0.0144683323649041,0.0004551147867459,1329650993,results/ebbi/SC3_HBD_MWPM_2_5x/results/sweep_11_exp_0_checkpoints.csv
030303030,0.0147980016815258,0.0002045344735961,1424781423,results/ebbi/SC3_HBD_MWPM_2_5x/results/sweep_11_exp_0_checkpoints.csv
300003020,0.018644633289502,0.0005992401856929,388814,results/ebbi/SC3_HBD_MWPM_2_5x/results/sweep_3_exp_0_checkpoints.csv
000003020,0.0175853733274318,0.0005423069233074,769969,results/ebbi/SC3_HBD_MWPM_2_5x/results/sweep_3_exp_0_checkpoints.csv
300303020,0.0172359397572356,0.0005303435609675,890628,results/ebbi/SC3_HBD_MWPM_2_5x/results/sweep_3_exp_0_checkpoints.csv
300303020,0.0172359397572356,0.0005303435609675,1047477,results/ebbi/SC3_HBD_MWPM_2_5x/results/sweep_3_exp_0_checkpoints.csv
300303020,0.0172359397572356,0.0005303435609675,1234786,results/ebbi/SC3_HBD_MWPM_2_5x/results/sweep_3_exp_0_checkpoints.csv
300303020,0.0172359397572356,0.0005303435609675,1559291,results/ebbi/SC3_HBD_MWPM_2_5x/results/sweep_3_exp_0_checkpoints.csv
300003030,0.0175679817839471,0.0003887816565111,2011489,results/ebbi/SC3_HBD_MWPM_2_5x/results/sweep_3_exp_0_checkpoints.csv
330303030,0.0153070267309024,0.0004928059643134,2670318,results/ebbi/SC3_HBD_MWPM_2_5x/results/sweep_3_exp_0_checkpoints.csv
330303030,0.0153070267309024,0.0004928059643134,3094233,results/ebbi/SC3_HBD_MWPM_2_5x/results/sweep_3_exp_0_checkpoints.csv
330303030,0.0153070267309024,0.0004928059643134,3963862,results/ebbi/SC3_HBD_MWPM_2_5x/results/sweep_3_exp_0_checkpoints.csv
030303030,0.0154052767799516,0.0003144596994388,4896679,results/ebbi/SC3_HBD_MWPM_2_5x/results/sweep_3_exp_0_checkpoints.csv
030303330,0.0152790408193538,0.0003115076688118,6191654,results/ebbi/SC3_HBD_MWPM_2_5x/results/sweep_3_exp_0_checkpoints.csv
030303330,0.0152790408193538,0.0003115076688118,7782503,results/ebbi/SC3_HBD_MWPM_2_5x/results/sweep_3_exp_0_checkpoints.csv
030303330,0.0152790408193538,0.0003115076688118,9942413,results/ebbi/SC3_HBD_MWPM_2_5x/results/sweep_3_exp_0_checkpoints.csv
030303030,0.015226499614629,0.0002084400912281,12319281,results/ebbi/SC3_HBD_MWPM_2_5x/results/sweep_3_exp_0_checkpoints.csv
030303030,0.015226499614629,0.0002084400912281,15499260,results/ebbi/SC3_HBD_MWPM_2_5x/results/sweep_3_exp_0_checkpoints.csv
030303030,0.015226499614629,0.0002084400912281,19515854,results/ebbi/SC3_HBD_MWPM_2_5x/results/sweep_3_exp_0_checkpoints.csv
030303030,0.015226499614629,0.0002084400912281,24571832,results/ebbi/SC3_HBD_MWPM_2_5x/results/sweep_3_exp_0_checkpoints.csv
030303030,0.015226499614629,0.0002084400912281,30950252,results/ebbi/SC3_HBD_MWPM_2_5x/results/sweep_3_exp_0_checkpoints.csv
030303030,0.015226499614629,0.0002084400912281,38904849,results/ebbi/SC3_HBD_MWPM_2_5x/results/sweep_3_exp_0_checkpoints.csv
030303030,0.015226499614629,0.0002084400912281,48986631,results/ebbi/SC3_HBD_MWPM_2_5x/results/sweep_3_exp_0_checkpoints.csv
030303030,0.015226499614629,0.0002084400912281,61642485,results/ebbi/SC3_HBD_MWPM_2_5x/results/sweep_3_exp_0_checkpoints.csv
030303030,0.015226499614629,0.0002084400912281,77587431,results/ebbi/SC3_HBD_MWPM_2_5x/results/sweep_3_exp_0_checkpoints.csv
030303030,0.015226499614629,0.0002084400912281,97679493,results/ebbi/SC3_HBD_MWPM_2_5x/results/sweep_3_exp_0_checkpoints.csv
030303030,0.015226499614629,0.0002084400912281,122991201,results/ebbi/SC3_HBD_MWPM_2_5x/results/sweep_3_exp_0_checkpoints.csv
030303030,0.015226499614629,0.0002084400912281,154809591,results/ebbi/SC3_HBD_MWPM_2_5x/results/sweep_3_exp_0_checkpoints.csv
030303030,0.015226499614629,0.0002084400912281,194922213,results/ebbi/SC3_HBD_MWPM_2_5x/results/sweep_3_exp_0_checkpoints.csv
030303030,0.015226499614629,0.0002084400912281,245331123,results/ebbi/SC3_HBD_MWPM_2_5x/results/sweep_3_exp_0_checkpoints.csv
030303030,0.015226499614629,0.0002084400912281,308896401,results/ebbi/SC3_HBD_MWPM_2_5x/results/sweep_3_exp_0_checkpoints.csv
030303030,0.015226499614629,0.0002084400912281,388835637,results/ebbi/SC3_HBD_MWPM_2_5x/results/sweep_3_exp_0_checkpoints.csv
030303030,0.015226499614629,0.0002084400912281,489510453,results/ebbi/SC3_HBD_MWPM_2_5x/results/sweep_3_exp_0_checkpoints.csv
030303030,0.015226499614629,0.0002084400912281,616283499,results/ebbi/SC3_HBD_MWPM_2_5x/results/sweep_3_exp_0_checkpoints.csv
030303030,0.015226499614629,0.0002084400912281,775804461,results/ebbi/SC3_HBD_MWPM_2_5x/results/sweep_3_exp_0_checkpoints.csv
030303030,0.015226499614629,0.0002084400912281,976725081,results/ebbi/SC3_HBD_MWPM_2_5x/results/sweep_3_exp_0_checkpoints.csv
030303030,0.015226499614629,0.0002084400912281,1229556153,results/ebbi/SC3_HBD_MWPM_2_5x/results/sweep_3_exp_0_checkpoints.csv
030303030,0.0150800621231594,0.0001383008493576,1406629322,results/ebbi/SC3_HBD_MWPM_2_5x/results/sweep_3_exp_0_checkpoints.csv
230330032,0.0195696721311475,0.0006270263111218,406845,results/ebbi/SC3_HBD_MWPM_2_5x/results/sweep_5_exp_0_checkpoints.csv
230330032,0.0195696721311475,0.0006270263111218,686021,results/ebbi/SC3_HBD_MWPM_2_5x/results/sweep_5_exp_0_checkpoints.csv
230330032,0.0195696721311475,0.0006270263111218,857691,results/ebbi/SC3_HBD_MWPM_2_5x/results/sweep_5_exp_0_checkpoints.csv
230330032,0.0195696721311475,0.0006270263111218,1034387,results/ebbi/SC3_HBD_MWPM_2_5x/results/sweep_5_exp_0_checkpoints.csv
230330032,0.0195696721311475,0.0006270263111218,1343649,results/ebbi/SC3_HBD_MWPM_2_5x/results/sweep_5_exp_0_checkpoints.csv
330330032,0.0197166654333473,0.0003986418596468,1745334,results/ebbi/SC3_HBD_MWPM_2_5x/results/sweep_5_exp_0_checkpoints.csv
030330032,0.0192928979502436,0.0005876593641005,2147333,results/ebbi/SC3_HBD_MWPM_2_5x/results/sweep_5_exp_0_checkpoints.csv
030000032,0.0174405059078049,0.0005340159987099,2821519,results/ebbi/SC3_HBD_MWPM_2_5x/results/sweep_5_exp_0_checkpoints.csv
030000032,0.0174405059078049,0.0005340159987099,3271379,results/ebbi/SC3_HBD_MWPM_2_5x/results/sweep_5_exp_0_checkpoints.csv
030000032,0.0176553254437869,0.0003581622731871,4068958,results/ebbi/SC3_HBD_MWPM_2_5x/results/sweep_5_exp_0_checkpoints.csv
030300032,0.0175590414345144,0.0002473470813129,5231730,results/ebbi/SC3_HBD_MWPM_2_5x/results/sweep_5_exp_0_checkpoints.csv
030300032,0.0175590414345144,0.0002473470813129,6485458,results/ebbi/SC3_HBD_MWPM_2_5x/results/sweep_5_exp_0_checkpoints.csv
030300032,0.0173183441727326,0.0001637845416553,8399297,results/ebbi/SC3_HBD_MWPM_2_5x/results/sweep_5_exp_0_checkpoints.csv
033300030,0.0154803578374173,0.0004869431722909,10223249,results/ebbi/SC3_HBD_MWPM_2_5x/results/sweep_5_exp_0_checkpoints.csv
030303030,0.0152118320107563,0.0003142198256682,12926432,results/ebbi/SC3_HBD_MWPM_2_5x/results/sweep_5_exp_0_checkpoints.csv
030303030,0.0149248922009748,0.0002075263037113,16220165,results/ebbi/SC3_HBD_MWPM_2_5x/results/sweep_5_exp_0_checkpoints.csv
030303030,0.0149248922009748,0.0002075263037113,20437642,results/ebbi/SC3_HBD_MWPM_2_5x/results/sweep_5_exp_0_checkpoints.csv
030303030,0.0149248922009748,0.0002075263037113,25726156,results/ebbi/SC3_HBD_MWPM_2_5x/results/sweep_5_exp_0_checkpoints.csv
030303030,0.0149248922009748,0.0002075263037113,32317248,results/ebbi/SC3_HBD_MWPM_2_5x/results/sweep_5_exp_0_checkpoints.csv
030303030,0.0149248922009748,0.0002075263037113,40696671,results/ebbi/SC3_HBD_MWPM_2_5x/results/sweep_5_exp_0_checkpoints.csv
030303030,0.0149248922009748,0.0002075263037113,51224664,results/ebbi/SC3_HBD_MWPM_2_5x/results/sweep_5_exp_0_checkpoints.csv
030303030,0.0149248922009748,0.0002075263037113,64492083,results/ebbi/SC3_HBD_MWPM_2_5x/results/sweep_5_exp_0_checkpoints.csv
030303030,0.0149248922009748,0.0002075263037113,81179310,results/ebbi/SC3_HBD_MWPM_2_5x/results/sweep_5_exp_0_checkpoints.csv
030303030,0.0149248922009748,0.0002075263037113,102235296,results/ebbi/SC3_HBD_MWPM_2_5x/results/sweep_5_exp_0_checkpoints.csv
030303030,0.0149248922009748,0.0002075263037113,128662707,results/ebbi/SC3_HBD_MWPM_2_5x/results/sweep_5_exp_0_checkpoints.csv
030303030,0.0149248922009748,0.0002075263037113,162037161,results/ebbi/SC3_HBD_MWPM_2_5x/results/sweep_5_exp_0_checkpoints.csv
030303030,0.0149248922009748,0.0002075263037113,203934276,results/ebbi/SC3_HBD_MWPM_2_5x/results/sweep_5_exp_0_checkpoints.csv
030303030,0.0149248922009748,0.0002075263037113,256717479,results/ebbi/SC3_HBD_MWPM_2_5x/results/sweep_5_exp_0_checkpoints.csv
030303030,0.0149248922009748,0.0002075263037113,323179911,results/ebbi/SC3_HBD_MWPM_2_5x/results/sweep_5_exp_0_checkpoints.csv
030303030,0.0149248922009748,0.0002075263037113,406902522,results/ebbi/SC3_HBD_MWPM_2_5x/results/sweep_5_exp_0_checkpoints.csv
030303030,0.0149248922009748,0.0002075263037113,512254071,results/ebbi/SC3_HBD_MWPM_2_5x/results/sweep_5_exp_0_checkpoints.csv
030303030,0.0149248922009748,0.0002075263037113,644820840,results/ebbi/SC3_HBD_MWPM_2_5x/results/sweep_5_exp_0_checkpoints.csv
030303030,0.0149248922009748,0.0002075263037113,811764729,results/ebbi/SC3_HBD_MWPM_2_5x/results/sweep_5_exp_0_checkpoints.csv
030303030,0.0149248922009748,0.0002075263037113,1021966494,results/ebbi/SC3_HBD_MWPM_2_5x/results/sweep_5_exp_0_checkpoints.csv
030303030,0.0149248922009748,0.0002075263037113,1286598699,results/ebbi/SC3_HBD_MWPM_2_5x/results/sweep_5_exp_0_checkpoints.csv
030303030,0.014812008441686,0.0001378349406877,1408015981,results/ebbi/SC3_HBD_MWPM_2_5x/results/sweep_5_exp_0_checkpoints.csv
033323032,0.019075156532773,0.0006238738424144,333037,results/ebbi/SC3_HBD_MWPM_2_5x/results/sweep_8_exp_0_checkpoints.csv
020303332,0.0183466120897595,0.0005736726452596,652071,results/ebbi/SC3_HBD_MWPM_2_5x/results/sweep_8_exp_0_checkpoints.csv
020303332,0.0183466120897595,0.0005736726452596,709852,results/ebbi/SC3_HBD_MWPM_2_5x/results/sweep_8_exp_0_checkpoints.csv
020303332,0.0183466120897595,0.0005736726452596,865233,results/ebbi/SC3_HBD_MWPM_2_5x/results/sweep_8_exp_0_checkpoints.csv
020303332,0.0183466120897595,0.0005736726452596,1053450,results/ebbi/SC3_HBD_MWPM_2_5x/results/sweep_8_exp_0_checkpoints.csv
020303332,0.0184120332017607,0.0003831235517282,1414325,results/ebbi/SC3_HBD_MWPM_2_5x/results/sweep_8_exp_0_checkpoints.csv
020303032,0.0178437008143433,0.0005475570214912,1761667,results/ebbi/SC3_HBD_MWPM_2_5x/results/sweep_8_exp_0_checkpoints.csv
033303032,0.0157174029916827,0.0004945885739289,2433490,results/ebbi/SC3_HBD_MWPM_2_5x/results/sweep_8_exp_0_checkpoints.csv
033303032,0.0157174029916827,0.0004945885739289,2718387,results/ebbi/SC3_HBD_MWPM_2_5x/results/sweep_8_exp_0_checkpoints.csv
033303032,0.0157174029916827,0.0004945885739289,3365825,results/ebbi/SC3_HBD_MWPM_2_5x/results/sweep_8_exp_0_checkpoints.csv
033303032,0.0157174029916827,0.0004945885739289,4222474,results/ebbi/SC3_HBD_MWPM_2_5x/results/sweep_8_exp_0_checkpoints.csv
030303032,0.0159711798258781,0.0003434420505072,5403783,results/ebbi/SC3_HBD_MWPM_2_5x/results/sweep_8_exp_0_checkpoints.csv
030303030,0.0151385899522284,0.0003127863456029,6752708,results/ebbi/SC3_HBD_MWPM_2_5x/results/sweep_8_exp_0_checkpoints.csv
030303030,0.0151385899522284,0.0003127863456029,8413698,results/ebbi/SC3_HBD_MWPM_2_5x/results/sweep_8_exp_0_checkpoints.csv
030303030,0.0152006976221932,0.0002089462359435,10668937,results/ebbi/SC3_HBD_MWPM_2_5x/results/sweep_8_exp_0_checkpoints.csv
030303030,0.0152006976221932,0.0002089462359435,13507199,results/ebbi/SC3_HBD_MWPM_2_5x/results/sweep_8_exp_0_checkpoints.csv
030303030,0.0152006976221932,0.0002089462359435,16736351,results/ebbi/SC3_HBD_MWPM_2_5x/results/sweep_8_exp_0_checkpoints.csv
030303030,0.0152006976221932,0.0002089462359435,21077766,results/ebbi/SC3_HBD_MWPM_2_5x/results/sweep_8_exp_0_checkpoints.csv
030303030,0.0152006976221932,0.0002089462359435,26495569,results/ebbi/SC3_HBD_MWPM_2_5x/results/sweep_8_exp_0_checkpoints.csv
030303030,0.0152006976221932,0.0002089462359435,33312674,results/ebbi/SC3_HBD_MWPM_2_5x/results/sweep_8_exp_0_checkpoints.csv
030303030,0.0152006976221932,0.0002089462359435,41959632,results/ebbi/SC3_HBD_MWPM_2_5x/results/sweep_8_exp_0_checkpoints.csv
030303030,0.0152006976221932,0.0002089462359435,52795241,results/ebbi/SC3_HBD_MWPM_2_5x/results/sweep_8_exp_0_checkpoints.csv
030303030,0.0152006976221932,0.0002089462359435,66501210,results/ebbi/SC3_HBD_MWPM_2_5x/results/sweep_8_exp_0_checkpoints.csv
030303030,0.0152006976221932,0.0002089462359435,83723370,results/ebbi/SC3_HBD_MWPM_2_5x/results/sweep_8_exp_0_checkpoints.csv
030303030,0.0152006976221932,0.0002089462359435,105322829,results/ebbi/SC3_HBD_MWPM_2_5x/results/sweep_8_exp_0_checkpoints.csv
030303030,0.0152006976221932,0.0002089462359435,132591249,results/ebbi/SC3_HBD_MWPM_2_5x/results/sweep_8_exp_0_checkpoints.csv
030303030,0.0152006976221932,0.0002089462359435,166963810,results/ebbi/SC3_HBD_MWPM_2_5x/results/sweep_8_exp_0_checkpoints.csv
030303030,0.0152006976221932,0.0002089462359435,210162728,results/ebbi/SC3_HBD_MWPM_2_5x/results/sweep_8_exp_0_checkpoints.csv
030303030,0.0152006976221932,0.0002089462359435,264556050,results/ebbi/SC3_HBD_MWPM_2_5x/results/sweep_8_exp_0_checkpoints.csv
030303030,0.0152006976221932,0.0002089462359435,333085895,results/ebbi/SC3_HBD_MWPM_2_5x/results/sweep_8_exp_0_checkpoints.csv
030303030,0.0152006976221932,0.0002089462359435,419340213,results/ebbi/SC3_HBD_MWPM_2_5x/results/sweep_8_exp_0_checkpoints.csv
030303030,0.0152006976221932,0.0002089462359435,527839821,results/ebbi/SC3_HBD_MWPM_2_5x/results/sweep_8_exp_0_checkpoints.csv
030303030,0.0152006976221932,0.0002089462359435,664540716,results/ebbi/SC3_HBD_MWPM_2_5x/results/sweep_8_exp_0_checkpoints.csv
030303030,0.0152006976221932,0.0002089462359435,836618798,results/ebbi/SC3_HBD_MWPM_2_5x/results/sweep_8_exp_0_checkpoints.csv
030303030,0.0152006976221932,0.0002089462359435,1053187460,results/ebbi/SC3_HBD_MWPM_2_5x/results/sweep_8_exp_0_checkpoints.csv
030303030,0.0152006976221932,0.0002089462359435,1325871660,results/ebbi/SC3_HBD_MWPM_2_5x/results/sweep_8_exp_0_checkpoints.csv
030303030,0.0150594640137399,0.0001386591466143,1411223966,results/ebbi/SC3_HBD_MWPM_2_5x/results/sweep_8_exp_0_checkpoints.csv
032300232,0.0200424134059628,0.0006390143535099,382002,results/ebbi/SC3_HBD_MWPM_2_5x/results/sweep_21_exp_0_checkpoints.csv
032300230,0.0192972407118449,0.0006113815470598,635818,results/ebbi/SC3_HBD_MWPM_2_5x/results/sweep_21_exp_0_checkpoints.csv
032300230,0.0192972407118449,0.0006113815470598,772018,results/ebbi/SC3_HBD_MWPM_2_5x/results/sweep_21_exp_0_checkpoints.csv
232300030,0.017759736141063,0.0005622486351057,1139823,results/ebbi/SC3_HBD_MWPM_2_5x/results/sweep_21_exp_0_checkpoints.csv
232300030,0.017759736141063,0.0005622486351057,1256309,results/ebbi/SC3_HBD_MWPM_2_5x/results/sweep_21_exp_0_checkpoints.csv
332303000,0.0173253465917768,0.0005374898319132,1552087,results/ebbi/SC3_HBD_MWPM_2_5x/results/sweep_21_exp_0_checkpoints.csv
030300030,0.0157449060598041,0.0005062579293735,2108352,results/ebbi/SC3_HBD_MWPM_2_5x/results/sweep_21_exp_0_checkpoints.csv
033303030,0.0151204395406979,0.0004721630830317,2499738,results/ebbi/SC3_HBD_MWPM_2_5x/results/sweep_21_exp_0_checkpoints.csv
033303030,0.0151204395406979,0.0004721630830317,3064969,results/ebbi/SC3_HBD_MWPM_2_5x/results/sweep_21_exp_0_checkpoints.csv
033303030,0.0151204395406979,0.0004721630830317,3846317,results/ebbi/SC3_HBD_MWPM_2_5x/results/sweep_21_exp_0_checkpoints.csv
030303030,0.0151981688624875,0.0003193113952875,4894534,results/ebbi/SC3_HBD_MWPM_2_5x/results/sweep_21_exp_0_checkpoints.csv
030303030,0.0151981688624875,0.0003193113952875,6096733,results/ebbi/SC3_HBD_MWPM_2_5x/results/sweep_21_exp_0_checkpoints.csv
030303030,0.0151981688624875,0.0003193113952875,7624283,results/ebbi/SC3_HBD_MWPM_2_5x/results/sweep_21_exp_0_checkpoints.csv
030303030,0.0151505976674619,0.0002125471946783,9623028,results/ebbi/SC3_HBD_MWPM_2_5x/results/sweep_21_exp_0_checkpoints.csv
030303030,0.0151505976674619,0.0002125471946783,12120743,results/ebbi/SC3_HBD_MWPM_2_5x/results/sweep_21_exp_0_checkpoints.csv
030303030,0.0150456982302028,0.0001412146521033,15371151,results/ebbi/SC3_HBD_MWPM_2_5x/results/sweep_21_exp_0_checkpoints.csv
030303030,0.0150456982302028,0.0001412146521033,19186963,results/ebbi/SC3_HBD_MWPM_2_5x/results/sweep_21_exp_0_checkpoints.csv
030303030,0.0150456982302028,0.0001412146521033,24153607,results/ebbi/SC3_HBD_MWPM_2_5x/results/sweep_21_exp_0_checkpoints.csv
030303030,0.0150456982302028,0.0001412146521033,30384304,results/ebbi/SC3_HBD_MWPM_2_5x/results/sweep_21_exp_0_checkpoints.csv
030303030,0.0150456982302028,0.0001412146521033,38239624,results/ebbi/SC3_HBD_MWPM_2_5x/results/sweep_21_exp_0_checkpoints.csv
030303030,0.0150456982302028,0.0001412146521033,48094480,results/ebbi/SC3_HBD_MWPM_2_5x/results/sweep_21_exp_0_checkpoints.csv
030303030,0.0150456982302028,0.0001412146521033,60591580,results/ebbi/SC3_HBD_MWPM_2_5x/results/sweep_21_exp_0_checkpoints.csv
030303030,0.0150456982302028,0.0001412146521033,76230808,results/ebbi/SC3_HBD_MWPM_2_5x/results/sweep_21_exp_0_checkpoints.csv
030303030,0.0150456982302028,0.0001412146521033,96011932,results/ebbi/SC3_HBD_MWPM_2_5x/results/sweep_21_exp_0_checkpoints.csv
030303030,0.0150456982302028,0.0001412146521033,120863308,results/ebbi/SC3_HBD_MWPM_2_5x/results/sweep_21_exp_0_checkpoints.csv
030303030,0.0150456982302028,0.0001412146521033,152141764,results/ebbi/SC3_HBD_MWPM_2_5x/results/sweep_21_exp_0_checkpoints.csv
030303030,0.0150456982302028,0.0001412146521033,191489776,results/ebbi/SC3_HBD_MWPM_2_5x/results/sweep_21_exp_0_checkpoints.csv
030303030,0.0150456982302028,0.0001412146521033,241049704,results/ebbi/SC3_HBD_MWPM_2_5x/results/sweep_21_exp_0_checkpoints.csv
030303030,0.0150456982302028,0.0001412146521033,303463792,results/ebbi/SC3_HBD_MWPM_2_5x/results/sweep_21_exp_0_checkpoints.csv
030303030,0.0150456982302028,0.0001412146521033,382016992,results/ebbi/SC3_HBD_MWPM_2_5x/results/sweep_21_exp_0_checkpoints.csv
030303030,0.0150456982302028,0.0001412146521033,480922612,results/ebbi/SC3_HBD_MWPM_2_5x/results/sweep_21_exp_0_checkpoints.csv
030303030,0.0150456982302028,0.0001412146521033,605465140,results/ebbi/SC3_HBD_MWPM_2_5x/results/sweep_21_exp_0_checkpoints.csv
030303030,0.0150456982302028,0.0001412146521033,762214480,results/ebbi/SC3_HBD_MWPM_2_5x/results/sweep_21_exp_0_checkpoints.csv
030303030,0.0150456982302028,0.0001412146521033,959597248,results/ebbi/SC3_HBD_MWPM_2_5x/results/sweep_21_exp_0_checkpoints.csv
030303030,0.0150456982302028,0.0001412146521033,1208039596,results/ebbi/SC3_HBD_MWPM_2_5x/results/sweep_21_exp_0_checkpoints.csv
030303030,0.0151257167087406,9.438940469408408e-05,1402187272,results/ebbi/SC3_HBD_MWPM_2_5x/results/sweep_21_exp_0_checkpoints.csv
000233200,0.0205714987513816,0.0006421919097192,355171,results/ebbi/SC3_HBD_MWPM_2_5x/results/sweep_16_exp_0_checkpoints.csv
000233200,0.0205714987513816,0.0006421919097192,526943,results/ebbi/SC3_HBD_MWPM_2_5x/results/sweep_16_exp_0_checkpoints.csv
000233200,0.0205714987513816,0.0006421919097192,582496,results/ebbi/SC3_HBD_MWPM_2_5x/results/sweep_16_exp_0_checkpoints.csv
000203200,0.0200462454930239,0.0006204313831403,774559,results/ebbi/SC3_HBD_MWPM_2_5x/results/sweep_16_exp_0_checkpoints.csv
000203000,0.0185682498273613,0.0005912337219342,939544,results/ebbi/SC3_HBD_MWPM_2_5x/results/sweep_16_exp_0_checkpoints.csv
030203000,0.0180547466511357,0.0005593625828623,1326651,results/ebbi/SC3_HBD_MWPM_2_5x/results/sweep_16_exp_0_checkpoints.csv
000303000,0.016813964885006,0.0005285338265821,1444349,results/ebbi/SC3_HBD_MWPM_2_5x/results/sweep_16_exp_0_checkpoints.csv
000303030,0.0162682273583969,0.0005143721355125,1876228,results/ebbi/SC3_HBD_MWPM_2_5x/results/sweep_16_exp_0_checkpoints.csv
000303030,0.0162682273583969,0.0005143721355125,2320829,results/ebbi/SC3_HBD_MWPM_2_5x/results/sweep_16_exp_0_checkpoints.csv
000303030,0.0162682273583969,0.0005143721355125,2876409,results/ebbi/SC3_HBD_MWPM_2_5x/results/sweep_16_exp_0_checkpoints.csv
002303030,0.0161038961038961,0.0004920191131532,3631111,results/ebbi/SC3_HBD_MWPM_2_5x/results/sweep_16_exp_0_checkpoints.csv
000303030,0.0163420064515654,0.0003436833212617,4511072,results/ebbi/SC3_HBD_MWPM_2_5x/results/sweep_16_exp_0_checkpoints.csv
000303030,0.0161690648656769,0.0002279281470691,5703528,results/ebbi/SC3_HBD_MWPM_2_5x/results/sweep_16_exp_0_checkpoints.csv
030303030,0.0149869606839864,0.0003121908521279,7143819,results/ebbi/SC3_HBD_MWPM_2_5x/results/sweep_16_exp_0_checkpoints.csv
030303030,0.0149869606839864,0.0003121908521279,8987916,results/ebbi/SC3_HBD_MWPM_2_5x/results/sweep_16_exp_0_checkpoints.csv
030303030,0.0149869606839864,0.0003121908521279,11271641,results/ebbi/SC3_HBD_MWPM_2_5x/results/sweep_16_exp_0_checkpoints.csv
030303030,0.0149869606839864,0.0003121908521279,14200803,results/ebbi/SC3_HBD_MWPM_2_5x/results/sweep_16_exp_0_checkpoints.csv
030303030,0.0149869606839864,0.0003121908521279,17865879,results/ebbi/SC3_HBD_MWPM_2_5x/results/sweep_16_exp_0_checkpoints.csv
030303030,0.0149869606839864,0.0003121908521279,22471978,results/ebbi/SC3_HBD_MWPM_2_5x/results/sweep_16_exp_0_checkpoints.csv
030303030,0.0149869606839864,0.0003121908521279,28280812,results/ebbi/SC3_HBD_MWPM_2_5x/results/sweep_16_exp_0_checkpoints.csv
030303030,0.0149869606839864,0.0003121908521279,35523926,results/ebbi/SC3_HBD_MWPM_2_5x/results/sweep_16_exp_0_checkpoints.csv
030303030,0.0149869606839864,0.0003121908521279,44775032,results/ebbi/SC3_HBD_MWPM_2_5x/results/sweep_16_exp_0_checkpoints.csv
030303030,0.0149869606839864,0.0003121908521279,56320986,results/ebbi/SC3_HBD_MWPM_2_5x/results/sweep_16_exp_0_checkpoints.csv
030303030,0.0149869606839864,0.0003121908521279,70878928,results/ebbi/SC3_HBD_MWPM_2_5x/results/sweep_16_exp_0_checkpoints.csv
030303030,0.0149869606839864,0.0003121908521279,89237712,results/ebbi/SC3_HBD_MWPM_2_5x/results/sweep_16_exp_0_checkpoints.csv
030303030,0.0149869606839864,0.0003121908521279,112347548,results/ebbi/SC3_HBD_MWPM_2_5x/results/sweep_16_exp_0_checkpoints.csv
030303030,0.0149869606839864,0.0003121908521279,141463432,results/ebbi/SC3_HBD_MWPM_2_5x/results/sweep_16_exp_0_checkpoints.csv
030303030,0.0149869606839864,0.0003121908521279,178037572,results/ebbi/SC3_HBD_MWPM_2_5x/results/sweep_16_exp_0_checkpoints.csv
030303030,0.0149869606839864,0.0003121908521279,224149674,results/ebbi/SC3_HBD_MWPM_2_5x/results/sweep_16_exp_0_checkpoints.csv
030303030,0.0149869606839864,0.0003121908521279,282166300,results/ebbi/SC3_HBD_MWPM_2_5x/results/sweep_16_exp_0_checkpoints.csv
030303030,0.0149869606839864,0.0003121908521279,355171152,results/ebbi/SC3_HBD_MWPM_2_5x/results/sweep_16_exp_0_checkpoints.csv
030303030,0.0149869606839864,0.0003121908521279,447180214,results/ebbi/SC3_HBD_MWPM_2_5x/results/sweep_16_exp_0_checkpoints.csv
030303030,0.0149869606839864,0.0003121908521279,562926610,results/ebbi/SC3_HBD_MWPM_2_5x/results/sweep_16_exp_0_checkpoints.csv
030303030,0.0149869606839864,0.0003121908521279,708721172,results/ebbi/SC3_HBD_MWPM_2_5x/results/sweep_16_exp_0_checkpoints.csv
030303030,0.0149869606839864,0.0003121908521279,892165584,results/ebbi/SC3_HBD_MWPM_2_5x/results/sweep_16_exp_0_checkpoints.csv
030303030,0.0149869606839864,0.0003121908521279,1123156378,results/ebbi/SC3_HBD_MWPM_2_5x/results/sweep_16_exp_0_checkpoints.csv
030303030,0.0150464801124935,9.268270514439791e-05,1400993031,results/ebbi/SC3_HBD_MWPM_2_5x/results/sweep_16_exp_0_checkpoints.csv
333000333,0.0197309972934443,0.0006321432301774,364455,results/ebbi/SC3_HBD_MWPM_2_5x/results/sweep_10_exp_0_checkpoints.csv
032303333,0.0184110789790383,0.0005697419983334,702187,results/ebbi/SC3_HBD_MWPM_2_5x/results/sweep_10_exp_0_checkpoints.csv
032303333,0.0184110789790383,0.0005697419983334,802104,results/ebbi/SC3_HBD_MWPM_2_5x/results/sweep_10_exp_0_checkpoints.csv
032303333,0.0184110789790383,0.0005697419983334,979375,results/ebbi/SC3_HBD_MWPM_2_5x/results/sweep_10_exp_0_checkpoints.csv
032303333,0.0184110789790383,0.0005697419983334,1159920,results/ebbi/SC3_HBD_MWPM_2_5x/results/sweep_10_exp_0_checkpoints.csv
030303032,0.0158173927021379,0.0005002322723157,1902374,results/ebbi/SC3_HBD_MWPM_2_5x/results/sweep_10_exp_0_checkpoints.csv
330303032,0.01568219821937,0.0004822208429686,2318421,results/ebbi/SC3_HBD_MWPM_2_5x/results/sweep_10_exp_0_checkpoints.csv
330303032,0.01568219821937,0.0004822208429686,2992984,results/ebbi/SC3_HBD_MWPM_2_5x/results/sweep_10_exp_0_checkpoints.csv
030303033,0.0159274221441319,0.0002328324335394,3753740,results/ebbi/SC3_HBD_MWPM_2_5x/results/sweep_10_exp_0_checkpoints.csv
030303033,0.0159274221441319,0.0002328324335394,4604079,results/ebbi/SC3_HBD_MWPM_2_5x/results/sweep_10_exp_0_checkpoints.csv
030303030,0.0150359838283678,0.0003100113535765,5849228,results/ebbi/SC3_HBD_MWPM_2_5x/results/sweep_10_exp_0_checkpoints.csv
030303030,0.0150359838283678,0.0003100113535765,7339796,results/ebbi/SC3_HBD_MWPM_2_5x/results/sweep_10_exp_0_checkpoints.csv
030303030,0.0150359838283678,0.0003100113535765,9349376,results/ebbi/SC3_HBD_MWPM_2_5x/results/sweep_10_exp_0_checkpoints.csv
030303030,0.0150359838283678,0.0003100113535765,11574808,results/ebbi/SC3_HBD_MWPM_2_5x/results/sweep_10_exp_0_checkpoints.csv
030303030,0.0150359838283678,0.0003100113535765,14512963,results/ebbi/SC3_HBD_MWPM_2_5x/results/sweep_10_exp_0_checkpoints.csv
030303030,0.0150359838283678,0.0003100113535765,18326747,results/ebbi/SC3_HBD_MWPM_2_5x/results/sweep_10_exp_0_checkpoints.csv
030303030,0.0150359838283678,0.0003100113535765,23008079,results/ebbi/SC3_HBD_MWPM_2_5x/results/sweep_10_exp_0_checkpoints.csv
030303030,0.0150359838283678,0.0003100113535765,29006594,results/ebbi/SC3_HBD_MWPM_2_5x/results/sweep_10_exp_0_checkpoints.csv
030303030,0.0150359838283678,0.0003100113535765,36500288,results/ebbi/SC3_HBD_MWPM_2_5x/results/sweep_10_exp_0_checkpoints.csv
030303030,0.0150359838283678,0.0003100113535765,45898556,results/ebbi/SC3_HBD_MWPM_2_5x/results/sweep_10_exp_0_checkpoints.csv
030303030,0.0150359838283678,0.0003100113535765,57788789,results/ebbi/SC3_HBD_MWPM_2_5x/results/sweep_10_exp_0_checkpoints.csv
030303030,0.0150359838283678,0.0003100113535765,72740579,results/ebbi/SC3_HBD_MWPM_2_5x/results/sweep_10_exp_0_checkpoints.csv
030303030,0.0150359838283678,0.0003100113535765,91608314,results/ebbi/SC3_HBD_MWPM_2_5x/results/sweep_10_exp_0_checkpoints.csv
030303030,0.0150359838283678,0.0003100113535765,115317581,results/ebbi/SC3_HBD_MWPM_2_5x/results/sweep_10_exp_0_checkpoints.csv
030303030,0.0150359838283678,0.0003100113535765,145149962,results/ebbi/SC3_HBD_MWPM_2_5x/results/sweep_10_exp_0_checkpoints.csv
030303030,0.0150359838283678,0.0003100113535765,182671835,results/ebbi/SC3_HBD_MWPM_2_5x/results/sweep_10_exp_0_checkpoints.csv
030303030,0.0150359838283678,0.0003100113535765,230019170,results/ebbi/SC3_HBD_MWPM_2_5x/results/sweep_10_exp_0_checkpoints.csv
030303030,0.0150359838283678,0.0003100113535765,289541534,results/ebbi/SC3_HBD_MWPM_2_5x/results/sweep_10_exp_0_checkpoints.csv
030303030,0.0150359838283678,0.0003100113535765,364514081,results/ebbi/SC3_HBD_MWPM_2_5x/results/sweep_10_exp_0_checkpoints.csv
030303030,0.0150359838283678,0.0003100113535765,458852756,results/ebbi/SC3_HBD_MWPM_2_5x/results/sweep_10_exp_0_checkpoints.csv
030303030,0.0150359838283678,0.0003100113535765,577683887,results/ebbi/SC3_HBD_MWPM_2_5x/results/sweep_10_exp_0_checkpoints.csv
030303030,0.0150359838283678,0.0003100113535765,727201787,results/ebbi/SC3_HBD_MWPM_2_5x/results/sweep_10_exp_0_checkpoints.csv
030303030,0.0150359838283678,0.0003100113535765,915523142,results/ebbi/SC3_HBD_MWPM_2_5x/results/sweep_10_exp_0_checkpoints.csv
030303030,0.0150359838283678,0.0003100113535765,1152544613,results/ebbi/SC3_HBD_MWPM_2_5x/results/sweep_10_exp_0_checkpoints.csv
030303030,0.0150594919152012,0.0001378900924464,1392637627,results/ebbi/SC3_HBD_MWPM_2_5x/results/sweep_10_exp_0_checkpoints.csv
003203330,0.01807008261772,0.0006008823984302,353809,results/ebbi/SC3_HBD_MWPM_2_5x/results/sweep_2_exp_0_checkpoints.csv
003203330,0.01807008261772,0.0006008823984302,793278,results/ebbi/SC3_HBD_MWPM_2_5x/results/sweep_2_exp_0_checkpoints.csv
003303330,0.0169671845479391,0.0005531194619834,1007643,results/ebbi/SC3_HBD_MWPM_2_5x/results/sweep_2_exp_0_checkpoints.csv
033303330,0.0166719514026801,0.0005230573005974,1386602,results/ebbi/SC3_HBD_MWPM_2_5x/results/sweep_2_exp_0_checkpoints.csv
033303330,0.0166719514026801,0.0005230573005974,1544043,results/ebbi/SC3_HBD_MWPM_2_5x/results/sweep_2_exp_0_checkpoints.csv
033303030,0.0159465828750981,0.0004965243279002,1896746,results/ebbi/SC3_HBD_MWPM_2_5x/results/sweep_2_exp_0_checkpoints.csv
033303030,0.0159465828750981,0.0004965243279002,2238206,results/ebbi/SC3_HBD_MWPM_2_5x/results/sweep_2_exp_0_checkpoints.csv
030303030,0.0150037965072133,0.0004737363196909,3040027,results/ebbi/SC3_HBD_MWPM_2_5x/results/sweep_2_exp_0_checkpoints.csv
030303030,0.0150037965072133,0.0004737363196909,3575020,results/ebbi/SC3_HBD_MWPM_2_5x/results/sweep_2_exp_0_checkpoints.csv
030303030,0.0153280237580993,0.0003191698924638,4521589,results/ebbi/SC3_HBD_MWPM_2_5x/results/sweep_2_exp_0_checkpoints.csv
030303030,0.0153280237580993,0.0003191698924638,5792375,results/ebbi/SC3_HBD_MWPM_2_5x/results/sweep_2_exp_0_checkpoints.csv
030303030,0.0150889286860632,0.0002111408539349,7105251,results/ebbi/SC3_HBD_MWPM_2_5x/results/sweep_2_exp_0_checkpoints.csv
030303030,0.0150889286860632,0.0002111408539349,8969547,results/ebbi/SC3_HBD_MWPM_2_5x/results/sweep_2_exp_0_checkpoints.csv
030303030,0.0150889286860632,0.0002111408539349,11216234,results/ebbi/SC3_HBD_MWPM_2_5x/results/sweep_2_exp_0_checkpoints.csv
030303030,0.0150889286860632,0.0002111408539349,14109967,results/ebbi/SC3_HBD_MWPM_2_5x/results/sweep_2_exp_0_checkpoints.csv
030303030,0.0150889286860632,0.0002111408539349,17869227,results/ebbi/SC3_HBD_MWPM_2_5x/results/sweep_2_exp_0_checkpoints.csv
030303030,0.0150889286860632,0.0002111408539349,22366178,results/ebbi/SC3_HBD_MWPM_2_5x/results/sweep_2_exp_0_checkpoints.csv
030303030,0.0150889286860632,0.0002111408539349,28161936,results/ebbi/SC3_HBD_MWPM_2_5x/results/sweep_2_exp_0_checkpoints.csv
030303030,0.0150889286860632,0.0002111408539349,35433633,results/ebbi/SC3_HBD_MWPM_2_5x/results/sweep_2_exp_0_checkpoints.csv
030303030,0.0150889286860632,0.0002111408539349,44577252,results/ebbi/SC3_HBD_MWPM_2_5x/results/sweep_2_exp_0_checkpoints.csv
030303030,0.0150889286860632,0.0002111408539349,56114771,results/ebbi/SC3_HBD_MWPM_2_5x/results/sweep_2_exp_0_checkpoints.csv
030303030,0.0150889286860632,0.0002111408539349,70658165,results/ebbi/SC3_HBD_MWPM_2_5x/results/sweep_2_exp_0_checkpoints.csv
030303030,0.0150889286860632,0.0002111408539349,88873406,results/ebbi/SC3_HBD_MWPM_2_5x/results/sweep_2_exp_0_checkpoints.csv
030303030,0.0150889286860632,0.0002111408539349,111912446,results/ebbi/SC3_HBD_MWPM_2_5x/results/sweep_2_exp_0_checkpoints.csv
030303030,0.0150889286860632,0.0002111408539349,140855240,results/ebbi/SC3_HBD_MWPM_2_5x/results/sweep_2_exp_0_checkpoints.csv
030303030,0.0150889286860632,0.0002111408539349,177357719,results/ebbi/SC3_HBD_MWPM_2_5x/results/sweep_2_exp_0_checkpoints.csv
030303030,0.0150889286860632,0.0002111408539349,223291805,results/ebbi/SC3_HBD_MWPM_2_5x/results/sweep_2_exp_0_checkpoints.csv
030303030,0.0150889286860632,0.0002111408539349,281105396,results/ebbi/SC3_HBD_MWPM_2_5x/results/sweep_2_exp_0_checkpoints.csv
030303030,0.0150889286860632,0.0002111408539349,353822366,results/ebbi/SC3_HBD_MWPM_2_5x/results/sweep_2_exp_0_checkpoints.csv
030303030,0.0150889286860632,0.0002111408539349,445474547,results/ebbi/SC3_HBD_MWPM_2_5x/results/sweep_2_exp_0_checkpoints.csv
030303030,0.0150889286860632,0.0002111408539349,560813741,results/ebbi/SC3_HBD_MWPM_2_5x/results/sweep_2_exp_0_checkpoints.csv
030303030,0.0150889286860632,0.0002111408539349,705959693,results/ebbi/SC3_HBD_MWPM_2_5x/results/sweep_2_exp_0_checkpoints.csv
030303030,0.0150889286860632,0.0002111408539349,888760076,results/ebbi/SC3_HBD_MWPM_2_5x/results/sweep_2_exp_0_checkpoints.csv
030303030,0.0150889286860632,0.0002111408539349,1118862488,results/ebbi/SC3_HBD_MWPM_2_5x/results/sweep_2_exp_0_checkpoints.csv
030303030,0.0150889286860632,0.0002111408539349,1408586667,results/ebbi/SC3_HBD_MWPM_2_5x/results/sweep_2_exp_0_checkpoints.csv
030303030,0.0150176654889674,0.0001404332870151,1415428969,results/ebbi/SC3_HBD_MWPM_2_5x/results/sweep_2_exp_0_checkpoints.csv
000333333,0.0202918376652986,0.0006419096607714,353261,results/ebbi/SC3_HBD_MWPM_2_5x/results/sweep_4_exp_0_checkpoints.csv
033303220,0.0200238332454238,0.0006191399297676,533093,results/ebbi/SC3_HBD_MWPM_2_5x/results/sweep_4_exp_0_checkpoints.csv
033303220,0.0200238332454238,0.0006191399297676,613223,results/ebbi/SC3_HBD_MWPM_2_5x/results/sweep_4_exp_0_checkpoints.csv
033303220,0.0200238332454238,0.0006191399297676,753483,results/ebbi/SC3_HBD_MWPM_2_5x/results/sweep_4_exp_0_checkpoints.csv
033303220,0.0200238332454238,0.0006191399297676,937271,results/ebbi/SC3_HBD_MWPM_2_5x/results/sweep_4_exp_0_checkpoints.csv
033330020,0.0183162011373625,0.0005679426249116,1224714,results/ebbi/SC3_HBD_MWPM_2_5x/results/sweep_4_exp_0_checkpoints.csv
033330020,0.0183162011373625,0.0005679426249116,1431403,results/ebbi/SC3_HBD_MWPM_2_5x/results/sweep_4_exp_0_checkpoints.csv
033330020,0.0183162011373625,0.0005679426249116,1822399,results/ebbi/SC3_HBD_MWPM_2_5x/results/sweep_4_exp_0_checkpoints.csv
033300020,0.0181233557439345,0.0005531501374207,2278066,results/ebbi/SC3_HBD_MWPM_2_5x/results/sweep_4_exp_0_checkpoints.csv
033300020,0.0187160871226595,0.0003746418806258,2912072,results/ebbi/SC3_HBD_MWPM_2_5x/results/sweep_4_exp_0_checkpoints.csv
033300020,0.0187160871226595,0.0003746418806258,3666608,results/ebbi/SC3_HBD_MWPM_2_5x/results/sweep_4_exp_0_checkpoints.csv
033000020,0.0185212191920665,0.0003735336358658,4478824,results/ebbi/SC3_HBD_MWPM_2_5x/results/sweep_4_exp_0_checkpoints.csv
033300030,0.0168573453477776,0.0005288238753564,5658464,results/ebbi/SC3_HBD_MWPM_2_5x/results/sweep_4_exp_0_checkpoints.csv
033300030,0.0166870411063695,0.0003507992078084,7067257,results/ebbi/SC3_HBD_MWPM_2_5x/results/sweep_4_exp_0_checkpoints.csv
033333030,0.0163175915358277,0.0004975506453774,8909575,results/ebbi/SC3_HBD_MWPM_2_5x/results/sweep_4_exp_0_checkpoints.csv
030303030,0.0156412305233719,0.0003201877116225,11305346,results/ebbi/SC3_HBD_MWPM_2_5x/results/sweep_4_exp_0_checkpoints.csv
030303030,0.0153683612408331,0.0002116190007654,14121610,results/ebbi/SC3_HBD_MWPM_2_5x/results/sweep_4_exp_0_checkpoints.csv
030303033,0.0153294404083378,0.0002054104115813,17731276,results/ebbi/SC3_HBD_MWPM_2_5x/results/sweep_4_exp_0_checkpoints.csv
030303033,0.0153294404083378,0.0002054104115813,22318773,results/ebbi/SC3_HBD_MWPM_2_5x/results/sweep_4_exp_0_checkpoints.csv
030303033,0.0153294404083378,0.0002054104115813,28120170,results/ebbi/SC3_HBD_MWPM_2_5x/results/sweep_4_exp_0_checkpoints.csv
030303033,0.0153294404083378,0.0002054104115813,35366343,results/ebbi/SC3_HBD_MWPM_2_5x/results/sweep_4_exp_0_checkpoints.csv
030303033,0.0153294404083378,0.0002054104115813,44538885,results/ebbi/SC3_HBD_MWPM_2_5x/results/sweep_4_exp_0_checkpoints.csv
030303033,0.0153294404083378,0.0002054104115813,56025752,results/ebbi/SC3_HBD_MWPM_2_5x/results/sweep_4_exp_0_checkpoints.csv
030303033,0.0153294404083378,0.0002054104115813,70527029,results/ebbi/SC3_HBD_MWPM_2_5x/results/sweep_4_exp_0_checkpoints.csv
030303033,0.0153294404083378,0.0002054104115813,88791861,results/ebbi/SC3_HBD_MWPM_2_5x/results/sweep_4_exp_0_checkpoints.csv
030303033,0.0153294404083378,0.0002054104115813,111712084,results/ebbi/SC3_HBD_MWPM_2_5x/results/sweep_4_exp_0_checkpoints.csv
030303033,0.0153294404083378,0.0002054104115813,140678966,results/ebbi/SC3_HBD_MWPM_2_5x/results/sweep_4_exp_0_checkpoints.csv
030303033,0.0153294404083378,0.0002054104115813,177065936,results/ebbi/SC3_HBD_MWPM_2_5x/results/sweep_4_exp_0_checkpoints.csv
030303033,0.0153294404083378,0.0002054104115813,222942057,results/ebbi/SC3_HBD_MWPM_2_5x/results/sweep_4_exp_0_checkpoints.csv
030303033,0.0153294404083378,0.0002054104115813,280661780,results/ebbi/SC3_HBD_MWPM_2_5x/results/sweep_4_exp_0_checkpoints.csv
030303033,0.0153294404083378,0.0002054104115813,353293026,results/ebbi/SC3_HBD_MWPM_2_5x/results/sweep_4_exp_0_checkpoints.csv
030303033,0.0153294404083378,0.0002054104115813,444759880,results/ebbi/SC3_HBD_MWPM_2_5x/results/sweep_4_exp_0_checkpoints.csv
030303033,0.0153294404083378,0.0002054104115813,559913938,results/ebbi/SC3_HBD_MWPM_2_5x/results/sweep_4_exp_0_checkpoints.csv
030303033,0.0153294404083378,0.0002054104115813,704891042,results/ebbi/SC3_HBD_MWPM_2_5x/results/sweep_4_exp_0_checkpoints.csv
030303033,0.0153294404083378,0.0002054104115813,887396668,results/ebbi/SC3_HBD_MWPM_2_5x/results/sweep_4_exp_0_checkpoints.csv
030303033,0.0153294404083378,0.0002054104115813,1117134008,results/ebbi/SC3_HBD_MWPM_2_5x/results/sweep_4_exp_0_checkpoints.csv
030303030,0.0151062187978627,9.326005965704098e-05,1407091600,results/ebbi/SC3_HBD_MWPM_2_5x/results/sweep_4_exp_0_checkpoints.csv
030303030,0.0151062187978627,9.326005965704098e-05,1410733257,results/ebbi/SC3_HBD_MWPM_2_5x/results/sweep_4_exp_0_checkpoints.csv
