clifford_deformation,exp_ler,uncertainty,method_shots,source_file
2003333303032330330303230,0.054314811506164,0.0017489653546363,151400,results/ebbi/SC5_HBD_MWPM_5x/results/sweep_18_exp_0_checkpoints.csv
2003330303232330330303230,0.0501648351648351,0.0016179913654923,293471,results/ebbi/SC5_HBD_MWPM_5x/results/sweep_18_exp_0_checkpoints.csv
2003330303232330330303230,0.0501648351648351,0.0016179913654923,331778,results/ebbi/SC5_HBD_MWPM_5x/results/sweep_18_exp_0_checkpoints.csv
2003330303232330330303230,0.0501648351648351,0.0016179913654923,384292,results/ebbi/SC5_HBD_MWPM_5x/results/sweep_18_exp_0_checkpoints.csv
2003330303232330330303230,0.0501648351648351,0.0016179913654923,490332,results/ebbi/SC5_HBD_MWPM_5x/results/sweep_18_exp_0_checkpoints.csv
2303330303032330330303230,0.0480706036991831,0.0014656214043498,670117,results/ebbi/SC5_HBD_MWPM_5x/results/sweep_18_exp_0_checkpoints.csv
2303330303032330330303230,0.0480706036991831,0.0014656214043498,784853,results/ebbi/SC5_HBD_MWPM_5x/results/sweep_18_exp_0_checkpoints.csv
0303330303032330330303230,0.0482478183396536,0.0014484307030215,958311,results/ebbi/SC5_HBD_MWPM_5x/results/sweep_18_exp_0_checkpoints.csv
0303330303032330330303330,0.0479188369038452,0.0014374428428709,1262628,results/ebbi/SC5_HBD_MWPM_5x/results/sweep_18_exp_0_checkpoints.csv
0303330303030330330303330,0.0428937547772132,0.0013585955603048,1552478,results/ebbi/SC5_HBD_MWPM_5x/results/sweep_18_exp_0_checkpoints.csv
0303330303030330330303330,0.0439057535122604,0.0009159091860055,1918434,results/ebbi/SC5_HBD_MWPM_5x/results/sweep_18_exp_0_checkpoints.csv
0303330303030330330303330,0.0440467202558067,0.0006115513388067,2411778,results/ebbi/SC5_HBD_MWPM_5x/results/sweep_18_exp_0_checkpoints.csv
0303330303030330330303330,0.0440467202558067,0.0006115513388067,3059043,results/ebbi/SC5_HBD_MWPM_5x/results/sweep_18_exp_0_checkpoints.csv
0303030303030330330303333,0.044031381437704,0.0005796033656224,3837629,results/ebbi/SC5_HBD_MWPM_5x/results/sweep_18_exp_0_checkpoints.csv
0303330303030330330303330,0.0439930047016931,0.0004074673051945,4822270,results/ebbi/SC5_HBD_MWPM_5x/results/sweep_18_exp_0_checkpoints.csv
0303330303030330330303330,0.0439930047016931,0.0004074673051945,6039891,results/ebbi/SC5_HBD_MWPM_5x/results/sweep_18_exp_0_checkpoints.csv
0303330303030330330303330,0.0439930047016931,0.0004074673051945,7707103,results/ebbi/SC5_HBD_MWPM_5x/results/sweep_18_exp_0_checkpoints.csv
0303330303030330330303330,0.0439195650152381,0.0002714295405894,9557287,results/ebbi/SC5_HBD_MWPM_5x/results/sweep_18_exp_0_checkpoints.csv
0303330303030330330303330,0.0439195650152381,0.0002714295405894,12254423,results/ebbi/SC5_HBD_MWPM_5x/results/sweep_18_exp_0_checkpoints.csv
0303330303030333330303330,0.0439385624605468,0.000258121988736,15173605,results/ebbi/SC5_HBD_MWPM_5x/results/sweep_18_exp_0_checkpoints.csv
0303330303030333330303330,0.0434785060576945,0.0001712194789433,19064212,results/ebbi/SC5_HBD_MWPM_5x/results/sweep_18_exp_0_checkpoints.csv
0303330303030303030303330,0.040080972994715,0.0003561571065802,24143865,results/ebbi/SC5_HBD_MWPM_5x/results/sweep_18_exp_0_checkpoints.csv
0300230303030303030303030,0.0390576035553529,0.0005170159856788,30322489,results/ebbi/SC5_HBD_MWPM_5x/results/sweep_18_exp_0_checkpoints.csv
0303230303030303030303030,0.0389496390916635,0.0002296549209859,38106017,results/ebbi/SC5_HBD_MWPM_5x/results/sweep_18_exp_0_checkpoints.csv
0303230303030303030303030,0.0389496390916635,0.0002296549209859,47880021,results/ebbi/SC5_HBD_MWPM_5x/results/sweep_18_exp_0_checkpoints.csv
0303030303030303030303030,0.0373955018196768,0.0003311015025246,60298367,results/ebbi/SC5_HBD_MWPM_5x/results/sweep_18_exp_0_checkpoints.csv
0303030303030303030303030,0.0373955018196768,0.0003311015025246,75896802,results/ebbi/SC5_HBD_MWPM_5x/results/sweep_18_exp_0_checkpoints.csv
0303030303030303030303030,0.0373955018196768,0.0003311015025246,95542723,results/ebbi/SC5_HBD_MWPM_5x/results/sweep_18_exp_0_checkpoints.csv
0303030303030303030303030,0.0373955018196768,0.0003311015025246,120268491,results/ebbi/SC5_HBD_MWPM_5x/results/sweep_18_exp_0_checkpoints.csv
0303030303030303030303030,0.0373955018196768,0.0003311015025246,151417099,results/ebbi/SC5_HBD_MWPM_5x/results/sweep_18_exp_0_checkpoints.csv
0303030303030303030303030,0.0373955018196768,0.0003311015025246,190601926,results/ebbi/SC5_HBD_MWPM_5x/results/sweep_18_exp_0_checkpoints.csv
0303030303030303030303030,0.0373955018196768,0.0003311015025246,239960575,results/ebbi/SC5_HBD_MWPM_5x/results/sweep_18_exp_0_checkpoints.csv
0303030303030303030303030,0.0373955018196768,0.0003311015025246,302100418,results/ebbi/SC5_HBD_MWPM_5x/results/sweep_18_exp_0_checkpoints.csv
0303030303030303030303030,0.0373955018196768,0.0003311015025246,380311864,results/ebbi/SC5_HBD_MWPM_5x/results/sweep_18_exp_0_checkpoints.csv
0303030303030303030303030,0.0373955018196768,0.0003311015025246,478773430,results/ebbi/SC5_HBD_MWPM_5x/results/sweep_18_exp_0_checkpoints.csv
0303030303030303030303030,0.0373955018196768,0.0003311015025246,602758312,results/ebbi/SC5_HBD_MWPM_5x/results/sweep_18_exp_0_checkpoints.csv
0303030303030303030303030,0.0373955018196768,0.0003311015025246,758820619,results/ebbi/SC5_HBD_MWPM_5x/results/sweep_18_exp_0_checkpoints.csv
0303030303030303030303030,0.0373955018196768,0.0003311015025246,955280155,results/ebbi/SC5_HBD_MWPM_5x/results/sweep_18_exp_0_checkpoints.csv
0303030303030303030303030,0.0373955018196768,0.0003311015025246,1202636380,results/ebbi/SC5_HBD_MWPM_5x/results/sweep_18_exp_0_checkpoints.csv
0303030303030303030303030,0.0373955018196768,0.0003311015025246,1514026942,results/ebbi/SC5_HBD_MWPM_5x/results/sweep_18_exp_0_checkpoints.csv
0303030303030303030303030,0.0373955018196768,0.0003311015025246,1906026151,results/ebbi/SC5_HBD_MWPM_5x/results/sweep_18_exp_0_checkpoints.csv
0303030303030303030303030,0.0373955018196768,0.0003311015025246,2399539087,results/ebbi/SC5_HBD_MWPM_5x/results/sweep_18_exp_0_checkpoints.csv
0303030303030303030303030,0.0373955018196768,0.0003311015025246,3020853937,results/ebbi/SC5_HBD_MWPM_5x/results/sweep_18_exp_0_checkpoints.csv
0303030303030303030303030,0.0373955018196768,0.0003311015025246,3803005249,results/ebbi/SC5_HBD_MWPM_5x/results/sweep_18_exp_0_checkpoints.csv
0303030303030303030303030,0.0373955018196768,0.0003311015025246,4787698321,results/ebbi/SC5_HBD_MWPM_5x/results/sweep_18_exp_0_checkpoints.csv
0303030303030303030303030,0.0373955018196768,0.0003311015025246,6027343948,results/ebbi/SC5_HBD_MWPM_5x/results/sweep_18_exp_0_checkpoints.csv
0303030303030303030303030,0.0373955018196768,0.0003311015025246,7587990994,results/ebbi/SC5_HBD_MWPM_5x/results/sweep_18_exp_0_checkpoints.csv
0303030303030303030303030,0.0373955018196768,0.0003311015025246,9552711532,results/ebbi/SC5_HBD_MWPM_5x/results/sweep_18_exp_0_checkpoints.csv
0303030303030303030303030,0.0373955018196768,0.0003311015025246,12026145022,results/ebbi/SC5_HBD_MWPM_5x/results/sweep_18_exp_0_checkpoints.csv
0303030303030303030303030,0.0373955018196768,0.0003311015025246,15140017564,results/ebbi/SC5_HBD_MWPM_5x/results/sweep_18_exp_0_checkpoints.csv
0303030303030303030303030,0.0373955018196768,0.0003311015025246,19060156864,results/ebbi/SC5_HBD_MWPM_5x/results/sweep_18_exp_0_checkpoints.csv
0303030303030303030303030,0.0373955018196768,0.0003311015025246,23995293598,results/ebbi/SC5_HBD_MWPM_5x/results/sweep_18_exp_0_checkpoints.csv
0303030303030303030303030,0.0373955018196768,0.0003311015025246,30208291246,results/ebbi/SC5_HBD_MWPM_5x/results/sweep_18_exp_0_checkpoints.csv
0303030303030303030303030,0.0373955018196768,0.0003311015025246,38029975492,results/ebbi/SC5_HBD_MWPM_5x/results/sweep_18_exp_0_checkpoints.csv
0303030303030303030303030,0.0373955018196768,0.0003311015025246,47876906212,results/ebbi/SC5_HBD_MWPM_5x/results/sweep_18_exp_0_checkpoints.csv
0200200003200032003303232,0.0635727120639444,0.0019205278949812,130897,results/ebbi/SC5_HBD_MWPM_5x/results/sweep_23_exp_0_checkpoints.csv
0200200003200032003303232,0.0635727120639444,0.0019205278949812,225428,results/ebbi/SC5_HBD_MWPM_5x/results/sweep_23_exp_0_checkpoints.csv
0200200003200032003303232,0.0635727120639444,0.0019205278949812,286399,results/ebbi/SC5_HBD_MWPM_5x/results/sweep_23_exp_0_checkpoints.csv
0200200003200032003303232,0.0635727120639444,0.0019205278949812,351383,results/ebbi/SC5_HBD_MWPM_5x/results/sweep_23_exp_0_checkpoints.csv
0200200303200032003303232,0.0640024888285536,0.0013016246957704,416416,results/ebbi/SC5_HBD_MWPM_5x/results/sweep_23_exp_0_checkpoints.csv
0300200303000032003303002,0.0575336141727739,0.0017688642255961,553223,results/ebbi/SC5_HBD_MWPM_5x/results/sweep_23_exp_0_checkpoints.csv
0300220303000033000303002,0.0529629425084221,0.0016643102280795,681519,results/ebbi/SC5_HBD_MWPM_5x/results/sweep_23_exp_0_checkpoints.csv
0300220303030033030303002,0.0462791909431102,0.0014459019294008,888420,results/ebbi/SC5_HBD_MWPM_5x/results/sweep_23_exp_0_checkpoints.csv
0300220303030033030303002,0.0462791909431102,0.0014459019294008,1045798,results/ebbi/SC5_HBD_MWPM_5x/results/sweep_23_exp_0_checkpoints.csv
0303020303030003030303002,0.0435228291974544,0.0013333926908671,1343498,results/ebbi/SC5_HBD_MWPM_5x/results/sweep_23_exp_0_checkpoints.csv
0303020303030003030303002,0.0435228291974544,0.0013333926908671,1654744,results/ebbi/SC5_HBD_MWPM_5x/results/sweep_23_exp_0_checkpoints.csv
0303020303030003030303003,0.0407179000632511,0.0012426000321283,2099675,results/ebbi/SC5_HBD_MWPM_5x/results/sweep_23_exp_0_checkpoints.csv
0303020303030003030303003,0.0407179000632511,0.0012426000321283,2644918,results/ebbi/SC5_HBD_MWPM_5x/results/sweep_23_exp_0_checkpoints.csv
0303020303030003030303003,0.0417303603746068,0.0008382245432585,3289904,results/ebbi/SC5_HBD_MWPM_5x/results/sweep_23_exp_0_checkpoints.csv
0303020303030003030303003,0.0417303603746068,0.0008382245432585,4151873,results/ebbi/SC5_HBD_MWPM_5x/results/sweep_23_exp_0_checkpoints.csv
0303020303030003030300033,0.0424949956450651,0.0005575594259425,5344592,results/ebbi/SC5_HBD_MWPM_5x/results/sweep_23_exp_0_checkpoints.csv
0303020303030003030300033,0.0424949956450651,0.0005575594259425,6640257,results/ebbi/SC5_HBD_MWPM_5x/results/sweep_23_exp_0_checkpoints.csv
0303020303030003030300033,0.0424949956450651,0.0005575594259425,8321442,results/ebbi/SC5_HBD_MWPM_5x/results/sweep_23_exp_0_checkpoints.csv
0303030303030003030300033,0.0408765561925438,0.0008154537645168,10451763,results/ebbi/SC5_HBD_MWPM_5x/results/sweep_23_exp_0_checkpoints.csv
0303030303030003030300033,0.0415067883877484,0.0005476383958011,13167476,results/ebbi/SC5_HBD_MWPM_5x/results/sweep_23_exp_0_checkpoints.csv
0303020300330303030303030,0.0416323985885973,0.0003637522750068,16631534,results/ebbi/SC5_HBD_MWPM_5x/results/sweep_23_exp_0_checkpoints.csv
0303000302230303030303030,0.041402749884134,0.0003611854335758,21045174,results/ebbi/SC5_HBD_MWPM_5x/results/sweep_23_exp_0_checkpoints.csv
0303030302330303030303030,0.0399818530388842,0.0005299631739035,26143346,results/ebbi/SC5_HBD_MWPM_5x/results/sweep_23_exp_0_checkpoints.csv
0303030303030303030303030,0.0370775699057302,0.0004972866154275,32943494,results/ebbi/SC5_HBD_MWPM_5x/results/sweep_23_exp_0_checkpoints.csv
0303030303030303030303030,0.0371510546860569,0.0003318424278404,41402565,results/ebbi/SC5_HBD_MWPM_5x/results/sweep_23_exp_0_checkpoints.csv
0303030303030303030303030,0.0371510546860569,0.0003318424278404,52111367,results/ebbi/SC5_HBD_MWPM_5x/results/sweep_23_exp_0_checkpoints.csv
0303030303030303030303030,0.0371510546860569,0.0003318424278404,65625041,results/ebbi/SC5_HBD_MWPM_5x/results/sweep_23_exp_0_checkpoints.csv
0303030303030303030303030,0.0371510546860569,0.0003318424278404,82593594,results/ebbi/SC5_HBD_MWPM_5x/results/sweep_23_exp_0_checkpoints.csv
0303030303030303030303030,0.0371510546860569,0.0003318424278404,103999105,results/ebbi/SC5_HBD_MWPM_5x/results/sweep_23_exp_0_checkpoints.csv
0303030303030303030303030,0.0371510546860569,0.0003318424278404,130913538,results/ebbi/SC5_HBD_MWPM_5x/results/sweep_23_exp_0_checkpoints.csv
0303030303030303030303030,0.0371510546860569,0.0003318424278404,164793978,results/ebbi/SC5_HBD_MWPM_5x/results/sweep_23_exp_0_checkpoints.csv
0303030303030303030303030,0.0371510546860569,0.0003318424278404,207463155,results/ebbi/SC5_HBD_MWPM_5x/results/sweep_23_exp_0_checkpoints.csv
0303030303030303030303030,0.0371510546860569,0.0003318424278404,261202635,results/ebbi/SC5_HBD_MWPM_5x/results/sweep_23_exp_0_checkpoints.csv
0303030303030303030303030,0.0371510546860569,0.0003318424278404,328812258,results/ebbi/SC5_HBD_MWPM_5x/results/sweep_23_exp_0_checkpoints.csv
0303030303030303030303030,0.0371510546860569,0.0003318424278404,413940330,results/ebbi/SC5_HBD_MWPM_5x/results/sweep_23_exp_0_checkpoints.csv
0303030303030303030303030,0.0371510546860569,0.0003318424278404,521111732,results/ebbi/SC5_HBD_MWPM_5x/results/sweep_23_exp_0_checkpoints.csv
0303030303030303030303030,0.0371510546860569,0.0003318424278404,656047001,results/ebbi/SC5_HBD_MWPM_5x/results/sweep_23_exp_0_checkpoints.csv
0303030303030303030303030,0.0371510546860569,0.0003318424278404,825930659,results/ebbi/SC5_HBD_MWPM_5x/results/sweep_23_exp_0_checkpoints.csv
0303030303030303030303030,0.0371510546860569,0.0003318424278404,1039759907,results/ebbi/SC5_HBD_MWPM_5x/results/sweep_23_exp_0_checkpoints.csv
0303030303030303030303030,0.0371510546860569,0.0003318424278404,1308981332,results/ebbi/SC5_HBD_MWPM_5x/results/sweep_23_exp_0_checkpoints.csv
0303030303030303030303030,0.0371510546860569,0.0003318424278404,1647922508,results/ebbi/SC5_HBD_MWPM_5x/results/sweep_23_exp_0_checkpoints.csv
0303030303030303030303030,0.0371510546860569,0.0003318424278404,2074577759,results/ebbi/SC5_HBD_MWPM_5x/results/sweep_23_exp_0_checkpoints.csv
0303030303030303030303030,0.0371510546860569,0.0003318424278404,2611744316,results/ebbi/SC5_HBD_MWPM_5x/results/sweep_23_exp_0_checkpoints.csv
0303030303030303030303030,0.0371510546860569,0.0003318424278404,3287996216,results/ebbi/SC5_HBD_MWPM_5x/results/sweep_23_exp_0_checkpoints.csv
0303030303030303030303030,0.0371510546860569,0.0003318424278404,4139329496,results/ebbi/SC5_HBD_MWPM_5x/results/sweep_23_exp_0_checkpoints.csv
0303030303030303030303030,0.0371510546860569,0.0003318424278404,5211119141,results/ebbi/SC5_HBD_MWPM_5x/results/sweep_23_exp_0_checkpoints.csv
0303030303030303030303030,0.0371510546860569,0.0003318424278404,6560415479,results/ebbi/SC5_HBD_MWPM_5x/results/sweep_23_exp_0_checkpoints.csv
0303030303030303030303030,0.0371510546860569,0.0003318424278404,8259048275,results/ebbi/SC5_HBD_MWPM_5x/results/sweep_23_exp_0_checkpoints.csv
0303030303030303030303030,0.0371510546860569,0.0003318424278404,10397540699,results/ebbi/SC5_HBD_MWPM_5x/results/sweep_23_exp_0_checkpoints.csv
0303030303030303030303030,0.0371510546860569,0.0003318424278404,13089725900,results/ebbi/SC5_HBD_MWPM_5x/results/sweep_23_exp_0_checkpoints.csv
0303030303030303030303030,0.0371510546860569,0.0003318424278404,16478983076,results/ebbi/SC5_HBD_MWPM_5x/results/sweep_23_exp_0_checkpoints.csv
0303030303030303030303030,0.0371510546860569,0.0003318424278404,20745803327,results/ebbi/SC5_HBD_MWPM_5x/results/sweep_23_exp_0_checkpoints.csv
0303030303030303030303030,0.0371510546860569,0.0003318424278404,26117410289,results/ebbi/SC5_HBD_MWPM_5x/results/sweep_23_exp_0_checkpoints.csv
0303030303030303030303030,0.0371510546860569,0.0003318424278404,32879863298,results/ebbi/SC5_HBD_MWPM_5x/results/sweep_23_exp_0_checkpoints.csv
0303030303030303030303030,0.0371510546860569,0.0003318424278404,41393277716,results/ebbi/SC5_HBD_MWPM_5x/results/sweep_23_exp_0_checkpoints.csv
3203222300032332023303332,0.062974453759324,0.0019735659006983,152672,results/ebbi/SC5_HBD_MWPM_5x/results/sweep_14_exp_0_checkpoints.csv
3203220302032332023303332,0.0593658250146799,0.0018107502255588,234334,results/ebbi/SC5_HBD_MWPM_5x/results/sweep_14_exp_0_checkpoints.csv
3203220300032332022303330,0.0585152335425905,0.0017812144942581,304151,results/ebbi/SC5_HBD_MWPM_5x/results/sweep_14_exp_0_checkpoints.csv
3203220300032332022303330,0.0585152335425905,0.0017812144942581,322257,results/ebbi/SC5_HBD_MWPM_5x/results/sweep_14_exp_0_checkpoints.csv
3203020302032332023303332,0.0574575443546199,0.0017141062999144,387894,results/ebbi/SC5_HBD_MWPM_5x/results/sweep_14_exp_0_checkpoints.csv
3203220300032332023303332,0.0578640670950876,0.0012183733051642,500869,results/ebbi/SC5_HBD_MWPM_5x/results/sweep_14_exp_0_checkpoints.csv
2003220300032332022303330,0.0570240886804519,0.0016927982214838,619144,results/ebbi/SC5_HBD_MWPM_5x/results/sweep_14_exp_0_checkpoints.csv
3203020302030332023303033,0.0537098844672657,0.001615434535779,799405,results/ebbi/SC5_HBD_MWPM_5x/results/sweep_14_exp_0_checkpoints.csv
3203020302030302023303033,0.0499224505622334,0.0015161643968895,1013527,results/ebbi/SC5_HBD_MWPM_5x/results/sweep_14_exp_0_checkpoints.csv
3203020302030302023303033,0.0499224505622334,0.0015161643968895,1228125,results/ebbi/SC5_HBD_MWPM_5x/results/sweep_14_exp_0_checkpoints.csv
3203020302030323023303033,0.0478893874187345,0.0014447983121499,1549630,results/ebbi/SC5_HBD_MWPM_5x/results/sweep_14_exp_0_checkpoints.csv
3203020302030333023303033,0.0492765919442707,0.0010227317688986,1957311,results/ebbi/SC5_HBD_MWPM_5x/results/sweep_14_exp_0_checkpoints.csv
3303020302030303023303033,0.0482186869818507,0.0014340626075863,2469310,results/ebbi/SC5_HBD_MWPM_5x/results/sweep_14_exp_0_checkpoints.csv
3303020302030303023303033,0.0475441182328805,0.0009497049613855,3089015,results/ebbi/SC5_HBD_MWPM_5x/results/sweep_14_exp_0_checkpoints.csv
3303020302030303023303033,0.0474411522560883,0.0006324953283183,3962612,results/ebbi/SC5_HBD_MWPM_5x/results/sweep_14_exp_0_checkpoints.csv
3303020302030303023303033,0.0474411522560883,0.0006324953283183,4915196,results/ebbi/SC5_HBD_MWPM_5x/results/sweep_14_exp_0_checkpoints.csv
0303020302030303023303033,0.0467458146322134,0.0004120421945117,6250817,results/ebbi/SC5_HBD_MWPM_5x/results/sweep_14_exp_0_checkpoints.csv
0300020303030300033303030,0.0435453143427379,0.0008692887495271,7699845,results/ebbi/SC5_HBD_MWPM_5x/results/sweep_14_exp_0_checkpoints.csv
0300020303030303033303033,0.0431357713324926,0.0005890604807063,9691733,results/ebbi/SC5_HBD_MWPM_5x/results/sweep_14_exp_0_checkpoints.csv
0300320303030303033303030,0.0428376383508098,0.0003769408504012,12164936,results/ebbi/SC5_HBD_MWPM_5x/results/sweep_14_exp_0_checkpoints.csv
0300320303030303033303030,0.0428376383508098,0.0003769408504012,15268880,results/ebbi/SC5_HBD_MWPM_5x/results/sweep_14_exp_0_checkpoints.csv
0303020303030303030303030,0.0391532117637469,0.0005279727047309,19246611,results/ebbi/SC5_HBD_MWPM_5x/results/sweep_14_exp_0_checkpoints.csv
0303020303030303030303030,0.0384455787913716,0.0003489175287541,24357295,results/ebbi/SC5_HBD_MWPM_5x/results/sweep_14_exp_0_checkpoints.csv
0303030303030303030303030,0.0376084593065529,0.0005006336723454,30469453,results/ebbi/SC5_HBD_MWPM_5x/results/sweep_14_exp_0_checkpoints.csv
0303030303030303030303030,0.0374249423698975,0.0003329745086375,38376827,results/ebbi/SC5_HBD_MWPM_5x/results/sweep_14_exp_0_checkpoints.csv
0303030303030303030303030,0.0376973162257543,0.0002227584773208,48306210,results/ebbi/SC5_HBD_MWPM_5x/results/sweep_14_exp_0_checkpoints.csv
0303030303030303030303030,0.0376973162257543,0.0002227584773208,60941306,results/ebbi/SC5_HBD_MWPM_5x/results/sweep_14_exp_0_checkpoints.csv
0303030303030303030303030,0.0376973162257543,0.0002227584773208,76552389,results/ebbi/SC5_HBD_MWPM_5x/results/sweep_14_exp_0_checkpoints.csv
0303030303030303030303030,0.0376973162257543,0.0002227584773208,96334143,results/ebbi/SC5_HBD_MWPM_5x/results/sweep_14_exp_0_checkpoints.csv
0303030303030303030303030,0.0376973162257543,0.0002227584773208,121287195,results/ebbi/SC5_HBD_MWPM_5x/results/sweep_14_exp_0_checkpoints.csv
0303030303030303030303030,0.0376973162257543,0.0002227584773208,152692466,results/ebbi/SC5_HBD_MWPM_5x/results/sweep_14_exp_0_checkpoints.csv
0303030303030303030303030,0.0376973162257543,0.0002227584773208,192204962,results/ebbi/SC5_HBD_MWPM_5x/results/sweep_14_exp_0_checkpoints.csv
0303030303030303030303030,0.0376973162257543,0.0002227584773208,242025790,results/ebbi/SC5_HBD_MWPM_5x/results/sweep_14_exp_0_checkpoints.csv
0303030303030303030303030,0.0376973162257543,0.0002227584773208,304625748,results/ebbi/SC5_HBD_MWPM_5x/results/sweep_14_exp_0_checkpoints.csv
0303030303030303030303030,0.0376973162257543,0.0002227584773208,383511976,results/ebbi/SC5_HBD_MWPM_5x/results/sweep_14_exp_0_checkpoints.csv
0303030303030303030303030,0.0376973162257543,0.0002227584773208,482820142,results/ebbi/SC5_HBD_MWPM_5x/results/sweep_14_exp_0_checkpoints.csv
0303030303030303030303030,0.0376973162257543,0.0002227584773208,607798267,results/ebbi/SC5_HBD_MWPM_5x/results/sweep_14_exp_0_checkpoints.csv
0303030303030303030303030,0.0376973162257543,0.0002227584773208,765174839,results/ebbi/SC5_HBD_MWPM_5x/results/sweep_14_exp_0_checkpoints.csv
0303030303030303030303030,0.0376973162257543,0.0002227584773208,963301181,results/ebbi/SC5_HBD_MWPM_5x/results/sweep_14_exp_0_checkpoints.csv
0303030303030303030303030,0.0376973162257543,0.0002227584773208,1212732131,results/ebbi/SC5_HBD_MWPM_5x/results/sweep_14_exp_0_checkpoints.csv
0303030303030303030303030,0.0376973162257543,0.0002227584773208,1526728442,results/ebbi/SC5_HBD_MWPM_5x/results/sweep_14_exp_0_checkpoints.csv
0303030303030303030303030,0.0376973162257543,0.0002227584773208,1922037779,results/ebbi/SC5_HBD_MWPM_5x/results/sweep_14_exp_0_checkpoints.csv
0303030303030303030303030,0.0376973162257543,0.0002227584773208,2419703595,results/ebbi/SC5_HBD_MWPM_5x/results/sweep_14_exp_0_checkpoints.csv
0303030303030303030303030,0.0376973162257543,0.0002227584773208,3046228198,results/ebbi/SC5_HBD_MWPM_5x/results/sweep_14_exp_0_checkpoints.csv
0303030303030303030303030,0.0376973162257543,0.0002227584773208,3834959911,results/ebbi/SC5_HBD_MWPM_5x/results/sweep_14_exp_0_checkpoints.csv
0303030303030303030303030,0.0376973162257543,0.0002227584773208,4827917694,results/ebbi/SC5_HBD_MWPM_5x/results/sweep_14_exp_0_checkpoints.csv
0303030303030303030303030,0.0376973162257543,0.0002227584773208,6078003239,results/ebbi/SC5_HBD_MWPM_5x/results/sweep_14_exp_0_checkpoints.csv
0303030303030303030303030,0.0376973162257543,0.0002227584773208,7651746086,results/ebbi/SC5_HBD_MWPM_5x/results/sweep_14_exp_0_checkpoints.csv
0303030303030303030303030,0.0376973162257543,0.0002227584773208,9632963577,results/ebbi/SC5_HBD_MWPM_5x/results/sweep_14_exp_0_checkpoints.csv
0303030303030303030303030,0.0376973162257543,0.0002227584773208,12127185388,results/ebbi/SC5_HBD_MWPM_5x/results/sweep_14_exp_0_checkpoints.csv
0303030303030303030303030,0.0376973162257543,0.0002227584773208,15267215140,results/ebbi/SC5_HBD_MWPM_5x/results/sweep_14_exp_0_checkpoints.csv
0303030303030303030303030,0.0376973162257543,0.0002227584773208,19220292520,results/ebbi/SC5_HBD_MWPM_5x/results/sweep_14_exp_0_checkpoints.csv
0303030303030303030303030,0.0376973162257543,0.0002227584773208,24196896179,results/ebbi/SC5_HBD_MWPM_5x/results/sweep_14_exp_0_checkpoints.csv
0303030303030303030303030,0.0376973162257543,0.0002227584773208,30462095021,results/ebbi/SC5_HBD_MWPM_5x/results/sweep_14_exp_0_checkpoints.csv
0303030303030303030303030,0.0376973162257543,0.0002227584773208,38349490199,results/ebbi/SC5_HBD_MWPM_5x/results/sweep_14_exp_0_checkpoints.csv
0303030303030303030303030,0.0376973162257543,0.0002227584773208,48279127682,results/ebbi/SC5_HBD_MWPM_5x/results/sweep_14_exp_0_checkpoints.csv
2333032322033320230022323,0.0661784287616511,0.0020283400081098,174543,results/ebbi/SC5_HBD_MWPM_5x/results/sweep_12_exp_0_checkpoints.csv
2333032322033320230022323,0.0661784287616511,0.0020283400081098,221803,results/ebbi/SC5_HBD_MWPM_5x/results/sweep_12_exp_0_checkpoints.csv
2333032322033320230022323,0.0661784287616511,0.0020283400081098,283169,results/ebbi/SC5_HBD_MWPM_5x/results/sweep_12_exp_0_checkpoints.csv
2323300302302333332332032,0.065118978525827,0.0013291317736729,359756,results/ebbi/SC5_HBD_MWPM_5x/results/sweep_12_exp_0_checkpoints.csv
2323300302302333332332030,0.0632260406582768,0.0018929629586637,454052,results/ebbi/SC5_HBD_MWPM_5x/results/sweep_12_exp_0_checkpoints.csv
2323300302302333332332030,0.063412666397741,0.0012637827312573,560467,results/ebbi/SC5_HBD_MWPM_5x/results/sweep_12_exp_0_checkpoints.csv
2323300002300333030332030,0.0537340110595989,0.0016852185362949,810695,results/ebbi/SC5_HBD_MWPM_5x/results/sweep_12_exp_0_checkpoints.csv
2323300002300333030332030,0.0537340110595989,0.0016852185362949,883197,results/ebbi/SC5_HBD_MWPM_5x/results/sweep_12_exp_0_checkpoints.csv
2323300002300333030332030,0.0556369323965341,0.0011421057861298,1102901,results/ebbi/SC5_HBD_MWPM_5x/results/sweep_12_exp_0_checkpoints.csv
2323300002000333030332030,0.0546547227576822,0.0010824541095644,1406008,results/ebbi/SC5_HBD_MWPM_5x/results/sweep_12_exp_0_checkpoints.csv
2023300002000333030332030,0.0540425627139884,0.0010695677483454,1747167,results/ebbi/SC5_HBD_MWPM_5x/results/sweep_12_exp_0_checkpoints.csv
2023300002000333030332030,0.0540425627139884,0.0010695677483454,2211375,results/ebbi/SC5_HBD_MWPM_5x/results/sweep_12_exp_0_checkpoints.csv
0323300002000333030332030,0.0524341243590028,0.0010502047371119,2825629,results/ebbi/SC5_HBD_MWPM_5x/results/sweep_12_exp_0_checkpoints.csv
0323300002000333030333030,0.048981224214869,0.000990196596831,3526438,results/ebbi/SC5_HBD_MWPM_5x/results/sweep_12_exp_0_checkpoints.csv
0323000002000333030333030,0.0496459293759802,0.0006696752971038,4436013,results/ebbi/SC5_HBD_MWPM_5x/results/sweep_12_exp_0_checkpoints.csv
0323330302000303030333030,0.0459634649381261,0.0009280749945901,5524353,results/ebbi/SC5_HBD_MWPM_5x/results/sweep_12_exp_0_checkpoints.csv
0303330302030303030303030,0.038479942579153,0.001214622403495,6952285,results/ebbi/SC5_HBD_MWPM_5x/results/sweep_12_exp_0_checkpoints.csv
0303330302030303030303030,0.0400235267757114,0.0003667615237645,8780199,results/ebbi/SC5_HBD_MWPM_5x/results/sweep_12_exp_0_checkpoints.csv
0303330302030303030303030,0.0400235267757114,0.0003667615237645,11035929,results/ebbi/SC5_HBD_MWPM_5x/results/sweep_12_exp_0_checkpoints.csv
0303230300030303030303030,0.0378039544289927,0.0007655992521904,13882778,results/ebbi/SC5_HBD_MWPM_5x/results/sweep_12_exp_0_checkpoints.csv
0303030303030303030303030,0.0366731639839034,0.0007452027057297,17476680,results/ebbi/SC5_HBD_MWPM_5x/results/sweep_12_exp_0_checkpoints.csv
0303030303030303030303030,0.0373859634958981,0.000334287964506,22057046,results/ebbi/SC5_HBD_MWPM_5x/results/sweep_12_exp_0_checkpoints.csv
0303030303030303030303030,0.0373859634958981,0.000334287964506,27671975,results/ebbi/SC5_HBD_MWPM_5x/results/sweep_12_exp_0_checkpoints.csv
0303030303030303030303030,0.0371639012366806,0.000222222006414,34829071,results/ebbi/SC5_HBD_MWPM_5x/results/sweep_12_exp_0_checkpoints.csv
0303030303030303030303030,0.0371639012366806,0.000222222006414,43845183,results/ebbi/SC5_HBD_MWPM_5x/results/sweep_12_exp_0_checkpoints.csv
0303030303030303030303030,0.0371639012366806,0.000222222006414,55197244,results/ebbi/SC5_HBD_MWPM_5x/results/sweep_12_exp_0_checkpoints.csv
0303030303030303030303030,0.0371639012366806,0.000222222006414,69514914,results/ebbi/SC5_HBD_MWPM_5x/results/sweep_12_exp_0_checkpoints.csv
0303030303030303030303030,0.0371639012366806,0.000222222006414,87498371,results/ebbi/SC5_HBD_MWPM_5x/results/sweep_12_exp_0_checkpoints.csv
0303030303030303030303030,0.0371639012366806,0.000222222006414,110155390,results/ebbi/SC5_HBD_MWPM_5x/results/sweep_12_exp_0_checkpoints.csv
0303030303030303030303030,0.0371639012366806,0.000222222006414,138672455,results/ebbi/SC5_HBD_MWPM_5x/results/sweep_12_exp_0_checkpoints.csv
0303030303030303030303030,0.0371639012366806,0.000222222006414,174564795,results/ebbi/SC5_HBD_MWPM_5x/results/sweep_12_exp_0_checkpoints.csv
0303030303030303030303030,0.0371639012366806,0.000222222006414,219737604,results/ebbi/SC5_HBD_MWPM_5x/results/sweep_12_exp_0_checkpoints.csv
0303030303030303030303030,0.0371639012366806,0.000222222006414,276649926,results/ebbi/SC5_HBD_MWPM_5x/results/sweep_12_exp_0_checkpoints.csv
0303030303030303030303030,0.0371639012366806,0.000222222006414,348299845,results/ebbi/SC5_HBD_MWPM_5x/results/sweep_12_exp_0_checkpoints.csv
0303030303030303030303030,0.0371639012366806,0.000222222006414,438442188,results/ebbi/SC5_HBD_MWPM_5x/results/sweep_12_exp_0_checkpoints.csv
0303030303030303030303030,0.0371639012366806,0.000222222006414,551962422,results/ebbi/SC5_HBD_MWPM_5x/results/sweep_12_exp_0_checkpoints.csv
0303030303030303030303030,0.0371639012366806,0.000222222006414,694883829,results/ebbi/SC5_HBD_MWPM_5x/results/sweep_12_exp_0_checkpoints.csv
0303030303030303030303030,0.0371639012366806,0.000222222006414,874792365,results/ebbi/SC5_HBD_MWPM_5x/results/sweep_12_exp_0_checkpoints.csv
0303030303030303030303030,0.0371639012366806,0.000222222006414,1101304479,results/ebbi/SC5_HBD_MWPM_5x/results/sweep_12_exp_0_checkpoints.csv
0303030303030303030303030,0.0371639012366806,0.000222222006414,1386464309,results/ebbi/SC5_HBD_MWPM_5x/results/sweep_12_exp_0_checkpoints.csv
0303030303030303030303030,0.0371639012366806,0.000222222006414,1745446987,results/ebbi/SC5_HBD_MWPM_5x/results/sweep_12_exp_0_checkpoints.csv
0303030303030303030303030,0.0371639012366806,0.000222222006414,2197378373,results/ebbi/SC5_HBD_MWPM_5x/results/sweep_12_exp_0_checkpoints.csv
0303030303030303030303030,0.0371639012366806,0.000222222006414,2766331925,results/ebbi/SC5_HBD_MWPM_5x/results/sweep_12_exp_0_checkpoints.csv
0303030303030303030303030,0.0371639012366806,0.000222222006414,3482613627,results/ebbi/SC5_HBD_MWPM_5x/results/sweep_12_exp_0_checkpoints.csv
0303030303030303030303030,0.0371639012366806,0.000222222006414,4384349663,results/ebbi/SC5_HBD_MWPM_5x/results/sweep_12_exp_0_checkpoints.csv
0303030303030303030303030,0.0371639012366806,0.000222222006414,5519561433,results/ebbi/SC5_HBD_MWPM_5x/results/sweep_12_exp_0_checkpoints.csv
0303030303030303030303030,0.0371639012366806,0.000222222006414,6948698459,results/ebbi/SC5_HBD_MWPM_5x/results/sweep_12_exp_0_checkpoints.csv
0303030303030303030303030,0.0371639012366806,0.000222222006414,8747887541,results/ebbi/SC5_HBD_MWPM_5x/results/sweep_12_exp_0_checkpoints.csv
0303030303030303030303030,0.0371639012366806,0.000222222006414,11012927813,results/ebbi/SC5_HBD_MWPM_5x/results/sweep_12_exp_0_checkpoints.csv
0303030303030303030303030,0.0371639012366806,0.000222222006414,13864452469,results/ebbi/SC5_HBD_MWPM_5x/results/sweep_12_exp_0_checkpoints.csv
0303030303030303030303030,0.0371639012366806,0.000222222006414,17454323753,results/ebbi/SC5_HBD_MWPM_5x/results/sweep_12_exp_0_checkpoints.csv
0303030303030303030303030,0.0371639012366806,0.000222222006414,21973667283,results/ebbi/SC5_HBD_MWPM_5x/results/sweep_12_exp_0_checkpoints.csv
0303030303030303030303030,0.0371639012366806,0.000222222006414,27663210371,results/ebbi/SC5_HBD_MWPM_5x/results/sweep_12_exp_0_checkpoints.csv
0303030303030303030303030,0.0371639012366806,0.000222222006414,34825909523,results/ebbi/SC5_HBD_MWPM_5x/results/sweep_12_exp_0_checkpoints.csv
0303030303030303030303030,0.0371639012366806,0.000222222006414,43843233225,results/ebbi/SC5_HBD_MWPM_5x/results/sweep_12_exp_0_checkpoints.csv
0000223003030023233303303,0.063902902683337,0.0020912666805088,152035,results/ebbi/SC5_HBD_MWPM_5x/results/sweep_25_exp_0_checkpoints.csv
0000223003030023033303323,0.0591371187701462,0.0018571016844362,275901,results/ebbi/SC5_HBD_MWPM_5x/results/sweep_25_exp_0_checkpoints.csv
0000223003030023033303323,0.0591371187701462,0.0018571016844362,321127,results/ebbi/SC5_HBD_MWPM_5x/results/sweep_25_exp_0_checkpoints.csv
0000223003030023033303323,0.0591371187701462,0.0018571016844362,383993,results/ebbi/SC5_HBD_MWPM_5x/results/sweep_25_exp_0_checkpoints.csv
3000222003030023033303323,0.0584162224542507,0.0017385388491675,513832,results/ebbi/SC5_HBD_MWPM_5x/results/sweep_25_exp_0_checkpoints.csv
3000222003030023033303323,0.0584162224542507,0.0017385388491675,621773,results/ebbi/SC5_HBD_MWPM_5x/results/sweep_25_exp_0_checkpoints.csv
0000223003030023033303323,0.0592935471427784,0.0012396737001836,766413,results/ebbi/SC5_HBD_MWPM_5x/results/sweep_25_exp_0_checkpoints.csv
3000223003030033033303323,0.0561154998637973,0.0016986809205263,976646,results/ebbi/SC5_HBD_MWPM_5x/results/sweep_25_exp_0_checkpoints.csv
3000023003030033030303323,0.054549264295027,0.0010957643389701,1261405,results/ebbi/SC5_HBD_MWPM_5x/results/sweep_25_exp_0_checkpoints.csv
0000203003030333030303023,0.0472284129166864,0.0014606890035793,1632663,results/ebbi/SC5_HBD_MWPM_5x/results/sweep_25_exp_0_checkpoints.csv
0000203003030333030303023,0.0472284129166864,0.0014606890035793,1924047,results/ebbi/SC5_HBD_MWPM_5x/results/sweep_25_exp_0_checkpoints.csv
0000003303030303030303023,0.0421552683386116,0.0013145345728844,2419016,results/ebbi/SC5_HBD_MWPM_5x/results/sweep_25_exp_0_checkpoints.csv
0000003303030303030303023,0.0429133933157063,0.0008838830399326,3071363,results/ebbi/SC5_HBD_MWPM_5x/results/sweep_25_exp_0_checkpoints.csv
0000003303030303030303023,0.043827463181211,0.0005952236242592,3826546,results/ebbi/SC5_HBD_MWPM_5x/results/sweep_25_exp_0_checkpoints.csv
0000030300030303030300023,0.0426936515573363,0.0005677642766386,4810437,results/ebbi/SC5_HBD_MWPM_5x/results/sweep_25_exp_0_checkpoints.csv
0000030300030303030300023,0.0426936515573363,0.0005677642766386,6220773,results/ebbi/SC5_HBD_MWPM_5x/results/sweep_25_exp_0_checkpoints.csv
0000030303030303030203023,0.0424776725823143,0.0005583923193626,7628432,results/ebbi/SC5_HBD_MWPM_5x/results/sweep_25_exp_0_checkpoints.csv
0000030303030303030203023,0.0424776725823143,0.0005583923193626,9615716,results/ebbi/SC5_HBD_MWPM_5x/results/sweep_25_exp_0_checkpoints.csv
0000030303030303030300030,0.0393455264790196,0.0007960104849189,12090420,results/ebbi/SC5_HBD_MWPM_5x/results/sweep_25_exp_0_checkpoints.csv
0300030303030303030300030,0.0387057404797535,0.0005199000588618,15317492,results/ebbi/SC5_HBD_MWPM_5x/results/sweep_25_exp_0_checkpoints.csv
0300030303030303030300030,0.0388481171642682,0.0003472133248578,19186301,results/ebbi/SC5_HBD_MWPM_5x/results/sweep_25_exp_0_checkpoints.csv
0303030303030303030300030,0.0387001949268867,0.0003414491366129,24155022,results/ebbi/SC5_HBD_MWPM_5x/results/sweep_25_exp_0_checkpoints.csv
0303030303030303030300030,0.0385453765465716,0.000227195865591,30377179,results/ebbi/SC5_HBD_MWPM_5x/results/sweep_25_exp_0_checkpoints.csv
0303030303030303030303030,0.0370579993024664,0.0003304117708466,38263268,results/ebbi/SC5_HBD_MWPM_5x/results/sweep_25_exp_0_checkpoints.csv
0303030303030303030303030,0.0370579993024664,0.0003304117708466,48157297,results/ebbi/SC5_HBD_MWPM_5x/results/sweep_25_exp_0_checkpoints.csv
0303030303030303030303030,0.0370579993024664,0.0003304117708466,60552139,results/ebbi/SC5_HBD_MWPM_5x/results/sweep_25_exp_0_checkpoints.csv
0303030303030303030303030,0.0370579993024664,0.0003304117708466,76217382,results/ebbi/SC5_HBD_MWPM_5x/results/sweep_25_exp_0_checkpoints.csv
0303030303030303030303030,0.0370579993024664,0.0003304117708466,95990711,results/ebbi/SC5_HBD_MWPM_5x/results/sweep_25_exp_0_checkpoints.csv
0303030303030303030303030,0.0370579993024664,0.0003304117708466,120783736,results/ebbi/SC5_HBD_MWPM_5x/results/sweep_25_exp_0_checkpoints.csv
0303030303030303030303030,0.0370579993024664,0.0003304117708466,152048672,results/ebbi/SC5_HBD_MWPM_5x/results/sweep_25_exp_0_checkpoints.csv
0303030303030303030303030,0.0370579993024664,0.0003304117708466,191401278,results/ebbi/SC5_HBD_MWPM_5x/results/sweep_25_exp_0_checkpoints.csv
0303030303030303030303030,0.0370579993024664,0.0003304117708466,240976110,results/ebbi/SC5_HBD_MWPM_5x/results/sweep_25_exp_0_checkpoints.csv
0303030303030303030303030,0.0370579993024664,0.0003304117708466,303378574,results/ebbi/SC5_HBD_MWPM_5x/results/sweep_25_exp_0_checkpoints.csv
0303030303030303030303030,0.0370579993024664,0.0003304117708466,381913910,results/ebbi/SC5_HBD_MWPM_5x/results/sweep_25_exp_0_checkpoints.csv
0303030303030303030303030,0.0370579993024664,0.0003304117708466,480790292,results/ebbi/SC5_HBD_MWPM_5x/results/sweep_25_exp_0_checkpoints.csv
0303030303030303030303030,0.0370579993024664,0.0003304117708466,605268394,results/ebbi/SC5_HBD_MWPM_5x/results/sweep_25_exp_0_checkpoints.csv
0303030303030303030303030,0.0370579993024664,0.0003304117708466,761980846,results/ebbi/SC5_HBD_MWPM_5x/results/sweep_25_exp_0_checkpoints.csv
0303030303030303030303030,0.0370579993024664,0.0003304117708466,959283064,results/ebbi/SC5_HBD_MWPM_5x/results/sweep_25_exp_0_checkpoints.csv
0303030303030303030303030,0.0370579993024664,0.0003304117708466,1207661318,results/ebbi/SC5_HBD_MWPM_5x/results/sweep_25_exp_0_checkpoints.csv
0303030303030303030303030,0.0370579993024664,0.0003304117708466,1520369786,results/ebbi/SC5_HBD_MWPM_5x/results/sweep_25_exp_0_checkpoints.csv
0303030303030303030303030,0.0370579993024664,0.0003304117708466,1914030660,results/ebbi/SC5_HBD_MWPM_5x/results/sweep_25_exp_0_checkpoints.csv
0303030303030303030303030,0.0370579993024664,0.0003304117708466,2409616488,results/ebbi/SC5_HBD_MWPM_5x/results/sweep_25_exp_0_checkpoints.csv
0303030303030303030303030,0.0370579993024664,0.0003304117708466,3033511908,results/ebbi/SC5_HBD_MWPM_5x/results/sweep_25_exp_0_checkpoints.csv
0303030303030303030303030,0.0370579993024664,0.0003304117708466,3818976078,results/ebbi/SC5_HBD_MWPM_5x/results/sweep_25_exp_0_checkpoints.csv
0303030303030303030303030,0.0370579993024664,0.0003304117708466,4807776828,results/ebbi/SC5_HBD_MWPM_5x/results/sweep_25_exp_0_checkpoints.csv
0303030303030303030303030,0.0370579993024664,0.0003304117708466,6052642812,results/ebbi/SC5_HBD_MWPM_5x/results/sweep_25_exp_0_checkpoints.csv
0303030303030303030303030,0.0370579993024664,0.0003304117708466,7619819064,results/ebbi/SC5_HBD_MWPM_5x/results/sweep_25_exp_0_checkpoints.csv
0303030303030303030303030,0.0370579993024664,0.0003304117708466,9592774770,results/ebbi/SC5_HBD_MWPM_5x/results/sweep_25_exp_0_checkpoints.csv
0303030303030303030303030,0.0370579993024664,0.0003304117708466,12076575780,results/ebbi/SC5_HBD_MWPM_5x/results/sweep_25_exp_0_checkpoints.csv
0303030303030303030303030,0.0370579993024664,0.0003304117708466,15203505354,results/ebbi/SC5_HBD_MWPM_5x/results/sweep_25_exp_0_checkpoints.csv
0303030303030303030303030,0.0370579993024664,0.0003304117708466,19140095634,results/ebbi/SC5_HBD_MWPM_5x/results/sweep_25_exp_0_checkpoints.csv
0303030303030303030303030,0.0370579993024664,0.0003304117708466,24095946528,results/ebbi/SC5_HBD_MWPM_5x/results/sweep_25_exp_0_checkpoints.csv
0303030303030303030303030,0.0370579993024664,0.0003304117708466,30334981974,results/ebbi/SC5_HBD_MWPM_5x/results/sweep_25_exp_0_checkpoints.csv
0303030303030303030303030,0.0370579993024664,0.0003304117708466,38189475954,results/ebbi/SC5_HBD_MWPM_5x/results/sweep_25_exp_0_checkpoints.csv
3023300032330303032302020,0.0556569343065693,0.0018507216591387,137660,results/ebbi/SC5_HBD_MWPM_5x/results/sweep_5_exp_0_checkpoints.csv
3023300032330303032302020,0.0556569343065693,0.0018507216591387,291255,results/ebbi/SC5_HBD_MWPM_5x/results/sweep_5_exp_0_checkpoints.csv
3023000032330303032302020,0.0558024121414969,0.0017436472699046,359568,results/ebbi/SC5_HBD_MWPM_5x/results/sweep_5_exp_0_checkpoints.csv
3023300333330000032302020,0.0563364874473554,0.0012057542335242,442170,results/ebbi/SC5_HBD_MWPM_5x/results/sweep_5_exp_0_checkpoints.csv
3023000002330303002302020,0.0525466937204099,0.0016093567246571,591188,results/ebbi/SC5_HBD_MWPM_5x/results/sweep_5_exp_0_checkpoints.csv
3023000002330303002302020,0.0525466937204099,0.0016093567246571,700094,results/ebbi/SC5_HBD_MWPM_5x/results/sweep_5_exp_0_checkpoints.csv
3023000002330303002302020,0.0525466937204099,0.0016093567246571,889244,results/ebbi/SC5_HBD_MWPM_5x/results/sweep_5_exp_0_checkpoints.csv
3023000002330303002302020,0.0549671630746461,0.001095991465263,1126244,results/ebbi/SC5_HBD_MWPM_5x/results/sweep_5_exp_0_checkpoints.csv
3023000000330303002302020,0.0555932971014492,0.0010903634829446,1398768,results/ebbi/SC5_HBD_MWPM_5x/results/sweep_5_exp_0_checkpoints.csv
3023000032330303032302020,0.0559122023884922,0.0005171606899239,1821316,results/ebbi/SC5_HBD_MWPM_5x/results/sweep_5_exp_0_checkpoints.csv
3023000032330303032302020,0.0559122023884922,0.0005171606899239,2286314,results/ebbi/SC5_HBD_MWPM_5x/results/sweep_5_exp_0_checkpoints.csv
3323000002330303002302032,0.0549131008566891,0.0010774105321615,2782615,results/ebbi/SC5_HBD_MWPM_5x/results/sweep_5_exp_0_checkpoints.csv
3323000002330303002302032,0.0552933898904206,0.0004804217605851,3485378,results/ebbi/SC5_HBD_MWPM_5x/results/sweep_5_exp_0_checkpoints.csv
3223030003330303003302030,0.0513703759173281,0.0010210813488811,4399152,results/ebbi/SC5_HBD_MWPM_5x/results/sweep_5_exp_0_checkpoints.csv
3233030303330303000302030,0.0472078873918194,0.0009503486799076,5504315,results/ebbi/SC5_HBD_MWPM_5x/results/sweep_5_exp_0_checkpoints.csv
3233030303330303000302030,0.0460155824683843,0.0006259176298044,6943877,results/ebbi/SC5_HBD_MWPM_5x/results/sweep_5_exp_0_checkpoints.csv
0333030303330303030303032,0.0405010009753092,0.0008154271636158,8699923,results/ebbi/SC5_HBD_MWPM_5x/results/sweep_5_exp_0_checkpoints.csv
0303230303030303030303030,0.0388900775168282,0.000784313888289,11002493,results/ebbi/SC5_HBD_MWPM_5x/results/sweep_5_exp_0_checkpoints.csv
0303230303030303030303030,0.0384905163522518,0.0005202995962463,13791202,results/ebbi/SC5_HBD_MWPM_5x/results/sweep_5_exp_0_checkpoints.csv
0303230303030303030303030,0.0390452287445707,0.0003492587129585,17484518,results/ebbi/SC5_HBD_MWPM_5x/results/sweep_5_exp_0_checkpoints.csv
0303230303030303030303030,0.0389738743698335,0.0002326356334378,21831218,results/ebbi/SC5_HBD_MWPM_5x/results/sweep_5_exp_0_checkpoints.csv
0303230303030303030303030,0.0389738743698335,0.0002326356334378,27814196,results/ebbi/SC5_HBD_MWPM_5x/results/sweep_5_exp_0_checkpoints.csv
0303230303030303030303030,0.0389738743698335,0.0002326356334378,34831522,results/ebbi/SC5_HBD_MWPM_5x/results/sweep_5_exp_0_checkpoints.csv
0303030303030303030303000,0.0387112815461561,0.0002254731807624,43561298,results/ebbi/SC5_HBD_MWPM_5x/results/sweep_5_exp_0_checkpoints.csv
3303030303030303030303030,0.0371967073975777,0.0004911607247777,54817364,results/ebbi/SC5_HBD_MWPM_5x/results/sweep_5_exp_0_checkpoints.csv
3303030303030303030303030,0.0374230208461195,0.000328398309648,69021214,results/ebbi/SC5_HBD_MWPM_5x/results/sweep_5_exp_0_checkpoints.csv
0303030303030303030303030,0.0374753852638198,0.0002210998500231,86861826,results/ebbi/SC5_HBD_MWPM_5x/results/sweep_5_exp_0_checkpoints.csv
0303030303030303030303030,0.0374753852638198,0.0002210998500231,109353710,results/ebbi/SC5_HBD_MWPM_5x/results/sweep_5_exp_0_checkpoints.csv
0303030303030303030303030,0.0374753852638198,0.0002210998500231,137664254,results/ebbi/SC5_HBD_MWPM_5x/results/sweep_5_exp_0_checkpoints.csv
0303030303030303030303030,0.0374753852638198,0.0002210998500231,173317881,results/ebbi/SC5_HBD_MWPM_5x/results/sweep_5_exp_0_checkpoints.csv
0303030303030303030303030,0.0374753852638198,0.0002210998500231,218198769,results/ebbi/SC5_HBD_MWPM_5x/results/sweep_5_exp_0_checkpoints.csv
0303030303030303030303030,0.0374753852638198,0.0002210998500231,274690734,results/ebbi/SC5_HBD_MWPM_5x/results/sweep_5_exp_0_checkpoints.csv
0303030303030303030303030,0.0374753852638198,0.0002210998500231,345801084,results/ebbi/SC5_HBD_MWPM_5x/results/sweep_5_exp_0_checkpoints.csv
0303030303030303030303030,0.0374753852638198,0.0002210998500231,435326571,results/ebbi/SC5_HBD_MWPM_5x/results/sweep_5_exp_0_checkpoints.csv
0303030303030303030303030,0.0374753852638198,0.0002210998500231,548040900,results/ebbi/SC5_HBD_MWPM_5x/results/sweep_5_exp_0_checkpoints.csv
0303030303030303030303030,0.0374753852638198,0.0002210998500231,689947665,results/ebbi/SC5_HBD_MWPM_5x/results/sweep_5_exp_0_checkpoints.csv
0303030303030303030303030,0.0374753852638198,0.0002210998500231,868579482,results/ebbi/SC5_HBD_MWPM_5x/results/sweep_5_exp_0_checkpoints.csv
0303030303030303030303030,0.0374753852638198,0.0002210998500231,1093494819,results/ebbi/SC5_HBD_MWPM_5x/results/sweep_5_exp_0_checkpoints.csv
0303030303030303030303030,0.0374753852638198,0.0002210998500231,1376608536,results/ebbi/SC5_HBD_MWPM_5x/results/sweep_5_exp_0_checkpoints.csv
0303030303030303030303030,0.0374753852638198,0.0002210998500231,1733046834,results/ebbi/SC5_HBD_MWPM_5x/results/sweep_5_exp_0_checkpoints.csv
0303030303030303030303030,0.0374753852638198,0.0002210998500231,2181764124,results/ebbi/SC5_HBD_MWPM_5x/results/sweep_5_exp_0_checkpoints.csv
0303030303030303030303030,0.0374753852638198,0.0002210998500231,2746687941,results/ebbi/SC5_HBD_MWPM_5x/results/sweep_5_exp_0_checkpoints.csv
0303030303030303030303030,0.0374753852638198,0.0002210998500231,3457876797,results/ebbi/SC5_HBD_MWPM_5x/results/sweep_5_exp_0_checkpoints.csv
0303030303030303030303030,0.0374753852638198,0.0002210998500231,4353217323,results/ebbi/SC5_HBD_MWPM_5x/results/sweep_5_exp_0_checkpoints.csv
0303030303030303030303030,0.0374753852638198,0.0002210998500231,5480354064,results/ebbi/SC5_HBD_MWPM_5x/results/sweep_5_exp_0_checkpoints.csv
0303030303030303030303030,0.0374753852638198,0.0002210998500231,6899363439,results/ebbi/SC5_HBD_MWPM_5x/results/sweep_5_exp_0_checkpoints.csv
0303030303030303030303030,0.0374753852638198,0.0002210998500231,8685769449,results/ebbi/SC5_HBD_MWPM_5x/results/sweep_5_exp_0_checkpoints.csv
0303030303030303030303030,0.0374753852638198,0.0002210998500231,10934739279,results/ebbi/SC5_HBD_MWPM_5x/results/sweep_5_exp_0_checkpoints.csv
0303030303030303030303030,0.0374753852638198,0.0002210998500231,13766006616,results/ebbi/SC5_HBD_MWPM_5x/results/sweep_5_exp_0_checkpoints.csv
0303030303030303030303030,0.0374753852638198,0.0002210998500231,17330371965,results/ebbi/SC5_HBD_MWPM_5x/results/sweep_5_exp_0_checkpoints.csv
0303030303030303030303030,0.0374753852638198,0.0002210998500231,21817639734,results/ebbi/SC5_HBD_MWPM_5x/results/sweep_5_exp_0_checkpoints.csv
0303030303030303030303030,0.0374753852638198,0.0002210998500231,27466789728,results/ebbi/SC5_HBD_MWPM_5x/results/sweep_5_exp_0_checkpoints.csv
0303030303030303030303030,0.0374753852638198,0.0002210998500231,34578641811,results/ebbi/SC5_HBD_MWPM_5x/results/sweep_5_exp_0_checkpoints.csv
0303030303030303030303030,0.0374753852638198,0.0002210998500231,43531914645,results/ebbi/SC5_HBD_MWPM_5x/results/sweep_5_exp_0_checkpoints.csv
0003230300030303032222022,0.0522823779193206,0.0018130813259631,136056,results/ebbi/SC5_HBD_MWPM_5x/results/sweep_3_exp_0_checkpoints.csv
2003230300030303033322002,0.048936274750651,0.0015121517935767,305704,results/ebbi/SC5_HBD_MWPM_5x/results/sweep_3_exp_0_checkpoints.csv
2003230300030303033322002,0.048936274750651,0.0015121517935767,355821,results/ebbi/SC5_HBD_MWPM_5x/results/sweep_3_exp_0_checkpoints.csv
2003230300030303033322002,0.048936274750651,0.0015121517935767,436285,results/ebbi/SC5_HBD_MWPM_5x/results/sweep_3_exp_0_checkpoints.csv
2003230300030303033322002,0.048936274750651,0.0015121517935767,543243,results/ebbi/SC5_HBD_MWPM_5x/results/sweep_3_exp_0_checkpoints.csv
2003230300030303033322002,0.049420191740735,0.0010128653375431,692859,results/ebbi/SC5_HBD_MWPM_5x/results/sweep_3_exp_0_checkpoints.csv
2003230300030303033322002,0.049420191740735,0.0010128653375431,884799,results/ebbi/SC5_HBD_MWPM_5x/results/sweep_3_exp_0_checkpoints.csv
2003230300030303033322002,0.0494336436079862,0.0006753437337465,1105618,results/ebbi/SC5_HBD_MWPM_5x/results/sweep_3_exp_0_checkpoints.csv
2300230300030303033322002,0.0477288821446636,0.0009589439141564,1429043,results/ebbi/SC5_HBD_MWPM_5x/results/sweep_3_exp_0_checkpoints.csv
2300230303030303033322000,0.0471832237426692,0.0014132546493783,1732121,results/ebbi/SC5_HBD_MWPM_5x/results/sweep_3_exp_0_checkpoints.csv
2303230303030303033322000,0.0460193459592533,0.0009224984678439,2188434,results/ebbi/SC5_HBD_MWPM_5x/results/sweep_3_exp_0_checkpoints.csv
2303030303030303033322000,0.0439669295538537,0.0008948300383053,2728729,results/ebbi/SC5_HBD_MWPM_5x/results/sweep_3_exp_0_checkpoints.csv
3300030303030303030323000,0.0399832451163322,0.0012089671799913,3448375,results/ebbi/SC5_HBD_MWPM_5x/results/sweep_3_exp_0_checkpoints.csv
3303030303030303030323000,0.0399399148794125,0.0007999840890988,4316042,results/ebbi/SC5_HBD_MWPM_5x/results/sweep_3_exp_0_checkpoints.csv
0303030303030303030323000,0.0397100090063937,0.0005327609251253,5431364,results/ebbi/SC5_HBD_MWPM_5x/results/sweep_3_exp_0_checkpoints.csv
0303030303030303030323030,0.0389376466620261,0.0005182079039514,6909344,results/ebbi/SC5_HBD_MWPM_5x/results/sweep_3_exp_0_checkpoints.csv
0303030303030303030323030,0.0389376466620261,0.0005182079039514,8645188,results/ebbi/SC5_HBD_MWPM_5x/results/sweep_3_exp_0_checkpoints.csv
0303030303030303030333030,0.0385391369325611,0.0003396580286789,10813619,results/ebbi/SC5_HBD_MWPM_5x/results/sweep_3_exp_0_checkpoints.csv
0303030303030303030333030,0.0385391369325611,0.0003396580286789,13765708,results/ebbi/SC5_HBD_MWPM_5x/results/sweep_3_exp_0_checkpoints.csv
0303030303030303030303030,0.037998038136414,0.0003352678904775,17287321,results/ebbi/SC5_HBD_MWPM_5x/results/sweep_3_exp_0_checkpoints.csv
0303030303030303030303030,0.037998038136414,0.0003352678904775,21575563,results/ebbi/SC5_HBD_MWPM_5x/results/sweep_3_exp_0_checkpoints.csv
0303030303030303030303030,0.0379882984669925,0.0002234850981039,27399397,results/ebbi/SC5_HBD_MWPM_5x/results/sweep_3_exp_0_checkpoints.csv
0303030303030303030303030,0.0377296029933427,0.000148502032971,34212727,results/ebbi/SC5_HBD_MWPM_5x/results/sweep_3_exp_0_checkpoints.csv
0303030303030303030303030,0.0377296029933427,0.000148502032971,43105767,results/ebbi/SC5_HBD_MWPM_5x/results/sweep_3_exp_0_checkpoints.csv
0303030303030303030303030,0.0377296029933427,0.000148502032971,54178968,results/ebbi/SC5_HBD_MWPM_5x/results/sweep_3_exp_0_checkpoints.csv
0303030303030303030303030,0.0377296029933427,0.000148502032971,68199609,results/ebbi/SC5_HBD_MWPM_5x/results/sweep_3_exp_0_checkpoints.csv
0303030303030303030303030,0.0377296029933427,0.000148502032971,85859810,results/ebbi/SC5_HBD_MWPM_5x/results/sweep_3_exp_0_checkpoints.csv
0303030303030303030303030,0.0377296029933427,0.000148502032971,108092305,results/ebbi/SC5_HBD_MWPM_5x/results/sweep_3_exp_0_checkpoints.csv
0303030303030303030303030,0.0377296029933427,0.000148502032971,136086656,results/ebbi/SC5_HBD_MWPM_5x/results/sweep_3_exp_0_checkpoints.csv
0303030303030303030303030,0.0377296029933427,0.000148502032971,171300045,results/ebbi/SC5_HBD_MWPM_5x/results/sweep_3_exp_0_checkpoints.csv
0303030303030303030303030,0.0377296029933427,0.000148502032971,215634588,results/ebbi/SC5_HBD_MWPM_5x/results/sweep_3_exp_0_checkpoints.csv
0303030303030303030303030,0.0377296029933427,0.000148502032971,271471953,results/ebbi/SC5_HBD_MWPM_5x/results/sweep_3_exp_0_checkpoints.csv
0303030303030303030303030,0.0377296029933427,0.000148502032971,341776760,results/ebbi/SC5_HBD_MWPM_5x/results/sweep_3_exp_0_checkpoints.csv
0303030303030303030303030,0.0377296029933427,0.000148502032971,430263888,results/ebbi/SC5_HBD_MWPM_5x/results/sweep_3_exp_0_checkpoints.csv
0303030303030303030303030,0.0377296029933427,0.000148502032971,541649654,results/ebbi/SC5_HBD_MWPM_5x/results/sweep_3_exp_0_checkpoints.csv
0303030303030303030303030,0.0377296029933427,0.000148502032971,681896643,results/ebbi/SC5_HBD_MWPM_5x/results/sweep_3_exp_0_checkpoints.csv
0303030303030303030303030,0.0377296029933427,0.000148502032971,858479275,results/ebbi/SC5_HBD_MWPM_5x/results/sweep_3_exp_0_checkpoints.csv
0303030303030303030303030,0.0377296029933427,0.000148502032971,1080734017,results/ebbi/SC5_HBD_MWPM_5x/results/sweep_3_exp_0_checkpoints.csv
0303030303030303030303030,0.0377296029933427,0.000148502032971,1360561642,results/ebbi/SC5_HBD_MWPM_5x/results/sweep_3_exp_0_checkpoints.csv
0303030303030303030303030,0.0377296029933427,0.000148502032971,1712847968,results/ebbi/SC5_HBD_MWPM_5x/results/sweep_3_exp_0_checkpoints.csv
0303030303030303030303030,0.0377296029933427,0.000148502032971,2156349656,results/ebbi/SC5_HBD_MWPM_5x/results/sweep_3_exp_0_checkpoints.csv
0303030303030303030303030,0.0377296029933427,0.000148502032971,2714683302,results/ebbi/SC5_HBD_MWPM_5x/results/sweep_3_exp_0_checkpoints.csv
0303030303030303030303030,0.0377296029933427,0.000148502032971,3417575359,results/ebbi/SC5_HBD_MWPM_5x/results/sweep_3_exp_0_checkpoints.csv
0303030303030303030303030,0.0377296029933427,0.000148502032971,4302483938,results/ebbi/SC5_HBD_MWPM_5x/results/sweep_3_exp_0_checkpoints.csv
0303030303030303030303030,0.0377296029933427,0.000148502032971,5416507822,results/ebbi/SC5_HBD_MWPM_5x/results/sweep_3_exp_0_checkpoints.csv
0303030303030303030303030,0.0377296029933427,0.000148502032971,6818963660,results/ebbi/SC5_HBD_MWPM_5x/results/sweep_3_exp_0_checkpoints.csv
0303030303030303030303030,0.0377296029933427,0.000148502032971,8584554180,results/ebbi/SC5_HBD_MWPM_5x/results/sweep_3_exp_0_checkpoints.csv
0303030303030303030303030,0.0377296029933427,0.000148502032971,10807338894,results/ebbi/SC5_HBD_MWPM_5x/results/sweep_3_exp_0_checkpoints.csv
0303030303030303030303030,0.0377296029933427,0.000148502032971,13605619780,results/ebbi/SC5_HBD_MWPM_5x/results/sweep_3_exp_0_checkpoints.csv
0303030303030303030303030,0.0377296029933427,0.000148502032971,17128445148,results/ebbi/SC5_HBD_MWPM_5x/results/sweep_3_exp_0_checkpoints.csv
0303030303030303030303030,0.0377296029933427,0.000148502032971,21563436976,results/ebbi/SC5_HBD_MWPM_5x/results/sweep_3_exp_0_checkpoints.csv
0303030303030303030303030,0.0377296029933427,0.000148502032971,27146751902,results/ebbi/SC5_HBD_MWPM_5x/results/sweep_3_exp_0_checkpoints.csv
0303030303030303030303030,0.0377296029933427,0.000148502032971,34175728074,results/ebbi/SC5_HBD_MWPM_5x/results/sweep_3_exp_0_checkpoints.csv
0303030303030303030303030,0.0377296029933427,0.000148502032971,43024711094,results/ebbi/SC5_HBD_MWPM_5x/results/sweep_3_exp_0_checkpoints.csv
0303233202020032022020003,0.0700771969121235,0.0011415994958952,126699,results/ebbi/SC5_HBD_MWPM_5x/results/sweep_9_exp_0_checkpoints.csv
0303233202030032022022303,0.0672855355849628,0.0020326205994933,208707,results/ebbi/SC5_HBD_MWPM_5x/results/sweep_9_exp_0_checkpoints.csv
0303233202030032022022003,0.065832531280077,0.0019863937050104,270644,results/ebbi/SC5_HBD_MWPM_5x/results/sweep_9_exp_0_checkpoints.csv
0303233202030032022022003,0.065832531280077,0.0019863937050104,322562,results/ebbi/SC5_HBD_MWPM_5x/results/sweep_9_exp_0_checkpoints.csv
0303233202030032022022003,0.065832531280077,0.0019863937050104,417936,results/ebbi/SC5_HBD_MWPM_5x/results/sweep_9_exp_0_checkpoints.csv
0303233202030032022022003,0.0675070587228702,0.0013398822629824,525513,results/ebbi/SC5_HBD_MWPM_5x/results/sweep_9_exp_0_checkpoints.csv
0303233202030033022002000,0.0587811034980165,0.0018234782619401,713807,results/ebbi/SC5_HBD_MWPM_5x/results/sweep_9_exp_0_checkpoints.csv
0303233303030003022002030,0.0518736795285221,0.0016535877948626,818071,results/ebbi/SC5_HBD_MWPM_5x/results/sweep_9_exp_0_checkpoints.csv
0303233303030003022002030,0.0518736795285221,0.0016535877948626,1023370,results/ebbi/SC5_HBD_MWPM_5x/results/sweep_9_exp_0_checkpoints.csv
0303233300030003023303030,0.0512129380053908,0.0015292651951313,1271698,results/ebbi/SC5_HBD_MWPM_5x/results/sweep_9_exp_0_checkpoints.csv
0303233300030003023303030,0.0505744175598485,0.001013521454297,1633338,results/ebbi/SC5_HBD_MWPM_5x/results/sweep_9_exp_0_checkpoints.csv
0303233303030203023303030,0.0466380412936232,0.0014251035172492,2015579,results/ebbi/SC5_HBD_MWPM_5x/results/sweep_9_exp_0_checkpoints.csv
0303233303030003023303030,0.0471764076831324,0.0009614571463316,2596856,results/ebbi/SC5_HBD_MWPM_5x/results/sweep_9_exp_0_checkpoints.csv
0303233303030003023303030,0.0477304718205582,0.00064454798121,3240896,results/ebbi/SC5_HBD_MWPM_5x/results/sweep_9_exp_0_checkpoints.csv
0303333303030003023303030,0.0478076814996782,0.0006423740414902,4019715,results/ebbi/SC5_HBD_MWPM_5x/results/sweep_9_exp_0_checkpoints.csv
0303333303030003023303030,0.0479553603803231,0.0004288809141144,5143931,results/ebbi/SC5_HBD_MWPM_5x/results/sweep_9_exp_0_checkpoints.csv
0303333303030003023303030,0.0483786058337959,0.0002871167089324,6536030,results/ebbi/SC5_HBD_MWPM_5x/results/sweep_9_exp_0_checkpoints.csv
0303233303030003003303030,0.0483804809176834,0.0002846933493856,8162008,results/ebbi/SC5_HBD_MWPM_5x/results/sweep_9_exp_0_checkpoints.csv
0303330303030303030303020,0.0392675210017036,0.0005626733764074,10083388,results/ebbi/SC5_HBD_MWPM_5x/results/sweep_9_exp_0_checkpoints.csv
0303330303030303030303020,0.0391197314434912,0.0003744409768842,12670171,results/ebbi/SC5_HBD_MWPM_5x/results/sweep_9_exp_0_checkpoints.csv
0303330303030303030303020,0.0391197314434912,0.0003744409768842,16050441,results/ebbi/SC5_HBD_MWPM_5x/results/sweep_9_exp_0_checkpoints.csv
0303030303030303030303030,0.0380332240995304,0.0005094226216897,20153870,results/ebbi/SC5_HBD_MWPM_5x/results/sweep_9_exp_0_checkpoints.csv
0303030303030303030303030,0.0378301865973953,0.000338745128829,25433544,results/ebbi/SC5_HBD_MWPM_5x/results/sweep_9_exp_0_checkpoints.csv
0303030303030303030303030,0.0378303323604866,0.0002258311287732,31834251,results/ebbi/SC5_HBD_MWPM_5x/results/sweep_9_exp_0_checkpoints.csv
0303030303030303030303030,0.0378303323604866,0.0002258311287732,40924815,results/ebbi/SC5_HBD_MWPM_5x/results/sweep_9_exp_0_checkpoints.csv
0303030303030303030303030,0.0376174377323923,0.0001501466758782,50440825,results/ebbi/SC5_HBD_MWPM_5x/results/sweep_9_exp_0_checkpoints.csv
0303030303030303030303030,0.0376174377323923,0.0001501466758782,63504398,results/ebbi/SC5_HBD_MWPM_5x/results/sweep_9_exp_0_checkpoints.csv
0303030303030303030303030,0.0376174377323923,0.0001501466758782,79952042,results/ebbi/SC5_HBD_MWPM_5x/results/sweep_9_exp_0_checkpoints.csv
3003030303030303030303030,0.0364323897460818,0.0007301470614038,100668147,results/ebbi/SC5_HBD_MWPM_5x/results/sweep_9_exp_0_checkpoints.csv
0303030303030303030303030,0.0376174377323923,0.0001501466758782,126728269,results/ebbi/SC5_HBD_MWPM_5x/results/sweep_9_exp_0_checkpoints.csv
0303030303030303030303030,0.0376174377323923,0.0001501466758782,159515226,results/ebbi/SC5_HBD_MWPM_5x/results/sweep_9_exp_0_checkpoints.csv
0303030303030303030303030,0.0376174377323923,0.0001501466758782,200822078,results/ebbi/SC5_HBD_MWPM_5x/results/sweep_9_exp_0_checkpoints.csv
0303030303030303030303030,0.0376174377323923,0.0001501466758782,252824813,results/ebbi/SC5_HBD_MWPM_5x/results/sweep_9_exp_0_checkpoints.csv
0303030303030303030303030,0.0376174377323923,0.0001501466758782,318256550,results/ebbi/SC5_HBD_MWPM_5x/results/sweep_9_exp_0_checkpoints.csv
0303030303030303030303030,0.0376174377323923,0.0001501466758782,400668519,results/ebbi/SC5_HBD_MWPM_5x/results/sweep_9_exp_0_checkpoints.csv
0303030303030303030303030,0.0376174377323923,0.0001501466758782,504402526,results/ebbi/SC5_HBD_MWPM_5x/results/sweep_9_exp_0_checkpoints.csv
0303030303030303030303030,0.0376174377323923,0.0001501466758782,635014714,results/ebbi/SC5_HBD_MWPM_5x/results/sweep_9_exp_0_checkpoints.csv
0303030303030303030303030,0.0376174377323923,0.0001501466758782,799435110,results/ebbi/SC5_HBD_MWPM_5x/results/sweep_9_exp_0_checkpoints.csv
0303030303030303030303030,0.0376174377323923,0.0001501466758782,1006420725,results/ebbi/SC5_HBD_MWPM_5x/results/sweep_9_exp_0_checkpoints.csv
0303030303030303030303030,0.0376174377323923,0.0001501466758782,1267012299,results/ebbi/SC5_HBD_MWPM_5x/results/sweep_9_exp_0_checkpoints.csv
0303030303030303030303030,0.0376174377323923,0.0001501466758782,1595055210,results/ebbi/SC5_HBD_MWPM_5x/results/sweep_9_exp_0_checkpoints.csv
0303030303030303030303030,0.0376174377323923,0.0001501466758782,2008072666,results/ebbi/SC5_HBD_MWPM_5x/results/sweep_9_exp_0_checkpoints.csv
0303030303030303030303030,0.0376174377323923,0.0001501466758782,2527992018,results/ebbi/SC5_HBD_MWPM_5x/results/sweep_9_exp_0_checkpoints.csv
0303030303030303030303030,0.0376174377323923,0.0001501466758782,3182555405,results/ebbi/SC5_HBD_MWPM_5x/results/sweep_9_exp_0_checkpoints.csv
0303030303030303030303030,0.0376174377323923,0.0001501466758782,4006579918,results/ebbi/SC5_HBD_MWPM_5x/results/sweep_9_exp_0_checkpoints.csv
0303030303030303030303030,0.0376174377323923,0.0001501466758782,5043993672,results/ebbi/SC5_HBD_MWPM_5x/results/sweep_9_exp_0_checkpoints.csv
0303030303030303030303030,0.0376174377323923,0.0001501466758782,6349994796,results/ebbi/SC5_HBD_MWPM_5x/results/sweep_9_exp_0_checkpoints.csv
0303030303030303030303030,0.0376174377323923,0.0001501466758782,7994193613,results/ebbi/SC5_HBD_MWPM_5x/results/sweep_9_exp_0_checkpoints.csv
0303030303030303030303030,0.0376174377323923,0.0001501466758782,10064066659,results/ebbi/SC5_HBD_MWPM_5x/results/sweep_9_exp_0_checkpoints.csv
0303030303030303030303030,0.0376174377323923,0.0001501466758782,12669905647,results/ebbi/SC5_HBD_MWPM_5x/results/sweep_9_exp_0_checkpoints.csv
0303030303030303030303030,0.0376174377323923,0.0001501466758782,15950479980,results/ebbi/SC5_HBD_MWPM_5x/results/sweep_9_exp_0_checkpoints.csv
0303030303030303030303030,0.0376174377323923,0.0001501466758782,20080449233,results/ebbi/SC5_HBD_MWPM_5x/results/sweep_9_exp_0_checkpoints.csv
0303030303030303030303030,0.0376174377323923,0.0001501466758782,25279785994,results/ebbi/SC5_HBD_MWPM_5x/results/sweep_9_exp_0_checkpoints.csv
0303030303030303030303030,0.0376174377323923,0.0001501466758782,31825361386,results/ebbi/SC5_HBD_MWPM_5x/results/sweep_9_exp_0_checkpoints.csv
0303030303030303030303030,0.0376174377323923,0.0001501466758782,40065768155,results/ebbi/SC5_HBD_MWPM_5x/results/sweep_9_exp_0_checkpoints.csv
3223020300333332030330302,0.0630271330500163,0.0019648903980851,167060,results/ebbi/SC5_HBD_MWPM_5x/results/sweep_19_exp_0_checkpoints.csv
3223020300333332030330302,0.0630271330500163,0.0019648903980851,231077,results/ebbi/SC5_HBD_MWPM_5x/results/sweep_19_exp_0_checkpoints.csv
3223020300333332030330302,0.0630271330500163,0.0019648903980851,274770,results/ebbi/SC5_HBD_MWPM_5x/results/sweep_19_exp_0_checkpoints.csv
3223030300333332030330302,0.0562448304383788,0.0017708467785269,349199,results/ebbi/SC5_HBD_MWPM_5x/results/sweep_19_exp_0_checkpoints.csv
3223030300333330030330032,0.0543287189628653,0.0016799233853816,493397,results/ebbi/SC5_HBD_MWPM_5x/results/sweep_19_exp_0_checkpoints.csv
3223030300333330030330032,0.0543287189628653,0.0016799233853816,531970,results/ebbi/SC5_HBD_MWPM_5x/results/sweep_19_exp_0_checkpoints.csv
3223030300333330030330002,0.054064897938713,0.0011324427323415,691957,results/ebbi/SC5_HBD_MWPM_5x/results/sweep_19_exp_0_checkpoints.csv
3223030300333330030333000,0.0486945299315,0.0015163340140134,851391,results/ebbi/SC5_HBD_MWPM_5x/results/sweep_19_exp_0_checkpoints.csv
3223030300333330030333000,0.0486945299315,0.0015163340140134,1070349,results/ebbi/SC5_HBD_MWPM_5x/results/sweep_19_exp_0_checkpoints.csv
3223030300333330030333000,0.0486945299315,0.0015163340140134,1346596,results/ebbi/SC5_HBD_MWPM_5x/results/sweep_19_exp_0_checkpoints.csv
3223030300333330030333000,0.0486945299315,0.0015163340140134,1707240,results/ebbi/SC5_HBD_MWPM_5x/results/sweep_19_exp_0_checkpoints.csv
3203030300330330030333000,0.0478228962818003,0.0009634436573833,2111780,results/ebbi/SC5_HBD_MWPM_5x/results/sweep_19_exp_0_checkpoints.csv
3203030300330330030333000,0.0478228962818003,0.0009634436573833,2706333,results/ebbi/SC5_HBD_MWPM_5x/results/sweep_19_exp_0_checkpoints.csv
3003030300330330030333000,0.0459827489817107,0.0009358833776786,3396602,results/ebbi/SC5_HBD_MWPM_5x/results/sweep_19_exp_0_checkpoints.csv
3003030300330330030333000,0.0454093676233072,0.0006202180520631,4199897,results/ebbi/SC5_HBD_MWPM_5x/results/sweep_19_exp_0_checkpoints.csv
3003030300030330030333000,0.0454454404326706,0.000601713778451,5386572,results/ebbi/SC5_HBD_MWPM_5x/results/sweep_19_exp_0_checkpoints.csv
0003030303230300030330000,0.0437783366067659,0.000876577629242,6718043,results/ebbi/SC5_HBD_MWPM_5x/results/sweep_19_exp_0_checkpoints.csv
0203030303330303030302000,0.0414866180464226,0.0008241184987127,8406342,results/ebbi/SC5_HBD_MWPM_5x/results/sweep_19_exp_0_checkpoints.csv
0303030303330303030300030,0.0391963891811178,0.0007993807666935,10546108,results/ebbi/SC5_HBD_MWPM_5x/results/sweep_19_exp_0_checkpoints.csv
0303030303030303030300030,0.0385249555943981,0.0005119771230965,13282097,results/ebbi/SC5_HBD_MWPM_5x/results/sweep_19_exp_0_checkpoints.csv
0303030303030303030300030,0.0382107709775528,0.0003399811103008,16795723,results/ebbi/SC5_HBD_MWPM_5x/results/sweep_19_exp_0_checkpoints.csv
2303030303030303030303030,0.0382161729675792,0.0003343919815961,21329502,results/ebbi/SC5_HBD_MWPM_5x/results/sweep_19_exp_0_checkpoints.csv
0303030303030303030303030,0.0377424603440606,0.0003326535224914,26539228,results/ebbi/SC5_HBD_MWPM_5x/results/sweep_19_exp_0_checkpoints.csv
0303030303030303030303030,0.037504587354745,0.0002210969396401,33368982,results/ebbi/SC5_HBD_MWPM_5x/results/sweep_19_exp_0_checkpoints.csv
0303030303030303030303030,0.037504587354745,0.0002210969396401,41980335,results/ebbi/SC5_HBD_MWPM_5x/results/sweep_19_exp_0_checkpoints.csv
0303030303030303030303030,0.037504587354745,0.0002210969396401,52916770,results/ebbi/SC5_HBD_MWPM_5x/results/sweep_19_exp_0_checkpoints.csv
0303030303030303030303030,0.037504587354745,0.0002210969396401,66514754,results/ebbi/SC5_HBD_MWPM_5x/results/sweep_19_exp_0_checkpoints.csv
0303030303030303030303030,0.037504587354745,0.0002210969396401,83784690,results/ebbi/SC5_HBD_MWPM_5x/results/sweep_19_exp_0_checkpoints.csv
0303030303030303030303030,0.037504587354745,0.0002210969396401,105434842,results/ebbi/SC5_HBD_MWPM_5x/results/sweep_19_exp_0_checkpoints.csv
0303030303030303030303030,0.037504587354745,0.0002210969396401,132715411,results/ebbi/SC5_HBD_MWPM_5x/results/sweep_19_exp_0_checkpoints.csv
0303030303030303030303030,0.037504587354745,0.0002210969396401,167084374,results/ebbi/SC5_HBD_MWPM_5x/results/sweep_19_exp_0_checkpoints.csv
0303030303030303030303030,0.037504587354745,0.0002210969396401,210329533,results/ebbi/SC5_HBD_MWPM_5x/results/sweep_19_exp_0_checkpoints.csv
0303030303030303030303030,0.037504587354745,0.0002210969396401,264797486,results/ebbi/SC5_HBD_MWPM_5x/results/sweep_19_exp_0_checkpoints.csv
0303030303030303030303030,0.037504587354745,0.0002210969396401,333333205,results/ebbi/SC5_HBD_MWPM_5x/results/sweep_19_exp_0_checkpoints.csv
0303030303030303030303030,0.037504587354745,0.0002210969396401,419653606,results/ebbi/SC5_HBD_MWPM_5x/results/sweep_19_exp_0_checkpoints.csv
0303030303030303030303030,0.037504587354745,0.0002210969396401,528312468,results/ebbi/SC5_HBD_MWPM_5x/results/sweep_19_exp_0_checkpoints.csv
0303030303030303030303030,0.037504587354745,0.0002210969396401,665101286,results/ebbi/SC5_HBD_MWPM_5x/results/sweep_19_exp_0_checkpoints.csv
0303030303030303030303030,0.037504587354745,0.0002210969396401,837311668,results/ebbi/SC5_HBD_MWPM_5x/results/sweep_19_exp_0_checkpoints.csv
0303030303030303030303030,0.037504587354745,0.0002210969396401,1054088126,results/ebbi/SC5_HBD_MWPM_5x/results/sweep_19_exp_0_checkpoints.csv
0303030303030303030303030,0.037504587354745,0.0002210969396401,1327030325,results/ebbi/SC5_HBD_MWPM_5x/results/sweep_19_exp_0_checkpoints.csv
0303030303030303030303030,0.037504587354745,0.0002210969396401,1670617999,results/ebbi/SC5_HBD_MWPM_5x/results/sweep_19_exp_0_checkpoints.csv
0303030303030303030303030,0.037504587354745,0.0002210969396401,2103169727,results/ebbi/SC5_HBD_MWPM_5x/results/sweep_19_exp_0_checkpoints.csv
0303030303030303030303030,0.037504587354745,0.0002210969396401,2647727806,results/ebbi/SC5_HBD_MWPM_5x/results/sweep_19_exp_0_checkpoints.csv
0303030303030303030303030,0.037504587354745,0.0002210969396401,3333288635,results/ebbi/SC5_HBD_MWPM_5x/results/sweep_19_exp_0_checkpoints.csv
0303030303030303030303030,0.037504587354745,0.0002210969396401,4196371117,results/ebbi/SC5_HBD_MWPM_5x/results/sweep_19_exp_0_checkpoints.csv
0303030303030303030303030,0.037504587354745,0.0002210969396401,5282915768,results/ebbi/SC5_HBD_MWPM_5x/results/sweep_19_exp_0_checkpoints.csv
0303030303030303030303030,0.037504587354745,0.0002210969396401,6650793459,results/ebbi/SC5_HBD_MWPM_5x/results/sweep_19_exp_0_checkpoints.csv
0303030303030303030303030,0.037504587354745,0.0002210969396401,8372835106,results/ebbi/SC5_HBD_MWPM_5x/results/sweep_19_exp_0_checkpoints.csv
0303030303030303030303030,0.037504587354745,0.0002210969396401,10540788751,results/ebbi/SC5_HBD_MWPM_5x/results/sweep_19_exp_0_checkpoints.csv
0303030303030303030303030,0.037504587354745,0.0002210969396401,13270070975,results/ebbi/SC5_HBD_MWPM_5x/results/sweep_19_exp_0_checkpoints.csv
0303030303030303030303030,0.037504587354745,0.0002210969396401,16706018484,results/ebbi/SC5_HBD_MWPM_5x/results/sweep_19_exp_0_checkpoints.csv
0303030303030303030303030,0.037504587354745,0.0002210969396401,21031617473,results/ebbi/SC5_HBD_MWPM_5x/results/sweep_19_exp_0_checkpoints.csv
0303030303030303030303030,0.037504587354745,0.0002210969396401,26477235585,results/ebbi/SC5_HBD_MWPM_5x/results/sweep_19_exp_0_checkpoints.csv
0303030303030303030303030,0.037504587354745,0.0002210969396401,33332881144,results/ebbi/SC5_HBD_MWPM_5x/results/sweep_19_exp_0_checkpoints.csv
0303030303030303030303030,0.037504587354745,0.0002210969396401,41963580662,results/ebbi/SC5_HBD_MWPM_5x/results/sweep_19_exp_0_checkpoints.csv
3230222302232233032023033,0.0703909046248859,0.0021428957115858,154822,results/ebbi/SC5_HBD_MWPM_5x/results/sweep_15_exp_0_checkpoints.csv
0230222302232233032023033,0.0698457600862127,0.0020917679648846,214514,results/ebbi/SC5_HBD_MWPM_5x/results/sweep_15_exp_0_checkpoints.csv
0230222302232233032023033,0.0698457600862127,0.0020917679648846,246397,results/ebbi/SC5_HBD_MWPM_5x/results/sweep_15_exp_0_checkpoints.csv
0230222302232233032023033,0.0698457600862127,0.0020917679648846,312663,results/ebbi/SC5_HBD_MWPM_5x/results/sweep_15_exp_0_checkpoints.csv
0230222302232233032023033,0.0698457600862127,0.0020917679648846,403558,results/ebbi/SC5_HBD_MWPM_5x/results/sweep_15_exp_0_checkpoints.csv
3230222302232233032023033,0.0708113672520822,0.0014326338423416,498985,results/ebbi/SC5_HBD_MWPM_5x/results/sweep_15_exp_0_checkpoints.csv
3230222302232233032033033,0.0696146484988716,0.0013601853279396,654339,results/ebbi/SC5_HBD_MWPM_5x/results/sweep_15_exp_0_checkpoints.csv
3230222302232233032033033,0.0696146484988716,0.0013601853279396,815076,results/ebbi/SC5_HBD_MWPM_5x/results/sweep_15_exp_0_checkpoints.csv
3230222302232233032033033,0.0696146484988716,0.0013601853279396,989090,results/ebbi/SC5_HBD_MWPM_5x/results/sweep_15_exp_0_checkpoints.csv
3302200202022220300303230,0.0706728390034891,0.0006414199015125,1303631,results/ebbi/SC5_HBD_MWPM_5x/results/sweep_15_exp_0_checkpoints.csv
3200222302232233032033033,0.0690906775343861,0.0020236922428011,1603259,results/ebbi/SC5_HBD_MWPM_5x/results/sweep_15_exp_0_checkpoints.csv
0200000302030333033322033,0.0500120802126117,0.0015151419211179,1992307,results/ebbi/SC5_HBD_MWPM_5x/results/sweep_15_exp_0_checkpoints.csv
0223000302030333033320032,0.0462879335260115,0.001411902369,2470751,results/ebbi/SC5_HBD_MWPM_5x/results/sweep_15_exp_0_checkpoints.csv
0200000302030333033320032,0.0476705490848585,0.0009716994245536,3136956,results/ebbi/SC5_HBD_MWPM_5x/results/sweep_15_exp_0_checkpoints.csv
0000000302030333033300032,0.0447569336241819,0.0009125108481384,3898285,results/ebbi/SC5_HBD_MWPM_5x/results/sweep_15_exp_0_checkpoints.csv
0000000302030333033300032,0.0447569336241819,0.0009125108481384,4944527,results/ebbi/SC5_HBD_MWPM_5x/results/sweep_15_exp_0_checkpoints.csv
0000000302030333030300032,0.0456259426847662,0.0005974448285996,6203449,results/ebbi/SC5_HBD_MWPM_5x/results/sweep_15_exp_0_checkpoints.csv
3000030302030333033300030,0.0451594856310727,0.0005956155364401,7893579,results/ebbi/SC5_HBD_MWPM_5x/results/sweep_15_exp_0_checkpoints.csv
0000000302030333030300032,0.0452420768073331,0.0003967003140132,9787888,results/ebbi/SC5_HBD_MWPM_5x/results/sweep_15_exp_0_checkpoints.csv
0000000302030333030300032,0.0452420768073331,0.0003967003140132,12635726,results/ebbi/SC5_HBD_MWPM_5x/results/sweep_15_exp_0_checkpoints.csv
0000030302030333030303030,0.0393566467649567,0.001239163102582,15504319,results/ebbi/SC5_HBD_MWPM_5x/results/sweep_15_exp_0_checkpoints.csv
0003030300030333030303030,0.0401234793142957,0.0005301543278619,19574183,results/ebbi/SC5_HBD_MWPM_5x/results/sweep_15_exp_0_checkpoints.csv
0003030303030333030303030,0.0397301108013623,0.0003504474880173,24611338,results/ebbi/SC5_HBD_MWPM_5x/results/sweep_15_exp_0_checkpoints.csv
0003030303030333030303030,0.0397301108013623,0.0003504474880173,31005247,results/ebbi/SC5_HBD_MWPM_5x/results/sweep_15_exp_0_checkpoints.csv
0303030303030333030303030,0.0383381411383944,0.0005093101062811,38899645,results/ebbi/SC5_HBD_MWPM_5x/results/sweep_15_exp_0_checkpoints.csv
0303030303030303030303030,0.037562027309127,0.0004974241601303,48980322,results/ebbi/SC5_HBD_MWPM_5x/results/sweep_15_exp_0_checkpoints.csv
0303030303030303030303030,0.0372399485296578,0.0003302488184999,61655916,results/ebbi/SC5_HBD_MWPM_5x/results/sweep_15_exp_0_checkpoints.csv
0303030303030303030303030,0.0372399485296578,0.0003302488184999,77707901,results/ebbi/SC5_HBD_MWPM_5x/results/sweep_15_exp_0_checkpoints.csv
0303030303030303030303030,0.0372399485296578,0.0003302488184999,97730247,results/ebbi/SC5_HBD_MWPM_5x/results/sweep_15_exp_0_checkpoints.csv
0303030303030303030303030,0.0372399485296578,0.0003302488184999,122985763,results/ebbi/SC5_HBD_MWPM_5x/results/sweep_15_exp_0_checkpoints.csv
0303030303030303030303030,0.0372399485296578,0.0003302488184999,154835302,results/ebbi/SC5_HBD_MWPM_5x/results/sweep_15_exp_0_checkpoints.csv
0303030303030303030303030,0.0372399485296578,0.0003302488184999,194918730,results/ebbi/SC5_HBD_MWPM_5x/results/sweep_15_exp_0_checkpoints.csv
0303030303030303030303030,0.0372399485296578,0.0003302488184999,245394851,results/ebbi/SC5_HBD_MWPM_5x/results/sweep_15_exp_0_checkpoints.csv
0303030303030303030303030,0.0372399485296578,0.0003302488184999,308917387,results/ebbi/SC5_HBD_MWPM_5x/results/sweep_15_exp_0_checkpoints.csv
0303030303030303030303030,0.0372399485296578,0.0003302488184999,388921931,results/ebbi/SC5_HBD_MWPM_5x/results/sweep_15_exp_0_checkpoints.csv
0303030303030303030303030,0.0372399485296578,0.0003302488184999,489595993,results/ebbi/SC5_HBD_MWPM_5x/results/sweep_15_exp_0_checkpoints.csv
0303030303030303030303030,0.0372399485296578,0.0003302488184999,616373897,results/ebbi/SC5_HBD_MWPM_5x/results/sweep_15_exp_0_checkpoints.csv
0303030303030303030303030,0.0372399485296578,0.0003302488184999,775965886,results/ebbi/SC5_HBD_MWPM_5x/results/sweep_15_exp_0_checkpoints.csv
0303030303030303030303030,0.0372399485296578,0.0003302488184999,976869520,results/ebbi/SC5_HBD_MWPM_5x/results/sweep_15_exp_0_checkpoints.csv
0303030303030303030303030,0.0372399485296578,0.0003302488184999,1229817874,results/ebbi/SC5_HBD_MWPM_5x/results/sweep_15_exp_0_checkpoints.csv
0303030303030303030303030,0.0372399485296578,0.0003302488184999,1548246266,results/ebbi/SC5_HBD_MWPM_5x/results/sweep_15_exp_0_checkpoints.csv
0303030303030303030303030,0.0372399485296578,0.0003302488184999,1949094230,results/ebbi/SC5_HBD_MWPM_5x/results/sweep_15_exp_0_checkpoints.csv
0303030303030303030303030,0.0372399485296578,0.0003302488184999,2453777885,results/ebbi/SC5_HBD_MWPM_5x/results/sweep_15_exp_0_checkpoints.csv
0303030303030303030303030,0.0372399485296578,0.0003302488184999,3089123389,results/ebbi/SC5_HBD_MWPM_5x/results/sweep_15_exp_0_checkpoints.csv
0303030303030303030303030,0.0372399485296578,0.0003302488184999,3888959829,results/ebbi/SC5_HBD_MWPM_5x/results/sweep_15_exp_0_checkpoints.csv
0303030303030303030303030,0.0372399485296578,0.0003302488184999,4895908293,results/ebbi/SC5_HBD_MWPM_5x/results/sweep_15_exp_0_checkpoints.csv
0303030303030303030303030,0.0372399485296578,0.0003302488184999,6163576693,results/ebbi/SC5_HBD_MWPM_5x/results/sweep_15_exp_0_checkpoints.csv
0303030303030303030303030,0.0372399485296578,0.0003302488184999,7759486085,results/ebbi/SC5_HBD_MWPM_5x/results/sweep_15_exp_0_checkpoints.csv
0303030303030303030303030,0.0372399485296578,0.0003302488184999,9768628650,results/ebbi/SC5_HBD_MWPM_5x/results/sweep_15_exp_0_checkpoints.csv
0303030303030303030303030,0.0372399485296578,0.0003302488184999,12297949784,results/ebbi/SC5_HBD_MWPM_5x/results/sweep_15_exp_0_checkpoints.csv
0303030303030303030303030,0.0372399485296578,0.0003302488184999,15482221211,results/ebbi/SC5_HBD_MWPM_5x/results/sweep_15_exp_0_checkpoints.csv
0303030303030303030303030,0.0372399485296578,0.0003302488184999,19490938313,results/ebbi/SC5_HBD_MWPM_5x/results/sweep_15_exp_0_checkpoints.csv
0303030303030303030303030,0.0372399485296578,0.0003302488184999,24537638127,results/ebbi/SC5_HBD_MWPM_5x/results/sweep_15_exp_0_checkpoints.csv
0303030303030303030303030,0.0372399485296578,0.0003302488184999,30891071403,results/ebbi/SC5_HBD_MWPM_5x/results/sweep_15_exp_0_checkpoints.csv
0303030303030303030303030,0.0372399485296578,0.0003302488184999,38889532467,results/ebbi/SC5_HBD_MWPM_5x/results/sweep_15_exp_0_checkpoints.csv
0303030303030303030303030,0.0372399485296578,0.0003302488184999,48959024889,results/ebbi/SC5_HBD_MWPM_5x/results/sweep_15_exp_0_checkpoints.csv
2000023322300333002203020,0.0659256686349426,0.0020682215690612,146288,results/ebbi/SC5_HBD_MWPM_5x/results/sweep_22_exp_0_checkpoints.csv
2000023322330333002303020,0.0602170542635658,0.0018733124015852,231178,results/ebbi/SC5_HBD_MWPM_5x/results/sweep_22_exp_0_checkpoints.csv
2000020302330330002303020,0.0547937661765515,0.0016887716483324,367665,results/ebbi/SC5_HBD_MWPM_5x/results/sweep_22_exp_0_checkpoints.csv
2000020303330330002303020,0.0542979262308057,0.001646043267101,469641,results/ebbi/SC5_HBD_MWPM_5x/results/sweep_22_exp_0_checkpoints.csv
2000020302330300002303000,0.0522213164866517,0.0015879187267273,589711,results/ebbi/SC5_HBD_MWPM_5x/results/sweep_22_exp_0_checkpoints.csv
2000020302330300002303000,0.0522213164866517,0.0015879187267273,756641,results/ebbi/SC5_HBD_MWPM_5x/results/sweep_22_exp_0_checkpoints.csv
2000020302030300002303000,0.0522043821520447,0.0010475054150447,924529,results/ebbi/SC5_HBD_MWPM_5x/results/sweep_22_exp_0_checkpoints.csv
2000020302030300002303000,0.0522043821520447,0.0010475054150447,1184396,results/ebbi/SC5_HBD_MWPM_5x/results/sweep_22_exp_0_checkpoints.csv
2000020302030300002303000,0.0522043821520447,0.0010475054150447,1521815,results/ebbi/SC5_HBD_MWPM_5x/results/sweep_22_exp_0_checkpoints.csv
2000020303330330032303020,0.0480674990412068,0.0009873711969703,1984298,results/ebbi/SC5_HBD_MWPM_5x/results/sweep_22_exp_0_checkpoints.csv
2000030303330330032303000,0.0461159808281877,0.0013781746383756,2321877,results/ebbi/SC5_HBD_MWPM_5x/results/sweep_22_exp_0_checkpoints.csv
2000020303330330030333020,0.04631587426247,0.0009431132348254,2968398,results/ebbi/SC5_HBD_MWPM_5x/results/sweep_22_exp_0_checkpoints.csv
2000030303030330032303020,0.046671879161762,0.000618293590378,3753043,results/ebbi/SC5_HBD_MWPM_5x/results/sweep_22_exp_0_checkpoints.csv
2300030303030320030303030,0.0409118664766944,0.0012638242915272,4659636,results/ebbi/SC5_HBD_MWPM_5x/results/sweep_22_exp_0_checkpoints.csv
2300030303030320030303030,0.0414716525934861,0.0005653970292769,5848103,results/ebbi/SC5_HBD_MWPM_5x/results/sweep_22_exp_0_checkpoints.csv
2300030303030323030303030,0.0403813322966143,0.0008093162323348,7348379,results/ebbi/SC5_HBD_MWPM_5x/results/sweep_22_exp_0_checkpoints.csv
2303030303030323030303030,0.0392462027500238,0.000526123389136,9323848,results/ebbi/SC5_HBD_MWPM_5x/results/sweep_22_exp_0_checkpoints.csv
2303030303030323030303030,0.0392462027500238,0.000526123389136,11712538,results/ebbi/SC5_HBD_MWPM_5x/results/sweep_22_exp_0_checkpoints.csv
2303030303030333030303030,0.0392647315455761,0.0005237283185124,14684926,results/ebbi/SC5_HBD_MWPM_5x/results/sweep_22_exp_0_checkpoints.csv
2303030303030323030303030,0.0395482519997447,0.0002346963010495,18421413,results/ebbi/SC5_HBD_MWPM_5x/results/sweep_22_exp_0_checkpoints.csv
2303030303030333030303030,0.0395403216771565,0.0002335523458896,23212386,results/ebbi/SC5_HBD_MWPM_5x/results/sweep_22_exp_0_checkpoints.csv
0303030303030303030303033,0.0379202088257081,0.0011343952501192,29353302,results/ebbi/SC5_HBD_MWPM_5x/results/sweep_22_exp_0_checkpoints.csv
0303030303030303030303033,0.038013181041104,0.0003365309676155,36745999,results/ebbi/SC5_HBD_MWPM_5x/results/sweep_22_exp_0_checkpoints.csv
0003030303030303030303033,0.0379564908890532,0.0003320456889923,46286278,results/ebbi/SC5_HBD_MWPM_5x/results/sweep_22_exp_0_checkpoints.csv
0303030303030303030303030,0.0367560230743128,0.0004901803331449,58254943,results/ebbi/SC5_HBD_MWPM_5x/results/sweep_22_exp_0_checkpoints.csv
0303030303030303030303030,0.0367560230743128,0.0004901803331449,73379508,results/ebbi/SC5_HBD_MWPM_5x/results/sweep_22_exp_0_checkpoints.csv
0303030303030303030303030,0.0367560230743128,0.0004901803331449,92309303,results/ebbi/SC5_HBD_MWPM_5x/results/sweep_22_exp_0_checkpoints.csv
0303030303030303030303030,0.0367560230743128,0.0004901803331449,116206739,results/ebbi/SC5_HBD_MWPM_5x/results/sweep_22_exp_0_checkpoints.csv
0303030303030303030303030,0.0367560230743128,0.0004901803331449,146302943,results/ebbi/SC5_HBD_MWPM_5x/results/sweep_22_exp_0_checkpoints.csv
0303030303030303030303030,0.0367560230743128,0.0004901803331449,184194108,results/ebbi/SC5_HBD_MWPM_5x/results/sweep_22_exp_0_checkpoints.csv
0303030303030303030303030,0.0367560230743128,0.0004901803331449,231858190,results/ebbi/SC5_HBD_MWPM_5x/results/sweep_22_exp_0_checkpoints.csv
0303030303030303030303030,0.0367560230743128,0.0004901803331449,291883612,results/ebbi/SC5_HBD_MWPM_5x/results/sweep_22_exp_0_checkpoints.csv
0303030303030303030303030,0.0367560230743128,0.0004901803331449,367459979,results/ebbi/SC5_HBD_MWPM_5x/results/sweep_22_exp_0_checkpoints.csv
0303030303030303030303030,0.0367560230743128,0.0004901803331449,462632283,results/ebbi/SC5_HBD_MWPM_5x/results/sweep_22_exp_0_checkpoints.csv
0303030303030303030303030,0.0367560230743128,0.0004901803331449,582386714,results/ebbi/SC5_HBD_MWPM_5x/results/sweep_22_exp_0_checkpoints.csv
0303030303030303030303030,0.0367560230743128,0.0004901803331449,733201752,results/ebbi/SC5_HBD_MWPM_5x/results/sweep_22_exp_0_checkpoints.csv
0303030303030303030303030,0.0367560230743128,0.0004901803331449,923017545,results/ebbi/SC5_HBD_MWPM_5x/results/sweep_22_exp_0_checkpoints.csv
0303030303030303030303030,0.0367560230743128,0.0004901803331449,1162007798,results/ebbi/SC5_HBD_MWPM_5x/results/sweep_22_exp_0_checkpoints.csv
0303030303030303030303030,0.0367560230743128,0.0004901803331449,1462903100,results/ebbi/SC5_HBD_MWPM_5x/results/sweep_22_exp_0_checkpoints.csv
0303030303030303030303030,0.0367560230743128,0.0004901803331449,1841671881,results/ebbi/SC5_HBD_MWPM_5x/results/sweep_22_exp_0_checkpoints.csv
0303030303030303030303030,0.0367560230743128,0.0004901803331449,2318522392,results/ebbi/SC5_HBD_MWPM_5x/results/sweep_22_exp_0_checkpoints.csv
0303030303030303030303030,0.0367560230743128,0.0004901803331449,2918858284,results/ebbi/SC5_HBD_MWPM_5x/results/sweep_22_exp_0_checkpoints.csv
0303030303030303030303030,0.0367560230743128,0.0004901803331449,3674596012,results/ebbi/SC5_HBD_MWPM_5x/results/sweep_22_exp_0_checkpoints.csv
0303030303030303030303030,0.0367560230743128,0.0004901803331449,4626061157,results/ebbi/SC5_HBD_MWPM_5x/results/sweep_22_exp_0_checkpoints.csv
0303030303030303030303030,0.0367560230743128,0.0004901803331449,5823838361,results/ebbi/SC5_HBD_MWPM_5x/results/sweep_22_exp_0_checkpoints.csv
0303030303030303030303030,0.0367560230743128,0.0004901803331449,7331795789,results/ebbi/SC5_HBD_MWPM_5x/results/sweep_22_exp_0_checkpoints.csv
0303030303030303030303030,0.0367560230743128,0.0004901803331449,9230167116,results/ebbi/SC5_HBD_MWPM_5x/results/sweep_22_exp_0_checkpoints.csv
0303030303030303030303030,0.0367560230743128,0.0004901803331449,11620084308,results/ebbi/SC5_HBD_MWPM_5x/results/sweep_22_exp_0_checkpoints.csv
0303030303030303030303030,0.0367560230743128,0.0004901803331449,14628827863,results/ebbi/SC5_HBD_MWPM_5x/results/sweep_22_exp_0_checkpoints.csv
0303030303030303030303030,0.0367560230743128,0.0004901803331449,18416586187,results/ebbi/SC5_HBD_MWPM_5x/results/sweep_22_exp_0_checkpoints.csv
0303030303030303030303030,0.0367560230743128,0.0004901803331449,23185095013,results/ebbi/SC5_HBD_MWPM_5x/results/sweep_22_exp_0_checkpoints.csv
0303030303030303030303030,0.0367560230743128,0.0004901803331449,29188298071,results/ebbi/SC5_HBD_MWPM_5x/results/sweep_22_exp_0_checkpoints.csv
0303030303030303030303030,0.0367560230743128,0.0004901803331449,36745890589,results/ebbi/SC5_HBD_MWPM_5x/results/sweep_22_exp_0_checkpoints.csv
2003333320330203333020033,0.0662772248665801,0.0021125155035406,155655,results/ebbi/SC5_HBD_MWPM_5x/results/sweep_24_exp_0_checkpoints.csv
2003333320330203033320033,0.05609249925882,0.0017717852024361,265207,results/ebbi/SC5_HBD_MWPM_5x/results/sweep_24_exp_0_checkpoints.csv
2003333320330203033320033,0.05609249925882,0.0017717852024361,337563,results/ebbi/SC5_HBD_MWPM_5x/results/sweep_24_exp_0_checkpoints.csv
2003333320330203033320033,0.05609249925882,0.0017717852024361,404396,results/ebbi/SC5_HBD_MWPM_5x/results/sweep_24_exp_0_checkpoints.csv
2003333320330303033320030,0.0534423137378183,0.0016279735136777,527963,results/ebbi/SC5_HBD_MWPM_5x/results/sweep_24_exp_0_checkpoints.csv
2003333320330303033320030,0.0534423137378183,0.0016279735136777,621725,results/ebbi/SC5_HBD_MWPM_5x/results/sweep_24_exp_0_checkpoints.csv
2003033320330303033320030,0.0507741805751055,0.0015565250068902,894498,results/ebbi/SC5_HBD_MWPM_5x/results/sweep_24_exp_0_checkpoints.csv
2003033320330303033320030,0.0507741805751055,0.0015565250068902,999962,results/ebbi/SC5_HBD_MWPM_5x/results/sweep_24_exp_0_checkpoints.csv
2003033320330303033320030,0.0503642132546811,0.0010337578132748,1286472,results/ebbi/SC5_HBD_MWPM_5x/results/sweep_24_exp_0_checkpoints.csv
2003033320330303030323030,0.0492445439283715,0.0014775780728086,1579658,results/ebbi/SC5_HBD_MWPM_5x/results/sweep_24_exp_0_checkpoints.csv
2003033320330303030323030,0.048957426522406,0.0009823677828535,2009785,results/ebbi/SC5_HBD_MWPM_5x/results/sweep_24_exp_0_checkpoints.csv
3003033300330303030323030,0.0433597067632202,0.0013616487849503,2514052,results/ebbi/SC5_HBD_MWPM_5x/results/sweep_24_exp_0_checkpoints.csv
3003033300330303030323030,0.0452793451482158,0.0009267483255825,3123455,results/ebbi/SC5_HBD_MWPM_5x/results/sweep_24_exp_0_checkpoints.csv
2003033300330303030323030,0.0440494732020155,0.0008783896919339,3994921,results/ebbi/SC5_HBD_MWPM_5x/results/sweep_24_exp_0_checkpoints.csv
0303030303330303030323030,0.0401429797970948,0.0008216683054342,4955567,results/ebbi/SC5_HBD_MWPM_5x/results/sweep_24_exp_0_checkpoints.csv
0303030303330303030323030,0.040324904405523,0.0005489752511493,6228379,results/ebbi/SC5_HBD_MWPM_5x/results/sweep_24_exp_0_checkpoints.csv
0303030303330303030323030,0.0396347689442842,0.0003629711281973,7810531,results/ebbi/SC5_HBD_MWPM_5x/results/sweep_24_exp_0_checkpoints.csv
2303030303330303030303030,0.0372726298109566,0.0011323789367452,9851304,results/ebbi/SC5_HBD_MWPM_5x/results/sweep_24_exp_0_checkpoints.csv
0303030303330303030303030,0.0381818825445148,0.0005099024274386,12406920,results/ebbi/SC5_HBD_MWPM_5x/results/sweep_24_exp_0_checkpoints.csv
0303030303330303030303030,0.0382255394936406,0.0003401239227969,15612066,results/ebbi/SC5_HBD_MWPM_5x/results/sweep_24_exp_0_checkpoints.csv
0303030303030303030303030,0.0378857746642317,0.0003336360387038,19611362,results/ebbi/SC5_HBD_MWPM_5x/results/sweep_24_exp_0_checkpoints.csv
0303030303030303030303030,0.0378857746642317,0.0003336360387038,24707296,results/ebbi/SC5_HBD_MWPM_5x/results/sweep_24_exp_0_checkpoints.csv
0303030303030303030303030,0.0378857746642317,0.0003336360387038,31309419,results/ebbi/SC5_HBD_MWPM_5x/results/sweep_24_exp_0_checkpoints.csv
0303030303030303030303030,0.0377291395780004,0.000221982380026,39136845,results/ebbi/SC5_HBD_MWPM_5x/results/sweep_24_exp_0_checkpoints.csv
0303030303030303030303030,0.0377291395780004,0.000221982380026,49249927,results/ebbi/SC5_HBD_MWPM_5x/results/sweep_24_exp_0_checkpoints.csv
0303030303030303030303030,0.0377291395780004,0.000221982380026,61989670,results/ebbi/SC5_HBD_MWPM_5x/results/sweep_24_exp_0_checkpoints.csv
0303030303030303030303030,0.0377291395780004,0.000221982380026,78075382,results/ebbi/SC5_HBD_MWPM_5x/results/sweep_24_exp_0_checkpoints.csv
0303030303030303030303030,0.0377291395780004,0.000221982380026,98234346,results/ebbi/SC5_HBD_MWPM_5x/results/sweep_24_exp_0_checkpoints.csv
0303030303030303030303030,0.0377291395780004,0.000221982380026,123643973,results/ebbi/SC5_HBD_MWPM_5x/results/sweep_24_exp_0_checkpoints.csv
0303030303030303030303030,0.0377291395780004,0.000221982380026,155675558,results/ebbi/SC5_HBD_MWPM_5x/results/sweep_24_exp_0_checkpoints.csv
0303030303030303030303030,0.0377291395780004,0.000221982380026,195980366,results/ebbi/SC5_HBD_MWPM_5x/results/sweep_24_exp_0_checkpoints.csv
0303030303030303030303030,0.0377291395780004,0.000221982380026,246701322,results/ebbi/SC5_HBD_MWPM_5x/results/sweep_24_exp_0_checkpoints.csv
0303030303030303030303030,0.0377291395780004,0.000221982380026,310592962,results/ebbi/SC5_HBD_MWPM_5x/results/sweep_24_exp_0_checkpoints.csv
0303030303030303030303030,0.0377291395780004,0.000221982380026,391012169,results/ebbi/SC5_HBD_MWPM_5x/results/sweep_24_exp_0_checkpoints.csv
0303030303030303030303030,0.0377291395780004,0.000221982380026,492243071,results/ebbi/SC5_HBD_MWPM_5x/results/sweep_24_exp_0_checkpoints.csv
0303030303030303030303030,0.0377291395780004,0.000221982380026,619683227,results/ebbi/SC5_HBD_MWPM_5x/results/sweep_24_exp_0_checkpoints.csv
0303030303030303030303030,0.0377291395780004,0.000221982380026,780124431,results/ebbi/SC5_HBD_MWPM_5x/results/sweep_24_exp_0_checkpoints.csv
0303030303030303030303030,0.0377291395780004,0.000221982380026,982140419,results/ebbi/SC5_HBD_MWPM_5x/results/sweep_24_exp_0_checkpoints.csv
0303030303030303030303030,0.0377291395780004,0.000221982380026,1236418941,results/ebbi/SC5_HBD_MWPM_5x/results/sweep_24_exp_0_checkpoints.csv
0303030303030303030303030,0.0377291395780004,0.000221982380026,1556594993,results/ebbi/SC5_HBD_MWPM_5x/results/sweep_24_exp_0_checkpoints.csv
0303030303030303030303030,0.0377291395780004,0.000221982380026,1959593899,results/ebbi/SC5_HBD_MWPM_5x/results/sweep_24_exp_0_checkpoints.csv
0303030303030303030303030,0.0377291395780004,0.000221982380026,2466989387,results/ebbi/SC5_HBD_MWPM_5x/results/sweep_24_exp_0_checkpoints.csv
0303030303030303030303030,0.0377291395780004,0.000221982380026,3105732111,results/ebbi/SC5_HBD_MWPM_5x/results/sweep_24_exp_0_checkpoints.csv
0303030303030303030303030,0.0377291395780004,0.000221982380026,3909885645,results/ebbi/SC5_HBD_MWPM_5x/results/sweep_24_exp_0_checkpoints.csv
0303030303030303030303030,0.0377291395780004,0.000221982380026,4922257955,results/ebbi/SC5_HBD_MWPM_5x/results/sweep_24_exp_0_checkpoints.csv
0303030303030303030303030,0.0377291395780004,0.000221982380026,6196761343,results/ebbi/SC5_HBD_MWPM_5x/results/sweep_24_exp_0_checkpoints.csv
0303030303030303030303030,0.0377291395780004,0.000221982380026,7801236727,results/ebbi/SC5_HBD_MWPM_5x/results/sweep_24_exp_0_checkpoints.csv
0303030303030303030303030,0.0377291395780004,0.000221982380026,9821167929,results/ebbi/SC5_HBD_MWPM_5x/results/sweep_24_exp_0_checkpoints.csv
0303030303030303030303030,0.0377291395780004,0.000221982380026,12364122605,results/ebbi/SC5_HBD_MWPM_5x/results/sweep_24_exp_0_checkpoints.csv
0303030303030303030303030,0.0377291395780004,0.000221982380026,15565507305,results/ebbi/SC5_HBD_MWPM_5x/results/sweep_24_exp_0_checkpoints.csv
0303030303030303030303030,0.0377291395780004,0.000221982380026,19595823487,results/ebbi/SC5_HBD_MWPM_5x/results/sweep_24_exp_0_checkpoints.csv
0303030303030303030303030,0.0377291395780004,0.000221982380026,24669679829,results/ebbi/SC5_HBD_MWPM_5x/results/sweep_24_exp_0_checkpoints.csv
0303030303030303030303030,0.0377291395780004,0.000221982380026,31057272791,results/ebbi/SC5_HBD_MWPM_5x/results/sweep_24_exp_0_checkpoints.csv
0303030303030303030303030,0.0377291395780004,0.000221982380026,39098768491,results/ebbi/SC5_HBD_MWPM_5x/results/sweep_24_exp_0_checkpoints.csv
2322200002330333330032233,0.0623273914135074,0.0019152095774188,140400,results/ebbi/SC5_HBD_MWPM_5x/results/sweep_13_exp_0_checkpoints.csv
2322030002330333330032233,0.0580451127819548,0.001813443377614,237635,results/ebbi/SC5_HBD_MWPM_5x/results/sweep_13_exp_0_checkpoints.csv
2322030002330333330032233,0.0580451127819548,0.001813443377614,306070,results/ebbi/SC5_HBD_MWPM_5x/results/sweep_13_exp_0_checkpoints.csv
2332033002330330330032033,0.0577307339201814,0.0017139336559921,356139,results/ebbi/SC5_HBD_MWPM_5x/results/sweep_13_exp_0_checkpoints.csv
2332033002330330330032033,0.0577307339201814,0.0017139336559921,460578,results/ebbi/SC5_HBD_MWPM_5x/results/sweep_13_exp_0_checkpoints.csv
2332033002330330330032033,0.0578492558809409,0.0011437846114858,577803,results/ebbi/SC5_HBD_MWPM_5x/results/sweep_13_exp_0_checkpoints.csv
2332030002330303330032233,0.0569482030100175,0.0011290872935205,715087,results/ebbi/SC5_HBD_MWPM_5x/results/sweep_13_exp_0_checkpoints.csv
2332030002330303330032233,0.0569482030100175,0.0011290872935205,922670,results/ebbi/SC5_HBD_MWPM_5x/results/sweep_13_exp_0_checkpoints.csv
0332030002330303330030233,0.0552635687152,0.0016482409555464,1126201,results/ebbi/SC5_HBD_MWPM_5x/results/sweep_13_exp_0_checkpoints.csv
2332030002330333330032033,0.0549881807541367,0.0010920426575466,1405443,results/ebbi/SC5_HBD_MWPM_5x/results/sweep_13_exp_0_checkpoints.csv
2332030002330303330032033,0.0541277785292393,0.0010743244783952,1800399,results/ebbi/SC5_HBD_MWPM_5x/results/sweep_13_exp_0_checkpoints.csv
2332030002330303330032033,0.0541277785292393,0.0010743244783952,2227792,results/ebbi/SC5_HBD_MWPM_5x/results/sweep_13_exp_0_checkpoints.csv
2332030002330303330032030,0.0548195160650535,0.000716813839972,2822213,results/ebbi/SC5_HBD_MWPM_5x/results/sweep_13_exp_0_checkpoints.csv
3332030002330303330032030,0.0546871171656784,0.0007117927889339,3636368,results/ebbi/SC5_HBD_MWPM_5x/results/sweep_13_exp_0_checkpoints.csv
2302030002330303030002033,0.0470561387494294,0.0014305751537904,4457204,results/ebbi/SC5_HBD_MWPM_5x/results/sweep_13_exp_0_checkpoints.csv
2302030003330303030000033,0.0452836769493101,0.0009152617421932,5600302,results/ebbi/SC5_HBD_MWPM_5x/results/sweep_13_exp_0_checkpoints.csv
2300030003230303030000033,0.0450387310955367,0.0008906399598345,7072409,results/ebbi/SC5_HBD_MWPM_5x/results/sweep_13_exp_0_checkpoints.csv
2300030003230303030000030,0.0448113971183422,0.0005886176368221,8943691,results/ebbi/SC5_HBD_MWPM_5x/results/sweep_13_exp_0_checkpoints.csv
0303030003230303030002033,0.0443772992121566,0.0005829953588545,11164921,results/ebbi/SC5_HBD_MWPM_5x/results/sweep_13_exp_0_checkpoints.csv
0303030303230303030003033,0.0411184872259102,0.0012594630243256,14045020,results/ebbi/SC5_HBD_MWPM_5x/results/sweep_13_exp_0_checkpoints.csv
0303030303230303030003033,0.0404429686672083,0.0003702489775605,17700808,results/ebbi/SC5_HBD_MWPM_5x/results/sweep_13_exp_0_checkpoints.csv
0303330303330303030303030,0.0383059152957647,0.0005078199319541,22284645,results/ebbi/SC5_HBD_MWPM_5x/results/sweep_13_exp_0_checkpoints.csv
0303030303030303330303020,0.0370614111045686,0.0011117876274511,28037237,results/ebbi/SC5_HBD_MWPM_5x/results/sweep_13_exp_0_checkpoints.csv
0303030303030303030303030,0.0376046199169203,0.0003339519607834,35474768,results/ebbi/SC5_HBD_MWPM_5x/results/sweep_13_exp_0_checkpoints.csv
0303030303030303030303030,0.0377557728654778,0.0002230647660326,44424279,results/ebbi/SC5_HBD_MWPM_5x/results/sweep_13_exp_0_checkpoints.csv
0303030303030303030303030,0.0374358112796838,0.0001481031795265,55911471,results/ebbi/SC5_HBD_MWPM_5x/results/sweep_13_exp_0_checkpoints.csv
0303030303030303030303030,0.0374358112796838,0.0001481031795265,70387645,results/ebbi/SC5_HBD_MWPM_5x/results/sweep_13_exp_0_checkpoints.csv
0303030303030303030303030,0.0374358112796838,0.0001481031795265,88597235,results/ebbi/SC5_HBD_MWPM_5x/results/sweep_13_exp_0_checkpoints.csv
0303030303030303030303030,0.0374358112796838,0.0001481031795265,111536446,results/ebbi/SC5_HBD_MWPM_5x/results/sweep_13_exp_0_checkpoints.csv
0303030303030303030303030,0.0374358112796838,0.0001481031795265,140419954,results/ebbi/SC5_HBD_MWPM_5x/results/sweep_13_exp_0_checkpoints.csv
0303030303030303030303030,0.0374358112796838,0.0001481031795265,176781221,results/ebbi/SC5_HBD_MWPM_5x/results/sweep_13_exp_0_checkpoints.csv
0303030303030303030303030,0.0374358112796838,0.0001481031795265,222526585,results/ebbi/SC5_HBD_MWPM_5x/results/sweep_13_exp_0_checkpoints.csv
0303030303030303030303030,0.0374358112796838,0.0001481031795265,280140457,results/ebbi/SC5_HBD_MWPM_5x/results/sweep_13_exp_0_checkpoints.csv
0303030303030303030303030,0.0374358112796838,0.0001481031795265,352697530,results/ebbi/SC5_HBD_MWPM_5x/results/sweep_13_exp_0_checkpoints.csv
0303030303030303030303030,0.0374358112796838,0.0001481031795265,444004402,results/ebbi/SC5_HBD_MWPM_5x/results/sweep_13_exp_0_checkpoints.csv
0303030303030303030303030,0.0374358112796838,0.0001481031795265,558971038,results/ebbi/SC5_HBD_MWPM_5x/results/sweep_13_exp_0_checkpoints.csv
0303030303030303030303030,0.0374358112796838,0.0001481031795265,703669593,results/ebbi/SC5_HBD_MWPM_5x/results/sweep_13_exp_0_checkpoints.csv
0303030303030303030303030,0.0374358112796838,0.0001481031795265,885886175,results/ebbi/SC5_HBD_MWPM_5x/results/sweep_13_exp_0_checkpoints.csv
0303030303030303030303030,0.0374358112796838,0.0001481031795265,1115240228,results/ebbi/SC5_HBD_MWPM_5x/results/sweep_13_exp_0_checkpoints.csv
0303030303030303030303030,0.0374358112796838,0.0001481031795265,1404006663,results/ebbi/SC5_HBD_MWPM_5x/results/sweep_13_exp_0_checkpoints.csv
0303030303030303030303030,0.0374358112796838,0.0001481031795265,1767557172,results/ebbi/SC5_HBD_MWPM_5x/results/sweep_13_exp_0_checkpoints.csv
0303030303030303030303030,0.0374358112796838,0.0001481031795265,2225198788,results/ebbi/SC5_HBD_MWPM_5x/results/sweep_13_exp_0_checkpoints.csv
0303030303030303030303030,0.0374358112796838,0.0001481031795265,2801367284,results/ebbi/SC5_HBD_MWPM_5x/results/sweep_13_exp_0_checkpoints.csv
0303030303030303030303030,0.0374358112796838,0.0001481031795265,3526710393,results/ebbi/SC5_HBD_MWPM_5x/results/sweep_13_exp_0_checkpoints.csv
0303030303030303030303030,0.0374358112796838,0.0001481031795265,4439847638,results/ebbi/SC5_HBD_MWPM_5x/results/sweep_13_exp_0_checkpoints.csv
0303030303030303030303030,0.0374358112796838,0.0001481031795265,5589426271,results/ebbi/SC5_HBD_MWPM_5x/results/sweep_13_exp_0_checkpoints.csv
0303030303030303030303030,0.0374358112796838,0.0001481031795265,7036677386,results/ebbi/SC5_HBD_MWPM_5x/results/sweep_13_exp_0_checkpoints.csv
0303030303030303030303030,0.0374358112796838,0.0001481031795265,8858659817,results/ebbi/SC5_HBD_MWPM_5x/results/sweep_13_exp_0_checkpoints.csv
0303030303030303030303030,0.0374358112796838,0.0001481031795265,11152381198,results/ebbi/SC5_HBD_MWPM_5x/results/sweep_13_exp_0_checkpoints.csv
0303030303030303030303030,0.0374358112796838,0.0001481031795265,14040000331,results/ebbi/SC5_HBD_MWPM_5x/results/sweep_13_exp_0_checkpoints.csv
0303030303030303030303030,0.0374358112796838,0.0001481031795265,17675322261,results/ebbi/SC5_HBD_MWPM_5x/results/sweep_13_exp_0_checkpoints.csv
0303030303030303030303030,0.0374358112796838,0.0001481031795265,22251922760,results/ebbi/SC5_HBD_MWPM_5x/results/sweep_13_exp_0_checkpoints.csv
0303030303030303030303030,0.0374358112796838,0.0001481031795265,28013505173,results/ebbi/SC5_HBD_MWPM_5x/results/sweep_13_exp_0_checkpoints.csv
0303030303030303030303030,0.0374358112796838,0.0001481031795265,35266892541,results/ebbi/SC5_HBD_MWPM_5x/results/sweep_13_exp_0_checkpoints.csv
0303030303030303030303030,0.0374358112796838,0.0001481031795265,44398379416,results/ebbi/SC5_HBD_MWPM_5x/results/sweep_13_exp_0_checkpoints.csv
2000030300030203223300020,0.0566977320907163,0.0010342135792598,124099,results/ebbi/SC5_HBD_MWPM_5x/results/sweep_4_exp_0_checkpoints.csv
0000030300030203223300020,0.0518855308906124,0.0016221057157963,285754,results/ebbi/SC5_HBD_MWPM_5x/results/sweep_4_exp_0_checkpoints.csv
0000030300030203223300020,0.0518855308906124,0.0016221057157963,330758,results/ebbi/SC5_HBD_MWPM_5x/results/sweep_4_exp_0_checkpoints.csv
0000030300030203223300020,0.0518855308906124,0.0016221057157963,411484,results/ebbi/SC5_HBD_MWPM_5x/results/sweep_4_exp_0_checkpoints.csv
0000030300030203220300020,0.0480432389150235,0.0015128449304029,600499,results/ebbi/SC5_HBD_MWPM_5x/results/sweep_4_exp_0_checkpoints.csv
0000030300030203220300020,0.0480432389150235,0.0015128449304029,651928,results/ebbi/SC5_HBD_MWPM_5x/results/sweep_4_exp_0_checkpoints.csv
0000030300030203220300020,0.0480432389150235,0.0015128449304029,798088,results/ebbi/SC5_HBD_MWPM_5x/results/sweep_4_exp_0_checkpoints.csv
0000030300030303230300020,0.0454796284374137,0.0014128673356026,989914,results/ebbi/SC5_HBD_MWPM_5x/results/sweep_4_exp_0_checkpoints.csv
0000030300030303230303020,0.0445914597474009,0.0013528144918382,1265495,results/ebbi/SC5_HBD_MWPM_5x/results/sweep_4_exp_0_checkpoints.csv
0000030300030303230303020,0.0448513547056689,0.0009044100879691,1566576,results/ebbi/SC5_HBD_MWPM_5x/results/sweep_4_exp_0_checkpoints.csv
0000030300030303230303020,0.0448513547056689,0.0009044100879691,2028788,results/ebbi/SC5_HBD_MWPM_5x/results/sweep_4_exp_0_checkpoints.csv
0000030300030303230303020,0.0456227298957873,0.0006078687729313,2484248,results/ebbi/SC5_HBD_MWPM_5x/results/sweep_4_exp_0_checkpoints.csv
0000030300030303230303020,0.0456227298957873,0.0006078687729313,3200838,results/ebbi/SC5_HBD_MWPM_5x/results/sweep_4_exp_0_checkpoints.csv
0000030300030303230303020,0.0456227298957873,0.0006078687729313,4004715,results/ebbi/SC5_HBD_MWPM_5x/results/sweep_4_exp_0_checkpoints.csv
0333030300030303330303020,0.0433430338304838,0.000868423259817,4957598,results/ebbi/SC5_HBD_MWPM_5x/results/sweep_4_exp_0_checkpoints.csv
0333030300030303230303020,0.0437002711925141,0.0005833833711221,6222885,results/ebbi/SC5_HBD_MWPM_5x/results/sweep_4_exp_0_checkpoints.csv
0333030300030303230303020,0.0437002711925141,0.0005833833711221,7896557,results/ebbi/SC5_HBD_MWPM_5x/results/sweep_4_exp_0_checkpoints.csv
0303030300030303330303020,0.0415189151624227,0.0008420849917456,9889993,results/ebbi/SC5_HBD_MWPM_5x/results/sweep_4_exp_0_checkpoints.csv
0303030300030303330303000,0.0420097855499816,0.0003719890955835,12461601,results/ebbi/SC5_HBD_MWPM_5x/results/sweep_4_exp_0_checkpoints.csv
0303030300030303330303000,0.0420097855499816,0.0003719890955835,15665136,results/ebbi/SC5_HBD_MWPM_5x/results/sweep_4_exp_0_checkpoints.csv
0303030300030303330303000,0.0421406522204223,0.0002483625721652,19671415,results/ebbi/SC5_HBD_MWPM_5x/results/sweep_4_exp_0_checkpoints.csv
0303030303030303030303030,0.0376555819977676,0.0005043693818151,24761877,results/ebbi/SC5_HBD_MWPM_5x/results/sweep_4_exp_0_checkpoints.csv
0303030303030303030303030,0.0371442745400256,0.0003340466355439,31278448,results/ebbi/SC5_HBD_MWPM_5x/results/sweep_4_exp_0_checkpoints.csv
0303030303030303030303030,0.0371442745400256,0.0003340466355439,39293380,results/ebbi/SC5_HBD_MWPM_5x/results/sweep_4_exp_0_checkpoints.csv
0303030303030303030303030,0.0371442745400256,0.0003340466355439,49410351,results/ebbi/SC5_HBD_MWPM_5x/results/sweep_4_exp_0_checkpoints.csv
0303030303030303030303030,0.0371442745400256,0.0003340466355439,62222000,results/ebbi/SC5_HBD_MWPM_5x/results/sweep_4_exp_0_checkpoints.csv
0303030303030303030303030,0.0371442745400256,0.0003340466355439,78354110,results/ebbi/SC5_HBD_MWPM_5x/results/sweep_4_exp_0_checkpoints.csv
0303030303030303030303030,0.0371442745400256,0.0003340466355439,98609339,results/ebbi/SC5_HBD_MWPM_5x/results/sweep_4_exp_0_checkpoints.csv
0303030303030303030303030,0.0371442745400256,0.0003340466355439,124137489,results/ebbi/SC5_HBD_MWPM_5x/results/sweep_4_exp_0_checkpoints.csv
0303030303030303030303030,0.0371442745400256,0.0003340466355439,156247769,results/ebbi/SC5_HBD_MWPM_5x/results/sweep_4_exp_0_checkpoints.csv
0303030303030303030303030,0.0371442745400256,0.0003340466355439,196705506,results/ebbi/SC5_HBD_MWPM_5x/results/sweep_4_exp_0_checkpoints.csv
0303030303030303030303030,0.0371442745400256,0.0003340466355439,247624791,results/ebbi/SC5_HBD_MWPM_5x/results/sweep_4_exp_0_checkpoints.csv
0303030303030303030303030,0.0371442745400256,0.0003340466355439,311729043,results/ebbi/SC5_HBD_MWPM_5x/results/sweep_4_exp_0_checkpoints.csv
0303030303030303030303030,0.0371442745400256,0.0003340466355439,392456183,results/ebbi/SC5_HBD_MWPM_5x/results/sweep_4_exp_0_checkpoints.csv
0303030303030303030303030,0.0371442745400256,0.0003340466355439,494058443,results/ebbi/SC5_HBD_MWPM_5x/results/sweep_4_exp_0_checkpoints.csv
0303030303030303030303030,0.0371442745400256,0.0003340466355439,621975240,results/ebbi/SC5_HBD_MWPM_5x/results/sweep_4_exp_0_checkpoints.csv
0303030303030303030303030,0.0371442745400256,0.0003340466355439,783036307,results/ebbi/SC5_HBD_MWPM_5x/results/sweep_4_exp_0_checkpoints.csv
0303030303030303030303030,0.0371442745400256,0.0003340466355439,985764542,results/ebbi/SC5_HBD_MWPM_5x/results/sweep_4_exp_0_checkpoints.csv
0303030303030303030303030,0.0371442745400256,0.0003340466355439,1241003701,results/ebbi/SC5_HBD_MWPM_5x/results/sweep_4_exp_0_checkpoints.csv
0303030303030303030303030,0.0371442745400256,0.0003340466355439,1562332011,results/ebbi/SC5_HBD_MWPM_5x/results/sweep_4_exp_0_checkpoints.csv
0303030303030303030303030,0.0371442745400256,0.0003340466355439,1966859827,results/ebbi/SC5_HBD_MWPM_5x/results/sweep_4_exp_0_checkpoints.csv
0303030303030303030303030,0.0371442745400256,0.0003340466355439,2476119563,results/ebbi/SC5_HBD_MWPM_5x/results/sweep_4_exp_0_checkpoints.csv
0303030303030303030303030,0.0371442745400256,0.0003340466355439,3117247402,results/ebbi/SC5_HBD_MWPM_5x/results/sweep_4_exp_0_checkpoints.csv
0303030303030303030303030,0.0371442745400256,0.0003340466355439,3924364350,results/ebbi/SC5_HBD_MWPM_5x/results/sweep_4_exp_0_checkpoints.csv
0303030303030303030303030,0.0371442745400256,0.0003340466355439,4940483555,results/ebbi/SC5_HBD_MWPM_5x/results/sweep_4_exp_0_checkpoints.csv
0303030303030303030303030,0.0371442745400256,0.0003340466355439,6219689030,results/ebbi/SC5_HBD_MWPM_5x/results/sweep_4_exp_0_checkpoints.csv
0303030303030303030303030,0.0371442745400256,0.0003340466355439,7830126798,results/ebbi/SC5_HBD_MWPM_5x/results/sweep_4_exp_0_checkpoints.csv
0303030303030303030303030,0.0371442745400256,0.0003340466355439,9857549902,results/ebbi/SC5_HBD_MWPM_5x/results/sweep_4_exp_0_checkpoints.csv
0303030303030303030303030,0.0371442745400256,0.0003340466355439,12409919590,results/ebbi/SC5_HBD_MWPM_5x/results/sweep_4_exp_0_checkpoints.csv
0303030303030303030303030,0.0371442745400256,0.0003340466355439,15623151221,results/ebbi/SC5_HBD_MWPM_5x/results/sweep_4_exp_0_checkpoints.csv
0303030303030303030303030,0.0371442745400256,0.0003340466355439,19668381581,results/ebbi/SC5_HBD_MWPM_5x/results/sweep_4_exp_0_checkpoints.csv
0303030303030303030303030,0.0371442745400256,0.0003340466355439,24761030940,results/ebbi/SC5_HBD_MWPM_5x/results/sweep_4_exp_0_checkpoints.csv
0303030303030303030303030,0.0371442745400256,0.0003340466355439,31172280084,results/ebbi/SC5_HBD_MWPM_5x/results/sweep_4_exp_0_checkpoints.csv
0303030303030303030303030,0.0371442745400256,0.0003340466355439,39243560673,results/ebbi/SC5_HBD_MWPM_5x/results/sweep_4_exp_0_checkpoints.csv
0202330000322020000020332,0.0690529875986471,0.0021282203961163,147682,results/ebbi/SC5_HBD_MWPM_5x/results/sweep_2_exp_0_checkpoints.csv
0002030323232223220223032,0.0626131259636656,0.001983521040529,216785,results/ebbi/SC5_HBD_MWPM_5x/results/sweep_2_exp_0_checkpoints.csv
0002030323232223220223032,0.0626131259636656,0.001983521040529,280536,results/ebbi/SC5_HBD_MWPM_5x/results/sweep_2_exp_0_checkpoints.csv
0002030323232223220223032,0.0626131259636656,0.001983521040529,297112,results/ebbi/SC5_HBD_MWPM_5x/results/sweep_2_exp_0_checkpoints.csv
0002030323232223220223032,0.0626131259636656,0.001983521040529,377221,results/ebbi/SC5_HBD_MWPM_5x/results/sweep_2_exp_0_checkpoints.csv
0002030323232223220223032,0.0633790226460071,0.0013299559941515,479611,results/ebbi/SC5_HBD_MWPM_5x/results/sweep_2_exp_0_checkpoints.csv
0002030323232223220223032,0.0633790226460071,0.0013299559941515,613338,results/ebbi/SC5_HBD_MWPM_5x/results/sweep_2_exp_0_checkpoints.csv
0002030323232223220223032,0.0633790226460071,0.0013299559941515,785031,results/ebbi/SC5_HBD_MWPM_5x/results/sweep_2_exp_0_checkpoints.csv
0002030322232323220323032,0.0595285886333658,0.0017917905934154,1003076,results/ebbi/SC5_HBD_MWPM_5x/results/sweep_2_exp_0_checkpoints.csv
0302030322230323020323332,0.0539292890892304,0.0016645623836666,1180036,results/ebbi/SC5_HBD_MWPM_5x/results/sweep_2_exp_0_checkpoints.csv
0302030322230323020333032,0.050494694212334,0.0015677080955356,1488426,results/ebbi/SC5_HBD_MWPM_5x/results/sweep_2_exp_0_checkpoints.csv
0302030322230323020333033,0.051480335837384,0.0010386800859123,1887389,results/ebbi/SC5_HBD_MWPM_5x/results/sweep_2_exp_0_checkpoints.csv
0302030322230323020333032,0.0517292014785558,0.0007048136903904,2341648,results/ebbi/SC5_HBD_MWPM_5x/results/sweep_2_exp_0_checkpoints.csv
0302030322230323020333032,0.0517292014785558,0.0007048136903904,2999575,results/ebbi/SC5_HBD_MWPM_5x/results/sweep_2_exp_0_checkpoints.csv
0302030322030303030333033,0.0466377934807385,0.001423702458851,3717019,results/ebbi/SC5_HBD_MWPM_5x/results/sweep_2_exp_0_checkpoints.csv
0302000322030303030333033,0.0437440799104451,0.0013419926399365,4683687,results/ebbi/SC5_HBD_MWPM_5x/results/sweep_2_exp_0_checkpoints.csv
0302000302030303030333003,0.0443246207274721,0.0008799143251962,5954687,results/ebbi/SC5_HBD_MWPM_5x/results/sweep_2_exp_0_checkpoints.csv
0303000302030303030333003,0.0435802259475808,0.0005805744440294,7422959,results/ebbi/SC5_HBD_MWPM_5x/results/sweep_2_exp_0_checkpoints.csv
0303030303030303030333000,0.0390682811974436,0.0007945885881781,9395481,results/ebbi/SC5_HBD_MWPM_5x/results/sweep_2_exp_0_checkpoints.csv
0303030303030303030333003,0.039619639939246,0.0005233489791862,11741209,results/ebbi/SC5_HBD_MWPM_5x/results/sweep_2_exp_0_checkpoints.csv
0303030303030303030303003,0.0393512930116307,0.0005180915468372,14917737,results/ebbi/SC5_HBD_MWPM_5x/results/sweep_2_exp_0_checkpoints.csv
0303030303030303030303033,0.0383731795221267,0.0005091593484394,18679299,results/ebbi/SC5_HBD_MWPM_5x/results/sweep_2_exp_0_checkpoints.csv
0303030303030303030303033,0.0381689876974957,0.0003385732707101,23420548,results/ebbi/SC5_HBD_MWPM_5x/results/sweep_2_exp_0_checkpoints.csv
0303030303030303030303033,0.0381689876974957,0.0003385732707101,29500318,results/ebbi/SC5_HBD_MWPM_5x/results/sweep_2_exp_0_checkpoints.csv
0303030303030303030303030,0.0374065688253587,0.0004955409094691,37270893,results/ebbi/SC5_HBD_MWPM_5x/results/sweep_2_exp_0_checkpoints.csv
0303030303030303030303030,0.0374962111771956,0.0002204958873335,46722554,results/ebbi/SC5_HBD_MWPM_5x/results/sweep_2_exp_0_checkpoints.csv
0303030303030303030303030,0.0374962111771956,0.0002204958873335,58820537,results/ebbi/SC5_HBD_MWPM_5x/results/sweep_2_exp_0_checkpoints.csv
0303030303030303030303030,0.0374962111771956,0.0002204958873335,74016417,results/ebbi/SC5_HBD_MWPM_5x/results/sweep_2_exp_0_checkpoints.csv
0303030303030303030303030,0.0374962111771956,0.0002204958873335,93232667,results/ebbi/SC5_HBD_MWPM_5x/results/sweep_2_exp_0_checkpoints.csv
0303030303030303030303030,0.0374962111771956,0.0002204958873335,117351685,results/ebbi/SC5_HBD_MWPM_5x/results/sweep_2_exp_0_checkpoints.csv
0303030303030303030303030,0.0374962111771956,0.0002204958873335,147708597,results/ebbi/SC5_HBD_MWPM_5x/results/sweep_2_exp_0_checkpoints.csv
0303030303030303030303030,0.0374962111771956,0.0002204958873335,185931462,results/ebbi/SC5_HBD_MWPM_5x/results/sweep_2_exp_0_checkpoints.csv
0303030303030303030303030,0.0374962111771956,0.0002204958873335,234061977,results/ebbi/SC5_HBD_MWPM_5x/results/sweep_2_exp_0_checkpoints.csv
0303030303030303030303030,0.0374962111771956,0.0002204958873335,294681297,results/ebbi/SC5_HBD_MWPM_5x/results/sweep_2_exp_0_checkpoints.csv
0303030303030303030303030,0.0374962111771956,0.0002204958873335,370986807,results/ebbi/SC5_HBD_MWPM_5x/results/sweep_2_exp_0_checkpoints.csv
0303030303030303030303030,0.0374962111771956,0.0002204958873335,467022747,results/ebbi/SC5_HBD_MWPM_5x/results/sweep_2_exp_0_checkpoints.csv
0303030303030303030303030,0.0374962111771956,0.0002204958873335,587956962,results/ebbi/SC5_HBD_MWPM_5x/results/sweep_2_exp_0_checkpoints.csv
0303030303030303030303030,0.0374962111771956,0.0002204958873335,740163927,results/ebbi/SC5_HBD_MWPM_5x/results/sweep_2_exp_0_checkpoints.csv
0303030303030303030303030,0.0374962111771956,0.0002204958873335,931820682,results/ebbi/SC5_HBD_MWPM_5x/results/sweep_2_exp_0_checkpoints.csv
0303030303030303030303030,0.0374962111771956,0.0002204958873335,1173106092,results/ebbi/SC5_HBD_MWPM_5x/results/sweep_2_exp_0_checkpoints.csv
0303030303030303030303030,0.0374962111771956,0.0002204958873335,1476846597,results/ebbi/SC5_HBD_MWPM_5x/results/sweep_2_exp_0_checkpoints.csv
0303030303030303030303030,0.0374962111771956,0.0002204958873335,1859233917,results/ebbi/SC5_HBD_MWPM_5x/results/sweep_2_exp_0_checkpoints.csv
0303030303030303030303030,0.0374962111771956,0.0002204958873335,2340609177,results/ebbi/SC5_HBD_MWPM_5x/results/sweep_2_exp_0_checkpoints.csv
0303030303030303030303030,0.0374962111771956,0.0002204958873335,2946664002,results/ebbi/SC5_HBD_MWPM_5x/results/sweep_2_exp_0_checkpoints.csv
0303030303030303030303030,0.0374962111771956,0.0002204958873335,3709617627,results/ebbi/SC5_HBD_MWPM_5x/results/sweep_2_exp_0_checkpoints.csv
0303030303030303030303030,0.0374962111771956,0.0002204958873335,4670141232,results/ebbi/SC5_HBD_MWPM_5x/results/sweep_2_exp_0_checkpoints.csv
0303030303030303030303030,0.0374962111771956,0.0002204958873335,5879326557,results/ebbi/SC5_HBD_MWPM_5x/results/sweep_2_exp_0_checkpoints.csv
0303030303030303030303030,0.0374962111771956,0.0002204958873335,7401636057,results/ebbi/SC5_HBD_MWPM_5x/results/sweep_2_exp_0_checkpoints.csv
0303030303030303030303030,0.0374962111771956,0.0002204958873335,9318111357,results/ebbi/SC5_HBD_MWPM_5x/results/sweep_2_exp_0_checkpoints.csv
0303030303030303030303030,0.0374962111771956,0.0002204958873335,11730803097,results/ebbi/SC5_HBD_MWPM_5x/results/sweep_2_exp_0_checkpoints.csv
0303030303030303030303030,0.0374962111771956,0.0002204958873335,14768219217,results/ebbi/SC5_HBD_MWPM_5x/results/sweep_2_exp_0_checkpoints.csv
0303030303030303030303030,0.0374962111771956,0.0002204958873335,18592070277,results/ebbi/SC5_HBD_MWPM_5x/results/sweep_2_exp_0_checkpoints.csv
0303030303030303030303030,0.0374962111771956,0.0002204958873335,23406022137,results/ebbi/SC5_HBD_MWPM_5x/results/sweep_2_exp_0_checkpoints.csv
0303030303030303030303030,0.0374962111771956,0.0002204958873335,29466433857,results/ebbi/SC5_HBD_MWPM_5x/results/sweep_2_exp_0_checkpoints.csv
0303030303030303030303030,0.0374962111771956,0.0002204958873335,37096047597,results/ebbi/SC5_HBD_MWPM_5x/results/sweep_2_exp_0_checkpoints.csv
0303030303030303030303030,0.0374962111771956,0.0002204958873335,46701176637,results/ebbi/SC5_HBD_MWPM_5x/results/sweep_2_exp_0_checkpoints.csv
2230332320033322230033002,0.0690991054448122,0.002128503518179,161074,results/ebbi/SC5_HBD_MWPM_5x/results/sweep_8_exp_0_checkpoints.csv
2230332320033322030033002,0.0652491694352159,0.0020130416378378,205709,results/ebbi/SC5_HBD_MWPM_5x/results/sweep_8_exp_0_checkpoints.csv
2230332320033323030033002,0.0615620214395099,0.001881132251583,278338,results/ebbi/SC5_HBD_MWPM_5x/results/sweep_8_exp_0_checkpoints.csv
2230332320033323030033002,0.0615620214395099,0.001881132251583,343626,results/ebbi/SC5_HBD_MWPM_5x/results/sweep_8_exp_0_checkpoints.csv
2230332320033323030033002,0.0615620214395099,0.001881132251583,414320,results/ebbi/SC5_HBD_MWPM_5x/results/sweep_8_exp_0_checkpoints.csv
2230332320033323030033002,0.0615620214395099,0.001881132251583,517619,results/ebbi/SC5_HBD_MWPM_5x/results/sweep_8_exp_0_checkpoints.csv
2230330320033323030033002,0.0585624531673295,0.0017826071707531,644227,results/ebbi/SC5_HBD_MWPM_5x/results/sweep_8_exp_0_checkpoints.csv
2230330320033323030033002,0.0585624531673295,0.0017826071707531,819710,results/ebbi/SC5_HBD_MWPM_5x/results/sweep_8_exp_0_checkpoints.csv
2330320320033323030033002,0.0587923601242804,0.0011544483713805,1039218,results/ebbi/SC5_HBD_MWPM_5x/results/sweep_8_exp_0_checkpoints.csv
2330320320033323030033002,0.0587923601242804,0.0011544483713805,1283846,results/ebbi/SC5_HBD_MWPM_5x/results/sweep_8_exp_0_checkpoints.csv
0230330320033323030033002,0.0569437770302739,0.001135888393037,1704217,results/ebbi/SC5_HBD_MWPM_5x/results/sweep_8_exp_0_checkpoints.csv
0233330320033323030033002,0.0548815713460427,0.0016504413215443,2042721,results/ebbi/SC5_HBD_MWPM_5x/results/sweep_8_exp_0_checkpoints.csv
0230330320033323030333002,0.0553336224804255,0.0010923381196334,2553296,results/ebbi/SC5_HBD_MWPM_5x/results/sweep_8_exp_0_checkpoints.csv
0230330320033323030333002,0.0558323102989965,0.0007313212845474,3287140,results/ebbi/SC5_HBD_MWPM_5x/results/sweep_8_exp_0_checkpoints.csv
0230330320033333030333002,0.0544720103698791,0.000719397154171,4052665,results/ebbi/SC5_HBD_MWPM_5x/results/sweep_8_exp_0_checkpoints.csv
0230030320033333030333002,0.0536661746519328,0.000711687200237,5154052,results/ebbi/SC5_HBD_MWPM_5x/results/sweep_8_exp_0_checkpoints.csv
0230030323033333030323002,0.0531028394594647,0.0006984167266637,6473576,results/ebbi/SC5_HBD_MWPM_5x/results/sweep_8_exp_0_checkpoints.csv
3233030303033333030323002,0.0489456746241414,0.0014952693600207,8093846,results/ebbi/SC5_HBD_MWPM_5x/results/sweep_8_exp_0_checkpoints.csv
3203030303030330030323002,0.0456799676415243,0.0006191246793605,10253280,results/ebbi/SC5_HBD_MWPM_5x/results/sweep_8_exp_0_checkpoints.csv
3303030303030300030330032,0.0421208173122755,0.0005661487812176,12841277,results/ebbi/SC5_HBD_MWPM_5x/results/sweep_8_exp_0_checkpoints.csv
0303030300030303030300032,0.0404080685624791,0.000530231220182,16208155,results/ebbi/SC5_HBD_MWPM_5x/results/sweep_8_exp_0_checkpoints.csv
0303230303030303030300032,0.0375701210510776,0.0011551682837307,20302568,results/ebbi/SC5_HBD_MWPM_5x/results/sweep_8_exp_0_checkpoints.csv
0303030303030303030303030,0.0358252098773025,0.0007287613698281,25533707,results/ebbi/SC5_HBD_MWPM_5x/results/sweep_8_exp_0_checkpoints.csv
0303030303030303030303030,0.0358252098773025,0.0007287613698281,32200845,results/ebbi/SC5_HBD_MWPM_5x/results/sweep_8_exp_0_checkpoints.csv
0303030303030303030303030,0.0358252098773025,0.0007287613698281,40475199,results/ebbi/SC5_HBD_MWPM_5x/results/sweep_8_exp_0_checkpoints.csv
0303030303030303030303030,0.0358252098773025,0.0007287613698281,50952852,results/ebbi/SC5_HBD_MWPM_5x/results/sweep_8_exp_0_checkpoints.csv
0303030303030303030303030,0.0358252098773025,0.0007287613698281,64142808,results/ebbi/SC5_HBD_MWPM_5x/results/sweep_8_exp_0_checkpoints.csv
0303030303030303030303030,0.0358252098773025,0.0007287613698281,80750282,results/ebbi/SC5_HBD_MWPM_5x/results/sweep_8_exp_0_checkpoints.csv
0303030303030303030303030,0.0358252098773025,0.0007287613698281,101638631,results/ebbi/SC5_HBD_MWPM_5x/results/sweep_8_exp_0_checkpoints.csv
0303030303030303030303030,0.0358252098773025,0.0007287613698281,127974161,results/ebbi/SC5_HBD_MWPM_5x/results/sweep_8_exp_0_checkpoints.csv
0303030303030303030303030,0.0358252098773025,0.0007287613698281,161092403,results/ebbi/SC5_HBD_MWPM_5x/results/sweep_8_exp_0_checkpoints.csv
0303030303030303030303030,0.0358252098773025,0.0007287613698281,202794077,results/ebbi/SC5_HBD_MWPM_5x/results/sweep_8_exp_0_checkpoints.csv
0303030303030303030303030,0.0358252098773025,0.0007287613698281,255303821,results/ebbi/SC5_HBD_MWPM_5x/results/sweep_8_exp_0_checkpoints.csv
0303030303030303030303030,0.0358252098773025,0.0007287613698281,321397748,results/ebbi/SC5_HBD_MWPM_5x/results/sweep_8_exp_0_checkpoints.csv
0303030303030303030303030,0.0358252098773025,0.0007287613698281,404606018,results/ebbi/SC5_HBD_MWPM_5x/results/sweep_8_exp_0_checkpoints.csv
0303030303030303030303030,0.0358252098773025,0.0007287613698281,509377910,results/ebbi/SC5_HBD_MWPM_5x/results/sweep_8_exp_0_checkpoints.csv
0303030303030303030303030,0.0358252098773025,0.0007287613698281,641250638,results/ebbi/SC5_HBD_MWPM_5x/results/sweep_8_exp_0_checkpoints.csv
0303030303030303030303030,0.0358252098773025,0.0007287613698281,807292028,results/ebbi/SC5_HBD_MWPM_5x/results/sweep_8_exp_0_checkpoints.csv
0303030303030303030303030,0.0358252098773025,0.0007287613698281,1016321855,results/ebbi/SC5_HBD_MWPM_5x/results/sweep_8_exp_0_checkpoints.csv
0303030303030303030303030,0.0358252098773025,0.0007287613698281,1279467071,results/ebbi/SC5_HBD_MWPM_5x/results/sweep_8_exp_0_checkpoints.csv
0303030303030303030303030,0.0358252098773025,0.0007287613698281,1610754533,results/ebbi/SC5_HBD_MWPM_5x/results/sweep_8_exp_0_checkpoints.csv
0303030303030303030303030,0.0358252098773025,0.0007287613698281,2027823794,results/ebbi/SC5_HBD_MWPM_5x/results/sweep_8_exp_0_checkpoints.csv
0303030303030303030303030,0.0358252098773025,0.0007287613698281,2552876231,results/ebbi/SC5_HBD_MWPM_5x/results/sweep_8_exp_0_checkpoints.csv
0303030303030303030303030,0.0358252098773025,0.0007287613698281,3213853016,results/ebbi/SC5_HBD_MWPM_5x/results/sweep_8_exp_0_checkpoints.csv
0303030303030303030303030,0.0358252098773025,0.0007287613698281,4046010746,results/ebbi/SC5_HBD_MWPM_5x/results/sweep_8_exp_0_checkpoints.csv
0303030303030303030303030,0.0358252098773025,0.0007287613698281,5093632127,results/ebbi/SC5_HBD_MWPM_5x/results/sweep_8_exp_0_checkpoints.csv
0303030303030303030303030,0.0358252098773025,0.0007287613698281,6412486958,results/ebbi/SC5_HBD_MWPM_5x/results/sweep_8_exp_0_checkpoints.csv
0303030303030303030303030,0.0358252098773025,0.0007287613698281,8072840834,results/ebbi/SC5_HBD_MWPM_5x/results/sweep_8_exp_0_checkpoints.csv
0303030303030303030303030,0.0358252098773025,0.0007287613698281,10163101604,results/ebbi/SC5_HBD_MWPM_5x/results/sweep_8_exp_0_checkpoints.csv
0303030303030303030303030,0.0358252098773025,0.0007287613698281,12794583776,results/ebbi/SC5_HBD_MWPM_5x/results/sweep_8_exp_0_checkpoints.csv
0303030303030303030303030,0.0358252098773025,0.0007287613698281,16107405875,results/ebbi/SC5_HBD_MWPM_5x/results/sweep_8_exp_0_checkpoints.csv
0303030303030303030303030,0.0358252098773025,0.0007287613698281,20278030958,results/ebbi/SC5_HBD_MWPM_5x/results/sweep_8_exp_0_checkpoints.csv
0303030303030303030303030,0.0358252098773025,0.0007287613698281,25528510310,results/ebbi/SC5_HBD_MWPM_5x/results/sweep_8_exp_0_checkpoints.csv
0303030303030303030303030,0.0358252098773025,0.0007287613698281,32138503250,results/ebbi/SC5_HBD_MWPM_5x/results/sweep_8_exp_0_checkpoints.csv
0303030303030303030303030,0.0358252098773025,0.0007287613698281,40459968005,results/ebbi/SC5_HBD_MWPM_5x/results/sweep_8_exp_0_checkpoints.csv
3023002303300003333202320,0.0639511201629327,0.0020158453844487,151224,results/ebbi/SC5_HBD_MWPM_5x/results/sweep_10_exp_0_checkpoints.csv
3023002303300003333202320,0.0639511201629327,0.0020158453844487,228110,results/ebbi/SC5_HBD_MWPM_5x/results/sweep_10_exp_0_checkpoints.csv
3023002303300003333202320,0.0639511201629327,0.0020158453844487,253286,results/ebbi/SC5_HBD_MWPM_5x/results/sweep_10_exp_0_checkpoints.csv
3023002303300003333202320,0.0639511201629327,0.0020158453844487,322440,results/ebbi/SC5_HBD_MWPM_5x/results/sweep_10_exp_0_checkpoints.csv
3023002303300003333202320,0.0639511201629327,0.0020158453844487,396862,results/ebbi/SC5_HBD_MWPM_5x/results/sweep_10_exp_0_checkpoints.csv
0332002322230233230332022,0.0643588794273725,0.0019275585655122,495246,results/ebbi/SC5_HBD_MWPM_5x/results/sweep_10_exp_0_checkpoints.csv
0332002322230233230332022,0.0659883162831518,0.0013001379556953,640434,results/ebbi/SC5_HBD_MWPM_5x/results/sweep_10_exp_0_checkpoints.csv
0332002322230233230332022,0.0659883162831518,0.0013001379556953,767304,results/ebbi/SC5_HBD_MWPM_5x/results/sweep_10_exp_0_checkpoints.csv
0332002322230233230332022,0.0659883162831518,0.0013001379556953,995968,results/ebbi/SC5_HBD_MWPM_5x/results/sweep_10_exp_0_checkpoints.csv
0333002322230233030330003,0.0572916666666666,0.0017485481221228,1249909,results/ebbi/SC5_HBD_MWPM_5x/results/sweep_10_exp_0_checkpoints.csv
0333002322230233030330003,0.0572916666666666,0.0017485481221228,1523450,results/ebbi/SC5_HBD_MWPM_5x/results/sweep_10_exp_0_checkpoints.csv
0333002323230203030330003,0.0534770550991575,0.0016274072695523,1920810,results/ebbi/SC5_HBD_MWPM_5x/results/sweep_10_exp_0_checkpoints.csv
0333002323230203030330000,0.0536231884057971,0.0010719854617491,2446425,results/ebbi/SC5_HBD_MWPM_5x/results/sweep_10_exp_0_checkpoints.csv
0303020303030203030320030,0.0456983189868853,0.0014018912333995,3105726,results/ebbi/SC5_HBD_MWPM_5x/results/sweep_10_exp_0_checkpoints.csv
0300020303030203030320030,0.0448101475708837,0.0013319851132109,3817845,results/ebbi/SC5_HBD_MWPM_5x/results/sweep_10_exp_0_checkpoints.csv
0303000303030203030320030,0.0445011616112038,0.0005897734081372,4815285,results/ebbi/SC5_HBD_MWPM_5x/results/sweep_10_exp_0_checkpoints.csv
0303000303030003030320030,0.0439125744196268,0.0005792314186692,6081416,results/ebbi/SC5_HBD_MWPM_5x/results/sweep_10_exp_0_checkpoints.csv
0303000303030303030300030,0.0393013100436681,0.0012242620578035,7595248,results/ebbi/SC5_HBD_MWPM_5x/results/sweep_10_exp_0_checkpoints.csv
0303000303030303030300030,0.0397095933191127,0.0003645666292868,9545770,results/ebbi/SC5_HBD_MWPM_5x/results/sweep_10_exp_0_checkpoints.csv
0303000303030303030300030,0.0397095933191127,0.0003645666292868,12108221,results/ebbi/SC5_HBD_MWPM_5x/results/sweep_10_exp_0_checkpoints.csv
0303000303030303030303030,0.0379083365175951,0.0005127800395712,15197608,results/ebbi/SC5_HBD_MWPM_5x/results/sweep_10_exp_0_checkpoints.csv
0303030303030303030303032,0.0386335276160483,0.0003399654815439,19058989,results/ebbi/SC5_HBD_MWPM_5x/results/sweep_10_exp_0_checkpoints.csv
0303030303030303030303030,0.0370170182536986,0.0007419477915391,23980462,results/ebbi/SC5_HBD_MWPM_5x/results/sweep_10_exp_0_checkpoints.csv
0303030303030303030303030,0.037659124673209,0.0003324975841678,30390036,results/ebbi/SC5_HBD_MWPM_5x/results/sweep_10_exp_0_checkpoints.csv
0303030303030303030303030,0.0376047193000771,0.0002215118001913,38056453,results/ebbi/SC5_HBD_MWPM_5x/results/sweep_10_exp_0_checkpoints.csv
0303030303030303030303030,0.0376047193000771,0.0002215118001913,47837906,results/ebbi/SC5_HBD_MWPM_5x/results/sweep_10_exp_0_checkpoints.csv
0303030303030303030303030,0.0376047193000771,0.0002215118001913,60203500,results/ebbi/SC5_HBD_MWPM_5x/results/sweep_10_exp_0_checkpoints.csv
0303030303030303030303030,0.0376047193000771,0.0002215118001913,75829291,results/ebbi/SC5_HBD_MWPM_5x/results/sweep_10_exp_0_checkpoints.csv
0303030303030303030303030,0.0376047193000771,0.0002215118001913,95429839,results/ebbi/SC5_HBD_MWPM_5x/results/sweep_10_exp_0_checkpoints.csv
0303030303030303030303030,0.0376047193000771,0.0002215118001913,120141044,results/ebbi/SC5_HBD_MWPM_5x/results/sweep_10_exp_0_checkpoints.csv
0303030303030303030303030,0.0376047193000771,0.0002215118001913,151244249,results/ebbi/SC5_HBD_MWPM_5x/results/sweep_10_exp_0_checkpoints.csv
0303030303030303030303030,0.0376047193000771,0.0002215118001913,190404004,results/ebbi/SC5_HBD_MWPM_5x/results/sweep_10_exp_0_checkpoints.csv
0303030303030303030303030,0.0376047193000771,0.0002215118001913,239675264,results/ebbi/SC5_HBD_MWPM_5x/results/sweep_10_exp_0_checkpoints.csv
0303030303030303030303030,0.0376047193000771,0.0002215118001913,301760562,results/ebbi/SC5_HBD_MWPM_5x/results/sweep_10_exp_0_checkpoints.csv
0303030303030303030303030,0.0376047193000771,0.0002215118001913,379869186,results/ebbi/SC5_HBD_MWPM_5x/results/sweep_10_exp_0_checkpoints.csv
0303030303030303030303030,0.0376047193000771,0.0002215118001913,478212396,results/ebbi/SC5_HBD_MWPM_5x/results/sweep_10_exp_0_checkpoints.csv
0303030303030303030303030,0.0376047193000771,0.0002215118001913,602045964,results/ebbi/SC5_HBD_MWPM_5x/results/sweep_10_exp_0_checkpoints.csv
0303030303030303030303030,0.0376047193000771,0.0002215118001913,757920687,results/ebbi/SC5_HBD_MWPM_5x/results/sweep_10_exp_0_checkpoints.csv
0303030303030303030303030,0.0376047193000771,0.0002215118001913,954181718,results/ebbi/SC5_HBD_MWPM_5x/results/sweep_10_exp_0_checkpoints.csv
0303030303030303030303030,0.0376047193000771,0.0002215118001913,1201235536,results/ebbi/SC5_HBD_MWPM_5x/results/sweep_10_exp_0_checkpoints.csv
0303030303030303030303030,0.0376047193000771,0.0002215118001913,1512268552,results/ebbi/SC5_HBD_MWPM_5x/results/sweep_10_exp_0_checkpoints.csv
0303030303030303030303030,0.0376047193000771,0.0002215118001913,1903814389,results/ebbi/SC5_HBD_MWPM_5x/results/sweep_10_exp_0_checkpoints.csv
0303030303030303030303030,0.0376047193000771,0.0002215118001913,2396739469,results/ebbi/SC5_HBD_MWPM_5x/results/sweep_10_exp_0_checkpoints.csv
0303030303030303030303030,0.0376047193000771,0.0002215118001913,3017335507,results/ebbi/SC5_HBD_MWPM_5x/results/sweep_10_exp_0_checkpoints.csv
0303030303030303030303030,0.0376047193000771,0.0002215118001913,3798585019,results/ebbi/SC5_HBD_MWPM_5x/results/sweep_10_exp_0_checkpoints.csv
0303030303030303030303030,0.0376047193000771,0.0002215118001913,4782128836,results/ebbi/SC5_HBD_MWPM_5x/results/sweep_10_exp_0_checkpoints.csv
0303030303030303030303030,0.0376047193000771,0.0002215118001913,6020351383,results/ebbi/SC5_HBD_MWPM_5x/results/sweep_10_exp_0_checkpoints.csv
0303030303030303030303030,0.0376047193000771,0.0002215118001913,7579166143,results/ebbi/SC5_HBD_MWPM_5x/results/sweep_10_exp_0_checkpoints.csv
0303030303030303030303030,0.0376047193000771,0.0002215118001913,9541591301,results/ebbi/SC5_HBD_MWPM_5x/results/sweep_10_exp_0_checkpoints.csv
0303030303030303030303030,0.0376047193000771,0.0002215118001913,12012178373,results/ebbi/SC5_HBD_MWPM_5x/results/sweep_10_exp_0_checkpoints.csv
0303030303030303030303030,0.0376047193000771,0.0002215118001913,15122417168,results/ebbi/SC5_HBD_MWPM_5x/results/sweep_10_exp_0_checkpoints.csv
0303030303030303030303030,0.0376047193000771,0.0002215118001913,19037986661,results/ebbi/SC5_HBD_MWPM_5x/results/sweep_10_exp_0_checkpoints.csv
0303030303030303030303030,0.0376047193000771,0.0002215118001913,23967392996,results/ebbi/SC5_HBD_MWPM_5x/results/sweep_10_exp_0_checkpoints.csv
0303030303030303030303030,0.0376047193000771,0.0002215118001913,30173157093,results/ebbi/SC5_HBD_MWPM_5x/results/sweep_10_exp_0_checkpoints.csv
0303030303030303030303030,0.0376047193000771,0.0002215118001913,37985763720,results/ebbi/SC5_HBD_MWPM_5x/results/sweep_10_exp_0_checkpoints.csv
0303030303030303030303030,0.0376047193000771,0.0002215118001913,47821254333,results/ebbi/SC5_HBD_MWPM_5x/results/sweep_10_exp_0_checkpoints.csv
3230000303003023232003022,0.064974414220307,0.0020224410109221,148399,results/ebbi/SC5_HBD_MWPM_5x/results/sweep_21_exp_0_checkpoints.csv
2300023330220300333032030,0.0634291377601585,0.001981112640351,242205,results/ebbi/SC5_HBD_MWPM_5x/results/sweep_21_exp_0_checkpoints.csv
2300023330220300333032030,0.0634291377601585,0.001981112640351,302719,results/ebbi/SC5_HBD_MWPM_5x/results/sweep_21_exp_0_checkpoints.csv
2300023330220300333032030,0.0634291377601585,0.001981112640351,378136,results/ebbi/SC5_HBD_MWPM_5x/results/sweep_21_exp_0_checkpoints.csv
3230000303003023232003020,0.0635312664214398,0.0012502599274739,500633,results/ebbi/SC5_HBD_MWPM_5x/results/sweep_21_exp_0_checkpoints.csv
3230000303003023232003020,0.0635312664214398,0.0012502599274739,626775,results/ebbi/SC5_HBD_MWPM_5x/results/sweep_21_exp_0_checkpoints.csv
3230000303003023232003020,0.0635312664214398,0.0012502599274739,769405,results/ebbi/SC5_HBD_MWPM_5x/results/sweep_21_exp_0_checkpoints.csv
3230000303003023232003000,0.0602878031797609,0.0018130363896489,981705,results/ebbi/SC5_HBD_MWPM_5x/results/sweep_21_exp_0_checkpoints.csv
2300023330220300333322030,0.0622749527238815,0.0012299241498112,1214585,results/ebbi/SC5_HBD_MWPM_5x/results/sweep_21_exp_0_checkpoints.csv
2300023330220300333322030,0.0622749527238815,0.0012299241498112,1496891,results/ebbi/SC5_HBD_MWPM_5x/results/sweep_21_exp_0_checkpoints.csv
2300023330220300333322030,0.0623460059410044,0.0008204048499464,1869249,results/ebbi/SC5_HBD_MWPM_5x/results/sweep_21_exp_0_checkpoints.csv
0300320330220300330323030,0.0546276390496665,0.0016871942207217,2400156,results/ebbi/SC5_HBD_MWPM_5x/results/sweep_21_exp_0_checkpoints.csv
0300320330220300330323033,0.0553661498225294,0.0011051092296838,2966739,results/ebbi/SC5_HBD_MWPM_5x/results/sweep_21_exp_0_checkpoints.csv
0300320330320300330323030,0.055113194416015,0.0007300463039427,3814096,results/ebbi/SC5_HBD_MWPM_5x/results/sweep_21_exp_0_checkpoints.csv
0300320333330300330323030,0.0453571250560733,0.0014690428506582,4761164,results/ebbi/SC5_HBD_MWPM_5x/results/sweep_21_exp_0_checkpoints.csv
0300320303330300330303030,0.0461789241538019,0.0009190621203742,5917287,results/ebbi/SC5_HBD_MWPM_5x/results/sweep_21_exp_0_checkpoints.csv
0300320303030300030303030,0.0415552465504332,0.0008426251006312,7465356,results/ebbi/SC5_HBD_MWPM_5x/results/sweep_21_exp_0_checkpoints.csv
0303330303030303030303030,0.0387238805970149,0.0005270593101158,9407359,results/ebbi/SC5_HBD_MWPM_5x/results/sweep_21_exp_0_checkpoints.csv
0303020303030303030303030,0.0376610819635752,0.0007579318480566,11789210,results/ebbi/SC5_HBD_MWPM_5x/results/sweep_21_exp_0_checkpoints.csv
0303330303030303030303030,0.0387566045433287,0.0003515177813824,15160439,results/ebbi/SC5_HBD_MWPM_5x/results/sweep_21_exp_0_checkpoints.csv
0303030303030303030303030,0.0371784232365145,0.0004975454648956,18698585,results/ebbi/SC5_HBD_MWPM_5x/results/sweep_21_exp_0_checkpoints.csv
0303030303030303030303030,0.0371784232365145,0.0004975454648956,23530853,results/ebbi/SC5_HBD_MWPM_5x/results/sweep_21_exp_0_checkpoints.csv
0303030303030303030303030,0.0373047853522546,0.0003322405100334,29631932,results/ebbi/SC5_HBD_MWPM_5x/results/sweep_21_exp_0_checkpoints.csv
0303030303030303030303030,0.0373047853522546,0.0003322405100334,37456960,results/ebbi/SC5_HBD_MWPM_5x/results/sweep_21_exp_0_checkpoints.csv
0303030303030303030303030,0.0373047853522546,0.0003322405100334,46939860,results/ebbi/SC5_HBD_MWPM_5x/results/sweep_21_exp_0_checkpoints.csv
0303030303030303030303030,0.0373047853522546,0.0003322405100334,59080991,results/ebbi/SC5_HBD_MWPM_5x/results/sweep_21_exp_0_checkpoints.csv
0303030303030303030303030,0.0373047853522546,0.0003322405100334,74378017,results/ebbi/SC5_HBD_MWPM_5x/results/sweep_21_exp_0_checkpoints.csv
0303030303030303030303030,0.0373047853522546,0.0003322405100334,93644805,results/ebbi/SC5_HBD_MWPM_5x/results/sweep_21_exp_0_checkpoints.csv
0303030303030303030303030,0.0373047853522546,0.0003322405100334,117898364,results/ebbi/SC5_HBD_MWPM_5x/results/sweep_21_exp_0_checkpoints.csv
0303030303030303030303030,0.0373047853522546,0.0003322405100334,148409039,results/ebbi/SC5_HBD_MWPM_5x/results/sweep_21_exp_0_checkpoints.csv
0303030303030303030303030,0.0373047853522546,0.0003322405100334,186842805,results/ebbi/SC5_HBD_MWPM_5x/results/sweep_21_exp_0_checkpoints.csv
0303030303030303030303030,0.0373047853522546,0.0003322405100334,235209001,results/ebbi/SC5_HBD_MWPM_5x/results/sweep_21_exp_0_checkpoints.csv
0303030303030303030303030,0.0373047853522546,0.0003322405100334,296123456,results/ebbi/SC5_HBD_MWPM_5x/results/sweep_21_exp_0_checkpoints.csv
0303030303030303030303030,0.0373047853522546,0.0003322405100334,372812201,results/ebbi/SC5_HBD_MWPM_5x/results/sweep_21_exp_0_checkpoints.csv
0303030303030303030303030,0.0373047853522546,0.0003322405100334,469279162,results/ebbi/SC5_HBD_MWPM_5x/results/sweep_21_exp_0_checkpoints.csv
0303030303030303030303030,0.0373047853522546,0.0003322405100334,590796613,results/ebbi/SC5_HBD_MWPM_5x/results/sweep_21_exp_0_checkpoints.csv
0303030303030303030303030,0.0373047853522546,0.0003322405100334,743759407,results/ebbi/SC5_HBD_MWPM_5x/results/sweep_21_exp_0_checkpoints.csv
0303030303030303030303030,0.0373047853522546,0.0003322405100334,936352465,results/ebbi/SC5_HBD_MWPM_5x/results/sweep_21_exp_0_checkpoints.csv
0303030303030303030303030,0.0373047853522546,0.0003322405100334,1178786535,results/ebbi/SC5_HBD_MWPM_5x/results/sweep_21_exp_0_checkpoints.csv
0303030303030303030303030,0.0373047853522546,0.0003322405100334,1484006252,results/ebbi/SC5_HBD_MWPM_5x/results/sweep_21_exp_0_checkpoints.csv
0303030303030303030303030,0.0373047853522546,0.0003322405100334,1868246768,results/ebbi/SC5_HBD_MWPM_5x/results/sweep_21_exp_0_checkpoints.csv
0303030303030303030303030,0.0373047853522546,0.0003322405100334,2351988668,results/ebbi/SC5_HBD_MWPM_5x/results/sweep_21_exp_0_checkpoints.csv
0303030303030303030303030,0.0373047853522546,0.0003322405100334,2960971867,results/ebbi/SC5_HBD_MWPM_5x/results/sweep_21_exp_0_checkpoints.csv
0303030303030303030303030,0.0373047853522546,0.0003322405100334,3727633483,results/ebbi/SC5_HBD_MWPM_5x/results/sweep_21_exp_0_checkpoints.csv
0303030303030303030303030,0.0373047853522546,0.0003322405100334,4692805648,results/ebbi/SC5_HBD_MWPM_5x/results/sweep_21_exp_0_checkpoints.csv
0303030303030303030303030,0.0373047853522546,0.0003322405100334,5907888966,results/ebbi/SC5_HBD_MWPM_5x/results/sweep_21_exp_0_checkpoints.csv
0303030303030303030303030,0.0373047853522546,0.0003322405100334,7437595443,results/ebbi/SC5_HBD_MWPM_5x/results/sweep_21_exp_0_checkpoints.csv
0303030303030303030303030,0.0373047853522546,0.0003322405100334,9363360789,results/ebbi/SC5_HBD_MWPM_5x/results/sweep_21_exp_0_checkpoints.csv
0303030303030303030303030,0.0373047853522546,0.0003322405100334,11787761250,results/ebbi/SC5_HBD_MWPM_5x/results/sweep_21_exp_0_checkpoints.csv
0303030303030303030303030,0.0373047853522546,0.0003322405100334,14839918551,results/ebbi/SC5_HBD_MWPM_5x/results/sweep_21_exp_0_checkpoints.csv
0303030303030303030303030,0.0373047853522546,0.0003322405100334,18682329873,results/ebbi/SC5_HBD_MWPM_5x/results/sweep_21_exp_0_checkpoints.csv
0303030303030303030303030,0.0373047853522546,0.0003322405100334,23519679434,results/ebbi/SC5_HBD_MWPM_5x/results/sweep_21_exp_0_checkpoints.csv
0303030303030303030303030,0.0373047853522546,0.0003322405100334,29609497311,results/ebbi/SC5_HBD_MWPM_5x/results/sweep_21_exp_0_checkpoints.csv
0303030303030303030303030,0.0373047853522546,0.0003322405100334,37276147383,results/ebbi/SC5_HBD_MWPM_5x/results/sweep_21_exp_0_checkpoints.csv
0303030303030303030303030,0.0373047853522546,0.0003322405100334,46927899434,results/ebbi/SC5_HBD_MWPM_5x/results/sweep_21_exp_0_checkpoints.csv
2200000022330333320302333,0.0611048318734105,0.0020130784250795,159422,results/ebbi/SC5_HBD_MWPM_5x/results/sweep_16_exp_0_checkpoints.csv
2200000022330333320302333,0.0611048318734105,0.0020130784250795,271498,results/ebbi/SC5_HBD_MWPM_5x/results/sweep_16_exp_0_checkpoints.csv
2200000022330333320302333,0.0611048318734105,0.0020130784250795,336568,results/ebbi/SC5_HBD_MWPM_5x/results/sweep_16_exp_0_checkpoints.csv
2202000002330333020303333,0.0531867145421903,0.0016808114014565,433758,results/ebbi/SC5_HBD_MWPM_5x/results/sweep_16_exp_0_checkpoints.csv
2202000002030333020303333,0.0504050894459246,0.0016132136806845,587691,results/ebbi/SC5_HBD_MWPM_5x/results/sweep_16_exp_0_checkpoints.csv
2202000002030333020303333,0.0504050894459246,0.0016132136806845,664000,results/ebbi/SC5_HBD_MWPM_5x/results/sweep_16_exp_0_checkpoints.csv
2202000002030333020303333,0.051115353940595,0.001082673901692,800752,results/ebbi/SC5_HBD_MWPM_5x/results/sweep_16_exp_0_checkpoints.csv
2202000002030333020303333,0.051115353940595,0.001082673901692,1029910,results/ebbi/SC5_HBD_MWPM_5x/results/sweep_16_exp_0_checkpoints.csv
2202000002030333020303333,0.0522584456737741,0.0007293864618986,1291991,results/ebbi/SC5_HBD_MWPM_5x/results/sweep_16_exp_0_checkpoints.csv
2202000002030333020303333,0.0522584456737741,0.0007293864618986,1633476,results/ebbi/SC5_HBD_MWPM_5x/results/sweep_16_exp_0_checkpoints.csv
2202030002030333020303333,0.0511656499739915,0.0015151296975091,2014803,results/ebbi/SC5_HBD_MWPM_5x/results/sweep_16_exp_0_checkpoints.csv
0203030002030333020303333,0.0500382682084272,0.0009915917180478,2557228,results/ebbi/SC5_HBD_MWPM_5x/results/sweep_16_exp_0_checkpoints.csv
0303030003030333020303303,0.0454485977232084,0.0013755514519289,3191168,results/ebbi/SC5_HBD_MWPM_5x/results/sweep_16_exp_0_checkpoints.csv
0333030303030333020303333,0.0442192623330431,0.0008848311263136,4010764,results/ebbi/SC5_HBD_MWPM_5x/results/sweep_16_exp_0_checkpoints.csv
0333030303030333020303333,0.0442192623330431,0.0008848311263136,5106126,results/ebbi/SC5_HBD_MWPM_5x/results/sweep_16_exp_0_checkpoints.csv
0333030303030333000303333,0.0448705876573131,0.0005923805874772,6385208,results/ebbi/SC5_HBD_MWPM_5x/results/sweep_16_exp_0_checkpoints.csv
0333030303030303000303333,0.0425310130258687,0.0005692361737601,7997040,results/ebbi/SC5_HBD_MWPM_5x/results/sweep_16_exp_0_checkpoints.csv
0323030303030303030303333,0.0416029899075489,0.0005492293857969,10062591,results/ebbi/SC5_HBD_MWPM_5x/results/sweep_16_exp_0_checkpoints.csv
0333030303030303030303333,0.0414685720603681,0.0003705908602569,12701243,results/ebbi/SC5_HBD_MWPM_5x/results/sweep_16_exp_0_checkpoints.csv
0333030303030303030303033,0.0394047439696011,0.0007959977956488,15968212,results/ebbi/SC5_HBD_MWPM_5x/results/sweep_16_exp_0_checkpoints.csv
0333030303030303030303033,0.0389182352503533,0.0005275204894132,20072817,results/ebbi/SC5_HBD_MWPM_5x/results/sweep_16_exp_0_checkpoints.csv
0303030303030303030303033,0.0382191196042488,0.0003396766842342,25437664,results/ebbi/SC5_HBD_MWPM_5x/results/sweep_16_exp_0_checkpoints.csv
0303030303030303030303030,0.037868729081642,0.0003338658425491,31838079,results/ebbi/SC5_HBD_MWPM_5x/results/sweep_16_exp_0_checkpoints.csv
0303030303030303030303030,0.0377240477207028,0.0002221689064754,40146524,results/ebbi/SC5_HBD_MWPM_5x/results/sweep_16_exp_0_checkpoints.csv
0303030303030303030303030,0.0377240477207028,0.0002221689064754,50609291,results/ebbi/SC5_HBD_MWPM_5x/results/sweep_16_exp_0_checkpoints.csv
0303030303030303030303030,0.0377240477207028,0.0002221689064754,63576504,results/ebbi/SC5_HBD_MWPM_5x/results/sweep_16_exp_0_checkpoints.csv
0303030303030303030303030,0.0377240477207028,0.0002221689064754,80140109,results/ebbi/SC5_HBD_MWPM_5x/results/sweep_16_exp_0_checkpoints.csv
0303030303030303030303030,0.0377240477207028,0.0002221689064754,100590914,results/ebbi/SC5_HBD_MWPM_5x/results/sweep_16_exp_0_checkpoints.csv
0303030303030303030303030,0.0377240477207028,0.0002221689064754,126643779,results/ebbi/SC5_HBD_MWPM_5x/results/sweep_16_exp_0_checkpoints.csv
0303030303030303030303030,0.0377240477207028,0.0002221689064754,159443040,results/ebbi/SC5_HBD_MWPM_5x/results/sweep_16_exp_0_checkpoints.csv
0303030303030303030303030,0.0377240477207028,0.0002221689064754,200741621,results/ebbi/SC5_HBD_MWPM_5x/results/sweep_16_exp_0_checkpoints.csv
0303030303030303030303030,0.0377240477207028,0.0002221689064754,252678564,results/ebbi/SC5_HBD_MWPM_5x/results/sweep_16_exp_0_checkpoints.csv
0303030303030303030303030,0.0377240477207028,0.0002221689064754,318110986,results/ebbi/SC5_HBD_MWPM_5x/results/sweep_16_exp_0_checkpoints.csv
0303030303030303030303030,0.0377240477207028,0.0002221689064754,400458747,results/ebbi/SC5_HBD_MWPM_5x/results/sweep_16_exp_0_checkpoints.csv
0303030303030303030303030,0.0377240477207028,0.0002221689064754,504151998,results/ebbi/SC5_HBD_MWPM_5x/results/sweep_16_exp_0_checkpoints.csv
0303030303030303030303030,0.0377240477207028,0.0002221689064754,634695906,results/ebbi/SC5_HBD_MWPM_5x/results/sweep_16_exp_0_checkpoints.csv
0303030303030303030303030,0.0377240477207028,0.0002221689064754,799020995,results/ebbi/SC5_HBD_MWPM_5x/results/sweep_16_exp_0_checkpoints.csv
0303030303030303030303030,0.0377240477207028,0.0002221689064754,1005886693,results/ebbi/SC5_HBD_MWPM_5x/results/sweep_16_exp_0_checkpoints.csv
0303030303030303030303030,0.0377240477207028,0.0002221689064754,1266347347,results/ebbi/SC5_HBD_MWPM_5x/results/sweep_16_exp_0_checkpoints.csv
0303030303030303030303030,0.0377240477207028,0.0002221689064754,1594238282,results/ebbi/SC5_HBD_MWPM_5x/results/sweep_16_exp_0_checkpoints.csv
0303030303030303030303030,0.0377240477207028,0.0002221689064754,2007008651,results/ebbi/SC5_HBD_MWPM_5x/results/sweep_16_exp_0_checkpoints.csv
0303030303030303030303030,0.0377240477207028,0.0002221689064754,2526691847,results/ebbi/SC5_HBD_MWPM_5x/results/sweep_16_exp_0_checkpoints.csv
0303030303030303030303030,0.0377240477207028,0.0002221689064754,3180894328,results/ebbi/SC5_HBD_MWPM_5x/results/sweep_16_exp_0_checkpoints.csv
0303030303030303030303030,0.0377240477207028,0.0002221689064754,4004512601,results/ebbi/SC5_HBD_MWPM_5x/results/sweep_16_exp_0_checkpoints.csv
0303030303030303030303030,0.0377240477207028,0.0002221689064754,5041376896,results/ebbi/SC5_HBD_MWPM_5x/results/sweep_16_exp_0_checkpoints.csv
0303030303030303030303030,0.0377240477207028,0.0002221689064754,6346709301,results/ebbi/SC5_HBD_MWPM_5x/results/sweep_16_exp_0_checkpoints.csv
0303030303030303030303030,0.0377240477207028,0.0002221689064754,7990045957,results/ebbi/SC5_HBD_MWPM_5x/results/sweep_16_exp_0_checkpoints.csv
0303030303030303030303030,0.0377240477207028,0.0002221689064754,10058867587,results/ebbi/SC5_HBD_MWPM_5x/results/sweep_16_exp_0_checkpoints.csv
0303030303030303030303030,0.0377240477207028,0.0002221689064754,12663354169,results/ebbi/SC5_HBD_MWPM_5x/results/sweep_16_exp_0_checkpoints.csv
0303030303030303030303030,0.0377240477207028,0.0002221689064754,15942214859,results/ebbi/SC5_HBD_MWPM_5x/results/sweep_16_exp_0_checkpoints.csv
0303030303030303030303030,0.0377240477207028,0.0002221689064754,20070058747,results/ebbi/SC5_HBD_MWPM_5x/results/sweep_16_exp_0_checkpoints.csv
0303030303030303030303030,0.0377240477207028,0.0002221689064754,25266711951,results/ebbi/SC5_HBD_MWPM_5x/results/sweep_16_exp_0_checkpoints.csv
0303030303030303030303030,0.0377240477207028,0.0002221689064754,31808881034,results/ebbi/SC5_HBD_MWPM_5x/results/sweep_16_exp_0_checkpoints.csv
0303030303030303030303030,0.0377240477207028,0.0002221689064754,40045013719,results/ebbi/SC5_HBD_MWPM_5x/results/sweep_16_exp_0_checkpoints.csv
0030220330223300030203202,0.0643316149989407,0.0020616308320313,156617,results/ebbi/SC5_HBD_MWPM_5x/results/sweep_1_exp_0_checkpoints.csv
0030220330223300030203202,0.0643316149989407,0.0020616308320313,259638,results/ebbi/SC5_HBD_MWPM_5x/results/sweep_1_exp_0_checkpoints.csv
0030220330223300030203202,0.0643316149989407,0.0020616308320313,320496,results/ebbi/SC5_HBD_MWPM_5x/results/sweep_1_exp_0_checkpoints.csv
0030220320222300030203202,0.0668012588326108,0.0013604231644421,403790,results/ebbi/SC5_HBD_MWPM_5x/results/sweep_1_exp_0_checkpoints.csv
0030220330323300030203202,0.0644825353936221,0.0013030149275436,496819,results/ebbi/SC5_HBD_MWPM_5x/results/sweep_1_exp_0_checkpoints.csv
0230220320333300030203202,0.05818289434744,0.0018008975312113,657903,results/ebbi/SC5_HBD_MWPM_5x/results/sweep_1_exp_0_checkpoints.csv
0230220320333300030203202,0.05818289434744,0.0018008975312113,793003,results/ebbi/SC5_HBD_MWPM_5x/results/sweep_1_exp_0_checkpoints.csv
0230220320333300030233202,0.0605495702699431,0.0011735075386241,1026267,results/ebbi/SC5_HBD_MWPM_5x/results/sweep_1_exp_0_checkpoints.csv
0230220320333300030233202,0.0605495702699431,0.0011735075386241,1267769,results/ebbi/SC5_HBD_MWPM_5x/results/sweep_1_exp_0_checkpoints.csv
0030220330333300030203202,0.0609067398532749,0.000549434160348,1583478,results/ebbi/SC5_HBD_MWPM_5x/results/sweep_1_exp_0_checkpoints.csv
0030220330333300030203202,0.0609067398532749,0.000549434160348,2031660,results/ebbi/SC5_HBD_MWPM_5x/results/sweep_1_exp_0_checkpoints.csv
0030220330333300030203202,0.0609067398532749,0.000549434160348,2569100,results/ebbi/SC5_HBD_MWPM_5x/results/sweep_1_exp_0_checkpoints.csv
0030220330333300030203202,0.0609067398532749,0.000549434160348,3155181,results/ebbi/SC5_HBD_MWPM_5x/results/sweep_1_exp_0_checkpoints.csv
0333020332333300030303200,0.0500050306871918,0.0015458601992577,3962186,results/ebbi/SC5_HBD_MWPM_5x/results/sweep_1_exp_0_checkpoints.csv
0303020302333300030303200,0.0491806683420216,0.0009854806121438,4982484,results/ebbi/SC5_HBD_MWPM_5x/results/sweep_1_exp_0_checkpoints.csv
0303030302330300030303200,0.0448930517579071,0.0009118542075157,6266930,results/ebbi/SC5_HBD_MWPM_5x/results/sweep_1_exp_0_checkpoints.csv
0303030302330300030303200,0.044853175663446,0.000607655965723,7897981,results/ebbi/SC5_HBD_MWPM_5x/results/sweep_1_exp_0_checkpoints.csv
0303030302330303030303300,0.0432362809483677,0.0005734946462325,9894706,results/ebbi/SC5_HBD_MWPM_5x/results/sweep_1_exp_0_checkpoints.csv
0003030302330303030303000,0.0425053307402113,0.0005638072034344,12452626,results/ebbi/SC5_HBD_MWPM_5x/results/sweep_1_exp_0_checkpoints.csv
0303030302330303030303000,0.0405374368396876,0.0012201522476971,15780628,results/ebbi/SC5_HBD_MWPM_5x/results/sweep_1_exp_0_checkpoints.csv
0303030302330303030303000,0.0416409001693867,0.0003662248782347,19799435,results/ebbi/SC5_HBD_MWPM_5x/results/sweep_1_exp_0_checkpoints.csv
0303330300030303030303000,0.0391887746039947,0.0007797265425324,24834554,results/ebbi/SC5_HBD_MWPM_5x/results/sweep_1_exp_0_checkpoints.csv
0303030303030303030303020,0.0388680891791464,0.0005127381300553,31311176,results/ebbi/SC5_HBD_MWPM_5x/results/sweep_1_exp_0_checkpoints.csv
0303030303030303030303030,0.0366920865108138,0.0007431945996358,39368202,results/ebbi/SC5_HBD_MWPM_5x/results/sweep_1_exp_0_checkpoints.csv
0303030303030303030303030,0.0377549270461046,0.0002232543047284,49576095,results/ebbi/SC5_HBD_MWPM_5x/results/sweep_1_exp_0_checkpoints.csv
0303030303030303030303030,0.0378112522774556,0.000148943028762,62527603,results/ebbi/SC5_HBD_MWPM_5x/results/sweep_1_exp_0_checkpoints.csv
0303030303030303030303030,0.0378112522774556,0.000148943028762,78500965,results/ebbi/SC5_HBD_MWPM_5x/results/sweep_1_exp_0_checkpoints.csv
0303030303030303030303030,0.0378112522774556,0.000148943028762,98824027,results/ebbi/SC5_HBD_MWPM_5x/results/sweep_1_exp_0_checkpoints.csv
0303030303030303030303030,0.0378112522774556,0.000148943028762,124423465,results/ebbi/SC5_HBD_MWPM_5x/results/sweep_1_exp_0_checkpoints.csv
0303030303030303030303030,0.0378112522774556,0.000148943028762,156622117,results/ebbi/SC5_HBD_MWPM_5x/results/sweep_1_exp_0_checkpoints.csv
0303030303030303030303030,0.0378112522774556,0.000148943028762,197181940,results/ebbi/SC5_HBD_MWPM_5x/results/sweep_1_exp_0_checkpoints.csv
0303030303030303030303030,0.0378112522774556,0.000148943028762,248233867,results/ebbi/SC5_HBD_MWPM_5x/results/sweep_1_exp_0_checkpoints.csv
0303030303030303030303030,0.0378112522774556,0.000148943028762,312497377,results/ebbi/SC5_HBD_MWPM_5x/results/sweep_1_exp_0_checkpoints.csv
0303030303030303030303030,0.0378112522774556,0.000148943028762,393417991,results/ebbi/SC5_HBD_MWPM_5x/results/sweep_1_exp_0_checkpoints.csv
0303030303030303030303030,0.0378112522774556,0.000148943028762,495289315,results/ebbi/SC5_HBD_MWPM_5x/results/sweep_1_exp_0_checkpoints.csv
0303030303030303030303030,0.0378112522774556,0.000148943028762,623504242,results/ebbi/SC5_HBD_MWPM_5x/results/sweep_1_exp_0_checkpoints.csv
0303030303030303030303030,0.0378112522774556,0.000148943028762,784947601,results/ebbi/SC5_HBD_MWPM_5x/results/sweep_1_exp_0_checkpoints.csv
0303030303030303030303030,0.0378112522774556,0.000148943028762,988190491,results/ebbi/SC5_HBD_MWPM_5x/results/sweep_1_exp_0_checkpoints.csv
0303030303030303030303030,0.0378112522774556,0.000148943028762,1244072437,results/ebbi/SC5_HBD_MWPM_5x/results/sweep_1_exp_0_checkpoints.csv
0303030303030303030303030,0.0378112522774556,0.000148943028762,1566195811,results/ebbi/SC5_HBD_MWPM_5x/results/sweep_1_exp_0_checkpoints.csv
0303030303030303030303030,0.0378112522774556,0.000148943028762,1971692869,results/ebbi/SC5_HBD_MWPM_5x/results/sweep_1_exp_0_checkpoints.csv
0303030303030303030303030,0.0378112522774556,0.000148943028762,2482234951,results/ebbi/SC5_HBD_MWPM_5x/results/sweep_1_exp_0_checkpoints.csv
0303030303030303030303030,0.0378112522774556,0.000148943028762,3124936903,results/ebbi/SC5_HBD_MWPM_5x/results/sweep_1_exp_0_checkpoints.csv
0303030303030303030303030,0.0378112522774556,0.000148943028762,3934044988,results/ebbi/SC5_HBD_MWPM_5x/results/sweep_1_exp_0_checkpoints.csv
0303030303030303030303030,0.0378112522774556,0.000148943028762,4952681725,results/ebbi/SC5_HBD_MWPM_5x/results/sweep_1_exp_0_checkpoints.csv
0303030303030303030303030,0.0378112522774556,0.000148943028762,6235036417,results/ebbi/SC5_HBD_MWPM_5x/results/sweep_1_exp_0_checkpoints.csv
0303030303030303030303030,0.0378112522774556,0.000148943028762,7849453045,results/ebbi/SC5_HBD_MWPM_5x/results/sweep_1_exp_0_checkpoints.csv
0303030303030303030303030,0.0378112522774556,0.000148943028762,9881870203,results/ebbi/SC5_HBD_MWPM_5x/results/sweep_1_exp_0_checkpoints.csv
0303030303030303030303030,0.0378112522774556,0.000148943028762,12440541826,results/ebbi/SC5_HBD_MWPM_5x/results/sweep_1_exp_0_checkpoints.csv
0303030303030303030303030,0.0378112522774556,0.000148943028762,15661717309,results/ebbi/SC5_HBD_MWPM_5x/results/sweep_1_exp_0_checkpoints.csv
0303030303030303030303030,0.0378112522774556,0.000148943028762,19716912385,results/ebbi/SC5_HBD_MWPM_5x/results/sweep_1_exp_0_checkpoints.csv
0303030303030303030303030,0.0378112522774556,0.000148943028762,24822150481,results/ebbi/SC5_HBD_MWPM_5x/results/sweep_1_exp_0_checkpoints.csv
0303030303030303030303030,0.0378112522774556,0.000148943028762,31249200196,results/ebbi/SC5_HBD_MWPM_5x/results/sweep_1_exp_0_checkpoints.csv
0303030303030303030303030,0.0378112522774556,0.000148943028762,39340428877,results/ebbi/SC5_HBD_MWPM_5x/results/sweep_1_exp_0_checkpoints.csv
2000323220230002030003030,0.060687613536971,0.0019583359826356,119702,results/ebbi/SC5_HBD_MWPM_5x/results/sweep_7_exp_0_checkpoints.csv
2000323223230002030303030,0.0605718361766629,0.0018390880431979,265178,results/ebbi/SC5_HBD_MWPM_5x/results/sweep_7_exp_0_checkpoints.csv
2000323323230002030303030,0.0585190186810713,0.001760653569363,329981,results/ebbi/SC5_HBD_MWPM_5x/results/sweep_7_exp_0_checkpoints.csv
2000323323230002030303030,0.0585190186810713,0.001760653569363,387874,results/ebbi/SC5_HBD_MWPM_5x/results/sweep_7_exp_0_checkpoints.csv
2000323323230000030303030,0.0563177694180128,0.0017146379686892,520152,results/ebbi/SC5_HBD_MWPM_5x/results/sweep_7_exp_0_checkpoints.csv
0000323323230000330303030,0.0555440414507772,0.00164861662779,651260,results/ebbi/SC5_HBD_MWPM_5x/results/sweep_7_exp_0_checkpoints.csv
2300323303030000330303030,0.0494923235395104,0.0015190057456493,835939,results/ebbi/SC5_HBD_MWPM_5x/results/sweep_7_exp_0_checkpoints.csv
2300323303030000330303030,0.0494923235395104,0.0015190057456493,952431,results/ebbi/SC5_HBD_MWPM_5x/results/sweep_7_exp_0_checkpoints.csv
2300323303030000330303030,0.0494923235395104,0.0015190057456493,1202918,results/ebbi/SC5_HBD_MWPM_5x/results/sweep_7_exp_0_checkpoints.csv
2300323303030000330303030,0.0499912793232754,0.0010175395291298,1548326,results/ebbi/SC5_HBD_MWPM_5x/results/sweep_7_exp_0_checkpoints.csv
0000323303030000030303030,0.0475919412876862,0.0009599305922165,1946905,results/ebbi/SC5_HBD_MWPM_5x/results/sweep_7_exp_0_checkpoints.csv
0203323303030000030303030,0.0474407237321875,0.0009437457192689,2408426,results/ebbi/SC5_HBD_MWPM_5x/results/sweep_7_exp_0_checkpoints.csv
0000323303030000030303030,0.0477356512939135,0.0006408838671632,3029569,results/ebbi/SC5_HBD_MWPM_5x/results/sweep_7_exp_0_checkpoints.csv
0203333303030000030303030,0.0455589752481685,0.0013728962512686,3797175,results/ebbi/SC5_HBD_MWPM_5x/results/sweep_7_exp_0_checkpoints.csv
0203033303030000030303030,0.0437024622921232,0.0013400858733803,4806171,results/ebbi/SC5_HBD_MWPM_5x/results/sweep_7_exp_0_checkpoints.csv
0203033303030303030303030,0.039284864822009,0.0012231427244842,6037473,results/ebbi/SC5_HBD_MWPM_5x/results/sweep_7_exp_0_checkpoints.csv
0203033303030303030303030,0.0401180911212391,0.0005491427727974,7574222,results/ebbi/SC5_HBD_MWPM_5x/results/sweep_7_exp_0_checkpoints.csv
0203033303030303030303030,0.0399835722091898,0.0003655088949017,9563281,results/ebbi/SC5_HBD_MWPM_5x/results/sweep_7_exp_0_checkpoints.csv
0203030303030303030300030,0.0387097804901428,0.0007710237987339,11983969,results/ebbi/SC5_HBD_MWPM_5x/results/sweep_7_exp_0_checkpoints.csv
0003030303030303030303030,0.0379005902151114,0.0005040746764279,15102395,results/ebbi/SC5_HBD_MWPM_5x/results/sweep_7_exp_0_checkpoints.csv
0003030303030303030303030,0.0379005902151114,0.0005040746764279,18981912,results/ebbi/SC5_HBD_MWPM_5x/results/sweep_7_exp_0_checkpoints.csv
0003030303030303030303030,0.0384157974282104,0.0003382376453373,23973555,results/ebbi/SC5_HBD_MWPM_5x/results/sweep_7_exp_0_checkpoints.csv
0303030303030303030303030,0.0373742082316487,0.0004966167034581,30144989,results/ebbi/SC5_HBD_MWPM_5x/results/sweep_7_exp_0_checkpoints.csv
0303030303030303030303030,0.0372639772074833,0.0002204074116889,37868352,results/ebbi/SC5_HBD_MWPM_5x/results/sweep_7_exp_0_checkpoints.csv
0303030303030303030303030,0.0372639772074833,0.0002204074116889,47664407,results/ebbi/SC5_HBD_MWPM_5x/results/sweep_7_exp_0_checkpoints.csv
0303030303030303030303030,0.0372639772074833,0.0002204074116889,60014199,results/ebbi/SC5_HBD_MWPM_5x/results/sweep_7_exp_0_checkpoints.csv
0303030303030303030303030,0.0372639772074833,0.0002204074116889,75554079,results/ebbi/SC5_HBD_MWPM_5x/results/sweep_7_exp_0_checkpoints.csv
0303030303030303030303030,0.0372639772074833,0.0002204074116889,95101351,results/ebbi/SC5_HBD_MWPM_5x/results/sweep_7_exp_0_checkpoints.csv
0303030303030303030303030,0.0372639772074833,0.0002204074116889,119729614,results/ebbi/SC5_HBD_MWPM_5x/results/sweep_7_exp_0_checkpoints.csv
0303030303030303030303030,0.0372639772074833,0.0002204074116889,150701980,results/ebbi/SC5_HBD_MWPM_5x/results/sweep_7_exp_0_checkpoints.csv
0303030303030303030303030,0.0372639772074833,0.0002204074116889,189721848,results/ebbi/SC5_HBD_MWPM_5x/results/sweep_7_exp_0_checkpoints.csv
0303030303030303030303030,0.0372639772074833,0.0002204074116889,238865644,results/ebbi/SC5_HBD_MWPM_5x/results/sweep_7_exp_0_checkpoints.csv
0303030303030303030303030,0.0372639772074833,0.0002204074116889,300678907,results/ebbi/SC5_HBD_MWPM_5x/results/sweep_7_exp_0_checkpoints.csv
0303030303030303030303030,0.0372639772074833,0.0002204074116889,378546844,results/ebbi/SC5_HBD_MWPM_5x/results/sweep_7_exp_0_checkpoints.csv
0303030303030303030303030,0.0372639772074833,0.0002204074116889,476552560,results/ebbi/SC5_HBD_MWPM_5x/results/sweep_7_exp_0_checkpoints.csv
0303030303030303030303030,0.0372639772074833,0.0002204074116889,599955031,results/ebbi/SC5_HBD_MWPM_5x/results/sweep_7_exp_0_checkpoints.csv
0303030303030303030303030,0.0372639772074833,0.0002204074116889,755289079,results/ebbi/SC5_HBD_MWPM_5x/results/sweep_7_exp_0_checkpoints.csv
0303030303030303030303030,0.0372639772074833,0.0002204074116889,950837581,results/ebbi/SC5_HBD_MWPM_5x/results/sweep_7_exp_0_checkpoints.csv
0303030303030303030303030,0.0372639772074833,0.0002204074116889,1197024040,results/ebbi/SC5_HBD_MWPM_5x/results/sweep_7_exp_0_checkpoints.csv
0303030303030303030303030,0.0372639772074833,0.0002204074116889,1506971806,results/ebbi/SC5_HBD_MWPM_5x/results/sweep_7_exp_0_checkpoints.csv
0303030303030303030303030,0.0372639772074833,0.0002204074116889,1897157752,results/ebbi/SC5_HBD_MWPM_5x/results/sweep_7_exp_0_checkpoints.csv
0303030303030303030303030,0.0372639772074833,0.0002204074116889,2388389992,results/ebbi/SC5_HBD_MWPM_5x/results/sweep_7_exp_0_checkpoints.csv
0303030303030303030303030,0.0372639772074833,0.0002204074116889,3006802273,results/ebbi/SC5_HBD_MWPM_5x/results/sweep_7_exp_0_checkpoints.csv
0303030303030303030303030,0.0372639772074833,0.0002204074116889,3785329822,results/ebbi/SC5_HBD_MWPM_5x/results/sweep_7_exp_0_checkpoints.csv
0303030303030303030303030,0.0372639772074833,0.0002204074116889,4765438876,results/ebbi/SC5_HBD_MWPM_5x/results/sweep_7_exp_0_checkpoints.csv
0303030303030303030303030,0.0372639772074833,0.0002204074116889,5999313601,results/ebbi/SC5_HBD_MWPM_5x/results/sweep_7_exp_0_checkpoints.csv
0303030303030303030303030,0.0372639772074833,0.0002204074116889,7552694827,results/ebbi/SC5_HBD_MWPM_5x/results/sweep_7_exp_0_checkpoints.csv
0303030303030303030303030,0.0372639772074833,0.0002204074116889,9508290967,results/ebbi/SC5_HBD_MWPM_5x/results/sweep_7_exp_0_checkpoints.csv
0303030303030303030303030,0.0372639772074833,0.0002204074116889,11970209257,results/ebbi/SC5_HBD_MWPM_5x/results/sweep_7_exp_0_checkpoints.csv
0303030303030303030303030,0.0372639772074833,0.0002204074116889,15069594337,results/ebbi/SC5_HBD_MWPM_5x/results/sweep_7_exp_0_checkpoints.csv
0303030303030303030303030,0.0372639772074833,0.0002204074116889,18971490832,results/ebbi/SC5_HBD_MWPM_5x/results/sweep_7_exp_0_checkpoints.csv
0303030303030303030303030,0.0372639772074833,0.0002204074116889,23883716941,results/ebbi/SC5_HBD_MWPM_5x/results/sweep_7_exp_0_checkpoints.csv
0303030303030303030303030,0.0372639772074833,0.0002204074116889,30067799020,results/ebbi/SC5_HBD_MWPM_5x/results/sweep_7_exp_0_checkpoints.csv
0303030303030303030303030,0.0372639772074833,0.0002204074116889,37853104138,results/ebbi/SC5_HBD_MWPM_5x/results/sweep_7_exp_0_checkpoints.csv
0303030303030303030303030,0.0372639772074833,0.0002204074116889,47654239120,results/ebbi/SC5_HBD_MWPM_5x/results/sweep_7_exp_0_checkpoints.csv
2002230203003333323232000,0.0673987645847632,0.0020769655238837,141556,results/ebbi/SC5_HBD_MWPM_5x/results/sweep_11_exp_0_checkpoints.csv
3333200203020233032022300,0.0669053042629352,0.0020156388636678,209148,results/ebbi/SC5_HBD_MWPM_5x/results/sweep_11_exp_0_checkpoints.csv
3333200203020233032022300,0.0669053042629352,0.0020156388636678,232995,results/ebbi/SC5_HBD_MWPM_5x/results/sweep_11_exp_0_checkpoints.csv
3333230203020233032022300,0.0660022564874012,0.0019656396470963,308940,results/ebbi/SC5_HBD_MWPM_5x/results/sweep_11_exp_0_checkpoints.csv
3333230203020233032022300,0.0660022564874012,0.0019656396470963,362306,results/ebbi/SC5_HBD_MWPM_5x/results/sweep_11_exp_0_checkpoints.csv
3333200203020233032022300,0.0648576718352233,0.0013245736481621,481495,results/ebbi/SC5_HBD_MWPM_5x/results/sweep_11_exp_0_checkpoints.csv
3333230003020233032002300,0.0590106855564893,0.0018257159972563,568213,results/ebbi/SC5_HBD_MWPM_5x/results/sweep_11_exp_0_checkpoints.csv
3333230003020233032002300,0.0590106855564893,0.0018257159972563,730440,results/ebbi/SC5_HBD_MWPM_5x/results/sweep_11_exp_0_checkpoints.csv
3333230003020233032002300,0.0588611985698276,0.0012157587334513,918550,results/ebbi/SC5_HBD_MWPM_5x/results/sweep_11_exp_0_checkpoints.csv
3333230003020233032002300,0.0588611985698276,0.0012157587334513,1154598,results/ebbi/SC5_HBD_MWPM_5x/results/sweep_11_exp_0_checkpoints.csv
3333230003020233032302300,0.0597881212667643,0.0007959441863931,1461622,results/ebbi/SC5_HBD_MWPM_5x/results/sweep_11_exp_0_checkpoints.csv
3333230003000233033002300,0.0597704918032786,0.0007836956647224,1800625,results/ebbi/SC5_HBD_MWPM_5x/results/sweep_11_exp_0_checkpoints.csv
3333230003020233032302300,0.0597826086956521,0.0005306115490384,2339732,results/ebbi/SC5_HBD_MWPM_5x/results/sweep_11_exp_0_checkpoints.csv
3333230003020233032302300,0.0597826086956521,0.0005306115490384,2916483,results/ebbi/SC5_HBD_MWPM_5x/results/sweep_11_exp_0_checkpoints.csv
3333230003020233032302300,0.0597826086956521,0.0005306115490384,3770965,results/ebbi/SC5_HBD_MWPM_5x/results/sweep_11_exp_0_checkpoints.csv
3333230303000233033000330,0.0528520786335804,0.0016396900173276,4558138,results/ebbi/SC5_HBD_MWPM_5x/results/sweep_11_exp_0_checkpoints.csv
3333030303000333033003230,0.0466666666666666,0.0014155965764075,5650893,results/ebbi/SC5_HBD_MWPM_5x/results/sweep_11_exp_0_checkpoints.csv
3333030303000333033003230,0.0478207478332057,0.0006365388981066,7107076,results/ebbi/SC5_HBD_MWPM_5x/results/sweep_11_exp_0_checkpoints.csv
0333030303000333030003030,0.0429520510719761,0.000577452185098,9080462,results/ebbi/SC5_HBD_MWPM_5x/results/sweep_11_exp_0_checkpoints.csv
0333030303030323030303030,0.0384242565235935,0.0011968837352469,11253766,results/ebbi/SC5_HBD_MWPM_5x/results/sweep_11_exp_0_checkpoints.csv
0333030303030303030303030,0.0395604711083678,0.0005222041509114,14161996,results/ebbi/SC5_HBD_MWPM_5x/results/sweep_11_exp_0_checkpoints.csv
0333030303030303030303000,0.0379495581215835,0.0007583746919408,17829064,results/ebbi/SC5_HBD_MWPM_5x/results/sweep_11_exp_0_checkpoints.csv
0333030303030303030303030,0.0387410205045104,0.0003446607443038,22504962,results/ebbi/SC5_HBD_MWPM_5x/results/sweep_11_exp_0_checkpoints.csv
0303030303030303030303030,0.0376153152528265,0.0005010923487134,28289926,results/ebbi/SC5_HBD_MWPM_5x/results/sweep_11_exp_0_checkpoints.csv
0303030303030303030303030,0.0373327578765645,0.0003328552702441,35571716,results/ebbi/SC5_HBD_MWPM_5x/results/sweep_11_exp_0_checkpoints.csv
0303030303030303030303030,0.0374870521694809,0.0002223444171249,44811015,results/ebbi/SC5_HBD_MWPM_5x/results/sweep_11_exp_0_checkpoints.csv
0303030303030303030303030,0.0374870521694809,0.0002223444171249,56366368,results/ebbi/SC5_HBD_MWPM_5x/results/sweep_11_exp_0_checkpoints.csv
0303030303030303030303030,0.0374870521694809,0.0002223444171249,70963274,results/ebbi/SC5_HBD_MWPM_5x/results/sweep_11_exp_0_checkpoints.csv
0303030303030303030303030,0.0374870521694809,0.0002223444171249,89361669,results/ebbi/SC5_HBD_MWPM_5x/results/sweep_11_exp_0_checkpoints.csv
0303030303030303030303030,0.0374870521694809,0.0002223444171249,112463890,results/ebbi/SC5_HBD_MWPM_5x/results/sweep_11_exp_0_checkpoints.csv
0303030303030303030303030,0.0374870521694809,0.0002223444171249,141574587,results/ebbi/SC5_HBD_MWPM_5x/results/sweep_11_exp_0_checkpoints.csv
0303030303030303030303030,0.0374870521694809,0.0002223444171249,178235512,results/ebbi/SC5_HBD_MWPM_5x/results/sweep_11_exp_0_checkpoints.csv
0303030303030303030303030,0.0374870521694809,0.0002223444171249,224365201,results/ebbi/SC5_HBD_MWPM_5x/results/sweep_11_exp_0_checkpoints.csv
0303030303030303030303030,0.0374870521694809,0.0002223444171249,282450697,results/ebbi/SC5_HBD_MWPM_5x/results/sweep_11_exp_0_checkpoints.csv
0303030303030303030303030,0.0374870521694809,0.0002223444171249,355598047,results/ebbi/SC5_HBD_MWPM_5x/results/sweep_11_exp_0_checkpoints.csv
0303030303030303030303030,0.0374870521694809,0.0002223444171249,447657215,results/ebbi/SC5_HBD_MWPM_5x/results/sweep_11_exp_0_checkpoints.csv
0303030303030303030303030,0.0374870521694809,0.0002223444171249,563565547,results/ebbi/SC5_HBD_MWPM_5x/results/sweep_11_exp_0_checkpoints.csv
0303030303030303030303030,0.0374870521694809,0.0002223444171249,709469030,results/ebbi/SC5_HBD_MWPM_5x/results/sweep_11_exp_0_checkpoints.csv
0303030303030303030303030,0.0374870521694809,0.0002223444171249,893181464,results/ebbi/SC5_HBD_MWPM_5x/results/sweep_11_exp_0_checkpoints.csv
0303030303030303030303030,0.0374870521694809,0.0002223444171249,1124426741,results/ebbi/SC5_HBD_MWPM_5x/results/sweep_11_exp_0_checkpoints.csv
0303030303030303030303030,0.0374870521694809,0.0002223444171249,1415576403,results/ebbi/SC5_HBD_MWPM_5x/results/sweep_11_exp_0_checkpoints.csv
0303030303030303030303030,0.0374870521694809,0.0002223444171249,1782108648,results/ebbi/SC5_HBD_MWPM_5x/results/sweep_11_exp_0_checkpoints.csv
0303030303030303030303030,0.0374870521694809,0.0002223444171249,2243512254,results/ebbi/SC5_HBD_MWPM_5x/results/sweep_11_exp_0_checkpoints.csv
0303030303030303030303030,0.0374870521694809,0.0002223444171249,2824437250,results/ebbi/SC5_HBD_MWPM_5x/results/sweep_11_exp_0_checkpoints.csv
0303030303030303030303030,0.0374870521694809,0.0002223444171249,3555754938,results/ebbi/SC5_HBD_MWPM_5x/results/sweep_11_exp_0_checkpoints.csv
0303030303030303030303030,0.0374870521694809,0.0002223444171249,4476416763,results/ebbi/SC5_HBD_MWPM_5x/results/sweep_11_exp_0_checkpoints.csv
0303030303030303030303030,0.0374870521694809,0.0002223444171249,5635467462,results/ebbi/SC5_HBD_MWPM_5x/results/sweep_11_exp_0_checkpoints.csv
0303030303030303030303030,0.0374870521694809,0.0002223444171249,7094618426,results/ebbi/SC5_HBD_MWPM_5x/results/sweep_11_exp_0_checkpoints.csv
0303030303030303030303030,0.0374870521694809,0.0002223444171249,8931594372,results/ebbi/SC5_HBD_MWPM_5x/results/sweep_11_exp_0_checkpoints.csv
0303030303030303030303030,0.0374870521694809,0.0002223444171249,11244214759,results/ebbi/SC5_HBD_MWPM_5x/results/sweep_11_exp_0_checkpoints.csv
0303030303030303030303030,0.0374870521694809,0.0002223444171249,14155606641,results/ebbi/SC5_HBD_MWPM_5x/results/sweep_11_exp_0_checkpoints.csv
0303030303030303030303030,0.0374870521694809,0.0002223444171249,17820870461,results/ebbi/SC5_HBD_MWPM_5x/results/sweep_11_exp_0_checkpoints.csv
0303030303030303030303030,0.0374870521694809,0.0002223444171249,22435127136,results/ebbi/SC5_HBD_MWPM_5x/results/sweep_11_exp_0_checkpoints.csv
0303030303030303030303030,0.0374870521694809,0.0002223444171249,28244164216,results/ebbi/SC5_HBD_MWPM_5x/results/sweep_11_exp_0_checkpoints.csv
0303030303030303030303030,0.0374870521694809,0.0002223444171249,35557278882,results/ebbi/SC5_HBD_MWPM_5x/results/sweep_11_exp_0_checkpoints.csv
0303030303030303030303030,0.0374870521694809,0.0002223444171249,44763948858,results/ebbi/SC5_HBD_MWPM_5x/results/sweep_11_exp_0_checkpoints.csv
0033222330230300300323000,0.0614224137931034,0.0020349947735667,160669,results/ebbi/SC5_HBD_MWPM_5x/results/sweep_17_exp_0_checkpoints.csv
0033222330230300300323002,0.060794800622842,0.0019660466350615,287148,results/ebbi/SC5_HBD_MWPM_5x/results/sweep_17_exp_0_checkpoints.csv
0033222330230300300323000,0.0607976498387457,0.00135028664954,332463,results/ebbi/SC5_HBD_MWPM_5x/results/sweep_17_exp_0_checkpoints.csv
0033222330230300300323000,0.0607976498387457,0.00135028664954,408231,results/ebbi/SC5_HBD_MWPM_5x/results/sweep_17_exp_0_checkpoints.csv
0033222330230300300323000,0.0607976498387457,0.00135028664954,529830,results/ebbi/SC5_HBD_MWPM_5x/results/sweep_17_exp_0_checkpoints.csv
0033222330230300300323000,0.0612688049957422,0.0009034745744429,653382,results/ebbi/SC5_HBD_MWPM_5x/results/sweep_17_exp_0_checkpoints.csv
0033222330230300300323000,0.0612688049957422,0.0009034745744429,823860,results/ebbi/SC5_HBD_MWPM_5x/results/sweep_17_exp_0_checkpoints.csv
0033222330230300300323000,0.0612688049957422,0.0009034745744429,1018190,results/ebbi/SC5_HBD_MWPM_5x/results/sweep_17_exp_0_checkpoints.csv
0033222330230300300323000,0.0615774733176898,0.0006037405109964,1290926,results/ebbi/SC5_HBD_MWPM_5x/results/sweep_17_exp_0_checkpoints.csv
0033220330230300300323000,0.0587152893944463,0.0017554376972839,1701035,results/ebbi/SC5_HBD_MWPM_5x/results/sweep_17_exp_0_checkpoints.csv
0033220330030300300303000,0.0551961425698432,0.0011240806197747,2039126,results/ebbi/SC5_HBD_MWPM_5x/results/sweep_17_exp_0_checkpoints.csv
0033230330230300300303000,0.0542398777692895,0.0011066234437748,2557169,results/ebbi/SC5_HBD_MWPM_5x/results/sweep_17_exp_0_checkpoints.csv
0333030323230300000303000,0.0487316732604142,0.0014688565861433,3212846,results/ebbi/SC5_HBD_MWPM_5x/results/sweep_17_exp_0_checkpoints.csv
0333233303230300000303000,0.0472159555990337,0.0009476895793341,4042980,results/ebbi/SC5_HBD_MWPM_5x/results/sweep_17_exp_0_checkpoints.csv
0333233303230300000303000,0.0475700329201309,0.0006340523832477,5170707,results/ebbi/SC5_HBD_MWPM_5x/results/sweep_17_exp_0_checkpoints.csv
0333230303030300000303030,0.0413651315789473,0.0012768888846039,6398879,results/ebbi/SC5_HBD_MWPM_5x/results/sweep_17_exp_0_checkpoints.csv
0333230303030300030303030,0.0416899902249922,0.0005777403712272,8060755,results/ebbi/SC5_HBD_MWPM_5x/results/sweep_17_exp_0_checkpoints.csv
0303230303030303030303030,0.03754279050521,0.0011658531147986,10175263,results/ebbi/SC5_HBD_MWPM_5x/results/sweep_17_exp_0_checkpoints.csv
0303230303030303030303030,0.0387881350054331,0.0003509132075123,12951765,results/ebbi/SC5_HBD_MWPM_5x/results/sweep_17_exp_0_checkpoints.csv
0303030303230303030303030,0.0384969306209162,0.0003380802518222,16265202,results/ebbi/SC5_HBD_MWPM_5x/results/sweep_17_exp_0_checkpoints.csv
0303030303230303030303030,0.0384969306209162,0.0003380802518222,20448233,results/ebbi/SC5_HBD_MWPM_5x/results/sweep_17_exp_0_checkpoints.csv
0303030303030303030303030,0.0378447977930494,0.0003337129310239,25810436,results/ebbi/SC5_HBD_MWPM_5x/results/sweep_17_exp_0_checkpoints.csv
0303030303030303030303030,0.0377613423355213,0.0002222400944447,32066486,results/ebbi/SC5_HBD_MWPM_5x/results/sweep_17_exp_0_checkpoints.csv
3303030303030303030303030,0.0369065468946459,0.0004888656549155,40364263,results/ebbi/SC5_HBD_MWPM_5x/results/sweep_17_exp_0_checkpoints.csv
3303030303030303030303030,0.0369065468946459,0.0004888656549155,50809023,results/ebbi/SC5_HBD_MWPM_5x/results/sweep_17_exp_0_checkpoints.csv
3303030303030303030303030,0.0369065468946459,0.0004888656549155,63992175,results/ebbi/SC5_HBD_MWPM_5x/results/sweep_17_exp_0_checkpoints.csv
3303030303030303030303030,0.0369065468946459,0.0004888656549155,80540123,results/ebbi/SC5_HBD_MWPM_5x/results/sweep_17_exp_0_checkpoints.csv
3303030303030303030303030,0.0369065468946459,0.0004888656549155,101421024,results/ebbi/SC5_HBD_MWPM_5x/results/sweep_17_exp_0_checkpoints.csv
3303030303030303030303030,0.0369065468946459,0.0004888656549155,127650159,results/ebbi/SC5_HBD_MWPM_5x/results/sweep_17_exp_0_checkpoints.csv
3303030303030303030303030,0.0369065468946459,0.0004888656549155,160692861,results/ebbi/SC5_HBD_MWPM_5x/results/sweep_17_exp_0_checkpoints.csv
3303030303030303030303030,0.0369065468946459,0.0004888656549155,202293891,results/ebbi/SC5_HBD_MWPM_5x/results/sweep_17_exp_0_checkpoints.csv
3303030303030303030303030,0.0369065468946459,0.0004888656549155,254643552,results/ebbi/SC5_HBD_MWPM_5x/results/sweep_17_exp_0_checkpoints.csv
3303030303030303030303030,0.0369065468946459,0.0004888656549155,320595387,results/ebbi/SC5_HBD_MWPM_5x/results/sweep_17_exp_0_checkpoints.csv
3303030303030303030303030,0.0369065468946459,0.0004888656549155,403597782,results/ebbi/SC5_HBD_MWPM_5x/results/sweep_17_exp_0_checkpoints.csv
3303030303030303030303030,0.0369065468946459,0.0004888656549155,508098372,results/ebbi/SC5_HBD_MWPM_5x/results/sweep_17_exp_0_checkpoints.csv
0303030303030303030303030,0.0377613423355213,0.0002222400944447,639663453,results/ebbi/SC5_HBD_MWPM_5x/results/sweep_17_exp_0_checkpoints.csv
0303030303030303030303030,0.0377613423355213,0.0002222400944447,805282933,results/ebbi/SC5_HBD_MWPM_5x/results/sweep_17_exp_0_checkpoints.csv
0303030303030303030303030,0.0377613423355213,0.0002222400944447,1013773021,results/ebbi/SC5_HBD_MWPM_5x/results/sweep_17_exp_0_checkpoints.csv
0303030303030303030303030,0.0377613423355213,0.0002222400944447,1276252413,results/ebbi/SC5_HBD_MWPM_5x/results/sweep_17_exp_0_checkpoints.csv
0303030303030303030303030,0.0377613423355213,0.0002222400944447,1606693075,results/ebbi/SC5_HBD_MWPM_5x/results/sweep_17_exp_0_checkpoints.csv
0303030303030303030303030,0.0377613423355213,0.0002222400944447,2022724623,results/ebbi/SC5_HBD_MWPM_5x/results/sweep_17_exp_0_checkpoints.csv
0303030303030303030303030,0.0377613423355213,0.0002222400944447,2546436365,results/ebbi/SC5_HBD_MWPM_5x/results/sweep_17_exp_0_checkpoints.csv
0303030303030303030303030,0.0377613423355213,0.0002222400944447,3205792871,results/ebbi/SC5_HBD_MWPM_5x/results/sweep_17_exp_0_checkpoints.csv
0303030303030303030303030,0.0377613423355213,0.0002222400944447,4035846335,results/ebbi/SC5_HBD_MWPM_5x/results/sweep_17_exp_0_checkpoints.csv
0303030303030303030303030,0.0377613423355213,0.0002222400944447,5080825017,results/ebbi/SC5_HBD_MWPM_5x/results/sweep_17_exp_0_checkpoints.csv
0303030303030303030303030,0.0377613423355213,0.0002222400944447,6396355501,results/ebbi/SC5_HBD_MWPM_5x/results/sweep_17_exp_0_checkpoints.csv
0303030303030303030303030,0.0377613423355213,0.0002222400944447,8052540379,results/ebbi/SC5_HBD_MWPM_5x/results/sweep_17_exp_0_checkpoints.csv
0303030303030303030303030,0.0377613423355213,0.0002222400944447,10137541843,results/ebbi/SC5_HBD_MWPM_5x/results/sweep_17_exp_0_checkpoints.csv
0303030303030303030303030,0.0377613423355213,0.0002222400944447,12762419889,results/ebbi/SC5_HBD_MWPM_5x/results/sweep_17_exp_0_checkpoints.csv
0303030303030303030303030,0.0377613423355213,0.0002222400944447,16066925337,results/ebbi/SC5_HBD_MWPM_5x/results/sweep_17_exp_0_checkpoints.csv
0303030303030303030303030,0.0377613423355213,0.0002222400944447,20227045905,results/ebbi/SC5_HBD_MWPM_5x/results/sweep_17_exp_0_checkpoints.csv
0303030303030303030303030,0.0377613423355213,0.0002222400944447,25464334977,results/ebbi/SC5_HBD_MWPM_5x/results/sweep_17_exp_0_checkpoints.csv
0303030303030303030303030,0.0377613423355213,0.0002222400944447,32057683403,results/ebbi/SC5_HBD_MWPM_5x/results/sweep_17_exp_0_checkpoints.csv
0303030303030303030303030,0.0377613423355213,0.0002222400944447,40358240629,results/ebbi/SC5_HBD_MWPM_5x/results/sweep_17_exp_0_checkpoints.csv
2203332003330332002300022,0.0608362463027695,0.0019597206264734,158170,results/ebbi/SC5_HBD_MWPM_5x/results/sweep_20_exp_0_checkpoints.csv
2203330203330332002330022,0.0562716906296479,0.0018140826141461,267848,results/ebbi/SC5_HBD_MWPM_5x/results/sweep_20_exp_0_checkpoints.csv
2203330203330332002330022,0.0562716906296479,0.0018140826141461,330457,results/ebbi/SC5_HBD_MWPM_5x/results/sweep_20_exp_0_checkpoints.csv
2203330003330332002300022,0.0567583715041679,0.0012341381516307,419052,results/ebbi/SC5_HBD_MWPM_5x/results/sweep_20_exp_0_checkpoints.csv
2203330003330332002300022,0.0567583715041679,0.0012341381516307,504886,results/ebbi/SC5_HBD_MWPM_5x/results/sweep_20_exp_0_checkpoints.csv
2203330003330332002300022,0.0564603828937052,0.0008207490900531,683417,results/ebbi/SC5_HBD_MWPM_5x/results/sweep_20_exp_0_checkpoints.csv
2203330003330332002300022,0.0564603828937052,0.0008207490900531,796641,results/ebbi/SC5_HBD_MWPM_5x/results/sweep_20_exp_0_checkpoints.csv
2203330003330332002300022,0.0564603828937052,0.0008207490900531,1046182,results/ebbi/SC5_HBD_MWPM_5x/results/sweep_20_exp_0_checkpoints.csv
2203330003330332002300022,0.0564603828937052,0.0008207490900531,1261601,results/ebbi/SC5_HBD_MWPM_5x/results/sweep_20_exp_0_checkpoints.csv
2203330203330332002300020,0.0567748732196527,0.0007437016465701,1696143,results/ebbi/SC5_HBD_MWPM_5x/results/sweep_20_exp_0_checkpoints.csv
2203330203030332002300020,0.0548689729827251,0.0010814261622726,2021141,results/ebbi/SC5_HBD_MWPM_5x/results/sweep_20_exp_0_checkpoints.csv
2003330303030333032300020,0.0462871950674649,0.0014043652918189,2514606,results/ebbi/SC5_HBD_MWPM_5x/results/sweep_20_exp_0_checkpoints.csv
2003330303030333032300020,0.0459320451972913,0.0009328532032668,3158319,results/ebbi/SC5_HBD_MWPM_5x/results/sweep_20_exp_0_checkpoints.csv
2003330303030332032300030,0.0453224202554884,0.0009096265421248,3982727,results/ebbi/SC5_HBD_MWPM_5x/results/sweep_20_exp_0_checkpoints.csv
2003330303030333032300020,0.0465931156222418,0.0006261568632908,5003681,results/ebbi/SC5_HBD_MWPM_5x/results/sweep_20_exp_0_checkpoints.csv
2003330303030303032300000,0.0450803768257139,0.0005961737479083,6424239,results/ebbi/SC5_HBD_MWPM_5x/results/sweep_20_exp_0_checkpoints.csv
2003230303030303033300030,0.041713460612867,0.0012661890359595,7936470,results/ebbi/SC5_HBD_MWPM_5x/results/sweep_20_exp_0_checkpoints.csv
0003330303030303032300030,0.0424991874700137,0.0005611555534414,10096439,results/ebbi/SC5_HBD_MWPM_5x/results/sweep_20_exp_0_checkpoints.csv
0003330303030303032300030,0.0422519225742547,0.0003730643948074,12581611,results/ebbi/SC5_HBD_MWPM_5x/results/sweep_20_exp_0_checkpoints.csv
0303030303030303030303030,0.0361169709754855,0.0011252290569245,15827476,results/ebbi/SC5_HBD_MWPM_5x/results/sweep_20_exp_0_checkpoints.csv
0003030303030303030303030,0.0375385548543626,0.0003414171515032,19924995,results/ebbi/SC5_HBD_MWPM_5x/results/sweep_20_exp_0_checkpoints.csv
0003030303030303030303030,0.0375385548543626,0.0003414171515032,25084416,results/ebbi/SC5_HBD_MWPM_5x/results/sweep_20_exp_0_checkpoints.csv
0003030303030303030303030,0.0375385548543626,0.0003414171515032,31583787,results/ebbi/SC5_HBD_MWPM_5x/results/sweep_20_exp_0_checkpoints.csv
0303030303030303030303030,0.0379923615043663,0.0002277556632179,39906294,results/ebbi/SC5_HBD_MWPM_5x/results/sweep_20_exp_0_checkpoints.csv
0303030303030303030303030,0.0377450133159068,0.0001513617025921,50046362,results/ebbi/SC5_HBD_MWPM_5x/results/sweep_20_exp_0_checkpoints.csv
0303030303030303030303030,0.0377450133159068,0.0001513617025921,62994412,results/ebbi/SC5_HBD_MWPM_5x/results/sweep_20_exp_0_checkpoints.csv
0303030303030303030303030,0.0377450133159068,0.0001513617025921,79314826,results/ebbi/SC5_HBD_MWPM_5x/results/sweep_20_exp_0_checkpoints.csv
0303030303030303030303030,0.0377450133159068,0.0001513617025921,99815445,results/ebbi/SC5_HBD_MWPM_5x/results/sweep_20_exp_0_checkpoints.csv
0303030303030303030303030,0.0377450133159068,0.0001513617025921,125641670,results/ebbi/SC5_HBD_MWPM_5x/results/sweep_20_exp_0_checkpoints.csv
0303030303030303030303030,0.0377450133159068,0.0001513617025921,158178119,results/ebbi/SC5_HBD_MWPM_5x/results/sweep_20_exp_0_checkpoints.csv
0303030303030303030303030,0.0377450133159068,0.0001513617025921,199124984,results/ebbi/SC5_HBD_MWPM_5x/results/sweep_20_exp_0_checkpoints.csv
0303030303030303030303030,0.0377450133159068,0.0001513617025921,250684534,results/ebbi/SC5_HBD_MWPM_5x/results/sweep_20_exp_0_checkpoints.csv
0303030303030303030303030,0.0377450133159068,0.0001513617025921,315616106,results/ebbi/SC5_HBD_MWPM_5x/results/sweep_20_exp_0_checkpoints.csv
0303030303030303030303030,0.0377450133159068,0.0001513617025921,397311025,results/ebbi/SC5_HBD_MWPM_5x/results/sweep_20_exp_0_checkpoints.csv
0303030303030303030303030,0.0377450133159068,0.0001513617025921,500193026,results/ebbi/SC5_HBD_MWPM_5x/results/sweep_20_exp_0_checkpoints.csv
0303030303030303030303030,0.0377450133159068,0.0001513617025921,629689661,results/ebbi/SC5_HBD_MWPM_5x/results/sweep_20_exp_0_checkpoints.csv
0303030303030303030303030,0.0377450133159068,0.0001513617025921,792728670,results/ebbi/SC5_HBD_MWPM_5x/results/sweep_20_exp_0_checkpoints.csv
0303030303030303030303030,0.0377450133159068,0.0001513617025921,997998194,results/ebbi/SC5_HBD_MWPM_5x/results/sweep_20_exp_0_checkpoints.csv
0303030303030303030303030,0.0377450133159068,0.0001513617025921,1256398454,results/ebbi/SC5_HBD_MWPM_5x/results/sweep_20_exp_0_checkpoints.csv
0303030303030303030303030,0.0377450133159068,0.0001513617025921,1581714035,results/ebbi/SC5_HBD_MWPM_5x/results/sweep_20_exp_0_checkpoints.csv
0303030303030303030303030,0.0377450133159068,0.0001513617025921,1991247509,results/ebbi/SC5_HBD_MWPM_5x/results/sweep_20_exp_0_checkpoints.csv
0303030303030303030303030,0.0377450133159068,0.0001513617025921,2506832469,results/ebbi/SC5_HBD_MWPM_5x/results/sweep_20_exp_0_checkpoints.csv
0303030303030303030303030,0.0377450133159068,0.0001513617025921,3155933116,results/ebbi/SC5_HBD_MWPM_5x/results/sweep_20_exp_0_checkpoints.csv
0303030303030303030303030,0.0377450133159068,0.0001513617025921,3973066168,results/ebbi/SC5_HBD_MWPM_5x/results/sweep_20_exp_0_checkpoints.csv
0303030303030303030303030,0.0377450133159068,0.0001513617025921,5001782771,results/ebbi/SC5_HBD_MWPM_5x/results/sweep_20_exp_0_checkpoints.csv
0303030303030303030303030,0.0377450133159068,0.0001513617025921,6296871331,results/ebbi/SC5_HBD_MWPM_5x/results/sweep_20_exp_0_checkpoints.csv
0303030303030303030303030,0.0377450133159068,0.0001513617025921,7927291654,results/ebbi/SC5_HBD_MWPM_5x/results/sweep_20_exp_0_checkpoints.csv
0303030303030303030303030,0.0377450133159068,0.0001513617025921,9979869725,results/ebbi/SC5_HBD_MWPM_5x/results/sweep_20_exp_0_checkpoints.csv
0303030303030303030303030,0.0377450133159068,0.0001513617025921,12563902419,results/ebbi/SC5_HBD_MWPM_5x/results/sweep_20_exp_0_checkpoints.csv
0303030303030303030303030,0.0377450133159068,0.0001513617025921,15817029356,results/ebbi/SC5_HBD_MWPM_5x/results/sweep_20_exp_0_checkpoints.csv
0303030303030303030303030,0.0377450133159068,0.0001513617025921,19912434696,results/ebbi/SC5_HBD_MWPM_5x/results/sweep_20_exp_0_checkpoints.csv
0303030303030303030303030,0.0377450133159068,0.0001513617025921,25068262741,results/ebbi/SC5_HBD_MWPM_5x/results/sweep_20_exp_0_checkpoints.csv
0303030303030303030303030,0.0377450133159068,0.0001513617025921,31559067054,results/ebbi/SC5_HBD_MWPM_5x/results/sweep_20_exp_0_checkpoints.csv
0303030303030303030303030,0.0377450133159068,0.0001513617025921,39730508632,results/ebbi/SC5_HBD_MWPM_5x/results/sweep_20_exp_0_checkpoints.csv
0303030303030303030303030,0.0377450133159068,0.0001513617025921,50017770961,results/ebbi/SC5_HBD_MWPM_5x/results/sweep_20_exp_0_checkpoints.csv
2333202302032030302003333,0.0705523551338529,0.0021080644801259,132572,results/ebbi/SC5_HBD_MWPM_5x/results/sweep_6_exp_0_checkpoints.csv
0233333330033233323300232,0.0683039662562079,0.002080661477521,182803,results/ebbi/SC5_HBD_MWPM_5x/results/sweep_6_exp_0_checkpoints.csv
0233333330033233323300232,0.0683039662562079,0.002080661477521,210830,results/ebbi/SC5_HBD_MWPM_5x/results/sweep_6_exp_0_checkpoints.csv
0233333330033233323300232,0.0683039662562079,0.002080661477521,264695,results/ebbi/SC5_HBD_MWPM_5x/results/sweep_6_exp_0_checkpoints.csv
2233333330030233323300232,0.0665813879117364,0.0019936633761972,349310,results/ebbi/SC5_HBD_MWPM_5x/results/sweep_6_exp_0_checkpoints.csv
2233333330030233323300232,0.0665813879117364,0.0019936633761972,424237,results/ebbi/SC5_HBD_MWPM_5x/results/sweep_6_exp_0_checkpoints.csv
2233333330030233323300232,0.0653570616329315,0.0013177703367546,638672,results/ebbi/SC5_HBD_MWPM_5x/results/sweep_6_exp_0_checkpoints.csv
2233333330030233323300232,0.0653570616329315,0.0013177703367546,667775,results/ebbi/SC5_HBD_MWPM_5x/results/sweep_6_exp_0_checkpoints.csv
2233333330030233323300232,0.0653570616329315,0.0013177703367546,845942,results/ebbi/SC5_HBD_MWPM_5x/results/sweep_6_exp_0_checkpoints.csv
2233333330030233323300232,0.0653570616329315,0.0013177703367546,1061330,results/ebbi/SC5_HBD_MWPM_5x/results/sweep_6_exp_0_checkpoints.csv
2233333330030333323300232,0.0657980811164413,0.0012943719048053,1335498,results/ebbi/SC5_HBD_MWPM_5x/results/sweep_6_exp_0_checkpoints.csv
2233333330030323320303232,0.058271935699933,0.0017500878311693,1686085,results/ebbi/SC5_HBD_MWPM_5x/results/sweep_6_exp_0_checkpoints.csv
3203330332030323030303032,0.0463684676705048,0.0013993621105328,2111366,results/ebbi/SC5_HBD_MWPM_5x/results/sweep_6_exp_0_checkpoints.csv
3203330330030323030303032,0.0469361410302957,0.0009498735889792,2651469,results/ebbi/SC5_HBD_MWPM_5x/results/sweep_6_exp_0_checkpoints.csv
3203330333030323030300032,0.0455901950111676,0.000903693260625,3395781,results/ebbi/SC5_HBD_MWPM_5x/results/sweep_6_exp_0_checkpoints.csv
3203330333030323030300032,0.0455901950111676,0.000903693260625,4248818,results/ebbi/SC5_HBD_MWPM_5x/results/sweep_6_exp_0_checkpoints.csv
3203330333030323030300032,0.0456141814389989,0.0006026231567375,5362158,results/ebbi/SC5_HBD_MWPM_5x/results/sweep_6_exp_0_checkpoints.csv
3003320303030323030300032,0.0432350043681109,0.000876857957337,6651624,results/ebbi/SC5_HBD_MWPM_5x/results/sweep_6_exp_0_checkpoints.csv
3003320303030303030300033,0.0432583125812463,0.0005692963604815,8522218,results/ebbi/SC5_HBD_MWPM_5x/results/sweep_6_exp_0_checkpoints.csv
0303330303030323030303032,0.0390528430160692,0.0012039777357131,10551898,results/ebbi/SC5_HBD_MWPM_5x/results/sweep_6_exp_0_checkpoints.csv
0303330303030323030303033,0.0398149893430381,0.0005264501087367,13354063,results/ebbi/SC5_HBD_MWPM_5x/results/sweep_6_exp_0_checkpoints.csv
0303030303030303030303033,0.0379465364721805,0.0007669601473025,16717270,results/ebbi/SC5_HBD_MWPM_5x/results/sweep_6_exp_0_checkpoints.csv
0303030303030303030303030,0.0374146381760105,0.0004979203804396,21082612,results/ebbi/SC5_HBD_MWPM_5x/results/sweep_6_exp_0_checkpoints.csv
0303030303030303030303030,0.0374188060861397,0.0003319668467156,26528742,results/ebbi/SC5_HBD_MWPM_5x/results/sweep_6_exp_0_checkpoints.csv
0303030303030303030303030,0.0374188060861397,0.0003319668467156,33446533,results/ebbi/SC5_HBD_MWPM_5x/results/sweep_6_exp_0_checkpoints.csv
0303030303030303030303030,0.0374188060861397,0.0003319668467156,41929929,results/ebbi/SC5_HBD_MWPM_5x/results/sweep_6_exp_0_checkpoints.csv
0303030303030303030303030,0.0374188060861397,0.0003319668467156,52910088,results/ebbi/SC5_HBD_MWPM_5x/results/sweep_6_exp_0_checkpoints.csv
0303030303030303030303030,0.0374188060861397,0.0003319668467156,66474930,results/ebbi/SC5_HBD_MWPM_5x/results/sweep_6_exp_0_checkpoints.csv
0303030303030303030303030,0.0374188060861397,0.0003319668467156,83661920,results/ebbi/SC5_HBD_MWPM_5x/results/sweep_6_exp_0_checkpoints.csv
0303030303030303030303030,0.0374188060861397,0.0003319668467156,105330309,results/ebbi/SC5_HBD_MWPM_5x/results/sweep_6_exp_0_checkpoints.csv
0303030303030303030303030,0.0374188060861397,0.0003319668467156,132597290,results/ebbi/SC5_HBD_MWPM_5x/results/sweep_6_exp_0_checkpoints.csv
0303030303030303030303030,0.0374188060861397,0.0003319668467156,166921750,results/ebbi/SC5_HBD_MWPM_5x/results/sweep_6_exp_0_checkpoints.csv
0303030303030303030303030,0.0374188060861397,0.0003319668467156,210121681,results/ebbi/SC5_HBD_MWPM_5x/results/sweep_6_exp_0_checkpoints.csv
0303030303030303030303030,0.0374188060861397,0.0003319668467156,264522818,results/ebbi/SC5_HBD_MWPM_5x/results/sweep_6_exp_0_checkpoints.csv
0303030303030303030303030,0.0374188060861397,0.0003319668467156,333011856,results/ebbi/SC5_HBD_MWPM_5x/results/sweep_6_exp_0_checkpoints.csv
0303030303030303030303030,0.0374188060861397,0.0003319668467156,419276150,results/ebbi/SC5_HBD_MWPM_5x/results/sweep_6_exp_0_checkpoints.csv
0303030303030303030303030,0.0374188060861397,0.0003319668467156,527806361,results/ebbi/SC5_HBD_MWPM_5x/results/sweep_6_exp_0_checkpoints.csv
0303030303030303030303030,0.0374188060861397,0.0003319668467156,664454510,results/ebbi/SC5_HBD_MWPM_5x/results/sweep_6_exp_0_checkpoints.csv
0303030303030303030303030,0.0374188060861397,0.0003319668467156,836474825,results/ebbi/SC5_HBD_MWPM_5x/results/sweep_6_exp_0_checkpoints.csv
0303030303030303030303030,0.0374188060861397,0.0003319668467156,1053068408,results/ebbi/SC5_HBD_MWPM_5x/results/sweep_6_exp_0_checkpoints.csv
0303030303030303030303030,0.0374188060861397,0.0003319668467156,1325723264,results/ebbi/SC5_HBD_MWPM_5x/results/sweep_6_exp_0_checkpoints.csv
0303030303030303030303030,0.0374188060861397,0.0003319668467156,1668993798,results/ebbi/SC5_HBD_MWPM_5x/results/sweep_6_exp_0_checkpoints.csv
0303030303030303030303030,0.0374188060861397,0.0003319668467156,2101151599,results/ebbi/SC5_HBD_MWPM_5x/results/sweep_6_exp_0_checkpoints.csv
0303030303030303030303030,0.0374188060861397,0.0003319668467156,2645170832,results/ebbi/SC5_HBD_MWPM_5x/results/sweep_6_exp_0_checkpoints.csv
0303030303030303030303030,0.0374188060861397,0.0003319668467156,3330075764,results/ebbi/SC5_HBD_MWPM_5x/results/sweep_6_exp_0_checkpoints.csv
0303030303030303030303030,0.0374188060861397,0.0003319668467156,4192310349,results/ebbi/SC5_HBD_MWPM_5x/results/sweep_6_exp_0_checkpoints.csv
0303030303030303030303030,0.0374188060861397,0.0003319668467156,5277797186,results/ebbi/SC5_HBD_MWPM_5x/results/sweep_6_exp_0_checkpoints.csv
0303030303030303030303030,0.0374188060861397,0.0003319668467156,6644345808,results/ebbi/SC5_HBD_MWPM_5x/results/sweep_6_exp_0_checkpoints.csv
0303030303030303030303030,0.0374188060861397,0.0003319668467156,8364741172,results/ebbi/SC5_HBD_MWPM_5x/results/sweep_6_exp_0_checkpoints.csv
0303030303030303030303030,0.0374188060861397,0.0003319668467156,10530591342,results/ebbi/SC5_HBD_MWPM_5x/results/sweep_6_exp_0_checkpoints.csv
0303030303030303030303030,0.0374188060861397,0.0003319668467156,13257202917,results/ebbi/SC5_HBD_MWPM_5x/results/sweep_6_exp_0_checkpoints.csv
0303030303030303030303030,0.0374188060861397,0.0003319668467156,16689853456,results/ebbi/SC5_HBD_MWPM_5x/results/sweep_6_exp_0_checkpoints.csv
0303030303030303030303030,0.0374188060861397,0.0003319668467156,21011255364,results/ebbi/SC5_HBD_MWPM_5x/results/sweep_6_exp_0_checkpoints.csv
0303030303030303030303030,0.0374188060861397,0.0003319668467156,26451602603,results/ebbi/SC5_HBD_MWPM_5x/results/sweep_6_exp_0_checkpoints.csv
0303030303030303030303030,0.0374188060861397,0.0003319668467156,33300586298,results/ebbi/SC5_HBD_MWPM_5x/results/sweep_6_exp_0_checkpoints.csv
0303030303030303030303030,0.0374188060861397,0.0003319668467156,41922962106,results/ebbi/SC5_HBD_MWPM_5x/results/sweep_6_exp_0_checkpoints.csv
