seed,cds
807999965,000000000 200000000 300000000 020000000 220000000 320000000 030000000 230000000 330000000 002000000 202000000 302000000 022000000 222000000 322000000 032000000 232000000 332000000 003000000 203000000 303000000 023000000 223000000 323000000 033000000 233000000 333000000 000200000 200200000 300200000 020200000 220200000 320200000 030200000 230200000 330200000 002200000 202200000 302200000 022200000 222200000 322200000 032200000 232200000 332200000 003200000 203200000 303200000 023200000 223200000 323200000 033200000 233200000 333200000 000300000 200300000 300300000 020300000 220300000 320300000 030300000 230300000 330300000 002300000 202300000 302300000 022300000 222300000 322300000 032300000 232300000 332300000 003300000 203300000 303300000 023300000 223300000 323300000 033300000 233300000 333300000 000020000 200020000 300020000 020020000 220020000 320020000 030020000 230020000 330020000 002020000 202020000 302020000 022020000 222020000 322020000 032020000 232020000 332020000 003020000
1276892303,203020000 303020000 023020000 223020000 323020000 033020000 233020000 333020000 000220000 200220000 300220000 020220000 220220000 320220000 030220000 230220000 330220000 002220000 202220000 302220000 022220000 222220000 322220000 032220000 232220000 332220000 003220000 203220000 303220000 023220000 223220000 323220000 033220000 233220000 333220000 000320000 200320000 300320000 020320000 220320000 320320000 030320000 230320000 330320000 002320000 202320000 302320000 022320000 222320000 322320000 032320000 232320000 332320000 003320000 203320000 303320000 023320000 223320000 323320000 033320000 233320000 333320000 000030000 200030000 300030000 020030000 220030000 320030000 030030000 230030000 330030000 002030000 202030000 302030000 022030000 222030000 322030000 032030000 232030000 332030000 003030000 203030000 303030000 023030000 223030000 323030000 033030000 233030000 333030000 000230000 200230000 300230000 020230000 220230000 320230000 030230000 230230000 330230000 002230000 202230000
1282581984,302230000 022230000 222230000 322230000 032230000 232230000 332230000 003230000 203230000 303230000 023230000 223230000 323230000 033230000 233230000 333230000 000330000 200330000 300330000 020330000 220330000 320330000 030330000 230330000 330330000 002330000 202330000 302330000 022330000 222330000 322330000 032330000 232330000 332330000 003330000 203330000 303330000 023330000 223330000 323330000 033330000 233330000 333330000 000002000 200002000 300002000 020002000 220002000 320002000 030002000 230002000 330002000 002002000 202002000 302002000 022002000 222002000 322002000 032002000 232002000 332002000 003002000 203002000 303002000 023002000 223002000 323002000 033002000 233002000 333002000 000202000 200202000 300202000 020202000 220202000 320202000 030202000 230202000 330202000 002202000 202202000 302202000 022202000 222202000 322202000 032202000 232202000 332202000 003202000 203202000 303202000 023202000 223202000 323202000 033202000 233202000 333202000 000302000 200302000 300302000
1243634080,020302000 220302000 320302000 030302000 230302000 330302000 002302000 202302000 302302000 022302000 222302000 322302000 032302000 232302000 332302000 003302000 203302000 303302000 023302000 223302000 323302000 033302000 233302000 333302000 000022000 200022000 300022000 020022000 220022000 320022000 030022000 230022000 330022000 002022000 202022000 302022000 022022000 222022000 322022000 032022000 232022000 332022000 003022000 203022000 303022000 023022000 223022000 323022000 033022000 233022000 333022000 000222000 200222000 300222000 020222000 220222000 320222000 030222000 230222000 330222000 002222000 202222000 302222000 022222000 222222000 322222000 032222000 232222000 332222000 003222000 203222000 303222000 023222000 223222000 323222000 033222000 233222000 333222000 000322000 200322000 300322000 020322000 220322000 320322000 030322000 230322000 330322000 002322000 202322000 302322000 022322000 222322000 322322000 032322000 232322000 332322000 003322000 203322000 303322000 023322000
249275256,223322000 323322000 033322000 233322000 333322000 000032000 200032000 300032000 020032000 220032000 320032000 030032000 230032000 330032000 002032000 202032000 302032000 022032000 222032000 322032000 032032000 232032000 332032000 003032000 203032000 303032000 023032000 223032000 323032000 033032000 233032000 333032000 000232000 200232000 300232000 020232000 220232000 320232000 030232000 230232000 330232000 002232000 202232000 302232000 022232000 222232000 322232000 032232000 232232000 332232000 003232000 203232000 303232000 023232000 223232000 323232000 033232000 233232000 333232000 000332000 200332000 300332000 020332000 220332000 320332000 030332000 230332000 330332000 002332000 202332000 302332000 022332000 222332000 322332000 032332000 232332000 332332000 003332000 203332000 303332000 023332000 223332000 323332000 033332000 233332000 333332000 000003000 200003000 300003000 020003000 220003000 320003000 030003000 230003000 330003000 002003000 202003000 302003000 022003000 222003000
414895800,322003000 032003000 232003000 332003000 003003000 203003000 303003000 023003000 223003000 323003000 033003000 233003000 333003000 000203000 200203000 300203000 020203000 220203000 320203000 030203000 230203000 330203000 002203000 202203000 302203000 022203000 222203000 322203000 032203000 232203000 332203000 003203000 203203000 303203000 023203000 223203000 323203000 033203000 233203000 333203000 000303000 200303000 300303000 020303000 220303000 320303000 030303000 230303000 330303000 002303000 202303000 302303000 022303000 222303000 322303000 032303000 232303000 332303000 003303000 203303000 303303000 023303000 223303000 323303000 033303000 233303000 333303000 000023000 200023000 300023000 020023000 220023000 320023000 030023000 230023000 330023000 002023000 202023000 302023000 022023000 222023000 322023000 032023000 232023000 332023000 003023000 203023000 303023000 023023000 223023000 323023000 033023000 233023000 333023000 000223000 200223000 300223000 020223000 220223000 320223000
1432051728,030223000 230223000 330223000 002223000 202223000 302223000 022223000 222223000 322223000 032223000 232223000 332223000 003223000 203223000 303223000 023223000 223223000 323223000 033223000 233223000 333223000 000323000 200323000 300323000 020323000 220323000 320323000 030323000 230323000 330323000 002323000 202323000 302323000 022323000 222323000 322323000 032323000 232323000 332323000 003323000 203323000 303323000 023323000 223323000 323323000 033323000 233323000 333323000 000033000 200033000 300033000 020033000 220033000 320033000 030033000 230033000 330033000 002033000 202033000 302033000 022033000 222033000 322033000 032033000 232033000 332033000 003033000 203033000 303033000 023033000 223033000 323033000 033033000 233033000 333033000 000233000 200233000 300233000 020233000 220233000 320233000 030233000 230233000 330233000 002233000 202233000 302233000 022233000 222233000 322233000 032233000 232233000 332233000 003233000 203233000 303233000 023233000 223233000 323233000 033233000
616265550,233233000 333233000 000333000 200333000 300333000 020333000 220333000 320333000 030333000 230333000 330333000 002333000 202333000 302333000 022333000 222333000 322333000 032333000 232333000 332333000 003333000 203333000 303333000 023333000 223333000 323333000 033333000 233333000 333333000 000000200 200000200 300000200 020000200 220000200 320000200 030000200 230000200 330000200 002000200 202000200 302000200 022000200 222000200 322000200 032000200 232000200 332000200 003000200 203000200 303000200 023000200 223000200 323000200 033000200 233000200 333000200 000200200 200200200 300200200 020200200 220200200 320200200 030200200 230200200 330200200 002200200 202200200 302200200 022200200 222200200 322200200 032200200 232200200 332200200 003200200 203200200 303200200 023200200 223200200 323200200 033200200 233200200 333200200 000300200 200300200 300300200 020300200 220300200 320300200 030300200 230300200 330300200 002300200 202300200 302300200 022300200 222300200 322300200 032300200 232300200
171966083,332300200 003300200 203300200 303300200 023300200 223300200 323300200 033300200 233300200 333300200 000020200 200020200 300020200 020020200 220020200 320020200 030020200 230020200 330020200 002020200 202020200 302020200 022020200 222020200 322020200 032020200 232020200 332020200 003020200 203020200 303020200 023020200 223020200 323020200 033020200 233020200 333020200 000220200 200220200 300220200 020220200 220220200 320220200 030220200 230220200 330220200 002220200 202220200 302220200 022220200 222220200 322220200 032220200 232220200 332220200 003220200 203220200 303220200 023220200 223220200 323220200 033220200 233220200 333220200 000320200 200320200 300320200 020320200 220320200 320320200 030320200 230320200 330320200 002320200 202320200 302320200 022320200 222320200 322320200 032320200 232320200 332320200 003320200 203320200 303320200 023320200 223320200 323320200 033320200 233320200 333320200 000030200 200030200 300030200 020030200 220030200 320030200 030030200 230030200 330030200
669375627,002030200 202030200 302030200 022030200 222030200 322030200 032030200 232030200 332030200 003030200 203030200 303030200 023030200 223030200 323030200 033030200 233030200 333030200 000230200 200230200 300230200 020230200 220230200 320230200 030230200 230230200 330230200 002230200 202230200 302230200 022230200 222230200 322230200 032230200 232230200 332230200 003230200 203230200 303230200 023230200 223230200 323230200 033230200 233230200 333230200 000330200 200330200 300330200 020330200 220330200 320330200 030330200 230330200 330330200 002330200 202330200 302330200 022330200 222330200 322330200 032330200 232330200 332330200 003330200 203330200 303330200 023330200 223330200 323330200 033330200 233330200 333330200 000002200 200002200 300002200 020002200 220002200 320002200 030002200 230002200 330002200 002002200 202002200 302002200 022002200 222002200 322002200 032002200 232002200 332002200 003002200 203002200 303002200 023002200 223002200 323002200 033002200 233002200 333002200 000202200
1257915019,200202200 300202200 020202200 220202200 320202200 030202200 230202200 330202200 002202200 202202200 302202200 022202200 222202200 322202200 032202200 232202200 332202200 003202200 203202200 303202200 023202200 223202200 323202200 033202200 233202200 333202200 000302200 200302200 300302200 020302200 220302200 320302200 030302200 230302200 330302200 002302200 202302200 302302200 022302200 222302200 322302200 032302200 232302200 332302200 003302200 203302200 303302200 023302200 223302200 323302200 033302200 233302200 333302200 000022200 200022200 300022200 020022200 220022200 320022200 030022200 230022200 330022200 002022200 202022200 302022200 022022200 222022200 322022200 032022200 232022200 332022200 003022200 203022200 303022200 023022200 223022200 323022200 033022200 233022200 333022200 000222200 200222200 300222200 020222200 220222200 320222200 030222200 230222200 330222200 002222200 202222200 302222200 022222200 222222200 322222200 032222200 232222200 332222200 003222200 203222200
1790736299,303222200 023222200 223222200 323222200 033222200 233222200 333222200 000322200 200322200 300322200 020322200 220322200 320322200 030322200 230322200 330322200 002322200 202322200 302322200 022322200 222322200 322322200 032322200 232322200 332322200 003322200 203322200 303322200 023322200 223322200 323322200 033322200 233322200 333322200 000032200 200032200 300032200 020032200 220032200 320032200 030032200 230032200 330032200 002032200 202032200 302032200 022032200 222032200 322032200 032032200 232032200 332032200 003032200 203032200 303032200 023032200 223032200 323032200 033032200 233032200 333032200 000232200 200232200 300232200 020232200 220232200 320232200 030232200 230232200 330232200 002232200 202232200 302232200 022232200 222232200 322232200 032232200 232232200 332232200 003232200 203232200 303232200 023232200 223232200 323232200 033232200 233232200 333232200 000332200 200332200 300332200 020332200 220332200 320332200 030332200 230332200 330332200 002332200 202332200 302332200
750969668,022332200 222332200 322332200 032332200 232332200 332332200 003332200 203332200 303332200 023332200 223332200 323332200 033332200 233332200 333332200 000003200 200003200 300003200 020003200 220003200 320003200 030003200 230003200 330003200 002003200 202003200 302003200 022003200 222003200 322003200 032003200 232003200 332003200 003003200 203003200 303003200 023003200 223003200 323003200 033003200 233003200 333003200 000203200 200203200 300203200 020203200 220203200 320203200 030203200 230203200 330203200 002203200 202203200 302203200 022203200 222203200 322203200 032203200 232203200 332203200 003203200 203203200 303203200 023203200 223203200 323203200 033203200 233203200 333203200 000303200 200303200 300303200 020303200 220303200 320303200 030303200 230303200 330303200 002303200 202303200 302303200 022303200 222303200 322303200 032303200 232303200 332303200 003303200 203303200 303303200 023303200 223303200 323303200 033303200 233303200 333303200 000023200 200023200 300023200 020023200
1101560801,220023200 320023200 030023200 230023200 330023200 002023200 202023200 302023200 022023200 222023200 322023200 032023200 232023200 332023200 003023200 203023200 303023200 023023200 223023200 323023200 033023200 233023200 333023200 000223200 200223200 300223200 020223200 220223200 320223200 030223200 230223200 330223200 002223200 202223200 302223200 022223200 222223200 322223200 032223200 232223200 332223200 003223200 203223200 303223200 023223200 223223200 323223200 033223200 233223200 333223200 000323200 200323200 300323200 020323200 220323200 320323200 030323200 230323200 330323200 002323200 202323200 302323200 022323200 222323200 322323200 032323200 232323200 332323200 003323200 203323200 303323200 023323200 223323200 323323200 033323200 233323200 333323200 000033200 200033200 300033200 020033200 220033200 320033200 030033200 230033200 330033200 002033200 202033200 302033200 022033200 222033200 322033200 032033200 232033200 332033200 003033200 203033200 303033200 023033200 223033200
1477887554,323033200 033033200 233033200 333033200 000233200 200233200 300233200 020233200 220233200 320233200 030233200 230233200 330233200 002233200 202233200 302233200 022233200 222233200 322233200 032233200 232233200 332233200 003233200 203233200 303233200 023233200 223233200 323233200 033233200 233233200 333233200 000333200 200333200 300333200 020333200 220333200 320333200 030333200 230333200 330333200 002333200 202333200 302333200 022333200 222333200 322333200 032333200 232333200 332333200 003333200 203333200 303333200 023333200 223333200 323333200 033333200 233333200 333333200 000000300 200000300 300000300 020000300 220000300 320000300 030000300 230000300 330000300 002000300 202000300 302000300 022000300 222000300 322000300 032000300 232000300 332000300 003000300 203000300 303000300 023000300 223000300 323000300 033000300 233000300 333000300 000200300 200200300 300200300 020200300 220200300 320200300 030200300 230200300 330200300 002200300 202200300 302200300 022200300 222200300 322200300
364123842,032200300 232200300 332200300 003200300 203200300 303200300 023200300 223200300 323200300 033200300 233200300 333200300 000300300 200300300 300300300 020300300 220300300 320300300 030300300 230300300 330300300 002300300 202300300 302300300 022300300 222300300 322300300 032300300 232300300 332300300 003300300 203300300 303300300 023300300 223300300 323300300 033300300 233300300 333300300 000020300 200020300 300020300 020020300 220020300 320020300 030020300 230020300 330020300 002020300 202020300 302020300 022020300 222020300 322020300 032020300 232020300 332020300 003020300 203020300 303020300 023020300 223020300 323020300 033020300 233020300 333020300 000220300 200220300 300220300 020220300 220220300 320220300 030220300 230220300 330220300 002220300 202220300 302220300 022220300 222220300 322220300 032220300 232220300 332220300 003220300 203220300 303220300 023220300 223220300 323220300 033220300 233220300 333220300 000320300 200320300 300320300 020320300 220320300 320320300 030320300
2037827886,230320300 330320300 002320300 202320300 302320300 022320300 222320300 322320300 032320300 232320300 332320300 003320300 203320300 303320300 023320300 223320300 323320300 033320300 233320300 333320300 000030300 200030300 300030300 020030300 220030300 320030300 030030300 230030300 330030300 002030300 202030300 302030300 022030300 222030300 322030300 032030300 232030300 332030300 003030300 203030300 303030300 023030300 223030300 323030300 033030300 233030300 333030300 000230300 200230300 300230300 020230300 220230300 320230300 030230300 230230300 330230300 002230300 202230300 302230300 022230300 222230300 322230300 032230300 232230300 332230300 003230300 203230300 303230300 023230300 223230300 323230300 033230300 233230300 333230300 000330300 200330300 300330300 020330300 220330300 320330300 030330300 230330300 330330300 002330300 202330300 302330300 022330300 222330300 322330300 032330300 232330300 332330300 003330300 203330300 303330300 023330300 223330300 323330300 033330300 233330300
766055728,333330300 000002300 200002300 300002300 020002300 220002300 320002300 030002300 230002300 330002300 002002300 202002300 302002300 022002300 222002300 322002300 032002300 232002300 332002300 003002300 203002300 303002300 023002300 223002300 323002300 033002300 233002300 333002300 000202300 200202300 300202300 020202300 220202300 320202300 030202300 230202300 330202300 002202300 202202300 302202300 022202300 222202300 322202300 032202300 232202300 332202300 003202300 203202300 303202300 023202300 223202300 323202300 033202300 233202300 333202300 000302300 200302300 300302300 020302300 220302300 320302300 030302300 230302300 330302300 002302300 202302300 302302300 022302300 222302300 322302300 032302300 232302300 332302300 003302300 203302300 303302300 023302300 223302300 323302300 033302300 233302300 333302300 000022300 200022300 300022300 020022300 220022300 320022300 030022300 230022300 330022300 002022300 202022300 302022300 022022300 222022300 322022300 032022300 232022300 332022300
1361122349,003022300 203022300 303022300 023022300 223022300 323022300 033022300 233022300 333022300 000222300 200222300 300222300 020222300 220222300 320222300 030222300 230222300 330222300 002222300 202222300 302222300 022222300 222222300 322222300 032222300 232222300 332222300 003222300 203222300 303222300 023222300 223222300 323222300 033222300 233222300 333222300 000322300 200322300 300322300 020322300 220322300 320322300 030322300 230322300 330322300 002322300 202322300 302322300 022322300 222322300 322322300 032322300 232322300 332322300 003322300 203322300 303322300 023322300 223322300 323322300 033322300 233322300 333322300 000032300 200032300 300032300 020032300 220032300 320032300 030032300 230032300 330032300 002032300 202032300 302032300 022032300 222032300 322032300 032032300 232032300 332032300 003032300 203032300 303032300 023032300 223032300 323032300 033032300 233032300 333032300 000232300 200232300 300232300 020232300 220232300 320232300 030232300 230232300 330232300 002232300
782795145,202232300 302232300 022232300 222232300 322232300 032232300 232232300 332232300 003232300 203232300 303232300 023232300 223232300 323232300 033232300 233232300 333232300 000332300 200332300 300332300 020332300 220332300 320332300 030332300 230332300 330332300 002332300 202332300 302332300 022332300 222332300 322332300 032332300 232332300 332332300 003332300 203332300 303332300 023332300 223332300 323332300 033332300 233332300 333332300 000003300 200003300 300003300 020003300 220003300 320003300 030003300 230003300 330003300 002003300 202003300 302003300 022003300 222003300 322003300 032003300 232003300 332003300 003003300 203003300 303003300 023003300 223003300 323003300 033003300 233003300 333003300 000203300 200203300 300203300 020203300 220203300 320203300 030203300 230203300 330203300 002203300 202203300 302203300 022203300 222203300 322203300 032203300 232203300 332203300 003203300 203203300 303203300 023203300 223203300 323203300 033203300 233203300 333203300 000303300 200303300
1830198122,300303300 020303300 220303300 320303300 030303300 230303300 330303300 002303300 202303300 302303300 022303300 222303300 322303300 032303300 232303300 332303300 003303300 203303300 303303300 023303300 223303300 323303300 033303300 233303300 333303300 000023300 200023300 300023300 020023300 220023300 320023300 030023300 230023300 330023300 002023300 202023300 302023300 022023300 222023300 322023300 032023300 232023300 332023300 003023300 203023300 303023300 023023300 223023300 323023300 033023300 233023300 333023300 000223300 200223300 300223300 020223300 220223300 320223300 030223300 230223300 330223300 002223300 202223300 302223300 022223300 222223300 322223300 032223300 232223300 332223300 003223300 203223300 303223300 023223300 223223300 323223300 033223300 233223300 333223300 000323300 200323300 300323300 020323300 220323300 320323300 030323300 230323300 330323300 002323300 202323300 302323300 022323300 222323300 322323300 032323300 232323300 332323300 003323300 203323300 303323300
900517373,023323300 223323300 323323300 033323300 233323300 333323300 000033300 200033300 300033300 020033300 220033300 320033300 030033300 230033300 330033300 002033300 202033300 302033300 022033300 222033300 322033300 032033300 232033300 332033300 003033300 203033300 303033300 023033300 223033300 323033300 033033300 233033300 333033300 000233300 200233300 300233300 020233300 220233300 320233300 030233300 230233300 330233300 002233300 202233300 302233300 022233300 222233300 322233300 032233300 232233300 332233300 003233300 203233300 303233300 023233300 223233300 323233300 033233300 233233300 333233300 000333300 200333300 300333300 020333300 220333300 320333300 030333300 230333300 330333300 002333300 202333300 302333300 022333300 222333300 322333300 032333300 232333300 332333300 003333300 203333300 303333300 023333300 223333300 323333300 033333300 233333300 333333300 000000020 200000020 300000020 020000020 220000020 320000020 030000020 230000020 330000020 002000020 202000020 302000020 022000020
957381313,222000020 322000020 032000020 232000020 332000020 003000020 203000020 303000020 023000020 223000020 323000020 033000020 233000020 333000020 000200020 200200020 300200020 020200020 220200020 320200020 030200020 230200020 330200020 002200020 202200020 302200020 022200020 222200020 322200020 032200020 232200020 332200020 003200020 203200020 303200020 023200020 223200020 323200020 033200020 233200020 333200020 000300020 200300020 300300020 020300020 220300020 320300020 030300020 230300020 330300020 002300020 202300020 302300020 022300020 222300020 322300020 032300020 232300020 332300020 003300020 203300020 303300020 023300020 223300020 323300020 033300020 233300020 333300020 000020020 200020020 300020020 020020020 220020020 320020020 030020020 230020020 330020020 002020020 202020020 302020020 022020020 222020020 322020020 032020020 232020020 332020020 003020020 203020020 303020020 023020020 223020020 323020020 033020020 233020020 333020020 000220020 200220020 300220020 020220020 220220020
2125161971,320220020 030220020 230220020 330220020 002220020 202220020 302220020 022220020 222220020 322220020 032220020 232220020 332220020 003220020 203220020 303220020 023220020 223220020 323220020 033220020 233220020 333220020 000320020 200320020 300320020 020320020 220320020 320320020 030320020 230320020 330320020 002320020 202320020 302320020 022320020 222320020 322320020 032320020 232320020 332320020 003320020 203320020 303320020 023320020 223320020 323320020 033320020 233320020 333320020 000030020 200030020 300030020 020030020 220030020 320030020 030030020 230030020 330030020 002030020 202030020 302030020 022030020 222030020 322030020 032030020 232030020 332030020 003030020 203030020 303030020 023030020 223030020 323030020 033030020 233030020 333030020 000230020 200230020 300230020 020230020 220230020 320230020 030230020 230230020 330230020 002230020 202230020 302230020 022230020 222230020 322230020 032230020 232230020 332230020 003230020 203230020 303230020 023230020 223230020 323230020
1090248964,033230020 233230020 333230020 000330020 200330020 300330020 020330020 220330020 320330020 030330020 230330020 330330020 002330020 202330020 302330020 022330020 222330020 322330020 032330020 232330020 332330020 003330020 203330020 303330020 023330020 223330020 323330020 033330020 233330020 333330020 000002020 200002020 300002020 020002020 220002020 320002020 030002020 230002020 330002020 002002020 202002020 302002020 022002020 222002020 322002020 032002020 232002020 332002020 003002020 203002020 303002020 023002020 223002020 323002020 033002020 233002020 333002020 000202020 200202020 300202020 020202020 220202020 320202020 030202020 230202020 330202020 002202020 202202020 302202020 022202020 222202020 322202020 032202020 232202020 332202020 003202020 203202020 303202020 023202020 223202020 323202020 033202020 233202020 333202020 000302020 200302020 300302020 020302020 220302020 320302020 030302020 230302020 330302020 002302020 202302020 302302020 022302020 222302020 322302020 032302020
199583895,232302020 332302020 003302020 203302020 303302020 023302020 223302020 323302020 033302020 233302020 333302020 000022020 200022020 300022020 020022020 220022020 320022020 030022020 230022020 330022020 002022020 202022020 302022020 022022020 222022020 322022020 032022020 232022020 332022020 003022020 203022020 303022020 023022020 223022020 323022020 033022020 233022020 333022020 000222020 200222020 300222020 020222020 220222020 320222020 030222020 230222020 330222020 002222020 202222020 302222020 022222020 222222020 322222020 032222020 232222020 332222020 003222020 203222020 303222020 023222020 223222020 323222020 033222020 233222020 333222020 000322020 200322020 300322020 020322020 220322020 320322020 030322020 230322020 330322020 002322020 202322020 302322020 022322020 222322020 322322020 032322020 232322020 332322020 003322020 203322020 303322020 023322020 223322020 323322020 033322020 233322020 333322020 000032020 200032020 300032020 020032020 220032020 320032020 030032020 230032020
29147181,330032020 002032020 202032020 302032020 022032020 222032020 322032020 032032020 232032020 332032020 003032020 203032020 303032020 023032020 223032020 323032020 033032020 233032020 333032020 000232020 200232020 300232020 020232020 220232020 320232020 030232020 230232020 330232020 002232020 202232020 302232020 022232020 222232020 322232020 032232020 232232020 332232020 003232020 203232020 303232020 023232020 223232020 323232020 033232020 233232020 333232020 000332020 200332020 300332020 020332020 220332020 320332020 030332020 230332020 330332020 002332020 202332020 302332020 022332020 222332020 322332020 032332020 232332020 332332020 003332020 203332020 303332020 023332020 223332020 323332020 033332020 233332020 333332020 000003020 200003020 300003020 020003020 220003020 320003020 030003020 230003020 330003020 002003020 202003020 302003020 022003020 222003020 322003020 032003020 232003020 332003020 003003020 203003020 303003020 023003020 223003020 323003020 033003020 233003020 333003020
2024593192,000203020 200203020 300203020 020203020 220203020 320203020 030203020 230203020 330203020 002203020 202203020 302203020 022203020 222203020 322203020 032203020 232203020 332203020 003203020 203203020 303203020 023203020 223203020 323203020 033203020 233203020 333203020 000303020 200303020 300303020 020303020 220303020 320303020 030303020 230303020 330303020 002303020 202303020 302303020 022303020 222303020 322303020 032303020 232303020 332303020 003303020 203303020 303303020 023303020 223303020 323303020 033303020 233303020 333303020 000023020 200023020 300023020 020023020 220023020 320023020 030023020 230023020 330023020 002023020 202023020 302023020 022023020 222023020 322023020 032023020 232023020 332023020 003023020 203023020 303023020 023023020 223023020 323023020 033023020 233023020 333023020 000223020 200223020 300223020 020223020 220223020 320223020 030223020 230223020 330223020 002223020 202223020 302223020 022223020 222223020 322223020 032223020 232223020 332223020 003223020
1789256736,203223020 303223020 023223020 223223020 323223020 033223020 233223020 333223020 000323020 200323020 300323020 020323020 220323020 320323020 030323020 230323020 330323020 002323020 202323020 302323020 022323020 222323020 322323020 032323020 232323020 332323020 003323020 203323020 303323020 023323020 223323020 323323020 033323020 233323020 333323020 000033020 200033020 300033020 020033020 220033020 320033020 030033020 230033020 330033020 002033020 202033020 302033020 022033020 222033020 322033020 032033020 232033020 332033020 003033020 203033020 303033020 023033020 223033020 323033020 033033020 233033020 333033020 000233020 200233020 300233020 020233020 220233020 320233020 030233020 230233020 330233020 002233020 202233020 302233020 022233020 222233020 322233020 032233020 232233020 332233020 003233020 203233020 303233020 023233020 223233020 323233020 033233020 233233020 333233020 000333020 200333020 300333020 020333020 220333020 320333020 030333020 230333020 330333020 002333020 202333020
2097909630,302333020 022333020 222333020 322333020 032333020 232333020 332333020 003333020 203333020 303333020 023333020 223333020 323333020 033333020 233333020 333333020 000000220 200000220 300000220 020000220 220000220 320000220 030000220 230000220 330000220 002000220 202000220 302000220 022000220 222000220 322000220 032000220 232000220 332000220 003000220 203000220 303000220 023000220 223000220 323000220 033000220 233000220 333000220 000200220 200200220 300200220 020200220 220200220 320200220 030200220 230200220 330200220 002200220 202200220 302200220 022200220 222200220 322200220 032200220 232200220 332200220 003200220 203200220 303200220 023200220 223200220 323200220 033200220 233200220 333200220 000300220 200300220 300300220 020300220 220300220 320300220 030300220 230300220 330300220 002300220 202300220 302300220 022300220 222300220 322300220 032300220 232300220 332300220 003300220 203300220 303300220 023300220 223300220 323300220 033300220 233300220 333300220 000020220 200020220 300020220
802951649,020020220 220020220 320020220 030020220 230020220 330020220 002020220 202020220 302020220 022020220 222020220 322020220 032020220 232020220 332020220 003020220 203020220 303020220 023020220 223020220 323020220 033020220 233020220 333020220 000220220 200220220 300220220 020220220 220220220 320220220 030220220 230220220 330220220 002220220 202220220 302220220 022220220 222220220 322220220 032220220 232220220 332220220 003220220 203220220 303220220 023220220 223220220 323220220 033220220 233220220 333220220 000320220 200320220 300320220 020320220 220320220 320320220 030320220 230320220 330320220 002320220 202320220 302320220 022320220 222320220 322320220 032320220 232320220 332320220 003320220 203320220 303320220 023320220 223320220 323320220 033320220 233320220 333320220 000030220 200030220 300030220 020030220 220030220 320030220 030030220 230030220 330030220 002030220 202030220 302030220 022030220 222030220 322030220 032030220 232030220 332030220 003030220 203030220 303030220 023030220
2029787065,223030220 323030220 033030220 233030220 333030220 000230220 200230220 300230220 020230220 220230220 320230220 030230220 230230220 330230220 002230220 202230220 302230220 022230220 222230220 322230220 032230220 232230220 332230220 003230220 203230220 303230220 023230220 223230220 323230220 033230220 233230220 333230220 000330220 200330220 300330220 020330220 220330220 320330220 030330220 230330220 330330220 002330220 202330220 302330220 022330220 222330220 322330220 032330220 232330220 332330220 003330220 203330220 303330220 023330220 223330220 323330220 033330220 233330220 333330220 000002220 200002220 300002220 020002220 220002220 320002220 030002220 230002220 330002220 002002220 202002220 302002220 022002220 222002220 322002220 032002220 232002220 332002220 003002220 203002220 303002220 023002220 223002220 323002220 033002220 233002220 333002220 000202220 200202220 300202220 020202220 220202220 320202220 030202220 230202220 330202220 002202220 202202220 302202220 022202220 222202220
1141251814,322202220 032202220 232202220 332202220 003202220 203202220 303202220 023202220 223202220 323202220 033202220 233202220 333202220 000302220 200302220 300302220 020302220 220302220 320302220 030302220 230302220 330302220 002302220 202302220 302302220 022302220 222302220 322302220 032302220 232302220 332302220 003302220 203302220 303302220 023302220 223302220 323302220 033302220 233302220 333302220 000022220 200022220 300022220 020022220 220022220 320022220 030022220 230022220 330022220 002022220 202022220 302022220 022022220 222022220 322022220 032022220 232022220 332022220 003022220 203022220 303022220 023022220 223022220 323022220 033022220 233022220 333022220 000222220 200222220 300222220 020222220 220222220 320222220 030222220 230222220 330222220 002222220 202222220 302222220 022222220 222222220 322222220 032222220 232222220 332222220 003222220 203222220 303222220 023222220 223222220 323222220 033222220 233222220 333222220 000322220 200322220 300322220 020322220 220322220 320322220
1947311586,030322220 230322220 330322220 002322220 202322220 302322220 022322220 222322220 322322220 032322220 232322220 332322220 003322220 203322220 303322220 023322220 223322220 323322220 033322220 233322220 333322220 000032220 200032220 300032220 020032220 220032220 320032220 030032220 230032220 330032220 002032220 202032220 302032220 022032220 222032220 322032220 032032220 232032220 332032220 003032220 203032220 303032220 023032220 223032220 323032220 033032220 233032220 333032220 000232220 200232220 300232220 020232220 220232220 320232220 030232220 230232220 330232220 002232220 202232220 302232220 022232220 222232220 322232220 032232220 232232220 332232220 003232220 203232220 303232220 023232220 223232220 323232220 033232220 233232220 333232220 000332220 200332220 300332220 020332220 220332220 320332220 030332220 230332220 330332220 002332220 202332220 302332220 022332220 222332220 322332220 032332220 232332220 332332220 003332220 203332220 303332220 023332220 223332220 323332220 033332220
2089016144,233332220 333332220 000003220 200003220 300003220 020003220 220003220 320003220 030003220 230003220 330003220 002003220 202003220 302003220 022003220 222003220 322003220 032003220 232003220 332003220 003003220 203003220 303003220 023003220 223003220 323003220 033003220 233003220 333003220 000203220 200203220 300203220 020203220 220203220 320203220 030203220 230203220 330203220 002203220 202203220 302203220 022203220 222203220 322203220 032203220 232203220 332203220 003203220 203203220 303203220 023203220 223203220 323203220 033203220 233203220 333203220 000303220 200303220 300303220 020303220 220303220 320303220 030303220 230303220 330303220 002303220 202303220 302303220 022303220 222303220 322303220 032303220 232303220 332303220 003303220 203303220 303303220 023303220 223303220 323303220 033303220 233303220 333303220 000023220 200023220 300023220 020023220 220023220 320023220 030023220 230023220 330023220 002023220 202023220 302023220 022023220 222023220 322023220 032023220 232023220
1996232881,332023220 003023220 203023220 303023220 023023220 223023220 323023220 033023220 233023220 333023220 000223220 200223220 300223220 020223220 220223220 320223220 030223220 230223220 330223220 002223220 202223220 302223220 022223220 222223220 322223220 032223220 232223220 332223220 003223220 203223220 303223220 023223220 223223220 323223220 033223220 233223220 333223220 000323220 200323220 300323220 020323220 220323220 320323220 030323220 230323220 330323220 002323220 202323220 302323220 022323220 222323220 322323220 032323220 232323220 332323220 003323220 203323220 303323220 023323220 223323220 323323220 033323220 233323220 333323220 000033220 200033220 300033220 020033220 220033220 320033220 030033220 230033220 330033220 002033220 202033220 302033220 022033220 222033220 322033220 032033220 232033220 332033220 003033220 203033220 303033220 023033220 223033220 323033220 033033220 233033220 333033220 000233220 200233220 300233220 020233220 220233220 320233220 030233220 230233220 330233220
393504042,002233220 202233220 302233220 022233220 222233220 322233220 032233220 232233220 332233220 003233220 203233220 303233220 023233220 223233220 323233220 033233220 233233220 333233220 000333220 200333220 300333220 020333220 220333220 320333220 030333220 230333220 330333220 002333220 202333220 302333220 022333220 222333220 322333220 032333220 232333220 332333220 003333220 203333220 303333220 023333220 223333220 323333220 033333220 233333220 333333220 000000320 200000320 300000320 020000320 220000320 320000320 030000320 230000320 330000320 002000320 202000320 302000320 022000320 222000320 322000320 032000320 232000320 332000320 003000320 203000320 303000320 023000320 223000320 323000320 033000320 233000320 333000320 000200320 200200320 300200320 020200320 220200320 320200320 030200320 230200320 330200320 002200320 202200320 302200320 022200320 222200320 322200320 032200320 232200320 332200320 003200320 203200320 303200320 023200320 223200320 323200320 033200320 233200320 333200320 000300320
1592662403,200300320 300300320 020300320 220300320 320300320 030300320 230300320 330300320 002300320 202300320 302300320 022300320 222300320 322300320 032300320 232300320 332300320 003300320 203300320 303300320 023300320 223300320 323300320 033300320 233300320 333300320 000020320 200020320 300020320 020020320 220020320 320020320 030020320 230020320 330020320 002020320 202020320 302020320 022020320 222020320 322020320 032020320 232020320 332020320 003020320 203020320 303020320 023020320 223020320 323020320 033020320 233020320 333020320 000220320 200220320 300220320 020220320 220220320 320220320 030220320 230220320 330220320 002220320 202220320 302220320 022220320 222220320 322220320 032220320 232220320 332220320 003220320 203220320 303220320 023220320 223220320 323220320 033220320 233220320 333220320 000320320 200320320 300320320 020320320 220320320 320320320 030320320 230320320 330320320 002320320 202320320 302320320 022320320 222320320 322320320 032320320 232320320 332320320 003320320 203320320
1539480545,303320320 023320320 223320320 323320320 033320320 233320320 333320320 000030320 200030320 300030320 020030320 220030320 320030320 030030320 230030320 330030320 002030320 202030320 302030320 022030320 222030320 322030320 032030320 232030320 332030320 003030320 203030320 303030320 023030320 223030320 323030320 033030320 233030320 333030320 000230320 200230320 300230320 020230320 220230320 320230320 030230320 230230320 330230320 002230320 202230320 302230320 022230320 222230320 322230320 032230320 232230320 332230320 003230320 203230320 303230320 023230320 223230320 323230320 033230320 233230320 333230320 000330320 200330320 300330320 020330320 220330320 320330320 030330320 230330320 330330320 002330320 202330320 302330320 022330320 222330320 322330320 032330320 232330320 332330320 003330320 203330320 303330320 023330320 223330320 323330320 033330320 233330320 333330320 000002320 200002320 300002320 020002320 220002320 320002320 030002320 230002320 330002320 002002320 202002320 302002320
234108244,022002320 222002320 322002320 032002320 232002320 332002320 003002320 203002320 303002320 023002320 223002320 323002320 033002320 233002320 333002320 000202320 200202320 300202320 020202320 220202320 320202320 030202320 230202320 330202320 002202320 202202320 302202320 022202320 222202320 322202320 032202320 232202320 332202320 003202320 203202320 303202320 023202320 223202320 323202320 033202320 233202320 333202320 000302320 200302320 300302320 020302320 220302320 320302320 030302320 230302320 330302320 002302320 202302320 302302320 022302320 222302320 322302320 032302320 232302320 332302320 003302320 203302320 303302320 023302320 223302320 323302320 033302320 233302320 333302320 000022320 200022320 300022320 020022320 220022320 320022320 030022320 230022320 330022320 002022320 202022320 302022320 022022320 222022320 322022320 032022320 232022320 332022320 003022320 203022320 303022320 023022320 223022320 323022320 033022320 233022320 333022320 000222320 200222320 300222320 020222320
2021376790,220222320 320222320 030222320 230222320 330222320 002222320 202222320 302222320 022222320 222222320 322222320 032222320 232222320 332222320 003222320 203222320 303222320 023222320 223222320 323222320 033222320 233222320 333222320 000322320 200322320 300322320 020322320 220322320 320322320 030322320 230322320 330322320 002322320 202322320 302322320 022322320 222322320 322322320 032322320 232322320 332322320 003322320 203322320 303322320 023322320 223322320 323322320 033322320 233322320 333322320 000032320 200032320 300032320 020032320 220032320 320032320 030032320 230032320 330032320 002032320 202032320 302032320 022032320 222032320 322032320 032032320 232032320 332032320 003032320 203032320 303032320 023032320 223032320 323032320 033032320 233032320 333032320 000232320 200232320 300232320 020232320 220232320 320232320 030232320 230232320 330232320 002232320 202232320 302232320 022232320 222232320 322232320 032232320 232232320 332232320 003232320 203232320 303232320 023232320 223232320
1775146131,323232320 033232320 233232320 333232320 000332320 200332320 300332320 020332320 220332320 320332320 030332320 230332320 330332320 002332320 202332320 302332320 022332320 222332320 322332320 032332320 232332320 332332320 003332320 203332320 303332320 023332320 223332320 323332320 033332320 233332320 333332320 000003320 200003320 300003320 020003320 220003320 320003320 030003320 230003320 330003320 002003320 202003320 302003320 022003320 222003320 322003320 032003320 232003320 332003320 003003320 203003320 303003320 023003320 223003320 323003320 033003320 233003320 333003320 000203320 200203320 300203320 020203320 220203320 320203320 030203320 230203320 330203320 002203320 202203320 302203320 022203320 222203320 322203320 032203320 232203320 332203320 003203320 203203320 303203320 023203320 223203320 323203320 033203320 233203320 333203320 000303320 200303320 300303320 020303320 220303320 320303320 030303320 230303320 330303320 002303320 202303320 302303320 022303320 222303320 322303320
877597581,032303320 232303320 332303320 003303320 203303320 303303320 023303320 223303320 323303320 033303320 233303320 333303320 000023320 200023320 300023320 020023320 220023320 320023320 030023320 230023320 330023320 002023320 202023320 302023320 022023320 222023320 322023320 032023320 232023320 332023320 003023320 203023320 303023320 023023320 223023320 323023320 033023320 233023320 333023320 000223320 200223320 300223320 020223320 220223320 320223320 030223320 230223320 330223320 002223320 202223320 302223320 022223320 222223320 322223320 032223320 232223320 332223320 003223320 203223320 303223320 023223320 223223320 323223320 033223320 233223320 333223320 000323320 200323320 300323320 020323320 220323320 320323320 030323320 230323320 330323320 002323320 202323320 302323320 022323320 222323320 322323320 032323320 232323320 332323320 003323320 203323320 303323320 023323320 223323320 323323320 033323320 233323320 333323320 000033320 200033320 300033320 020033320 220033320 320033320 030033320
1768055278,230033320 330033320 002033320 202033320 302033320 022033320 222033320 322033320 032033320 232033320 332033320 003033320 203033320 303033320 023033320 223033320 323033320 033033320 233033320 333033320 000233320 200233320 300233320 020233320 220233320 320233320 030233320 230233320 330233320 002233320 202233320 302233320 022233320 222233320 322233320 032233320 232233320 332233320 003233320 203233320 303233320 023233320 223233320 323233320 033233320 233233320 333233320 000333320 200333320 300333320 020333320 220333320 320333320 030333320 230333320 330333320 002333320 202333320 302333320 022333320 222333320 322333320 032333320 232333320 332333320 003333320 203333320 303333320 023333320 223333320 323333320 033333320 233333320 333333320 000000030 200000030 300000030 020000030 220000030 320000030 030000030 230000030 330000030 002000030 202000030 302000030 022000030 222000030 322000030 032000030 232000030 332000030 003000030 203000030 303000030 023000030 223000030 323000030 033000030 233000030
1410917845,333000030 000200030 200200030 300200030 020200030 220200030 320200030 030200030 230200030 330200030 002200030 202200030 302200030 022200030 222200030 322200030 032200030 232200030 332200030 003200030 203200030 303200030 023200030 223200030 323200030 033200030 233200030 333200030 000300030 200300030 300300030 020300030 220300030 320300030 030300030 230300030 330300030 002300030 202300030 302300030 022300030 222300030 322300030 032300030 232300030 332300030 003300030 203300030 303300030 023300030 223300030 323300030 033300030 233300030 333300030 000020030 200020030 300020030 020020030 220020030 320020030 030020030 230020030 330020030 002020030 202020030 302020030 022020030 222020030 322020030 032020030 232020030 332020030 003020030 203020030 303020030 023020030 223020030 323020030 033020030 233020030 333020030 000220030 200220030 300220030 020220030 220220030 320220030 030220030 230220030 330220030 002220030 202220030 302220030 022220030 222220030 322220030 032220030 232220030 332220030
1852096137,003220030 203220030 303220030 023220030 223220030 323220030 033220030 233220030 333220030 000320030 200320030 300320030 020320030 220320030 320320030 030320030 230320030 330320030 002320030 202320030 302320030 022320030 222320030 322320030 032320030 232320030 332320030 003320030 203320030 303320030 023320030 223320030 323320030 033320030 233320030 333320030 000030030 200030030 300030030 020030030 220030030 320030030 030030030 230030030 330030030 002030030 202030030 302030030 022030030 222030030 322030030 032030030 232030030 332030030 003030030 203030030 303030030 023030030 223030030 323030030 033030030 233030030 333030030 000230030 200230030 300230030 020230030 220230030 320230030 030230030 230230030 330230030 002230030 202230030 302230030 022230030 222230030 322230030 032230030 232230030 332230030 003230030 203230030 303230030 023230030 223230030 323230030 033230030 233230030 333230030 000330030 200330030 300330030 020330030 220330030 320330030 030330030 230330030 330330030 002330030
567759287,202330030 302330030 022330030 222330030 322330030 032330030 232330030 332330030 003330030 203330030 303330030 023330030 223330030 323330030 033330030 233330030 333330030 000002030 200002030 300002030 020002030 220002030 320002030 030002030 230002030 330002030 002002030 202002030 302002030 022002030 222002030 322002030 032002030 232002030 332002030 003002030 203002030 303002030 023002030 223002030 323002030 033002030 233002030 333002030 000202030 200202030 300202030 020202030 220202030 320202030 030202030 230202030 330202030 002202030 202202030 302202030 022202030 222202030 322202030 032202030 232202030 332202030 003202030 203202030 303202030 023202030 223202030 323202030 033202030 233202030 333202030 000302030 200302030 300302030 020302030 220302030 320302030 030302030 230302030 330302030 002302030 202302030 302302030 022302030 222302030 322302030 032302030 232302030 332302030 003302030 203302030 303302030 023302030 223302030 323302030 033302030 233302030 333302030 000022030 200022030
88611526,300022030 020022030 220022030 320022030 030022030 230022030 330022030 002022030 202022030 302022030 022022030 222022030 322022030 032022030 232022030 332022030 003022030 203022030 303022030 023022030 223022030 323022030 033022030 233022030 333022030 000222030 200222030 300222030 020222030 220222030 320222030 030222030 230222030 330222030 002222030 202222030 302222030 022222030 222222030 322222030 032222030 232222030 332222030 003222030 203222030 303222030 023222030 223222030 323222030 033222030 233222030 333222030 000322030 200322030 300322030 020322030 220322030 320322030 030322030 230322030 330322030 002322030 202322030 302322030 022322030 222322030 322322030 032322030 232322030 332322030 003322030 203322030 303322030 023322030 223322030 323322030 033322030 233322030 333322030 000032030 200032030 300032030 020032030 220032030 320032030 030032030 230032030 330032030 002032030 202032030 302032030 022032030 222032030 322032030 032032030 232032030 332032030 003032030 203032030 303032030
1049812823,023032030 223032030 323032030 033032030 233032030 333032030 000232030 200232030 300232030 020232030 220232030 320232030 030232030 230232030 330232030 002232030 202232030 302232030 022232030 222232030 322232030 032232030 232232030 332232030 003232030 203232030 303232030 023232030 223232030 323232030 033232030 233232030 333232030 000332030 200332030 300332030 020332030 220332030 320332030 030332030 230332030 330332030 002332030 202332030 302332030 022332030 222332030 322332030 032332030 232332030 332332030 003332030 203332030 303332030 023332030 223332030 323332030 033332030 233332030 333332030 000003030 200003030 300003030 020003030 220003030 320003030 030003030 230003030 330003030 002003030 202003030 302003030 022003030 222003030 322003030 032003030 232003030 332003030 003003030 203003030 303003030 023003030 223003030 323003030 033003030 233003030 333003030 000203030 200203030 300203030 020203030 220203030 320203030 030203030 230203030 330203030 002203030 202203030 302203030 022203030
644302105,222203030 322203030 032203030 232203030 332203030 003203030 203203030 303203030 023203030 223203030 323203030 033203030 233203030 333203030 000303030 200303030 300303030 020303030 220303030 320303030 030303030 230303030 330303030 002303030 202303030 302303030 022303030 222303030 322303030 032303030 232303030 332303030 003303030 203303030 303303030 023303030 223303030 323303030 033303030 233303030 333303030 000023030 200023030 300023030 020023030 220023030 320023030 030023030 230023030 330023030 002023030 202023030 302023030 022023030 222023030 322023030 032023030 232023030 332023030 003023030 203023030 303023030 023023030 223023030 323023030 033023030 233023030 333023030 000223030 200223030 300223030 020223030 220223030 320223030 030223030 230223030 330223030 002223030 202223030 302223030 022223030 222223030 322223030 032223030 232223030 332223030 003223030 203223030 303223030 023223030 223223030 323223030 033223030 233223030 333223030 000323030 200323030 300323030 020323030 220323030
438098856,320323030 030323030 230323030 330323030 002323030 202323030 302323030 022323030 222323030 322323030 032323030 232323030 332323030 003323030 203323030 303323030 023323030 223323030 323323030 033323030 233323030 333323030 000033030 200033030 300033030 020033030 220033030 320033030 030033030 230033030 330033030 002033030 202033030 302033030 022033030 222033030 322033030 032033030 232033030 332033030 003033030 203033030 303033030 023033030 223033030 323033030 033033030 233033030 333033030 000233030 200233030 300233030 020233030 220233030 320233030 030233030 230233030 330233030 002233030 202233030 302233030 022233030 222233030 322233030 032233030 232233030 332233030 003233030 203233030 303233030 023233030 223233030 323233030 033233030 233233030 333233030 000333030 200333030 300333030 020333030 220333030 320333030 030333030 230333030 330333030 002333030 202333030 302333030 022333030 222333030 322333030 032333030 232333030 332333030 003333030 203333030 303333030 023333030 223333030 323333030
58681678,033333030 233333030 333333030 000000230 200000230 300000230 020000230 220000230 320000230 030000230 230000230 330000230 002000230 202000230 302000230 022000230 222000230 322000230 032000230 232000230 332000230 003000230 203000230 303000230 023000230 223000230 323000230 033000230 233000230 333000230 000200230 200200230 300200230 020200230 220200230 320200230 030200230 230200230 330200230 002200230 202200230 302200230 022200230 222200230 322200230 032200230 232200230 332200230 003200230 203200230 303200230 023200230 223200230 323200230 033200230 233200230 333200230 000300230 200300230 300300230 020300230 220300230 320300230 030300230 230300230 330300230 002300230 202300230 302300230 022300230 222300230 322300230 032300230 232300230 332300230 003300230 203300230 303300230 023300230 223300230 323300230 033300230 233300230 333300230 000020230 200020230 300020230 020020230 220020230 320020230 030020230 230020230 330020230 002020230 202020230 302020230 022020230 222020230 322020230 032020230
828855940,232020230 332020230 003020230 203020230 303020230 023020230 223020230 323020230 033020230 233020230 333020230 000220230 200220230 300220230 020220230 220220230 320220230 030220230 230220230 330220230 002220230 202220230 302220230 022220230 222220230 322220230 032220230 232220230 332220230 003220230 203220230 303220230 023220230 223220230 323220230 033220230 233220230 333220230 000320230 200320230 300320230 020320230 220320230 320320230 030320230 230320230 330320230 002320230 202320230 302320230 022320230 222320230 322320230 032320230 232320230 332320230 003320230 203320230 303320230 023320230 223320230 323320230 033320230 233320230 333320230 000030230 200030230 300030230 020030230 220030230 320030230 030030230 230030230 330030230 002030230 202030230 302030230 022030230 222030230 322030230 032030230 232030230 332030230 003030230 203030230 303030230 023030230 223030230 323030230 033030230 233030230 333030230 000230230 200230230 300230230 020230230 220230230 320230230 030230230 230230230
2039095435,330230230 002230230 202230230 302230230 022230230 222230230 322230230 032230230 232230230 332230230 003230230 203230230 303230230 023230230 223230230 323230230 033230230 233230230 333230230 000330230 200330230 300330230 020330230 220330230 320330230 030330230 230330230 330330230 002330230 202330230 302330230 022330230 222330230 322330230 032330230 232330230 332330230 003330230 203330230 303330230 023330230 223330230 323330230 033330230 233330230 333330230 000002230 200002230 300002230 020002230 220002230 320002230 030002230 230002230 330002230 002002230 202002230 302002230 022002230 222002230 322002230 032002230 232002230 332002230 003002230 203002230 303002230 023002230 223002230 323002230 033002230 233002230 333002230 000202230 200202230 300202230 020202230 220202230 320202230 030202230 230202230 330202230 002202230 202202230 302202230 022202230 222202230 322202230 032202230 232202230 332202230 003202230 203202230 303202230 023202230 223202230 323202230 033202230 233202230 333202230
1561388859,000302230 200302230 300302230 020302230 220302230 320302230 030302230 230302230 330302230 002302230 202302230 302302230 022302230 222302230 322302230 032302230 232302230 332302230 003302230 203302230 303302230 023302230 223302230 323302230 033302230 233302230 333302230 000022230 200022230 300022230 020022230 220022230 320022230 030022230 230022230 330022230 002022230 202022230 302022230 022022230 222022230 322022230 032022230 232022230 332022230 003022230 203022230 303022230 023022230 223022230 323022230 033022230 233022230 333022230 000222230 200222230 300222230 020222230 220222230 320222230 030222230 230222230 330222230 002222230 202222230 302222230 022222230 222222230 322222230 032222230 232222230 332222230 003222230 203222230 303222230 023222230 223222230 323222230 033222230 233222230 333222230 000322230 200322230 300322230 020322230 220322230 320322230 030322230 230322230 330322230 002322230 202322230 302322230 022322230 222322230 322322230 032322230 232322230 332322230 003322230
229277808,203322230 303322230 023322230 223322230 323322230 033322230 233322230 333322230 000032230 200032230 300032230 020032230 220032230 320032230 030032230 230032230 330032230 002032230 202032230 302032230 022032230 222032230 322032230 032032230 232032230 332032230 003032230 203032230 303032230 023032230 223032230 323032230 033032230 233032230 333032230 000232230 200232230 300232230 020232230 220232230 320232230 030232230 230232230 330232230 002232230 202232230 302232230 022232230 222232230 322232230 032232230 232232230 332232230 003232230 203232230 303232230 023232230 223232230 323232230 033232230 233232230 333232230 000332230 200332230 300332230 020332230 220332230 320332230 030332230 230332230 330332230 002332230 202332230 302332230 022332230 222332230 322332230 032332230 232332230 332332230 003332230 203332230 303332230 023332230 223332230 323332230 033332230 233332230 333332230 000003230 200003230 300003230 020003230 220003230 320003230 030003230 230003230 330003230 002003230 202003230
945653349,302003230 022003230 222003230 322003230 032003230 232003230 332003230 003003230 203003230 303003230 023003230 223003230 323003230 033003230 233003230 333003230 000203230 200203230 300203230 020203230 220203230 320203230 030203230 230203230 330203230 002203230 202203230 302203230 022203230 222203230 322203230 032203230 232203230 332203230 003203230 203203230 303203230 023203230 223203230 323203230 033203230 233203230 333203230 000303230 200303230 300303230 020303230 220303230 320303230 030303230 230303230 330303230 002303230 202303230 302303230 022303230 222303230 322303230 032303230 232303230 332303230 003303230 203303230 303303230 023303230 223303230 323303230 033303230 233303230 333303230 000023230 200023230 300023230 020023230 220023230 320023230 030023230 230023230 330023230 002023230 202023230 302023230 022023230 222023230 322023230 032023230 232023230 332023230 003023230 203023230 303023230 023023230 223023230 323023230 033023230 233023230 333023230 000223230 200223230 300223230
188416578,020223230 220223230 320223230 030223230 230223230 330223230 002223230 202223230 302223230 022223230 222223230 322223230 032223230 232223230 332223230 003223230 203223230 303223230 023223230 223223230 323223230 033223230 233223230 333223230 000323230 200323230 300323230 020323230 220323230 320323230 030323230 230323230 330323230 002323230 202323230 302323230 022323230 222323230 322323230 032323230 232323230 332323230 003323230 203323230 303323230 023323230 223323230 323323230 033323230 233323230 333323230 000033230 200033230 300033230 020033230 220033230 320033230 030033230 230033230 330033230 002033230 202033230 302033230 022033230 222033230 322033230 032033230 232033230 332033230 003033230 203033230 303033230 023033230 223033230 323033230 033033230 233033230 333033230 000233230 200233230 300233230 020233230 220233230 320233230 030233230 230233230 330233230 002233230 202233230 302233230 022233230 222233230 322233230 032233230 232233230 332233230 003233230 203233230 303233230 023233230
1588501430,223233230 323233230 033233230 233233230 333233230 000333230 200333230 300333230 020333230 220333230 320333230 030333230 230333230 330333230 002333230 202333230 302333230 022333230 222333230 322333230 032333230 232333230 332333230 003333230 203333230 303333230 023333230 223333230 323333230 033333230 233333230 333333230 000000330 200000330 300000330 020000330 220000330 320000330 030000330 230000330 330000330 002000330 202000330 302000330 022000330 222000330 322000330 032000330 232000330 332000330 003000330 203000330 303000330 023000330 223000330 323000330 033000330 233000330 333000330 000200330 200200330 300200330 020200330 220200330 320200330 030200330 230200330 330200330 002200330 202200330 302200330 022200330 222200330 322200330 032200330 232200330 332200330 003200330 203200330 303200330 023200330 223200330 323200330 033200330 233200330 333200330 000300330 200300330 300300330 020300330 220300330 320300330 030300330 230300330 330300330 002300330 202300330 302300330 022300330 222300330
11225624,322300330 032300330 232300330 332300330 003300330 203300330 303300330 023300330 223300330 323300330 033300330 233300330 333300330 000020330 200020330 300020330 020020330 220020330 320020330 030020330 230020330 330020330 002020330 202020330 302020330 022020330 222020330 322020330 032020330 232020330 332020330 003020330 203020330 303020330 023020330 223020330 323020330 033020330 233020330 333020330 000220330 200220330 300220330 020220330 220220330 320220330 030220330 230220330 330220330 002220330 202220330 302220330 022220330 222220330 322220330 032220330 232220330 332220330 003220330 203220330 303220330 023220330 223220330 323220330 033220330 233220330 333220330 000320330 200320330 300320330 020320330 220320330 320320330 030320330 230320330 330320330 002320330 202320330 302320330 022320330 222320330 322320330 032320330 232320330 332320330 003320330 203320330 303320330 023320330 223320330 323320330 033320330 233320330 333320330 000030330 200030330 300030330 020030330 220030330 320030330
2017623664,030030330 230030330 330030330 002030330 202030330 302030330 022030330 222030330 322030330 032030330 232030330 332030330 003030330 203030330 303030330 023030330 223030330 323030330 033030330 233030330 333030330 000230330 200230330 300230330 020230330 220230330 320230330 030230330 230230330 330230330 002230330 202230330 302230330 022230330 222230330 322230330 032230330 232230330 332230330 003230330 203230330 303230330 023230330 223230330 323230330 033230330 233230330 333230330 000330330 200330330 300330330 020330330 220330330 320330330 030330330 230330330 330330330 002330330 202330330 302330330 022330330 222330330 322330330 032330330 232330330 332330330 003330330 203330330 303330330 023330330 223330330 323330330 033330330 233330330 333330330 000002330 200002330 300002330 020002330 220002330 320002330 030002330 230002330 330002330 002002330 202002330 302002330 022002330 222002330 322002330 032002330 232002330 332002330 003002330 203002330 303002330 023002330 223002330 323002330 033002330
1945046292,233002330 333002330 000202330 200202330 300202330 020202330 220202330 320202330 030202330 230202330 330202330 002202330 202202330 302202330 022202330 222202330 322202330 032202330 232202330 332202330 003202330 203202330 303202330 023202330 223202330 323202330 033202330 233202330 333202330 000302330 200302330 300302330 020302330 220302330 320302330 030302330 230302330 330302330 002302330 202302330 302302330 022302330 222302330 322302330 032302330 232302330 332302330 003302330 203302330 303302330 023302330 223302330 323302330 033302330 233302330 333302330 000022330 200022330 300022330 020022330 220022330 320022330 030022330 230022330 330022330 002022330 202022330 302022330 022022330 222022330 322022330 032022330 232022330 332022330 003022330 203022330 303022330 023022330 223022330 323022330 033022330 233022330 333022330 000222330 200222330 300222330 020222330 220222330 320222330 030222330 230222330 330222330 002222330 202222330 302222330 022222330 222222330 322222330 032222330 232222330
89018792,332222330 003222330 203222330 303222330 023222330 223222330 323222330 033222330 233222330 333222330 000322330 200322330 300322330 020322330 220322330 320322330 030322330 230322330 330322330 002322330 202322330 302322330 022322330 222322330 322322330 032322330 232322330 332322330 003322330 203322330 303322330 023322330 223322330 323322330 033322330 233322330 333322330 000032330 200032330 300032330 020032330 220032330 320032330 030032330 230032330 330032330 002032330 202032330 302032330 022032330 222032330 322032330 032032330 232032330 332032330 003032330 203032330 303032330 023032330 223032330 323032330 033032330 233032330 333032330 000232330 200232330 300232330 020232330 220232330 320232330 030232330 230232330 330232330 002232330 202232330 302232330 022232330 222232330 322232330 032232330 232232330 332232330 003232330 203232330 303232330 023232330 223232330 323232330 033232330 233232330 333232330 000332330 200332330 300332330 020332330 220332330 320332330 030332330 230332330 330332330
787195645,002332330 202332330 302332330 022332330 222332330 322332330 032332330 232332330 332332330 003332330 203332330 303332330 023332330 223332330 323332330 033332330 233332330 333332330 000003330 200003330 300003330 020003330 220003330 320003330 030003330 230003330 330003330 002003330 202003330 302003330 022003330 222003330 322003330 032003330 232003330 332003330 003003330 203003330 303003330 023003330 223003330 323003330 033003330 233003330 333003330 000203330 200203330 300203330 020203330 220203330 320203330 030203330 230203330 330203330 002203330 202203330 302203330 022203330 222203330 322203330 032203330 232203330 332203330 003203330 203203330 303203330 023203330 223203330 323203330 033203330 233203330 333203330 000303330 200303330 300303330 020303330 220303330 320303330 030303330 230303330 330303330 002303330 202303330 302303330 022303330 222303330 322303330 032303330 232303330 332303330 003303330 203303330 303303330 023303330 223303330 323303330 033303330 233303330 333303330 000023330
516164109,200023330 300023330 020023330 220023330 320023330 030023330 230023330 330023330 002023330 202023330 302023330 022023330 222023330 322023330 032023330 232023330 332023330 003023330 203023330 303023330 023023330 223023330 323023330 033023330 233023330 333023330 000223330 200223330 300223330 020223330 220223330 320223330 030223330 230223330 330223330 002223330 202223330 302223330 022223330 222223330 322223330 032223330 232223330 332223330 003223330 203223330 303223330 023223330 223223330 323223330 033223330 233223330 333223330 000323330 200323330 300323330 020323330 220323330 320323330 030323330 230323330 330323330 002323330 202323330 302323330 022323330 222323330 322323330 032323330 232323330 332323330 003323330 203323330 303323330 023323330 223323330 323323330 033323330 233323330 333323330 000033330 200033330 300033330 020033330 220033330 320033330 030033330 230033330 330033330 002033330 202033330 302033330 022033330 222033330 322033330 032033330 232033330 332033330 003033330 203033330
998184873,303033330 023033330 223033330 323033330 033033330 233033330 333033330 000233330 200233330 300233330 020233330 220233330 320233330 030233330 230233330 330233330 002233330 202233330 302233330 022233330 222233330 322233330 032233330 232233330 332233330 003233330 203233330 303233330 023233330 223233330 323233330 033233330 233233330 333233330 000333330 200333330 300333330 020333330 220333330 320333330 030333330 230333330 330333330 002333330 202333330 302333330 022333330 222333330 322333330 032333330 232333330 332333330 003333330 203333330 303333330 023333330 223333330 323333330 033333330 233333330 333333330 000000002 200000002 300000002 020000002 220000002 320000002 030000002 230000002 330000002 002000002 202000002 302000002 022000002 222000002 322000002 032000002 232000002 332000002 003000002 203000002 303000002 023000002 223000002 323000002 033000002 233000002 333000002 000200002 200200002 300200002 020200002 220200002 320200002 030200002 230200002 330200002 002200002 202200002 302200002
89780937,022200002 222200002 322200002 032200002 232200002 332200002 003200002 203200002 303200002 023200002 223200002 323200002 033200002 233200002 333200002 000300002 200300002 300300002 020300002 220300002 320300002 030300002 230300002 330300002 002300002 202300002 302300002 022300002 222300002 322300002 032300002 232300002 332300002 003300002 203300002 303300002 023300002 223300002 323300002 033300002 233300002 333300002 000020002 200020002 300020002 020020002 220020002 320020002 030020002 230020002 330020002 002020002 202020002 302020002 022020002 222020002 322020002 032020002 232020002 332020002 003020002 203020002 303020002 023020002 223020002 323020002 033020002 233020002 333020002 000220002 200220002 300220002 020220002 220220002 320220002 030220002 230220002 330220002 002220002 202220002 302220002 022220002 222220002 322220002 032220002 232220002 332220002 003220002 203220002 303220002 023220002 223220002 323220002 033220002 233220002 333220002 000320002 200320002 300320002 020320002
1612861342,220320002 320320002 030320002 230320002 330320002 002320002 202320002 302320002 022320002 222320002 322320002 032320002 232320002 332320002 003320002 203320002 303320002 023320002 223320002 323320002 033320002 233320002 333320002 000030002 200030002 300030002 020030002 220030002 320030002 030030002 230030002 330030002 002030002 202030002 302030002 022030002 222030002 322030002 032030002 232030002 332030002 003030002 203030002 303030002 023030002 223030002 323030002 033030002 233030002 333030002 000230002 200230002 300230002 020230002 220230002 320230002 030230002 230230002 330230002 002230002 202230002 302230002 022230002 222230002 322230002 032230002 232230002 332230002 003230002 203230002 303230002 023230002 223230002 323230002 033230002 233230002 333230002 000330002 200330002 300330002 020330002 220330002 320330002 030330002 230330002 330330002 002330002 202330002 302330002 022330002 222330002 322330002 032330002 232330002 332330002 003330002 203330002 303330002 023330002 223330002
2089364808,323330002 033330002 233330002 333330002 000002002 200002002 300002002 020002002 220002002 320002002 030002002 230002002 330002002 002002002 202002002 302002002 022002002 222002002 322002002 032002002 232002002 332002002 003002002 203002002 303002002 023002002 223002002 323002002 033002002 233002002 333002002 000202002 200202002 300202002 020202002 220202002 320202002 030202002 230202002 330202002 002202002 202202002 302202002 022202002 222202002 322202002 032202002 232202002 332202002 003202002 203202002 303202002 023202002 223202002 323202002 033202002 233202002 333202002 000302002 200302002 300302002 020302002 220302002 320302002 030302002 230302002 330302002 002302002 202302002 302302002 022302002 222302002 322302002 032302002 232302002 332302002 003302002 203302002 303302002 023302002 223302002 323302002 033302002 233302002 333302002 000022002 200022002 300022002 020022002 220022002 320022002 030022002 230022002 330022002 002022002 202022002 302022002 022022002 222022002 322022002
1272100697,032022002 232022002 332022002 003022002 203022002 303022002 023022002 223022002 323022002 033022002 233022002 333022002 000222002 200222002 300222002 020222002 220222002 320222002 030222002 230222002 330222002 002222002 202222002 302222002 022222002 222222002 322222002 032222002 232222002 332222002 003222002 203222002 303222002 023222002 223222002 323222002 033222002 233222002 333222002 000322002 200322002 300322002 020322002 220322002 320322002 030322002 230322002 330322002 002322002 202322002 302322002 022322002 222322002 322322002 032322002 232322002 332322002 003322002 203322002 303322002 023322002 223322002 323322002 033322002 233322002 333322002 000032002 200032002 300032002 020032002 220032002 320032002 030032002 230032002 330032002 002032002 202032002 302032002 022032002 222032002 322032002 032032002 232032002 332032002 003032002 203032002 303032002 023032002 223032002 323032002 033032002 233032002 333032002 000232002 200232002 300232002 020232002 220232002 320232002 030232002
230278265,230232002 330232002 002232002 202232002 302232002 022232002 222232002 322232002 032232002 232232002 332232002 003232002 203232002 303232002 023232002 223232002 323232002 033232002 233232002 333232002 000332002 200332002 300332002 020332002 220332002 320332002 030332002 230332002 330332002 002332002 202332002 302332002 022332002 222332002 322332002 032332002 232332002 332332002 003332002 203332002 303332002 023332002 223332002 323332002 033332002 233332002 333332002 000003002 200003002 300003002 020003002 220003002 320003002 030003002 230003002 330003002 002003002 202003002 302003002 022003002 222003002 322003002 032003002 232003002 332003002 003003002 203003002 303003002 023003002 223003002 323003002 033003002 233003002 333003002 000203002 200203002 300203002 020203002 220203002 320203002 030203002 230203002 330203002 002203002 202203002 302203002 022203002 222203002 322203002 032203002 232203002 332203002 003203002 203203002 303203002 023203002 223203002 323203002 033203002 233203002
1185914621,333203002 000303002 200303002 300303002 020303002 220303002 320303002 030303002 230303002 330303002 002303002 202303002 302303002 022303002 222303002 322303002 032303002 232303002 332303002 003303002 203303002 303303002 023303002 223303002 323303002 033303002 233303002 333303002 000023002 200023002 300023002 020023002 220023002 320023002 030023002 230023002 330023002 002023002 202023002 302023002 022023002 222023002 322023002 032023002 232023002 332023002 003023002 203023002 303023002 023023002 223023002 323023002 033023002 233023002 333023002 000223002 200223002 300223002 020223002 220223002 320223002 030223002 230223002 330223002 002223002 202223002 302223002 022223002 222223002 322223002 032223002 232223002 332223002 003223002 203223002 303223002 023223002 223223002 323223002 033223002 233223002 333223002 000323002 200323002 300323002 020323002 220323002 320323002 030323002 230323002 330323002 002323002 202323002 302323002 022323002 222323002 322323002 032323002 232323002 332323002
918064937,003323002 203323002 303323002 023323002 223323002 323323002 033323002 233323002 333323002 000033002 200033002 300033002 020033002 220033002 320033002 030033002 230033002 330033002 002033002 202033002 302033002 022033002 222033002 322033002 032033002 232033002 332033002 003033002 203033002 303033002 023033002 223033002 323033002 033033002 233033002 333033002 000233002 200233002 300233002 020233002 220233002 320233002 030233002 230233002 330233002 002233002 202233002 302233002 022233002 222233002 322233002 032233002 232233002 332233002 003233002 203233002 303233002 023233002 223233002 323233002 033233002 233233002 333233002 000333002 200333002 300333002 020333002 220333002 320333002 030333002 230333002 330333002 002333002 202333002 302333002 022333002 222333002 322333002 032333002 232333002 332333002 003333002 203333002 303333002 023333002 223333002 323333002 033333002 233333002 333333002 000000202 200000202 300000202 020000202 220000202 320000202 030000202 230000202 330000202 002000202
1808849072,202000202 302000202 022000202 222000202 322000202 032000202 232000202 332000202 003000202 203000202 303000202 023000202 223000202 323000202 033000202 233000202 333000202 000200202 200200202 300200202 020200202 220200202 320200202 030200202 230200202 330200202 002200202 202200202 302200202 022200202 222200202 322200202 032200202 232200202 332200202 003200202 203200202 303200202 023200202 223200202 323200202 033200202 233200202 333200202 000300202 200300202 300300202 020300202 220300202 320300202 030300202 230300202 330300202 002300202 202300202 302300202 022300202 222300202 322300202 032300202 232300202 332300202 003300202 203300202 303300202 023300202 223300202 323300202 033300202 233300202 333300202 000020202 200020202 300020202 020020202 220020202 320020202 030020202 230020202 330020202 002020202 202020202 302020202 022020202 222020202 322020202 032020202 232020202 332020202 003020202 203020202 303020202 023020202 223020202 323020202 033020202 233020202 333020202 000220202 200220202
421367727,300220202 020220202 220220202 320220202 030220202 230220202 330220202 002220202 202220202 302220202 022220202 222220202 322220202 032220202 232220202 332220202 003220202 203220202 303220202 023220202 223220202 323220202 033220202 233220202 333220202 000320202 200320202 300320202 020320202 220320202 320320202 030320202 230320202 330320202 002320202 202320202 302320202 022320202 222320202 322320202 032320202 232320202 332320202 003320202 203320202 303320202 023320202 223320202 323320202 033320202 233320202 333320202 000030202 200030202 300030202 020030202 220030202 320030202 030030202 230030202 330030202 002030202 202030202 302030202 022030202 222030202 322030202 032030202 232030202 332030202 003030202 203030202 303030202 023030202 223030202 323030202 033030202 233030202 333030202 000230202 200230202 300230202 020230202 220230202 320230202 030230202 230230202 330230202 002230202 202230202 302230202 022230202 222230202 322230202 032230202 232230202 332230202 003230202 203230202 303230202
19602284,023230202 223230202 323230202 033230202 233230202 333230202 000330202 200330202 300330202 020330202 220330202 320330202 030330202 230330202 330330202 002330202 202330202 302330202 022330202 222330202 322330202 032330202 232330202 332330202 003330202 203330202 303330202 023330202 223330202 323330202 033330202 233330202 333330202 000002202 200002202 300002202 020002202 220002202 320002202 030002202 230002202 330002202 002002202 202002202 302002202 022002202 222002202 322002202 032002202 232002202 332002202 003002202 203002202 303002202 023002202 223002202 323002202 033002202 233002202 333002202 000202202 200202202 300202202 020202202 220202202 320202202 030202202 230202202 330202202 002202202 202202202 302202202 022202202 222202202 322202202 032202202 232202202 332202202 003202202 203202202 303202202 023202202 223202202 323202202 033202202 233202202 333202202 000302202 200302202 300302202 020302202 220302202 320302202 030302202 230302202 330302202 002302202 202302202 302302202 022302202
233192284,222302202 322302202 032302202 232302202 332302202 003302202 203302202 303302202 023302202 223302202 323302202 033302202 233302202 333302202 000022202 200022202 300022202 020022202 220022202 320022202 030022202 230022202 330022202 002022202 202022202 302022202 022022202 222022202 322022202 032022202 232022202 332022202 003022202 203022202 303022202 023022202 223022202 323022202 033022202 233022202 333022202 000222202 200222202 300222202 020222202 220222202 320222202 030222202 230222202 330222202 002222202 202222202 302222202 022222202 222222202 322222202 032222202 232222202 332222202 003222202 203222202 303222202 023222202 223222202 323222202 033222202 233222202 333222202 000322202 200322202 300322202 020322202 220322202 320322202 030322202 230322202 330322202 002322202 202322202 302322202 022322202 222322202 322322202 032322202 232322202 332322202 003322202 203322202 303322202 023322202 223322202 323322202 033322202 233322202 333322202 000032202 200032202 300032202 020032202 220032202
500869105,320032202 030032202 230032202 330032202 002032202 202032202 302032202 022032202 222032202 322032202 032032202 232032202 332032202 003032202 203032202 303032202 023032202 223032202 323032202 033032202 233032202 333032202 000232202 200232202 300232202 020232202 220232202 320232202 030232202 230232202 330232202 002232202 202232202 302232202 022232202 222232202 322232202 032232202 232232202 332232202 003232202 203232202 303232202 023232202 223232202 323232202 033232202 233232202 333232202 000332202 200332202 300332202 020332202 220332202 320332202 030332202 230332202 330332202 002332202 202332202 302332202 022332202 222332202 322332202 032332202 232332202 332332202 003332202 203332202 303332202 023332202 223332202 323332202 033332202 233332202 333332202 000003202 200003202 300003202 020003202 220003202 320003202 030003202 230003202 330003202 002003202 202003202 302003202 022003202 222003202 322003202 032003202 232003202 332003202 003003202 203003202 303003202 023003202 223003202 323003202
726810990,033003202 233003202 333003202 000203202 200203202 300203202 020203202 220203202 320203202 030203202 230203202 330203202 002203202 202203202 302203202 022203202 222203202 322203202 032203202 232203202 332203202 003203202 203203202 303203202 023203202 223203202 323203202 033203202 233203202 333203202 000303202 200303202 300303202 020303202 220303202 320303202 030303202 230303202 330303202 002303202 202303202 302303202 022303202 222303202 322303202 032303202 232303202 332303202 003303202 203303202 303303202 023303202 223303202 323303202 033303202 233303202 333303202 000023202 200023202 300023202 020023202 220023202 320023202 030023202 230023202 330023202 002023202 202023202 302023202 022023202 222023202 322023202 032023202 232023202 332023202 003023202 203023202 303023202 023023202 223023202 323023202 033023202 233023202 333023202 000223202 200223202 300223202 020223202 220223202 320223202 030223202 230223202 330223202 002223202 202223202 302223202 022223202 222223202 322223202 032223202
1654192245,232223202 332223202 003223202 203223202 303223202 023223202 223223202 323223202 033223202 233223202 333223202 000323202 200323202 300323202 020323202 220323202 320323202 030323202 230323202 330323202 002323202 202323202 302323202 022323202 222323202 322323202 032323202 232323202 332323202 003323202 203323202 303323202 023323202 223323202 323323202 033323202 233323202 333323202 000033202 200033202 300033202 020033202 220033202 320033202 030033202 230033202 330033202 002033202 202033202 302033202 022033202 222033202 322033202 032033202 232033202 332033202 003033202 203033202 303033202 023033202 223033202 323033202 033033202 233033202 333033202 000233202 200233202 300233202 020233202 220233202 320233202 030233202 230233202 330233202 002233202 202233202 302233202 022233202 222233202 322233202 032233202 232233202 332233202 003233202 203233202 303233202 023233202 223233202 323233202 033233202 233233202 333233202 000333202 200333202 300333202 020333202 220333202 320333202 030333202 230333202
1980291145,330333202 002333202 202333202 302333202 022333202 222333202 322333202 032333202 232333202 332333202 003333202 203333202 303333202 023333202 223333202 323333202 033333202 233333202 333333202 000000302 200000302 300000302 020000302 220000302 320000302 030000302 230000302 330000302 002000302 202000302 302000302 022000302 222000302 322000302 032000302 232000302 332000302 003000302 203000302 303000302 023000302 223000302 323000302 033000302 233000302 333000302 000200302 200200302 300200302 020200302 220200302 320200302 030200302 230200302 330200302 002200302 202200302 302200302 022200302 222200302 322200302 032200302 232200302 332200302 003200302 203200302 303200302 023200302 223200302 323200302 033200302 233200302 333200302 000300302 200300302 300300302 020300302 220300302 320300302 030300302 230300302 330300302 002300302 202300302 302300302 022300302 222300302 322300302 032300302 232300302 332300302 003300302 203300302 303300302 023300302 223300302 323300302 033300302 233300302 333300302
903262941,000020302 200020302 300020302 020020302 220020302 320020302 030020302 230020302 330020302 002020302 202020302 302020302 022020302 222020302 322020302 032020302 232020302 332020302 003020302 203020302 303020302 023020302 223020302 323020302 033020302 233020302 333020302 000220302 200220302 300220302 020220302 220220302 320220302 030220302 230220302 330220302 002220302 202220302 302220302 022220302 222220302 322220302 032220302 232220302 332220302 003220302 203220302 303220302 023220302 223220302 323220302 033220302 233220302 333220302 000320302 200320302 300320302 020320302 220320302 320320302 030320302 230320302 330320302 002320302 202320302 302320302 022320302 222320302 322320302 032320302 232320302 332320302 003320302 203320302 303320302 023320302 223320302 323320302 033320302 233320302 333320302 000030302 200030302 300030302 020030302 220030302 320030302 030030302 230030302 330030302 002030302 202030302 302030302 022030302 222030302 322030302 032030302 232030302 332030302 003030302
2005722776,203030302 303030302 023030302 223030302 323030302 033030302 233030302 333030302 000230302 200230302 300230302 020230302 220230302 320230302 030230302 230230302 330230302 002230302 202230302 302230302 022230302 222230302 322230302 032230302 232230302 332230302 003230302 203230302 303230302 023230302 223230302 323230302 033230302 233230302 333230302 000330302 200330302 300330302 020330302 220330302 320330302 030330302 230330302 330330302 002330302 202330302 302330302 022330302 222330302 322330302 032330302 232330302 332330302 003330302 203330302 303330302 023330302 223330302 323330302 033330302 233330302 333330302 000002302 200002302 300002302 020002302 220002302 320002302 030002302 230002302 330002302 002002302 202002302 302002302 022002302 222002302 322002302 032002302 232002302 332002302 003002302 203002302 303002302 023002302 223002302 323002302 033002302 233002302 333002302 000202302 200202302 300202302 020202302 220202302 320202302 030202302 230202302 330202302 002202302 202202302
390649887,302202302 022202302 222202302 322202302 032202302 232202302 332202302 003202302 203202302 303202302 023202302 223202302 323202302 033202302 233202302 333202302 000302302 200302302 300302302 020302302 220302302 320302302 030302302 230302302 330302302 002302302 202302302 302302302 022302302 222302302 322302302 032302302 232302302 332302302 003302302 203302302 303302302 023302302 223302302 323302302 033302302 233302302 333302302 000022302 200022302 300022302 020022302 220022302 320022302 030022302 230022302 330022302 002022302 202022302 302022302 022022302 222022302 322022302 032022302 232022302 332022302 003022302 203022302 303022302 023022302 223022302 323022302 033022302 233022302 333022302 000222302 200222302 300222302 020222302 220222302 320222302 030222302 230222302 330222302 002222302 202222302 302222302 022222302 222222302 322222302 032222302 232222302 332222302 003222302 203222302 303222302 023222302 223222302 323222302 033222302 233222302 333222302 000322302 200322302 300322302
364284150,020322302 220322302 320322302 030322302 230322302 330322302 002322302 202322302 302322302 022322302 222322302 322322302 032322302 232322302 332322302 003322302 203322302 303322302 023322302 223322302 323322302 033322302 233322302 333322302 000032302 200032302 300032302 020032302 220032302 320032302 030032302 230032302 330032302 002032302 202032302 302032302 022032302 222032302 322032302 032032302 232032302 332032302 003032302 203032302 303032302 023032302 223032302 323032302 033032302 233032302 333032302 000232302 200232302 300232302 020232302 220232302 320232302 030232302 230232302 330232302 002232302 202232302 302232302 022232302 222232302 322232302 032232302 232232302 332232302 003232302 203232302 303232302 023232302 223232302 323232302 033232302 233232302 333232302 000332302 200332302 300332302 020332302 220332302 320332302 030332302 230332302 330332302 002332302 202332302 302332302 022332302 222332302 322332302 032332302 232332302 332332302 003332302 203332302 303332302 023332302
1526594479,223332302 323332302 033332302 233332302 333332302 000003302 200003302 300003302 020003302 220003302 320003302 030003302 230003302 330003302 002003302 202003302 302003302 022003302 222003302 322003302 032003302 232003302 332003302 003003302 203003302 303003302 023003302 223003302 323003302 033003302 233003302 333003302 000203302 200203302 300203302 020203302 220203302 320203302 030203302 230203302 330203302 002203302 202203302 302203302 022203302 222203302 322203302 032203302 232203302 332203302 003203302 203203302 303203302 023203302 223203302 323203302 033203302 233203302 333203302 000303302 200303302 300303302 020303302 220303302 320303302 030303302 230303302 330303302 002303302 202303302 302303302 022303302 222303302 322303302 032303302 232303302 332303302 003303302 203303302 303303302 023303302 223303302 323303302 033303302 233303302 333303302 000023302 200023302 300023302 020023302 220023302 320023302 030023302 230023302 330023302 002023302 202023302 302023302 022023302 222023302
476907647,322023302 032023302 232023302 332023302 003023302 203023302 303023302 023023302 223023302 323023302 033023302 233023302 333023302 000223302 200223302 300223302 020223302 220223302 320223302 030223302 230223302 330223302 002223302 202223302 302223302 022223302 222223302 322223302 032223302 232223302 332223302 003223302 203223302 303223302 023223302 223223302 323223302 033223302 233223302 333223302 000323302 200323302 300323302 020323302 220323302 320323302 030323302 230323302 330323302 002323302 202323302 302323302 022323302 222323302 322323302 032323302 232323302 332323302 003323302 203323302 303323302 023323302 223323302 323323302 033323302 233323302 333323302 000033302 200033302 300033302 020033302 220033302 320033302 030033302 230033302 330033302 002033302 202033302 302033302 022033302 222033302 322033302 032033302 232033302 332033302 003033302 203033302 303033302 023033302 223033302 323033302 033033302 233033302 333033302 000233302 200233302 300233302 020233302 220233302 320233302
872968413,030233302 230233302 330233302 002233302 202233302 302233302 022233302 222233302 322233302 032233302 232233302 332233302 003233302 203233302 303233302 023233302 223233302 323233302 033233302 233233302 333233302 000333302 200333302 300333302 020333302 220333302 320333302 030333302 230333302 330333302 002333302 202333302 302333302 022333302 222333302 322333302 032333302 232333302 332333302 003333302 203333302 303333302 023333302 223333302 323333302 033333302 233333302 333333302 000000022 200000022 300000022 020000022 220000022 320000022 030000022 230000022 330000022 002000022 202000022 302000022 022000022 222000022 322000022 032000022 232000022 332000022 003000022 203000022 303000022 023000022 223000022 323000022 033000022 233000022 333000022 000200022 200200022 300200022 020200022 220200022 320200022 030200022 230200022 330200022 002200022 202200022 302200022 022200022 222200022 322200022 032200022 232200022 332200022 003200022 203200022 303200022 023200022 223200022 323200022 033200022
1232368162,233200022 333200022 000300022 200300022 300300022 020300022 220300022 320300022 030300022 230300022 330300022 002300022 202300022 302300022 022300022 222300022 322300022 032300022 232300022 332300022 003300022 203300022 303300022 023300022 223300022 323300022 033300022 233300022 333300022 000020022 200020022 300020022 020020022 220020022 320020022 030020022 230020022 330020022 002020022 202020022 302020022 022020022 222020022 322020022 032020022 232020022 332020022 003020022 203020022 303020022 023020022 223020022 323020022 033020022 233020022 333020022 000220022 200220022 300220022 020220022 220220022 320220022 030220022 230220022 330220022 002220022 202220022 302220022 022220022 222220022 322220022 032220022 232220022 332220022 003220022 203220022 303220022 023220022 223220022 323220022 033220022 233220022 333220022 000320022 200320022 300320022 020320022 220320022 320320022 030320022 230320022 330320022 002320022 202320022 302320022 022320022 222320022 322320022 032320022 232320022
395882252,332320022 003320022 203320022 303320022 023320022 223320022 323320022 033320022 233320022 333320022 000030022 200030022 300030022 020030022 220030022 320030022 030030022 230030022 330030022 002030022 202030022 302030022 022030022 222030022 322030022 032030022 232030022 332030022 003030022 203030022 303030022 023030022 223030022 323030022 033030022 233030022 333030022 000230022 200230022 300230022 020230022 220230022 320230022 030230022 230230022 330230022 002230022 202230022 302230022 022230022 222230022 322230022 032230022 232230022 332230022 003230022 203230022 303230022 023230022 223230022 323230022 033230022 233230022 333230022 000330022 200330022 300330022 020330022 220330022 320330022 030330022 230330022 330330022 002330022 202330022 302330022 022330022 222330022 322330022 032330022 232330022 332330022 003330022 203330022 303330022 023330022 223330022 323330022 033330022 233330022 333330022 000002022 200002022 300002022 020002022 220002022 320002022 030002022 230002022 330002022
1465106487,002002022 202002022 302002022 022002022 222002022 322002022 032002022 232002022 332002022 003002022 203002022 303002022 023002022 223002022 323002022 033002022 233002022 333002022 000202022 200202022 300202022 020202022 220202022 320202022 030202022 230202022 330202022 002202022 202202022 302202022 022202022 222202022 322202022 032202022 232202022 332202022 003202022 203202022 303202022 023202022 223202022 323202022 033202022 233202022 333202022 000302022 200302022 300302022 020302022 220302022 320302022 030302022 230302022 330302022 002302022 202302022 302302022 022302022 222302022 322302022 032302022 232302022 332302022 003302022 203302022 303302022 023302022 223302022 323302022 033302022 233302022 333302022 000022022 200022022 300022022 020022022 220022022 320022022 030022022 230022022 330022022 002022022 202022022 302022022 022022022 222022022 322022022 032022022 232022022 332022022 003022022 203022022 303022022 023022022 223022022 323022022 033022022 233022022 333022022 000222022
32815375,200222022 300222022 020222022 220222022 320222022 030222022 230222022 330222022 002222022 202222022 302222022 022222022 222222022 322222022 032222022 232222022 332222022 003222022 203222022 303222022 023222022 223222022 323222022 033222022 233222022 333222022 000322022 200322022 300322022 020322022 220322022 320322022 030322022 230322022 330322022 002322022 202322022 302322022 022322022 222322022 322322022 032322022 232322022 332322022 003322022 203322022 303322022 023322022 223322022 323322022 033322022 233322022 333322022 000032022 200032022 300032022 020032022 220032022 320032022 030032022 230032022 330032022 002032022 202032022 302032022 022032022 222032022 322032022 032032022 232032022 332032022 003032022 203032022 303032022 023032022 223032022 323032022 033032022 233032022 333032022 000232022 200232022 300232022 020232022 220232022 320232022 030232022 230232022 330232022 002232022 202232022 302232022 022232022 222232022 322232022 032232022 232232022 332232022 003232022 203232022
835210589,303232022 023232022 223232022 323232022 033232022 233232022 333232022 000332022 200332022 300332022 020332022 220332022 320332022 030332022 230332022 330332022 002332022 202332022 302332022 022332022 222332022 322332022 032332022 232332022 332332022 003332022 203332022 303332022 023332022 223332022 323332022 033332022 233332022 333332022 000003022 200003022 300003022 020003022 220003022 320003022 030003022 230003022 330003022 002003022 202003022 302003022 022003022 222003022 322003022 032003022 232003022 332003022 003003022 203003022 303003022 023003022 223003022 323003022 033003022 233003022 333003022 000203022 200203022 300203022 020203022 220203022 320203022 030203022 230203022 330203022 002203022 202203022 302203022 022203022 222203022 322203022 032203022 232203022 332203022 003203022 203203022 303203022 023203022 223203022 323203022 033203022 233203022 333203022 000303022 200303022 300303022 020303022 220303022 320303022 030303022 230303022 330303022 002303022 202303022 302303022
2076506811,022303022 222303022 322303022 032303022 232303022 332303022 003303022 203303022 303303022 023303022 223303022 323303022 033303022 233303022 333303022 000023022 200023022 300023022 020023022 220023022 320023022 030023022 230023022 330023022 002023022 202023022 302023022 022023022 222023022 322023022 032023022 232023022 332023022 003023022 203023022 303023022 023023022 223023022 323023022 033023022 233023022 333023022 000223022 200223022 300223022 020223022 220223022 320223022 030223022 230223022 330223022 002223022 202223022 302223022 022223022 222223022 322223022 032223022 232223022 332223022 003223022 203223022 303223022 023223022 223223022 323223022 033223022 233223022 333223022 000323022 200323022 300323022 020323022 220323022 320323022 030323022 230323022 330323022 002323022 202323022 302323022 022323022 222323022 322323022 032323022 232323022 332323022 003323022 203323022 303323022 023323022 223323022 323323022 033323022 233323022 333323022 000033022 200033022 300033022 020033022
175112783,220033022 320033022 030033022 230033022 330033022 002033022 202033022 302033022 022033022 222033022 322033022 032033022 232033022 332033022 003033022 203033022 303033022 023033022 223033022 323033022 033033022 233033022 333033022 000233022 200233022 300233022 020233022 220233022 320233022 030233022 230233022 330233022 002233022 202233022 302233022 022233022 222233022 322233022 032233022 232233022 332233022 003233022 203233022 303233022 023233022 223233022 323233022 033233022 233233022 333233022 000333022 200333022 300333022 020333022 220333022 320333022 030333022 230333022 330333022 002333022 202333022 302333022 022333022 222333022 322333022 032333022 232333022 332333022 003333022 203333022 303333022 023333022 223333022 323333022 033333022 233333022 333333022 000000222 200000222 300000222 020000222 220000222 320000222 030000222 230000222 330000222 002000222 202000222 302000222 022000222 222000222 322000222 032000222 232000222 332000222 003000222 203000222 303000222 023000222 223000222
1118983040,323000222 033000222 233000222 333000222 000200222 200200222 300200222 020200222 220200222 320200222 030200222 230200222 330200222 002200222 202200222 302200222 022200222 222200222 322200222 032200222 232200222 332200222 003200222 203200222 303200222 023200222 223200222 323200222 033200222 233200222 333200222 000300222 200300222 300300222 020300222 220300222 320300222 030300222 230300222 330300222 002300222 202300222 302300222 022300222 222300222 322300222 032300222 232300222 332300222 003300222 203300222 303300222 023300222 223300222 323300222 033300222 233300222 333300222 000020222 200020222 300020222 020020222 220020222 320020222 030020222 230020222 330020222 002020222 202020222 302020222 022020222 222020222 322020222 032020222 232020222 332020222 003020222 203020222 303020222 023020222 223020222 323020222 033020222 233020222 333020222 000220222 200220222 300220222 020220222 220220222 320220222 030220222 230220222 330220222 002220222 202220222 302220222 022220222 222220222 322220222
1116684646,032220222 232220222 332220222 003220222 203220222 303220222 023220222 223220222 323220222 033220222 233220222 333220222 000320222 200320222 300320222 020320222 220320222 320320222 030320222 230320222 330320222 002320222 202320222 302320222 022320222 222320222 322320222 032320222 232320222 332320222 003320222 203320222 303320222 023320222 223320222 323320222 033320222 233320222 333320222 000030222 200030222 300030222 020030222 220030222 320030222 030030222 230030222 330030222 002030222 202030222 302030222 022030222 222030222 322030222 032030222 232030222 332030222 003030222 203030222 303030222 023030222 223030222 323030222 033030222 233030222 333030222 000230222 200230222 300230222 020230222 220230222 320230222 030230222 230230222 330230222 002230222 202230222 302230222 022230222 222230222 322230222 032230222 232230222 332230222 003230222 203230222 303230222 023230222 223230222 323230222 033230222 233230222 333230222 000330222 200330222 300330222 020330222 220330222 320330222 030330222
827006898,230330222 330330222 002330222 202330222 302330222 022330222 222330222 322330222 032330222 232330222 332330222 003330222 203330222 303330222 023330222 223330222 323330222 033330222 233330222 333330222 000002222 200002222 300002222 020002222 220002222 320002222 030002222 230002222 330002222 002002222 202002222 302002222 022002222 222002222 322002222 032002222 232002222 332002222 003002222 203002222 303002222 023002222 223002222 323002222 033002222 233002222 333002222 000202222 200202222 300202222 020202222 220202222 320202222 030202222 230202222 330202222 002202222 202202222 302202222 022202222 222202222 322202222 032202222 232202222 332202222 003202222 203202222 303202222 023202222 223202222 323202222 033202222 233202222 333202222 000302222 200302222 300302222 020302222 220302222 320302222 030302222 230302222 330302222 002302222 202302222 302302222 022302222 222302222 322302222 032302222 232302222 332302222 003302222 203302222 303302222 023302222 223302222 323302222 033302222 233302222
2089733563,333302222 000022222 200022222 300022222 020022222 220022222 320022222 030022222 230022222 330022222 002022222 202022222 302022222 022022222 222022222 322022222 032022222 232022222 332022222 003022222 203022222 303022222 023022222 223022222 323022222 033022222 233022222 333022222 000222222 200222222 300222222 020222222 220222222 320222222 030222222 230222222 330222222 002222222 202222222 302222222 022222222 222222222 322222222 032222222 232222222 332222222 003222222 203222222 303222222 023222222 223222222 323222222 033222222 233222222 333222222 000322222 200322222 300322222 020322222 220322222 320322222 030322222 230322222 330322222 002322222 202322222 302322222 022322222 222322222 322322222 032322222 232322222 332322222 003322222 203322222 303322222 023322222 223322222 323322222 033322222 233322222 333322222 000032222 200032222 300032222 020032222 220032222 320032222 030032222 230032222 330032222 002032222 202032222 302032222 022032222 222032222 322032222 032032222 232032222 332032222
204310163,003032222 203032222 303032222 023032222 223032222 323032222 033032222 233032222 333032222 000232222 200232222 300232222 020232222 220232222 320232222 030232222 230232222 330232222 002232222 202232222 302232222 022232222 222232222 322232222 032232222 232232222 332232222 003232222 203232222 303232222 023232222 223232222 323232222 033232222 233232222 333232222 000332222 200332222 300332222 020332222 220332222 320332222 030332222 230332222 330332222 002332222 202332222 302332222 022332222 222332222 322332222 032332222 232332222 332332222 003332222 203332222 303332222 023332222 223332222 323332222 033332222 233332222 333332222 000003222 200003222 300003222 020003222 220003222 320003222 030003222 230003222 330003222 002003222 202003222 302003222 022003222 222003222 322003222 032003222 232003222 332003222 003003222 203003222 303003222 023003222 223003222 323003222 033003222 233003222 333003222 000203222 200203222 300203222 020203222 220203222 320203222 030203222 230203222 330203222 002203222
1305496732,202203222 302203222 022203222 222203222 322203222 032203222 232203222 332203222 003203222 203203222 303203222 023203222 223203222 323203222 033203222 233203222 333203222 000303222 200303222 300303222 020303222 220303222 320303222 030303222 230303222 330303222 002303222 202303222 302303222 022303222 222303222 322303222 032303222 232303222 332303222 003303222 203303222 303303222 023303222 223303222 323303222 033303222 233303222 333303222 000023222 200023222 300023222 020023222 220023222 320023222 030023222 230023222 330023222 002023222 202023222 302023222 022023222 222023222 322023222 032023222 232023222 332023222 003023222 203023222 303023222 023023222 223023222 323023222 033023222 233023222 333023222 000223222 200223222 300223222 020223222 220223222 320223222 030223222 230223222 330223222 002223222 202223222 302223222 022223222 222223222 322223222 032223222 232223222 332223222 003223222 203223222 303223222 023223222 223223222 323223222 033223222 233223222 333223222 000323222 200323222
625918328,300323222 020323222 220323222 320323222 030323222 230323222 330323222 002323222 202323222 302323222 022323222 222323222 322323222 032323222 232323222 332323222 003323222 203323222 303323222 023323222 223323222 323323222 033323222 233323222 333323222 000033222 200033222 300033222 020033222 220033222 320033222 030033222 230033222 330033222 002033222 202033222 302033222 022033222 222033222 322033222 032033222 232033222 332033222 003033222 203033222 303033222 023033222 223033222 323033222 033033222 233033222 333033222 000233222 200233222 300233222 020233222 220233222 320233222 030233222 230233222 330233222 002233222 202233222 302233222 022233222 222233222 322233222 032233222 232233222 332233222 003233222 203233222 303233222 023233222 223233222 323233222 033233222 233233222 333233222 000333222 200333222 300333222 020333222 220333222 320333222 030333222 230333222 330333222 002333222 202333222 302333222 022333222 222333222 322333222 032333222 232333222 332333222 003333222 203333222 303333222
1717336479,023333222 223333222 323333222 033333222 233333222 333333222 000000322 200000322 300000322 020000322 220000322 320000322 030000322 230000322 330000322 002000322 202000322 302000322 022000322 222000322 322000322 032000322 232000322 332000322 003000322 203000322 303000322 023000322 223000322 323000322 033000322 233000322 333000322 000200322 200200322 300200322 020200322 220200322 320200322 030200322 230200322 330200322 002200322 202200322 302200322 022200322 222200322 322200322 032200322 232200322 332200322 003200322 203200322 303200322 023200322 223200322 323200322 033200322 233200322 333200322 000300322 200300322 300300322 020300322 220300322 320300322 030300322 230300322 330300322 002300322 202300322 302300322 022300322 222300322 322300322 032300322 232300322 332300322 003300322 203300322 303300322 023300322 223300322 323300322 033300322 233300322 333300322 000020322 200020322 300020322 020020322 220020322 320020322 030020322 230020322 330020322 002020322 202020322 302020322 022020322
1174468155,222020322 322020322 032020322 232020322 332020322 003020322 203020322 303020322 023020322 223020322 323020322 033020322 233020322 333020322 000220322 200220322 300220322 020220322 220220322 320220322 030220322 230220322 330220322 002220322 202220322 302220322 022220322 222220322 322220322 032220322 232220322 332220322 003220322 203220322 303220322 023220322 223220322 323220322 033220322 233220322 333220322 000320322 200320322 300320322 020320322 220320322 320320322 030320322 230320322 330320322 002320322 202320322 302320322 022320322 222320322 322320322 032320322 232320322 332320322 003320322 203320322 303320322 023320322 223320322 323320322 033320322 233320322 333320322 000030322 200030322 300030322 020030322 220030322 320030322 030030322 230030322 330030322 002030322 202030322 302030322 022030322 222030322 322030322 032030322 232030322 332030322 003030322 203030322 303030322 023030322 223030322 323030322 033030322 233030322 333030322 000230322 200230322 300230322 020230322 220230322
1661121821,320230322 030230322 230230322 330230322 002230322 202230322 302230322 022230322 222230322 322230322 032230322 232230322 332230322 003230322 203230322 303230322 023230322 223230322 323230322 033230322 233230322 333230322 000330322 200330322 300330322 020330322 220330322 320330322 030330322 230330322 330330322 002330322 202330322 302330322 022330322 222330322 322330322 032330322 232330322 332330322 003330322 203330322 303330322 023330322 223330322 323330322 033330322 233330322 333330322 000002322 200002322 300002322 020002322 220002322 320002322 030002322 230002322 330002322 002002322 202002322 302002322 022002322 222002322 322002322 032002322 232002322 332002322 003002322 203002322 303002322 023002322 223002322 323002322 033002322 233002322 333002322 000202322 200202322 300202322 020202322 220202322 320202322 030202322 230202322 330202322 002202322 202202322 302202322 022202322 222202322 322202322 032202322 232202322 332202322 003202322 203202322 303202322 023202322 223202322 323202322
45548193,033202322 233202322 333202322 000302322 200302322 300302322 020302322 220302322 320302322 030302322 230302322 330302322 002302322 202302322 302302322 022302322 222302322 322302322 032302322 232302322 332302322 003302322 203302322 303302322 023302322 223302322 323302322 033302322 233302322 333302322 000022322 200022322 300022322 020022322 220022322 320022322 030022322 230022322 330022322 002022322 202022322 302022322 022022322 222022322 322022322 032022322 232022322 332022322 003022322 203022322 303022322 023022322 223022322 323022322 033022322 233022322 333022322 000222322 200222322 300222322 020222322 220222322 320222322 030222322 230222322 330222322 002222322 202222322 302222322 022222322 222222322 322222322 032222322 232222322 332222322 003222322 203222322 303222322 023222322 223222322 323222322 033222322 233222322 333222322 000322322 200322322 300322322 020322322 220322322 320322322 030322322 230322322 330322322 002322322 202322322 302322322 022322322 222322322 322322322 032322322
658518004,232322322 332322322 003322322 203322322 303322322 023322322 223322322 323322322 033322322 233322322 333322322 000032322 200032322 300032322 020032322 220032322 320032322 030032322 230032322 330032322 002032322 202032322 302032322 022032322 222032322 322032322 032032322 232032322 332032322 003032322 203032322 303032322 023032322 223032322 323032322 033032322 233032322 333032322 000232322 200232322 300232322 020232322 220232322 320232322 030232322 230232322 330232322 002232322 202232322 302232322 022232322 222232322 322232322 032232322 232232322 332232322 003232322 203232322 303232322 023232322 223232322 323232322 033232322 233232322 333232322 000332322 200332322 300332322 020332322 220332322 320332322 030332322 230332322 330332322 002332322 202332322 302332322 022332322 222332322 322332322 032332322 232332322 332332322 003332322 203332322 303332322 023332322 223332322 323332322 033332322 233332322 333332322 000003322 200003322 300003322 020003322 220003322 320003322 030003322 230003322
896458753,330003322 002003322 202003322 302003322 022003322 222003322 322003322 032003322 232003322 332003322 003003322 203003322 303003322 023003322 223003322 323003322 033003322 233003322 333003322 000203322 200203322 300203322 020203322 220203322 320203322 030203322 230203322 330203322 002203322 202203322 302203322 022203322 222203322 322203322 032203322 232203322 332203322 003203322 203203322 303203322 023203322 223203322 323203322 033203322 233203322 333203322 000303322 200303322 300303322 020303322 220303322 320303322 030303322 230303322 330303322 002303322 202303322 302303322 022303322 222303322 322303322 032303322 232303322 332303322 003303322 203303322 303303322 023303322 223303322 323303322 033303322 233303322 333303322 000023322 200023322 300023322 020023322 220023322 320023322 030023322 230023322 330023322 002023322 202023322 302023322 022023322 222023322 322023322 032023322 232023322 332023322 003023322 203023322 303023322 023023322 223023322 323023322 033023322 233023322 333023322
1983459456,000223322 200223322 300223322 020223322 220223322 320223322 030223322 230223322 330223322 002223322 202223322 302223322 022223322 222223322 322223322 032223322 232223322 332223322 003223322 203223322 303223322 023223322 223223322 323223322 033223322 233223322 333223322 000323322 200323322 300323322 020323322 220323322 320323322 030323322 230323322 330323322 002323322 202323322 302323322 022323322 222323322 322323322 032323322 232323322 332323322 003323322 203323322 303323322 023323322 223323322 323323322 033323322 233323322 333323322 000033322 200033322 300033322 020033322 220033322 320033322 030033322 230033322 330033322 002033322 202033322 302033322 022033322 222033322 322033322 032033322 232033322 332033322 003033322 203033322 303033322 023033322 223033322 323033322 033033322 233033322 333033322 000233322 200233322 300233322 020233322 220233322 320233322 030233322 230233322 330233322 002233322 202233322 302233322 022233322 222233322 322233322 032233322 232233322 332233322 003233322
1019100686,203233322 303233322 023233322 223233322 323233322 033233322 233233322 333233322 000333322 200333322 300333322 020333322 220333322 320333322 030333322 230333322 330333322 002333322 202333322 302333322 022333322 222333322 322333322 032333322 232333322 332333322 003333322 203333322 303333322 023333322 223333322 323333322 033333322 233333322 333333322 000000032 200000032 300000032 020000032 220000032 320000032 030000032 230000032 330000032 002000032 202000032 302000032 022000032 222000032 322000032 032000032 232000032 332000032 003000032 203000032 303000032 023000032 223000032 323000032 033000032 233000032 333000032 000200032 200200032 300200032 020200032 220200032 320200032 030200032 230200032 330200032 002200032 202200032 302200032 022200032 222200032 322200032 032200032 232200032 332200032 003200032 203200032 303200032 023200032 223200032 323200032 033200032 233200032 333200032 000300032 200300032 300300032 020300032 220300032 320300032 030300032 230300032 330300032 002300032 202300032
1500593038,302300032 022300032 222300032 322300032 032300032 232300032 332300032 003300032 203300032 303300032 023300032 223300032 323300032 033300032 233300032 333300032 000020032 200020032 300020032 020020032 220020032 320020032 030020032 230020032 330020032 002020032 202020032 302020032 022020032 222020032 322020032 032020032 232020032 332020032 003020032 203020032 303020032 023020032 223020032 323020032 033020032 233020032 333020032 000220032 200220032 300220032 020220032 220220032 320220032 030220032 230220032 330220032 002220032 202220032 302220032 022220032 222220032 322220032 032220032 232220032 332220032 003220032 203220032 303220032 023220032 223220032 323220032 033220032 233220032 333220032 000320032 200320032 300320032 020320032 220320032 320320032 030320032 230320032 330320032 002320032 202320032 302320032 022320032 222320032 322320032 032320032 232320032 332320032 003320032 203320032 303320032 023320032 223320032 323320032 033320032 233320032 333320032 000030032 200030032 300030032
1277574581,020030032 220030032 320030032 030030032 230030032 330030032 002030032 202030032 302030032 022030032 222030032 322030032 032030032 232030032 332030032 003030032 203030032 303030032 023030032 223030032 323030032 033030032 233030032 333030032 000230032 200230032 300230032 020230032 220230032 320230032 030230032 230230032 330230032 002230032 202230032 302230032 022230032 222230032 322230032 032230032 232230032 332230032 003230032 203230032 303230032 023230032 223230032 323230032 033230032 233230032 333230032 000330032 200330032 300330032 020330032 220330032 320330032 030330032 230330032 330330032 002330032 202330032 302330032 022330032 222330032 322330032 032330032 232330032 332330032 003330032 203330032 303330032 023330032 223330032 323330032 033330032 233330032 333330032 000002032 200002032 300002032 020002032 220002032 320002032 030002032 230002032 330002032 002002032 202002032 302002032 022002032 222002032 322002032 032002032 232002032 332002032 003002032 203002032 303002032 023002032
1710454438,223002032 323002032 033002032 233002032 333002032 000202032 200202032 300202032 020202032 220202032 320202032 030202032 230202032 330202032 002202032 202202032 302202032 022202032 222202032 322202032 032202032 232202032 332202032 003202032 203202032 303202032 023202032 223202032 323202032 033202032 233202032 333202032 000302032 200302032 300302032 020302032 220302032 320302032 030302032 230302032 330302032 002302032 202302032 302302032 022302032 222302032 322302032 032302032 232302032 332302032 003302032 203302032 303302032 023302032 223302032 323302032 033302032 233302032 333302032 000022032 200022032 300022032 020022032 220022032 320022032 030022032 230022032 330022032 002022032 202022032 302022032 022022032 222022032 322022032 032022032 232022032 332022032 003022032 203022032 303022032 023022032 223022032 323022032 033022032 233022032 333022032 000222032 200222032 300222032 020222032 220222032 320222032 030222032 230222032 330222032 002222032 202222032 302222032 022222032 222222032
1089068415,322222032 032222032 232222032 332222032 003222032 203222032 303222032 023222032 223222032 323222032 033222032 233222032 333222032 000322032 200322032 300322032 020322032 220322032 320322032 030322032 230322032 330322032 002322032 202322032 302322032 022322032 222322032 322322032 032322032 232322032 332322032 003322032 203322032 303322032 023322032 223322032 323322032 033322032 233322032 333322032 000032032 200032032 300032032 020032032 220032032 320032032 030032032 230032032 330032032 002032032 202032032 302032032 022032032 222032032 322032032 032032032 232032032 332032032 003032032 203032032 303032032 023032032 223032032 323032032 033032032 233032032 333032032 000232032 200232032 300232032 020232032 220232032 320232032 030232032 230232032 330232032 002232032 202232032 302232032 022232032 222232032 322232032 032232032 232232032 332232032 003232032 203232032 303232032 023232032 223232032 323232032 033232032 233232032 333232032 000332032 200332032 300332032 020332032 220332032 320332032
2126258296,030332032 230332032 330332032 002332032 202332032 302332032 022332032 222332032 322332032 032332032 232332032 332332032 003332032 203332032 303332032 023332032 223332032 323332032 033332032 233332032 333332032 000003032 200003032 300003032 020003032 220003032 320003032 030003032 230003032 330003032 002003032 202003032 302003032 022003032 222003032 322003032 032003032 232003032 332003032 003003032 203003032 303003032 023003032 223003032 323003032 033003032 233003032 333003032 000203032 200203032 300203032 020203032 220203032 320203032 030203032 230203032 330203032 002203032 202203032 302203032 022203032 222203032 322203032 032203032 232203032 332203032 003203032 203203032 303203032 023203032 223203032 323203032 033203032 233203032 333203032 000303032 200303032 300303032 020303032 220303032 320303032 030303032 230303032 330303032 002303032 202303032 302303032 022303032 222303032 322303032 032303032 232303032 332303032 003303032 203303032 303303032 023303032 223303032 323303032 033303032
880294502,233303032 333303032 000023032 200023032 300023032 020023032 220023032 320023032 030023032 230023032 330023032 002023032 202023032 302023032 022023032 222023032 322023032 032023032 232023032 332023032 003023032 203023032 303023032 023023032 223023032 323023032 033023032 233023032 333023032 000223032 200223032 300223032 020223032 220223032 320223032 030223032 230223032 330223032 002223032 202223032 302223032 022223032 222223032 322223032 032223032 232223032 332223032 003223032 203223032 303223032 023223032 223223032 323223032 033223032 233223032 333223032 000323032 200323032 300323032 020323032 220323032 320323032 030323032 230323032 330323032 002323032 202323032 302323032 022323032 222323032 322323032 032323032 232323032 332323032 003323032 203323032 303323032 023323032 223323032 323323032 033323032 233323032 333323032 000033032 200033032 300033032 020033032 220033032 320033032 030033032 230033032 330033032 002033032 202033032 302033032 022033032 222033032 322033032 032033032 232033032
1018029592,332033032 003033032 203033032 303033032 023033032 223033032 323033032 033033032 233033032 333033032 000233032 200233032 300233032 020233032 220233032 320233032 030233032 230233032 330233032 002233032 202233032 302233032 022233032 222233032 322233032 032233032 232233032 332233032 003233032 203233032 303233032 023233032 223233032 323233032 033233032 233233032 333233032 000333032 200333032 300333032 020333032 220333032 320333032 030333032 230333032 330333032 002333032 202333032 302333032 022333032 222333032 322333032 032333032 232333032 332333032 003333032 203333032 303333032 023333032 223333032 323333032 033333032 233333032 333333032 000000232 200000232 300000232 020000232 220000232 320000232 030000232 230000232 330000232 002000232 202000232 302000232 022000232 222000232 322000232 032000232 232000232 332000232 003000232 203000232 303000232 023000232 223000232 323000232 033000232 233000232 333000232 000200232 200200232 300200232 020200232 220200232 320200232 030200232 230200232 330200232
215903674,002200232 202200232 302200232 022200232 222200232 322200232 032200232 232200232 332200232 003200232 203200232 303200232 023200232 223200232 323200232 033200232 233200232 333200232 000300232 200300232 300300232 020300232 220300232 320300232 030300232 230300232 330300232 002300232 202300232 302300232 022300232 222300232 322300232 032300232 232300232 332300232 003300232 203300232 303300232 023300232 223300232 323300232 033300232 233300232 333300232 000020232 200020232 300020232 020020232 220020232 320020232 030020232 230020232 330020232 002020232 202020232 302020232 022020232 222020232 322020232 032020232 232020232 332020232 003020232 203020232 303020232 023020232 223020232 323020232 033020232 233020232 333020232 000220232 200220232 300220232 020220232 220220232 320220232 030220232 230220232 330220232 002220232 202220232 302220232 022220232 222220232 322220232 032220232 232220232 332220232 003220232 203220232 303220232 023220232 223220232 323220232 033220232 233220232 333220232 000320232
1445443904,200320232 300320232 020320232 220320232 320320232 030320232 230320232 330320232 002320232 202320232 302320232 022320232 222320232 322320232 032320232 232320232 332320232 003320232 203320232 303320232 023320232 223320232 323320232 033320232 233320232 333320232 000030232 200030232 300030232 020030232 220030232 320030232 030030232 230030232 330030232 002030232 202030232 302030232 022030232 222030232 322030232 032030232 232030232 332030232 003030232 203030232 303030232 023030232 223030232 323030232 033030232 233030232 333030232 000230232 200230232 300230232 020230232 220230232 320230232 030230232 230230232 330230232 002230232 202230232 302230232 022230232 222230232 322230232 032230232 232230232 332230232 003230232 203230232 303230232 023230232 223230232 323230232 033230232 233230232 333230232 000330232 200330232 300330232 020330232 220330232 320330232 030330232 230330232 330330232 002330232 202330232 302330232 022330232 222330232 322330232 032330232 232330232 332330232 003330232 203330232
658461842,303330232 023330232 223330232 323330232 033330232 233330232 333330232 000002232 200002232 300002232 020002232 220002232 320002232 030002232 230002232 330002232 002002232 202002232 302002232 022002232 222002232 322002232 032002232 232002232 332002232 003002232 203002232 303002232 023002232 223002232 323002232 033002232 233002232 333002232 000202232 200202232 300202232 020202232 220202232 320202232 030202232 230202232 330202232 002202232 202202232 302202232 022202232 222202232 322202232 032202232 232202232 332202232 003202232 203202232 303202232 023202232 223202232 323202232 033202232 233202232 333202232 000302232 200302232 300302232 020302232 220302232 320302232 030302232 230302232 330302232 002302232 202302232 302302232 022302232 222302232 322302232 032302232 232302232 332302232 003302232 203302232 303302232 023302232 223302232 323302232 033302232 233302232 333302232 000022232 200022232 300022232 020022232 220022232 320022232 030022232 230022232 330022232 002022232 202022232 302022232
995994273,022022232 222022232 322022232 032022232 232022232 332022232 003022232 203022232 303022232 023022232 223022232 323022232 033022232 233022232 333022232 000222232 200222232 300222232 020222232 220222232 320222232 030222232 230222232 330222232 002222232 202222232 302222232 022222232 222222232 322222232 032222232 232222232 332222232 003222232 203222232 303222232 023222232 223222232 323222232 033222232 233222232 333222232 000322232 200322232 300322232 020322232 220322232 320322232 030322232 230322232 330322232 002322232 202322232 302322232 022322232 222322232 322322232 032322232 232322232 332322232 003322232 203322232 303322232 023322232 223322232 323322232 033322232 233322232 333322232 000032232 200032232 300032232 020032232 220032232 320032232 030032232 230032232 330032232 002032232 202032232 302032232 022032232 222032232 322032232 032032232 232032232 332032232 003032232 203032232 303032232 023032232 223032232 323032232 033032232 233032232 333032232 000232232 200232232 300232232 020232232
698152836,220232232 320232232 030232232 230232232 330232232 002232232 202232232 302232232 022232232 222232232 322232232 032232232 232232232 332232232 003232232 203232232 303232232 023232232 223232232 323232232 033232232 233232232 333232232 000332232 200332232 300332232 020332232 220332232 320332232 030332232 230332232 330332232 002332232 202332232 302332232 022332232 222332232 322332232 032332232 232332232 332332232 003332232 203332232 303332232 023332232 223332232 323332232 033332232 233332232 333332232 000003232 200003232 300003232 020003232 220003232 320003232 030003232 230003232 330003232 002003232 202003232 302003232 022003232 222003232 322003232 032003232 232003232 332003232 003003232 203003232 303003232 023003232 223003232 323003232 033003232 233003232 333003232 000203232 200203232 300203232 020203232 220203232 320203232 030203232 230203232 330203232 002203232 202203232 302203232 022203232 222203232 322203232 032203232 232203232 332203232 003203232 203203232 303203232 023203232 223203232
2138530305,323203232 033203232 233203232 333203232 000303232 200303232 300303232 020303232 220303232 320303232 030303232 230303232 330303232 002303232 202303232 302303232 022303232 222303232 322303232 032303232 232303232 332303232 003303232 203303232 303303232 023303232 223303232 323303232 033303232 233303232 333303232 000023232 200023232 300023232 020023232 220023232 320023232 030023232 230023232 330023232 002023232 202023232 302023232 022023232 222023232 322023232 032023232 232023232 332023232 003023232 203023232 303023232 023023232 223023232 323023232 033023232 233023232 333023232 000223232 200223232 300223232 020223232 220223232 320223232 030223232 230223232 330223232 002223232 202223232 302223232 022223232 222223232 322223232 032223232 232223232 332223232 003223232 203223232 303223232 023223232 223223232 323223232 033223232 233223232 333223232 000323232 200323232 300323232 020323232 220323232 320323232 030323232 230323232 330323232 002323232 202323232 302323232 022323232 222323232 322323232
1229163247,032323232 232323232 332323232 003323232 203323232 303323232 023323232 223323232 323323232 033323232 233323232 333323232 000033232 200033232 300033232 020033232 220033232 320033232 030033232 230033232 330033232 002033232 202033232 302033232 022033232 222033232 322033232 032033232 232033232 332033232 003033232 203033232 303033232 023033232 223033232 323033232 033033232 233033232 333033232 000233232 200233232 300233232 020233232 220233232 320233232 030233232 230233232 330233232 002233232 202233232 302233232 022233232 222233232 322233232 032233232 232233232 332233232 003233232 203233232 303233232 023233232 223233232 323233232 033233232 233233232 333233232 000333232 200333232 300333232 020333232 220333232 320333232 030333232 230333232 330333232 002333232 202333232 302333232 022333232 222333232 322333232 032333232 232333232 332333232 003333232 203333232 303333232 023333232 223333232 323333232 033333232 233333232 333333232 000000332 200000332 300000332 020000332 220000332 320000332 030000332
468472609,230000332 330000332 002000332 202000332 302000332 022000332 222000332 322000332 032000332 232000332 332000332 003000332 203000332 303000332 023000332 223000332 323000332 033000332 233000332 333000332 000200332 200200332 300200332 020200332 220200332 320200332 030200332 230200332 330200332 002200332 202200332 302200332 022200332 222200332 322200332 032200332 232200332 332200332 003200332 203200332 303200332 023200332 223200332 323200332 033200332 233200332 333200332 000300332 200300332 300300332 020300332 220300332 320300332 030300332 230300332 330300332 002300332 202300332 302300332 022300332 222300332 322300332 032300332 232300332 332300332 003300332 203300332 303300332 023300332 223300332 323300332 033300332 233300332 333300332 000020332 200020332 300020332 020020332 220020332 320020332 030020332 230020332 330020332 002020332 202020332 302020332 022020332 222020332 322020332 032020332 232020332 332020332 003020332 203020332 303020332 023020332 223020332 323020332 033020332 233020332
143095810,333020332 000220332 200220332 300220332 020220332 220220332 320220332 030220332 230220332 330220332 002220332 202220332 302220332 022220332 222220332 322220332 032220332 232220332 332220332 003220332 203220332 303220332 023220332 223220332 323220332 033220332 233220332 333220332 000320332 200320332 300320332 020320332 220320332 320320332 030320332 230320332 330320332 002320332 202320332 302320332 022320332 222320332 322320332 032320332 232320332 332320332 003320332 203320332 303320332 023320332 223320332 323320332 033320332 233320332 333320332 000030332 200030332 300030332 020030332 220030332 320030332 030030332 230030332 330030332 002030332 202030332 302030332 022030332 222030332 322030332 032030332 232030332 332030332 003030332 203030332 303030332 023030332 223030332 323030332 033030332 233030332 333030332 000230332 200230332 300230332 020230332 220230332 320230332 030230332 230230332 330230332 002230332 202230332 302230332 022230332 222230332 322230332 032230332 232230332 332230332
2063733835,003230332 203230332 303230332 023230332 223230332 323230332 033230332 233230332 333230332 000330332 200330332 300330332 020330332 220330332 320330332 030330332 230330332 330330332 002330332 202330332 302330332 022330332 222330332 322330332 032330332 232330332 332330332 003330332 203330332 303330332 023330332 223330332 323330332 033330332 233330332 333330332 000002332 200002332 300002332 020002332 220002332 320002332 030002332 230002332 330002332 002002332 202002332 302002332 022002332 222002332 322002332 032002332 232002332 332002332 003002332 203002332 303002332 023002332 223002332 323002332 033002332 233002332 333002332 000202332 200202332 300202332 020202332 220202332 320202332 030202332 230202332 330202332 002202332 202202332 302202332 022202332 222202332 322202332 032202332 232202332 332202332 003202332 203202332 303202332 023202332 223202332 323202332 033202332 233202332 333202332 000302332 200302332 300302332 020302332 220302332 320302332 030302332 230302332 330302332 002302332
2075224427,202302332 302302332 022302332 222302332 322302332 032302332 232302332 332302332 003302332 203302332 303302332 023302332 223302332 323302332 033302332 233302332 333302332 000022332 200022332 300022332 020022332 220022332 320022332 030022332 230022332 330022332 002022332 202022332 302022332 022022332 222022332 322022332 032022332 232022332 332022332 003022332 203022332 303022332 023022332 223022332 323022332 033022332 233022332 333022332 000222332 200222332 300222332 020222332 220222332 320222332 030222332 230222332 330222332 002222332 202222332 302222332 022222332 222222332 322222332 032222332 232222332 332222332 003222332 203222332 303222332 023222332 223222332 323222332 033222332 233222332 333222332 000322332 200322332 300322332 020322332 220322332 320322332 030322332 230322332 330322332 002322332 202322332 302322332 022322332 222322332 322322332 032322332 232322332 332322332 003322332 203322332 303322332 023322332 223322332 323322332 033322332 233322332 333322332 000032332 200032332
1598582166,300032332 020032332 220032332 320032332 030032332 230032332 330032332 002032332 202032332 302032332 022032332 222032332 322032332 032032332 232032332 332032332 003032332 203032332 303032332 023032332 223032332 323032332 033032332 233032332 333032332 000232332 200232332 300232332 020232332 220232332 320232332 030232332 230232332 330232332 002232332 202232332 302232332 022232332 222232332 322232332 032232332 232232332 332232332 003232332 203232332 303232332 023232332 223232332 323232332 033232332 233232332 333232332 000332332 200332332 300332332 020332332 220332332 320332332 030332332 230332332 330332332 002332332 202332332 302332332 022332332 222332332 322332332 032332332 232332332 332332332 003332332 203332332 303332332 023332332 223332332 323332332 033332332 233332332 333332332 000003332 200003332 300003332 020003332 220003332 320003332 030003332 230003332 330003332 002003332 202003332 302003332 022003332 222003332 322003332 032003332 232003332 332003332 003003332 203003332 303003332
170191937,023003332 223003332 323003332 033003332 233003332 333003332 000203332 200203332 300203332 020203332 220203332 320203332 030203332 230203332 330203332 002203332 202203332 302203332 022203332 222203332 322203332 032203332 232203332 332203332 003203332 203203332 303203332 023203332 223203332 323203332 033203332 233203332 333203332 000303332 200303332 300303332 020303332 220303332 320303332 030303332 230303332 330303332 002303332 202303332 302303332 022303332 222303332 322303332 032303332 232303332 332303332 003303332 203303332 303303332 023303332 223303332 323303332 033303332 233303332 333303332 000023332 200023332 300023332 020023332 220023332 320023332 030023332 230023332 330023332 002023332 202023332 302023332 022023332 222023332 322023332 032023332 232023332 332023332 003023332 203023332 303023332 023023332 223023332 323023332 033023332 233023332 333023332 000223332 200223332 300223332 020223332 220223332 320223332 030223332 230223332 330223332 002223332 202223332 302223332 022223332
1599521608,222223332 322223332 032223332 232223332 332223332 003223332 203223332 303223332 023223332 223223332 323223332 033223332 233223332 333223332 000323332 200323332 300323332 020323332 220323332 320323332 030323332 230323332 330323332 002323332 202323332 302323332 022323332 222323332 322323332 032323332 232323332 332323332 003323332 203323332 303323332 023323332 223323332 323323332 033323332 233323332 333323332 000033332 200033332 300033332 020033332 220033332 320033332 030033332 230033332 330033332 002033332 202033332 302033332 022033332 222033332 322033332 032033332 232033332 332033332 003033332 203033332 303033332 023033332 223033332 323033332 033033332 233033332 333033332 000233332 200233332 300233332 020233332 220233332 320233332 030233332 230233332 330233332 002233332 202233332 302233332 022233332 222233332 322233332 032233332 232233332 332233332 003233332 203233332 303233332 023233332 223233332 323233332 033233332 233233332 333233332 000333332 200333332 300333332 020333332 220333332
1206841691,320333332 030333332 230333332 330333332 002333332 202333332 302333332 022333332 222333332 322333332 032333332 232333332 332333332 003333332 203333332 303333332 023333332 223333332 323333332 033333332 233333332 333333332 000000003 200000003 300000003 020000003 220000003 320000003 030000003 230000003 330000003 002000003 202000003 302000003 022000003 222000003 322000003 032000003 232000003 332000003 003000003 203000003 303000003 023000003 223000003 323000003 033000003 233000003 333000003 000200003 200200003 300200003 020200003 220200003 320200003 030200003 230200003 330200003 002200003 202200003 302200003 022200003 222200003 322200003 032200003 232200003 332200003 003200003 203200003 303200003 023200003 223200003 323200003 033200003 233200003 333200003 000300003 200300003 300300003 020300003 220300003 320300003 030300003 230300003 330300003 002300003 202300003 302300003 022300003 222300003 322300003 032300003 232300003 332300003 003300003 203300003 303300003 023300003 223300003 323300003
872485132,033300003 233300003 333300003 000020003 200020003 300020003 020020003 220020003 320020003 030020003 230020003 330020003 002020003 202020003 302020003 022020003 222020003 322020003 032020003 232020003 332020003 003020003 203020003 303020003 023020003 223020003 323020003 033020003 233020003 333020003 000220003 200220003 300220003 020220003 220220003 320220003 030220003 230220003 330220003 002220003 202220003 302220003 022220003 222220003 322220003 032220003 232220003 332220003 003220003 203220003 303220003 023220003 223220003 323220003 033220003 233220003 333220003 000320003 200320003 300320003 020320003 220320003 320320003 030320003 230320003 330320003 002320003 202320003 302320003 022320003 222320003 322320003 032320003 232320003 332320003 003320003 203320003 303320003 023320003 223320003 323320003 033320003 233320003 333320003 000030003 200030003 300030003 020030003 220030003 320030003 030030003 230030003 330030003 002030003 202030003 302030003 022030003 222030003 322030003 032030003
1657115163,232030003 332030003 003030003 203030003 303030003 023030003 223030003 323030003 033030003 233030003 333030003 000230003 200230003 300230003 020230003 220230003 320230003 030230003 230230003 330230003 002230003 202230003 302230003 022230003 222230003 322230003 032230003 232230003 332230003 003230003 203230003 303230003 023230003 223230003 323230003 033230003 233230003 333230003 000330003 200330003 300330003 020330003 220330003 320330003 030330003 230330003 330330003 002330003 202330003 302330003 022330003 222330003 322330003 032330003 232330003 332330003 003330003 203330003 303330003 023330003 223330003 323330003 033330003 233330003 333330003 000002003 200002003 300002003 020002003 220002003 320002003 030002003 230002003 330002003 002002003 202002003 302002003 022002003 222002003 322002003 032002003 232002003 332002003 003002003 203002003 303002003 023002003 223002003 323002003 033002003 233002003 333002003 000202003 200202003 300202003 020202003 220202003 320202003 030202003 230202003
1039068401,330202003 002202003 202202003 302202003 022202003 222202003 322202003 032202003 232202003 332202003 003202003 203202003 303202003 023202003 223202003 323202003 033202003 233202003 333202003 000302003 200302003 300302003 020302003 220302003 320302003 030302003 230302003 330302003 002302003 202302003 302302003 022302003 222302003 322302003 032302003 232302003 332302003 003302003 203302003 303302003 023302003 223302003 323302003 033302003 233302003 333302003 000022003 200022003 300022003 020022003 220022003 320022003 030022003 230022003 330022003 002022003 202022003 302022003 022022003 222022003 322022003 032022003 232022003 332022003 003022003 203022003 303022003 023022003 223022003 323022003 033022003 233022003 333022003 000222003 200222003 300222003 020222003 220222003 320222003 030222003 230222003 330222003 002222003 202222003 302222003 022222003 222222003 322222003 032222003 232222003 332222003 003222003 203222003 303222003 023222003 223222003 323222003 033222003 233222003 333222003
1211016227,000322003 200322003 300322003 020322003 220322003 320322003 030322003 230322003 330322003 002322003 202322003 302322003 022322003 222322003 322322003 032322003 232322003 332322003 003322003 203322003 303322003 023322003 223322003 323322003 033322003 233322003 333322003 000032003 200032003 300032003 020032003 220032003 320032003 030032003 230032003 330032003 002032003 202032003 302032003 022032003 222032003 322032003 032032003 232032003 332032003 003032003 203032003 303032003 023032003 223032003 323032003 033032003 233032003 333032003 000232003 200232003 300232003 020232003 220232003 320232003 030232003 230232003 330232003 002232003 202232003 302232003 022232003 222232003 322232003 032232003 232232003 332232003 003232003 203232003 303232003 023232003 223232003 323232003 033232003 233232003 333232003 000332003 200332003 300332003 020332003 220332003 320332003 030332003 230332003 330332003 002332003 202332003 302332003 022332003 222332003 322332003 032332003 232332003 332332003 003332003
1596554305,203332003 303332003 023332003 223332003 323332003 033332003 233332003 333332003 000003003 200003003 300003003 020003003 220003003 320003003 030003003 230003003 330003003 002003003 202003003 302003003 022003003 222003003 322003003 032003003 232003003 332003003 003003003 203003003 303003003 023003003 223003003 323003003 033003003 233003003 333003003 000203003 200203003 300203003 020203003 220203003 320203003 030203003 230203003 330203003 002203003 202203003 302203003 022203003 222203003 322203003 032203003 232203003 332203003 003203003 203203003 303203003 023203003 223203003 323203003 033203003 233203003 333203003 000303003 200303003 300303003 020303003 220303003 320303003 030303003 230303003 330303003 002303003 202303003 302303003 022303003 222303003 322303003 032303003 232303003 332303003 003303003 203303003 303303003 023303003 223303003 323303003 033303003 233303003 333303003 000023003 200023003 300023003 020023003 220023003 320023003 030023003 230023003 330023003 002023003 202023003
1990730473,302023003 022023003 222023003 322023003 032023003 232023003 332023003 003023003 203023003 303023003 023023003 223023003 323023003 033023003 233023003 333023003 000223003 200223003 300223003 020223003 220223003 320223003 030223003 230223003 330223003 002223003 202223003 302223003 022223003 222223003 322223003 032223003 232223003 332223003 003223003 203223003 303223003 023223003 223223003 323223003 033223003 233223003 333223003 000323003 200323003 300323003 020323003 220323003 320323003 030323003 230323003 330323003 002323003 202323003 302323003 022323003 222323003 322323003 032323003 232323003 332323003 003323003 203323003 303323003 023323003 223323003 323323003 033323003 233323003 333323003 000033003 200033003 300033003 020033003 220033003 320033003 030033003 230033003 330033003 002033003 202033003 302033003 022033003 222033003 322033003 032033003 232033003 332033003 003033003 203033003 303033003 023033003 223033003 323033003 033033003 233033003 333033003 000233003 200233003 300233003
1907858426,020233003 220233003 320233003 030233003 230233003 330233003 002233003 202233003 302233003 022233003 222233003 322233003 032233003 232233003 332233003 003233003 203233003 303233003 023233003 223233003 323233003 033233003 233233003 333233003 000333003 200333003 300333003 020333003 220333003 320333003 030333003 230333003 330333003 002333003 202333003 302333003 022333003 222333003 322333003 032333003 232333003 332333003 003333003 203333003 303333003 023333003 223333003 323333003 033333003 233333003 333333003 000000203 200000203 300000203 020000203 220000203 320000203 030000203 230000203 330000203 002000203 202000203 302000203 022000203 222000203 322000203 032000203 232000203 332000203 003000203 203000203 303000203 023000203 223000203 323000203 033000203 233000203 333000203 000200203 200200203 300200203 020200203 220200203 320200203 030200203 230200203 330200203 002200203 202200203 302200203 022200203 222200203 322200203 032200203 232200203 332200203 003200203 203200203 303200203 023200203
351154747,223200203 323200203 033200203 233200203 333200203 000300203 200300203 300300203 020300203 220300203 320300203 030300203 230300203 330300203 002300203 202300203 302300203 022300203 222300203 322300203 032300203 232300203 332300203 003300203 203300203 303300203 023300203 223300203 323300203 033300203 233300203 333300203 000020203 200020203 300020203 020020203 220020203 320020203 030020203 230020203 330020203 002020203 202020203 302020203 022020203 222020203 322020203 032020203 232020203 332020203 003020203 203020203 303020203 023020203 223020203 323020203 033020203 233020203 333020203 000220203 200220203 300220203 020220203 220220203 320220203 030220203 230220203 330220203 002220203 202220203 302220203 022220203 222220203 322220203 032220203 232220203 332220203 003220203 203220203 303220203 023220203 223220203 323220203 033220203 233220203 333220203 000320203 200320203 300320203 020320203 220320203 320320203 030320203 230320203 330320203 002320203 202320203 302320203 022320203 222320203
395916929,322320203 032320203 232320203 332320203 003320203 203320203 303320203 023320203 223320203 323320203 033320203 233320203 333320203 000030203 200030203 300030203 020030203 220030203 320030203 030030203 230030203 330030203 002030203 202030203 302030203 022030203 222030203 322030203 032030203 232030203 332030203 003030203 203030203 303030203 023030203 223030203 323030203 033030203 233030203 333030203 000230203 200230203 300230203 020230203 220230203 320230203 030230203 230230203 330230203 002230203 202230203 302230203 022230203 222230203 322230203 032230203 232230203 332230203 003230203 203230203 303230203 023230203 223230203 323230203 033230203 233230203 333230203 000330203 200330203 300330203 020330203 220330203 320330203 030330203 230330203 330330203 002330203 202330203 302330203 022330203 222330203 322330203 032330203 232330203 332330203 003330203 203330203 303330203 023330203 223330203 323330203 033330203 233330203 333330203 000002203 200002203 300002203 020002203 220002203 320002203
1127243649,030002203 230002203 330002203 002002203 202002203 302002203 022002203 222002203 322002203 032002203 232002203 332002203 003002203 203002203 303002203 023002203 223002203 323002203 033002203 233002203 333002203 000202203 200202203 300202203 020202203 220202203 320202203 030202203 230202203 330202203 002202203 202202203 302202203 022202203 222202203 322202203 032202203 232202203 332202203 003202203 203202203 303202203 023202203 223202203 323202203 033202203 233202203 333202203 000302203 200302203 300302203 020302203 220302203 320302203 030302203 230302203 330302203 002302203 202302203 302302203 022302203 222302203 322302203 032302203 232302203 332302203 003302203 203302203 303302203 023302203 223302203 323302203 033302203 233302203 333302203 000022203 200022203 300022203 020022203 220022203 320022203 030022203 230022203 330022203 002022203 202022203 302022203 022022203 222022203 322022203 032022203 232022203 332022203 003022203 203022203 303022203 023022203 223022203 323022203 033022203
546777107,233022203 333022203 000222203 200222203 300222203 020222203 220222203 320222203 030222203 230222203 330222203 002222203 202222203 302222203 022222203 222222203 322222203 032222203 232222203 332222203 003222203 203222203 303222203 023222203 223222203 323222203 033222203 233222203 333222203 000322203 200322203 300322203 020322203 220322203 320322203 030322203 230322203 330322203 002322203 202322203 302322203 022322203 222322203 322322203 032322203 232322203 332322203 003322203 203322203 303322203 023322203 223322203 323322203 033322203 233322203 333322203 000032203 200032203 300032203 020032203 220032203 320032203 030032203 230032203 330032203 002032203 202032203 302032203 022032203 222032203 322032203 032032203 232032203 332032203 003032203 203032203 303032203 023032203 223032203 323032203 033032203 233032203 333032203 000232203 200232203 300232203 020232203 220232203 320232203 030232203 230232203 330232203 002232203 202232203 302232203 022232203 222232203 322232203 032232203 232232203
1022151828,332232203 003232203 203232203 303232203 023232203 223232203 323232203 033232203 233232203 333232203 000332203 200332203 300332203 020332203 220332203 320332203 030332203 230332203 330332203 002332203 202332203 302332203 022332203 222332203 322332203 032332203 232332203 332332203 003332203 203332203 303332203 023332203 223332203 323332203 033332203 233332203 333332203 000003203 200003203 300003203 020003203 220003203 320003203 030003203 230003203 330003203 002003203 202003203 302003203 022003203 222003203 322003203 032003203 232003203 332003203 003003203 203003203 303003203 023003203 223003203 323003203 033003203 233003203 333003203 000203203 200203203 300203203 020203203 220203203 320203203 030203203 230203203 330203203 002203203 202203203 302203203 022203203 222203203 322203203 032203203 232203203 332203203 003203203 203203203 303203203 023203203 223203203 323203203 033203203 233203203 333203203 000303203 200303203 300303203 020303203 220303203 320303203 030303203 230303203 330303203
116870263,002303203 202303203 302303203 022303203 222303203 322303203 032303203 232303203 332303203 003303203 203303203 303303203 023303203 223303203 323303203 033303203 233303203 333303203 000023203 200023203 300023203 020023203 220023203 320023203 030023203 230023203 330023203 002023203 202023203 302023203 022023203 222023203 322023203 032023203 232023203 332023203 003023203 203023203 303023203 023023203 223023203 323023203 033023203 233023203 333023203 000223203 200223203 300223203 020223203 220223203 320223203 030223203 230223203 330223203 002223203 202223203 302223203 022223203 222223203 322223203 032223203 232223203 332223203 003223203 203223203 303223203 023223203 223223203 323223203 033223203 233223203 333223203 000323203 200323203 300323203 020323203 220323203 320323203 030323203 230323203 330323203 002323203 202323203 302323203 022323203 222323203 322323203 032323203 232323203 332323203 003323203 203323203 303323203 023323203 223323203 323323203 033323203 233323203 333323203 000033203
897321915,200033203 300033203 020033203 220033203 320033203 030033203 230033203 330033203 002033203 202033203 302033203 022033203 222033203 322033203 032033203 232033203 332033203 003033203 203033203 303033203 023033203 223033203 323033203 033033203 233033203 333033203 000233203 200233203 300233203 020233203 220233203 320233203 030233203 230233203 330233203 002233203 202233203 302233203 022233203 222233203 322233203 032233203 232233203 332233203 003233203 203233203 303233203 023233203 223233203 323233203 033233203 233233203 333233203 000333203 200333203 300333203 020333203 220333203 320333203 030333203 230333203 330333203 002333203 202333203 302333203 022333203 222333203 322333203 032333203 232333203 332333203 003333203 203333203 303333203 023333203 223333203 323333203 033333203 233333203 333333203 000000303 200000303 300000303 020000303 220000303 320000303 030000303 230000303 330000303 002000303 202000303 302000303 022000303 222000303 322000303 032000303 232000303 332000303 003000303 203000303
560239156,303000303 023000303 223000303 323000303 033000303 233000303 333000303 000200303 200200303 300200303 020200303 220200303 320200303 030200303 230200303 330200303 002200303 202200303 302200303 022200303 222200303 322200303 032200303 232200303 332200303 003200303 203200303 303200303 023200303 223200303 323200303 033200303 233200303 333200303 000300303 200300303 300300303 020300303 220300303 320300303 030300303 230300303 330300303 002300303 202300303 302300303 022300303 222300303 322300303 032300303 232300303 332300303 003300303 203300303 303300303 023300303 223300303 323300303 033300303 233300303 333300303 000020303 200020303 300020303 020020303 220020303 320020303 030020303 230020303 330020303 002020303 202020303 302020303 022020303 222020303 322020303 032020303 232020303 332020303 003020303 203020303 303020303 023020303 223020303 323020303 033020303 233020303 333020303 000220303 200220303 300220303 020220303 220220303 320220303 030220303 230220303 330220303 002220303 202220303 302220303
671135458,022220303 222220303 322220303 032220303 232220303 332220303 003220303 203220303 303220303 023220303 223220303 323220303 033220303 233220303 333220303 000320303 200320303 300320303 020320303 220320303 320320303 030320303 230320303 330320303 002320303 202320303 302320303 022320303 222320303 322320303 032320303 232320303 332320303 003320303 203320303 303320303 023320303 223320303 323320303 033320303 233320303 333320303 000030303 200030303 300030303 020030303 220030303 320030303 030030303 230030303 330030303 002030303 202030303 302030303 022030303 222030303 322030303 032030303 232030303 332030303 003030303 203030303 303030303 023030303 223030303 323030303 033030303 233030303 333030303 000230303 200230303 300230303 020230303 220230303 320230303 030230303 230230303 330230303 002230303 202230303 302230303 022230303 222230303 322230303 032230303 232230303 332230303 003230303 203230303 303230303 023230303 223230303 323230303 033230303 233230303 333230303 000330303 200330303 300330303 020330303
369723648,220330303 320330303 030330303 230330303 330330303 002330303 202330303 302330303 022330303 222330303 322330303 032330303 232330303 332330303 003330303 203330303 303330303 023330303 223330303 323330303 033330303 233330303 333330303 000002303 200002303 300002303 020002303 220002303 320002303 030002303 230002303 330002303 002002303 202002303 302002303 022002303 222002303 322002303 032002303 232002303 332002303 003002303 203002303 303002303 023002303 223002303 323002303 033002303 233002303 333002303 000202303 200202303 300202303 020202303 220202303 320202303 030202303 230202303 330202303 002202303 202202303 302202303 022202303 222202303 322202303 032202303 232202303 332202303 003202303 203202303 303202303 023202303 223202303 323202303 033202303 233202303 333202303 000302303 200302303 300302303 020302303 220302303 320302303 030302303 230302303 330302303 002302303 202302303 302302303 022302303 222302303 322302303 032302303 232302303 332302303 003302303 203302303 303302303 023302303 223302303
2114309986,323302303 033302303 233302303 333302303 000022303 200022303 300022303 020022303 220022303 320022303 030022303 230022303 330022303 002022303 202022303 302022303 022022303 222022303 322022303 032022303 232022303 332022303 003022303 203022303 303022303 023022303 223022303 323022303 033022303 233022303 333022303 000222303 200222303 300222303 020222303 220222303 320222303 030222303 230222303 330222303 002222303 202222303 302222303 022222303 222222303 322222303 032222303 232222303 332222303 003222303 203222303 303222303 023222303 223222303 323222303 033222303 233222303 333222303 000322303 200322303 300322303 020322303 220322303 320322303 030322303 230322303 330322303 002322303 202322303 302322303 022322303 222322303 322322303 032322303 232322303 332322303 003322303 203322303 303322303 023322303 223322303 323322303 033322303 233322303 333322303 000032303 200032303 300032303 020032303 220032303 320032303 030032303 230032303 330032303 002032303 202032303 302032303 022032303 222032303 322032303
1936297634,032032303 232032303 332032303 003032303 203032303 303032303 023032303 223032303 323032303 033032303 233032303 333032303 000232303 200232303 300232303 020232303 220232303 320232303 030232303 230232303 330232303 002232303 202232303 302232303 022232303 222232303 322232303 032232303 232232303 332232303 003232303 203232303 303232303 023232303 223232303 323232303 033232303 233232303 333232303 000332303 200332303 300332303 020332303 220332303 320332303 030332303 230332303 330332303 002332303 202332303 302332303 022332303 222332303 322332303 032332303 232332303 332332303 003332303 203332303 303332303 023332303 223332303 323332303 033332303 233332303 333332303 000003303 200003303 300003303 020003303 220003303 320003303 030003303 230003303 330003303 002003303 202003303 302003303 022003303 222003303 322003303 032003303 232003303 332003303 003003303 203003303 303003303 023003303 223003303 323003303 033003303 233003303 333003303 000203303 200203303 300203303 020203303 220203303 320203303 030203303
459575139,230203303 330203303 002203303 202203303 302203303 022203303 222203303 322203303 032203303 232203303 332203303 003203303 203203303 303203303 023203303 223203303 323203303 033203303 233203303 333203303 000303303 200303303 300303303 020303303 220303303 320303303 030303303 230303303 330303303 002303303 202303303 302303303 022303303 222303303 322303303 032303303 232303303 332303303 003303303 203303303 303303303 023303303 223303303 323303303 033303303 233303303 333303303 000023303 200023303 300023303 020023303 220023303 320023303 030023303 230023303 330023303 002023303 202023303 302023303 022023303 222023303 322023303 032023303 232023303 332023303 003023303 203023303 303023303 023023303 223023303 323023303 033023303 233023303 333023303 000223303 200223303 300223303 020223303 220223303 320223303 030223303 230223303 330223303 002223303 202223303 302223303 022223303 222223303 322223303 032223303 232223303 332223303 003223303 203223303 303223303 023223303 223223303 323223303 033223303 233223303
652331414,333223303 000323303 200323303 300323303 020323303 220323303 320323303 030323303 230323303 330323303 002323303 202323303 302323303 022323303 222323303 322323303 032323303 232323303 332323303 003323303 203323303 303323303 023323303 223323303 323323303 033323303 233323303 333323303 000033303 200033303 300033303 020033303 220033303 320033303 030033303 230033303 330033303 002033303 202033303 302033303 022033303 222033303 322033303 032033303 232033303 332033303 003033303 203033303 303033303 023033303 223033303 323033303 033033303 233033303 333033303 000233303 200233303 300233303 020233303 220233303 320233303 030233303 230233303 330233303 002233303 202233303 302233303 022233303 222233303 322233303 032233303 232233303 332233303 003233303 203233303 303233303 023233303 223233303 323233303 033233303 233233303 333233303 000333303 200333303 300333303 020333303 220333303 320333303 030333303 230333303 330333303 002333303 202333303 302333303 022333303 222333303 322333303 032333303 232333303 332333303
132778218,003333303 203333303 303333303 023333303 223333303 323333303 033333303 233333303 333333303 000000023 200000023 300000023 020000023 220000023 320000023 030000023 230000023 330000023 002000023 202000023 302000023 022000023 222000023 322000023 032000023 232000023 332000023 003000023 203000023 303000023 023000023 223000023 323000023 033000023 233000023 333000023 000200023 200200023 300200023 020200023 220200023 320200023 030200023 230200023 330200023 002200023 202200023 302200023 022200023 222200023 322200023 032200023 232200023 332200023 003200023 203200023 303200023 023200023 223200023 323200023 033200023 233200023 333200023 000300023 200300023 300300023 020300023 220300023 320300023 030300023 230300023 330300023 002300023 202300023 302300023 022300023 222300023 322300023 032300023 232300023 332300023 003300023 203300023 303300023 023300023 223300023 323300023 033300023 233300023 333300023 000020023 200020023 300020023 020020023 220020023 320020023 030020023 230020023 330020023 002020023
937429861,202020023 302020023 022020023 222020023 322020023 032020023 232020023 332020023 003020023 203020023 303020023 023020023 223020023 323020023 033020023 233020023 333020023 000220023 200220023 300220023 020220023 220220023 320220023 030220023 230220023 330220023 002220023 202220023 302220023 022220023 222220023 322220023 032220023 232220023 332220023 003220023 203220023 303220023 023220023 223220023 323220023 033220023 233220023 333220023 000320023 200320023 300320023 020320023 220320023 320320023 030320023 230320023 330320023 002320023 202320023 302320023 022320023 222320023 322320023 032320023 232320023 332320023 003320023 203320023 303320023 023320023 223320023 323320023 033320023 233320023 333320023 000030023 200030023 300030023 020030023 220030023 320030023 030030023 230030023 330030023 002030023 202030023 302030023 022030023 222030023 322030023 032030023 232030023 332030023 003030023 203030023 303030023 023030023 223030023 323030023 033030023 233030023 333030023 000230023 200230023
676763814,300230023 020230023 220230023 320230023 030230023 230230023 330230023 002230023 202230023 302230023 022230023 222230023 322230023 032230023 232230023 332230023 003230023 203230023 303230023 023230023 223230023 323230023 033230023 233230023 333230023 000330023 200330023 300330023 020330023 220330023 320330023 030330023 230330023 330330023 002330023 202330023 302330023 022330023 222330023 322330023 032330023 232330023 332330023 003330023 203330023 303330023 023330023 223330023 323330023 033330023 233330023 333330023 000002023 200002023 300002023 020002023 220002023 320002023 030002023 230002023 330002023 002002023 202002023 302002023 022002023 222002023 322002023 032002023 232002023 332002023 003002023 203002023 303002023 023002023 223002023 323002023 033002023 233002023 333002023 000202023 200202023 300202023 020202023 220202023 320202023 030202023 230202023 330202023 002202023 202202023 302202023 022202023 222202023 322202023 032202023 232202023 332202023 003202023 203202023 303202023
105298148,023202023 223202023 323202023 033202023 233202023 333202023 000302023 200302023 300302023 020302023 220302023 320302023 030302023 230302023 330302023 002302023 202302023 302302023 022302023 222302023 322302023 032302023 232302023 332302023 003302023 203302023 303302023 023302023 223302023 323302023 033302023 233302023 333302023 000022023 200022023 300022023 020022023 220022023 320022023 030022023 230022023 330022023 002022023 202022023 302022023 022022023 222022023 322022023 032022023 232022023 332022023 003022023 203022023 303022023 023022023 223022023 323022023 033022023 233022023 333022023 000222023 200222023 300222023 020222023 220222023 320222023 030222023 230222023 330222023 002222023 202222023 302222023 022222023 222222023 322222023 032222023 232222023 332222023 003222023 203222023 303222023 023222023 223222023 323222023 033222023 233222023 333222023 000322023 200322023 300322023 020322023 220322023 320322023 030322023 230322023 330322023 002322023 202322023 302322023 022322023
1003431249,222322023 322322023 032322023 232322023 332322023 003322023 203322023 303322023 023322023 223322023 323322023 033322023 233322023 333322023 000032023 200032023 300032023 020032023 220032023 320032023 030032023 230032023 330032023 002032023 202032023 302032023 022032023 222032023 322032023 032032023 232032023 332032023 003032023 203032023 303032023 023032023 223032023 323032023 033032023 233032023 333032023 000232023 200232023 300232023 020232023 220232023 320232023 030232023 230232023 330232023 002232023 202232023 302232023 022232023 222232023 322232023 032232023 232232023 332232023 003232023 203232023 303232023 023232023 223232023 323232023 033232023 233232023 333232023 000332023 200332023 300332023 020332023 220332023 320332023 030332023 230332023 330332023 002332023 202332023 302332023 022332023 222332023 322332023 032332023 232332023 332332023 003332023 203332023 303332023 023332023 223332023 323332023 033332023 233332023 333332023 000003023 200003023 300003023 020003023 220003023
1351931084,320003023 030003023 230003023 330003023 002003023 202003023 302003023 022003023 222003023 322003023 032003023 232003023 332003023 003003023 203003023 303003023 023003023 223003023 323003023 033003023 233003023 333003023 000203023 200203023 300203023 020203023 220203023 320203023 030203023 230203023 330203023 002203023 202203023 302203023 022203023 222203023 322203023 032203023 232203023 332203023 003203023 203203023 303203023 023203023 223203023 323203023 033203023 233203023 333203023 000303023 200303023 300303023 020303023 220303023 320303023 030303023 230303023 330303023 002303023 202303023 302303023 022303023 222303023 322303023 032303023 232303023 332303023 003303023 203303023 303303023 023303023 223303023 323303023 033303023 233303023 333303023 000023023 200023023 300023023 020023023 220023023 320023023 030023023 230023023 330023023 002023023 202023023 302023023 022023023 222023023 322023023 032023023 232023023 332023023 003023023 203023023 303023023 023023023 223023023 323023023
1848676095,033023023 233023023 333023023 000223023 200223023 300223023 020223023 220223023 320223023 030223023 230223023 330223023 002223023 202223023 302223023 022223023 222223023 322223023 032223023 232223023 332223023 003223023 203223023 303223023 023223023 223223023 323223023 033223023 233223023 333223023 000323023 200323023 300323023 020323023 220323023 320323023 030323023 230323023 330323023 002323023 202323023 302323023 022323023 222323023 322323023 032323023 232323023 332323023 003323023 203323023 303323023 023323023 223323023 323323023 033323023 233323023 333323023 000033023 200033023 300033023 020033023 220033023 320033023 030033023 230033023 330033023 002033023 202033023 302033023 022033023 222033023 322033023 032033023 232033023 332033023 003033023 203033023 303033023 023033023 223033023 323033023 033033023 233033023 333033023 000233023 200233023 300233023 020233023 220233023 320233023 030233023 230233023 330233023 002233023 202233023 302233023 022233023 222233023 322233023 032233023
510048047,232233023 332233023 003233023 203233023 303233023 023233023 223233023 323233023 033233023 233233023 333233023 000333023 200333023 300333023 020333023 220333023 320333023 030333023 230333023 330333023 002333023 202333023 302333023 022333023 222333023 322333023 032333023 232333023 332333023 003333023 203333023 303333023 023333023 223333023 323333023 033333023 233333023 333333023 000000223 200000223 300000223 020000223 220000223 320000223 030000223 230000223 330000223 002000223 202000223 302000223 022000223 222000223 322000223 032000223 232000223 332000223 003000223 203000223 303000223 023000223 223000223 323000223 033000223 233000223 333000223 000200223 200200223 300200223 020200223 220200223 320200223 030200223 230200223 330200223 002200223 202200223 302200223 022200223 222200223 322200223 032200223 232200223 332200223 003200223 203200223 303200223 023200223 223200223 323200223 033200223 233200223 333200223 000300223 200300223 300300223 020300223 220300223 320300223 030300223 230300223
777634416,330300223 002300223 202300223 302300223 022300223 222300223 322300223 032300223 232300223 332300223 003300223 203300223 303300223 023300223 223300223 323300223 033300223 233300223 333300223 000020223 200020223 300020223 020020223 220020223 320020223 030020223 230020223 330020223 002020223 202020223 302020223 022020223 222020223 322020223 032020223 232020223 332020223 003020223 203020223 303020223 023020223 223020223 323020223 033020223 233020223 333020223 000220223 200220223 300220223 020220223 220220223 320220223 030220223 230220223 330220223 002220223 202220223 302220223 022220223 222220223 322220223 032220223 232220223 332220223 003220223 203220223 303220223 023220223 223220223 323220223 033220223 233220223 333220223 000320223 200320223 300320223 020320223 220320223 320320223 030320223 230320223 330320223 002320223 202320223 302320223 022320223 222320223 322320223 032320223 232320223 332320223 003320223 203320223 303320223 023320223 223320223 323320223 033320223 233320223 333320223
1909129672,000030223 200030223 300030223 020030223 220030223 320030223 030030223 230030223 330030223 002030223 202030223 302030223 022030223 222030223 322030223 032030223 232030223 332030223 003030223 203030223 303030223 023030223 223030223 323030223 033030223 233030223 333030223 000230223 200230223 300230223 020230223 220230223 320230223 030230223 230230223 330230223 002230223 202230223 302230223 022230223 222230223 322230223 032230223 232230223 332230223 003230223 203230223 303230223 023230223 223230223 323230223 033230223 233230223 333230223 000330223 200330223 300330223 020330223 220330223 320330223 030330223 230330223 330330223 002330223 202330223 302330223 022330223 222330223 322330223 032330223 232330223 332330223 003330223 203330223 303330223 023330223 223330223 323330223 033330223 233330223 333330223 000002223 200002223 300002223 020002223 220002223 320002223 030002223 230002223 330002223 002002223 202002223 302002223 022002223 222002223 322002223 032002223 232002223 332002223 003002223
1525935227,203002223 303002223 023002223 223002223 323002223 033002223 233002223 333002223 000202223 200202223 300202223 020202223 220202223 320202223 030202223 230202223 330202223 002202223 202202223 302202223 022202223 222202223 322202223 032202223 232202223 332202223 003202223 203202223 303202223 023202223 223202223 323202223 033202223 233202223 333202223 000302223 200302223 300302223 020302223 220302223 320302223 030302223 230302223 330302223 002302223 202302223 302302223 022302223 222302223 322302223 032302223 232302223 332302223 003302223 203302223 303302223 023302223 223302223 323302223 033302223 233302223 333302223 000022223 200022223 300022223 020022223 220022223 320022223 030022223 230022223 330022223 002022223 202022223 302022223 022022223 222022223 322022223 032022223 232022223 332022223 003022223 203022223 303022223 023022223 223022223 323022223 033022223 233022223 333022223 000222223 200222223 300222223 020222223 220222223 320222223 030222223 230222223 330222223 002222223 202222223
1618823676,302222223 022222223 222222223 322222223 032222223 232222223 332222223 003222223 203222223 303222223 023222223 223222223 323222223 033222223 233222223 333222223 000322223 200322223 300322223 020322223 220322223 320322223 030322223 230322223 330322223 002322223 202322223 302322223 022322223 222322223 322322223 032322223 232322223 332322223 003322223 203322223 303322223 023322223 223322223 323322223 033322223 233322223 333322223 000032223 200032223 300032223 020032223 220032223 320032223 030032223 230032223 330032223 002032223 202032223 302032223 022032223 222032223 322032223 032032223 232032223 332032223 003032223 203032223 303032223 023032223 223032223 323032223 033032223 233032223 333032223 000232223 200232223 300232223 020232223 220232223 320232223 030232223 230232223 330232223 002232223 202232223 302232223 022232223 222232223 322232223 032232223 232232223 332232223 003232223 203232223 303232223 023232223 223232223 323232223 033232223 233232223 333232223 000332223 200332223 300332223
1850011158,020332223 220332223 320332223 030332223 230332223 330332223 002332223 202332223 302332223 022332223 222332223 322332223 032332223 232332223 332332223 003332223 203332223 303332223 023332223 223332223 323332223 033332223 233332223 333332223 000003223 200003223 300003223 020003223 220003223 320003223 030003223 230003223 330003223 002003223 202003223 302003223 022003223 222003223 322003223 032003223 232003223 332003223 003003223 203003223 303003223 023003223 223003223 323003223 033003223 233003223 333003223 000203223 200203223 300203223 020203223 220203223 320203223 030203223 230203223 330203223 002203223 202203223 302203223 022203223 222203223 322203223 032203223 232203223 332203223 003203223 203203223 303203223 023203223 223203223 323203223 033203223 233203223 333203223 000303223 200303223 300303223 020303223 220303223 320303223 030303223 230303223 330303223 002303223 202303223 302303223 022303223 222303223 322303223 032303223 232303223 332303223 003303223 203303223 303303223 023303223
1336833143,223303223 323303223 033303223 233303223 333303223 000023223 200023223 300023223 020023223 220023223 320023223 030023223 230023223 330023223 002023223 202023223 302023223 022023223 222023223 322023223 032023223 232023223 332023223 003023223 203023223 303023223 023023223 223023223 323023223 033023223 233023223 333023223 000223223 200223223 300223223 020223223 220223223 320223223 030223223 230223223 330223223 002223223 202223223 302223223 022223223 222223223 322223223 032223223 232223223 332223223 003223223 203223223 303223223 023223223 223223223 323223223 033223223 233223223 333223223 000323223 200323223 300323223 020323223 220323223 320323223 030323223 230323223 330323223 002323223 202323223 302323223 022323223 222323223 322323223 032323223 232323223 332323223 003323223 203323223 303323223 023323223 223323223 323323223 033323223 233323223 333323223 000033223 200033223 300033223 020033223 220033223 320033223 030033223 230033223 330033223 002033223 202033223 302033223 022033223 222033223
228774411,322033223 032033223 232033223 332033223 003033223 203033223 303033223 023033223 223033223 323033223 033033223 233033223 333033223 000233223 200233223 300233223 020233223 220233223 320233223 030233223 230233223 330233223 002233223 202233223 302233223 022233223 222233223 322233223 032233223 232233223 332233223 003233223 203233223 303233223 023233223 223233223 323233223 033233223 233233223 333233223 000333223 200333223 300333223 020333223 220333223 320333223 030333223 230333223 330333223 002333223 202333223 302333223 022333223 222333223 322333223 032333223 232333223 332333223 003333223 203333223 303333223 023333223 223333223 323333223 033333223 233333223 333333223 000000323 200000323 300000323 020000323 220000323 320000323 030000323 230000323 330000323 002000323 202000323 302000323 022000323 222000323 322000323 032000323 232000323 332000323 003000323 203000323 303000323 023000323 223000323 323000323 033000323 233000323 333000323 000200323 200200323 300200323 020200323 220200323 320200323
2147172663,030200323 230200323 330200323 002200323 202200323 302200323 022200323 222200323 322200323 032200323 232200323 332200323 003200323 203200323 303200323 023200323 223200323 323200323 033200323 233200323 333200323 000300323 200300323 300300323 020300323 220300323 320300323 030300323 230300323 330300323 002300323 202300323 302300323 022300323 222300323 322300323 032300323 232300323 332300323 003300323 203300323 303300323 023300323 223300323 323300323 033300323 233300323 333300323 000020323 200020323 300020323 020020323 220020323 320020323 030020323 230020323 330020323 002020323 202020323 302020323 022020323 222020323 322020323 032020323 232020323 332020323 003020323 203020323 303020323 023020323 223020323 323020323 033020323 233020323 333020323 000220323 200220323 300220323 020220323 220220323 320220323 030220323 230220323 330220323 002220323 202220323 302220323 022220323 222220323 322220323 032220323 232220323 332220323 003220323 203220323 303220323 023220323 223220323 323220323 033220323
343654024,233220323 333220323 000320323 200320323 300320323 020320323 220320323 320320323 030320323 230320323 330320323 002320323 202320323 302320323 022320323 222320323 322320323 032320323 232320323 332320323 003320323 203320323 303320323 023320323 223320323 323320323 033320323 233320323 333320323 000030323 200030323 300030323 020030323 220030323 320030323 030030323 230030323 330030323 002030323 202030323 302030323 022030323 222030323 322030323 032030323 232030323 332030323 003030323 203030323 303030323 023030323 223030323 323030323 033030323 233030323 333030323 000230323 200230323 300230323 020230323 220230323 320230323 030230323 230230323 330230323 002230323 202230323 302230323 022230323 222230323 322230323 032230323 232230323 332230323 003230323 203230323 303230323 023230323 223230323 323230323 033230323 233230323 333230323 000330323 200330323 300330323 020330323 220330323 320330323 030330323 230330323 330330323 002330323 202330323 302330323 022330323 222330323 322330323 032330323 232330323
596915452,332330323 003330323 203330323 303330323 023330323 223330323 323330323 033330323 233330323 333330323 000002323 200002323 300002323 020002323 220002323 320002323 030002323 230002323 330002323 002002323 202002323 302002323 022002323 222002323 322002323 032002323 232002323 332002323 003002323 203002323 303002323 023002323 223002323 323002323 033002323 233002323 333002323 000202323 200202323 300202323 020202323 220202323 320202323 030202323 230202323 330202323 002202323 202202323 302202323 022202323 222202323 322202323 032202323 232202323 332202323 003202323 203202323 303202323 023202323 223202323 323202323 033202323 233202323 333202323 000302323 200302323 300302323 020302323 220302323 320302323 030302323 230302323 330302323 002302323 202302323 302302323 022302323 222302323 322302323 032302323 232302323 332302323 003302323 203302323 303302323 023302323 223302323 323302323 033302323 233302323 333302323 000022323 200022323 300022323 020022323 220022323 320022323 030022323 230022323 330022323
2132737832,002022323 202022323 302022323 022022323 222022323 322022323 032022323 232022323 332022323 003022323 203022323 303022323 023022323 223022323 323022323 033022323 233022323 333022323 000222323 200222323 300222323 020222323 220222323 320222323 030222323 230222323 330222323 002222323 202222323 302222323 022222323 222222323 322222323 032222323 232222323 332222323 003222323 203222323 303222323 023222323 223222323 323222323 033222323 233222323 333222323 000322323 200322323 300322323 020322323 220322323 320322323 030322323 230322323 330322323 002322323 202322323 302322323 022322323 222322323 322322323 032322323 232322323 332322323 003322323 203322323 303322323 023322323 223322323 323322323 033322323 233322323 333322323 000032323 200032323 300032323 020032323 220032323 320032323 030032323 230032323 330032323 002032323 202032323 302032323 022032323 222032323 322032323 032032323 232032323 332032323 003032323 203032323 303032323 023032323 223032323 323032323 033032323 233032323 333032323 000232323
1792655384,200232323 300232323 020232323 220232323 320232323 030232323 230232323 330232323 002232323 202232323 302232323 022232323 222232323 322232323 032232323 232232323 332232323 003232323 203232323 303232323 023232323 223232323 323232323 033232323 233232323 333232323 000332323 200332323 300332323 020332323 220332323 320332323 030332323 230332323 330332323 002332323 202332323 302332323 022332323 222332323 322332323 032332323 232332323 332332323 003332323 203332323 303332323 023332323 223332323 323332323 033332323 233332323 333332323 000003323 200003323 300003323 020003323 220003323 320003323 030003323 230003323 330003323 002003323 202003323 302003323 022003323 222003323 322003323 032003323 232003323 332003323 003003323 203003323 303003323 023003323 223003323 323003323 033003323 233003323 333003323 000203323 200203323 300203323 020203323 220203323 320203323 030203323 230203323 330203323 002203323 202203323 302203323 022203323 222203323 322203323 032203323 232203323 332203323 003203323 203203323
1595824258,303203323 023203323 223203323 323203323 033203323 233203323 333203323 000303323 200303323 300303323 020303323 220303323 320303323 030303323 230303323 330303323 002303323 202303323 302303323 022303323 222303323 322303323 032303323 232303323 332303323 003303323 203303323 303303323 023303323 223303323 323303323 033303323 233303323 333303323 000023323 200023323 300023323 020023323 220023323 320023323 030023323 230023323 330023323 002023323 202023323 302023323 022023323 222023323 322023323 032023323 232023323 332023323 003023323 203023323 303023323 023023323 223023323 323023323 033023323 233023323 333023323 000223323 200223323 300223323 020223323 220223323 320223323 030223323 230223323 330223323 002223323 202223323 302223323 022223323 222223323 322223323 032223323 232223323 332223323 003223323 203223323 303223323 023223323 223223323 323223323 033223323 233223323 333223323 000323323 200323323 300323323 020323323 220323323 320323323 030323323 230323323 330323323 002323323 202323323 302323323
346744290,022323323 222323323 322323323 032323323 232323323 332323323 003323323 203323323 303323323 023323323 223323323 323323323 033323323 233323323 333323323 000033323 200033323 300033323 020033323 220033323 320033323 030033323 230033323 330033323 002033323 202033323 302033323 022033323 222033323 322033323 032033323 232033323 332033323 003033323 203033323 303033323 023033323 223033323 323033323 033033323 233033323 333033323 000233323 200233323 300233323 020233323 220233323 320233323 030233323 230233323 330233323 002233323 202233323 302233323 022233323 222233323 322233323 032233323 232233323 332233323 003233323 203233323 303233323 023233323 223233323 323233323 033233323 233233323 333233323 000333323 200333323 300333323 020333323 220333323 320333323 030333323 230333323 330333323 002333323 202333323 302333323 022333323 222333323 322333323 032333323 232333323 332333323 003333323 203333323 303333323 023333323 223333323 323333323 033333323 233333323 333333323 000000033 200000033 300000033 020000033
1418799401,220000033 320000033 030000033 230000033 330000033 002000033 202000033 302000033 022000033 222000033 322000033 032000033 232000033 332000033 003000033 203000033 303000033 023000033 223000033 323000033 033000033 233000033 333000033 000200033 200200033 300200033 020200033 220200033 320200033 030200033 230200033 330200033 002200033 202200033 302200033 022200033 222200033 322200033 032200033 232200033 332200033 003200033 203200033 303200033 023200033 223200033 323200033 033200033 233200033 333200033 000300033 200300033 300300033 020300033 220300033 320300033 030300033 230300033 330300033 002300033 202300033 302300033 022300033 222300033 322300033 032300033 232300033 332300033 003300033 203300033 303300033 023300033 223300033 323300033 033300033 233300033 333300033 000020033 200020033 300020033 020020033 220020033 320020033 030020033 230020033 330020033 002020033 202020033 302020033 022020033 222020033 322020033 032020033 232020033 332020033 003020033 203020033 303020033 023020033 223020033
907942176,323020033 033020033 233020033 333020033 000220033 200220033 300220033 020220033 220220033 320220033 030220033 230220033 330220033 002220033 202220033 302220033 022220033 222220033 322220033 032220033 232220033 332220033 003220033 203220033 303220033 023220033 223220033 323220033 033220033 233220033 333220033 000320033 200320033 300320033 020320033 220320033 320320033 030320033 230320033 330320033 002320033 202320033 302320033 022320033 222320033 322320033 032320033 232320033 332320033 003320033 203320033 303320033 023320033 223320033 323320033 033320033 233320033 333320033 000030033 200030033 300030033 020030033 220030033 320030033 030030033 230030033 330030033 002030033 202030033 302030033 022030033 222030033 322030033 032030033 232030033 332030033 003030033 203030033 303030033 023030033 223030033 323030033 033030033 233030033 333030033 000230033 200230033 300230033 020230033 220230033 320230033 030230033 230230033 330230033 002230033 202230033 302230033 022230033 222230033 322230033
1621531559,032230033 232230033 332230033 003230033 203230033 303230033 023230033 223230033 323230033 033230033 233230033 333230033 000330033 200330033 300330033 020330033 220330033 320330033 030330033 230330033 330330033 002330033 202330033 302330033 022330033 222330033 322330033 032330033 232330033 332330033 003330033 203330033 303330033 023330033 223330033 323330033 033330033 233330033 333330033 000002033 200002033 300002033 020002033 220002033 320002033 030002033 230002033 330002033 002002033 202002033 302002033 022002033 222002033 322002033 032002033 232002033 332002033 003002033 203002033 303002033 023002033 223002033 323002033 033002033 233002033 333002033 000202033 200202033 300202033 020202033 220202033 320202033 030202033 230202033 330202033 002202033 202202033 302202033 022202033 222202033 322202033 032202033 232202033 332202033 003202033 203202033 303202033 023202033 223202033 323202033 033202033 233202033 333202033 000302033 200302033 300302033 020302033 220302033 320302033 030302033
1855981096,230302033 330302033 002302033 202302033 302302033 022302033 222302033 322302033 032302033 232302033 332302033 003302033 203302033 303302033 023302033 223302033 323302033 033302033 233302033 333302033 000022033 200022033 300022033 020022033 220022033 320022033 030022033 230022033 330022033 002022033 202022033 302022033 022022033 222022033 322022033 032022033 232022033 332022033 003022033 203022033 303022033 023022033 223022033 323022033 033022033 233022033 333022033 000222033 200222033 300222033 020222033 220222033 320222033 030222033 230222033 330222033 002222033 202222033 302222033 022222033 222222033 322222033 032222033 232222033 332222033 003222033 203222033 303222033 023222033 223222033 323222033 033222033 233222033 333222033 000322033 200322033 300322033 020322033 220322033 320322033 030322033 230322033 330322033 002322033 202322033 302322033 022322033 222322033 322322033 032322033 232322033 332322033 003322033 203322033 303322033 023322033 223322033 323322033 033322033 233322033
1046140866,333322033 000032033 200032033 300032033 020032033 220032033 320032033 030032033 230032033 330032033 002032033 202032033 302032033 022032033 222032033 322032033 032032033 232032033 332032033 003032033 203032033 303032033 023032033 223032033 323032033 033032033 233032033 333032033 000232033 200232033 300232033 020232033 220232033 320232033 030232033 230232033 330232033 002232033 202232033 302232033 022232033 222232033 322232033 032232033 232232033 332232033 003232033 203232033 303232033 023232033 223232033 323232033 033232033 233232033 333232033 000332033 200332033 300332033 020332033 220332033 320332033 030332033 230332033 330332033 002332033 202332033 302332033 022332033 222332033 322332033 032332033 232332033 332332033 003332033 203332033 303332033 023332033 223332033 323332033 033332033 233332033 333332033 000003033 200003033 300003033 020003033 220003033 320003033 030003033 230003033 330003033 002003033 202003033 302003033 022003033 222003033 322003033 032003033 232003033 332003033
118592078,003003033 203003033 303003033 023003033 223003033 323003033 033003033 233003033 333003033 000203033 200203033 300203033 020203033 220203033 320203033 030203033 230203033 330203033 002203033 202203033 302203033 022203033 222203033 322203033 032203033 232203033 332203033 003203033 203203033 303203033 023203033 223203033 323203033 033203033 233203033 333203033 000303033 200303033 300303033 020303033 220303033 320303033 030303033 230303033 330303033 002303033 202303033 302303033 022303033 222303033 322303033 032303033 232303033 332303033 003303033 203303033 303303033 023303033 223303033 323303033 033303033 233303033 333303033 000023033 200023033 300023033 020023033 220023033 320023033 030023033 230023033 330023033 002023033 202023033 302023033 022023033 222023033 322023033 032023033 232023033 332023033 003023033 203023033 303023033 023023033 223023033 323023033 033023033 233023033 333023033 000223033 200223033 300223033 020223033 220223033 320223033 030223033 230223033 330223033 002223033
1796866024,202223033 302223033 022223033 222223033 322223033 032223033 232223033 332223033 003223033 203223033 303223033 023223033 223223033 323223033 033223033 233223033 333223033 000323033 200323033 300323033 020323033 220323033 320323033 030323033 230323033 330323033 002323033 202323033 302323033 022323033 222323033 322323033 032323033 232323033 332323033 003323033 203323033 303323033 023323033 223323033 323323033 033323033 233323033 333323033 000033033 200033033 300033033 020033033 220033033 320033033 030033033 230033033 330033033 002033033 202033033 302033033 022033033 222033033 322033033 032033033 232033033 332033033 003033033 203033033 303033033 023033033 223033033 323033033 033033033 233033033 333033033 000233033 200233033 300233033 020233033 220233033 320233033 030233033 230233033 330233033 002233033 202233033 302233033 022233033 222233033 322233033 032233033 232233033 332233033 003233033 203233033 303233033 023233033 223233033 323233033 033233033 233233033 333233033 000333033 200333033
1724628776,300333033 020333033 220333033 320333033 030333033 230333033 330333033 002333033 202333033 302333033 022333033 222333033 322333033 032333033 232333033 332333033 003333033 203333033 303333033 023333033 223333033 323333033 033333033 233333033 333333033 000000233 200000233 300000233 020000233 220000233 320000233 030000233 230000233 330000233 002000233 202000233 302000233 022000233 222000233 322000233 032000233 232000233 332000233 003000233 203000233 303000233 023000233 223000233 323000233 033000233 233000233 333000233 000200233 200200233 300200233 020200233 220200233 320200233 030200233 230200233 330200233 002200233 202200233 302200233 022200233 222200233 322200233 032200233 232200233 332200233 003200233 203200233 303200233 023200233 223200233 323200233 033200233 233200233 333200233 000300233 200300233 300300233 020300233 220300233 320300233 030300233 230300233 330300233 002300233 202300233 302300233 022300233 222300233 322300233 032300233 232300233 332300233 003300233 203300233 303300233
798250,023300233 223300233 323300233 033300233 233300233 333300233 000020233 200020233 300020233 020020233 220020233 320020233 030020233 230020233 330020233 002020233 202020233 302020233 022020233 222020233 322020233 032020233 232020233 332020233 003020233 203020233 303020233 023020233 223020233 323020233 033020233 233020233 333020233 000220233 200220233 300220233 020220233 220220233 320220233 030220233 230220233 330220233 002220233 202220233 302220233 022220233 222220233 322220233 032220233 232220233 332220233 003220233 203220233 303220233 023220233 223220233 323220233 033220233 233220233 333220233 000320233 200320233 300320233 020320233 220320233 320320233 030320233 230320233 330320233 002320233 202320233 302320233 022320233 222320233 322320233 032320233 232320233 332320233 003320233 203320233 303320233 023320233 223320233 323320233 033320233 233320233 333320233 000030233 200030233 300030233 020030233 220030233 320030233 030030233 230030233 330030233 002030233 202030233 302030233 022030233
999376947,222030233 322030233 032030233 232030233 332030233 003030233 203030233 303030233 023030233 223030233 323030233 033030233 233030233 333030233 000230233 200230233 300230233 020230233 220230233 320230233 030230233 230230233 330230233 002230233 202230233 302230233 022230233 222230233 322230233 032230233 232230233 332230233 003230233 203230233 303230233 023230233 223230233 323230233 033230233 233230233 333230233 000330233 200330233 300330233 020330233 220330233 320330233 030330233 230330233 330330233 002330233 202330233 302330233 022330233 222330233 322330233 032330233 232330233 332330233 003330233 203330233 303330233 023330233 223330233 323330233 033330233 233330233 333330233 000002233 200002233 300002233 020002233 220002233 320002233 030002233 230002233 330002233 002002233 202002233 302002233 022002233 222002233 322002233 032002233 232002233 332002233 003002233 203002233 303002233 023002233 223002233 323002233 033002233 233002233 333002233 000202233 200202233 300202233 020202233 220202233
2108313395,320202233 030202233 230202233 330202233 002202233 202202233 302202233 022202233 222202233 322202233 032202233 232202233 332202233 003202233 203202233 303202233 023202233 223202233 323202233 033202233 233202233 333202233 000302233 200302233 300302233 020302233 220302233 320302233 030302233 230302233 330302233 002302233 202302233 302302233 022302233 222302233 322302233 032302233 232302233 332302233 003302233 203302233 303302233 023302233 223302233 323302233 033302233 233302233 333302233 000022233 200022233 300022233 020022233 220022233 320022233 030022233 230022233 330022233 002022233 202022233 302022233 022022233 222022233 322022233 032022233 232022233 332022233 003022233 203022233 303022233 023022233 223022233 323022233 033022233 233022233 333022233 000222233 200222233 300222233 020222233 220222233 320222233 030222233 230222233 330222233 002222233 202222233 302222233 022222233 222222233 322222233 032222233 232222233 332222233 003222233 203222233 303222233 023222233 223222233 323222233
557475752,033222233 233222233 333222233 000322233 200322233 300322233 020322233 220322233 320322233 030322233 230322233 330322233 002322233 202322233 302322233 022322233 222322233 322322233 032322233 232322233 332322233 003322233 203322233 303322233 023322233 223322233 323322233 033322233 233322233 333322233 000032233 200032233 300032233 020032233 220032233 320032233 030032233 230032233 330032233 002032233 202032233 302032233 022032233 222032233 322032233 032032233 232032233 332032233 003032233 203032233 303032233 023032233 223032233 323032233 033032233 233032233 333032233 000232233 200232233 300232233 020232233 220232233 320232233 030232233 230232233 330232233 002232233 202232233 302232233 022232233 222232233 322232233 032232233 232232233 332232233 003232233 203232233 303232233 023232233 223232233 323232233 033232233 233232233 333232233 000332233 200332233 300332233 020332233 220332233 320332233 030332233 230332233 330332233 002332233 202332233 302332233 022332233 222332233 322332233 032332233
2050310128,232332233 332332233 003332233 203332233 303332233 023332233 223332233 323332233 033332233 233332233 333332233 000003233 200003233 300003233 020003233 220003233 320003233 030003233 230003233 330003233 002003233 202003233 302003233 022003233 222003233 322003233 032003233 232003233 332003233 003003233 203003233 303003233 023003233 223003233 323003233 033003233 233003233 333003233 000203233 200203233 300203233 020203233 220203233 320203233 030203233 230203233 330203233 002203233 202203233 302203233 022203233 222203233 322203233 032203233 232203233 332203233 003203233 203203233 303203233 023203233 223203233 323203233 033203233 233203233 333203233 000303233 200303233 300303233 020303233 220303233 320303233 030303233 230303233 330303233 002303233 202303233 302303233 022303233 222303233 322303233 032303233 232303233 332303233 003303233 203303233 303303233 023303233 223303233 323303233 033303233 233303233 333303233 000023233 200023233 300023233 020023233 220023233 320023233 030023233 230023233
1275305711,330023233 002023233 202023233 302023233 022023233 222023233 322023233 032023233 232023233 332023233 003023233 203023233 303023233 023023233 223023233 323023233 033023233 233023233 333023233 000223233 200223233 300223233 020223233 220223233 320223233 030223233 230223233 330223233 002223233 202223233 302223233 022223233 222223233 322223233 032223233 232223233 332223233 003223233 203223233 303223233 023223233 223223233 323223233 033223233 233223233 333223233 000323233 200323233 300323233 020323233 220323233 320323233 030323233 230323233 330323233 002323233 202323233 302323233 022323233 222323233 322323233 032323233 232323233 332323233 003323233 203323233 303323233 023323233 223323233 323323233 033323233 233323233 333323233 000033233 200033233 300033233 020033233 220033233 320033233 030033233 230033233 330033233 002033233 202033233 302033233 022033233 222033233 322033233 032033233 232033233 332033233 003033233 203033233 303033233 023033233 223033233 323033233 033033233 233033233 333033233
519238094,000233233 200233233 300233233 020233233 220233233 320233233 030233233 230233233 330233233 002233233 202233233 302233233 022233233 222233233 322233233 032233233 232233233 332233233 003233233 203233233 303233233 023233233 223233233 323233233 033233233 233233233 333233233 000333233 200333233 300333233 020333233 220333233 320333233 030333233 230333233 330333233 002333233 202333233 302333233 022333233 222333233 322333233 032333233 232333233 332333233 003333233 203333233 303333233 023333233 223333233 323333233 033333233 233333233 333333233 000000333 200000333 300000333 020000333 220000333 320000333 030000333 230000333 330000333 002000333 202000333 302000333 022000333 222000333 322000333 032000333 232000333 332000333 003000333 203000333 303000333 023000333 223000333 323000333 033000333 233000333 333000333 000200333 200200333 300200333 020200333 220200333 320200333 030200333 230200333 330200333 002200333 202200333 302200333 022200333 222200333 322200333 032200333 232200333 332200333 003200333
721333888,203200333 303200333 023200333 223200333 323200333 033200333 233200333 333200333 000300333 200300333 300300333 020300333 220300333 320300333 030300333 230300333 330300333 002300333 202300333 302300333 022300333 222300333 322300333 032300333 232300333 332300333 003300333 203300333 303300333 023300333 223300333 323300333 033300333 233300333 333300333 000020333 200020333 300020333 020020333 220020333 320020333 030020333 230020333 330020333 002020333 202020333 302020333 022020333 222020333 322020333 032020333 232020333 332020333 003020333 203020333 303020333 023020333 223020333 323020333 033020333 233020333 333020333 000220333 200220333 300220333 020220333 220220333 320220333 030220333 230220333 330220333 002220333 202220333 302220333 022220333 222220333 322220333 032220333 232220333 332220333 003220333 203220333 303220333 023220333 223220333 323220333 033220333 233220333 333220333 000320333 200320333 300320333 020320333 220320333 320320333 030320333 230320333 330320333 002320333 202320333
2125990410,302320333 022320333 222320333 322320333 032320333 232320333 332320333 003320333 203320333 303320333 023320333 223320333 323320333 033320333 233320333 333320333 000030333 200030333 300030333 020030333 220030333 320030333 030030333 230030333 330030333 002030333 202030333 302030333 022030333 222030333 322030333 032030333 232030333 332030333 003030333 203030333 303030333 023030333 223030333 323030333 033030333 233030333 333030333 000230333 200230333 300230333 020230333 220230333 320230333 030230333 230230333 330230333 002230333 202230333 302230333 022230333 222230333 322230333 032230333 232230333 332230333 003230333 203230333 303230333 023230333 223230333 323230333 033230333 233230333 333230333 000330333 200330333 300330333 020330333 220330333 320330333 030330333 230330333 330330333 002330333 202330333 302330333 022330333 222330333 322330333 032330333 232330333 332330333 003330333 203330333 303330333 023330333 223330333 323330333 033330333 233330333 333330333 000002333 200002333 300002333
1445134915,020002333 220002333 320002333 030002333 230002333 330002333 002002333 202002333 302002333 022002333 222002333 322002333 032002333 232002333 332002333 003002333 203002333 303002333 023002333 223002333 323002333 033002333 233002333 333002333 000202333 200202333 300202333 020202333 220202333 320202333 030202333 230202333 330202333 002202333 202202333 302202333 022202333 222202333 322202333 032202333 232202333 332202333 003202333 203202333 303202333 023202333 223202333 323202333 033202333 233202333 333202333 000302333 200302333 300302333 020302333 220302333 320302333 030302333 230302333 330302333 002302333 202302333 302302333 022302333 222302333 322302333 032302333 232302333 332302333 003302333 203302333 303302333 023302333 223302333 323302333 033302333 233302333 333302333 000022333 200022333 300022333 020022333 220022333 320022333 030022333 230022333 330022333 002022333 202022333 302022333 022022333 222022333 322022333 032022333 232022333 332022333 003022333 203022333 303022333 023022333
1881684794,223022333 323022333 033022333 233022333 333022333 000222333 200222333 300222333 020222333 220222333 320222333 030222333 230222333 330222333 002222333 202222333 302222333 022222333 222222333 322222333 032222333 232222333 332222333 003222333 203222333 303222333 023222333 223222333 323222333 033222333 233222333 333222333 000322333 200322333 300322333 020322333 220322333 320322333 030322333 230322333 330322333 002322333 202322333 302322333 022322333 222322333 322322333 032322333 232322333 332322333 003322333 203322333 303322333 023322333 223322333 323322333 033322333 233322333 333322333 000032333 200032333 300032333 020032333 220032333 320032333 030032333 230032333 330032333 002032333 202032333 302032333 022032333 222032333 322032333 032032333 232032333 332032333 003032333 203032333 303032333 023032333 223032333 323032333 033032333 233032333 333032333 000232333 200232333 300232333 020232333 220232333 320232333 030232333 230232333 330232333 002232333 202232333 302232333 022232333 222232333
726534516,322232333 032232333 232232333 332232333 003232333 203232333 303232333 023232333 223232333 323232333 033232333 233232333 333232333 000332333 200332333 300332333 020332333 220332333 320332333 030332333 230332333 330332333 002332333 202332333 302332333 022332333 222332333 322332333 032332333 232332333 332332333 003332333 203332333 303332333 023332333 223332333 323332333 033332333 233332333 333332333 000003333 200003333 300003333 020003333 220003333 320003333 030003333 230003333 330003333 002003333 202003333 302003333 022003333 222003333 322003333 032003333 232003333 332003333 003003333 203003333 303003333 023003333 223003333 323003333 033003333 233003333 333003333 000203333 200203333 300203333 020203333 220203333 320203333 030203333 230203333 330203333 002203333 202203333 302203333 022203333 222203333 322203333 032203333 232203333 332203333 003203333 203203333 303203333 023203333 223203333 323203333 033203333 233203333 333203333 000303333 200303333 300303333 020303333 220303333 320303333
1308074388,030303333 230303333 330303333 002303333 202303333 302303333 022303333 222303333 322303333 032303333 232303333 332303333 003303333 203303333 303303333 023303333 223303333 323303333 033303333 233303333 333303333 000023333 200023333 300023333 020023333 220023333 320023333 030023333 230023333 330023333 002023333 202023333 302023333 022023333 222023333 322023333 032023333 232023333 332023333 003023333 203023333 303023333 023023333 223023333 323023333 033023333 233023333 333023333 000223333 200223333 300223333 020223333 220223333 320223333 030223333 230223333 330223333 002223333 202223333 302223333 022223333 222223333 322223333 032223333 232223333 332223333 003223333 203223333 303223333 023223333 223223333 323223333 033223333 233223333 333223333 000323333 200323333 300323333 020323333 220323333 320323333 030323333 230323333 330323333 002323333 202323333 302323333 022323333 222323333 322323333 032323333 232323333 332323333 003323333 203323333 303323333 023323333 223323333 323323333 033323333
128087567,233323333 333323333 000033333 200033333 300033333 020033333 220033333 320033333 030033333 230033333 330033333 002033333 202033333 302033333 022033333 222033333 322033333 032033333 232033333 332033333 003033333 203033333 303033333 023033333 223033333 323033333 033033333 233033333 333033333 000233333 200233333 300233333 020233333 220233333 320233333 030233333 230233333 330233333 002233333 202233333 302233333 022233333 222233333 322233333 032233333 232233333 332233333 003233333 203233333 303233333 023233333 223233333 323233333 033233333 233233333 333233333 000333333 200333333 300333333 020333333 220333333 320333333 030333333 230333333 330333333 002333333 202333333 302333333 022333333 222333333 322333333 032333333 232333333 332333333 003333333 203333333 303333333 023333333 223333333 323333333 033333333 233333333 333333333
