clifford_deformation,exp_ler,uncertainty,method_shots,source_file
232332030,0.0202098989505052,0.0002224933123216,400000,results/rs/SC3_HBD_MWPM_2_5x/results/sweep_11_exp_0_checkpoints.csv
232332030,0.0202098989505052,0.0002224933123216,800000,results/rs/SC3_HBD_MWPM_2_5x/results/sweep_11_exp_0_checkpoints.csv
320000030,0.0197924010379948,0.0002202300820499,1200000,results/rs/SC3_HBD_MWPM_2_5x/results/sweep_11_exp_0_checkpoints.csv
320000030,0.0197924010379948,0.0002202300820499,1600000,results/rs/SC3_HBD_MWPM_2_5x/results/sweep_11_exp_0_checkpoints.csv
320000030,0.0197924010379948,0.0002202300820499,2400000,results/rs/SC3_HBD_MWPM_2_5x/results/sweep_11_exp_0_checkpoints.csv
320000030,0.0197924010379948,0.0002202300820499,3200000,results/rs/SC3_HBD_MWPM_2_5x/results/sweep_11_exp_0_checkpoints.csv
320000030,0.0197924010379948,0.0002202300820499,4400000,results/rs/SC3_HBD_MWPM_2_5x/results/sweep_11_exp_0_checkpoints.csv
320000030,0.0197924010379948,0.0002202300820499,5600000,results/rs/SC3_HBD_MWPM_2_5x/results/sweep_11_exp_0_checkpoints.csv
223303030,0.0186524067379663,0.000213917955989,7200000,results/rs/SC3_HBD_MWPM_2_5x/results/sweep_11_exp_0_checkpoints.csv
223303030,0.0186524067379663,0.000213917955989,9200000,results/rs/SC3_HBD_MWPM_2_5x/results/sweep_11_exp_0_checkpoints.csv
223303030,0.0186524067379663,0.000213917955989,11600000,results/rs/SC3_HBD_MWPM_2_5x/results/sweep_11_exp_0_checkpoints.csv
223303030,0.0186524067379663,0.000213917955989,14800000,results/rs/SC3_HBD_MWPM_2_5x/results/sweep_11_exp_0_checkpoints.csv
030003033,0.0168649156754216,0.0002035949728451,18800000,results/rs/SC3_HBD_MWPM_2_5x/results/sweep_11_exp_0_checkpoints.csv
030003033,0.0168649156754216,0.0002035949728451,24000000,results/rs/SC3_HBD_MWPM_2_5x/results/sweep_11_exp_0_checkpoints.csv
030003033,0.0168649156754216,0.0002035949728451,30400000,results/rs/SC3_HBD_MWPM_2_5x/results/sweep_11_exp_0_checkpoints.csv
030003033,0.0168649156754216,0.0002035949728451,38400000,results/rs/SC3_HBD_MWPM_2_5x/results/sweep_11_exp_0_checkpoints.csv
030003033,0.0168649156754216,0.0002035949728451,48400000,results/rs/SC3_HBD_MWPM_2_5x/results/sweep_11_exp_0_checkpoints.csv
030003033,0.0168649156754216,0.0002035949728451,61200000,results/rs/SC3_HBD_MWPM_2_5x/results/sweep_11_exp_0_checkpoints.csv
030003033,0.0168649156754216,0.0002035949728451,77200000,results/rs/SC3_HBD_MWPM_2_5x/results/sweep_11_exp_0_checkpoints.csv
330303033,0.0168524157379213,0.0002035208017332,97200000,results/rs/SC3_HBD_MWPM_2_5x/results/sweep_11_exp_0_checkpoints.csv
330303033,0.0168524157379213,0.0002035208017332,122400000,results/rs/SC3_HBD_MWPM_2_5x/results/sweep_11_exp_0_checkpoints.csv
330303033,0.0168524157379213,0.0002035208017332,154400000,results/rs/SC3_HBD_MWPM_2_5x/results/sweep_11_exp_0_checkpoints.csv
330303033,0.0168524157379213,0.0002035208017332,194400000,results/rs/SC3_HBD_MWPM_2_5x/results/sweep_11_exp_0_checkpoints.csv
330303033,0.0168524157379213,0.0002035208017332,244800000,results/rs/SC3_HBD_MWPM_2_5x/results/sweep_11_exp_0_checkpoints.csv
330303033,0.0168524157379213,0.0002035208017332,308400000,results/rs/SC3_HBD_MWPM_2_5x/results/sweep_11_exp_0_checkpoints.csv
330303033,0.0168524157379213,0.0002035208017332,388400000,results/rs/SC3_HBD_MWPM_2_5x/results/sweep_11_exp_0_checkpoints.csv
033003030,0.0167099164504177,0.0002026732108788,489200000,results/rs/SC3_HBD_MWPM_2_5x/results/sweep_11_exp_0_checkpoints.csv
033003030,0.0167099164504177,0.0002026732108788,616000000,results/rs/SC3_HBD_MWPM_2_5x/results/sweep_11_exp_0_checkpoints.csv
033003030,0.0167099164504177,0.0002026732108788,775600000,results/rs/SC3_HBD_MWPM_2_5x/results/sweep_11_exp_0_checkpoints.csv
033300030,0.0166524167379163,0.0002023301203735,976800000,results/rs/SC3_HBD_MWPM_2_5x/results/sweep_11_exp_0_checkpoints.csv
030303330,0.0161974190129049,0.0001995929778786,1230000000,results/rs/SC3_HBD_MWPM_2_5x/results/sweep_11_exp_0_checkpoints.csv
030303330,0.0161974190129049,0.0001995929778786,1548800000,results/rs/SC3_HBD_MWPM_2_5x/results/sweep_11_exp_0_checkpoints.csv
030303030,0.0151349243253783,0.0001930398138938,1950000000,results/rs/SC3_HBD_MWPM_2_5x/results/sweep_11_exp_0_checkpoints.csv
030303030,0.0151349243253783,0.0001930398138938,2455200000,results/rs/SC3_HBD_MWPM_2_5x/results/sweep_11_exp_0_checkpoints.csv
030303030,0.0151349243253783,0.0001930398138938,3091200000,results/rs/SC3_HBD_MWPM_2_5x/results/sweep_11_exp_0_checkpoints.csv
030303030,0.0151349243253783,0.0001930398138938,3891600000,results/rs/SC3_HBD_MWPM_2_5x/results/sweep_11_exp_0_checkpoints.csv
030303030,0.0151349243253783,0.0001930398138938,4899600000,results/rs/SC3_HBD_MWPM_2_5x/results/sweep_11_exp_0_checkpoints.csv
030303030,0.0151349243253783,0.0001930398138938,6168400000,results/rs/SC3_HBD_MWPM_2_5x/results/sweep_11_exp_0_checkpoints.csv
203322032,0.0237023814880925,0.000240522364038,400000,results/rs/SC3_HBD_MWPM_2_5x/results/sweep_8_exp_0_checkpoints.csv
330002222,0.0225273873630631,0.0002346259716432,800000,results/rs/SC3_HBD_MWPM_2_5x/results/sweep_8_exp_0_checkpoints.csv
232302022,0.0210798946005269,0.0002271308912895,1200000,results/rs/SC3_HBD_MWPM_2_5x/results/sweep_8_exp_0_checkpoints.csv
232302022,0.0210798946005269,0.0002271308912895,1600000,results/rs/SC3_HBD_MWPM_2_5x/results/sweep_8_exp_0_checkpoints.csv
232302022,0.0210798946005269,0.0002271308912895,2400000,results/rs/SC3_HBD_MWPM_2_5x/results/sweep_8_exp_0_checkpoints.csv
022333230,0.0206873965630171,0.0002250515244668,3200000,results/rs/SC3_HBD_MWPM_2_5x/results/sweep_8_exp_0_checkpoints.csv
022333230,0.0206873965630171,0.0002250515244668,4400000,results/rs/SC3_HBD_MWPM_2_5x/results/sweep_8_exp_0_checkpoints.csv
022333230,0.0206873965630171,0.0002250515244668,5600000,results/rs/SC3_HBD_MWPM_2_5x/results/sweep_8_exp_0_checkpoints.csv
230302302,0.0199574002129989,0.0002211275423178,7200000,results/rs/SC3_HBD_MWPM_2_5x/results/sweep_8_exp_0_checkpoints.csv
230302302,0.0199574002129989,0.0002211275423178,9200000,results/rs/SC3_HBD_MWPM_2_5x/results/sweep_8_exp_0_checkpoints.csv
230302302,0.0199574002129989,0.0002211275423178,11600000,results/rs/SC3_HBD_MWPM_2_5x/results/sweep_8_exp_0_checkpoints.csv
032003003,0.0189274053629731,0.0002154589310521,14800000,results/rs/SC3_HBD_MWPM_2_5x/results/sweep_8_exp_0_checkpoints.csv
233303000,0.0177724111379443,0.0002089044137392,18800000,results/rs/SC3_HBD_MWPM_2_5x/results/sweep_8_exp_0_checkpoints.csv
233303000,0.0177724111379443,0.0002089044137392,24000000,results/rs/SC3_HBD_MWPM_2_5x/results/sweep_8_exp_0_checkpoints.csv
233303000,0.0177724111379443,0.0002089044137392,30400000,results/rs/SC3_HBD_MWPM_2_5x/results/sweep_8_exp_0_checkpoints.csv
233303000,0.0177724111379443,0.0002089044137392,38400000,results/rs/SC3_HBD_MWPM_2_5x/results/sweep_8_exp_0_checkpoints.csv
233303000,0.0177724111379443,0.0002089044137392,48400000,results/rs/SC3_HBD_MWPM_2_5x/results/sweep_8_exp_0_checkpoints.csv
233303000,0.0177724111379443,0.0002089044137392,61200000,results/rs/SC3_HBD_MWPM_2_5x/results/sweep_8_exp_0_checkpoints.csv
030300330,0.0173324133379333,0.0002063484425889,77200000,results/rs/SC3_HBD_MWPM_2_5x/results/sweep_8_exp_0_checkpoints.csv
030300330,0.0173324133379333,0.0002063484425889,97200000,results/rs/SC3_HBD_MWPM_2_5x/results/sweep_8_exp_0_checkpoints.csv
030300330,0.0173324133379333,0.0002063484425889,122400000,results/rs/SC3_HBD_MWPM_2_5x/results/sweep_8_exp_0_checkpoints.csv
030300330,0.0173324133379333,0.0002063484425889,154400000,results/rs/SC3_HBD_MWPM_2_5x/results/sweep_8_exp_0_checkpoints.csv
030300330,0.0173324133379333,0.0002063484425889,194400000,results/rs/SC3_HBD_MWPM_2_5x/results/sweep_8_exp_0_checkpoints.csv
000303330,0.0166624166879165,0.0002023898268816,244800000,results/rs/SC3_HBD_MWPM_2_5x/results/sweep_8_exp_0_checkpoints.csv
000303330,0.0166624166879165,0.0002023898268816,308400000,results/rs/SC3_HBD_MWPM_2_5x/results/sweep_8_exp_0_checkpoints.csv
000303330,0.0166624166879165,0.0002023898268816,388400000,results/rs/SC3_HBD_MWPM_2_5x/results/sweep_8_exp_0_checkpoints.csv
000303330,0.0166624166879165,0.0002023898268816,489200000,results/rs/SC3_HBD_MWPM_2_5x/results/sweep_8_exp_0_checkpoints.csv
000303330,0.0166624166879165,0.0002023898268816,616000000,results/rs/SC3_HBD_MWPM_2_5x/results/sweep_8_exp_0_checkpoints.csv
030303030,0.0151249243753781,0.0001929770078277,775600000,results/rs/SC3_HBD_MWPM_2_5x/results/sweep_8_exp_0_checkpoints.csv
030303030,0.0151249243753781,0.0001929770078277,976800000,results/rs/SC3_HBD_MWPM_2_5x/results/sweep_8_exp_0_checkpoints.csv
030303030,0.0151249243753781,0.0001929770078277,1230000000,results/rs/SC3_HBD_MWPM_2_5x/results/sweep_8_exp_0_checkpoints.csv
030303030,0.0151249243753781,0.0001929770078277,1548800000,results/rs/SC3_HBD_MWPM_2_5x/results/sweep_8_exp_0_checkpoints.csv
030303030,0.0151249243753781,0.0001929770078277,1950000000,results/rs/SC3_HBD_MWPM_2_5x/results/sweep_8_exp_0_checkpoints.csv
030303030,0.0151249243753781,0.0001929770078277,2455200000,results/rs/SC3_HBD_MWPM_2_5x/results/sweep_8_exp_0_checkpoints.csv
030303030,0.0151249243753781,0.0001929770078277,3091200000,results/rs/SC3_HBD_MWPM_2_5x/results/sweep_8_exp_0_checkpoints.csv
030303030,0.0151249243753781,0.0001929770078277,3891600000,results/rs/SC3_HBD_MWPM_2_5x/results/sweep_8_exp_0_checkpoints.csv
030303030,0.0151249243753781,0.0001929770078277,4899600000,results/rs/SC3_HBD_MWPM_2_5x/results/sweep_8_exp_0_checkpoints.csv
030303030,0.0151249243753781,0.0001929770078277,6168400000,results/rs/SC3_HBD_MWPM_2_5x/results/sweep_8_exp_0_checkpoints.csv
303302222,0.0235798821005895,0.0002399150835117,400000,results/rs/SC3_HBD_MWPM_2_5x/results/sweep_20_exp_0_checkpoints.csv
303302222,0.0235798821005895,0.0002399150835117,800000,results/rs/SC3_HBD_MWPM_2_5x/results/sweep_20_exp_0_checkpoints.csv
032002223,0.0226698866505667,0.000235349725699,1200000,results/rs/SC3_HBD_MWPM_2_5x/results/sweep_20_exp_0_checkpoints.csv
032002223,0.0226698866505667,0.000235349725699,1600000,results/rs/SC3_HBD_MWPM_2_5x/results/sweep_20_exp_0_checkpoints.csv
330302002,0.0191949040254798,0.0002169465296901,2400000,results/rs/SC3_HBD_MWPM_2_5x/results/sweep_20_exp_0_checkpoints.csv
330302002,0.0191949040254798,0.0002169465296901,3200000,results/rs/SC3_HBD_MWPM_2_5x/results/sweep_20_exp_0_checkpoints.csv
330302002,0.0191949040254798,0.0002169465296901,4400000,results/rs/SC3_HBD_MWPM_2_5x/results/sweep_20_exp_0_checkpoints.csv
330302002,0.0191949040254798,0.0002169465296901,5600000,results/rs/SC3_HBD_MWPM_2_5x/results/sweep_20_exp_0_checkpoints.csv
330302002,0.0191949040254798,0.0002169465296901,7200000,results/rs/SC3_HBD_MWPM_2_5x/results/sweep_20_exp_0_checkpoints.csv
330302002,0.0191949040254798,0.0002169465296901,9200000,results/rs/SC3_HBD_MWPM_2_5x/results/sweep_20_exp_0_checkpoints.csv
330302002,0.0191949040254798,0.0002169465296901,11600000,results/rs/SC3_HBD_MWPM_2_5x/results/sweep_20_exp_0_checkpoints.csv
330303202,0.0188599057004714,0.0002150817890651,14800000,results/rs/SC3_HBD_MWPM_2_5x/results/sweep_20_exp_0_checkpoints.csv
032303033,0.0169549152254238,0.0002041281550191,18800000,results/rs/SC3_HBD_MWPM_2_5x/results/sweep_20_exp_0_checkpoints.csv
032303033,0.0169549152254238,0.0002041281550191,24000000,results/rs/SC3_HBD_MWPM_2_5x/results/sweep_20_exp_0_checkpoints.csv
032303033,0.0169549152254238,0.0002041281550191,30400000,results/rs/SC3_HBD_MWPM_2_5x/results/sweep_20_exp_0_checkpoints.csv
330303020,0.0165824170879145,0.0002019116072915,38400000,results/rs/SC3_HBD_MWPM_2_5x/results/sweep_20_exp_0_checkpoints.csv
330303020,0.0165824170879145,0.0002019116072915,48400000,results/rs/SC3_HBD_MWPM_2_5x/results/sweep_20_exp_0_checkpoints.csv
330303020,0.0165824170879145,0.0002019116072915,61200000,results/rs/SC3_HBD_MWPM_2_5x/results/sweep_20_exp_0_checkpoints.csv
330303020,0.0165824170879145,0.0002019116072915,77200000,results/rs/SC3_HBD_MWPM_2_5x/results/sweep_20_exp_0_checkpoints.csv
330303020,0.0165824170879145,0.0002019116072915,97200000,results/rs/SC3_HBD_MWPM_2_5x/results/sweep_20_exp_0_checkpoints.csv
330303020,0.0165824170879145,0.0002019116072915,122400000,results/rs/SC3_HBD_MWPM_2_5x/results/sweep_20_exp_0_checkpoints.csv
330303230,0.0163274183629081,0.0002003791014431,154400000,results/rs/SC3_HBD_MWPM_2_5x/results/sweep_20_exp_0_checkpoints.csv
330303230,0.0163274183629081,0.0002003791014431,194400000,results/rs/SC3_HBD_MWPM_2_5x/results/sweep_20_exp_0_checkpoints.csv
330303230,0.0163274183629081,0.0002003791014431,244800000,results/rs/SC3_HBD_MWPM_2_5x/results/sweep_20_exp_0_checkpoints.csv
330303230,0.0163274183629081,0.0002003791014431,308400000,results/rs/SC3_HBD_MWPM_2_5x/results/sweep_20_exp_0_checkpoints.csv
330303230,0.0163274183629081,0.0002003791014431,388400000,results/rs/SC3_HBD_MWPM_2_5x/results/sweep_20_exp_0_checkpoints.csv
330303230,0.0163274183629081,0.0002003791014431,489200000,results/rs/SC3_HBD_MWPM_2_5x/results/sweep_20_exp_0_checkpoints.csv
230303030,0.0159474202628986,0.0001980718516279,616000000,results/rs/SC3_HBD_MWPM_2_5x/results/sweep_20_exp_0_checkpoints.csv
230303030,0.0159474202628986,0.0001980718516279,775600000,results/rs/SC3_HBD_MWPM_2_5x/results/sweep_20_exp_0_checkpoints.csv
230303030,0.0159474202628986,0.0001980718516279,976800000,results/rs/SC3_HBD_MWPM_2_5x/results/sweep_20_exp_0_checkpoints.csv
230303030,0.0159474202628986,0.0001980718516279,1230000000,results/rs/SC3_HBD_MWPM_2_5x/results/sweep_20_exp_0_checkpoints.csv
230303030,0.0159474202628986,0.0001980718516279,1548800000,results/rs/SC3_HBD_MWPM_2_5x/results/sweep_20_exp_0_checkpoints.csv
230303030,0.0159474202628986,0.0001980718516279,1950000000,results/rs/SC3_HBD_MWPM_2_5x/results/sweep_20_exp_0_checkpoints.csv
230303030,0.0159474202628986,0.0001980718516279,2455200000,results/rs/SC3_HBD_MWPM_2_5x/results/sweep_20_exp_0_checkpoints.csv
230303030,0.0159474202628986,0.0001980718516279,3091200000,results/rs/SC3_HBD_MWPM_2_5x/results/sweep_20_exp_0_checkpoints.csv
033303030,0.0158074209628951,0.0001972145400941,3891600000,results/rs/SC3_HBD_MWPM_2_5x/results/sweep_20_exp_0_checkpoints.csv
030303030,0.0152374238128809,0.000193682295503,4899600000,results/rs/SC3_HBD_MWPM_2_5x/results/sweep_20_exp_0_checkpoints.csv
030303030,0.0152374238128809,0.000193682295503,6168400000,results/rs/SC3_HBD_MWPM_2_5x/results/sweep_20_exp_0_checkpoints.csv
320020003,0.024522377388113,0.0002445447316858,400000,results/rs/SC3_HBD_MWPM_2_5x/results/sweep_17_exp_0_checkpoints.csv
002300233,0.0209848950755246,0.0002266295196022,800000,results/rs/SC3_HBD_MWPM_2_5x/results/sweep_17_exp_0_checkpoints.csv
002300233,0.0209848950755246,0.0002266295196022,1200000,results/rs/SC3_HBD_MWPM_2_5x/results/sweep_17_exp_0_checkpoints.csv
002300233,0.0209848950755246,0.0002266295196022,1600000,results/rs/SC3_HBD_MWPM_2_5x/results/sweep_17_exp_0_checkpoints.csv
002300233,0.0209848950755246,0.0002266295196022,2400000,results/rs/SC3_HBD_MWPM_2_5x/results/sweep_17_exp_0_checkpoints.csv
302300330,0.0202948985255073,0.0002229510428151,3200000,results/rs/SC3_HBD_MWPM_2_5x/results/sweep_17_exp_0_checkpoints.csv
302300330,0.0202948985255073,0.0002229510428151,4400000,results/rs/SC3_HBD_MWPM_2_5x/results/sweep_17_exp_0_checkpoints.csv
230203332,0.0196774016129919,0.0002196022396674,5600000,results/rs/SC3_HBD_MWPM_2_5x/results/sweep_17_exp_0_checkpoints.csv
230203332,0.0196774016129919,0.0002196022396674,7200000,results/rs/SC3_HBD_MWPM_2_5x/results/sweep_17_exp_0_checkpoints.csv
230203332,0.0196774016129919,0.0002196022396674,9200000,results/rs/SC3_HBD_MWPM_2_5x/results/sweep_17_exp_0_checkpoints.csv
233203032,0.0193299033504832,0.0002176931157009,11600000,results/rs/SC3_HBD_MWPM_2_5x/results/sweep_17_exp_0_checkpoints.csv
233203032,0.0193299033504832,0.0002176931157009,14800000,results/rs/SC3_HBD_MWPM_2_5x/results/sweep_17_exp_0_checkpoints.csv
233203032,0.0193299033504832,0.0002176931157009,18800000,results/rs/SC3_HBD_MWPM_2_5x/results/sweep_17_exp_0_checkpoints.csv
033302030,0.0169949150254248,0.0002043646381935,24000000,results/rs/SC3_HBD_MWPM_2_5x/results/sweep_17_exp_0_checkpoints.csv
033302030,0.0169949150254248,0.0002043646381935,30400000,results/rs/SC3_HBD_MWPM_2_5x/results/sweep_17_exp_0_checkpoints.csv
033302030,0.0169949150254248,0.0002043646381935,38400000,results/rs/SC3_HBD_MWPM_2_5x/results/sweep_17_exp_0_checkpoints.csv
033302030,0.0169949150254248,0.0002043646381935,48400000,results/rs/SC3_HBD_MWPM_2_5x/results/sweep_17_exp_0_checkpoints.csv
033302030,0.0169949150254248,0.0002043646381935,61200000,results/rs/SC3_HBD_MWPM_2_5x/results/sweep_17_exp_0_checkpoints.csv
033302030,0.0169949150254248,0.0002043646381935,77200000,results/rs/SC3_HBD_MWPM_2_5x/results/sweep_17_exp_0_checkpoints.csv
033302030,0.0169949150254248,0.0002043646381935,97200000,results/rs/SC3_HBD_MWPM_2_5x/results/sweep_17_exp_0_checkpoints.csv
033302030,0.0169949150254248,0.0002043646381935,122400000,results/rs/SC3_HBD_MWPM_2_5x/results/sweep_17_exp_0_checkpoints.csv
030303030,0.0149424252878735,0.000191826999071,154400000,results/rs/SC3_HBD_MWPM_2_5x/results/sweep_17_exp_0_checkpoints.csv
030303030,0.0149424252878735,0.000191826999071,194400000,results/rs/SC3_HBD_MWPM_2_5x/results/sweep_17_exp_0_checkpoints.csv
030303030,0.0149424252878735,0.000191826999071,244800000,results/rs/SC3_HBD_MWPM_2_5x/results/sweep_17_exp_0_checkpoints.csv
030303030,0.0149424252878735,0.000191826999071,308400000,results/rs/SC3_HBD_MWPM_2_5x/results/sweep_17_exp_0_checkpoints.csv
030303030,0.0149424252878735,0.000191826999071,388400000,results/rs/SC3_HBD_MWPM_2_5x/results/sweep_17_exp_0_checkpoints.csv
030303030,0.0149424252878735,0.000191826999071,489200000,results/rs/SC3_HBD_MWPM_2_5x/results/sweep_17_exp_0_checkpoints.csv
030303030,0.0149424252878735,0.000191826999071,616000000,results/rs/SC3_HBD_MWPM_2_5x/results/sweep_17_exp_0_checkpoints.csv
030303030,0.0149424252878735,0.000191826999071,775600000,results/rs/SC3_HBD_MWPM_2_5x/results/sweep_17_exp_0_checkpoints.csv
030303030,0.0149424252878735,0.000191826999071,976800000,results/rs/SC3_HBD_MWPM_2_5x/results/sweep_17_exp_0_checkpoints.csv
030303030,0.0149424252878735,0.000191826999071,1230000000,results/rs/SC3_HBD_MWPM_2_5x/results/sweep_17_exp_0_checkpoints.csv
030303030,0.0149424252878735,0.000191826999071,1548800000,results/rs/SC3_HBD_MWPM_2_5x/results/sweep_17_exp_0_checkpoints.csv
030303030,0.0149424252878735,0.000191826999071,1950000000,results/rs/SC3_HBD_MWPM_2_5x/results/sweep_17_exp_0_checkpoints.csv
030303030,0.0149424252878735,0.000191826999071,2455200000,results/rs/SC3_HBD_MWPM_2_5x/results/sweep_17_exp_0_checkpoints.csv
030303030,0.0149424252878735,0.000191826999071,3091200000,results/rs/SC3_HBD_MWPM_2_5x/results/sweep_17_exp_0_checkpoints.csv
030303030,0.0149424252878735,0.000191826999071,3891600000,results/rs/SC3_HBD_MWPM_2_5x/results/sweep_17_exp_0_checkpoints.csv
030303030,0.0149424252878735,0.000191826999071,4899600000,results/rs/SC3_HBD_MWPM_2_5x/results/sweep_17_exp_0_checkpoints.csv
030303030,0.0149424252878735,0.000191826999071,6168400000,results/rs/SC3_HBD_MWPM_2_5x/results/sweep_17_exp_0_checkpoints.csv
022000232,0.0231423842880785,0.0002377322234679,400000,results/rs/SC3_HBD_MWPM_2_5x/results/sweep_2_exp_0_checkpoints.csv
022000232,0.0231423842880785,0.0002377322234679,800000,results/rs/SC3_HBD_MWPM_2_5x/results/sweep_2_exp_0_checkpoints.csv
303302202,0.0231348843255783,0.0002376946213189,1200000,results/rs/SC3_HBD_MWPM_2_5x/results/sweep_2_exp_0_checkpoints.csv
303302202,0.0231348843255783,0.0002376946213189,1600000,results/rs/SC3_HBD_MWPM_2_5x/results/sweep_2_exp_0_checkpoints.csv
033003300,0.0187899060504697,0.0002146899350918,2400000,results/rs/SC3_HBD_MWPM_2_5x/results/sweep_2_exp_0_checkpoints.csv
033003300,0.0187899060504697,0.0002146899350918,3200000,results/rs/SC3_HBD_MWPM_2_5x/results/sweep_2_exp_0_checkpoints.csv
033003300,0.0187899060504697,0.0002146899350918,4400000,results/rs/SC3_HBD_MWPM_2_5x/results/sweep_2_exp_0_checkpoints.csv
033003300,0.0187899060504697,0.0002146899350918,5600000,results/rs/SC3_HBD_MWPM_2_5x/results/sweep_2_exp_0_checkpoints.csv
030302333,0.0182149089254553,0.0002114414382958,7200000,results/rs/SC3_HBD_MWPM_2_5x/results/sweep_2_exp_0_checkpoints.csv
030302333,0.0182149089254553,0.0002114414382958,9200000,results/rs/SC3_HBD_MWPM_2_5x/results/sweep_2_exp_0_checkpoints.csv
030302333,0.0182149089254553,0.0002114414382958,11600000,results/rs/SC3_HBD_MWPM_2_5x/results/sweep_2_exp_0_checkpoints.csv
030302333,0.0182149089254553,0.0002114414382958,14800000,results/rs/SC3_HBD_MWPM_2_5x/results/sweep_2_exp_0_checkpoints.csv
030302333,0.0182149089254553,0.0002114414382958,18800000,results/rs/SC3_HBD_MWPM_2_5x/results/sweep_2_exp_0_checkpoints.csv
030302333,0.0182149089254553,0.0002114414382958,24000000,results/rs/SC3_HBD_MWPM_2_5x/results/sweep_2_exp_0_checkpoints.csv
033300030,0.0165649171754141,0.0002018068335019,30400000,results/rs/SC3_HBD_MWPM_2_5x/results/sweep_2_exp_0_checkpoints.csv
033300030,0.0165649171754141,0.0002018068335019,38400000,results/rs/SC3_HBD_MWPM_2_5x/results/sweep_2_exp_0_checkpoints.csv
033300030,0.0165649171754141,0.0002018068335019,48400000,results/rs/SC3_HBD_MWPM_2_5x/results/sweep_2_exp_0_checkpoints.csv
033300030,0.0165649171754141,0.0002018068335019,61200000,results/rs/SC3_HBD_MWPM_2_5x/results/sweep_2_exp_0_checkpoints.csv
033300030,0.0165649171754141,0.0002018068335019,77200000,results/rs/SC3_HBD_MWPM_2_5x/results/sweep_2_exp_0_checkpoints.csv
033300030,0.0165649171754141,0.0002018068335019,97200000,results/rs/SC3_HBD_MWPM_2_5x/results/sweep_2_exp_0_checkpoints.csv
033300030,0.0165649171754141,0.0002018068335019,122400000,results/rs/SC3_HBD_MWPM_2_5x/results/sweep_2_exp_0_checkpoints.csv
033300030,0.0165649171754141,0.0002018068335019,154400000,results/rs/SC3_HBD_MWPM_2_5x/results/sweep_2_exp_0_checkpoints.csv
033300030,0.0165649171754141,0.0002018068335019,194400000,results/rs/SC3_HBD_MWPM_2_5x/results/sweep_2_exp_0_checkpoints.csv
033300030,0.0165649171754141,0.0002018068335019,244800000,results/rs/SC3_HBD_MWPM_2_5x/results/sweep_2_exp_0_checkpoints.csv
033300030,0.0165649171754141,0.0002018068335019,308400000,results/rs/SC3_HBD_MWPM_2_5x/results/sweep_2_exp_0_checkpoints.csv
033300030,0.0165649171754141,0.0002018068335019,388400000,results/rs/SC3_HBD_MWPM_2_5x/results/sweep_2_exp_0_checkpoints.csv
033300030,0.0165649171754141,0.0002018068335019,489200000,results/rs/SC3_HBD_MWPM_2_5x/results/sweep_2_exp_0_checkpoints.csv
033300030,0.0165649171754141,0.0002018068335019,616000000,results/rs/SC3_HBD_MWPM_2_5x/results/sweep_2_exp_0_checkpoints.csv
033300030,0.0165649171754141,0.0002018068335019,775600000,results/rs/SC3_HBD_MWPM_2_5x/results/sweep_2_exp_0_checkpoints.csv
030303033,0.0157549212253938,0.0001968920259969,976800000,results/rs/SC3_HBD_MWPM_2_5x/results/sweep_2_exp_0_checkpoints.csv
030303033,0.0157549212253938,0.0001968920259969,1230000000,results/rs/SC3_HBD_MWPM_2_5x/results/sweep_2_exp_0_checkpoints.csv
030303033,0.0157549212253938,0.0001968920259969,1548800000,results/rs/SC3_HBD_MWPM_2_5x/results/sweep_2_exp_0_checkpoints.csv
030303033,0.0157549212253938,0.0001968920259969,1950000000,results/rs/SC3_HBD_MWPM_2_5x/results/sweep_2_exp_0_checkpoints.csv
030303330,0.015722421387893,0.0001966920826816,2455200000,results/rs/SC3_HBD_MWPM_2_5x/results/sweep_2_exp_0_checkpoints.csv
030303330,0.015722421387893,0.0001966920826816,3091200000,results/rs/SC3_HBD_MWPM_2_5x/results/sweep_2_exp_0_checkpoints.csv
030303030,0.0149974250128749,0.0001921743387356,3891600000,results/rs/SC3_HBD_MWPM_2_5x/results/sweep_2_exp_0_checkpoints.csv
030303030,0.0149974250128749,0.0001921743387356,4899600000,results/rs/SC3_HBD_MWPM_2_5x/results/sweep_2_exp_0_checkpoints.csv
030303030,0.0149974250128749,0.0001921743387356,6168400000,results/rs/SC3_HBD_MWPM_2_5x/results/sweep_2_exp_0_checkpoints.csv
232323233,0.0223523882380588,0.0002337337937206,400000,results/rs/SC3_HBD_MWPM_2_5x/results/sweep_4_exp_0_checkpoints.csv
232323233,0.0223523882380588,0.0002337337937206,800000,results/rs/SC3_HBD_MWPM_2_5x/results/sweep_4_exp_0_checkpoints.csv
003333300,0.0202223988880055,0.0002225606876891,1200000,results/rs/SC3_HBD_MWPM_2_5x/results/sweep_4_exp_0_checkpoints.csv
003333300,0.0202223988880055,0.0002225606876891,1600000,results/rs/SC3_HBD_MWPM_2_5x/results/sweep_4_exp_0_checkpoints.csv
003333300,0.0202223988880055,0.0002225606876891,2400000,results/rs/SC3_HBD_MWPM_2_5x/results/sweep_4_exp_0_checkpoints.csv
003333300,0.0202223988880055,0.0002225606876891,3200000,results/rs/SC3_HBD_MWPM_2_5x/results/sweep_4_exp_0_checkpoints.csv
003333300,0.0202223988880055,0.0002225606876891,4400000,results/rs/SC3_HBD_MWPM_2_5x/results/sweep_4_exp_0_checkpoints.csv
003333300,0.0202223988880055,0.0002225606876891,5600000,results/rs/SC3_HBD_MWPM_2_5x/results/sweep_4_exp_0_checkpoints.csv
233203032,0.0195399023004884,0.0002188489743275,7200000,results/rs/SC3_HBD_MWPM_2_5x/results/sweep_4_exp_0_checkpoints.csv
230303233,0.017882410587947,0.0002095381641993,9200000,results/rs/SC3_HBD_MWPM_2_5x/results/sweep_4_exp_0_checkpoints.csv
230303233,0.017882410587947,0.0002095381641993,11600000,results/rs/SC3_HBD_MWPM_2_5x/results/sweep_4_exp_0_checkpoints.csv
230303233,0.017882410587947,0.0002095381641993,14800000,results/rs/SC3_HBD_MWPM_2_5x/results/sweep_4_exp_0_checkpoints.csv
230303233,0.017882410587947,0.0002095381641993,18800000,results/rs/SC3_HBD_MWPM_2_5x/results/sweep_4_exp_0_checkpoints.csv
230303233,0.017882410587947,0.0002095381641993,24000000,results/rs/SC3_HBD_MWPM_2_5x/results/sweep_4_exp_0_checkpoints.csv
230303233,0.017882410587947,0.0002095381641993,30400000,results/rs/SC3_HBD_MWPM_2_5x/results/sweep_4_exp_0_checkpoints.csv
230303233,0.017882410587947,0.0002095381641993,38400000,results/rs/SC3_HBD_MWPM_2_5x/results/sweep_4_exp_0_checkpoints.csv
230303233,0.017882410587947,0.0002095381641993,48400000,results/rs/SC3_HBD_MWPM_2_5x/results/sweep_4_exp_0_checkpoints.csv
032300030,0.017242413787931,0.0002058214449789,61200000,results/rs/SC3_HBD_MWPM_2_5x/results/sweep_4_exp_0_checkpoints.csv
032300030,0.017242413787931,0.0002058214449789,77200000,results/rs/SC3_HBD_MWPM_2_5x/results/sweep_4_exp_0_checkpoints.csv
032300030,0.017242413787931,0.0002058214449789,97200000,results/rs/SC3_HBD_MWPM_2_5x/results/sweep_4_exp_0_checkpoints.csv
032300030,0.017242413787931,0.0002058214449789,122400000,results/rs/SC3_HBD_MWPM_2_5x/results/sweep_4_exp_0_checkpoints.csv
032300030,0.017242413787931,0.0002058214449789,154400000,results/rs/SC3_HBD_MWPM_2_5x/results/sweep_4_exp_0_checkpoints.csv
032300030,0.017242413787931,0.0002058214449789,194400000,results/rs/SC3_HBD_MWPM_2_5x/results/sweep_4_exp_0_checkpoints.csv
032300030,0.017242413787931,0.0002058214449789,244800000,results/rs/SC3_HBD_MWPM_2_5x/results/sweep_4_exp_0_checkpoints.csv
020003030,0.0171549142254288,0.0002053076750598,308400000,results/rs/SC3_HBD_MWPM_2_5x/results/sweep_4_exp_0_checkpoints.csv
020003030,0.0171549142254288,0.0002053076750598,388400000,results/rs/SC3_HBD_MWPM_2_5x/results/sweep_4_exp_0_checkpoints.csv
033303020,0.0167724161379193,0.0002030454197665,489200000,results/rs/SC3_HBD_MWPM_2_5x/results/sweep_4_exp_0_checkpoints.csv
000303030,0.0159099204503977,0.0001978426007553,616000000,results/rs/SC3_HBD_MWPM_2_5x/results/sweep_4_exp_0_checkpoints.csv
000303030,0.0159099204503977,0.0001978426007553,775600000,results/rs/SC3_HBD_MWPM_2_5x/results/sweep_4_exp_0_checkpoints.csv
030303030,0.0150499247503762,0.0001925052783917,976800000,results/rs/SC3_HBD_MWPM_2_5x/results/sweep_4_exp_0_checkpoints.csv
030303030,0.0150499247503762,0.0001925052783917,1230000000,results/rs/SC3_HBD_MWPM_2_5x/results/sweep_4_exp_0_checkpoints.csv
030303030,0.0150499247503762,0.0001925052783917,1548800000,results/rs/SC3_HBD_MWPM_2_5x/results/sweep_4_exp_0_checkpoints.csv
030303030,0.0150499247503762,0.0001925052783917,1950000000,results/rs/SC3_HBD_MWPM_2_5x/results/sweep_4_exp_0_checkpoints.csv
030303030,0.0150499247503762,0.0001925052783917,2455200000,results/rs/SC3_HBD_MWPM_2_5x/results/sweep_4_exp_0_checkpoints.csv
030303030,0.0150499247503762,0.0001925052783917,3091200000,results/rs/SC3_HBD_MWPM_2_5x/results/sweep_4_exp_0_checkpoints.csv
030303030,0.0150499247503762,0.0001925052783917,3891600000,results/rs/SC3_HBD_MWPM_2_5x/results/sweep_4_exp_0_checkpoints.csv
030303030,0.0150499247503762,0.0001925052783917,4899600000,results/rs/SC3_HBD_MWPM_2_5x/results/sweep_4_exp_0_checkpoints.csv
030303030,0.0150499247503762,0.0001925052783917,6168400000,results/rs/SC3_HBD_MWPM_2_5x/results/sweep_4_exp_0_checkpoints.csv
322323030,0.0213348933255333,0.0002284707734361,400000,results/rs/SC3_HBD_MWPM_2_5x/results/sweep_9_exp_0_checkpoints.csv
322323030,0.0213348933255333,0.0002284707734361,800000,results/rs/SC3_HBD_MWPM_2_5x/results/sweep_9_exp_0_checkpoints.csv
322323030,0.0213348933255333,0.0002284707734361,1200000,results/rs/SC3_HBD_MWPM_2_5x/results/sweep_9_exp_0_checkpoints.csv
322323030,0.0213348933255333,0.0002284707734361,1600000,results/rs/SC3_HBD_MWPM_2_5x/results/sweep_9_exp_0_checkpoints.csv
003000330,0.0197174014129929,0.0002198208385379,2400000,results/rs/SC3_HBD_MWPM_2_5x/results/sweep_9_exp_0_checkpoints.csv
003000330,0.0197174014129929,0.0002198208385379,3200000,results/rs/SC3_HBD_MWPM_2_5x/results/sweep_9_exp_0_checkpoints.csv
003000330,0.0197174014129929,0.0002198208385379,4400000,results/rs/SC3_HBD_MWPM_2_5x/results/sweep_9_exp_0_checkpoints.csv
003000330,0.0197174014129929,0.0002198208385379,5600000,results/rs/SC3_HBD_MWPM_2_5x/results/sweep_9_exp_0_checkpoints.csv
022303020,0.0192174039129804,0.0002170711522921,7200000,results/rs/SC3_HBD_MWPM_2_5x/results/sweep_9_exp_0_checkpoints.csv
022303020,0.0192174039129804,0.0002170711522921,9200000,results/rs/SC3_HBD_MWPM_2_5x/results/sweep_9_exp_0_checkpoints.csv
023303030,0.0174224128879355,0.0002068740141112,11600000,results/rs/SC3_HBD_MWPM_2_5x/results/sweep_9_exp_0_checkpoints.csv
023303030,0.0174224128879355,0.0002068740141112,14800000,results/rs/SC3_HBD_MWPM_2_5x/results/sweep_9_exp_0_checkpoints.csv
023303030,0.0174224128879355,0.0002068740141112,18800000,results/rs/SC3_HBD_MWPM_2_5x/results/sweep_9_exp_0_checkpoints.csv
023303030,0.0174224128879355,0.0002068740141112,24000000,results/rs/SC3_HBD_MWPM_2_5x/results/sweep_9_exp_0_checkpoints.csv
023303030,0.0174224128879355,0.0002068740141112,30400000,results/rs/SC3_HBD_MWPM_2_5x/results/sweep_9_exp_0_checkpoints.csv
023303030,0.0174224128879355,0.0002068740141112,38400000,results/rs/SC3_HBD_MWPM_2_5x/results/sweep_9_exp_0_checkpoints.csv
023303030,0.0174224128879355,0.0002068740141112,48400000,results/rs/SC3_HBD_MWPM_2_5x/results/sweep_9_exp_0_checkpoints.csv
023303030,0.0174224128879355,0.0002068740141112,61200000,results/rs/SC3_HBD_MWPM_2_5x/results/sweep_9_exp_0_checkpoints.csv
023303030,0.0174224128879355,0.0002068740141112,77200000,results/rs/SC3_HBD_MWPM_2_5x/results/sweep_9_exp_0_checkpoints.csv
023303030,0.0174224128879355,0.0002068740141112,97200000,results/rs/SC3_HBD_MWPM_2_5x/results/sweep_9_exp_0_checkpoints.csv
023303030,0.0174224128879355,0.0002068740141112,122400000,results/rs/SC3_HBD_MWPM_2_5x/results/sweep_9_exp_0_checkpoints.csv
023303030,0.0174224128879355,0.0002068740141112,154400000,results/rs/SC3_HBD_MWPM_2_5x/results/sweep_9_exp_0_checkpoints.csv
023303030,0.0174224128879355,0.0002068740141112,194400000,results/rs/SC3_HBD_MWPM_2_5x/results/sweep_9_exp_0_checkpoints.csv
023303030,0.0174224128879355,0.0002068740141112,244800000,results/rs/SC3_HBD_MWPM_2_5x/results/sweep_9_exp_0_checkpoints.csv
023303030,0.0174224128879355,0.0002068740141112,308400000,results/rs/SC3_HBD_MWPM_2_5x/results/sweep_9_exp_0_checkpoints.csv
000303030,0.016279918600407,0.0002000922395382,388400000,results/rs/SC3_HBD_MWPM_2_5x/results/sweep_9_exp_0_checkpoints.csv
000303030,0.016279918600407,0.0002000922395382,489200000,results/rs/SC3_HBD_MWPM_2_5x/results/sweep_9_exp_0_checkpoints.csv
030303032,0.0161449192754036,0.0001992745674215,616000000,results/rs/SC3_HBD_MWPM_2_5x/results/sweep_9_exp_0_checkpoints.csv
030303032,0.0161449192754036,0.0001992745674215,775600000,results/rs/SC3_HBD_MWPM_2_5x/results/sweep_9_exp_0_checkpoints.csv
230303030,0.0156774216128919,0.0001964148978004,976800000,results/rs/SC3_HBD_MWPM_2_5x/results/sweep_9_exp_0_checkpoints.csv
230303030,0.0156774216128919,0.0001964148978004,1230000000,results/rs/SC3_HBD_MWPM_2_5x/results/sweep_9_exp_0_checkpoints.csv
230303030,0.0156774216128919,0.0001964148978004,1548800000,results/rs/SC3_HBD_MWPM_2_5x/results/sweep_9_exp_0_checkpoints.csv
230303030,0.0156774216128919,0.0001964148978004,1950000000,results/rs/SC3_HBD_MWPM_2_5x/results/sweep_9_exp_0_checkpoints.csv
030303030,0.0150149249253753,0.0001922847295645,2455200000,results/rs/SC3_HBD_MWPM_2_5x/results/sweep_9_exp_0_checkpoints.csv
030303030,0.0150149249253753,0.0001922847295645,3091200000,results/rs/SC3_HBD_MWPM_2_5x/results/sweep_9_exp_0_checkpoints.csv
030303030,0.0150149249253753,0.0001922847295645,3891600000,results/rs/SC3_HBD_MWPM_2_5x/results/sweep_9_exp_0_checkpoints.csv
030303030,0.0150149249253753,0.0001922847295645,4899600000,results/rs/SC3_HBD_MWPM_2_5x/results/sweep_9_exp_0_checkpoints.csv
030303030,0.0150149249253753,0.0001922847295645,6168400000,results/rs/SC3_HBD_MWPM_2_5x/results/sweep_9_exp_0_checkpoints.csv
330332300,0.0211423942880285,0.0002274600992677,400000,results/rs/SC3_HBD_MWPM_2_5x/results/sweep_10_exp_0_checkpoints.csv
330332300,0.0211423942880285,0.0002274600992677,800000,results/rs/SC3_HBD_MWPM_2_5x/results/sweep_10_exp_0_checkpoints.csv
000330003,0.0208148959255203,0.0002257292799185,1200000,results/rs/SC3_HBD_MWPM_2_5x/results/sweep_10_exp_0_checkpoints.csv
000330003,0.0208148959255203,0.0002257292799185,1600000,results/rs/SC3_HBD_MWPM_2_5x/results/sweep_10_exp_0_checkpoints.csv
003023030,0.0200698996505017,0.0002217371802544,2400000,results/rs/SC3_HBD_MWPM_2_5x/results/sweep_10_exp_0_checkpoints.csv
003023030,0.0200698996505017,0.0002217371802544,3200000,results/rs/SC3_HBD_MWPM_2_5x/results/sweep_10_exp_0_checkpoints.csv
020333300,0.0194649026754866,0.0002184369368478,4400000,results/rs/SC3_HBD_MWPM_2_5x/results/sweep_10_exp_0_checkpoints.csv
000303000,0.017039914800426,0.0002046303416136,5600000,results/rs/SC3_HBD_MWPM_2_5x/results/sweep_10_exp_0_checkpoints.csv
000303000,0.017039914800426,0.0002046303416136,7200000,results/rs/SC3_HBD_MWPM_2_5x/results/sweep_10_exp_0_checkpoints.csv
000303000,0.017039914800426,0.0002046303416136,9200000,results/rs/SC3_HBD_MWPM_2_5x/results/sweep_10_exp_0_checkpoints.csv
000303000,0.017039914800426,0.0002046303416136,11600000,results/rs/SC3_HBD_MWPM_2_5x/results/sweep_10_exp_0_checkpoints.csv
000303000,0.017039914800426,0.0002046303416136,14800000,results/rs/SC3_HBD_MWPM_2_5x/results/sweep_10_exp_0_checkpoints.csv
000303000,0.017039914800426,0.0002046303416136,18800000,results/rs/SC3_HBD_MWPM_2_5x/results/sweep_10_exp_0_checkpoints.csv
000303000,0.017039914800426,0.0002046303416136,24000000,results/rs/SC3_HBD_MWPM_2_5x/results/sweep_10_exp_0_checkpoints.csv
000303000,0.017039914800426,0.0002046303416136,30400000,results/rs/SC3_HBD_MWPM_2_5x/results/sweep_10_exp_0_checkpoints.csv
000303000,0.017039914800426,0.0002046303416136,38400000,results/rs/SC3_HBD_MWPM_2_5x/results/sweep_10_exp_0_checkpoints.csv
000303000,0.017039914800426,0.0002046303416136,48400000,results/rs/SC3_HBD_MWPM_2_5x/results/sweep_10_exp_0_checkpoints.csv
000303000,0.017039914800426,0.0002046303416136,61200000,results/rs/SC3_HBD_MWPM_2_5x/results/sweep_10_exp_0_checkpoints.csv
000303000,0.017039914800426,0.0002046303416136,77200000,results/rs/SC3_HBD_MWPM_2_5x/results/sweep_10_exp_0_checkpoints.csv
000303000,0.017039914800426,0.0002046303416136,97200000,results/rs/SC3_HBD_MWPM_2_5x/results/sweep_10_exp_0_checkpoints.csv
000303000,0.017039914800426,0.0002046303416136,122400000,results/rs/SC3_HBD_MWPM_2_5x/results/sweep_10_exp_0_checkpoints.csv
000303000,0.017039914800426,0.0002046303416136,154400000,results/rs/SC3_HBD_MWPM_2_5x/results/sweep_10_exp_0_checkpoints.csv
000303000,0.017039914800426,0.0002046303416136,194400000,results/rs/SC3_HBD_MWPM_2_5x/results/sweep_10_exp_0_checkpoints.csv
000303000,0.017039914800426,0.0002046303416136,244800000,results/rs/SC3_HBD_MWPM_2_5x/results/sweep_10_exp_0_checkpoints.csv
000303000,0.017039914800426,0.0002046303416136,308400000,results/rs/SC3_HBD_MWPM_2_5x/results/sweep_10_exp_0_checkpoints.csv
000303000,0.017039914800426,0.0002046303416136,388400000,results/rs/SC3_HBD_MWPM_2_5x/results/sweep_10_exp_0_checkpoints.csv
030303030,0.0150599247003764,0.0001925682445289,489200000,results/rs/SC3_HBD_MWPM_2_5x/results/sweep_10_exp_0_checkpoints.csv
030303030,0.0150599247003764,0.0001925682445289,616000000,results/rs/SC3_HBD_MWPM_2_5x/results/sweep_10_exp_0_checkpoints.csv
030303030,0.0150599247003764,0.0001925682445289,775600000,results/rs/SC3_HBD_MWPM_2_5x/results/sweep_10_exp_0_checkpoints.csv
030303030,0.0150599247003764,0.0001925682445289,976800000,results/rs/SC3_HBD_MWPM_2_5x/results/sweep_10_exp_0_checkpoints.csv
030303030,0.0150599247003764,0.0001925682445289,1230000000,results/rs/SC3_HBD_MWPM_2_5x/results/sweep_10_exp_0_checkpoints.csv
030303030,0.0150599247003764,0.0001925682445289,1548800000,results/rs/SC3_HBD_MWPM_2_5x/results/sweep_10_exp_0_checkpoints.csv
030303030,0.0150599247003764,0.0001925682445289,1950000000,results/rs/SC3_HBD_MWPM_2_5x/results/sweep_10_exp_0_checkpoints.csv
030303030,0.0150599247003764,0.0001925682445289,2455200000,results/rs/SC3_HBD_MWPM_2_5x/results/sweep_10_exp_0_checkpoints.csv
030303030,0.0150599247003764,0.0001925682445289,3091200000,results/rs/SC3_HBD_MWPM_2_5x/results/sweep_10_exp_0_checkpoints.csv
030303030,0.0150599247003764,0.0001925682445289,3891600000,results/rs/SC3_HBD_MWPM_2_5x/results/sweep_10_exp_0_checkpoints.csv
030303030,0.0150599247003764,0.0001925682445289,4899600000,results/rs/SC3_HBD_MWPM_2_5x/results/sweep_10_exp_0_checkpoints.csv
030303030,0.0150599247003764,0.0001925682445289,6168400000,results/rs/SC3_HBD_MWPM_2_5x/results/sweep_10_exp_0_checkpoints.csv
302002022,0.0240773796131019,0.0002423710102448,400000,results/rs/SC3_HBD_MWPM_2_5x/results/sweep_16_exp_0_checkpoints.csv
302002022,0.0240773796131019,0.0002423710102448,800000,results/rs/SC3_HBD_MWPM_2_5x/results/sweep_16_exp_0_checkpoints.csv
200223333,0.0237748811255943,0.0002408809959888,1200000,results/rs/SC3_HBD_MWPM_2_5x/results/sweep_16_exp_0_checkpoints.csv
333322002,0.0234123829380853,0.000239081957261,1600000,results/rs/SC3_HBD_MWPM_2_5x/results/sweep_16_exp_0_checkpoints.csv
223300233,0.0220223898880505,0.0002320411731489,2400000,results/rs/SC3_HBD_MWPM_2_5x/results/sweep_16_exp_0_checkpoints.csv
223300233,0.0220223898880505,0.0002320411731489,3200000,results/rs/SC3_HBD_MWPM_2_5x/results/sweep_16_exp_0_checkpoints.csv
000302332,0.0195274023629881,0.0002187803620472,4400000,results/rs/SC3_HBD_MWPM_2_5x/results/sweep_16_exp_0_checkpoints.csv
000302332,0.0195274023629881,0.0002187803620472,5600000,results/rs/SC3_HBD_MWPM_2_5x/results/sweep_16_exp_0_checkpoints.csv
000302332,0.0195274023629881,0.0002187803620472,7200000,results/rs/SC3_HBD_MWPM_2_5x/results/sweep_16_exp_0_checkpoints.csv
000302332,0.0195274023629881,0.0002187803620472,9200000,results/rs/SC3_HBD_MWPM_2_5x/results/sweep_16_exp_0_checkpoints.csv
000302332,0.0195274023629881,0.0002187803620472,11600000,results/rs/SC3_HBD_MWPM_2_5x/results/sweep_16_exp_0_checkpoints.csv
000302332,0.0195274023629881,0.0002187803620472,14800000,results/rs/SC3_HBD_MWPM_2_5x/results/sweep_16_exp_0_checkpoints.csv
300003000,0.0188074059629701,0.0002147879713447,18800000,results/rs/SC3_HBD_MWPM_2_5x/results/sweep_16_exp_0_checkpoints.csv
300003000,0.0188074059629701,0.0002147879713447,24000000,results/rs/SC3_HBD_MWPM_2_5x/results/sweep_16_exp_0_checkpoints.csv
300003000,0.0188074059629701,0.0002147879713447,30400000,results/rs/SC3_HBD_MWPM_2_5x/results/sweep_16_exp_0_checkpoints.csv
000003030,0.01720241398793,0.0002055867516901,38400000,results/rs/SC3_HBD_MWPM_2_5x/results/sweep_16_exp_0_checkpoints.csv
000003030,0.01720241398793,0.0002055867516901,48400000,results/rs/SC3_HBD_MWPM_2_5x/results/sweep_16_exp_0_checkpoints.csv
000003030,0.01720241398793,0.0002055867516901,61200000,results/rs/SC3_HBD_MWPM_2_5x/results/sweep_16_exp_0_checkpoints.csv
000003030,0.01720241398793,0.0002055867516901,77200000,results/rs/SC3_HBD_MWPM_2_5x/results/sweep_16_exp_0_checkpoints.csv
000003030,0.01720241398793,0.0002055867516901,97200000,results/rs/SC3_HBD_MWPM_2_5x/results/sweep_16_exp_0_checkpoints.csv
000003030,0.01720241398793,0.0002055867516901,122400000,results/rs/SC3_HBD_MWPM_2_5x/results/sweep_16_exp_0_checkpoints.csv
230303330,0.0165049174754126,0.0002014471538132,154400000,results/rs/SC3_HBD_MWPM_2_5x/results/sweep_16_exp_0_checkpoints.csv
332303030,0.0164449177754111,0.0002010868047364,194400000,results/rs/SC3_HBD_MWPM_2_5x/results/sweep_16_exp_0_checkpoints.csv
332303030,0.0164449177754111,0.0002010868047364,244800000,results/rs/SC3_HBD_MWPM_2_5x/results/sweep_16_exp_0_checkpoints.csv
332303030,0.0164449177754111,0.0002010868047364,308400000,results/rs/SC3_HBD_MWPM_2_5x/results/sweep_16_exp_0_checkpoints.csv
332303030,0.0164449177754111,0.0002010868047364,388400000,results/rs/SC3_HBD_MWPM_2_5x/results/sweep_16_exp_0_checkpoints.csv
300303030,0.0162999185004074,0.0002002130786422,489200000,results/rs/SC3_HBD_MWPM_2_5x/results/sweep_16_exp_0_checkpoints.csv
300303030,0.0162999185004074,0.0002002130786422,616000000,results/rs/SC3_HBD_MWPM_2_5x/results/sweep_16_exp_0_checkpoints.csv
300303030,0.0162999185004074,0.0002002130786422,775600000,results/rs/SC3_HBD_MWPM_2_5x/results/sweep_16_exp_0_checkpoints.csv
330303030,0.0159699201503992,0.0001982092508114,976800000,results/rs/SC3_HBD_MWPM_2_5x/results/sweep_16_exp_0_checkpoints.csv
032303030,0.0157949210253948,0.0001971378078451,1230000000,results/rs/SC3_HBD_MWPM_2_5x/results/sweep_16_exp_0_checkpoints.csv
032303030,0.0157949210253948,0.0001971378078451,1548800000,results/rs/SC3_HBD_MWPM_2_5x/results/sweep_16_exp_0_checkpoints.csv
032303030,0.0157949210253948,0.0001971378078451,1950000000,results/rs/SC3_HBD_MWPM_2_5x/results/sweep_16_exp_0_checkpoints.csv
032303030,0.0157949210253948,0.0001971378078451,2455200000,results/rs/SC3_HBD_MWPM_2_5x/results/sweep_16_exp_0_checkpoints.csv
032303030,0.0157949210253948,0.0001971378078451,3091200000,results/rs/SC3_HBD_MWPM_2_5x/results/sweep_16_exp_0_checkpoints.csv
032303030,0.0157949210253948,0.0001971378078451,3891600000,results/rs/SC3_HBD_MWPM_2_5x/results/sweep_16_exp_0_checkpoints.csv
030303030,0.0152699236503817,0.000193885542103,4899600000,results/rs/SC3_HBD_MWPM_2_5x/results/sweep_16_exp_0_checkpoints.csv
030303030,0.0152699236503817,0.000193885542103,6168400000,results/rs/SC3_HBD_MWPM_2_5x/results/sweep_16_exp_0_checkpoints.csv
222220203,0.028842355788221,0.0002646236389409,400000,results/rs/SC3_HBD_MWPM_2_5x/results/sweep_21_exp_0_checkpoints.csv
200020222,0.0274448627756861,0.0002583187888376,800000,results/rs/SC3_HBD_MWPM_2_5x/results/sweep_21_exp_0_checkpoints.csv
022032032,0.0236898815505922,0.0002404604747425,1200000,results/rs/SC3_HBD_MWPM_2_5x/results/sweep_21_exp_0_checkpoints.csv
022032032,0.0236898815505922,0.0002404604747425,1600000,results/rs/SC3_HBD_MWPM_2_5x/results/sweep_21_exp_0_checkpoints.csv
300202002,0.021842390788046,0.0002311122079845,2400000,results/rs/SC3_HBD_MWPM_2_5x/results/sweep_21_exp_0_checkpoints.csv
032023033,0.0205248973755131,0.0002241844922536,3200000,results/rs/SC3_HBD_MWPM_2_5x/results/sweep_21_exp_0_checkpoints.csv
032023033,0.0205248973755131,0.0002241844922536,4400000,results/rs/SC3_HBD_MWPM_2_5x/results/sweep_21_exp_0_checkpoints.csv
032023033,0.0205248973755131,0.0002241844922536,5600000,results/rs/SC3_HBD_MWPM_2_5x/results/sweep_21_exp_0_checkpoints.csv
032023033,0.0205248973755131,0.0002241844922536,7200000,results/rs/SC3_HBD_MWPM_2_5x/results/sweep_21_exp_0_checkpoints.csv
032023033,0.0205248973755131,0.0002241844922536,9200000,results/rs/SC3_HBD_MWPM_2_5x/results/sweep_21_exp_0_checkpoints.csv
200202030,0.0199699001504992,0.0002211953687947,11600000,results/rs/SC3_HBD_MWPM_2_5x/results/sweep_21_exp_0_checkpoints.csv
033320020,0.0198774006129969,0.0002206929057138,14800000,results/rs/SC3_HBD_MWPM_2_5x/results/sweep_21_exp_0_checkpoints.csv
020300332,0.0192849035754821,0.0002174445544369,18800000,results/rs/SC3_HBD_MWPM_2_5x/results/sweep_21_exp_0_checkpoints.csv
230000330,0.0190374048129759,0.0002160719886887,24000000,results/rs/SC3_HBD_MWPM_2_5x/results/sweep_21_exp_0_checkpoints.csv
230000330,0.0190374048129759,0.0002160719886887,30400000,results/rs/SC3_HBD_MWPM_2_5x/results/sweep_21_exp_0_checkpoints.csv
230000330,0.0190374048129759,0.0002160719886887,38400000,results/rs/SC3_HBD_MWPM_2_5x/results/sweep_21_exp_0_checkpoints.csv
230000330,0.0190374048129759,0.0002160719886887,48400000,results/rs/SC3_HBD_MWPM_2_5x/results/sweep_21_exp_0_checkpoints.csv
030003330,0.0168349158254208,0.0002034169156104,61200000,results/rs/SC3_HBD_MWPM_2_5x/results/sweep_21_exp_0_checkpoints.csv
030003330,0.0168349158254208,0.0002034169156104,77200000,results/rs/SC3_HBD_MWPM_2_5x/results/sweep_21_exp_0_checkpoints.csv
030003330,0.0168349158254208,0.0002034169156104,97200000,results/rs/SC3_HBD_MWPM_2_5x/results/sweep_21_exp_0_checkpoints.csv
030003330,0.0168349158254208,0.0002034169156104,122400000,results/rs/SC3_HBD_MWPM_2_5x/results/sweep_21_exp_0_checkpoints.csv
030003330,0.0168349158254208,0.0002034169156104,154400000,results/rs/SC3_HBD_MWPM_2_5x/results/sweep_21_exp_0_checkpoints.csv
030003330,0.0168349158254208,0.0002034169156104,194400000,results/rs/SC3_HBD_MWPM_2_5x/results/sweep_21_exp_0_checkpoints.csv
030003330,0.0168349158254208,0.0002034169156104,244800000,results/rs/SC3_HBD_MWPM_2_5x/results/sweep_21_exp_0_checkpoints.csv
020303033,0.0167874160629196,0.0002031346521107,308400000,results/rs/SC3_HBD_MWPM_2_5x/results/sweep_21_exp_0_checkpoints.csv
033303030,0.0155424222878885,0.0001955808111233,388400000,results/rs/SC3_HBD_MWPM_2_5x/results/sweep_21_exp_0_checkpoints.csv
033303030,0.0155424222878885,0.0001955808111233,489200000,results/rs/SC3_HBD_MWPM_2_5x/results/sweep_21_exp_0_checkpoints.csv
033303030,0.0155424222878885,0.0001955808111233,616000000,results/rs/SC3_HBD_MWPM_2_5x/results/sweep_21_exp_0_checkpoints.csv
033303030,0.0155424222878885,0.0001955808111233,775600000,results/rs/SC3_HBD_MWPM_2_5x/results/sweep_21_exp_0_checkpoints.csv
033303030,0.0155424222878885,0.0001955808111233,976800000,results/rs/SC3_HBD_MWPM_2_5x/results/sweep_21_exp_0_checkpoints.csv
033303030,0.0155424222878885,0.0001955808111233,1230000000,results/rs/SC3_HBD_MWPM_2_5x/results/sweep_21_exp_0_checkpoints.csv
033303030,0.0155424222878885,0.0001955808111233,1548800000,results/rs/SC3_HBD_MWPM_2_5x/results/sweep_21_exp_0_checkpoints.csv
030303030,0.0148274258628706,0.0001910985592985,1950000000,results/rs/SC3_HBD_MWPM_2_5x/results/sweep_21_exp_0_checkpoints.csv
030303030,0.0148274258628706,0.0001910985592985,2455200000,results/rs/SC3_HBD_MWPM_2_5x/results/sweep_21_exp_0_checkpoints.csv
030303030,0.0148274258628706,0.0001910985592985,3091200000,results/rs/SC3_HBD_MWPM_2_5x/results/sweep_21_exp_0_checkpoints.csv
030303030,0.0148274258628706,0.0001910985592985,3891600000,results/rs/SC3_HBD_MWPM_2_5x/results/sweep_21_exp_0_checkpoints.csv
030303030,0.0148274258628706,0.0001910985592985,4899600000,results/rs/SC3_HBD_MWPM_2_5x/results/sweep_21_exp_0_checkpoints.csv
030303030,0.0148274258628706,0.0001910985592985,6168400000,results/rs/SC3_HBD_MWPM_2_5x/results/sweep_21_exp_0_checkpoints.csv
022020023,0.0252898735506322,0.0002482443815097,400000,results/rs/SC3_HBD_MWPM_2_5x/results/sweep_3_exp_0_checkpoints.csv
022020023,0.0252898735506322,0.0002482443815097,800000,results/rs/SC3_HBD_MWPM_2_5x/results/sweep_3_exp_0_checkpoints.csv
000002030,0.0185374073129634,0.0002132699883077,1200000,results/rs/SC3_HBD_MWPM_2_5x/results/sweep_3_exp_0_checkpoints.csv
000002030,0.0185374073129634,0.0002132699883077,1600000,results/rs/SC3_HBD_MWPM_2_5x/results/sweep_3_exp_0_checkpoints.csv
000002030,0.0185374073129634,0.0002132699883077,2400000,results/rs/SC3_HBD_MWPM_2_5x/results/sweep_3_exp_0_checkpoints.csv
000002030,0.0185374073129634,0.0002132699883077,3200000,results/rs/SC3_HBD_MWPM_2_5x/results/sweep_3_exp_0_checkpoints.csv
000002030,0.0185374073129634,0.0002132699883077,4400000,results/rs/SC3_HBD_MWPM_2_5x/results/sweep_3_exp_0_checkpoints.csv
000002030,0.0185374073129634,0.0002132699883077,5600000,results/rs/SC3_HBD_MWPM_2_5x/results/sweep_3_exp_0_checkpoints.csv
000002030,0.0185374073129634,0.0002132699883077,7200000,results/rs/SC3_HBD_MWPM_2_5x/results/sweep_3_exp_0_checkpoints.csv
000002030,0.0185374073129634,0.0002132699883077,9200000,results/rs/SC3_HBD_MWPM_2_5x/results/sweep_3_exp_0_checkpoints.csv
000002030,0.0185374073129634,0.0002132699883077,11600000,results/rs/SC3_HBD_MWPM_2_5x/results/sweep_3_exp_0_checkpoints.csv
000002030,0.0185374073129634,0.0002132699883077,14800000,results/rs/SC3_HBD_MWPM_2_5x/results/sweep_3_exp_0_checkpoints.csv
032203030,0.0174649126754366,0.0002071217022603,18800000,results/rs/SC3_HBD_MWPM_2_5x/results/sweep_3_exp_0_checkpoints.csv
032203030,0.0174649126754366,0.0002071217022603,24000000,results/rs/SC3_HBD_MWPM_2_5x/results/sweep_3_exp_0_checkpoints.csv
032203030,0.0174649126754366,0.0002071217022603,30400000,results/rs/SC3_HBD_MWPM_2_5x/results/sweep_3_exp_0_checkpoints.csv
032203030,0.0174649126754366,0.0002071217022603,38400000,results/rs/SC3_HBD_MWPM_2_5x/results/sweep_3_exp_0_checkpoints.csv
032203030,0.0174649126754366,0.0002071217022603,48400000,results/rs/SC3_HBD_MWPM_2_5x/results/sweep_3_exp_0_checkpoints.csv
032203030,0.0174649126754366,0.0002071217022603,61200000,results/rs/SC3_HBD_MWPM_2_5x/results/sweep_3_exp_0_checkpoints.csv
032300030,0.0167599162004189,0.0002029710449278,77200000,results/rs/SC3_HBD_MWPM_2_5x/results/sweep_3_exp_0_checkpoints.csv
032300030,0.0167599162004189,0.0002029710449278,97200000,results/rs/SC3_HBD_MWPM_2_5x/results/sweep_3_exp_0_checkpoints.csv
030302030,0.0163099184504077,0.0002002734690904,122400000,results/rs/SC3_HBD_MWPM_2_5x/results/sweep_3_exp_0_checkpoints.csv
030302030,0.0163099184504077,0.0002002734690904,154400000,results/rs/SC3_HBD_MWPM_2_5x/results/sweep_3_exp_0_checkpoints.csv
030302030,0.0163099184504077,0.0002002734690904,194400000,results/rs/SC3_HBD_MWPM_2_5x/results/sweep_3_exp_0_checkpoints.csv
030302030,0.0163099184504077,0.0002002734690904,244800000,results/rs/SC3_HBD_MWPM_2_5x/results/sweep_3_exp_0_checkpoints.csv
030302030,0.0163099184504077,0.0002002734690904,308400000,results/rs/SC3_HBD_MWPM_2_5x/results/sweep_3_exp_0_checkpoints.csv
030300030,0.0160599197004015,0.0001987579016713,388400000,results/rs/SC3_HBD_MWPM_2_5x/results/sweep_3_exp_0_checkpoints.csv
030300030,0.0160599197004015,0.0001987579016713,489200000,results/rs/SC3_HBD_MWPM_2_5x/results/sweep_3_exp_0_checkpoints.csv
030300030,0.0160599197004015,0.0001987579016713,616000000,results/rs/SC3_HBD_MWPM_2_5x/results/sweep_3_exp_0_checkpoints.csv
030300030,0.0160599197004015,0.0001987579016713,775600000,results/rs/SC3_HBD_MWPM_2_5x/results/sweep_3_exp_0_checkpoints.csv
030303032,0.0156724216378918,0.0001963840768439,976800000,results/rs/SC3_HBD_MWPM_2_5x/results/sweep_3_exp_0_checkpoints.csv
030303032,0.0156724216378918,0.0001963840768439,1230000000,results/rs/SC3_HBD_MWPM_2_5x/results/sweep_3_exp_0_checkpoints.csv
030303032,0.0156724216378918,0.0001963840768439,1548800000,results/rs/SC3_HBD_MWPM_2_5x/results/sweep_3_exp_0_checkpoints.csv
030303032,0.0156724216378918,0.0001963840768439,1950000000,results/rs/SC3_HBD_MWPM_2_5x/results/sweep_3_exp_0_checkpoints.csv
030303032,0.0156724216378918,0.0001963840768439,2455200000,results/rs/SC3_HBD_MWPM_2_5x/results/sweep_3_exp_0_checkpoints.csv
030303032,0.0156724216378918,0.0001963840768439,3091200000,results/rs/SC3_HBD_MWPM_2_5x/results/sweep_3_exp_0_checkpoints.csv
030303030,0.0147474262628686,0.0001905900717247,3891600000,results/rs/SC3_HBD_MWPM_2_5x/results/sweep_3_exp_0_checkpoints.csv
030303030,0.0147474262628686,0.0001905900717247,4899600000,results/rs/SC3_HBD_MWPM_2_5x/results/sweep_3_exp_0_checkpoints.csv
030303030,0.0147474262628686,0.0001905900717247,6168400000,results/rs/SC3_HBD_MWPM_2_5x/results/sweep_3_exp_0_checkpoints.csv
332230300,0.0242573787131064,0.0002432528563076,400000,results/rs/SC3_HBD_MWPM_2_5x/results/sweep_5_exp_0_checkpoints.csv
033322002,0.021399893000535,0.0002288109535584,800000,results/rs/SC3_HBD_MWPM_2_5x/results/sweep_5_exp_0_checkpoints.csv
033322002,0.021399893000535,0.0002288109535584,1200000,results/rs/SC3_HBD_MWPM_2_5x/results/sweep_5_exp_0_checkpoints.csv
000322000,0.0210048949755251,0.0002267351665068,1600000,results/rs/SC3_HBD_MWPM_2_5x/results/sweep_5_exp_0_checkpoints.csv
000322000,0.0210048949755251,0.0002267351665068,2400000,results/rs/SC3_HBD_MWPM_2_5x/results/sweep_5_exp_0_checkpoints.csv
000322000,0.0210048949755251,0.0002267351665068,3200000,results/rs/SC3_HBD_MWPM_2_5x/results/sweep_5_exp_0_checkpoints.csv
000300220,0.0196624016879915,0.0002195201959693,4400000,results/rs/SC3_HBD_MWPM_2_5x/results/sweep_5_exp_0_checkpoints.csv
000300220,0.0196624016879915,0.0002195201959693,5600000,results/rs/SC3_HBD_MWPM_2_5x/results/sweep_5_exp_0_checkpoints.csv
000300220,0.0196624016879915,0.0002195201959693,7200000,results/rs/SC3_HBD_MWPM_2_5x/results/sweep_5_exp_0_checkpoints.csv
000300220,0.0196624016879915,0.0002195201959693,9200000,results/rs/SC3_HBD_MWPM_2_5x/results/sweep_5_exp_0_checkpoints.csv
022333030,0.0191424042879785,0.0002166554331779,11600000,results/rs/SC3_HBD_MWPM_2_5x/results/sweep_5_exp_0_checkpoints.csv
022333030,0.0191424042879785,0.0002166554331779,14800000,results/rs/SC3_HBD_MWPM_2_5x/results/sweep_5_exp_0_checkpoints.csv
030003232,0.0178724106379468,0.0002094806404784,18800000,results/rs/SC3_HBD_MWPM_2_5x/results/sweep_5_exp_0_checkpoints.csv
030003232,0.0178724106379468,0.0002094806404784,24000000,results/rs/SC3_HBD_MWPM_2_5x/results/sweep_5_exp_0_checkpoints.csv
230303032,0.016442417787911,0.0002010717726079,30400000,results/rs/SC3_HBD_MWPM_2_5x/results/sweep_5_exp_0_checkpoints.csv
230303032,0.016442417787911,0.0002010717726079,38400000,results/rs/SC3_HBD_MWPM_2_5x/results/sweep_5_exp_0_checkpoints.csv
230303032,0.016442417787911,0.0002010717726079,48400000,results/rs/SC3_HBD_MWPM_2_5x/results/sweep_5_exp_0_checkpoints.csv
230303032,0.016442417787911,0.0002010717726079,61200000,results/rs/SC3_HBD_MWPM_2_5x/results/sweep_5_exp_0_checkpoints.csv
230303032,0.016442417787911,0.0002010717726079,77200000,results/rs/SC3_HBD_MWPM_2_5x/results/sweep_5_exp_0_checkpoints.csv
230303032,0.016442417787911,0.0002010717726079,97200000,results/rs/SC3_HBD_MWPM_2_5x/results/sweep_5_exp_0_checkpoints.csv
230303032,0.016442417787911,0.0002010717726079,122400000,results/rs/SC3_HBD_MWPM_2_5x/results/sweep_5_exp_0_checkpoints.csv
230303032,0.016442417787911,0.0002010717726079,154400000,results/rs/SC3_HBD_MWPM_2_5x/results/sweep_5_exp_0_checkpoints.csv
230303032,0.016442417787911,0.0002010717726079,194400000,results/rs/SC3_HBD_MWPM_2_5x/results/sweep_5_exp_0_checkpoints.csv
230303032,0.016442417787911,0.0002010717726079,244800000,results/rs/SC3_HBD_MWPM_2_5x/results/sweep_5_exp_0_checkpoints.csv
230303032,0.016442417787911,0.0002010717726079,308400000,results/rs/SC3_HBD_MWPM_2_5x/results/sweep_5_exp_0_checkpoints.csv
230303032,0.016442417787911,0.0002010717726079,388400000,results/rs/SC3_HBD_MWPM_2_5x/results/sweep_5_exp_0_checkpoints.csv
230303032,0.016442417787911,0.0002010717726079,489200000,results/rs/SC3_HBD_MWPM_2_5x/results/sweep_5_exp_0_checkpoints.csv
230303032,0.016442417787911,0.0002010717726079,616000000,results/rs/SC3_HBD_MWPM_2_5x/results/sweep_5_exp_0_checkpoints.csv
030303000,0.0159574202128989,0.0001981329260161,775600000,results/rs/SC3_HBD_MWPM_2_5x/results/sweep_5_exp_0_checkpoints.csv
030303000,0.0159574202128989,0.0001981329260161,976800000,results/rs/SC3_HBD_MWPM_2_5x/results/sweep_5_exp_0_checkpoints.csv
030303330,0.015642421787891,0.000196199005586,1230000000,results/rs/SC3_HBD_MWPM_2_5x/results/sweep_5_exp_0_checkpoints.csv
033303030,0.0156174219128904,0.0001960446534212,1548800000,results/rs/SC3_HBD_MWPM_2_5x/results/sweep_5_exp_0_checkpoints.csv
033303030,0.0156174219128904,0.0001960446534212,1950000000,results/rs/SC3_HBD_MWPM_2_5x/results/sweep_5_exp_0_checkpoints.csv
033303030,0.0156174219128904,0.0001960446534212,2455200000,results/rs/SC3_HBD_MWPM_2_5x/results/sweep_5_exp_0_checkpoints.csv
033303030,0.0156174219128904,0.0001960446534212,3091200000,results/rs/SC3_HBD_MWPM_2_5x/results/sweep_5_exp_0_checkpoints.csv
033303030,0.0156174219128904,0.0001960446534212,3891600000,results/rs/SC3_HBD_MWPM_2_5x/results/sweep_5_exp_0_checkpoints.csv
230303030,0.0154974225128874,0.000195301923668,4899600000,results/rs/SC3_HBD_MWPM_2_5x/results/sweep_5_exp_0_checkpoints.csv
230303030,0.0154974225128874,0.000195301923668,6168400000,results/rs/SC3_HBD_MWPM_2_5x/results/sweep_5_exp_0_checkpoints.csv
033200003,0.0196949015254923,0.0002196979039581,400000,results/rs/SC3_HBD_MWPM_2_5x/results/sweep_22_exp_0_checkpoints.csv
033200003,0.0196949015254923,0.0002196979039581,800000,results/rs/SC3_HBD_MWPM_2_5x/results/sweep_22_exp_0_checkpoints.csv
033200003,0.0196949015254923,0.0002196979039581,1200000,results/rs/SC3_HBD_MWPM_2_5x/results/sweep_22_exp_0_checkpoints.csv
033200003,0.0196949015254923,0.0002196979039581,1600000,results/rs/SC3_HBD_MWPM_2_5x/results/sweep_22_exp_0_checkpoints.csv
033003023,0.0191549042254788,0.0002167247876059,2400000,results/rs/SC3_HBD_MWPM_2_5x/results/sweep_22_exp_0_checkpoints.csv
033003023,0.0191549042254788,0.0002167247876059,3200000,results/rs/SC3_HBD_MWPM_2_5x/results/sweep_22_exp_0_checkpoints.csv
230003230,0.0183599082004589,0.0002122656733263,4400000,results/rs/SC3_HBD_MWPM_2_5x/results/sweep_22_exp_0_checkpoints.csv
230003230,0.0183599082004589,0.0002122656733263,5600000,results/rs/SC3_HBD_MWPM_2_5x/results/sweep_22_exp_0_checkpoints.csv
230003230,0.0183599082004589,0.0002122656733263,7200000,results/rs/SC3_HBD_MWPM_2_5x/results/sweep_22_exp_0_checkpoints.csv
230003230,0.0183599082004589,0.0002122656733263,9200000,results/rs/SC3_HBD_MWPM_2_5x/results/sweep_22_exp_0_checkpoints.csv
033303002,0.0174474127629361,0.0002070197660941,11600000,results/rs/SC3_HBD_MWPM_2_5x/results/sweep_22_exp_0_checkpoints.csv
033303002,0.0174474127629361,0.0002070197660941,14800000,results/rs/SC3_HBD_MWPM_2_5x/results/sweep_22_exp_0_checkpoints.csv
033303002,0.0174474127629361,0.0002070197660941,18800000,results/rs/SC3_HBD_MWPM_2_5x/results/sweep_22_exp_0_checkpoints.csv
033303002,0.0174474127629361,0.0002070197660941,24000000,results/rs/SC3_HBD_MWPM_2_5x/results/sweep_22_exp_0_checkpoints.csv
033303002,0.0174474127629361,0.0002070197660941,30400000,results/rs/SC3_HBD_MWPM_2_5x/results/sweep_22_exp_0_checkpoints.csv
033303002,0.0174474127629361,0.0002070197660941,38400000,results/rs/SC3_HBD_MWPM_2_5x/results/sweep_22_exp_0_checkpoints.csv
033303002,0.0174474127629361,0.0002070197660941,48400000,results/rs/SC3_HBD_MWPM_2_5x/results/sweep_22_exp_0_checkpoints.csv
033303002,0.0174474127629361,0.0002070197660941,61200000,results/rs/SC3_HBD_MWPM_2_5x/results/sweep_22_exp_0_checkpoints.csv
033303002,0.0174474127629361,0.0002070197660941,77200000,results/rs/SC3_HBD_MWPM_2_5x/results/sweep_22_exp_0_checkpoints.csv
033303002,0.0174474127629361,0.0002070197660941,97200000,results/rs/SC3_HBD_MWPM_2_5x/results/sweep_22_exp_0_checkpoints.csv
230303020,0.0170474147629261,0.0002046745939878,122400000,results/rs/SC3_HBD_MWPM_2_5x/results/sweep_22_exp_0_checkpoints.csv
300303030,0.0166549167254163,0.0002023450506385,154400000,results/rs/SC3_HBD_MWPM_2_5x/results/sweep_22_exp_0_checkpoints.csv
300303030,0.0166549167254163,0.0002023450506385,194400000,results/rs/SC3_HBD_MWPM_2_5x/results/sweep_22_exp_0_checkpoints.csv
030303000,0.0158724206378968,0.0001976130733964,244800000,results/rs/SC3_HBD_MWPM_2_5x/results/sweep_22_exp_0_checkpoints.csv
030303000,0.0158724206378968,0.0001976130733964,308400000,results/rs/SC3_HBD_MWPM_2_5x/results/sweep_22_exp_0_checkpoints.csv
030303000,0.0158724206378968,0.0001976130733964,388400000,results/rs/SC3_HBD_MWPM_2_5x/results/sweep_22_exp_0_checkpoints.csv
030303000,0.0158724206378968,0.0001976130733964,489200000,results/rs/SC3_HBD_MWPM_2_5x/results/sweep_22_exp_0_checkpoints.csv
030303000,0.0158724206378968,0.0001976130733964,616000000,results/rs/SC3_HBD_MWPM_2_5x/results/sweep_22_exp_0_checkpoints.csv
030303000,0.0158724206378968,0.0001976130733964,775600000,results/rs/SC3_HBD_MWPM_2_5x/results/sweep_22_exp_0_checkpoints.csv
030303000,0.0158724206378968,0.0001976130733964,976800000,results/rs/SC3_HBD_MWPM_2_5x/results/sweep_22_exp_0_checkpoints.csv
030303000,0.0158724206378968,0.0001976130733964,1230000000,results/rs/SC3_HBD_MWPM_2_5x/results/sweep_22_exp_0_checkpoints.csv
030303000,0.0158724206378968,0.0001976130733964,1548800000,results/rs/SC3_HBD_MWPM_2_5x/results/sweep_22_exp_0_checkpoints.csv
030303000,0.0158724206378968,0.0001976130733964,1950000000,results/rs/SC3_HBD_MWPM_2_5x/results/sweep_22_exp_0_checkpoints.csv
030303000,0.0158724206378968,0.0001976130733964,2455200000,results/rs/SC3_HBD_MWPM_2_5x/results/sweep_22_exp_0_checkpoints.csv
030303000,0.0158724206378968,0.0001976130733964,3091200000,results/rs/SC3_HBD_MWPM_2_5x/results/sweep_22_exp_0_checkpoints.csv
030303030,0.0151549242253788,0.0001931653532665,3891600000,results/rs/SC3_HBD_MWPM_2_5x/results/sweep_22_exp_0_checkpoints.csv
030303030,0.0151549242253788,0.0001931653532665,4899600000,results/rs/SC3_HBD_MWPM_2_5x/results/sweep_22_exp_0_checkpoints.csv
030303030,0.0151549242253788,0.0001931653532665,6168400000,results/rs/SC3_HBD_MWPM_2_5x/results/sweep_22_exp_0_checkpoints.csv
003303003,0.0182999085004575,0.0002119250275427,400000,results/rs/SC3_HBD_MWPM_2_5x/results/sweep_15_exp_0_checkpoints.csv
003303003,0.0182999085004575,0.0002119250275427,800000,results/rs/SC3_HBD_MWPM_2_5x/results/sweep_15_exp_0_checkpoints.csv
003303003,0.0182999085004575,0.0002119250275427,1200000,results/rs/SC3_HBD_MWPM_2_5x/results/sweep_15_exp_0_checkpoints.csv
003303003,0.0182999085004575,0.0002119250275427,1600000,results/rs/SC3_HBD_MWPM_2_5x/results/sweep_15_exp_0_checkpoints.csv
003303003,0.0182999085004575,0.0002119250275427,2400000,results/rs/SC3_HBD_MWPM_2_5x/results/sweep_15_exp_0_checkpoints.csv
030300332,0.0181099094504527,0.0002108423941535,3200000,results/rs/SC3_HBD_MWPM_2_5x/results/sweep_15_exp_0_checkpoints.csv
330303000,0.0167774161129194,0.0002030751784332,4400000,results/rs/SC3_HBD_MWPM_2_5x/results/sweep_15_exp_0_checkpoints.csv
330303000,0.0167774161129194,0.0002030751784332,5600000,results/rs/SC3_HBD_MWPM_2_5x/results/sweep_15_exp_0_checkpoints.csv
330303000,0.0167774161129194,0.0002030751784332,7200000,results/rs/SC3_HBD_MWPM_2_5x/results/sweep_15_exp_0_checkpoints.csv
330303000,0.0167774161129194,0.0002030751784332,9200000,results/rs/SC3_HBD_MWPM_2_5x/results/sweep_15_exp_0_checkpoints.csv
330303000,0.0167774161129194,0.0002030751784332,11600000,results/rs/SC3_HBD_MWPM_2_5x/results/sweep_15_exp_0_checkpoints.csv
330303000,0.0167774161129194,0.0002030751784332,14800000,results/rs/SC3_HBD_MWPM_2_5x/results/sweep_15_exp_0_checkpoints.csv
330303000,0.0167774161129194,0.0002030751784332,18800000,results/rs/SC3_HBD_MWPM_2_5x/results/sweep_15_exp_0_checkpoints.csv
330303000,0.0167774161129194,0.0002030751784332,24000000,results/rs/SC3_HBD_MWPM_2_5x/results/sweep_15_exp_0_checkpoints.csv
030303032,0.0159374203128984,0.0001980107335839,30400000,results/rs/SC3_HBD_MWPM_2_5x/results/sweep_15_exp_0_checkpoints.csv
030303032,0.0159374203128984,0.0001980107335839,38400000,results/rs/SC3_HBD_MWPM_2_5x/results/sweep_15_exp_0_checkpoints.csv
030303032,0.0159374203128984,0.0001980107335839,48400000,results/rs/SC3_HBD_MWPM_2_5x/results/sweep_15_exp_0_checkpoints.csv
030303032,0.0159374203128984,0.0001980107335839,61200000,results/rs/SC3_HBD_MWPM_2_5x/results/sweep_15_exp_0_checkpoints.csv
030303032,0.0159374203128984,0.0001980107335839,77200000,results/rs/SC3_HBD_MWPM_2_5x/results/sweep_15_exp_0_checkpoints.csv
030303032,0.0159374203128984,0.0001980107335839,97200000,results/rs/SC3_HBD_MWPM_2_5x/results/sweep_15_exp_0_checkpoints.csv
030303032,0.0159374203128984,0.0001980107335839,122400000,results/rs/SC3_HBD_MWPM_2_5x/results/sweep_15_exp_0_checkpoints.csv
030303032,0.0159374203128984,0.0001980107335839,154400000,results/rs/SC3_HBD_MWPM_2_5x/results/sweep_15_exp_0_checkpoints.csv
030303032,0.0159374203128984,0.0001980107335839,194400000,results/rs/SC3_HBD_MWPM_2_5x/results/sweep_15_exp_0_checkpoints.csv
030303032,0.0159374203128984,0.0001980107335839,244800000,results/rs/SC3_HBD_MWPM_2_5x/results/sweep_15_exp_0_checkpoints.csv
030303032,0.0159374203128984,0.0001980107335839,308400000,results/rs/SC3_HBD_MWPM_2_5x/results/sweep_15_exp_0_checkpoints.csv
030303032,0.0159374203128984,0.0001980107335839,388400000,results/rs/SC3_HBD_MWPM_2_5x/results/sweep_15_exp_0_checkpoints.csv
030303032,0.0159374203128984,0.0001980107335839,489200000,results/rs/SC3_HBD_MWPM_2_5x/results/sweep_15_exp_0_checkpoints.csv
030303032,0.0159374203128984,0.0001980107335839,616000000,results/rs/SC3_HBD_MWPM_2_5x/results/sweep_15_exp_0_checkpoints.csv
330303030,0.0153674231628841,0.000194493914023,775600000,results/rs/SC3_HBD_MWPM_2_5x/results/sweep_15_exp_0_checkpoints.csv
330303030,0.0153674231628841,0.000194493914023,976800000,results/rs/SC3_HBD_MWPM_2_5x/results/sweep_15_exp_0_checkpoints.csv
330303030,0.0153674231628841,0.000194493914023,1230000000,results/rs/SC3_HBD_MWPM_2_5x/results/sweep_15_exp_0_checkpoints.csv
330303030,0.0153674231628841,0.000194493914023,1548800000,results/rs/SC3_HBD_MWPM_2_5x/results/sweep_15_exp_0_checkpoints.csv
330303030,0.0153674231628841,0.000194493914023,1950000000,results/rs/SC3_HBD_MWPM_2_5x/results/sweep_15_exp_0_checkpoints.csv
330303030,0.0153674231628841,0.000194493914023,2455200000,results/rs/SC3_HBD_MWPM_2_5x/results/sweep_15_exp_0_checkpoints.csv
330303030,0.0153674231628841,0.000194493914023,3091200000,results/rs/SC3_HBD_MWPM_2_5x/results/sweep_15_exp_0_checkpoints.csv
330303030,0.0153674231628841,0.000194493914023,3891600000,results/rs/SC3_HBD_MWPM_2_5x/results/sweep_15_exp_0_checkpoints.csv
330303030,0.0153674231628841,0.000194493914023,4899600000,results/rs/SC3_HBD_MWPM_2_5x/results/sweep_15_exp_0_checkpoints.csv
330303030,0.0153674231628841,0.000194493914023,6168400000,results/rs/SC3_HBD_MWPM_2_5x/results/sweep_15_exp_0_checkpoints.csv
223302303,0.023122384388078,0.0002376319171162,400000,results/rs/SC3_HBD_MWPM_2_5x/results/sweep_13_exp_0_checkpoints.csv
223302303,0.023122384388078,0.0002376319171162,800000,results/rs/SC3_HBD_MWPM_2_5x/results/sweep_13_exp_0_checkpoints.csv
030032320,0.0217923910380448,0.000230853431276,1200000,results/rs/SC3_HBD_MWPM_2_5x/results/sweep_13_exp_0_checkpoints.csv
030032320,0.0217923910380448,0.000230853431276,1600000,results/rs/SC3_HBD_MWPM_2_5x/results/sweep_13_exp_0_checkpoints.csv
030032320,0.0217923910380448,0.000230853431276,2400000,results/rs/SC3_HBD_MWPM_2_5x/results/sweep_13_exp_0_checkpoints.csv
030032320,0.0217923910380448,0.000230853431276,3200000,results/rs/SC3_HBD_MWPM_2_5x/results/sweep_13_exp_0_checkpoints.csv
000333002,0.019722401387993,0.0002198481524828,4400000,results/rs/SC3_HBD_MWPM_2_5x/results/sweep_13_exp_0_checkpoints.csv
000333002,0.019722401387993,0.0002198481524828,5600000,results/rs/SC3_HBD_MWPM_2_5x/results/sweep_13_exp_0_checkpoints.csv
000333002,0.019722401387993,0.0002198481524828,7200000,results/rs/SC3_HBD_MWPM_2_5x/results/sweep_13_exp_0_checkpoints.csv
000333002,0.019722401387993,0.0002198481524828,9200000,results/rs/SC3_HBD_MWPM_2_5x/results/sweep_13_exp_0_checkpoints.csv
000333002,0.019722401387993,0.0002198481524828,11600000,results/rs/SC3_HBD_MWPM_2_5x/results/sweep_13_exp_0_checkpoints.csv
000333002,0.019722401387993,0.0002198481524828,14800000,results/rs/SC3_HBD_MWPM_2_5x/results/sweep_13_exp_0_checkpoints.csv
000333002,0.019722401387993,0.0002198481524828,18800000,results/rs/SC3_HBD_MWPM_2_5x/results/sweep_13_exp_0_checkpoints.csv
320003032,0.0193274033629831,0.0002176793059334,24000000,results/rs/SC3_HBD_MWPM_2_5x/results/sweep_13_exp_0_checkpoints.csv
033203332,0.0188374058129709,0.0002149559149984,30400000,results/rs/SC3_HBD_MWPM_2_5x/results/sweep_13_exp_0_checkpoints.csv
330003032,0.0178574107129464,0.0002093943185172,38400000,results/rs/SC3_HBD_MWPM_2_5x/results/sweep_13_exp_0_checkpoints.csv
330003032,0.0178574107129464,0.0002093943185172,48400000,results/rs/SC3_HBD_MWPM_2_5x/results/sweep_13_exp_0_checkpoints.csv
000303330,0.0167799161004194,0.0002030900504905,61200000,results/rs/SC3_HBD_MWPM_2_5x/results/sweep_13_exp_0_checkpoints.csv
000303330,0.0167799161004194,0.0002030900504905,77200000,results/rs/SC3_HBD_MWPM_2_5x/results/sweep_13_exp_0_checkpoints.csv
030303000,0.0162574187129064,0.0001999562227865,97200000,results/rs/SC3_HBD_MWPM_2_5x/results/sweep_13_exp_0_checkpoints.csv
030303000,0.0162574187129064,0.0001999562227865,122400000,results/rs/SC3_HBD_MWPM_2_5x/results/sweep_13_exp_0_checkpoints.csv
030303000,0.0162574187129064,0.0001999562227865,154400000,results/rs/SC3_HBD_MWPM_2_5x/results/sweep_13_exp_0_checkpoints.csv
030303000,0.0162574187129064,0.0001999562227865,194400000,results/rs/SC3_HBD_MWPM_2_5x/results/sweep_13_exp_0_checkpoints.csv
230303030,0.0157124214378928,0.0001966305280802,244800000,results/rs/SC3_HBD_MWPM_2_5x/results/sweep_13_exp_0_checkpoints.csv
230303030,0.0157124214378928,0.0001966305280802,308400000,results/rs/SC3_HBD_MWPM_2_5x/results/sweep_13_exp_0_checkpoints.csv
230303030,0.0157124214378928,0.0001966305280802,388400000,results/rs/SC3_HBD_MWPM_2_5x/results/sweep_13_exp_0_checkpoints.csv
230303030,0.0157124214378928,0.0001966305280802,489200000,results/rs/SC3_HBD_MWPM_2_5x/results/sweep_13_exp_0_checkpoints.csv
230303030,0.0157124214378928,0.0001966305280802,616000000,results/rs/SC3_HBD_MWPM_2_5x/results/sweep_13_exp_0_checkpoints.csv
230303030,0.0157124214378928,0.0001966305280802,775600000,results/rs/SC3_HBD_MWPM_2_5x/results/sweep_13_exp_0_checkpoints.csv
230303030,0.0157124214378928,0.0001966305280802,976800000,results/rs/SC3_HBD_MWPM_2_5x/results/sweep_13_exp_0_checkpoints.csv
230303030,0.0157124214378928,0.0001966305280802,1230000000,results/rs/SC3_HBD_MWPM_2_5x/results/sweep_13_exp_0_checkpoints.csv
230303030,0.0157124214378928,0.0001966305280802,1548800000,results/rs/SC3_HBD_MWPM_2_5x/results/sweep_13_exp_0_checkpoints.csv
230303030,0.0157124214378928,0.0001966305280802,1950000000,results/rs/SC3_HBD_MWPM_2_5x/results/sweep_13_exp_0_checkpoints.csv
030303030,0.0147649261753691,0.00019070142298,2455200000,results/rs/SC3_HBD_MWPM_2_5x/results/sweep_13_exp_0_checkpoints.csv
030303030,0.0147649261753691,0.00019070142298,3091200000,results/rs/SC3_HBD_MWPM_2_5x/results/sweep_13_exp_0_checkpoints.csv
030303030,0.0147649261753691,0.00019070142298,3891600000,results/rs/SC3_HBD_MWPM_2_5x/results/sweep_13_exp_0_checkpoints.csv
030303030,0.0147649261753691,0.00019070142298,4899600000,results/rs/SC3_HBD_MWPM_2_5x/results/sweep_13_exp_0_checkpoints.csv
030303030,0.0147649261753691,0.00019070142298,6168400000,results/rs/SC3_HBD_MWPM_2_5x/results/sweep_13_exp_0_checkpoints.csv
203223330,0.022722386388068,0.0002356157492613,400000,results/rs/SC3_HBD_MWPM_2_5x/results/sweep_24_exp_0_checkpoints.csv
203223330,0.022722386388068,0.0002356157492613,800000,results/rs/SC3_HBD_MWPM_2_5x/results/sweep_24_exp_0_checkpoints.csv
203223330,0.022722386388068,0.0002356157492613,1200000,results/rs/SC3_HBD_MWPM_2_5x/results/sweep_24_exp_0_checkpoints.csv
203223330,0.022722386388068,0.0002356157492613,1600000,results/rs/SC3_HBD_MWPM_2_5x/results/sweep_24_exp_0_checkpoints.csv
023323300,0.0217548912255438,0.0002306591486558,2400000,results/rs/SC3_HBD_MWPM_2_5x/results/sweep_24_exp_0_checkpoints.csv
220303232,0.0193774031129844,0.0002179551374865,3200000,results/rs/SC3_HBD_MWPM_2_5x/results/sweep_24_exp_0_checkpoints.csv
300300030,0.0181324093379533,0.0002109709166688,4400000,results/rs/SC3_HBD_MWPM_2_5x/results/sweep_24_exp_0_checkpoints.csv
300300030,0.0181324093379533,0.0002109709166688,5600000,results/rs/SC3_HBD_MWPM_2_5x/results/sweep_24_exp_0_checkpoints.csv
300300030,0.0181324093379533,0.0002109709166688,7200000,results/rs/SC3_HBD_MWPM_2_5x/results/sweep_24_exp_0_checkpoints.csv
300300030,0.0181324093379533,0.0002109709166688,9200000,results/rs/SC3_HBD_MWPM_2_5x/results/sweep_24_exp_0_checkpoints.csv
300300030,0.0181324093379533,0.0002109709166688,11600000,results/rs/SC3_HBD_MWPM_2_5x/results/sweep_24_exp_0_checkpoints.csv
300300030,0.0181324093379533,0.0002109709166688,14800000,results/rs/SC3_HBD_MWPM_2_5x/results/sweep_24_exp_0_checkpoints.csv
300300030,0.0181324093379533,0.0002109709166688,18800000,results/rs/SC3_HBD_MWPM_2_5x/results/sweep_24_exp_0_checkpoints.csv
300300030,0.0181324093379533,0.0002109709166688,24000000,results/rs/SC3_HBD_MWPM_2_5x/results/sweep_24_exp_0_checkpoints.csv
300300030,0.0181324093379533,0.0002109709166688,30400000,results/rs/SC3_HBD_MWPM_2_5x/results/sweep_24_exp_0_checkpoints.csv
300300030,0.0181324093379533,0.0002109709166688,38400000,results/rs/SC3_HBD_MWPM_2_5x/results/sweep_24_exp_0_checkpoints.csv
300300030,0.0181324093379533,0.0002109709166688,48400000,results/rs/SC3_HBD_MWPM_2_5x/results/sweep_24_exp_0_checkpoints.csv
030300333,0.0177799111004445,0.0002089476911351,61200000,results/rs/SC3_HBD_MWPM_2_5x/results/sweep_24_exp_0_checkpoints.csv
030303333,0.0164949175254123,0.0002013871562667,77200000,results/rs/SC3_HBD_MWPM_2_5x/results/sweep_24_exp_0_checkpoints.csv
030303333,0.0164949175254123,0.0002013871562667,97200000,results/rs/SC3_HBD_MWPM_2_5x/results/sweep_24_exp_0_checkpoints.csv
030303333,0.0164949175254123,0.0002013871562667,122400000,results/rs/SC3_HBD_MWPM_2_5x/results/sweep_24_exp_0_checkpoints.csv
030303333,0.0164949175254123,0.0002013871562667,154400000,results/rs/SC3_HBD_MWPM_2_5x/results/sweep_24_exp_0_checkpoints.csv
033300030,0.0164549177254113,0.0002011469041462,194400000,results/rs/SC3_HBD_MWPM_2_5x/results/sweep_24_exp_0_checkpoints.csv
033300030,0.0164549177254113,0.0002011469041462,244800000,results/rs/SC3_HBD_MWPM_2_5x/results/sweep_24_exp_0_checkpoints.csv
033300030,0.0164549177254113,0.0002011469041462,308400000,results/rs/SC3_HBD_MWPM_2_5x/results/sweep_24_exp_0_checkpoints.csv
033300030,0.0164549177254113,0.0002011469041462,388400000,results/rs/SC3_HBD_MWPM_2_5x/results/sweep_24_exp_0_checkpoints.csv
033300030,0.0164549177254113,0.0002011469041462,489200000,results/rs/SC3_HBD_MWPM_2_5x/results/sweep_24_exp_0_checkpoints.csv
033300030,0.0164549177254113,0.0002011469041462,616000000,results/rs/SC3_HBD_MWPM_2_5x/results/sweep_24_exp_0_checkpoints.csv
030303032,0.0159399203003984,0.0001980260130949,775600000,results/rs/SC3_HBD_MWPM_2_5x/results/sweep_24_exp_0_checkpoints.csv
030303032,0.0159399203003984,0.0001980260130949,976800000,results/rs/SC3_HBD_MWPM_2_5x/results/sweep_24_exp_0_checkpoints.csv
030303032,0.0159399203003984,0.0001980260130949,1230000000,results/rs/SC3_HBD_MWPM_2_5x/results/sweep_24_exp_0_checkpoints.csv
030303032,0.0159399203003984,0.0001980260130949,1548800000,results/rs/SC3_HBD_MWPM_2_5x/results/sweep_24_exp_0_checkpoints.csv
030303000,0.0158674206628966,0.0001975824416149,1950000000,results/rs/SC3_HBD_MWPM_2_5x/results/sweep_24_exp_0_checkpoints.csv
030303000,0.0158674206628966,0.0001975824416149,2455200000,results/rs/SC3_HBD_MWPM_2_5x/results/sweep_24_exp_0_checkpoints.csv
030303000,0.0158674206628966,0.0001975824416149,3091200000,results/rs/SC3_HBD_MWPM_2_5x/results/sweep_24_exp_0_checkpoints.csv
030303000,0.0158674206628966,0.0001975824416149,3891600000,results/rs/SC3_HBD_MWPM_2_5x/results/sweep_24_exp_0_checkpoints.csv
330303030,0.0156699216503917,0.0001963686518138,4899600000,results/rs/SC3_HBD_MWPM_2_5x/results/sweep_24_exp_0_checkpoints.csv
330303030,0.0156699216503917,0.0001963686518138,6168400000,results/rs/SC3_HBD_MWPM_2_5x/results/sweep_24_exp_0_checkpoints.csv
222200022,0.0247748761256193,0.0002457686932757,400000,results/rs/SC3_HBD_MWPM_2_5x/results/sweep_6_exp_0_checkpoints.csv
030332022,0.0208573957130214,0.0002259547036373,800000,results/rs/SC3_HBD_MWPM_2_5x/results/sweep_6_exp_0_checkpoints.csv
030332022,0.0208573957130214,0.0002259547036373,1200000,results/rs/SC3_HBD_MWPM_2_5x/results/sweep_6_exp_0_checkpoints.csv
030332022,0.0208573957130214,0.0002259547036373,1600000,results/rs/SC3_HBD_MWPM_2_5x/results/sweep_6_exp_0_checkpoints.csv
332302300,0.0203373983130084,0.0002231795224361,2400000,results/rs/SC3_HBD_MWPM_2_5x/results/sweep_6_exp_0_checkpoints.csv
332302300,0.0203373983130084,0.0002231795224361,3200000,results/rs/SC3_HBD_MWPM_2_5x/results/sweep_6_exp_0_checkpoints.csv
332302300,0.0203373983130084,0.0002231795224361,4400000,results/rs/SC3_HBD_MWPM_2_5x/results/sweep_6_exp_0_checkpoints.csv
000330000,0.0195699021504892,0.0002190135710407,5600000,results/rs/SC3_HBD_MWPM_2_5x/results/sweep_6_exp_0_checkpoints.csv
000330000,0.0195699021504892,0.0002190135710407,7200000,results/rs/SC3_HBD_MWPM_2_5x/results/sweep_6_exp_0_checkpoints.csv
330203032,0.018122409387953,0.0002109138149535,9200000,results/rs/SC3_HBD_MWPM_2_5x/results/sweep_6_exp_0_checkpoints.csv
330203032,0.018122409387953,0.0002109138149535,11600000,results/rs/SC3_HBD_MWPM_2_5x/results/sweep_6_exp_0_checkpoints.csv
330203032,0.018122409387953,0.0002109138149535,14800000,results/rs/SC3_HBD_MWPM_2_5x/results/sweep_6_exp_0_checkpoints.csv
330203032,0.018122409387953,0.0002109138149535,18800000,results/rs/SC3_HBD_MWPM_2_5x/results/sweep_6_exp_0_checkpoints.csv
330203032,0.018122409387953,0.0002109138149535,24000000,results/rs/SC3_HBD_MWPM_2_5x/results/sweep_6_exp_0_checkpoints.csv
330203032,0.018122409387953,0.0002109138149535,30400000,results/rs/SC3_HBD_MWPM_2_5x/results/sweep_6_exp_0_checkpoints.csv
033303332,0.0177824110879445,0.000208962112083,38400000,results/rs/SC3_HBD_MWPM_2_5x/results/sweep_6_exp_0_checkpoints.csv
022303030,0.01760241198794,0.0002079208788927,48400000,results/rs/SC3_HBD_MWPM_2_5x/results/sweep_6_exp_0_checkpoints.csv
022303030,0.01760241198794,0.0002079208788927,61200000,results/rs/SC3_HBD_MWPM_2_5x/results/sweep_6_exp_0_checkpoints.csv
230303230,0.017039914800426,0.0002046303416136,77200000,results/rs/SC3_HBD_MWPM_2_5x/results/sweep_6_exp_0_checkpoints.csv
230303230,0.017039914800426,0.0002046303416136,97200000,results/rs/SC3_HBD_MWPM_2_5x/results/sweep_6_exp_0_checkpoints.csv
230303230,0.017039914800426,0.0002046303416136,122400000,results/rs/SC3_HBD_MWPM_2_5x/results/sweep_6_exp_0_checkpoints.csv
230303230,0.017039914800426,0.0002046303416136,154400000,results/rs/SC3_HBD_MWPM_2_5x/results/sweep_6_exp_0_checkpoints.csv
230303230,0.017039914800426,0.0002046303416136,194400000,results/rs/SC3_HBD_MWPM_2_5x/results/sweep_6_exp_0_checkpoints.csv
030303033,0.015759921200394,0.0001969227596418,244800000,results/rs/SC3_HBD_MWPM_2_5x/results/sweep_6_exp_0_checkpoints.csv
030303033,0.015759921200394,0.0001969227596418,308400000,results/rs/SC3_HBD_MWPM_2_5x/results/sweep_6_exp_0_checkpoints.csv
030303033,0.015759921200394,0.0001969227596418,388400000,results/rs/SC3_HBD_MWPM_2_5x/results/sweep_6_exp_0_checkpoints.csv
030303033,0.015759921200394,0.0001969227596418,489200000,results/rs/SC3_HBD_MWPM_2_5x/results/sweep_6_exp_0_checkpoints.csv
030303033,0.015759921200394,0.0001969227596418,616000000,results/rs/SC3_HBD_MWPM_2_5x/results/sweep_6_exp_0_checkpoints.csv
030303033,0.015759921200394,0.0001969227596418,775600000,results/rs/SC3_HBD_MWPM_2_5x/results/sweep_6_exp_0_checkpoints.csv
030303330,0.015722421387893,0.0001966920826816,976800000,results/rs/SC3_HBD_MWPM_2_5x/results/sweep_6_exp_0_checkpoints.csv
030303330,0.015722421387893,0.0001966920826816,1230000000,results/rs/SC3_HBD_MWPM_2_5x/results/sweep_6_exp_0_checkpoints.csv
030303330,0.015722421387893,0.0001966920826816,1548800000,results/rs/SC3_HBD_MWPM_2_5x/results/sweep_6_exp_0_checkpoints.csv
030303330,0.015722421387893,0.0001966920826816,1950000000,results/rs/SC3_HBD_MWPM_2_5x/results/sweep_6_exp_0_checkpoints.csv
030303330,0.015722421387893,0.0001966920826816,2455200000,results/rs/SC3_HBD_MWPM_2_5x/results/sweep_6_exp_0_checkpoints.csv
030303330,0.015722421387893,0.0001966920826816,3091200000,results/rs/SC3_HBD_MWPM_2_5x/results/sweep_6_exp_0_checkpoints.csv
030303330,0.015722421387893,0.0001966920826816,3891600000,results/rs/SC3_HBD_MWPM_2_5x/results/sweep_6_exp_0_checkpoints.csv
330303030,0.0157149214253928,0.0001966459094546,4899600000,results/rs/SC3_HBD_MWPM_2_5x/results/sweep_6_exp_0_checkpoints.csv
030303030,0.0151999240003799,0.0001934475003508,6168400000,results/rs/SC3_HBD_MWPM_2_5x/results/sweep_6_exp_0_checkpoints.csv
232022020,0.0239348803255983,0.0002416703646304,400000,results/rs/SC3_HBD_MWPM_2_5x/results/sweep_19_exp_0_checkpoints.csv
232022020,0.0239348803255983,0.0002416703646304,800000,results/rs/SC3_HBD_MWPM_2_5x/results/sweep_19_exp_0_checkpoints.csv
232022020,0.0239348803255983,0.0002416703646304,1200000,results/rs/SC3_HBD_MWPM_2_5x/results/sweep_19_exp_0_checkpoints.csv
330020030,0.0207823960880195,0.0002255567378597,1600000,results/rs/SC3_HBD_MWPM_2_5x/results/sweep_19_exp_0_checkpoints.csv
330020030,0.0207823960880195,0.0002255567378597,2400000,results/rs/SC3_HBD_MWPM_2_5x/results/sweep_19_exp_0_checkpoints.csv
300330230,0.0207398963005184,0.0002253308775834,3200000,results/rs/SC3_HBD_MWPM_2_5x/results/sweep_19_exp_0_checkpoints.csv
332002032,0.0206923965380173,0.0002250781544717,4400000,results/rs/SC3_HBD_MWPM_2_5x/results/sweep_19_exp_0_checkpoints.csv
020003022,0.0198074009629951,0.0002203118347097,5600000,results/rs/SC3_HBD_MWPM_2_5x/results/sweep_19_exp_0_checkpoints.csv
020003022,0.0198074009629951,0.0002203118347097,7200000,results/rs/SC3_HBD_MWPM_2_5x/results/sweep_19_exp_0_checkpoints.csv
002300330,0.0191149044254778,0.0002165027981391,9200000,results/rs/SC3_HBD_MWPM_2_5x/results/sweep_19_exp_0_checkpoints.csv
002300330,0.0191149044254778,0.0002165027981391,11600000,results/rs/SC3_HBD_MWPM_2_5x/results/sweep_19_exp_0_checkpoints.csv
030302232,0.0189099054504727,0.0002153612149413,14800000,results/rs/SC3_HBD_MWPM_2_5x/results/sweep_19_exp_0_checkpoints.csv
030302232,0.0189099054504727,0.0002153612149413,18800000,results/rs/SC3_HBD_MWPM_2_5x/results/sweep_19_exp_0_checkpoints.csv
030302232,0.0189099054504727,0.0002153612149413,24000000,results/rs/SC3_HBD_MWPM_2_5x/results/sweep_19_exp_0_checkpoints.csv
030302232,0.0189099054504727,0.0002153612149413,30400000,results/rs/SC3_HBD_MWPM_2_5x/results/sweep_19_exp_0_checkpoints.csv
030300003,0.0178299108504457,0.0002092359500238,38400000,results/rs/SC3_HBD_MWPM_2_5x/results/sweep_19_exp_0_checkpoints.csv
030300003,0.0178299108504457,0.0002092359500238,48400000,results/rs/SC3_HBD_MWPM_2_5x/results/sweep_19_exp_0_checkpoints.csv
033303030,0.0154349228253858,0.0001949139114003,61200000,results/rs/SC3_HBD_MWPM_2_5x/results/sweep_19_exp_0_checkpoints.csv
033303030,0.0154349228253858,0.0001949139114003,77200000,results/rs/SC3_HBD_MWPM_2_5x/results/sweep_19_exp_0_checkpoints.csv
033303030,0.0154349228253858,0.0001949139114003,97200000,results/rs/SC3_HBD_MWPM_2_5x/results/sweep_19_exp_0_checkpoints.csv
033303030,0.0154349228253858,0.0001949139114003,122400000,results/rs/SC3_HBD_MWPM_2_5x/results/sweep_19_exp_0_checkpoints.csv
033303030,0.0154349228253858,0.0001949139114003,154400000,results/rs/SC3_HBD_MWPM_2_5x/results/sweep_19_exp_0_checkpoints.csv
033303030,0.0154349228253858,0.0001949139114003,194400000,results/rs/SC3_HBD_MWPM_2_5x/results/sweep_19_exp_0_checkpoints.csv
033303030,0.0154349228253858,0.0001949139114003,244800000,results/rs/SC3_HBD_MWPM_2_5x/results/sweep_19_exp_0_checkpoints.csv
330303030,0.0154274228628856,0.0001948672870639,308400000,results/rs/SC3_HBD_MWPM_2_5x/results/sweep_19_exp_0_checkpoints.csv
330303030,0.0154274228628856,0.0001948672870639,388400000,results/rs/SC3_HBD_MWPM_2_5x/results/sweep_19_exp_0_checkpoints.csv
330303030,0.0154274228628856,0.0001948672870639,489200000,results/rs/SC3_HBD_MWPM_2_5x/results/sweep_19_exp_0_checkpoints.csv
330303030,0.0154274228628856,0.0001948672870639,616000000,results/rs/SC3_HBD_MWPM_2_5x/results/sweep_19_exp_0_checkpoints.csv
330303030,0.0154274228628856,0.0001948672870639,775600000,results/rs/SC3_HBD_MWPM_2_5x/results/sweep_19_exp_0_checkpoints.csv
330303030,0.0154274228628856,0.0001948672870639,976800000,results/rs/SC3_HBD_MWPM_2_5x/results/sweep_19_exp_0_checkpoints.csv
330303030,0.0154274228628856,0.0001948672870639,1230000000,results/rs/SC3_HBD_MWPM_2_5x/results/sweep_19_exp_0_checkpoints.csv
330303030,0.0154274228628856,0.0001948672870639,1548800000,results/rs/SC3_HBD_MWPM_2_5x/results/sweep_19_exp_0_checkpoints.csv
330303030,0.0154274228628856,0.0001948672870639,1950000000,results/rs/SC3_HBD_MWPM_2_5x/results/sweep_19_exp_0_checkpoints.csv
330303030,0.0154274228628856,0.0001948672870639,2455200000,results/rs/SC3_HBD_MWPM_2_5x/results/sweep_19_exp_0_checkpoints.csv
330303030,0.0154274228628856,0.0001948672870639,3091200000,results/rs/SC3_HBD_MWPM_2_5x/results/sweep_19_exp_0_checkpoints.csv
030303030,0.014722426387868,0.0001904308737721,3891600000,results/rs/SC3_HBD_MWPM_2_5x/results/sweep_19_exp_0_checkpoints.csv
030303030,0.014722426387868,0.0001904308737721,4899600000,results/rs/SC3_HBD_MWPM_2_5x/results/sweep_19_exp_0_checkpoints.csv
030303030,0.014722426387868,0.0001904308737721,6168400000,results/rs/SC3_HBD_MWPM_2_5x/results/sweep_19_exp_0_checkpoints.csv
220000332,0.0227023864880675,0.0002355144533794,400000,results/rs/SC3_HBD_MWPM_2_5x/results/sweep_14_exp_0_checkpoints.csv
220000332,0.0227023864880675,0.0002355144533794,800000,results/rs/SC3_HBD_MWPM_2_5x/results/sweep_14_exp_0_checkpoints.csv
033020022,0.0225748871255643,0.0002348674897802,1200000,results/rs/SC3_HBD_MWPM_2_5x/results/sweep_14_exp_0_checkpoints.csv
033020022,0.0225748871255643,0.0002348674897802,1600000,results/rs/SC3_HBD_MWPM_2_5x/results/sweep_14_exp_0_checkpoints.csv
330002030,0.0181099094504527,0.0002108423941535,2400000,results/rs/SC3_HBD_MWPM_2_5x/results/sweep_14_exp_0_checkpoints.csv
330002030,0.0181099094504527,0.0002108423941535,3200000,results/rs/SC3_HBD_MWPM_2_5x/results/sweep_14_exp_0_checkpoints.csv
330002030,0.0181099094504527,0.0002108423941535,4400000,results/rs/SC3_HBD_MWPM_2_5x/results/sweep_14_exp_0_checkpoints.csv
330002030,0.0181099094504527,0.0002108423941535,5600000,results/rs/SC3_HBD_MWPM_2_5x/results/sweep_14_exp_0_checkpoints.csv
330002030,0.0181099094504527,0.0002108423941535,7200000,results/rs/SC3_HBD_MWPM_2_5x/results/sweep_14_exp_0_checkpoints.csv
330002030,0.0181099094504527,0.0002108423941535,9200000,results/rs/SC3_HBD_MWPM_2_5x/results/sweep_14_exp_0_checkpoints.csv
330002030,0.0181099094504527,0.0002108423941535,11600000,results/rs/SC3_HBD_MWPM_2_5x/results/sweep_14_exp_0_checkpoints.csv
330002030,0.0181099094504527,0.0002108423941535,14800000,results/rs/SC3_HBD_MWPM_2_5x/results/sweep_14_exp_0_checkpoints.csv
330002030,0.0181099094504527,0.0002108423941535,18800000,results/rs/SC3_HBD_MWPM_2_5x/results/sweep_14_exp_0_checkpoints.csv
200303000,0.0176999115004425,0.0002084855805151,24000000,results/rs/SC3_HBD_MWPM_2_5x/results/sweep_14_exp_0_checkpoints.csv
200303000,0.0176999115004425,0.0002084855805151,30400000,results/rs/SC3_HBD_MWPM_2_5x/results/sweep_14_exp_0_checkpoints.csv
200303000,0.0176999115004425,0.0002084855805151,38400000,results/rs/SC3_HBD_MWPM_2_5x/results/sweep_14_exp_0_checkpoints.csv
200303000,0.0176999115004425,0.0002084855805151,48400000,results/rs/SC3_HBD_MWPM_2_5x/results/sweep_14_exp_0_checkpoints.csv
200303000,0.0176999115004425,0.0002084855805151,61200000,results/rs/SC3_HBD_MWPM_2_5x/results/sweep_14_exp_0_checkpoints.csv
200303000,0.0176999115004425,0.0002084855805151,77200000,results/rs/SC3_HBD_MWPM_2_5x/results/sweep_14_exp_0_checkpoints.csv
200303000,0.0176999115004425,0.0002084855805151,97200000,results/rs/SC3_HBD_MWPM_2_5x/results/sweep_14_exp_0_checkpoints.csv
330303020,0.0169949150254248,0.0002043646381935,122400000,results/rs/SC3_HBD_MWPM_2_5x/results/sweep_14_exp_0_checkpoints.csv
330303020,0.0169949150254248,0.0002043646381935,154400000,results/rs/SC3_HBD_MWPM_2_5x/results/sweep_14_exp_0_checkpoints.csv
330303020,0.0169949150254248,0.0002043646381935,194400000,results/rs/SC3_HBD_MWPM_2_5x/results/sweep_14_exp_0_checkpoints.csv
330303020,0.0169949150254248,0.0002043646381935,244800000,results/rs/SC3_HBD_MWPM_2_5x/results/sweep_14_exp_0_checkpoints.csv
330303020,0.0169949150254248,0.0002043646381935,308400000,results/rs/SC3_HBD_MWPM_2_5x/results/sweep_14_exp_0_checkpoints.csv
330303020,0.0169949150254248,0.0002043646381935,388400000,results/rs/SC3_HBD_MWPM_2_5x/results/sweep_14_exp_0_checkpoints.csv
230303030,0.0162049189754051,0.0001996384235098,489200000,results/rs/SC3_HBD_MWPM_2_5x/results/sweep_14_exp_0_checkpoints.csv
230303030,0.0162049189754051,0.0001996384235098,616000000,results/rs/SC3_HBD_MWPM_2_5x/results/sweep_14_exp_0_checkpoints.csv
230303030,0.0162049189754051,0.0001996384235098,775600000,results/rs/SC3_HBD_MWPM_2_5x/results/sweep_14_exp_0_checkpoints.csv
230303030,0.0162049189754051,0.0001996384235098,976800000,results/rs/SC3_HBD_MWPM_2_5x/results/sweep_14_exp_0_checkpoints.csv
020303030,0.0161024194879025,0.0001990164164453,1230000000,results/rs/SC3_HBD_MWPM_2_5x/results/sweep_14_exp_0_checkpoints.csv
020303030,0.0161024194879025,0.0001990164164453,1548800000,results/rs/SC3_HBD_MWPM_2_5x/results/sweep_14_exp_0_checkpoints.csv
020303030,0.0161024194879025,0.0001990164164453,1950000000,results/rs/SC3_HBD_MWPM_2_5x/results/sweep_14_exp_0_checkpoints.csv
020303030,0.0161024194879025,0.0001990164164453,2455200000,results/rs/SC3_HBD_MWPM_2_5x/results/sweep_14_exp_0_checkpoints.csv
020303030,0.0161024194879025,0.0001990164164453,3091200000,results/rs/SC3_HBD_MWPM_2_5x/results/sweep_14_exp_0_checkpoints.csv
030303030,0.0148849255753721,0.0001914631429826,3891600000,results/rs/SC3_HBD_MWPM_2_5x/results/sweep_14_exp_0_checkpoints.csv
030303030,0.0148849255753721,0.0001914631429826,4899600000,results/rs/SC3_HBD_MWPM_2_5x/results/sweep_14_exp_0_checkpoints.csv
030303030,0.0148849255753721,0.0001914631429826,6168400000,results/rs/SC3_HBD_MWPM_2_5x/results/sweep_14_exp_0_checkpoints.csv
300222003,0.0250398748006259,0.0002470460312906,400000,results/rs/SC3_HBD_MWPM_2_5x/results/sweep_23_exp_0_checkpoints.csv
033002332,0.0202198989005054,0.0002225472271675,800000,results/rs/SC3_HBD_MWPM_2_5x/results/sweep_23_exp_0_checkpoints.csv
033002332,0.0202198989005054,0.0002225472271675,1200000,results/rs/SC3_HBD_MWPM_2_5x/results/sweep_23_exp_0_checkpoints.csv
033002332,0.0202198989005054,0.0002225472271675,1600000,results/rs/SC3_HBD_MWPM_2_5x/results/sweep_23_exp_0_checkpoints.csv
033002332,0.0202198989005054,0.0002225472271675,2400000,results/rs/SC3_HBD_MWPM_2_5x/results/sweep_23_exp_0_checkpoints.csv
033002332,0.0202198989005054,0.0002225472271675,3200000,results/rs/SC3_HBD_MWPM_2_5x/results/sweep_23_exp_0_checkpoints.csv
033002332,0.0202198989005054,0.0002225472271675,4400000,results/rs/SC3_HBD_MWPM_2_5x/results/sweep_23_exp_0_checkpoints.csv
033002332,0.0202198989005054,0.0002225472271675,5600000,results/rs/SC3_HBD_MWPM_2_5x/results/sweep_23_exp_0_checkpoints.csv
033002332,0.0202198989005054,0.0002225472271675,7200000,results/rs/SC3_HBD_MWPM_2_5x/results/sweep_23_exp_0_checkpoints.csv
232003000,0.0196574017129914,0.0002194928529206,9200000,results/rs/SC3_HBD_MWPM_2_5x/results/sweep_23_exp_0_checkpoints.csv
323303032,0.0193499032504837,0.000217803477426,11600000,results/rs/SC3_HBD_MWPM_2_5x/results/sweep_23_exp_0_checkpoints.csv
232303332,0.0191124044379778,0.0002164889156119,14800000,results/rs/SC3_HBD_MWPM_2_5x/results/sweep_23_exp_0_checkpoints.csv
232303332,0.0191124044379778,0.0002164889156119,18800000,results/rs/SC3_HBD_MWPM_2_5x/results/sweep_23_exp_0_checkpoints.csv
200303032,0.0184149079254603,0.0002125774190062,24000000,results/rs/SC3_HBD_MWPM_2_5x/results/sweep_23_exp_0_checkpoints.csv
030003333,0.0181249093754531,0.0002109280903823,30400000,results/rs/SC3_HBD_MWPM_2_5x/results/sweep_23_exp_0_checkpoints.csv
030003333,0.0181249093754531,0.0002109280903823,38400000,results/rs/SC3_HBD_MWPM_2_5x/results/sweep_23_exp_0_checkpoints.csv
333203030,0.0179974100129499,0.0002101985446643,48400000,results/rs/SC3_HBD_MWPM_2_5x/results/sweep_23_exp_0_checkpoints.csv
230303032,0.0169199154004229,0.000203920979402,61200000,results/rs/SC3_HBD_MWPM_2_5x/results/sweep_23_exp_0_checkpoints.csv
230303032,0.0169199154004229,0.000203920979402,77200000,results/rs/SC3_HBD_MWPM_2_5x/results/sweep_23_exp_0_checkpoints.csv
230303032,0.0169199154004229,0.000203920979402,97200000,results/rs/SC3_HBD_MWPM_2_5x/results/sweep_23_exp_0_checkpoints.csv
230303032,0.0169199154004229,0.000203920979402,122400000,results/rs/SC3_HBD_MWPM_2_5x/results/sweep_23_exp_0_checkpoints.csv
230303032,0.0169199154004229,0.000203920979402,154400000,results/rs/SC3_HBD_MWPM_2_5x/results/sweep_23_exp_0_checkpoints.csv
230303032,0.0169199154004229,0.000203920979402,194400000,results/rs/SC3_HBD_MWPM_2_5x/results/sweep_23_exp_0_checkpoints.csv
230303032,0.0169199154004229,0.000203920979402,244800000,results/rs/SC3_HBD_MWPM_2_5x/results/sweep_23_exp_0_checkpoints.csv
230303032,0.0169199154004229,0.000203920979402,308400000,results/rs/SC3_HBD_MWPM_2_5x/results/sweep_23_exp_0_checkpoints.csv
230303032,0.0169199154004229,0.000203920979402,388400000,results/rs/SC3_HBD_MWPM_2_5x/results/sweep_23_exp_0_checkpoints.csv
000303030,0.0161024194879025,0.0001990164164453,489200000,results/rs/SC3_HBD_MWPM_2_5x/results/sweep_23_exp_0_checkpoints.csv
032303030,0.015882420587897,0.0001976742933038,616000000,results/rs/SC3_HBD_MWPM_2_5x/results/sweep_23_exp_0_checkpoints.csv
032303030,0.015882420587897,0.0001976742933038,775600000,results/rs/SC3_HBD_MWPM_2_5x/results/sweep_23_exp_0_checkpoints.csv
032303030,0.015882420587897,0.0001976742933038,976800000,results/rs/SC3_HBD_MWPM_2_5x/results/sweep_23_exp_0_checkpoints.csv
032303030,0.015882420587897,0.0001976742933038,1230000000,results/rs/SC3_HBD_MWPM_2_5x/results/sweep_23_exp_0_checkpoints.csv
032303030,0.015882420587897,0.0001976742933038,1548800000,results/rs/SC3_HBD_MWPM_2_5x/results/sweep_23_exp_0_checkpoints.csv
230303030,0.0158124209378953,0.0001972452300833,1950000000,results/rs/SC3_HBD_MWPM_2_5x/results/sweep_23_exp_0_checkpoints.csv
230303030,0.0158124209378953,0.0001972452300833,2455200000,results/rs/SC3_HBD_MWPM_2_5x/results/sweep_23_exp_0_checkpoints.csv
230303030,0.0158124209378953,0.0001972452300833,3091200000,results/rs/SC3_HBD_MWPM_2_5x/results/sweep_23_exp_0_checkpoints.csv
330303030,0.0154299228503857,0.0001948828285094,3891600000,results/rs/SC3_HBD_MWPM_2_5x/results/sweep_23_exp_0_checkpoints.csv
330303030,0.0154299228503857,0.0001948828285094,4899600000,results/rs/SC3_HBD_MWPM_2_5x/results/sweep_23_exp_0_checkpoints.csv
330303030,0.0154299228503857,0.0001948828285094,6168400000,results/rs/SC3_HBD_MWPM_2_5x/results/sweep_23_exp_0_checkpoints.csv
200223220,0.0249273753631231,0.0002465046709403,400000,results/rs/SC3_HBD_MWPM_2_5x/results/sweep_25_exp_0_checkpoints.csv
320003323,0.0216048919755401,0.0002298801991855,800000,results/rs/SC3_HBD_MWPM_2_5x/results/sweep_25_exp_0_checkpoints.csv
200303202,0.0201523992380038,0.0002221830945927,1200000,results/rs/SC3_HBD_MWPM_2_5x/results/sweep_25_exp_0_checkpoints.csv
200303202,0.0201523992380038,0.0002221830945927,1600000,results/rs/SC3_HBD_MWPM_2_5x/results/sweep_25_exp_0_checkpoints.csv
200303202,0.0201523992380038,0.0002221830945927,2400000,results/rs/SC3_HBD_MWPM_2_5x/results/sweep_25_exp_0_checkpoints.csv
200303202,0.0201523992380038,0.0002221830945927,3200000,results/rs/SC3_HBD_MWPM_2_5x/results/sweep_25_exp_0_checkpoints.csv
200303202,0.0201523992380038,0.0002221830945927,4400000,results/rs/SC3_HBD_MWPM_2_5x/results/sweep_25_exp_0_checkpoints.csv
200303202,0.0201523992380038,0.0002221830945927,5600000,results/rs/SC3_HBD_MWPM_2_5x/results/sweep_25_exp_0_checkpoints.csv
200303202,0.0201523992380038,0.0002221830945927,7200000,results/rs/SC3_HBD_MWPM_2_5x/results/sweep_25_exp_0_checkpoints.csv
200303202,0.0201523992380038,0.0002221830945927,9200000,results/rs/SC3_HBD_MWPM_2_5x/results/sweep_25_exp_0_checkpoints.csv
200303202,0.0201523992380038,0.0002221830945927,11600000,results/rs/SC3_HBD_MWPM_2_5x/results/sweep_25_exp_0_checkpoints.csv
200303202,0.0201523992380038,0.0002221830945927,14800000,results/rs/SC3_HBD_MWPM_2_5x/results/sweep_25_exp_0_checkpoints.csv
030302022,0.0189774051129744,0.0002157378185074,18800000,results/rs/SC3_HBD_MWPM_2_5x/results/sweep_25_exp_0_checkpoints.csv
030302022,0.0189774051129744,0.0002157378185074,24000000,results/rs/SC3_HBD_MWPM_2_5x/results/sweep_25_exp_0_checkpoints.csv
030302022,0.0189774051129744,0.0002157378185074,30400000,results/rs/SC3_HBD_MWPM_2_5x/results/sweep_25_exp_0_checkpoints.csv
030200330,0.018242408787956,0.0002115980169037,38400000,results/rs/SC3_HBD_MWPM_2_5x/results/sweep_25_exp_0_checkpoints.csv
000303022,0.0178149109254453,0.0002091495261993,48400000,results/rs/SC3_HBD_MWPM_2_5x/results/sweep_25_exp_0_checkpoints.csv
000303022,0.0178149109254453,0.0002091495261993,61200000,results/rs/SC3_HBD_MWPM_2_5x/results/sweep_25_exp_0_checkpoints.csv
000303022,0.0178149109254453,0.0002091495261993,77200000,results/rs/SC3_HBD_MWPM_2_5x/results/sweep_25_exp_0_checkpoints.csv
032003030,0.0168274158629206,0.0002033723721979,97200000,results/rs/SC3_HBD_MWPM_2_5x/results/sweep_25_exp_0_checkpoints.csv
032003030,0.0168274158629206,0.0002033723721979,122400000,results/rs/SC3_HBD_MWPM_2_5x/results/sweep_25_exp_0_checkpoints.csv
032003030,0.0168274158629206,0.0002033723721979,154400000,results/rs/SC3_HBD_MWPM_2_5x/results/sweep_25_exp_0_checkpoints.csv
032003030,0.0168274158629206,0.0002033723721979,194400000,results/rs/SC3_HBD_MWPM_2_5x/results/sweep_25_exp_0_checkpoints.csv
330303330,0.0162499187504062,0.0001999108499148,244800000,results/rs/SC3_HBD_MWPM_2_5x/results/sweep_25_exp_0_checkpoints.csv
330303330,0.0162499187504062,0.0001999108499148,308400000,results/rs/SC3_HBD_MWPM_2_5x/results/sweep_25_exp_0_checkpoints.csv
030303330,0.0157824210878945,0.0001970610319403,388400000,results/rs/SC3_HBD_MWPM_2_5x/results/sweep_25_exp_0_checkpoints.csv
030303330,0.0157824210878945,0.0001970610319403,489200000,results/rs/SC3_HBD_MWPM_2_5x/results/sweep_25_exp_0_checkpoints.csv
030303330,0.0157824210878945,0.0001970610319403,616000000,results/rs/SC3_HBD_MWPM_2_5x/results/sweep_25_exp_0_checkpoints.csv
030303330,0.0157824210878945,0.0001970610319403,775600000,results/rs/SC3_HBD_MWPM_2_5x/results/sweep_25_exp_0_checkpoints.csv
030303330,0.0157824210878945,0.0001970610319403,976800000,results/rs/SC3_HBD_MWPM_2_5x/results/sweep_25_exp_0_checkpoints.csv
030303330,0.0157824210878945,0.0001970610319403,1230000000,results/rs/SC3_HBD_MWPM_2_5x/results/sweep_25_exp_0_checkpoints.csv
030303330,0.0157824210878945,0.0001970610319403,1548800000,results/rs/SC3_HBD_MWPM_2_5x/results/sweep_25_exp_0_checkpoints.csv
030303330,0.0157824210878945,0.0001970610319403,1950000000,results/rs/SC3_HBD_MWPM_2_5x/results/sweep_25_exp_0_checkpoints.csv
030303330,0.0157824210878945,0.0001970610319403,2455200000,results/rs/SC3_HBD_MWPM_2_5x/results/sweep_25_exp_0_checkpoints.csv
030303330,0.0157824210878945,0.0001970610319403,3091200000,results/rs/SC3_HBD_MWPM_2_5x/results/sweep_25_exp_0_checkpoints.csv
030303330,0.0157824210878945,0.0001970610319403,3891600000,results/rs/SC3_HBD_MWPM_2_5x/results/sweep_25_exp_0_checkpoints.csv
030303330,0.0157824210878945,0.0001970610319403,4899600000,results/rs/SC3_HBD_MWPM_2_5x/results/sweep_25_exp_0_checkpoints.csv
030303030,0.0148899255503722,0.0001914948225021,6168400000,results/rs/SC3_HBD_MWPM_2_5x/results/sweep_25_exp_0_checkpoints.csv
330300002,0.0186299068504657,0.0002137913543265,400000,results/rs/SC3_HBD_MWPM_2_5x/results/sweep_12_exp_0_checkpoints.csv
330300002,0.0186299068504657,0.0002137913543265,800000,results/rs/SC3_HBD_MWPM_2_5x/results/sweep_12_exp_0_checkpoints.csv
032302330,0.0184974075129624,0.0002130441134795,1200000,results/rs/SC3_HBD_MWPM_2_5x/results/sweep_12_exp_0_checkpoints.csv
032302330,0.0184974075129624,0.0002130441134795,1600000,results/rs/SC3_HBD_MWPM_2_5x/results/sweep_12_exp_0_checkpoints.csv
032302330,0.0184974075129624,0.0002130441134795,2400000,results/rs/SC3_HBD_MWPM_2_5x/results/sweep_12_exp_0_checkpoints.csv
032302330,0.0184974075129624,0.0002130441134795,3200000,results/rs/SC3_HBD_MWPM_2_5x/results/sweep_12_exp_0_checkpoints.csv
032302330,0.0184974075129624,0.0002130441134795,4400000,results/rs/SC3_HBD_MWPM_2_5x/results/sweep_12_exp_0_checkpoints.csv
032302330,0.0184974075129624,0.0002130441134795,5600000,results/rs/SC3_HBD_MWPM_2_5x/results/sweep_12_exp_0_checkpoints.csv
032302330,0.0184974075129624,0.0002130441134795,7200000,results/rs/SC3_HBD_MWPM_2_5x/results/sweep_12_exp_0_checkpoints.csv
032302330,0.0184974075129624,0.0002130441134795,9200000,results/rs/SC3_HBD_MWPM_2_5x/results/sweep_12_exp_0_checkpoints.csv
032302330,0.0184974075129624,0.0002130441134795,11600000,results/rs/SC3_HBD_MWPM_2_5x/results/sweep_12_exp_0_checkpoints.csv
032302330,0.0184974075129624,0.0002130441134795,14800000,results/rs/SC3_HBD_MWPM_2_5x/results/sweep_12_exp_0_checkpoints.csv
032302330,0.0184974075129624,0.0002130441134795,18800000,results/rs/SC3_HBD_MWPM_2_5x/results/sweep_12_exp_0_checkpoints.csv
032302330,0.0184974075129624,0.0002130441134795,24000000,results/rs/SC3_HBD_MWPM_2_5x/results/sweep_12_exp_0_checkpoints.csv
032302330,0.0184974075129624,0.0002130441134795,30400000,results/rs/SC3_HBD_MWPM_2_5x/results/sweep_12_exp_0_checkpoints.csv
032302330,0.0184974075129624,0.0002130441134795,38400000,results/rs/SC3_HBD_MWPM_2_5x/results/sweep_12_exp_0_checkpoints.csv
032302330,0.0184974075129624,0.0002130441134795,48400000,results/rs/SC3_HBD_MWPM_2_5x/results/sweep_12_exp_0_checkpoints.csv
032302330,0.0184974075129624,0.0002130441134795,61200000,results/rs/SC3_HBD_MWPM_2_5x/results/sweep_12_exp_0_checkpoints.csv
032302330,0.0184974075129624,0.0002130441134795,77200000,results/rs/SC3_HBD_MWPM_2_5x/results/sweep_12_exp_0_checkpoints.csv
000300000,0.0184149079254603,0.0002125774190062,97200000,results/rs/SC3_HBD_MWPM_2_5x/results/sweep_12_exp_0_checkpoints.csv
032303230,0.0174924125379373,0.0002072818024316,122400000,results/rs/SC3_HBD_MWPM_2_5x/results/sweep_12_exp_0_checkpoints.csv
330203030,0.016842415787921,0.000203461444471,154400000,results/rs/SC3_HBD_MWPM_2_5x/results/sweep_12_exp_0_checkpoints.csv
330203030,0.016842415787921,0.000203461444471,194400000,results/rs/SC3_HBD_MWPM_2_5x/results/sweep_12_exp_0_checkpoints.csv
330203030,0.016842415787921,0.000203461444471,244800000,results/rs/SC3_HBD_MWPM_2_5x/results/sweep_12_exp_0_checkpoints.csv
330203030,0.016842415787921,0.000203461444471,308400000,results/rs/SC3_HBD_MWPM_2_5x/results/sweep_12_exp_0_checkpoints.csv
330203030,0.016842415787921,0.000203461444471,388400000,results/rs/SC3_HBD_MWPM_2_5x/results/sweep_12_exp_0_checkpoints.csv
300303030,0.0167249163754181,0.0002027626032941,489200000,results/rs/SC3_HBD_MWPM_2_5x/results/sweep_12_exp_0_checkpoints.csv
300303030,0.0167249163754181,0.0002027626032941,616000000,results/rs/SC3_HBD_MWPM_2_5x/results/sweep_12_exp_0_checkpoints.csv
300303030,0.0167249163754181,0.0002027626032941,775600000,results/rs/SC3_HBD_MWPM_2_5x/results/sweep_12_exp_0_checkpoints.csv
300303030,0.0167249163754181,0.0002027626032941,976800000,results/rs/SC3_HBD_MWPM_2_5x/results/sweep_12_exp_0_checkpoints.csv
030303030,0.0151324243378783,0.0001930241123773,1230000000,results/rs/SC3_HBD_MWPM_2_5x/results/sweep_12_exp_0_checkpoints.csv
030303030,0.0151324243378783,0.0001930241123773,1548800000,results/rs/SC3_HBD_MWPM_2_5x/results/sweep_12_exp_0_checkpoints.csv
030303030,0.0151324243378783,0.0001930241123773,1950000000,results/rs/SC3_HBD_MWPM_2_5x/results/sweep_12_exp_0_checkpoints.csv
030303030,0.0151324243378783,0.0001930241123773,2455200000,results/rs/SC3_HBD_MWPM_2_5x/results/sweep_12_exp_0_checkpoints.csv
030303030,0.0151324243378783,0.0001930241123773,3091200000,results/rs/SC3_HBD_MWPM_2_5x/results/sweep_12_exp_0_checkpoints.csv
030303030,0.0151324243378783,0.0001930241123773,3891600000,results/rs/SC3_HBD_MWPM_2_5x/results/sweep_12_exp_0_checkpoints.csv
030303030,0.0151324243378783,0.0001930241123773,4899600000,results/rs/SC3_HBD_MWPM_2_5x/results/sweep_12_exp_0_checkpoints.csv
030303030,0.0151324243378783,0.0001930241123773,6168400000,results/rs/SC3_HBD_MWPM_2_5x/results/sweep_12_exp_0_checkpoints.csv
003203322,0.021762391188044,0.0002306980168214,400000,results/rs/SC3_HBD_MWPM_2_5x/results/sweep_7_exp_0_checkpoints.csv
300200230,0.0205948970255148,0.0002245584328193,800000,results/rs/SC3_HBD_MWPM_2_5x/results/sweep_7_exp_0_checkpoints.csv
300200230,0.0205948970255148,0.0002245584328193,1200000,results/rs/SC3_HBD_MWPM_2_5x/results/sweep_7_exp_0_checkpoints.csv
300200230,0.0205948970255148,0.0002245584328193,1600000,results/rs/SC3_HBD_MWPM_2_5x/results/sweep_7_exp_0_checkpoints.csv
300200230,0.0205948970255148,0.0002245584328193,2400000,results/rs/SC3_HBD_MWPM_2_5x/results/sweep_7_exp_0_checkpoints.csv
300200230,0.0205948970255148,0.0002245584328193,3200000,results/rs/SC3_HBD_MWPM_2_5x/results/sweep_7_exp_0_checkpoints.csv
300200230,0.0205948970255148,0.0002245584328193,4400000,results/rs/SC3_HBD_MWPM_2_5x/results/sweep_7_exp_0_checkpoints.csv
300200230,0.0205948970255148,0.0002245584328193,5600000,results/rs/SC3_HBD_MWPM_2_5x/results/sweep_7_exp_0_checkpoints.csv
233300200,0.0200648996755016,0.000221710128244,7200000,results/rs/SC3_HBD_MWPM_2_5x/results/sweep_7_exp_0_checkpoints.csv
032002033,0.0192049039754801,0.0002170019288314,9200000,results/rs/SC3_HBD_MWPM_2_5x/results/sweep_7_exp_0_checkpoints.csv
032002033,0.0192049039754801,0.0002170019288314,11600000,results/rs/SC3_HBD_MWPM_2_5x/results/sweep_7_exp_0_checkpoints.csv
032002033,0.0192049039754801,0.0002170019288314,14800000,results/rs/SC3_HBD_MWPM_2_5x/results/sweep_7_exp_0_checkpoints.csv
032002033,0.0192049039754801,0.0002170019288314,18800000,results/rs/SC3_HBD_MWPM_2_5x/results/sweep_7_exp_0_checkpoints.csv
032002033,0.0192049039754801,0.0002170019288314,24000000,results/rs/SC3_HBD_MWPM_2_5x/results/sweep_7_exp_0_checkpoints.csv
200003330,0.0189249053754731,0.0002154449757654,30400000,results/rs/SC3_HBD_MWPM_2_5x/results/sweep_7_exp_0_checkpoints.csv
330303020,0.0169399153004235,0.0002040393883362,38400000,results/rs/SC3_HBD_MWPM_2_5x/results/sweep_7_exp_0_checkpoints.csv
330303020,0.0169399153004235,0.0002040393883362,48400000,results/rs/SC3_HBD_MWPM_2_5x/results/sweep_7_exp_0_checkpoints.csv
230303030,0.0159074204628976,0.0001978273066924,61200000,results/rs/SC3_HBD_MWPM_2_5x/results/sweep_7_exp_0_checkpoints.csv
230303030,0.0159074204628976,0.0001978273066924,77200000,results/rs/SC3_HBD_MWPM_2_5x/results/sweep_7_exp_0_checkpoints.csv
230303030,0.0159074204628976,0.0001978273066924,97200000,results/rs/SC3_HBD_MWPM_2_5x/results/sweep_7_exp_0_checkpoints.csv
230303030,0.0159074204628976,0.0001978273066924,122400000,results/rs/SC3_HBD_MWPM_2_5x/results/sweep_7_exp_0_checkpoints.csv
230303030,0.0159074204628976,0.0001978273066924,154400000,results/rs/SC3_HBD_MWPM_2_5x/results/sweep_7_exp_0_checkpoints.csv
230303030,0.0159074204628976,0.0001978273066924,194400000,results/rs/SC3_HBD_MWPM_2_5x/results/sweep_7_exp_0_checkpoints.csv
230303030,0.0159074204628976,0.0001978273066924,244800000,results/rs/SC3_HBD_MWPM_2_5x/results/sweep_7_exp_0_checkpoints.csv
230303030,0.0159074204628976,0.0001978273066924,308400000,results/rs/SC3_HBD_MWPM_2_5x/results/sweep_7_exp_0_checkpoints.csv
230303030,0.0159074204628976,0.0001978273066924,388400000,results/rs/SC3_HBD_MWPM_2_5x/results/sweep_7_exp_0_checkpoints.csv
230303030,0.0159074204628976,0.0001978273066924,489200000,results/rs/SC3_HBD_MWPM_2_5x/results/sweep_7_exp_0_checkpoints.csv
230303030,0.0159074204628976,0.0001978273066924,616000000,results/rs/SC3_HBD_MWPM_2_5x/results/sweep_7_exp_0_checkpoints.csv
230303030,0.0159074204628976,0.0001978273066924,775600000,results/rs/SC3_HBD_MWPM_2_5x/results/sweep_7_exp_0_checkpoints.csv
230303030,0.0159074204628976,0.0001978273066924,976800000,results/rs/SC3_HBD_MWPM_2_5x/results/sweep_7_exp_0_checkpoints.csv
230303030,0.0159074204628976,0.0001978273066924,1230000000,results/rs/SC3_HBD_MWPM_2_5x/results/sweep_7_exp_0_checkpoints.csv
230303030,0.0159074204628976,0.0001978273066924,1548800000,results/rs/SC3_HBD_MWPM_2_5x/results/sweep_7_exp_0_checkpoints.csv
230303030,0.0159074204628976,0.0001978273066924,1950000000,results/rs/SC3_HBD_MWPM_2_5x/results/sweep_7_exp_0_checkpoints.csv
030303030,0.0152374238128809,0.000193682295503,2455200000,results/rs/SC3_HBD_MWPM_2_5x/results/sweep_7_exp_0_checkpoints.csv
030303030,0.0152374238128809,0.000193682295503,3091200000,results/rs/SC3_HBD_MWPM_2_5x/results/sweep_7_exp_0_checkpoints.csv
030303030,0.0152374238128809,0.000193682295503,3891600000,results/rs/SC3_HBD_MWPM_2_5x/results/sweep_7_exp_0_checkpoints.csv
030303030,0.0152374238128809,0.000193682295503,4899600000,results/rs/SC3_HBD_MWPM_2_5x/results/sweep_7_exp_0_checkpoints.csv
030303030,0.0152374238128809,0.000193682295503,6168400000,results/rs/SC3_HBD_MWPM_2_5x/results/sweep_7_exp_0_checkpoints.csv
302003233,0.0216748916255418,0.0002302440698258,400000,results/rs/SC3_HBD_MWPM_2_5x/results/sweep_18_exp_0_checkpoints.csv
302003233,0.0216748916255418,0.0002302440698258,800000,results/rs/SC3_HBD_MWPM_2_5x/results/sweep_18_exp_0_checkpoints.csv
302003233,0.0216748916255418,0.0002302440698258,1200000,results/rs/SC3_HBD_MWPM_2_5x/results/sweep_18_exp_0_checkpoints.csv
302003233,0.0216748916255418,0.0002302440698258,1600000,results/rs/SC3_HBD_MWPM_2_5x/results/sweep_18_exp_0_checkpoints.csv
002203020,0.01960240198799,0.0002191917155869,2400000,results/rs/SC3_HBD_MWPM_2_5x/results/sweep_18_exp_0_checkpoints.csv
032003030,0.0171249143754281,0.0002051312039839,3200000,results/rs/SC3_HBD_MWPM_2_5x/results/sweep_18_exp_0_checkpoints.csv
032003030,0.0171249143754281,0.0002051312039839,4400000,results/rs/SC3_HBD_MWPM_2_5x/results/sweep_18_exp_0_checkpoints.csv
032003030,0.0171249143754281,0.0002051312039839,5600000,results/rs/SC3_HBD_MWPM_2_5x/results/sweep_18_exp_0_checkpoints.csv
032003030,0.0171249143754281,0.0002051312039839,7200000,results/rs/SC3_HBD_MWPM_2_5x/results/sweep_18_exp_0_checkpoints.csv
032003030,0.0171249143754281,0.0002051312039839,9200000,results/rs/SC3_HBD_MWPM_2_5x/results/sweep_18_exp_0_checkpoints.csv
032003030,0.0171249143754281,0.0002051312039839,11600000,results/rs/SC3_HBD_MWPM_2_5x/results/sweep_18_exp_0_checkpoints.csv
032003030,0.0171249143754281,0.0002051312039839,14800000,results/rs/SC3_HBD_MWPM_2_5x/results/sweep_18_exp_0_checkpoints.csv
032003030,0.0171249143754281,0.0002051312039839,18800000,results/rs/SC3_HBD_MWPM_2_5x/results/sweep_18_exp_0_checkpoints.csv
032003030,0.0171249143754281,0.0002051312039839,24000000,results/rs/SC3_HBD_MWPM_2_5x/results/sweep_18_exp_0_checkpoints.csv
032003030,0.0171249143754281,0.0002051312039839,30400000,results/rs/SC3_HBD_MWPM_2_5x/results/sweep_18_exp_0_checkpoints.csv
032003030,0.0171249143754281,0.0002051312039839,38400000,results/rs/SC3_HBD_MWPM_2_5x/results/sweep_18_exp_0_checkpoints.csv
032003030,0.0171249143754281,0.0002051312039839,48400000,results/rs/SC3_HBD_MWPM_2_5x/results/sweep_18_exp_0_checkpoints.csv
032003030,0.0171249143754281,0.0002051312039839,61200000,results/rs/SC3_HBD_MWPM_2_5x/results/sweep_18_exp_0_checkpoints.csv
032003030,0.0171249143754281,0.0002051312039839,77200000,results/rs/SC3_HBD_MWPM_2_5x/results/sweep_18_exp_0_checkpoints.csv
033302030,0.0170774146129269,0.0002048514725174,97200000,results/rs/SC3_HBD_MWPM_2_5x/results/sweep_18_exp_0_checkpoints.csv
330303000,0.0164174179129104,0.0002009214076679,122400000,results/rs/SC3_HBD_MWPM_2_5x/results/sweep_18_exp_0_checkpoints.csv
330303000,0.0164174179129104,0.0002009214076679,154400000,results/rs/SC3_HBD_MWPM_2_5x/results/sweep_18_exp_0_checkpoints.csv
032303030,0.0162099189504052,0.0001996687060454,194400000,results/rs/SC3_HBD_MWPM_2_5x/results/sweep_18_exp_0_checkpoints.csv
032303030,0.0162099189504052,0.0001996687060454,244800000,results/rs/SC3_HBD_MWPM_2_5x/results/sweep_18_exp_0_checkpoints.csv
032303030,0.0162099189504052,0.0001996687060454,308400000,results/rs/SC3_HBD_MWPM_2_5x/results/sweep_18_exp_0_checkpoints.csv
032303030,0.0162099189504052,0.0001996687060454,388400000,results/rs/SC3_HBD_MWPM_2_5x/results/sweep_18_exp_0_checkpoints.csv
000303030,0.0160724196379018,0.0001988339645322,489200000,results/rs/SC3_HBD_MWPM_2_5x/results/sweep_18_exp_0_checkpoints.csv
000303030,0.0160724196379018,0.0001988339645322,616000000,results/rs/SC3_HBD_MWPM_2_5x/results/sweep_18_exp_0_checkpoints.csv
330303030,0.0156624216878915,0.0001963224058272,775600000,results/rs/SC3_HBD_MWPM_2_5x/results/sweep_18_exp_0_checkpoints.csv
330303030,0.0156624216878915,0.0001963224058272,976800000,results/rs/SC3_HBD_MWPM_2_5x/results/sweep_18_exp_0_checkpoints.csv
330303030,0.0156624216878915,0.0001963224058272,1230000000,results/rs/SC3_HBD_MWPM_2_5x/results/sweep_18_exp_0_checkpoints.csv
330303030,0.0156624216878915,0.0001963224058272,1548800000,results/rs/SC3_HBD_MWPM_2_5x/results/sweep_18_exp_0_checkpoints.csv
330303030,0.0156624216878915,0.0001963224058272,1950000000,results/rs/SC3_HBD_MWPM_2_5x/results/sweep_18_exp_0_checkpoints.csv
330303030,0.0156624216878915,0.0001963224058272,2455200000,results/rs/SC3_HBD_MWPM_2_5x/results/sweep_18_exp_0_checkpoints.csv
330303030,0.0156624216878915,0.0001963224058272,3091200000,results/rs/SC3_HBD_MWPM_2_5x/results/sweep_18_exp_0_checkpoints.csv
330303030,0.0156624216878915,0.0001963224058272,3891600000,results/rs/SC3_HBD_MWPM_2_5x/results/sweep_18_exp_0_checkpoints.csv
030303030,0.014762426187869,0.0001906855177367,4899600000,results/rs/SC3_HBD_MWPM_2_5x/results/sweep_18_exp_0_checkpoints.csv
030303030,0.014762426187869,0.0001906855177367,6168400000,results/rs/SC3_HBD_MWPM_2_5x/results/sweep_18_exp_0_checkpoints.csv
020322223,0.0243173784131079,0.0002435460191918,400000,results/rs/SC3_HBD_MWPM_2_5x/results/sweep_1_exp_0_checkpoints.csv
020320232,0.0229573852130739,0.0002368025307077,800000,results/rs/SC3_HBD_MWPM_2_5x/results/sweep_1_exp_0_checkpoints.csv
020320232,0.0229573852130739,0.0002368025307077,1200000,results/rs/SC3_HBD_MWPM_2_5x/results/sweep_1_exp_0_checkpoints.csv
300300020,0.0190749046254768,0.0002162805612897,1600000,results/rs/SC3_HBD_MWPM_2_5x/results/sweep_1_exp_0_checkpoints.csv
300300020,0.0190749046254768,0.0002162805612897,2400000,results/rs/SC3_HBD_MWPM_2_5x/results/sweep_1_exp_0_checkpoints.csv
300300020,0.0190749046254768,0.0002162805612897,3200000,results/rs/SC3_HBD_MWPM_2_5x/results/sweep_1_exp_0_checkpoints.csv
300300020,0.0190749046254768,0.0002162805612897,4400000,results/rs/SC3_HBD_MWPM_2_5x/results/sweep_1_exp_0_checkpoints.csv
300300020,0.0190749046254768,0.0002162805612897,5600000,results/rs/SC3_HBD_MWPM_2_5x/results/sweep_1_exp_0_checkpoints.csv
300300020,0.0190749046254768,0.0002162805612897,7200000,results/rs/SC3_HBD_MWPM_2_5x/results/sweep_1_exp_0_checkpoints.csv
300300020,0.0190749046254768,0.0002162805612897,9200000,results/rs/SC3_HBD_MWPM_2_5x/results/sweep_1_exp_0_checkpoints.csv
300300020,0.0190749046254768,0.0002162805612897,11600000,results/rs/SC3_HBD_MWPM_2_5x/results/sweep_1_exp_0_checkpoints.csv
300300020,0.0190749046254768,0.0002162805612897,14800000,results/rs/SC3_HBD_MWPM_2_5x/results/sweep_1_exp_0_checkpoints.csv
300300020,0.0190749046254768,0.0002162805612897,18800000,results/rs/SC3_HBD_MWPM_2_5x/results/sweep_1_exp_0_checkpoints.csv
002303000,0.0181349093254533,0.0002109851920977,24000000,results/rs/SC3_HBD_MWPM_2_5x/results/sweep_1_exp_0_checkpoints.csv
032203030,0.0178499107504462,0.0002093511429848,30400000,results/rs/SC3_HBD_MWPM_2_5x/results/sweep_1_exp_0_checkpoints.csv
032203030,0.0178499107504462,0.0002093511429848,38400000,results/rs/SC3_HBD_MWPM_2_5x/results/sweep_1_exp_0_checkpoints.csv
032203030,0.0178499107504462,0.0002093511429848,48400000,results/rs/SC3_HBD_MWPM_2_5x/results/sweep_1_exp_0_checkpoints.csv
032203030,0.0178499107504462,0.0002093511429848,61200000,results/rs/SC3_HBD_MWPM_2_5x/results/sweep_1_exp_0_checkpoints.csv
032203030,0.0178499107504462,0.0002093511429848,77200000,results/rs/SC3_HBD_MWPM_2_5x/results/sweep_1_exp_0_checkpoints.csv
032203030,0.0178499107504462,0.0002093511429848,97200000,results/rs/SC3_HBD_MWPM_2_5x/results/sweep_1_exp_0_checkpoints.csv
330303330,0.0164274178629106,0.0002009815652854,122400000,results/rs/SC3_HBD_MWPM_2_5x/results/sweep_1_exp_0_checkpoints.csv
330303330,0.0164274178629106,0.0002009815652854,154400000,results/rs/SC3_HBD_MWPM_2_5x/results/sweep_1_exp_0_checkpoints.csv
330303330,0.0164274178629106,0.0002009815652854,194400000,results/rs/SC3_HBD_MWPM_2_5x/results/sweep_1_exp_0_checkpoints.csv
330303330,0.0164274178629106,0.0002009815652854,244800000,results/rs/SC3_HBD_MWPM_2_5x/results/sweep_1_exp_0_checkpoints.csv
330303330,0.0164274178629106,0.0002009815652854,308400000,results/rs/SC3_HBD_MWPM_2_5x/results/sweep_1_exp_0_checkpoints.csv
330303330,0.0164274178629106,0.0002009815652854,388400000,results/rs/SC3_HBD_MWPM_2_5x/results/sweep_1_exp_0_checkpoints.csv
030003030,0.0161699191504042,0.0001994262711377,489200000,results/rs/SC3_HBD_MWPM_2_5x/results/sweep_1_exp_0_checkpoints.csv
030003030,0.0161699191504042,0.0001994262711377,616000000,results/rs/SC3_HBD_MWPM_2_5x/results/sweep_1_exp_0_checkpoints.csv
030003030,0.0161699191504042,0.0001994262711377,775600000,results/rs/SC3_HBD_MWPM_2_5x/results/sweep_1_exp_0_checkpoints.csv
030003030,0.0161699191504042,0.0001994262711377,976800000,results/rs/SC3_HBD_MWPM_2_5x/results/sweep_1_exp_0_checkpoints.csv
030303000,0.0157374213128934,0.0001967843854799,1230000000,results/rs/SC3_HBD_MWPM_2_5x/results/sweep_1_exp_0_checkpoints.csv
030303000,0.0157374213128934,0.0001967843854799,1548800000,results/rs/SC3_HBD_MWPM_2_5x/results/sweep_1_exp_0_checkpoints.csv
030303000,0.0157374213128934,0.0001967843854799,1950000000,results/rs/SC3_HBD_MWPM_2_5x/results/sweep_1_exp_0_checkpoints.csv
030303000,0.0157374213128934,0.0001967843854799,2455200000,results/rs/SC3_HBD_MWPM_2_5x/results/sweep_1_exp_0_checkpoints.csv
030303000,0.0157374213128934,0.0001967843854799,3091200000,results/rs/SC3_HBD_MWPM_2_5x/results/sweep_1_exp_0_checkpoints.csv
030303030,0.0149449252753736,0.0001918428024509,3891600000,results/rs/SC3_HBD_MWPM_2_5x/results/sweep_1_exp_0_checkpoints.csv
030303030,0.0149449252753736,0.0001918428024509,4899600000,results/rs/SC3_HBD_MWPM_2_5x/results/sweep_1_exp_0_checkpoints.csv
030303030,0.0149449252753736,0.0001918428024509,6168400000,results/rs/SC3_HBD_MWPM_2_5x/results/sweep_1_exp_0_checkpoints.csv
