clifford_deformation,exp_ler,uncertainty,method_shots,source_file
303330320,0.0806741932580674,0.0006089530070312,200000,results/rs/SC3_HBD_MWPM_5x/results/sweep_23_exp_0_checkpoints.csv
303330320,0.0806741932580674,0.0006089530070312,400000,results/rs/SC3_HBD_MWPM_5x/results/sweep_23_exp_0_checkpoints.csv
332032032,0.0786342136578634,0.0006018711719661,600000,results/rs/SC3_HBD_MWPM_5x/results/sweep_23_exp_0_checkpoints.csv
332032032,0.0786342136578634,0.0006018711719661,800000,results/rs/SC3_HBD_MWPM_5x/results/sweep_23_exp_0_checkpoints.csv
020333200,0.0686593134068659,0.0005654389970004,1200000,results/rs/SC3_HBD_MWPM_5x/results/sweep_23_exp_0_checkpoints.csv
020333200,0.0686593134068659,0.0005654389970004,1600000,results/rs/SC3_HBD_MWPM_5x/results/sweep_23_exp_0_checkpoints.csv
033003332,0.0656643433565664,0.0005538574769161,2200000,results/rs/SC3_HBD_MWPM_5x/results/sweep_23_exp_0_checkpoints.csv
033003332,0.0656643433565664,0.0005538574769161,2800000,results/rs/SC3_HBD_MWPM_5x/results/sweep_23_exp_0_checkpoints.csv
033003332,0.0656643433565664,0.0005538574769161,3600000,results/rs/SC3_HBD_MWPM_5x/results/sweep_23_exp_0_checkpoints.csv
033003332,0.0656643433565664,0.0005538574769161,4600000,results/rs/SC3_HBD_MWPM_5x/results/sweep_23_exp_0_checkpoints.csv
033003332,0.0656643433565664,0.0005538574769161,5800000,results/rs/SC3_HBD_MWPM_5x/results/sweep_23_exp_0_checkpoints.csv
033003332,0.0656643433565664,0.0005538574769161,7400000,results/rs/SC3_HBD_MWPM_5x/results/sweep_23_exp_0_checkpoints.csv
033003332,0.0656643433565664,0.0005538574769161,9400000,results/rs/SC3_HBD_MWPM_5x/results/sweep_23_exp_0_checkpoints.csv
233203030,0.0635343646563534,0.0005454212077893,12000000,results/rs/SC3_HBD_MWPM_5x/results/sweep_23_exp_0_checkpoints.csv
233203030,0.0635343646563534,0.0005454212077893,15200000,results/rs/SC3_HBD_MWPM_5x/results/sweep_23_exp_0_checkpoints.csv
233203030,0.0635343646563534,0.0005454212077893,19200000,results/rs/SC3_HBD_MWPM_5x/results/sweep_23_exp_0_checkpoints.csv
233203030,0.0635343646563534,0.0005454212077893,24200000,results/rs/SC3_HBD_MWPM_5x/results/sweep_23_exp_0_checkpoints.csv
233203030,0.0635343646563534,0.0005454212077893,30600000,results/rs/SC3_HBD_MWPM_5x/results/sweep_23_exp_0_checkpoints.csv
233203030,0.0635343646563534,0.0005454212077893,38600000,results/rs/SC3_HBD_MWPM_5x/results/sweep_23_exp_0_checkpoints.csv
233203030,0.0635343646563534,0.0005454212077893,48600000,results/rs/SC3_HBD_MWPM_5x/results/sweep_23_exp_0_checkpoints.csv
030203032,0.0607393926060739,0.0005340845673345,61200000,results/rs/SC3_HBD_MWPM_5x/results/sweep_23_exp_0_checkpoints.csv
030203032,0.0607393926060739,0.0005340845673345,77200000,results/rs/SC3_HBD_MWPM_5x/results/sweep_23_exp_0_checkpoints.csv
230303030,0.0559044409555904,0.0005137039115652,97200000,results/rs/SC3_HBD_MWPM_5x/results/sweep_23_exp_0_checkpoints.csv
230303030,0.0559044409555904,0.0005137039115652,122400000,results/rs/SC3_HBD_MWPM_5x/results/sweep_23_exp_0_checkpoints.csv
230303030,0.0559044409555904,0.0005137039115652,154200000,results/rs/SC3_HBD_MWPM_5x/results/sweep_23_exp_0_checkpoints.csv
230303030,0.0559044409555904,0.0005137039115652,194200000,results/rs/SC3_HBD_MWPM_5x/results/sweep_23_exp_0_checkpoints.csv
230303030,0.0559044409555904,0.0005137039115652,244600000,results/rs/SC3_HBD_MWPM_5x/results/sweep_23_exp_0_checkpoints.csv
033303030,0.0555644443555564,0.00051223160699,308000000,results/rs/SC3_HBD_MWPM_5x/results/sweep_23_exp_0_checkpoints.csv
033303030,0.0555644443555564,0.00051223160699,387800000,results/rs/SC3_HBD_MWPM_5x/results/sweep_23_exp_0_checkpoints.csv
033303030,0.0555644443555564,0.00051223160699,488400000,results/rs/SC3_HBD_MWPM_5x/results/sweep_23_exp_0_checkpoints.csv
033303030,0.0555644443555564,0.00051223160699,615000000,results/rs/SC3_HBD_MWPM_5x/results/sweep_23_exp_0_checkpoints.csv
033303030,0.0555644443555564,0.00051223160699,774400000,results/rs/SC3_HBD_MWPM_5x/results/sweep_23_exp_0_checkpoints.csv
033303030,0.0555644443555564,0.00051223160699,975000000,results/rs/SC3_HBD_MWPM_5x/results/sweep_23_exp_0_checkpoints.csv
033303030,0.0555644443555564,0.00051223160699,1227600000,results/rs/SC3_HBD_MWPM_5x/results/sweep_23_exp_0_checkpoints.csv
033303030,0.0555644443555564,0.00051223160699,1545600000,results/rs/SC3_HBD_MWPM_5x/results/sweep_23_exp_0_checkpoints.csv
033303030,0.0555644443555564,0.00051223160699,1945800000,results/rs/SC3_HBD_MWPM_5x/results/sweep_23_exp_0_checkpoints.csv
030303030,0.0540294597054029,0.000505517120473,2449800000,results/rs/SC3_HBD_MWPM_5x/results/sweep_23_exp_0_checkpoints.csv
030303030,0.0540294597054029,0.000505517120473,3084200000,results/rs/SC3_HBD_MWPM_5x/results/sweep_23_exp_0_checkpoints.csv
230233222,0.0817641823581764,0.0006126894732005,200000,results/rs/SC3_HBD_MWPM_5x/results/sweep_14_exp_0_checkpoints.csv
230233222,0.0817641823581764,0.0006126894732005,400000,results/rs/SC3_HBD_MWPM_5x/results/sweep_14_exp_0_checkpoints.csv
032023200,0.0761892381076189,0.000593225879129,600000,results/rs/SC3_HBD_MWPM_5x/results/sweep_14_exp_0_checkpoints.csv
023302032,0.0695143048569514,0.0005686875083483,800000,results/rs/SC3_HBD_MWPM_5x/results/sweep_14_exp_0_checkpoints.csv
023302032,0.0695143048569514,0.0005686875083483,1200000,results/rs/SC3_HBD_MWPM_5x/results/sweep_14_exp_0_checkpoints.csv
023302032,0.0695143048569514,0.0005686875083483,1600000,results/rs/SC3_HBD_MWPM_5x/results/sweep_14_exp_0_checkpoints.csv
023302032,0.0695143048569514,0.0005686875083483,2200000,results/rs/SC3_HBD_MWPM_5x/results/sweep_14_exp_0_checkpoints.csv
300300002,0.0687993120068799,0.0005659726448357,2800000,results/rs/SC3_HBD_MWPM_5x/results/sweep_14_exp_0_checkpoints.csv
300300002,0.0687993120068799,0.0005659726448357,3600000,results/rs/SC3_HBD_MWPM_5x/results/sweep_14_exp_0_checkpoints.csv
300300002,0.0687993120068799,0.0005659726448357,4600000,results/rs/SC3_HBD_MWPM_5x/results/sweep_14_exp_0_checkpoints.csv
300300002,0.0687993120068799,0.0005659726448357,5800000,results/rs/SC3_HBD_MWPM_5x/results/sweep_14_exp_0_checkpoints.csv
220203033,0.0683543164568354,0.0005642740870825,7400000,results/rs/SC3_HBD_MWPM_5x/results/sweep_14_exp_0_checkpoints.csv
200203230,0.0682093179068209,0.0005637191352434,9400000,results/rs/SC3_HBD_MWPM_5x/results/sweep_14_exp_0_checkpoints.csv
300300020,0.0677893221067789,0.0005621075397357,12000000,results/rs/SC3_HBD_MWPM_5x/results/sweep_14_exp_0_checkpoints.csv
300300020,0.0677893221067789,0.0005621075397357,15200000,results/rs/SC3_HBD_MWPM_5x/results/sweep_14_exp_0_checkpoints.csv
032333030,0.0615043849561504,0.0005372184095904,19200000,results/rs/SC3_HBD_MWPM_5x/results/sweep_14_exp_0_checkpoints.csv
032333030,0.0615043849561504,0.0005372184095904,24200000,results/rs/SC3_HBD_MWPM_5x/results/sweep_14_exp_0_checkpoints.csv
032333030,0.0615043849561504,0.0005372184095904,30600000,results/rs/SC3_HBD_MWPM_5x/results/sweep_14_exp_0_checkpoints.csv
032333030,0.0615043849561504,0.0005372184095904,38600000,results/rs/SC3_HBD_MWPM_5x/results/sweep_14_exp_0_checkpoints.csv
032333030,0.0615043849561504,0.0005372184095904,48600000,results/rs/SC3_HBD_MWPM_5x/results/sweep_14_exp_0_checkpoints.csv
032333030,0.0615043849561504,0.0005372184095904,61200000,results/rs/SC3_HBD_MWPM_5x/results/sweep_14_exp_0_checkpoints.csv
330303032,0.0586344136558634,0.0005253360141068,77200000,results/rs/SC3_HBD_MWPM_5x/results/sweep_14_exp_0_checkpoints.csv
330303032,0.0586344136558634,0.0005253360141068,97200000,results/rs/SC3_HBD_MWPM_5x/results/sweep_14_exp_0_checkpoints.csv
330303032,0.0586344136558634,0.0005253360141068,122400000,results/rs/SC3_HBD_MWPM_5x/results/sweep_14_exp_0_checkpoints.csv
330303032,0.0586344136558634,0.0005253360141068,154200000,results/rs/SC3_HBD_MWPM_5x/results/sweep_14_exp_0_checkpoints.csv
230303033,0.0576144238557614,0.0005210287054069,194200000,results/rs/SC3_HBD_MWPM_5x/results/sweep_14_exp_0_checkpoints.csv
230303033,0.0576144238557614,0.0005210287054069,244600000,results/rs/SC3_HBD_MWPM_5x/results/sweep_14_exp_0_checkpoints.csv
230303030,0.0566894331056689,0.0005170828662812,308000000,results/rs/SC3_HBD_MWPM_5x/results/sweep_14_exp_0_checkpoints.csv
230303030,0.0566894331056689,0.0005170828662812,387800000,results/rs/SC3_HBD_MWPM_5x/results/sweep_14_exp_0_checkpoints.csv
230303030,0.0566894331056689,0.0005170828662812,488400000,results/rs/SC3_HBD_MWPM_5x/results/sweep_14_exp_0_checkpoints.csv
230303030,0.0566894331056689,0.0005170828662812,615000000,results/rs/SC3_HBD_MWPM_5x/results/sweep_14_exp_0_checkpoints.csv
230303030,0.0566894331056689,0.0005170828662812,774400000,results/rs/SC3_HBD_MWPM_5x/results/sweep_14_exp_0_checkpoints.csv
230303030,0.0566894331056689,0.0005170828662812,975000000,results/rs/SC3_HBD_MWPM_5x/results/sweep_14_exp_0_checkpoints.csv
030303330,0.0560944390556094,0.0005145243485458,1227600000,results/rs/SC3_HBD_MWPM_5x/results/sweep_14_exp_0_checkpoints.csv
330303030,0.0545394546054539,0.0005077604437246,1545600000,results/rs/SC3_HBD_MWPM_5x/results/sweep_14_exp_0_checkpoints.csv
330303030,0.0545394546054539,0.0005077604437246,1945800000,results/rs/SC3_HBD_MWPM_5x/results/sweep_14_exp_0_checkpoints.csv
330303030,0.0545394546054539,0.0005077604437246,2449800000,results/rs/SC3_HBD_MWPM_5x/results/sweep_14_exp_0_checkpoints.csv
330303030,0.0545394546054539,0.0005077604437246,3084200000,results/rs/SC3_HBD_MWPM_5x/results/sweep_14_exp_0_checkpoints.csv
220200333,0.0770192298077019,0.000596180325374,200000,results/rs/SC3_HBD_MWPM_5x/results/sweep_1_exp_0_checkpoints.csv
220200333,0.0770192298077019,0.000596180325374,400000,results/rs/SC3_HBD_MWPM_5x/results/sweep_1_exp_0_checkpoints.csv
220200333,0.0770192298077019,0.000596180325374,600000,results/rs/SC3_HBD_MWPM_5x/results/sweep_1_exp_0_checkpoints.csv
233300022,0.0707292927070729,0.0005732611753046,800000,results/rs/SC3_HBD_MWPM_5x/results/sweep_1_exp_0_checkpoints.csv
233300022,0.0707292927070729,0.0005732611753046,1200000,results/rs/SC3_HBD_MWPM_5x/results/sweep_1_exp_0_checkpoints.csv
032303232,0.0645443545564544,0.0005494427750818,1600000,results/rs/SC3_HBD_MWPM_5x/results/sweep_1_exp_0_checkpoints.csv
032303232,0.0645443545564544,0.0005494427750818,2200000,results/rs/SC3_HBD_MWPM_5x/results/sweep_1_exp_0_checkpoints.csv
032303232,0.0645443545564544,0.0005494427750818,2800000,results/rs/SC3_HBD_MWPM_5x/results/sweep_1_exp_0_checkpoints.csv
032303232,0.0645443545564544,0.0005494427750818,3600000,results/rs/SC3_HBD_MWPM_5x/results/sweep_1_exp_0_checkpoints.csv
032303232,0.0645443545564544,0.0005494427750818,4600000,results/rs/SC3_HBD_MWPM_5x/results/sweep_1_exp_0_checkpoints.csv
032303232,0.0645443545564544,0.0005494427750818,5800000,results/rs/SC3_HBD_MWPM_5x/results/sweep_1_exp_0_checkpoints.csv
032303232,0.0645443545564544,0.0005494427750818,7400000,results/rs/SC3_HBD_MWPM_5x/results/sweep_1_exp_0_checkpoints.csv
032303232,0.0645443545564544,0.0005494427750818,9400000,results/rs/SC3_HBD_MWPM_5x/results/sweep_1_exp_0_checkpoints.csv
032303232,0.0645443545564544,0.0005494427750818,12000000,results/rs/SC3_HBD_MWPM_5x/results/sweep_1_exp_0_checkpoints.csv
032303232,0.0645443545564544,0.0005494427750818,15200000,results/rs/SC3_HBD_MWPM_5x/results/sweep_1_exp_0_checkpoints.csv
033203330,0.0625743742562574,0.0005415622727014,19200000,results/rs/SC3_HBD_MWPM_5x/results/sweep_1_exp_0_checkpoints.csv
033203330,0.0625743742562574,0.0005415622727014,24200000,results/rs/SC3_HBD_MWPM_5x/results/sweep_1_exp_0_checkpoints.csv
033203330,0.0625743742562574,0.0005415622727014,30600000,results/rs/SC3_HBD_MWPM_5x/results/sweep_1_exp_0_checkpoints.csv
030333032,0.0608343916560834,0.0005344750243239,38600000,results/rs/SC3_HBD_MWPM_5x/results/sweep_1_exp_0_checkpoints.csv
030333032,0.0608343916560834,0.0005344750243239,48600000,results/rs/SC3_HBD_MWPM_5x/results/sweep_1_exp_0_checkpoints.csv
030333032,0.0608343916560834,0.0005344750243239,61200000,results/rs/SC3_HBD_MWPM_5x/results/sweep_1_exp_0_checkpoints.csv
030003000,0.0603193968060319,0.0005323538207449,77200000,results/rs/SC3_HBD_MWPM_5x/results/sweep_1_exp_0_checkpoints.csv
030003000,0.0603193968060319,0.0005323538207449,97200000,results/rs/SC3_HBD_MWPM_5x/results/sweep_1_exp_0_checkpoints.csv
030003000,0.0603193968060319,0.0005323538207449,122400000,results/rs/SC3_HBD_MWPM_5x/results/sweep_1_exp_0_checkpoints.csv
030303032,0.0561844381556184,0.0005149123608134,154200000,results/rs/SC3_HBD_MWPM_5x/results/sweep_1_exp_0_checkpoints.csv
030303032,0.0561844381556184,0.0005149123608134,194200000,results/rs/SC3_HBD_MWPM_5x/results/sweep_1_exp_0_checkpoints.csv
030303032,0.0561844381556184,0.0005149123608134,244600000,results/rs/SC3_HBD_MWPM_5x/results/sweep_1_exp_0_checkpoints.csv
030303032,0.0561844381556184,0.0005149123608134,308000000,results/rs/SC3_HBD_MWPM_5x/results/sweep_1_exp_0_checkpoints.csv
030303032,0.0561844381556184,0.0005149123608134,387800000,results/rs/SC3_HBD_MWPM_5x/results/sweep_1_exp_0_checkpoints.csv
030303032,0.0561844381556184,0.0005149123608134,488400000,results/rs/SC3_HBD_MWPM_5x/results/sweep_1_exp_0_checkpoints.csv
030303030,0.0532844671553284,0.0005022174445912,615000000,results/rs/SC3_HBD_MWPM_5x/results/sweep_1_exp_0_checkpoints.csv
030303030,0.0532844671553284,0.0005022174445912,774400000,results/rs/SC3_HBD_MWPM_5x/results/sweep_1_exp_0_checkpoints.csv
030303030,0.0532844671553284,0.0005022174445912,975000000,results/rs/SC3_HBD_MWPM_5x/results/sweep_1_exp_0_checkpoints.csv
030303030,0.0532844671553284,0.0005022174445912,1227600000,results/rs/SC3_HBD_MWPM_5x/results/sweep_1_exp_0_checkpoints.csv
030303030,0.0532844671553284,0.0005022174445912,1545600000,results/rs/SC3_HBD_MWPM_5x/results/sweep_1_exp_0_checkpoints.csv
030303030,0.0532844671553284,0.0005022174445912,1945800000,results/rs/SC3_HBD_MWPM_5x/results/sweep_1_exp_0_checkpoints.csv
030303030,0.0532844671553284,0.0005022174445912,2449800000,results/rs/SC3_HBD_MWPM_5x/results/sweep_1_exp_0_checkpoints.csv
030303030,0.0532844671553284,0.0005022174445912,3084200000,results/rs/SC3_HBD_MWPM_5x/results/sweep_1_exp_0_checkpoints.csv
033200032,0.0680543194568054,0.0005631251260638,200000,results/rs/SC3_HBD_MWPM_5x/results/sweep_12_exp_0_checkpoints.csv
033200032,0.0680543194568054,0.0005631251260638,400000,results/rs/SC3_HBD_MWPM_5x/results/sweep_12_exp_0_checkpoints.csv
033200032,0.0680543194568054,0.0005631251260638,600000,results/rs/SC3_HBD_MWPM_5x/results/sweep_12_exp_0_checkpoints.csv
033200032,0.0680543194568054,0.0005631251260638,800000,results/rs/SC3_HBD_MWPM_5x/results/sweep_12_exp_0_checkpoints.csv
033200032,0.0680543194568054,0.0005631251260638,1200000,results/rs/SC3_HBD_MWPM_5x/results/sweep_12_exp_0_checkpoints.csv
033200032,0.0680543194568054,0.0005631251260638,1600000,results/rs/SC3_HBD_MWPM_5x/results/sweep_12_exp_0_checkpoints.csv
033200032,0.0680543194568054,0.0005631251260638,2200000,results/rs/SC3_HBD_MWPM_5x/results/sweep_12_exp_0_checkpoints.csv
033200032,0.0680543194568054,0.0005631251260638,2800000,results/rs/SC3_HBD_MWPM_5x/results/sweep_12_exp_0_checkpoints.csv
030320330,0.0679293207067929,0.0005626454367302,3600000,results/rs/SC3_HBD_MWPM_5x/results/sweep_12_exp_0_checkpoints.csv
330000030,0.0628043719562804,0.0005424901028163,4600000,results/rs/SC3_HBD_MWPM_5x/results/sweep_12_exp_0_checkpoints.csv
330000030,0.0628043719562804,0.0005424901028163,5800000,results/rs/SC3_HBD_MWPM_5x/results/sweep_12_exp_0_checkpoints.csv
330000030,0.0628043719562804,0.0005424901028163,7400000,results/rs/SC3_HBD_MWPM_5x/results/sweep_12_exp_0_checkpoints.csv
330000030,0.0628043719562804,0.0005424901028163,9400000,results/rs/SC3_HBD_MWPM_5x/results/sweep_12_exp_0_checkpoints.csv
330000030,0.0628043719562804,0.0005424901028163,12000000,results/rs/SC3_HBD_MWPM_5x/results/sweep_12_exp_0_checkpoints.csv
330000030,0.0628043719562804,0.0005424901028163,15200000,results/rs/SC3_HBD_MWPM_5x/results/sweep_12_exp_0_checkpoints.csv
330000030,0.0628043719562804,0.0005424901028163,19200000,results/rs/SC3_HBD_MWPM_5x/results/sweep_12_exp_0_checkpoints.csv
330000030,0.0628043719562804,0.0005424901028163,24200000,results/rs/SC3_HBD_MWPM_5x/results/sweep_12_exp_0_checkpoints.csv
330000030,0.0628043719562804,0.0005424901028163,30600000,results/rs/SC3_HBD_MWPM_5x/results/sweep_12_exp_0_checkpoints.csv
033333030,0.0607093929060709,0.0005339611670933,38600000,results/rs/SC3_HBD_MWPM_5x/results/sweep_12_exp_0_checkpoints.csv
033333030,0.0607093929060709,0.0005339611670933,48600000,results/rs/SC3_HBD_MWPM_5x/results/sweep_12_exp_0_checkpoints.csv
033333030,0.0607093929060709,0.0005339611670933,61200000,results/rs/SC3_HBD_MWPM_5x/results/sweep_12_exp_0_checkpoints.csv
033333030,0.0607093929060709,0.0005339611670933,77200000,results/rs/SC3_HBD_MWPM_5x/results/sweep_12_exp_0_checkpoints.csv
033333030,0.0607093929060709,0.0005339611670933,97200000,results/rs/SC3_HBD_MWPM_5x/results/sweep_12_exp_0_checkpoints.csv
030302033,0.0602093979060209,0.0005318993353284,122400000,results/rs/SC3_HBD_MWPM_5x/results/sweep_12_exp_0_checkpoints.csv
020303030,0.0563944360556394,0.0005158163839951,154200000,results/rs/SC3_HBD_MWPM_5x/results/sweep_12_exp_0_checkpoints.csv
020303030,0.0563944360556394,0.0005158163839951,194200000,results/rs/SC3_HBD_MWPM_5x/results/sweep_12_exp_0_checkpoints.csv
020303030,0.0563944360556394,0.0005158163839951,244600000,results/rs/SC3_HBD_MWPM_5x/results/sweep_12_exp_0_checkpoints.csv
020303030,0.0563944360556394,0.0005158163839951,308000000,results/rs/SC3_HBD_MWPM_5x/results/sweep_12_exp_0_checkpoints.csv
030303033,0.0561594384056159,0.0005148046184331,387800000,results/rs/SC3_HBD_MWPM_5x/results/sweep_12_exp_0_checkpoints.csv
030303033,0.0561594384056159,0.0005148046184331,488400000,results/rs/SC3_HBD_MWPM_5x/results/sweep_12_exp_0_checkpoints.csv
030303033,0.0561594384056159,0.0005148046184331,615000000,results/rs/SC3_HBD_MWPM_5x/results/sweep_12_exp_0_checkpoints.csv
030003030,0.0559394406055939,0.0005138551932759,774400000,results/rs/SC3_HBD_MWPM_5x/results/sweep_12_exp_0_checkpoints.csv
030003030,0.0559394406055939,0.0005138551932759,975000000,results/rs/SC3_HBD_MWPM_5x/results/sweep_12_exp_0_checkpoints.csv
030003030,0.0559394406055939,0.0005138551932759,1227600000,results/rs/SC3_HBD_MWPM_5x/results/sweep_12_exp_0_checkpoints.csv
030303032,0.0558144418555814,0.0005133146769367,1545600000,results/rs/SC3_HBD_MWPM_5x/results/sweep_12_exp_0_checkpoints.csv
030303032,0.0558144418555814,0.0005133146769367,1945800000,results/rs/SC3_HBD_MWPM_5x/results/sweep_12_exp_0_checkpoints.csv
030303032,0.0558144418555814,0.0005133146769367,2449800000,results/rs/SC3_HBD_MWPM_5x/results/sweep_12_exp_0_checkpoints.csv
030303032,0.0558144418555814,0.0005133146769367,3084200000,results/rs/SC3_HBD_MWPM_5x/results/sweep_12_exp_0_checkpoints.csv
330320032,0.0732942670573294,0.0005827572313137,200000,results/rs/SC3_HBD_MWPM_5x/results/sweep_7_exp_0_checkpoints.csv
022203332,0.0728392716072839,0.0005810881848447,400000,results/rs/SC3_HBD_MWPM_5x/results/sweep_7_exp_0_checkpoints.csv
022203332,0.0728392716072839,0.0005810881848447,600000,results/rs/SC3_HBD_MWPM_5x/results/sweep_7_exp_0_checkpoints.csv
332002032,0.0714292857071429,0.0005758738843724,800000,results/rs/SC3_HBD_MWPM_5x/results/sweep_7_exp_0_checkpoints.csv
333302233,0.0700242997570024,0.0005706133670173,1200000,results/rs/SC3_HBD_MWPM_5x/results/sweep_7_exp_0_checkpoints.csv
033323023,0.0694493055069449,0.000568441406358,1600000,results/rs/SC3_HBD_MWPM_5x/results/sweep_7_exp_0_checkpoints.csv
033323023,0.0694493055069449,0.000568441406358,2200000,results/rs/SC3_HBD_MWPM_5x/results/sweep_7_exp_0_checkpoints.csv
332303220,0.0689393106068939,0.000566505594179,2800000,results/rs/SC3_HBD_MWPM_5x/results/sweep_7_exp_0_checkpoints.csv
030003023,0.0641293587064129,0.0005477950326167,3600000,results/rs/SC3_HBD_MWPM_5x/results/sweep_7_exp_0_checkpoints.csv
030003023,0.0641293587064129,0.0005477950326167,4600000,results/rs/SC3_HBD_MWPM_5x/results/sweep_7_exp_0_checkpoints.csv
030003023,0.0641293587064129,0.0005477950326167,5800000,results/rs/SC3_HBD_MWPM_5x/results/sweep_7_exp_0_checkpoints.csv
030003023,0.0641293587064129,0.0005477950326167,7400000,results/rs/SC3_HBD_MWPM_5x/results/sweep_7_exp_0_checkpoints.csv
030003023,0.0641293587064129,0.0005477950326167,9400000,results/rs/SC3_HBD_MWPM_5x/results/sweep_7_exp_0_checkpoints.csv
030003023,0.0641293587064129,0.0005477950326167,12000000,results/rs/SC3_HBD_MWPM_5x/results/sweep_7_exp_0_checkpoints.csv
033203330,0.0625643743562564,0.0005415218765847,15200000,results/rs/SC3_HBD_MWPM_5x/results/sweep_7_exp_0_checkpoints.csv
030333033,0.0608393916060839,0.0005344955716282,19200000,results/rs/SC3_HBD_MWPM_5x/results/sweep_7_exp_0_checkpoints.csv
030333033,0.0608393916060839,0.0005344955716282,24200000,results/rs/SC3_HBD_MWPM_5x/results/sweep_7_exp_0_checkpoints.csv
030333033,0.0608393916060839,0.0005344955716282,30600000,results/rs/SC3_HBD_MWPM_5x/results/sweep_7_exp_0_checkpoints.csv
030333033,0.0608393916060839,0.0005344955716282,38600000,results/rs/SC3_HBD_MWPM_5x/results/sweep_7_exp_0_checkpoints.csv
030333033,0.0608393916060839,0.0005344955716282,48600000,results/rs/SC3_HBD_MWPM_5x/results/sweep_7_exp_0_checkpoints.csv
030333033,0.0608393916060839,0.0005344955716282,61200000,results/rs/SC3_HBD_MWPM_5x/results/sweep_7_exp_0_checkpoints.csv
330303003,0.0605943940560594,0.0005334878223948,77200000,results/rs/SC3_HBD_MWPM_5x/results/sweep_7_exp_0_checkpoints.csv
330303003,0.0605943940560594,0.0005334878223948,97200000,results/rs/SC3_HBD_MWPM_5x/results/sweep_7_exp_0_checkpoints.csv
030300033,0.0593294067059329,0.0005282451747916,122400000,results/rs/SC3_HBD_MWPM_5x/results/sweep_7_exp_0_checkpoints.csv
030003030,0.0563544364556354,0.0005156443221494,154200000,results/rs/SC3_HBD_MWPM_5x/results/sweep_7_exp_0_checkpoints.csv
030003030,0.0563544364556354,0.0005156443221494,194200000,results/rs/SC3_HBD_MWPM_5x/results/sweep_7_exp_0_checkpoints.csv
030003030,0.0563544364556354,0.0005156443221494,244600000,results/rs/SC3_HBD_MWPM_5x/results/sweep_7_exp_0_checkpoints.csv
030003030,0.0563544364556354,0.0005156443221494,308000000,results/rs/SC3_HBD_MWPM_5x/results/sweep_7_exp_0_checkpoints.csv
030003030,0.0563544364556354,0.0005156443221494,387800000,results/rs/SC3_HBD_MWPM_5x/results/sweep_7_exp_0_checkpoints.csv
030003030,0.0563544364556354,0.0005156443221494,488400000,results/rs/SC3_HBD_MWPM_5x/results/sweep_7_exp_0_checkpoints.csv
030003030,0.0563544364556354,0.0005156443221494,615000000,results/rs/SC3_HBD_MWPM_5x/results/sweep_7_exp_0_checkpoints.csv
030003030,0.0563544364556354,0.0005156443221494,774400000,results/rs/SC3_HBD_MWPM_5x/results/sweep_7_exp_0_checkpoints.csv
030303032,0.0562994370056299,0.0005154076498001,975000000,results/rs/SC3_HBD_MWPM_5x/results/sweep_7_exp_0_checkpoints.csv
033303030,0.0554494455055449,0.0005117324762977,1227600000,results/rs/SC3_HBD_MWPM_5x/results/sweep_7_exp_0_checkpoints.csv
033303030,0.0554494455055449,0.0005117324762977,1545600000,results/rs/SC3_HBD_MWPM_5x/results/sweep_7_exp_0_checkpoints.csv
033303030,0.0554494455055449,0.0005117324762977,1945800000,results/rs/SC3_HBD_MWPM_5x/results/sweep_7_exp_0_checkpoints.csv
030303030,0.0530794692053079,0.0005013047484681,2449800000,results/rs/SC3_HBD_MWPM_5x/results/sweep_7_exp_0_checkpoints.csv
030303030,0.0530794692053079,0.0005013047484681,3084200000,results/rs/SC3_HBD_MWPM_5x/results/sweep_7_exp_0_checkpoints.csv
020222033,0.0785442145578544,0.00060155603569,200000,results/rs/SC3_HBD_MWPM_5x/results/sweep_25_exp_0_checkpoints.csv
020222033,0.0785442145578544,0.00060155603569,400000,results/rs/SC3_HBD_MWPM_5x/results/sweep_25_exp_0_checkpoints.csv
020222033,0.0785442145578544,0.00060155603569,600000,results/rs/SC3_HBD_MWPM_5x/results/sweep_25_exp_0_checkpoints.csv
002002332,0.0759992400075999,0.0005925466539338,800000,results/rs/SC3_HBD_MWPM_5x/results/sweep_25_exp_0_checkpoints.csv
030233000,0.0672793272067279,0.0005601422744803,1200000,results/rs/SC3_HBD_MWPM_5x/results/sweep_25_exp_0_checkpoints.csv
030233000,0.0672793272067279,0.0005601422744803,1600000,results/rs/SC3_HBD_MWPM_5x/results/sweep_25_exp_0_checkpoints.csv
020003233,0.0668993310066899,0.0005586719489656,2200000,results/rs/SC3_HBD_MWPM_5x/results/sweep_25_exp_0_checkpoints.csv
020003233,0.0668993310066899,0.0005586719489656,2800000,results/rs/SC3_HBD_MWPM_5x/results/sweep_25_exp_0_checkpoints.csv
020003233,0.0668993310066899,0.0005586719489656,3600000,results/rs/SC3_HBD_MWPM_5x/results/sweep_25_exp_0_checkpoints.csv
203303000,0.0657143428565714,0.0005540534621104,4600000,results/rs/SC3_HBD_MWPM_5x/results/sweep_25_exp_0_checkpoints.csv
203303000,0.0657143428565714,0.0005540534621104,5800000,results/rs/SC3_HBD_MWPM_5x/results/sweep_25_exp_0_checkpoints.csv
203303000,0.0657143428565714,0.0005540534621104,7400000,results/rs/SC3_HBD_MWPM_5x/results/sweep_25_exp_0_checkpoints.csv
203303000,0.0657143428565714,0.0005540534621104,9400000,results/rs/SC3_HBD_MWPM_5x/results/sweep_25_exp_0_checkpoints.csv
203303000,0.0657143428565714,0.0005540534621104,12000000,results/rs/SC3_HBD_MWPM_5x/results/sweep_25_exp_0_checkpoints.csv
033330030,0.0640743592564074,0.0005475761718116,15200000,results/rs/SC3_HBD_MWPM_5x/results/sweep_25_exp_0_checkpoints.csv
033330030,0.0640743592564074,0.0005475761718116,19200000,results/rs/SC3_HBD_MWPM_5x/results/sweep_25_exp_0_checkpoints.csv
020303233,0.0632593674063259,0.0005443194531835,24200000,results/rs/SC3_HBD_MWPM_5x/results/sweep_25_exp_0_checkpoints.csv
030003030,0.0568644313556864,0.0005178323481231,30600000,results/rs/SC3_HBD_MWPM_5x/results/sweep_25_exp_0_checkpoints.csv
030003030,0.0568644313556864,0.0005178323481231,38600000,results/rs/SC3_HBD_MWPM_5x/results/sweep_25_exp_0_checkpoints.csv
030003030,0.0568644313556864,0.0005178323481231,48600000,results/rs/SC3_HBD_MWPM_5x/results/sweep_25_exp_0_checkpoints.csv
030003030,0.0568644313556864,0.0005178323481231,61200000,results/rs/SC3_HBD_MWPM_5x/results/sweep_25_exp_0_checkpoints.csv
030003030,0.0568644313556864,0.0005178323481231,77200000,results/rs/SC3_HBD_MWPM_5x/results/sweep_25_exp_0_checkpoints.csv
030003030,0.0568644313556864,0.0005178323481231,97200000,results/rs/SC3_HBD_MWPM_5x/results/sweep_25_exp_0_checkpoints.csv
030003030,0.0568644313556864,0.0005178323481231,122400000,results/rs/SC3_HBD_MWPM_5x/results/sweep_25_exp_0_checkpoints.csv
030003030,0.0568644313556864,0.0005178323481231,154200000,results/rs/SC3_HBD_MWPM_5x/results/sweep_25_exp_0_checkpoints.csv
030003030,0.0568644313556864,0.0005178323481231,194200000,results/rs/SC3_HBD_MWPM_5x/results/sweep_25_exp_0_checkpoints.csv
030003030,0.0568644313556864,0.0005178323481231,244600000,results/rs/SC3_HBD_MWPM_5x/results/sweep_25_exp_0_checkpoints.csv
030003030,0.0568644313556864,0.0005178323481231,308000000,results/rs/SC3_HBD_MWPM_5x/results/sweep_25_exp_0_checkpoints.csv
030003030,0.0568644313556864,0.0005178323481231,387800000,results/rs/SC3_HBD_MWPM_5x/results/sweep_25_exp_0_checkpoints.csv
030003030,0.0568644313556864,0.0005178323481231,488400000,results/rs/SC3_HBD_MWPM_5x/results/sweep_25_exp_0_checkpoints.csv
030003030,0.0568644313556864,0.0005178323481231,615000000,results/rs/SC3_HBD_MWPM_5x/results/sweep_25_exp_0_checkpoints.csv
030003030,0.0568644313556864,0.0005178323481231,774400000,results/rs/SC3_HBD_MWPM_5x/results/sweep_25_exp_0_checkpoints.csv
030303030,0.0535394646053539,0.0005033499328419,975000000,results/rs/SC3_HBD_MWPM_5x/results/sweep_25_exp_0_checkpoints.csv
030303030,0.0535394646053539,0.0005033499328419,1227600000,results/rs/SC3_HBD_MWPM_5x/results/sweep_25_exp_0_checkpoints.csv
030303030,0.0535394646053539,0.0005033499328419,1545600000,results/rs/SC3_HBD_MWPM_5x/results/sweep_25_exp_0_checkpoints.csv
030303030,0.0535394646053539,0.0005033499328419,1945800000,results/rs/SC3_HBD_MWPM_5x/results/sweep_25_exp_0_checkpoints.csv
030303030,0.0535394646053539,0.0005033499328419,2449800000,results/rs/SC3_HBD_MWPM_5x/results/sweep_25_exp_0_checkpoints.csv
030303030,0.0535394646053539,0.0005033499328419,3084200000,results/rs/SC3_HBD_MWPM_5x/results/sweep_25_exp_0_checkpoints.csv
200032002,0.0841341586584134,0.0006207030382938,200000,results/rs/SC3_HBD_MWPM_5x/results/sweep_18_exp_0_checkpoints.csv
222300222,0.0834691653083469,0.0006184695521369,400000,results/rs/SC3_HBD_MWPM_5x/results/sweep_18_exp_0_checkpoints.csv
222300222,0.0834691653083469,0.0006184695521369,600000,results/rs/SC3_HBD_MWPM_5x/results/sweep_18_exp_0_checkpoints.csv
000023022,0.0770992290077099,0.0005964640295132,800000,results/rs/SC3_HBD_MWPM_5x/results/sweep_18_exp_0_checkpoints.csv
000023022,0.0770992290077099,0.0005964640295132,1200000,results/rs/SC3_HBD_MWPM_5x/results/sweep_18_exp_0_checkpoints.csv
023033330,0.0717692823071769,0.0005771371070295,1600000,results/rs/SC3_HBD_MWPM_5x/results/sweep_18_exp_0_checkpoints.csv
023033330,0.0717692823071769,0.0005771371070295,2200000,results/rs/SC3_HBD_MWPM_5x/results/sweep_18_exp_0_checkpoints.csv
023033330,0.0717692823071769,0.0005771371070295,2800000,results/rs/SC3_HBD_MWPM_5x/results/sweep_18_exp_0_checkpoints.csv
023033330,0.0717692823071769,0.0005771371070295,3600000,results/rs/SC3_HBD_MWPM_5x/results/sweep_18_exp_0_checkpoints.csv
032203233,0.0686393136068639,0.0005653627449646,4600000,results/rs/SC3_HBD_MWPM_5x/results/sweep_18_exp_0_checkpoints.csv
330333030,0.0613543864561354,0.0005366058321669,5800000,results/rs/SC3_HBD_MWPM_5x/results/sweep_18_exp_0_checkpoints.csv
330333030,0.0613543864561354,0.0005366058321669,7400000,results/rs/SC3_HBD_MWPM_5x/results/sweep_18_exp_0_checkpoints.csv
330333030,0.0613543864561354,0.0005366058321669,9400000,results/rs/SC3_HBD_MWPM_5x/results/sweep_18_exp_0_checkpoints.csv
330333030,0.0613543864561354,0.0005366058321669,12000000,results/rs/SC3_HBD_MWPM_5x/results/sweep_18_exp_0_checkpoints.csv
330333030,0.0613543864561354,0.0005366058321669,15200000,results/rs/SC3_HBD_MWPM_5x/results/sweep_18_exp_0_checkpoints.csv
330333030,0.0613543864561354,0.0005366058321669,19200000,results/rs/SC3_HBD_MWPM_5x/results/sweep_18_exp_0_checkpoints.csv
330333030,0.0613543864561354,0.0005366058321669,24200000,results/rs/SC3_HBD_MWPM_5x/results/sweep_18_exp_0_checkpoints.csv
330333030,0.0613543864561354,0.0005366058321669,30600000,results/rs/SC3_HBD_MWPM_5x/results/sweep_18_exp_0_checkpoints.csv
330333030,0.0613543864561354,0.0005366058321669,38600000,results/rs/SC3_HBD_MWPM_5x/results/sweep_18_exp_0_checkpoints.csv
330333030,0.0613543864561354,0.0005366058321669,48600000,results/rs/SC3_HBD_MWPM_5x/results/sweep_18_exp_0_checkpoints.csv
330303003,0.0609443905560944,0.0005349266575649,61200000,results/rs/SC3_HBD_MWPM_5x/results/sweep_18_exp_0_checkpoints.csv
020303000,0.0597744022559774,0.0005300970515236,77200000,results/rs/SC3_HBD_MWPM_5x/results/sweep_18_exp_0_checkpoints.csv
020303000,0.0597744022559774,0.0005300970515236,97200000,results/rs/SC3_HBD_MWPM_5x/results/sweep_18_exp_0_checkpoints.csv
020303000,0.0597744022559774,0.0005300970515236,122400000,results/rs/SC3_HBD_MWPM_5x/results/sweep_18_exp_0_checkpoints.csv
200303030,0.0590494095059049,0.0005270756082609,154200000,results/rs/SC3_HBD_MWPM_5x/results/sweep_18_exp_0_checkpoints.csv
200303030,0.0590494095059049,0.0005270756082609,194200000,results/rs/SC3_HBD_MWPM_5x/results/sweep_18_exp_0_checkpoints.csv
200303030,0.0590494095059049,0.0005270756082609,244600000,results/rs/SC3_HBD_MWPM_5x/results/sweep_18_exp_0_checkpoints.csv
030302030,0.0582144178558214,0.0005235679564066,308000000,results/rs/SC3_HBD_MWPM_5x/results/sweep_18_exp_0_checkpoints.csv
030302030,0.0582144178558214,0.0005235679564066,387800000,results/rs/SC3_HBD_MWPM_5x/results/sweep_18_exp_0_checkpoints.csv
030302030,0.0582144178558214,0.0005235679564066,488400000,results/rs/SC3_HBD_MWPM_5x/results/sweep_18_exp_0_checkpoints.csv
033303030,0.0558894411055889,0.0005136390682309,615000000,results/rs/SC3_HBD_MWPM_5x/results/sweep_18_exp_0_checkpoints.csv
033303030,0.0558894411055889,0.0005136390682309,774400000,results/rs/SC3_HBD_MWPM_5x/results/sweep_18_exp_0_checkpoints.csv
030303033,0.0556494435055649,0.000512600177899,975000000,results/rs/SC3_HBD_MWPM_5x/results/sweep_18_exp_0_checkpoints.csv
030303033,0.0556494435055649,0.000512600177899,1227600000,results/rs/SC3_HBD_MWPM_5x/results/sweep_18_exp_0_checkpoints.csv
030303033,0.0556494435055649,0.000512600177899,1545600000,results/rs/SC3_HBD_MWPM_5x/results/sweep_18_exp_0_checkpoints.csv
030303033,0.0556494435055649,0.000512600177899,1945800000,results/rs/SC3_HBD_MWPM_5x/results/sweep_18_exp_0_checkpoints.csv
030303030,0.0529944700552994,0.0005009256419725,2449800000,results/rs/SC3_HBD_MWPM_5x/results/sweep_18_exp_0_checkpoints.csv
030303030,0.0529944700552994,0.0005009256419725,3084200000,results/rs/SC3_HBD_MWPM_5x/results/sweep_18_exp_0_checkpoints.csv
330023220,0.0776292237077629,0.0005983387236483,200000,results/rs/SC3_HBD_MWPM_5x/results/sweep_15_exp_0_checkpoints.csv
330023220,0.0776292237077629,0.0005983387236483,400000,results/rs/SC3_HBD_MWPM_5x/results/sweep_15_exp_0_checkpoints.csv
330023220,0.0776292237077629,0.0005983387236483,600000,results/rs/SC3_HBD_MWPM_5x/results/sweep_15_exp_0_checkpoints.csv
330023220,0.0776292237077629,0.0005983387236483,800000,results/rs/SC3_HBD_MWPM_5x/results/sweep_15_exp_0_checkpoints.csv
203300330,0.0691093089069109,0.0005671518738381,1200000,results/rs/SC3_HBD_MWPM_5x/results/sweep_15_exp_0_checkpoints.csv
203300330,0.0691093089069109,0.0005671518738381,1600000,results/rs/SC3_HBD_MWPM_5x/results/sweep_15_exp_0_checkpoints.csv
023303230,0.0652943470565294,0.0005524042062461,2200000,results/rs/SC3_HBD_MWPM_5x/results/sweep_15_exp_0_checkpoints.csv
332303020,0.0625243747562524,0.000541360292118,2800000,results/rs/SC3_HBD_MWPM_5x/results/sweep_15_exp_0_checkpoints.csv
332303020,0.0625243747562524,0.000541360292118,3600000,results/rs/SC3_HBD_MWPM_5x/results/sweep_15_exp_0_checkpoints.csv
332303020,0.0625243747562524,0.000541360292118,4600000,results/rs/SC3_HBD_MWPM_5x/results/sweep_15_exp_0_checkpoints.csv
030003032,0.0594694053059469,0.0005288287065923,5800000,results/rs/SC3_HBD_MWPM_5x/results/sweep_15_exp_0_checkpoints.csv
030003032,0.0594694053059469,0.0005288287065923,7400000,results/rs/SC3_HBD_MWPM_5x/results/sweep_15_exp_0_checkpoints.csv
030003032,0.0594694053059469,0.0005288287065923,9400000,results/rs/SC3_HBD_MWPM_5x/results/sweep_15_exp_0_checkpoints.csv
030003032,0.0594694053059469,0.0005288287065923,12000000,results/rs/SC3_HBD_MWPM_5x/results/sweep_15_exp_0_checkpoints.csv
030003032,0.0594694053059469,0.0005288287065923,15200000,results/rs/SC3_HBD_MWPM_5x/results/sweep_15_exp_0_checkpoints.csv
030003032,0.0594694053059469,0.0005288287065923,19200000,results/rs/SC3_HBD_MWPM_5x/results/sweep_15_exp_0_checkpoints.csv
030003032,0.0594694053059469,0.0005288287065923,24200000,results/rs/SC3_HBD_MWPM_5x/results/sweep_15_exp_0_checkpoints.csv
030003032,0.0594694053059469,0.0005288287065923,30600000,results/rs/SC3_HBD_MWPM_5x/results/sweep_15_exp_0_checkpoints.csv
030003032,0.0594694053059469,0.0005288287065923,38600000,results/rs/SC3_HBD_MWPM_5x/results/sweep_15_exp_0_checkpoints.csv
030003032,0.0594694053059469,0.0005288287065923,48600000,results/rs/SC3_HBD_MWPM_5x/results/sweep_15_exp_0_checkpoints.csv
030003032,0.0594694053059469,0.0005288287065923,61200000,results/rs/SC3_HBD_MWPM_5x/results/sweep_15_exp_0_checkpoints.csv
330203030,0.0587344126558734,0.000525755865965,77200000,results/rs/SC3_HBD_MWPM_5x/results/sweep_15_exp_0_checkpoints.csv
330203030,0.0587344126558734,0.000525755865965,97200000,results/rs/SC3_HBD_MWPM_5x/results/sweep_15_exp_0_checkpoints.csv
330203030,0.0587344126558734,0.000525755865965,122400000,results/rs/SC3_HBD_MWPM_5x/results/sweep_15_exp_0_checkpoints.csv
330203030,0.0587344126558734,0.000525755865965,154200000,results/rs/SC3_HBD_MWPM_5x/results/sweep_15_exp_0_checkpoints.csv
330303020,0.0585594144058559,0.0005250208778306,194200000,results/rs/SC3_HBD_MWPM_5x/results/sweep_15_exp_0_checkpoints.csv
330303020,0.0585594144058559,0.0005250208778306,244600000,results/rs/SC3_HBD_MWPM_5x/results/sweep_15_exp_0_checkpoints.csv
030302030,0.0580644193558064,0.0005229345988482,308000000,results/rs/SC3_HBD_MWPM_5x/results/sweep_15_exp_0_checkpoints.csv
030302030,0.0580644193558064,0.0005229345988482,387800000,results/rs/SC3_HBD_MWPM_5x/results/sweep_15_exp_0_checkpoints.csv
033303033,0.0572744272557274,0.0005195827689021,488400000,results/rs/SC3_HBD_MWPM_5x/results/sweep_15_exp_0_checkpoints.csv
033303033,0.0572744272557274,0.0005195827689021,615000000,results/rs/SC3_HBD_MWPM_5x/results/sweep_15_exp_0_checkpoints.csv
033303033,0.0572744272557274,0.0005195827689021,774400000,results/rs/SC3_HBD_MWPM_5x/results/sweep_15_exp_0_checkpoints.csv
033303033,0.0572744272557274,0.0005195827689021,975000000,results/rs/SC3_HBD_MWPM_5x/results/sweep_15_exp_0_checkpoints.csv
030303230,0.0569044309556904,0.0005180034204386,1227600000,results/rs/SC3_HBD_MWPM_5x/results/sweep_15_exp_0_checkpoints.csv
030303330,0.0557344426555734,0.0005129684577696,1545600000,results/rs/SC3_HBD_MWPM_5x/results/sweep_15_exp_0_checkpoints.csv
030303000,0.0555044449555504,0.0005119712441228,1945800000,results/rs/SC3_HBD_MWPM_5x/results/sweep_15_exp_0_checkpoints.csv
030303030,0.0538294617053829,0.0005046339938417,2449800000,results/rs/SC3_HBD_MWPM_5x/results/sweep_15_exp_0_checkpoints.csv
030303030,0.0538294617053829,0.0005046339938417,3084200000,results/rs/SC3_HBD_MWPM_5x/results/sweep_15_exp_0_checkpoints.csv
330233033,0.0690443095569044,0.0005669048987329,200000,results/rs/SC3_HBD_MWPM_5x/results/sweep_22_exp_0_checkpoints.csv
330233033,0.0690443095569044,0.0005669048987329,400000,results/rs/SC3_HBD_MWPM_5x/results/sweep_22_exp_0_checkpoints.csv
330233033,0.0690443095569044,0.0005669048987329,600000,results/rs/SC3_HBD_MWPM_5x/results/sweep_22_exp_0_checkpoints.csv
330233033,0.0690443095569044,0.0005669048987329,800000,results/rs/SC3_HBD_MWPM_5x/results/sweep_22_exp_0_checkpoints.csv
022303033,0.0652043479565204,0.0005520499544218,1200000,results/rs/SC3_HBD_MWPM_5x/results/sweep_22_exp_0_checkpoints.csv
022303033,0.0652043479565204,0.0005520499544218,1600000,results/rs/SC3_HBD_MWPM_5x/results/sweep_22_exp_0_checkpoints.csv
022303033,0.0652043479565204,0.0005520499544218,2200000,results/rs/SC3_HBD_MWPM_5x/results/sweep_22_exp_0_checkpoints.csv
022303033,0.0652043479565204,0.0005520499544218,2800000,results/rs/SC3_HBD_MWPM_5x/results/sweep_22_exp_0_checkpoints.csv
033300332,0.0648793512064879,0.0005507681635208,3600000,results/rs/SC3_HBD_MWPM_5x/results/sweep_22_exp_0_checkpoints.csv
033300332,0.0648793512064879,0.0005507681635208,4600000,results/rs/SC3_HBD_MWPM_5x/results/sweep_22_exp_0_checkpoints.csv
033300332,0.0648793512064879,0.0005507681635208,5800000,results/rs/SC3_HBD_MWPM_5x/results/sweep_22_exp_0_checkpoints.csv
033300332,0.0648793512064879,0.0005507681635208,7400000,results/rs/SC3_HBD_MWPM_5x/results/sweep_22_exp_0_checkpoints.csv
033300332,0.0648793512064879,0.0005507681635208,9400000,results/rs/SC3_HBD_MWPM_5x/results/sweep_22_exp_0_checkpoints.csv
033300332,0.0648793512064879,0.0005507681635208,12000000,results/rs/SC3_HBD_MWPM_5x/results/sweep_22_exp_0_checkpoints.csv
033300332,0.0648793512064879,0.0005507681635208,15200000,results/rs/SC3_HBD_MWPM_5x/results/sweep_22_exp_0_checkpoints.csv
020303230,0.0609793902060979,0.000535070314072,19200000,results/rs/SC3_HBD_MWPM_5x/results/sweep_22_exp_0_checkpoints.csv
020303230,0.0609793902060979,0.000535070314072,24200000,results/rs/SC3_HBD_MWPM_5x/results/sweep_22_exp_0_checkpoints.csv
020303230,0.0609793902060979,0.000535070314072,30600000,results/rs/SC3_HBD_MWPM_5x/results/sweep_22_exp_0_checkpoints.csv
020303230,0.0609793902060979,0.000535070314072,38600000,results/rs/SC3_HBD_MWPM_5x/results/sweep_22_exp_0_checkpoints.csv
020303230,0.0609793902060979,0.000535070314072,48600000,results/rs/SC3_HBD_MWPM_5x/results/sweep_22_exp_0_checkpoints.csv
020303230,0.0609793902060979,0.000535070314072,61200000,results/rs/SC3_HBD_MWPM_5x/results/sweep_22_exp_0_checkpoints.csv
030303023,0.0598644013559864,0.0005304705700837,77200000,results/rs/SC3_HBD_MWPM_5x/results/sweep_22_exp_0_checkpoints.csv
030303023,0.0598644013559864,0.0005304705700837,97200000,results/rs/SC3_HBD_MWPM_5x/results/sweep_22_exp_0_checkpoints.csv
030303023,0.0598644013559864,0.0005304705700837,122400000,results/rs/SC3_HBD_MWPM_5x/results/sweep_22_exp_0_checkpoints.csv
030303020,0.0575794242057579,0.0005208801594562,154200000,results/rs/SC3_HBD_MWPM_5x/results/sweep_22_exp_0_checkpoints.csv
030303020,0.0575794242057579,0.0005208801594562,194200000,results/rs/SC3_HBD_MWPM_5x/results/sweep_22_exp_0_checkpoints.csv
030303020,0.0575794242057579,0.0005208801594562,244600000,results/rs/SC3_HBD_MWPM_5x/results/sweep_22_exp_0_checkpoints.csv
030303020,0.0575794242057579,0.0005208801594562,308000000,results/rs/SC3_HBD_MWPM_5x/results/sweep_22_exp_0_checkpoints.csv
030303020,0.0575794242057579,0.0005208801594562,387800000,results/rs/SC3_HBD_MWPM_5x/results/sweep_22_exp_0_checkpoints.csv
030303020,0.0575794242057579,0.0005208801594562,488400000,results/rs/SC3_HBD_MWPM_5x/results/sweep_22_exp_0_checkpoints.csv
030303020,0.0575794242057579,0.0005208801594562,615000000,results/rs/SC3_HBD_MWPM_5x/results/sweep_22_exp_0_checkpoints.csv
030303020,0.0575794242057579,0.0005208801594562,774400000,results/rs/SC3_HBD_MWPM_5x/results/sweep_22_exp_0_checkpoints.csv
030303020,0.0575794242057579,0.0005208801594562,975000000,results/rs/SC3_HBD_MWPM_5x/results/sweep_22_exp_0_checkpoints.csv
330303030,0.0556844431555684,0.0005127518670633,1227600000,results/rs/SC3_HBD_MWPM_5x/results/sweep_22_exp_0_checkpoints.csv
030303330,0.0553494465055349,0.0005112978396937,1545600000,results/rs/SC3_HBD_MWPM_5x/results/sweep_22_exp_0_checkpoints.csv
030303330,0.0553494465055349,0.0005112978396937,1945800000,results/rs/SC3_HBD_MWPM_5x/results/sweep_22_exp_0_checkpoints.csv
030303330,0.0553494465055349,0.0005112978396937,2449800000,results/rs/SC3_HBD_MWPM_5x/results/sweep_22_exp_0_checkpoints.csv
030303330,0.0553494465055349,0.0005112978396937,3084200000,results/rs/SC3_HBD_MWPM_5x/results/sweep_22_exp_0_checkpoints.csv
323330200,0.0823691763082369,0.0006147493841126,200000,results/rs/SC3_HBD_MWPM_5x/results/sweep_24_exp_0_checkpoints.csv
233023220,0.0812741872581274,0.0006110137910582,400000,results/rs/SC3_HBD_MWPM_5x/results/sweep_24_exp_0_checkpoints.csv
030000232,0.0698643013569864,0.0005700101028196,600000,results/rs/SC3_HBD_MWPM_5x/results/sweep_24_exp_0_checkpoints.csv
332302230,0.0688293117068829,0.000566086906474,800000,results/rs/SC3_HBD_MWPM_5x/results/sweep_24_exp_0_checkpoints.csv
332302230,0.0688293117068829,0.000566086906474,1200000,results/rs/SC3_HBD_MWPM_5x/results/sweep_24_exp_0_checkpoints.csv
332302230,0.0688293117068829,0.000566086906474,1600000,results/rs/SC3_HBD_MWPM_5x/results/sweep_24_exp_0_checkpoints.csv
332302230,0.0688293117068829,0.000566086906474,2200000,results/rs/SC3_HBD_MWPM_5x/results/sweep_24_exp_0_checkpoints.csv
332302230,0.0688293117068829,0.000566086906474,2800000,results/rs/SC3_HBD_MWPM_5x/results/sweep_24_exp_0_checkpoints.csv
332302230,0.0688293117068829,0.000566086906474,3600000,results/rs/SC3_HBD_MWPM_5x/results/sweep_24_exp_0_checkpoints.csv
330300030,0.0592294077059229,0.0005278278258629,4600000,results/rs/SC3_HBD_MWPM_5x/results/sweep_24_exp_0_checkpoints.csv
330300030,0.0592294077059229,0.0005278278258629,5800000,results/rs/SC3_HBD_MWPM_5x/results/sweep_24_exp_0_checkpoints.csv
330300030,0.0592294077059229,0.0005278278258629,7400000,results/rs/SC3_HBD_MWPM_5x/results/sweep_24_exp_0_checkpoints.csv
330300030,0.0592294077059229,0.0005278278258629,9400000,results/rs/SC3_HBD_MWPM_5x/results/sweep_24_exp_0_checkpoints.csv
330300030,0.0592294077059229,0.0005278278258629,12000000,results/rs/SC3_HBD_MWPM_5x/results/sweep_24_exp_0_checkpoints.csv
330300030,0.0592294077059229,0.0005278278258629,15200000,results/rs/SC3_HBD_MWPM_5x/results/sweep_24_exp_0_checkpoints.csv
330300030,0.0592294077059229,0.0005278278258629,19200000,results/rs/SC3_HBD_MWPM_5x/results/sweep_24_exp_0_checkpoints.csv
330300030,0.0592294077059229,0.0005278278258629,24200000,results/rs/SC3_HBD_MWPM_5x/results/sweep_24_exp_0_checkpoints.csv
330300030,0.0592294077059229,0.0005278278258629,30600000,results/rs/SC3_HBD_MWPM_5x/results/sweep_24_exp_0_checkpoints.csv
330300030,0.0592294077059229,0.0005278278258629,38600000,results/rs/SC3_HBD_MWPM_5x/results/sweep_24_exp_0_checkpoints.csv
330300030,0.0592294077059229,0.0005278278258629,48600000,results/rs/SC3_HBD_MWPM_5x/results/sweep_24_exp_0_checkpoints.csv
330300030,0.0592294077059229,0.0005278278258629,61200000,results/rs/SC3_HBD_MWPM_5x/results/sweep_24_exp_0_checkpoints.csv
230303033,0.0584694153058469,0.0005246423534117,77200000,results/rs/SC3_HBD_MWPM_5x/results/sweep_24_exp_0_checkpoints.csv
230303033,0.0584694153058469,0.0005246423534117,97200000,results/rs/SC3_HBD_MWPM_5x/results/sweep_24_exp_0_checkpoints.csv
230303033,0.0584694153058469,0.0005246423534117,122400000,results/rs/SC3_HBD_MWPM_5x/results/sweep_24_exp_0_checkpoints.csv
230303033,0.0584694153058469,0.0005246423534117,154200000,results/rs/SC3_HBD_MWPM_5x/results/sweep_24_exp_0_checkpoints.csv
230303033,0.0584694153058469,0.0005246423534117,194200000,results/rs/SC3_HBD_MWPM_5x/results/sweep_24_exp_0_checkpoints.csv
230303033,0.0584694153058469,0.0005246423534117,244600000,results/rs/SC3_HBD_MWPM_5x/results/sweep_24_exp_0_checkpoints.csv
030303030,0.0539994600053999,0.0005053847562521,308000000,results/rs/SC3_HBD_MWPM_5x/results/sweep_24_exp_0_checkpoints.csv
030303030,0.0539994600053999,0.0005053847562521,387800000,results/rs/SC3_HBD_MWPM_5x/results/sweep_24_exp_0_checkpoints.csv
030303030,0.0539994600053999,0.0005053847562521,488400000,results/rs/SC3_HBD_MWPM_5x/results/sweep_24_exp_0_checkpoints.csv
030303030,0.0539994600053999,0.0005053847562521,615000000,results/rs/SC3_HBD_MWPM_5x/results/sweep_24_exp_0_checkpoints.csv
030303030,0.0539994600053999,0.0005053847562521,774400000,results/rs/SC3_HBD_MWPM_5x/results/sweep_24_exp_0_checkpoints.csv
030303030,0.0539994600053999,0.0005053847562521,975000000,results/rs/SC3_HBD_MWPM_5x/results/sweep_24_exp_0_checkpoints.csv
030303030,0.0539994600053999,0.0005053847562521,1227600000,results/rs/SC3_HBD_MWPM_5x/results/sweep_24_exp_0_checkpoints.csv
030303030,0.0539994600053999,0.0005053847562521,1545600000,results/rs/SC3_HBD_MWPM_5x/results/sweep_24_exp_0_checkpoints.csv
030303030,0.0539994600053999,0.0005053847562521,1945800000,results/rs/SC3_HBD_MWPM_5x/results/sweep_24_exp_0_checkpoints.csv
030303030,0.0539994600053999,0.0005053847562521,2449800000,results/rs/SC3_HBD_MWPM_5x/results/sweep_24_exp_0_checkpoints.csv
030303030,0.0539994600053999,0.0005053847562521,3084200000,results/rs/SC3_HBD_MWPM_5x/results/sweep_24_exp_0_checkpoints.csv
230233030,0.0666393336066639,0.0005576629773713,200000,results/rs/SC3_HBD_MWPM_5x/results/sweep_13_exp_0_checkpoints.csv
230233030,0.0666393336066639,0.0005576629773713,400000,results/rs/SC3_HBD_MWPM_5x/results/sweep_13_exp_0_checkpoints.csv
230233030,0.0666393336066639,0.0005576629773713,600000,results/rs/SC3_HBD_MWPM_5x/results/sweep_13_exp_0_checkpoints.csv
230233030,0.0666393336066639,0.0005576629773713,800000,results/rs/SC3_HBD_MWPM_5x/results/sweep_13_exp_0_checkpoints.csv
230233030,0.0666393336066639,0.0005576629773713,1200000,results/rs/SC3_HBD_MWPM_5x/results/sweep_13_exp_0_checkpoints.csv
230233030,0.0666393336066639,0.0005576629773713,1600000,results/rs/SC3_HBD_MWPM_5x/results/sweep_13_exp_0_checkpoints.csv
230233030,0.0666393336066639,0.0005576629773713,2200000,results/rs/SC3_HBD_MWPM_5x/results/sweep_13_exp_0_checkpoints.csv
230233030,0.0666393336066639,0.0005576629773713,2800000,results/rs/SC3_HBD_MWPM_5x/results/sweep_13_exp_0_checkpoints.csv
230233030,0.0666393336066639,0.0005576629773713,3600000,results/rs/SC3_HBD_MWPM_5x/results/sweep_13_exp_0_checkpoints.csv
230233030,0.0666393336066639,0.0005576629773713,4600000,results/rs/SC3_HBD_MWPM_5x/results/sweep_13_exp_0_checkpoints.csv
233203030,0.0631793682063179,0.0005439983797259,5800000,results/rs/SC3_HBD_MWPM_5x/results/sweep_13_exp_0_checkpoints.csv
233203030,0.0631793682063179,0.0005439983797259,7400000,results/rs/SC3_HBD_MWPM_5x/results/sweep_13_exp_0_checkpoints.csv
233203030,0.0631793682063179,0.0005439983797259,9400000,results/rs/SC3_HBD_MWPM_5x/results/sweep_13_exp_0_checkpoints.csv
233203030,0.0631793682063179,0.0005439983797259,12000000,results/rs/SC3_HBD_MWPM_5x/results/sweep_13_exp_0_checkpoints.csv
233203030,0.0631793682063179,0.0005439983797259,15200000,results/rs/SC3_HBD_MWPM_5x/results/sweep_13_exp_0_checkpoints.csv
030200030,0.0616893831061689,0.0005379727808758,19200000,results/rs/SC3_HBD_MWPM_5x/results/sweep_13_exp_0_checkpoints.csv
033303300,0.0611943880561194,0.0005359513452276,24200000,results/rs/SC3_HBD_MWPM_5x/results/sweep_13_exp_0_checkpoints.csv
033303300,0.0611943880561194,0.0005359513452276,30600000,results/rs/SC3_HBD_MWPM_5x/results/sweep_13_exp_0_checkpoints.csv
033303300,0.0611943880561194,0.0005359513452276,38600000,results/rs/SC3_HBD_MWPM_5x/results/sweep_13_exp_0_checkpoints.csv
033303300,0.0611943880561194,0.0005359513452276,48600000,results/rs/SC3_HBD_MWPM_5x/results/sweep_13_exp_0_checkpoints.csv
030300033,0.0587344126558734,0.000525755865965,61200000,results/rs/SC3_HBD_MWPM_5x/results/sweep_13_exp_0_checkpoints.csv
030300033,0.0587344126558734,0.000525755865965,77200000,results/rs/SC3_HBD_MWPM_5x/results/sweep_13_exp_0_checkpoints.csv
030300033,0.0587344126558734,0.000525755865965,97200000,results/rs/SC3_HBD_MWPM_5x/results/sweep_13_exp_0_checkpoints.csv
030300033,0.0587344126558734,0.000525755865965,122400000,results/rs/SC3_HBD_MWPM_5x/results/sweep_13_exp_0_checkpoints.csv
030300033,0.0587344126558734,0.000525755865965,154200000,results/rs/SC3_HBD_MWPM_5x/results/sweep_13_exp_0_checkpoints.csv
030300033,0.0587344126558734,0.000525755865965,194200000,results/rs/SC3_HBD_MWPM_5x/results/sweep_13_exp_0_checkpoints.csv
030300033,0.0587344126558734,0.000525755865965,244600000,results/rs/SC3_HBD_MWPM_5x/results/sweep_13_exp_0_checkpoints.csv
030300033,0.0587344126558734,0.000525755865965,308000000,results/rs/SC3_HBD_MWPM_5x/results/sweep_13_exp_0_checkpoints.csv
030300033,0.0587344126558734,0.000525755865965,387800000,results/rs/SC3_HBD_MWPM_5x/results/sweep_13_exp_0_checkpoints.csv
030300033,0.0587344126558734,0.000525755865965,488400000,results/rs/SC3_HBD_MWPM_5x/results/sweep_13_exp_0_checkpoints.csv
030300033,0.0587344126558734,0.000525755865965,615000000,results/rs/SC3_HBD_MWPM_5x/results/sweep_13_exp_0_checkpoints.csv
330303033,0.0579794202057979,0.0005225752829574,774400000,results/rs/SC3_HBD_MWPM_5x/results/sweep_13_exp_0_checkpoints.csv
030303032,0.0558594414055859,0.0005135093815624,975000000,results/rs/SC3_HBD_MWPM_5x/results/sweep_13_exp_0_checkpoints.csv
030303030,0.0536044639553604,0.0005036381189711,1227600000,results/rs/SC3_HBD_MWPM_5x/results/sweep_13_exp_0_checkpoints.csv
030303030,0.0536044639553604,0.0005036381189711,1545600000,results/rs/SC3_HBD_MWPM_5x/results/sweep_13_exp_0_checkpoints.csv
030303030,0.0536044639553604,0.0005036381189711,1945800000,results/rs/SC3_HBD_MWPM_5x/results/sweep_13_exp_0_checkpoints.csv
030303030,0.0536044639553604,0.0005036381189711,2449800000,results/rs/SC3_HBD_MWPM_5x/results/sweep_13_exp_0_checkpoints.csv
030303030,0.0536044639553604,0.0005036381189711,3084200000,results/rs/SC3_HBD_MWPM_5x/results/sweep_13_exp_0_checkpoints.csv
033232320,0.0792492075079249,0.0006040185107849,200000,results/rs/SC3_HBD_MWPM_5x/results/sweep_6_exp_0_checkpoints.csv
033232320,0.0792492075079249,0.0006040185107849,400000,results/rs/SC3_HBD_MWPM_5x/results/sweep_6_exp_0_checkpoints.csv
033232320,0.0792492075079249,0.0006040185107849,600000,results/rs/SC3_HBD_MWPM_5x/results/sweep_6_exp_0_checkpoints.csv
032322220,0.0776742232577674,0.0005984975723549,800000,results/rs/SC3_HBD_MWPM_5x/results/sweep_6_exp_0_checkpoints.csv
032322220,0.0776742232577674,0.0005984975723549,1200000,results/rs/SC3_HBD_MWPM_5x/results/sweep_6_exp_0_checkpoints.csv
020223230,0.0741942580574194,0.0005860393866896,1600000,results/rs/SC3_HBD_MWPM_5x/results/sweep_6_exp_0_checkpoints.csv
303303233,0.0692293077069229,0.0005676074652001,2200000,results/rs/SC3_HBD_MWPM_5x/results/sweep_6_exp_0_checkpoints.csv
303303233,0.0692293077069229,0.0005676074652001,2800000,results/rs/SC3_HBD_MWPM_5x/results/sweep_6_exp_0_checkpoints.csv
000303202,0.0666943330566694,0.0005578765994869,3600000,results/rs/SC3_HBD_MWPM_5x/results/sweep_6_exp_0_checkpoints.csv
020303230,0.0607993920060799,0.0005343312514014,4600000,results/rs/SC3_HBD_MWPM_5x/results/sweep_6_exp_0_checkpoints.csv
020303230,0.0607993920060799,0.0005343312514014,5800000,results/rs/SC3_HBD_MWPM_5x/results/sweep_6_exp_0_checkpoints.csv
020303230,0.0607993920060799,0.0005343312514014,7400000,results/rs/SC3_HBD_MWPM_5x/results/sweep_6_exp_0_checkpoints.csv
020303230,0.0607993920060799,0.0005343312514014,9400000,results/rs/SC3_HBD_MWPM_5x/results/sweep_6_exp_0_checkpoints.csv
020303230,0.0607993920060799,0.0005343312514014,12000000,results/rs/SC3_HBD_MWPM_5x/results/sweep_6_exp_0_checkpoints.csv
020303230,0.0607993920060799,0.0005343312514014,15200000,results/rs/SC3_HBD_MWPM_5x/results/sweep_6_exp_0_checkpoints.csv
032303330,0.0585194148058519,0.0005248526576906,19200000,results/rs/SC3_HBD_MWPM_5x/results/sweep_6_exp_0_checkpoints.csv
032303330,0.0585194148058519,0.0005248526576906,24200000,results/rs/SC3_HBD_MWPM_5x/results/sweep_6_exp_0_checkpoints.csv
032303330,0.0585194148058519,0.0005248526576906,30600000,results/rs/SC3_HBD_MWPM_5x/results/sweep_6_exp_0_checkpoints.csv
032303330,0.0585194148058519,0.0005248526576906,38600000,results/rs/SC3_HBD_MWPM_5x/results/sweep_6_exp_0_checkpoints.csv
032303330,0.0585194148058519,0.0005248526576906,48600000,results/rs/SC3_HBD_MWPM_5x/results/sweep_6_exp_0_checkpoints.csv
330303330,0.0581344186558134,0.0005232302937656,61200000,results/rs/SC3_HBD_MWPM_5x/results/sweep_6_exp_0_checkpoints.csv
330303330,0.0581344186558134,0.0005232302937656,77200000,results/rs/SC3_HBD_MWPM_5x/results/sweep_6_exp_0_checkpoints.csv
330303330,0.0581344186558134,0.0005232302937656,97200000,results/rs/SC3_HBD_MWPM_5x/results/sweep_6_exp_0_checkpoints.csv
330303330,0.0581344186558134,0.0005232302937656,122400000,results/rs/SC3_HBD_MWPM_5x/results/sweep_6_exp_0_checkpoints.csv
330303330,0.0581344186558134,0.0005232302937656,154200000,results/rs/SC3_HBD_MWPM_5x/results/sweep_6_exp_0_checkpoints.csv
330303330,0.0581344186558134,0.0005232302937656,194200000,results/rs/SC3_HBD_MWPM_5x/results/sweep_6_exp_0_checkpoints.csv
330303330,0.0581344186558134,0.0005232302937656,244600000,results/rs/SC3_HBD_MWPM_5x/results/sweep_6_exp_0_checkpoints.csv
330303330,0.0581344186558134,0.0005232302937656,308000000,results/rs/SC3_HBD_MWPM_5x/results/sweep_6_exp_0_checkpoints.csv
330303330,0.0581344186558134,0.0005232302937656,387800000,results/rs/SC3_HBD_MWPM_5x/results/sweep_6_exp_0_checkpoints.csv
030300030,0.0563194368056319,0.0005154937389306,488400000,results/rs/SC3_HBD_MWPM_5x/results/sweep_6_exp_0_checkpoints.csv
030300030,0.0563194368056319,0.0005154937389306,615000000,results/rs/SC3_HBD_MWPM_5x/results/sweep_6_exp_0_checkpoints.csv
030300030,0.0563194368056319,0.0005154937389306,774400000,results/rs/SC3_HBD_MWPM_5x/results/sweep_6_exp_0_checkpoints.csv
030300030,0.0563194368056319,0.0005154937389306,975000000,results/rs/SC3_HBD_MWPM_5x/results/sweep_6_exp_0_checkpoints.csv
030300030,0.0563194368056319,0.0005154937389306,1227600000,results/rs/SC3_HBD_MWPM_5x/results/sweep_6_exp_0_checkpoints.csv
030303330,0.0559844401555984,0.0005140495486557,1545600000,results/rs/SC3_HBD_MWPM_5x/results/sweep_6_exp_0_checkpoints.csv
030303330,0.0559844401555984,0.0005140495486557,1945800000,results/rs/SC3_HBD_MWPM_5x/results/sweep_6_exp_0_checkpoints.csv
030303330,0.0559844401555984,0.0005140495486557,2449800000,results/rs/SC3_HBD_MWPM_5x/results/sweep_6_exp_0_checkpoints.csv
030303030,0.0533844661553384,0.0005026619182899,3084200000,results/rs/SC3_HBD_MWPM_5x/results/sweep_6_exp_0_checkpoints.csv
203230320,0.0861791382086179,0.0006274994229897,200000,results/rs/SC3_HBD_MWPM_5x/results/sweep_19_exp_0_checkpoints.csv
233000230,0.0710992890071099,0.0005746441893279,400000,results/rs/SC3_HBD_MWPM_5x/results/sweep_19_exp_0_checkpoints.csv
233000230,0.0710992890071099,0.0005746441893279,600000,results/rs/SC3_HBD_MWPM_5x/results/sweep_19_exp_0_checkpoints.csv
233000230,0.0710992890071099,0.0005746441893279,800000,results/rs/SC3_HBD_MWPM_5x/results/sweep_19_exp_0_checkpoints.csv
233000230,0.0710992890071099,0.0005746441893279,1200000,results/rs/SC3_HBD_MWPM_5x/results/sweep_19_exp_0_checkpoints.csv
320000330,0.0704792952070479,0.0005723241483792,1600000,results/rs/SC3_HBD_MWPM_5x/results/sweep_19_exp_0_checkpoints.csv
320000330,0.0704792952070479,0.0005723241483792,2200000,results/rs/SC3_HBD_MWPM_5x/results/sweep_19_exp_0_checkpoints.csv
320000330,0.0704792952070479,0.0005723241483792,2800000,results/rs/SC3_HBD_MWPM_5x/results/sweep_19_exp_0_checkpoints.csv
320000330,0.0704792952070479,0.0005723241483792,3600000,results/rs/SC3_HBD_MWPM_5x/results/sweep_19_exp_0_checkpoints.csv
033033032,0.0684743152568474,0.0005647328216582,4600000,results/rs/SC3_HBD_MWPM_5x/results/sweep_19_exp_0_checkpoints.csv
032003332,0.0658443415565844,0.0005545626627281,5800000,results/rs/SC3_HBD_MWPM_5x/results/sweep_19_exp_0_checkpoints.csv
032003332,0.0658443415565844,0.0005545626627281,7400000,results/rs/SC3_HBD_MWPM_5x/results/sweep_19_exp_0_checkpoints.csv
032003332,0.0658443415565844,0.0005545626627281,9400000,results/rs/SC3_HBD_MWPM_5x/results/sweep_19_exp_0_checkpoints.csv
003203030,0.0641543584564154,0.0005478945095092,12000000,results/rs/SC3_HBD_MWPM_5x/results/sweep_19_exp_0_checkpoints.csv
003203030,0.0641543584564154,0.0005478945095092,15200000,results/rs/SC3_HBD_MWPM_5x/results/sweep_19_exp_0_checkpoints.csv
003203030,0.0641543584564154,0.0005478945095092,19200000,results/rs/SC3_HBD_MWPM_5x/results/sweep_19_exp_0_checkpoints.csv
003203030,0.0641543584564154,0.0005478945095092,24200000,results/rs/SC3_HBD_MWPM_5x/results/sweep_19_exp_0_checkpoints.csv
003203030,0.0641543584564154,0.0005478945095092,30600000,results/rs/SC3_HBD_MWPM_5x/results/sweep_19_exp_0_checkpoints.csv
033000030,0.0631193688063119,0.0005437574000097,38600000,results/rs/SC3_HBD_MWPM_5x/results/sweep_19_exp_0_checkpoints.csv
023303030,0.0612493875061249,0.0005361764342524,48600000,results/rs/SC3_HBD_MWPM_5x/results/sweep_19_exp_0_checkpoints.csv
023303030,0.0612493875061249,0.0005361764342524,61200000,results/rs/SC3_HBD_MWPM_5x/results/sweep_19_exp_0_checkpoints.csv
023303030,0.0612493875061249,0.0005361764342524,77200000,results/rs/SC3_HBD_MWPM_5x/results/sweep_19_exp_0_checkpoints.csv
023303030,0.0612493875061249,0.0005361764342524,97200000,results/rs/SC3_HBD_MWPM_5x/results/sweep_19_exp_0_checkpoints.csv
000303033,0.0586144138558614,0.0005252520204521,122400000,results/rs/SC3_HBD_MWPM_5x/results/sweep_19_exp_0_checkpoints.csv
033003030,0.0579644203557964,0.000522511836607,154200000,results/rs/SC3_HBD_MWPM_5x/results/sweep_19_exp_0_checkpoints.csv
033003030,0.0579644203557964,0.000522511836607,194200000,results/rs/SC3_HBD_MWPM_5x/results/sweep_19_exp_0_checkpoints.csv
033003030,0.0579644203557964,0.000522511836607,244600000,results/rs/SC3_HBD_MWPM_5x/results/sweep_19_exp_0_checkpoints.csv
033003030,0.0579644203557964,0.000522511836607,308000000,results/rs/SC3_HBD_MWPM_5x/results/sweep_19_exp_0_checkpoints.csv
033003030,0.0579644203557964,0.000522511836607,387800000,results/rs/SC3_HBD_MWPM_5x/results/sweep_19_exp_0_checkpoints.csv
033003030,0.0579644203557964,0.000522511836607,488400000,results/rs/SC3_HBD_MWPM_5x/results/sweep_19_exp_0_checkpoints.csv
032303030,0.0570844291557084,0.0005187725182622,615000000,results/rs/SC3_HBD_MWPM_5x/results/sweep_19_exp_0_checkpoints.csv
230303030,0.0563194368056319,0.0005154937389306,774400000,results/rs/SC3_HBD_MWPM_5x/results/sweep_19_exp_0_checkpoints.csv
230303030,0.0563194368056319,0.0005154937389306,975000000,results/rs/SC3_HBD_MWPM_5x/results/sweep_19_exp_0_checkpoints.csv
230303030,0.0563194368056319,0.0005154937389306,1227600000,results/rs/SC3_HBD_MWPM_5x/results/sweep_19_exp_0_checkpoints.csv
030303330,0.0556144438555614,0.0005124484887346,1545600000,results/rs/SC3_HBD_MWPM_5x/results/sweep_19_exp_0_checkpoints.csv
030303330,0.0556144438555614,0.0005124484887346,1945800000,results/rs/SC3_HBD_MWPM_5x/results/sweep_19_exp_0_checkpoints.csv
030303330,0.0556144438555614,0.0005124484887346,2449800000,results/rs/SC3_HBD_MWPM_5x/results/sweep_19_exp_0_checkpoints.csv
030303030,0.0531694683053169,0.0005017056828364,3084200000,results/rs/SC3_HBD_MWPM_5x/results/sweep_19_exp_0_checkpoints.csv
232222322,0.0941290587094129,0.000652945251204,200000,results/rs/SC3_HBD_MWPM_5x/results/sweep_5_exp_0_checkpoints.csv
220232303,0.0891791082089179,0.0006372792995534,400000,results/rs/SC3_HBD_MWPM_5x/results/sweep_5_exp_0_checkpoints.csv
303023300,0.0833591664083359,0.0006180990021675,600000,results/rs/SC3_HBD_MWPM_5x/results/sweep_5_exp_0_checkpoints.csv
202333002,0.0770942290577094,0.0005964463343843,800000,results/rs/SC3_HBD_MWPM_5x/results/sweep_5_exp_0_checkpoints.csv
032303020,0.0606243937560624,0.0005336113972589,1200000,results/rs/SC3_HBD_MWPM_5x/results/sweep_5_exp_0_checkpoints.csv
032303020,0.0606243937560624,0.0005336113972589,1600000,results/rs/SC3_HBD_MWPM_5x/results/sweep_5_exp_0_checkpoints.csv
032303020,0.0606243937560624,0.0005336113972589,2200000,results/rs/SC3_HBD_MWPM_5x/results/sweep_5_exp_0_checkpoints.csv
032303020,0.0606243937560624,0.0005336113972589,2800000,results/rs/SC3_HBD_MWPM_5x/results/sweep_5_exp_0_checkpoints.csv
032303020,0.0606243937560624,0.0005336113972589,3600000,results/rs/SC3_HBD_MWPM_5x/results/sweep_5_exp_0_checkpoints.csv
032303020,0.0606243937560624,0.0005336113972589,4600000,results/rs/SC3_HBD_MWPM_5x/results/sweep_5_exp_0_checkpoints.csv
032303020,0.0606243937560624,0.0005336113972589,5800000,results/rs/SC3_HBD_MWPM_5x/results/sweep_5_exp_0_checkpoints.csv
032303020,0.0606243937560624,0.0005336113972589,7400000,results/rs/SC3_HBD_MWPM_5x/results/sweep_5_exp_0_checkpoints.csv
032303020,0.0606243937560624,0.0005336113972589,9400000,results/rs/SC3_HBD_MWPM_5x/results/sweep_5_exp_0_checkpoints.csv
032303020,0.0606243937560624,0.0005336113972589,12000000,results/rs/SC3_HBD_MWPM_5x/results/sweep_5_exp_0_checkpoints.csv
032303020,0.0606243937560624,0.0005336113972589,15200000,results/rs/SC3_HBD_MWPM_5x/results/sweep_5_exp_0_checkpoints.csv
032303020,0.0606243937560624,0.0005336113972589,19200000,results/rs/SC3_HBD_MWPM_5x/results/sweep_5_exp_0_checkpoints.csv
032303020,0.0606243937560624,0.0005336113972589,24200000,results/rs/SC3_HBD_MWPM_5x/results/sweep_5_exp_0_checkpoints.csv
030300033,0.0602343976560234,0.0005320026539266,30600000,results/rs/SC3_HBD_MWPM_5x/results/sweep_5_exp_0_checkpoints.csv
030300033,0.0602343976560234,0.0005320026539266,38600000,results/rs/SC3_HBD_MWPM_5x/results/sweep_5_exp_0_checkpoints.csv
030300033,0.0602343976560234,0.0005320026539266,48600000,results/rs/SC3_HBD_MWPM_5x/results/sweep_5_exp_0_checkpoints.csv
332303030,0.0601943980560194,0.0005318372859619,61200000,results/rs/SC3_HBD_MWPM_5x/results/sweep_5_exp_0_checkpoints.csv
332303030,0.0601943980560194,0.0005318372859619,77200000,results/rs/SC3_HBD_MWPM_5x/results/sweep_5_exp_0_checkpoints.csv
332303030,0.0601943980560194,0.0005318372859619,97200000,results/rs/SC3_HBD_MWPM_5x/results/sweep_5_exp_0_checkpoints.csv
030303020,0.0570094299057009,0.0005184522597119,122400000,results/rs/SC3_HBD_MWPM_5x/results/sweep_5_exp_0_checkpoints.csv
030303020,0.0570094299057009,0.0005184522597119,154200000,results/rs/SC3_HBD_MWPM_5x/results/sweep_5_exp_0_checkpoints.csv
030303020,0.0570094299057009,0.0005184522597119,194200000,results/rs/SC3_HBD_MWPM_5x/results/sweep_5_exp_0_checkpoints.csv
030303020,0.0570094299057009,0.0005184522597119,244600000,results/rs/SC3_HBD_MWPM_5x/results/sweep_5_exp_0_checkpoints.csv
030303020,0.0570094299057009,0.0005184522597119,308000000,results/rs/SC3_HBD_MWPM_5x/results/sweep_5_exp_0_checkpoints.csv
030303020,0.0570094299057009,0.0005184522597119,387800000,results/rs/SC3_HBD_MWPM_5x/results/sweep_5_exp_0_checkpoints.csv
030303030,0.0540944590554094,0.0005058037349954,488400000,results/rs/SC3_HBD_MWPM_5x/results/sweep_5_exp_0_checkpoints.csv
030303030,0.0540944590554094,0.0005058037349954,615000000,results/rs/SC3_HBD_MWPM_5x/results/sweep_5_exp_0_checkpoints.csv
030303030,0.0540944590554094,0.0005058037349954,774400000,results/rs/SC3_HBD_MWPM_5x/results/sweep_5_exp_0_checkpoints.csv
030303030,0.0540944590554094,0.0005058037349954,975000000,results/rs/SC3_HBD_MWPM_5x/results/sweep_5_exp_0_checkpoints.csv
030303030,0.0540944590554094,0.0005058037349954,1227600000,results/rs/SC3_HBD_MWPM_5x/results/sweep_5_exp_0_checkpoints.csv
030303030,0.0540944590554094,0.0005058037349954,1545600000,results/rs/SC3_HBD_MWPM_5x/results/sweep_5_exp_0_checkpoints.csv
030303030,0.0540944590554094,0.0005058037349954,1945800000,results/rs/SC3_HBD_MWPM_5x/results/sweep_5_exp_0_checkpoints.csv
030303030,0.0540944590554094,0.0005058037349954,2449800000,results/rs/SC3_HBD_MWPM_5x/results/sweep_5_exp_0_checkpoints.csv
030303030,0.0540944590554094,0.0005058037349954,3084200000,results/rs/SC3_HBD_MWPM_5x/results/sweep_5_exp_0_checkpoints.csv
302002220,0.0818391816081839,0.0006129453540779,200000,results/rs/SC3_HBD_MWPM_5x/results/sweep_10_exp_0_checkpoints.csv
030333233,0.0662693373066269,0.0005562229198403,400000,results/rs/SC3_HBD_MWPM_5x/results/sweep_10_exp_0_checkpoints.csv
030333233,0.0662693373066269,0.0005562229198403,600000,results/rs/SC3_HBD_MWPM_5x/results/sweep_10_exp_0_checkpoints.csv
030333233,0.0662693373066269,0.0005562229198403,800000,results/rs/SC3_HBD_MWPM_5x/results/sweep_10_exp_0_checkpoints.csv
030333233,0.0662693373066269,0.0005562229198403,1200000,results/rs/SC3_HBD_MWPM_5x/results/sweep_10_exp_0_checkpoints.csv
030333233,0.0662693373066269,0.0005562229198403,1600000,results/rs/SC3_HBD_MWPM_5x/results/sweep_10_exp_0_checkpoints.csv
032003000,0.0634043659563404,0.0005449007148854,2200000,results/rs/SC3_HBD_MWPM_5x/results/sweep_10_exp_0_checkpoints.csv
032003000,0.0634043659563404,0.0005449007148854,2800000,results/rs/SC3_HBD_MWPM_5x/results/sweep_10_exp_0_checkpoints.csv
032003000,0.0634043659563404,0.0005449007148854,3600000,results/rs/SC3_HBD_MWPM_5x/results/sweep_10_exp_0_checkpoints.csv
230303330,0.0585944140558594,0.0005251679685898,4600000,results/rs/SC3_HBD_MWPM_5x/results/sweep_10_exp_0_checkpoints.csv
230303330,0.0585944140558594,0.0005251679685898,5800000,results/rs/SC3_HBD_MWPM_5x/results/sweep_10_exp_0_checkpoints.csv
230303330,0.0585944140558594,0.0005251679685898,7400000,results/rs/SC3_HBD_MWPM_5x/results/sweep_10_exp_0_checkpoints.csv
230303330,0.0585944140558594,0.0005251679685898,9400000,results/rs/SC3_HBD_MWPM_5x/results/sweep_10_exp_0_checkpoints.csv
230303330,0.0585944140558594,0.0005251679685898,12000000,results/rs/SC3_HBD_MWPM_5x/results/sweep_10_exp_0_checkpoints.csv
230303330,0.0585944140558594,0.0005251679685898,15200000,results/rs/SC3_HBD_MWPM_5x/results/sweep_10_exp_0_checkpoints.csv
230303330,0.0585944140558594,0.0005251679685898,19200000,results/rs/SC3_HBD_MWPM_5x/results/sweep_10_exp_0_checkpoints.csv
230303330,0.0585944140558594,0.0005251679685898,24200000,results/rs/SC3_HBD_MWPM_5x/results/sweep_10_exp_0_checkpoints.csv
230303330,0.0585944140558594,0.0005251679685898,30600000,results/rs/SC3_HBD_MWPM_5x/results/sweep_10_exp_0_checkpoints.csv
230303330,0.0585944140558594,0.0005251679685898,38600000,results/rs/SC3_HBD_MWPM_5x/results/sweep_10_exp_0_checkpoints.csv
230303330,0.0585944140558594,0.0005251679685898,48600000,results/rs/SC3_HBD_MWPM_5x/results/sweep_10_exp_0_checkpoints.csv
330303330,0.0571244287557124,0.0005189432413317,61200000,results/rs/SC3_HBD_MWPM_5x/results/sweep_10_exp_0_checkpoints.csv
330303330,0.0571244287557124,0.0005189432413317,77200000,results/rs/SC3_HBD_MWPM_5x/results/sweep_10_exp_0_checkpoints.csv
330303330,0.0571244287557124,0.0005189432413317,97200000,results/rs/SC3_HBD_MWPM_5x/results/sweep_10_exp_0_checkpoints.csv
330303330,0.0571244287557124,0.0005189432413317,122400000,results/rs/SC3_HBD_MWPM_5x/results/sweep_10_exp_0_checkpoints.csv
330303330,0.0571244287557124,0.0005189432413317,154200000,results/rs/SC3_HBD_MWPM_5x/results/sweep_10_exp_0_checkpoints.csv
330303330,0.0571244287557124,0.0005189432413317,194200000,results/rs/SC3_HBD_MWPM_5x/results/sweep_10_exp_0_checkpoints.csv
330303330,0.0571244287557124,0.0005189432413317,244600000,results/rs/SC3_HBD_MWPM_5x/results/sweep_10_exp_0_checkpoints.csv
330303330,0.0571244287557124,0.0005189432413317,308000000,results/rs/SC3_HBD_MWPM_5x/results/sweep_10_exp_0_checkpoints.csv
330303330,0.0571244287557124,0.0005189432413317,387800000,results/rs/SC3_HBD_MWPM_5x/results/sweep_10_exp_0_checkpoints.csv
000303030,0.0570294297057029,0.0005185377085581,488400000,results/rs/SC3_HBD_MWPM_5x/results/sweep_10_exp_0_checkpoints.csv
000303030,0.0570294297057029,0.0005185377085581,615000000,results/rs/SC3_HBD_MWPM_5x/results/sweep_10_exp_0_checkpoints.csv
000303030,0.0570294297057029,0.0005185377085581,774400000,results/rs/SC3_HBD_MWPM_5x/results/sweep_10_exp_0_checkpoints.csv
000303030,0.0570294297057029,0.0005185377085581,975000000,results/rs/SC3_HBD_MWPM_5x/results/sweep_10_exp_0_checkpoints.csv
000303030,0.0570294297057029,0.0005185377085581,1227600000,results/rs/SC3_HBD_MWPM_5x/results/sweep_10_exp_0_checkpoints.csv
000303030,0.0570294297057029,0.0005185377085581,1545600000,results/rs/SC3_HBD_MWPM_5x/results/sweep_10_exp_0_checkpoints.csv
030303030,0.0529844701552984,0.0005008810549043,1945800000,results/rs/SC3_HBD_MWPM_5x/results/sweep_10_exp_0_checkpoints.csv
030303030,0.0529844701552984,0.0005008810549043,2449800000,results/rs/SC3_HBD_MWPM_5x/results/sweep_10_exp_0_checkpoints.csv
030303030,0.0529844701552984,0.0005008810549043,3084200000,results/rs/SC3_HBD_MWPM_5x/results/sweep_10_exp_0_checkpoints.csv
332333323,0.0770642293577064,0.0005963399307802,200000,results/rs/SC3_HBD_MWPM_5x/results/sweep_21_exp_0_checkpoints.csv
332333323,0.0770642293577064,0.0005963399307802,400000,results/rs/SC3_HBD_MWPM_5x/results/sweep_21_exp_0_checkpoints.csv
000002232,0.0735642643573564,0.0005837445496581,600000,results/rs/SC3_HBD_MWPM_5x/results/sweep_21_exp_0_checkpoints.csv
000002232,0.0735642643573564,0.0005837445496581,800000,results/rs/SC3_HBD_MWPM_5x/results/sweep_21_exp_0_checkpoints.csv
220003300,0.0724392756072439,0.0005796154728159,1200000,results/rs/SC3_HBD_MWPM_5x/results/sweep_21_exp_0_checkpoints.csv
332333033,0.0695293047069529,0.0005687442608177,1600000,results/rs/SC3_HBD_MWPM_5x/results/sweep_21_exp_0_checkpoints.csv
332333033,0.0695293047069529,0.0005687442608177,2200000,results/rs/SC3_HBD_MWPM_5x/results/sweep_21_exp_0_checkpoints.csv
332333033,0.0695293047069529,0.0005687442608177,2800000,results/rs/SC3_HBD_MWPM_5x/results/sweep_21_exp_0_checkpoints.csv
332333033,0.0695293047069529,0.0005687442608177,3600000,results/rs/SC3_HBD_MWPM_5x/results/sweep_21_exp_0_checkpoints.csv
332333033,0.0695293047069529,0.0005687442608177,4600000,results/rs/SC3_HBD_MWPM_5x/results/sweep_21_exp_0_checkpoints.csv
030302303,0.0665143348566514,0.0005571770016103,5800000,results/rs/SC3_HBD_MWPM_5x/results/sweep_21_exp_0_checkpoints.csv
030302303,0.0665143348566514,0.0005571770016103,7400000,results/rs/SC3_HBD_MWPM_5x/results/sweep_21_exp_0_checkpoints.csv
032303230,0.0611743882561174,0.0005358695052564,9400000,results/rs/SC3_HBD_MWPM_5x/results/sweep_21_exp_0_checkpoints.csv
032303230,0.0611743882561174,0.0005358695052564,12000000,results/rs/SC3_HBD_MWPM_5x/results/sweep_21_exp_0_checkpoints.csv
032303230,0.0611743882561174,0.0005358695052564,15200000,results/rs/SC3_HBD_MWPM_5x/results/sweep_21_exp_0_checkpoints.csv
032303230,0.0611743882561174,0.0005358695052564,19200000,results/rs/SC3_HBD_MWPM_5x/results/sweep_21_exp_0_checkpoints.csv
032303230,0.0611743882561174,0.0005358695052564,24200000,results/rs/SC3_HBD_MWPM_5x/results/sweep_21_exp_0_checkpoints.csv
330203030,0.0607993920060799,0.0005343312514014,30600000,results/rs/SC3_HBD_MWPM_5x/results/sweep_21_exp_0_checkpoints.csv
330203030,0.0607993920060799,0.0005343312514014,38600000,results/rs/SC3_HBD_MWPM_5x/results/sweep_21_exp_0_checkpoints.csv
330203030,0.0607993920060799,0.0005343312514014,48600000,results/rs/SC3_HBD_MWPM_5x/results/sweep_21_exp_0_checkpoints.csv
030300030,0.0562194378056219,0.0005150631768628,61200000,results/rs/SC3_HBD_MWPM_5x/results/sweep_21_exp_0_checkpoints.csv
330303030,0.0551844481555184,0.0005105797899886,77200000,results/rs/SC3_HBD_MWPM_5x/results/sweep_21_exp_0_checkpoints.csv
330303030,0.0551844481555184,0.0005105797899886,97200000,results/rs/SC3_HBD_MWPM_5x/results/sweep_21_exp_0_checkpoints.csv
330303030,0.0551844481555184,0.0005105797899886,122400000,results/rs/SC3_HBD_MWPM_5x/results/sweep_21_exp_0_checkpoints.csv
330303030,0.0551844481555184,0.0005105797899886,154200000,results/rs/SC3_HBD_MWPM_5x/results/sweep_21_exp_0_checkpoints.csv
330303030,0.0551844481555184,0.0005105797899886,194200000,results/rs/SC3_HBD_MWPM_5x/results/sweep_21_exp_0_checkpoints.csv
330303030,0.0551844481555184,0.0005105797899886,244600000,results/rs/SC3_HBD_MWPM_5x/results/sweep_21_exp_0_checkpoints.csv
330303030,0.0551844481555184,0.0005105797899886,308000000,results/rs/SC3_HBD_MWPM_5x/results/sweep_21_exp_0_checkpoints.csv
330303030,0.0551844481555184,0.0005105797899886,387800000,results/rs/SC3_HBD_MWPM_5x/results/sweep_21_exp_0_checkpoints.csv
330303030,0.0551844481555184,0.0005105797899886,488400000,results/rs/SC3_HBD_MWPM_5x/results/sweep_21_exp_0_checkpoints.csv
330303030,0.0551844481555184,0.0005105797899886,615000000,results/rs/SC3_HBD_MWPM_5x/results/sweep_21_exp_0_checkpoints.csv
030303030,0.0532294677053229,0.0005019727977924,774400000,results/rs/SC3_HBD_MWPM_5x/results/sweep_21_exp_0_checkpoints.csv
030303030,0.0532294677053229,0.0005019727977924,975000000,results/rs/SC3_HBD_MWPM_5x/results/sweep_21_exp_0_checkpoints.csv
030303030,0.0532294677053229,0.0005019727977924,1227600000,results/rs/SC3_HBD_MWPM_5x/results/sweep_21_exp_0_checkpoints.csv
030303030,0.0532294677053229,0.0005019727977924,1545600000,results/rs/SC3_HBD_MWPM_5x/results/sweep_21_exp_0_checkpoints.csv
030303030,0.0532294677053229,0.0005019727977924,1945800000,results/rs/SC3_HBD_MWPM_5x/results/sweep_21_exp_0_checkpoints.csv
030303030,0.0532294677053229,0.0005019727977924,2449800000,results/rs/SC3_HBD_MWPM_5x/results/sweep_21_exp_0_checkpoints.csv
030303030,0.0532294677053229,0.0005019727977924,3084200000,results/rs/SC3_HBD_MWPM_5x/results/sweep_21_exp_0_checkpoints.csv
002320223,0.0856141438585614,0.0006256324122659,200000,results/rs/SC3_HBD_MWPM_5x/results/sweep_3_exp_0_checkpoints.csv
332232023,0.0851341486585134,0.000624039908871,400000,results/rs/SC3_HBD_MWPM_5x/results/sweep_3_exp_0_checkpoints.csv
233002000,0.0723042769572304,0.0005791172734461,600000,results/rs/SC3_HBD_MWPM_5x/results/sweep_3_exp_0_checkpoints.csv
233002000,0.0723042769572304,0.0005791172734461,800000,results/rs/SC3_HBD_MWPM_5x/results/sweep_3_exp_0_checkpoints.csv
200203000,0.0685993140068599,0.0005652101244777,1200000,results/rs/SC3_HBD_MWPM_5x/results/sweep_3_exp_0_checkpoints.csv
200203000,0.0685993140068599,0.0005652101244777,1600000,results/rs/SC3_HBD_MWPM_5x/results/sweep_3_exp_0_checkpoints.csv
200203000,0.0685993140068599,0.0005652101244777,2200000,results/rs/SC3_HBD_MWPM_5x/results/sweep_3_exp_0_checkpoints.csv
200203000,0.0685993140068599,0.0005652101244777,2800000,results/rs/SC3_HBD_MWPM_5x/results/sweep_3_exp_0_checkpoints.csv
200203000,0.0685993140068599,0.0005652101244777,3600000,results/rs/SC3_HBD_MWPM_5x/results/sweep_3_exp_0_checkpoints.csv
200203000,0.0685993140068599,0.0005652101244777,4600000,results/rs/SC3_HBD_MWPM_5x/results/sweep_3_exp_0_checkpoints.csv
200203000,0.0685993140068599,0.0005652101244777,5800000,results/rs/SC3_HBD_MWPM_5x/results/sweep_3_exp_0_checkpoints.csv
200203000,0.0685993140068599,0.0005652101244777,7400000,results/rs/SC3_HBD_MWPM_5x/results/sweep_3_exp_0_checkpoints.csv
200203000,0.0685993140068599,0.0005652101244777,9400000,results/rs/SC3_HBD_MWPM_5x/results/sweep_3_exp_0_checkpoints.csv
020333330,0.0643193568064319,0.0005485502188093,12000000,results/rs/SC3_HBD_MWPM_5x/results/sweep_3_exp_0_checkpoints.csv
020333330,0.0643193568064319,0.0005485502188093,15200000,results/rs/SC3_HBD_MWPM_5x/results/sweep_3_exp_0_checkpoints.csv
020333330,0.0643193568064319,0.0005485502188093,19200000,results/rs/SC3_HBD_MWPM_5x/results/sweep_3_exp_0_checkpoints.csv
020333330,0.0643193568064319,0.0005485502188093,24200000,results/rs/SC3_HBD_MWPM_5x/results/sweep_3_exp_0_checkpoints.csv
030303000,0.0562494375056249,0.0005151923978701,30600000,results/rs/SC3_HBD_MWPM_5x/results/sweep_3_exp_0_checkpoints.csv
030303000,0.0562494375056249,0.0005151923978701,38600000,results/rs/SC3_HBD_MWPM_5x/results/sweep_3_exp_0_checkpoints.csv
030303000,0.0562494375056249,0.0005151923978701,48600000,results/rs/SC3_HBD_MWPM_5x/results/sweep_3_exp_0_checkpoints.csv
030303000,0.0562494375056249,0.0005151923978701,61200000,results/rs/SC3_HBD_MWPM_5x/results/sweep_3_exp_0_checkpoints.csv
030303000,0.0562494375056249,0.0005151923978701,77200000,results/rs/SC3_HBD_MWPM_5x/results/sweep_3_exp_0_checkpoints.csv
030303000,0.0562494375056249,0.0005151923978701,97200000,results/rs/SC3_HBD_MWPM_5x/results/sweep_3_exp_0_checkpoints.csv
030303000,0.0562494375056249,0.0005151923978701,122400000,results/rs/SC3_HBD_MWPM_5x/results/sweep_3_exp_0_checkpoints.csv
030303000,0.0562494375056249,0.0005151923978701,154200000,results/rs/SC3_HBD_MWPM_5x/results/sweep_3_exp_0_checkpoints.csv
030303000,0.0562494375056249,0.0005151923978701,194200000,results/rs/SC3_HBD_MWPM_5x/results/sweep_3_exp_0_checkpoints.csv
030303030,0.0534894651053489,0.0005031281616538,244600000,results/rs/SC3_HBD_MWPM_5x/results/sweep_3_exp_0_checkpoints.csv
030303030,0.0534894651053489,0.0005031281616538,308000000,results/rs/SC3_HBD_MWPM_5x/results/sweep_3_exp_0_checkpoints.csv
030303030,0.0534894651053489,0.0005031281616538,387800000,results/rs/SC3_HBD_MWPM_5x/results/sweep_3_exp_0_checkpoints.csv
030303030,0.0534894651053489,0.0005031281616538,488400000,results/rs/SC3_HBD_MWPM_5x/results/sweep_3_exp_0_checkpoints.csv
030303030,0.0534894651053489,0.0005031281616538,615000000,results/rs/SC3_HBD_MWPM_5x/results/sweep_3_exp_0_checkpoints.csv
030303030,0.0534894651053489,0.0005031281616538,774400000,results/rs/SC3_HBD_MWPM_5x/results/sweep_3_exp_0_checkpoints.csv
030303030,0.0534894651053489,0.0005031281616538,975000000,results/rs/SC3_HBD_MWPM_5x/results/sweep_3_exp_0_checkpoints.csv
030303030,0.0534894651053489,0.0005031281616538,1227600000,results/rs/SC3_HBD_MWPM_5x/results/sweep_3_exp_0_checkpoints.csv
030303030,0.0534894651053489,0.0005031281616538,1545600000,results/rs/SC3_HBD_MWPM_5x/results/sweep_3_exp_0_checkpoints.csv
030303030,0.0534894651053489,0.0005031281616538,1945800000,results/rs/SC3_HBD_MWPM_5x/results/sweep_3_exp_0_checkpoints.csv
030303030,0.0534894651053489,0.0005031281616538,2449800000,results/rs/SC3_HBD_MWPM_5x/results/sweep_3_exp_0_checkpoints.csv
030303030,0.0534894651053489,0.0005031281616538,3084200000,results/rs/SC3_HBD_MWPM_5x/results/sweep_3_exp_0_checkpoints.csv
322233023,0.0845841541584584,0.0006222078227438,200000,results/rs/SC3_HBD_MWPM_5x/results/sweep_16_exp_0_checkpoints.csv
003323232,0.0744292557074429,0.000586892303545,400000,results/rs/SC3_HBD_MWPM_5x/results/sweep_16_exp_0_checkpoints.csv
003200230,0.0711692883071169,0.0005749053088948,600000,results/rs/SC3_HBD_MWPM_5x/results/sweep_16_exp_0_checkpoints.csv
003200230,0.0711692883071169,0.0005749053088948,800000,results/rs/SC3_HBD_MWPM_5x/results/sweep_16_exp_0_checkpoints.csv
003200230,0.0711692883071169,0.0005749053088948,1200000,results/rs/SC3_HBD_MWPM_5x/results/sweep_16_exp_0_checkpoints.csv
003200230,0.0711692883071169,0.0005749053088948,1600000,results/rs/SC3_HBD_MWPM_5x/results/sweep_16_exp_0_checkpoints.csv
003200230,0.0711692883071169,0.0005749053088948,2200000,results/rs/SC3_HBD_MWPM_5x/results/sweep_16_exp_0_checkpoints.csv
003200230,0.0711692883071169,0.0005749053088948,2800000,results/rs/SC3_HBD_MWPM_5x/results/sweep_16_exp_0_checkpoints.csv
032200032,0.0697043029569704,0.0005694060237146,3600000,results/rs/SC3_HBD_MWPM_5x/results/sweep_16_exp_0_checkpoints.csv
002003032,0.0676393236067639,0.0005615304689854,4600000,results/rs/SC3_HBD_MWPM_5x/results/sweep_16_exp_0_checkpoints.csv
002003032,0.0676393236067639,0.0005615304689854,5800000,results/rs/SC3_HBD_MWPM_5x/results/sweep_16_exp_0_checkpoints.csv
002003032,0.0676393236067639,0.0005615304689854,7400000,results/rs/SC3_HBD_MWPM_5x/results/sweep_16_exp_0_checkpoints.csv
002003032,0.0676393236067639,0.0005615304689854,9400000,results/rs/SC3_HBD_MWPM_5x/results/sweep_16_exp_0_checkpoints.csv
032303232,0.0643493565064349,0.0005486693698912,12000000,results/rs/SC3_HBD_MWPM_5x/results/sweep_16_exp_0_checkpoints.csv
032303232,0.0643493565064349,0.0005486693698912,15200000,results/rs/SC3_HBD_MWPM_5x/results/sweep_16_exp_0_checkpoints.csv
032303232,0.0643493565064349,0.0005486693698912,19200000,results/rs/SC3_HBD_MWPM_5x/results/sweep_16_exp_0_checkpoints.csv
032303232,0.0643493565064349,0.0005486693698912,24200000,results/rs/SC3_HBD_MWPM_5x/results/sweep_16_exp_0_checkpoints.csv
030300002,0.0638943610563894,0.0005468591116368,30600000,results/rs/SC3_HBD_MWPM_5x/results/sweep_16_exp_0_checkpoints.csv
023303330,0.0635643643563564,0.0005455411737784,38600000,results/rs/SC3_HBD_MWPM_5x/results/sweep_16_exp_0_checkpoints.csv
032302030,0.0612093879061209,0.0005360127543099,48600000,results/rs/SC3_HBD_MWPM_5x/results/sweep_16_exp_0_checkpoints.csv
303303030,0.0611393886061139,0.0005357261397875,61200000,results/rs/SC3_HBD_MWPM_5x/results/sweep_16_exp_0_checkpoints.csv
303303030,0.0611393886061139,0.0005357261397875,77200000,results/rs/SC3_HBD_MWPM_5x/results/sweep_16_exp_0_checkpoints.csv
303303030,0.0611393886061139,0.0005357261397875,97200000,results/rs/SC3_HBD_MWPM_5x/results/sweep_16_exp_0_checkpoints.csv
330303330,0.0571494285057149,0.0005190499359741,122400000,results/rs/SC3_HBD_MWPM_5x/results/sweep_16_exp_0_checkpoints.csv
330303330,0.0571494285057149,0.0005190499359741,154200000,results/rs/SC3_HBD_MWPM_5x/results/sweep_16_exp_0_checkpoints.csv
030303033,0.0555494445055549,0.0005121665890328,194200000,results/rs/SC3_HBD_MWPM_5x/results/sweep_16_exp_0_checkpoints.csv
030303033,0.0555494445055549,0.0005121665890328,244600000,results/rs/SC3_HBD_MWPM_5x/results/sweep_16_exp_0_checkpoints.csv
030303033,0.0555494445055549,0.0005121665890328,308000000,results/rs/SC3_HBD_MWPM_5x/results/sweep_16_exp_0_checkpoints.csv
030303033,0.0555494445055549,0.0005121665890328,387800000,results/rs/SC3_HBD_MWPM_5x/results/sweep_16_exp_0_checkpoints.csv
030303033,0.0555494445055549,0.0005121665890328,488400000,results/rs/SC3_HBD_MWPM_5x/results/sweep_16_exp_0_checkpoints.csv
030303033,0.0555494445055549,0.0005121665890328,615000000,results/rs/SC3_HBD_MWPM_5x/results/sweep_16_exp_0_checkpoints.csv
030303033,0.0555494445055549,0.0005121665890328,774400000,results/rs/SC3_HBD_MWPM_5x/results/sweep_16_exp_0_checkpoints.csv
030303033,0.0555494445055549,0.0005121665890328,975000000,results/rs/SC3_HBD_MWPM_5x/results/sweep_16_exp_0_checkpoints.csv
030303033,0.0555494445055549,0.0005121665890328,1227600000,results/rs/SC3_HBD_MWPM_5x/results/sweep_16_exp_0_checkpoints.csv
030303033,0.0555494445055549,0.0005121665890328,1545600000,results/rs/SC3_HBD_MWPM_5x/results/sweep_16_exp_0_checkpoints.csv
030303030,0.0529644703552964,0.0005007918225601,1945800000,results/rs/SC3_HBD_MWPM_5x/results/sweep_16_exp_0_checkpoints.csv
030303030,0.0529644703552964,0.0005007918225601,2449800000,results/rs/SC3_HBD_MWPM_5x/results/sweep_16_exp_0_checkpoints.csv
030303030,0.0529644703552964,0.0005007918225601,3084200000,results/rs/SC3_HBD_MWPM_5x/results/sweep_16_exp_0_checkpoints.csv
033030030,0.0676993230067699,0.0005617614369839,200000,results/rs/SC3_HBD_MWPM_5x/results/sweep_9_exp_0_checkpoints.csv
033030030,0.0676993230067699,0.0005617614369839,400000,results/rs/SC3_HBD_MWPM_5x/results/sweep_9_exp_0_checkpoints.csv
033030030,0.0676993230067699,0.0005617614369839,600000,results/rs/SC3_HBD_MWPM_5x/results/sweep_9_exp_0_checkpoints.csv
332303333,0.0645793542064579,0.0005495814839377,800000,results/rs/SC3_HBD_MWPM_5x/results/sweep_9_exp_0_checkpoints.csv
332303333,0.0645793542064579,0.0005495814839377,1200000,results/rs/SC3_HBD_MWPM_5x/results/sweep_9_exp_0_checkpoints.csv
332303333,0.0645793542064579,0.0005495814839377,1600000,results/rs/SC3_HBD_MWPM_5x/results/sweep_9_exp_0_checkpoints.csv
332303333,0.0645793542064579,0.0005495814839377,2200000,results/rs/SC3_HBD_MWPM_5x/results/sweep_9_exp_0_checkpoints.csv
332303333,0.0645793542064579,0.0005495814839377,2800000,results/rs/SC3_HBD_MWPM_5x/results/sweep_9_exp_0_checkpoints.csv
030302233,0.0642793572064279,0.0005483913701027,3600000,results/rs/SC3_HBD_MWPM_5x/results/sweep_9_exp_0_checkpoints.csv
030302233,0.0642793572064279,0.0005483913701027,4600000,results/rs/SC3_HBD_MWPM_5x/results/sweep_9_exp_0_checkpoints.csv
030302233,0.0642793572064279,0.0005483913701027,5800000,results/rs/SC3_HBD_MWPM_5x/results/sweep_9_exp_0_checkpoints.csv
030302233,0.0642793572064279,0.0005483913701027,7400000,results/rs/SC3_HBD_MWPM_5x/results/sweep_9_exp_0_checkpoints.csv
030302233,0.0642793572064279,0.0005483913701027,9400000,results/rs/SC3_HBD_MWPM_5x/results/sweep_9_exp_0_checkpoints.csv
030302233,0.0642793572064279,0.0005483913701027,12000000,results/rs/SC3_HBD_MWPM_5x/results/sweep_9_exp_0_checkpoints.csv
030302233,0.0642793572064279,0.0005483913701027,15200000,results/rs/SC3_HBD_MWPM_5x/results/sweep_9_exp_0_checkpoints.csv
030302233,0.0642793572064279,0.0005483913701027,19200000,results/rs/SC3_HBD_MWPM_5x/results/sweep_9_exp_0_checkpoints.csv
220303030,0.0608643913560864,0.000534598249942,24200000,results/rs/SC3_HBD_MWPM_5x/results/sweep_9_exp_0_checkpoints.csv
220303030,0.0608643913560864,0.000534598249942,30600000,results/rs/SC3_HBD_MWPM_5x/results/sweep_9_exp_0_checkpoints.csv
220303030,0.0608643913560864,0.000534598249942,38600000,results/rs/SC3_HBD_MWPM_5x/results/sweep_9_exp_0_checkpoints.csv
220303030,0.0608643913560864,0.000534598249942,48600000,results/rs/SC3_HBD_MWPM_5x/results/sweep_9_exp_0_checkpoints.csv
030200030,0.0607993920060799,0.0005343312514014,61200000,results/rs/SC3_HBD_MWPM_5x/results/sweep_9_exp_0_checkpoints.csv
030200030,0.0607993920060799,0.0005343312514014,77200000,results/rs/SC3_HBD_MWPM_5x/results/sweep_9_exp_0_checkpoints.csv
330303033,0.0580544194558054,0.0005228923400864,97200000,results/rs/SC3_HBD_MWPM_5x/results/sweep_9_exp_0_checkpoints.csv
330303033,0.0580544194558054,0.0005228923400864,122400000,results/rs/SC3_HBD_MWPM_5x/results/sweep_9_exp_0_checkpoints.csv
030302030,0.0564694353056469,0.0005161387380212,154200000,results/rs/SC3_HBD_MWPM_5x/results/sweep_9_exp_0_checkpoints.csv
030302030,0.0564694353056469,0.0005161387380212,194200000,results/rs/SC3_HBD_MWPM_5x/results/sweep_9_exp_0_checkpoints.csv
030302030,0.0564694353056469,0.0005161387380212,244600000,results/rs/SC3_HBD_MWPM_5x/results/sweep_9_exp_0_checkpoints.csv
030302030,0.0564694353056469,0.0005161387380212,308000000,results/rs/SC3_HBD_MWPM_5x/results/sweep_9_exp_0_checkpoints.csv
030302030,0.0564694353056469,0.0005161387380212,387800000,results/rs/SC3_HBD_MWPM_5x/results/sweep_9_exp_0_checkpoints.csv
030302030,0.0564694353056469,0.0005161387380212,488400000,results/rs/SC3_HBD_MWPM_5x/results/sweep_9_exp_0_checkpoints.csv
030302030,0.0564694353056469,0.0005161387380212,615000000,results/rs/SC3_HBD_MWPM_5x/results/sweep_9_exp_0_checkpoints.csv
030302030,0.0564694353056469,0.0005161387380212,774400000,results/rs/SC3_HBD_MWPM_5x/results/sweep_9_exp_0_checkpoints.csv
030302030,0.0564694353056469,0.0005161387380212,975000000,results/rs/SC3_HBD_MWPM_5x/results/sweep_9_exp_0_checkpoints.csv
000303030,0.0562594374056259,0.0005152354715391,1227600000,results/rs/SC3_HBD_MWPM_5x/results/sweep_9_exp_0_checkpoints.csv
000303030,0.0562594374056259,0.0005152354715391,1545600000,results/rs/SC3_HBD_MWPM_5x/results/sweep_9_exp_0_checkpoints.csv
330303030,0.0559294407055929,0.0005138119449838,1945800000,results/rs/SC3_HBD_MWPM_5x/results/sweep_9_exp_0_checkpoints.csv
033303030,0.0557044429555704,0.0005128385382704,2449800000,results/rs/SC3_HBD_MWPM_5x/results/sweep_9_exp_0_checkpoints.csv
030303030,0.0533794662053379,0.0005026397411711,3084200000,results/rs/SC3_HBD_MWPM_5x/results/sweep_9_exp_0_checkpoints.csv
222302332,0.0785792142078579,0.0006016786210238,200000,results/rs/SC3_HBD_MWPM_5x/results/sweep_4_exp_0_checkpoints.csv
020323000,0.0684243157568424,0.0005645417259074,400000,results/rs/SC3_HBD_MWPM_5x/results/sweep_4_exp_0_checkpoints.csv
020323000,0.0684243157568424,0.0005645417259074,600000,results/rs/SC3_HBD_MWPM_5x/results/sweep_4_exp_0_checkpoints.csv
020323000,0.0684243157568424,0.0005645417259074,800000,results/rs/SC3_HBD_MWPM_5x/results/sweep_4_exp_0_checkpoints.csv
020323000,0.0684243157568424,0.0005645417259074,1200000,results/rs/SC3_HBD_MWPM_5x/results/sweep_4_exp_0_checkpoints.csv
020323000,0.0684243157568424,0.0005645417259074,1600000,results/rs/SC3_HBD_MWPM_5x/results/sweep_4_exp_0_checkpoints.csv
020323000,0.0684243157568424,0.0005645417259074,2200000,results/rs/SC3_HBD_MWPM_5x/results/sweep_4_exp_0_checkpoints.csv
020323000,0.0684243157568424,0.0005645417259074,2800000,results/rs/SC3_HBD_MWPM_5x/results/sweep_4_exp_0_checkpoints.csv
020323000,0.0684243157568424,0.0005645417259074,3600000,results/rs/SC3_HBD_MWPM_5x/results/sweep_4_exp_0_checkpoints.csv
020323000,0.0684243157568424,0.0005645417259074,4600000,results/rs/SC3_HBD_MWPM_5x/results/sweep_4_exp_0_checkpoints.csv
020323000,0.0684243157568424,0.0005645417259074,5800000,results/rs/SC3_HBD_MWPM_5x/results/sweep_4_exp_0_checkpoints.csv
202303230,0.0678043219567804,0.0005621652235276,7400000,results/rs/SC3_HBD_MWPM_5x/results/sweep_4_exp_0_checkpoints.csv
202303230,0.0678043219567804,0.0005621652235276,9400000,results/rs/SC3_HBD_MWPM_5x/results/sweep_4_exp_0_checkpoints.csv
202303230,0.0678043219567804,0.0005621652235276,12000000,results/rs/SC3_HBD_MWPM_5x/results/sweep_4_exp_0_checkpoints.csv
330203002,0.0671943280567194,0.0005598138668574,15200000,results/rs/SC3_HBD_MWPM_5x/results/sweep_4_exp_0_checkpoints.csv
330203002,0.0671943280567194,0.0005598138668574,19200000,results/rs/SC3_HBD_MWPM_5x/results/sweep_4_exp_0_checkpoints.csv
033303232,0.0617293827061729,0.000538135645911,24200000,results/rs/SC3_HBD_MWPM_5x/results/sweep_4_exp_0_checkpoints.csv
033303232,0.0617293827061729,0.000538135645911,30600000,results/rs/SC3_HBD_MWPM_5x/results/sweep_4_exp_0_checkpoints.csv
020303020,0.0615993840061599,0.0005376059561967,38600000,results/rs/SC3_HBD_MWPM_5x/results/sweep_4_exp_0_checkpoints.csv
020303020,0.0615993840061599,0.0005376059561967,48600000,results/rs/SC3_HBD_MWPM_5x/results/sweep_4_exp_0_checkpoints.csv
020003030,0.0596644033559664,0.0005296400631777,61200000,results/rs/SC3_HBD_MWPM_5x/results/sweep_4_exp_0_checkpoints.csv
020003030,0.0596644033559664,0.0005296400631777,77200000,results/rs/SC3_HBD_MWPM_5x/results/sweep_4_exp_0_checkpoints.csv
020003030,0.0596644033559664,0.0005296400631777,97200000,results/rs/SC3_HBD_MWPM_5x/results/sweep_4_exp_0_checkpoints.csv
020003030,0.0596644033559664,0.0005296400631777,122400000,results/rs/SC3_HBD_MWPM_5x/results/sweep_4_exp_0_checkpoints.csv
030303003,0.0589044109558904,0.0005264686769805,154200000,results/rs/SC3_HBD_MWPM_5x/results/sweep_4_exp_0_checkpoints.csv
030003030,0.0559894401055989,0.0005140711436979,194200000,results/rs/SC3_HBD_MWPM_5x/results/sweep_4_exp_0_checkpoints.csv
030003030,0.0559894401055989,0.0005140711436979,244600000,results/rs/SC3_HBD_MWPM_5x/results/sweep_4_exp_0_checkpoints.csv
030003030,0.0559894401055989,0.0005140711436979,308000000,results/rs/SC3_HBD_MWPM_5x/results/sweep_4_exp_0_checkpoints.csv
030003030,0.0559894401055989,0.0005140711436979,387800000,results/rs/SC3_HBD_MWPM_5x/results/sweep_4_exp_0_checkpoints.csv
030003030,0.0559894401055989,0.0005140711436979,488400000,results/rs/SC3_HBD_MWPM_5x/results/sweep_4_exp_0_checkpoints.csv
030003030,0.0559894401055989,0.0005140711436979,615000000,results/rs/SC3_HBD_MWPM_5x/results/sweep_4_exp_0_checkpoints.csv
030003030,0.0559894401055989,0.0005140711436979,774400000,results/rs/SC3_HBD_MWPM_5x/results/sweep_4_exp_0_checkpoints.csv
030303030,0.0527594724052759,0.0004998758086003,975000000,results/rs/SC3_HBD_MWPM_5x/results/sweep_4_exp_0_checkpoints.csv
030303030,0.0527594724052759,0.0004998758086003,1227600000,results/rs/SC3_HBD_MWPM_5x/results/sweep_4_exp_0_checkpoints.csv
030303030,0.0527594724052759,0.0004998758086003,1545600000,results/rs/SC3_HBD_MWPM_5x/results/sweep_4_exp_0_checkpoints.csv
030303030,0.0527594724052759,0.0004998758086003,1945800000,results/rs/SC3_HBD_MWPM_5x/results/sweep_4_exp_0_checkpoints.csv
030303030,0.0527594724052759,0.0004998758086003,2449800000,results/rs/SC3_HBD_MWPM_5x/results/sweep_4_exp_0_checkpoints.csv
030303030,0.0527594724052759,0.0004998758086003,3084200000,results/rs/SC3_HBD_MWPM_5x/results/sweep_4_exp_0_checkpoints.csv
222002232,0.0832391676083239,0.0006176943425089,200000,results/rs/SC3_HBD_MWPM_5x/results/sweep_11_exp_0_checkpoints.csv
202000203,0.0815741842581574,0.0006120404577814,400000,results/rs/SC3_HBD_MWPM_5x/results/sweep_11_exp_0_checkpoints.csv
320030020,0.0789242107578924,0.0006028850912116,600000,results/rs/SC3_HBD_MWPM_5x/results/sweep_11_exp_0_checkpoints.csv
320030020,0.0789242107578924,0.0006028850912116,800000,results/rs/SC3_HBD_MWPM_5x/results/sweep_11_exp_0_checkpoints.csv
000023232,0.0757042429575704,0.0005914898938499,1200000,results/rs/SC3_HBD_MWPM_5x/results/sweep_11_exp_0_checkpoints.csv
000023232,0.0757042429575704,0.0005914898938499,1600000,results/rs/SC3_HBD_MWPM_5x/results/sweep_11_exp_0_checkpoints.csv
002203300,0.0718892811071889,0.0005775821045972,2200000,results/rs/SC3_HBD_MWPM_5x/results/sweep_11_exp_0_checkpoints.csv
002203300,0.0718892811071889,0.0005775821045972,2800000,results/rs/SC3_HBD_MWPM_5x/results/sweep_11_exp_0_checkpoints.csv
032303330,0.0591494085059149,0.0005274937138892,3600000,results/rs/SC3_HBD_MWPM_5x/results/sweep_11_exp_0_checkpoints.csv
330303033,0.0581494185058149,0.0005232936237007,4600000,results/rs/SC3_HBD_MWPM_5x/results/sweep_11_exp_0_checkpoints.csv
330303033,0.0581494185058149,0.0005232936237007,5800000,results/rs/SC3_HBD_MWPM_5x/results/sweep_11_exp_0_checkpoints.csv
330303033,0.0581494185058149,0.0005232936237007,7400000,results/rs/SC3_HBD_MWPM_5x/results/sweep_11_exp_0_checkpoints.csv
330303033,0.0581494185058149,0.0005232936237007,9400000,results/rs/SC3_HBD_MWPM_5x/results/sweep_11_exp_0_checkpoints.csv
330303033,0.0581494185058149,0.0005232936237007,12000000,results/rs/SC3_HBD_MWPM_5x/results/sweep_11_exp_0_checkpoints.csv
330303033,0.0581494185058149,0.0005232936237007,15200000,results/rs/SC3_HBD_MWPM_5x/results/sweep_11_exp_0_checkpoints.csv
330303033,0.0581494185058149,0.0005232936237007,19200000,results/rs/SC3_HBD_MWPM_5x/results/sweep_11_exp_0_checkpoints.csv
330303033,0.0581494185058149,0.0005232936237007,24200000,results/rs/SC3_HBD_MWPM_5x/results/sweep_11_exp_0_checkpoints.csv
330303033,0.0581494185058149,0.0005232936237007,30600000,results/rs/SC3_HBD_MWPM_5x/results/sweep_11_exp_0_checkpoints.csv
330303033,0.0581494185058149,0.0005232936237007,38600000,results/rs/SC3_HBD_MWPM_5x/results/sweep_11_exp_0_checkpoints.csv
330303033,0.0581494185058149,0.0005232936237007,48600000,results/rs/SC3_HBD_MWPM_5x/results/sweep_11_exp_0_checkpoints.csv
030300030,0.0578094219057809,0.0005218557198531,61200000,results/rs/SC3_HBD_MWPM_5x/results/sweep_11_exp_0_checkpoints.csv
030300030,0.0578094219057809,0.0005218557198531,77200000,results/rs/SC3_HBD_MWPM_5x/results/sweep_11_exp_0_checkpoints.csv
030300030,0.0578094219057809,0.0005218557198531,97200000,results/rs/SC3_HBD_MWPM_5x/results/sweep_11_exp_0_checkpoints.csv
030300030,0.0578094219057809,0.0005218557198531,122400000,results/rs/SC3_HBD_MWPM_5x/results/sweep_11_exp_0_checkpoints.csv
030300030,0.0578094219057809,0.0005218557198531,154200000,results/rs/SC3_HBD_MWPM_5x/results/sweep_11_exp_0_checkpoints.csv
030300030,0.0578094219057809,0.0005218557198531,194200000,results/rs/SC3_HBD_MWPM_5x/results/sweep_11_exp_0_checkpoints.csv
030300030,0.0578094219057809,0.0005218557198531,244600000,results/rs/SC3_HBD_MWPM_5x/results/sweep_11_exp_0_checkpoints.csv
030300030,0.0578094219057809,0.0005218557198531,308000000,results/rs/SC3_HBD_MWPM_5x/results/sweep_11_exp_0_checkpoints.csv
030300030,0.0578094219057809,0.0005218557198531,387800000,results/rs/SC3_HBD_MWPM_5x/results/sweep_11_exp_0_checkpoints.csv
030300030,0.0578094219057809,0.0005218557198531,488400000,results/rs/SC3_HBD_MWPM_5x/results/sweep_11_exp_0_checkpoints.csv
030300030,0.0578094219057809,0.0005218557198531,615000000,results/rs/SC3_HBD_MWPM_5x/results/sweep_11_exp_0_checkpoints.csv
030003030,0.0568744312556874,0.0005178751307539,774400000,results/rs/SC3_HBD_MWPM_5x/results/sweep_11_exp_0_checkpoints.csv
030003030,0.0568744312556874,0.0005178751307539,975000000,results/rs/SC3_HBD_MWPM_5x/results/sweep_11_exp_0_checkpoints.csv
330303030,0.0550044499555004,0.0005097949760966,1227600000,results/rs/SC3_HBD_MWPM_5x/results/sweep_11_exp_0_checkpoints.csv
030303330,0.0548894511054889,0.0005092927603982,1545600000,results/rs/SC3_HBD_MWPM_5x/results/sweep_11_exp_0_checkpoints.csv
030303330,0.0548894511054889,0.0005092927603982,1945800000,results/rs/SC3_HBD_MWPM_5x/results/sweep_11_exp_0_checkpoints.csv
030303330,0.0548894511054889,0.0005092927603982,2449800000,results/rs/SC3_HBD_MWPM_5x/results/sweep_11_exp_0_checkpoints.csv
030303330,0.0548894511054889,0.0005092927603982,3084200000,results/rs/SC3_HBD_MWPM_5x/results/sweep_11_exp_0_checkpoints.csv
222300230,0.0737792622073779,0.0005845291307196,200000,results/rs/SC3_HBD_MWPM_5x/results/sweep_2_exp_0_checkpoints.csv
222300230,0.0737792622073779,0.0005845291307196,400000,results/rs/SC3_HBD_MWPM_5x/results/sweep_2_exp_0_checkpoints.csv
222300230,0.0737792622073779,0.0005845291307196,600000,results/rs/SC3_HBD_MWPM_5x/results/sweep_2_exp_0_checkpoints.csv
222300230,0.0737792622073779,0.0005845291307196,800000,results/rs/SC3_HBD_MWPM_5x/results/sweep_2_exp_0_checkpoints.csv
020000233,0.0711642883571164,0.0005748866824433,1200000,results/rs/SC3_HBD_MWPM_5x/results/sweep_2_exp_0_checkpoints.csv
030203232,0.0644143558564414,0.0005489273462444,1600000,results/rs/SC3_HBD_MWPM_5x/results/sweep_2_exp_0_checkpoints.csv
030203232,0.0644143558564414,0.0005489273462444,2200000,results/rs/SC3_HBD_MWPM_5x/results/sweep_2_exp_0_checkpoints.csv
030203232,0.0644143558564414,0.0005489273462444,2800000,results/rs/SC3_HBD_MWPM_5x/results/sweep_2_exp_0_checkpoints.csv
030203232,0.0644143558564414,0.0005489273462444,3600000,results/rs/SC3_HBD_MWPM_5x/results/sweep_2_exp_0_checkpoints.csv
030203232,0.0644143558564414,0.0005489273462444,4600000,results/rs/SC3_HBD_MWPM_5x/results/sweep_2_exp_0_checkpoints.csv
030203232,0.0644143558564414,0.0005489273462444,5800000,results/rs/SC3_HBD_MWPM_5x/results/sweep_2_exp_0_checkpoints.csv
030203232,0.0644143558564414,0.0005489273462444,7400000,results/rs/SC3_HBD_MWPM_5x/results/sweep_2_exp_0_checkpoints.csv
030203232,0.0644143558564414,0.0005489273462444,9400000,results/rs/SC3_HBD_MWPM_5x/results/sweep_2_exp_0_checkpoints.csv
030203232,0.0644143558564414,0.0005489273462444,12000000,results/rs/SC3_HBD_MWPM_5x/results/sweep_2_exp_0_checkpoints.csv
030203232,0.0644143558564414,0.0005489273462444,15200000,results/rs/SC3_HBD_MWPM_5x/results/sweep_2_exp_0_checkpoints.csv
030203232,0.0644143558564414,0.0005489273462444,19200000,results/rs/SC3_HBD_MWPM_5x/results/sweep_2_exp_0_checkpoints.csv
030303002,0.0585444145558544,0.0005249578389339,24200000,results/rs/SC3_HBD_MWPM_5x/results/sweep_2_exp_0_checkpoints.csv
030303002,0.0585444145558544,0.0005249578389339,30600000,results/rs/SC3_HBD_MWPM_5x/results/sweep_2_exp_0_checkpoints.csv
030303002,0.0585444145558544,0.0005249578389339,38600000,results/rs/SC3_HBD_MWPM_5x/results/sweep_2_exp_0_checkpoints.csv
030303002,0.0585444145558544,0.0005249578389339,48600000,results/rs/SC3_HBD_MWPM_5x/results/sweep_2_exp_0_checkpoints.csv
030303002,0.0585444145558544,0.0005249578389339,61200000,results/rs/SC3_HBD_MWPM_5x/results/sweep_2_exp_0_checkpoints.csv
030303002,0.0585444145558544,0.0005249578389339,77200000,results/rs/SC3_HBD_MWPM_5x/results/sweep_2_exp_0_checkpoints.csv
030203030,0.0570844291557084,0.0005187725182622,97200000,results/rs/SC3_HBD_MWPM_5x/results/sweep_2_exp_0_checkpoints.csv
030203030,0.0570844291557084,0.0005187725182622,122400000,results/rs/SC3_HBD_MWPM_5x/results/sweep_2_exp_0_checkpoints.csv
030203030,0.0570844291557084,0.0005187725182622,154200000,results/rs/SC3_HBD_MWPM_5x/results/sweep_2_exp_0_checkpoints.csv
030203030,0.0570844291557084,0.0005187725182622,194200000,results/rs/SC3_HBD_MWPM_5x/results/sweep_2_exp_0_checkpoints.csv
030203030,0.0570844291557084,0.0005187725182622,244600000,results/rs/SC3_HBD_MWPM_5x/results/sweep_2_exp_0_checkpoints.csv
030203030,0.0570844291557084,0.0005187725182622,308000000,results/rs/SC3_HBD_MWPM_5x/results/sweep_2_exp_0_checkpoints.csv
030203030,0.0570844291557084,0.0005187725182622,387800000,results/rs/SC3_HBD_MWPM_5x/results/sweep_2_exp_0_checkpoints.csv
030303033,0.0555994440055599,0.0005123834125697,488400000,results/rs/SC3_HBD_MWPM_5x/results/sweep_2_exp_0_checkpoints.csv
030303033,0.0555994440055599,0.0005123834125697,615000000,results/rs/SC3_HBD_MWPM_5x/results/sweep_2_exp_0_checkpoints.csv
030303033,0.0555994440055599,0.0005123834125697,774400000,results/rs/SC3_HBD_MWPM_5x/results/sweep_2_exp_0_checkpoints.csv
030303033,0.0555994440055599,0.0005123834125697,975000000,results/rs/SC3_HBD_MWPM_5x/results/sweep_2_exp_0_checkpoints.csv
030303033,0.0555994440055599,0.0005123834125697,1227600000,results/rs/SC3_HBD_MWPM_5x/results/sweep_2_exp_0_checkpoints.csv
030303330,0.0548044519554804,0.0005089211626909,1545600000,results/rs/SC3_HBD_MWPM_5x/results/sweep_2_exp_0_checkpoints.csv
030303030,0.0528144718552814,0.0005001217359676,1945800000,results/rs/SC3_HBD_MWPM_5x/results/sweep_2_exp_0_checkpoints.csv
030303030,0.0528144718552814,0.0005001217359676,2449800000,results/rs/SC3_HBD_MWPM_5x/results/sweep_2_exp_0_checkpoints.csv
030303030,0.0528144718552814,0.0005001217359676,3084200000,results/rs/SC3_HBD_MWPM_5x/results/sweep_2_exp_0_checkpoints.csv
032032320,0.0796942030579694,0.0006055656122043,200000,results/rs/SC3_HBD_MWPM_5x/results/sweep_17_exp_0_checkpoints.csv
032032320,0.0796942030579694,0.0006055656122043,400000,results/rs/SC3_HBD_MWPM_5x/results/sweep_17_exp_0_checkpoints.csv
032032320,0.0796942030579694,0.0006055656122043,600000,results/rs/SC3_HBD_MWPM_5x/results/sweep_17_exp_0_checkpoints.csv
232333232,0.0747292527074729,0.0005879785749129,800000,results/rs/SC3_HBD_MWPM_5x/results/sweep_17_exp_0_checkpoints.csv
000332003,0.0733542664573354,0.0005829768488183,1200000,results/rs/SC3_HBD_MWPM_5x/results/sweep_17_exp_0_checkpoints.csv
000332003,0.0733542664573354,0.0005829768488183,1600000,results/rs/SC3_HBD_MWPM_5x/results/sweep_17_exp_0_checkpoints.csv
000332003,0.0733542664573354,0.0005829768488183,2200000,results/rs/SC3_HBD_MWPM_5x/results/sweep_17_exp_0_checkpoints.csv
000332003,0.0733542664573354,0.0005829768488183,2800000,results/rs/SC3_HBD_MWPM_5x/results/sweep_17_exp_0_checkpoints.csv
000332003,0.0733542664573354,0.0005829768488183,3600000,results/rs/SC3_HBD_MWPM_5x/results/sweep_17_exp_0_checkpoints.csv
033000232,0.0706542934570654,0.000572980265133,4600000,results/rs/SC3_HBD_MWPM_5x/results/sweep_17_exp_0_checkpoints.csv
030302232,0.0661243387566124,0.0005556571995839,5800000,results/rs/SC3_HBD_MWPM_5x/results/sweep_17_exp_0_checkpoints.csv
030302232,0.0661243387566124,0.0005556571995839,7400000,results/rs/SC3_HBD_MWPM_5x/results/sweep_17_exp_0_checkpoints.csv
030302232,0.0661243387566124,0.0005556571995839,9400000,results/rs/SC3_HBD_MWPM_5x/results/sweep_17_exp_0_checkpoints.csv
030302232,0.0661243387566124,0.0005556571995839,12000000,results/rs/SC3_HBD_MWPM_5x/results/sweep_17_exp_0_checkpoints.csv
032302020,0.0645593544064559,0.0005495022051036,15200000,results/rs/SC3_HBD_MWPM_5x/results/sweep_17_exp_0_checkpoints.csv
032303033,0.0588294117058829,0.0005261543556116,19200000,results/rs/SC3_HBD_MWPM_5x/results/sweep_17_exp_0_checkpoints.csv
032303033,0.0588294117058829,0.0005261543556116,24200000,results/rs/SC3_HBD_MWPM_5x/results/sweep_17_exp_0_checkpoints.csv
032303033,0.0588294117058829,0.0005261543556116,30600000,results/rs/SC3_HBD_MWPM_5x/results/sweep_17_exp_0_checkpoints.csv
032303033,0.0588294117058829,0.0005261543556116,38600000,results/rs/SC3_HBD_MWPM_5x/results/sweep_17_exp_0_checkpoints.csv
030303020,0.0575344246557534,0.0005206890054978,48600000,results/rs/SC3_HBD_MWPM_5x/results/sweep_17_exp_0_checkpoints.csv
030303020,0.0575344246557534,0.0005206890054978,61200000,results/rs/SC3_HBD_MWPM_5x/results/sweep_17_exp_0_checkpoints.csv
030303020,0.0575344246557534,0.0005206890054978,77200000,results/rs/SC3_HBD_MWPM_5x/results/sweep_17_exp_0_checkpoints.csv
030303020,0.0575344246557534,0.0005206890054978,97200000,results/rs/SC3_HBD_MWPM_5x/results/sweep_17_exp_0_checkpoints.csv
030303020,0.0575344246557534,0.0005206890054978,122400000,results/rs/SC3_HBD_MWPM_5x/results/sweep_17_exp_0_checkpoints.csv
030303020,0.0575344246557534,0.0005206890054978,154200000,results/rs/SC3_HBD_MWPM_5x/results/sweep_17_exp_0_checkpoints.csv
030303020,0.0575344246557534,0.0005206890054978,194200000,results/rs/SC3_HBD_MWPM_5x/results/sweep_17_exp_0_checkpoints.csv
030303020,0.0575344246557534,0.0005206890054978,244600000,results/rs/SC3_HBD_MWPM_5x/results/sweep_17_exp_0_checkpoints.csv
030303020,0.0575344246557534,0.0005206890054978,308000000,results/rs/SC3_HBD_MWPM_5x/results/sweep_17_exp_0_checkpoints.csv
330303030,0.0554344456555434,0.0005116672837175,387800000,results/rs/SC3_HBD_MWPM_5x/results/sweep_17_exp_0_checkpoints.csv
330303030,0.0554344456555434,0.0005116672837175,488400000,results/rs/SC3_HBD_MWPM_5x/results/sweep_17_exp_0_checkpoints.csv
330303030,0.0554344456555434,0.0005116672837175,615000000,results/rs/SC3_HBD_MWPM_5x/results/sweep_17_exp_0_checkpoints.csv
330303030,0.0554344456555434,0.0005116672837175,774400000,results/rs/SC3_HBD_MWPM_5x/results/sweep_17_exp_0_checkpoints.csv
330303030,0.0554344456555434,0.0005116672837175,975000000,results/rs/SC3_HBD_MWPM_5x/results/sweep_17_exp_0_checkpoints.csv
330303030,0.0554344456555434,0.0005116672837175,1227600000,results/rs/SC3_HBD_MWPM_5x/results/sweep_17_exp_0_checkpoints.csv
030303033,0.0552394476055239,0.0005108192563056,1545600000,results/rs/SC3_HBD_MWPM_5x/results/sweep_17_exp_0_checkpoints.csv
030303033,0.0552394476055239,0.0005108192563056,1945800000,results/rs/SC3_HBD_MWPM_5x/results/sweep_17_exp_0_checkpoints.csv
030303033,0.0552394476055239,0.0005108192563056,2449800000,results/rs/SC3_HBD_MWPM_5x/results/sweep_17_exp_0_checkpoints.csv
030303033,0.0552394476055239,0.0005108192563056,3084200000,results/rs/SC3_HBD_MWPM_5x/results/sweep_17_exp_0_checkpoints.csv
032223332,0.0766292337076629,0.0005947946337983,200000,results/rs/SC3_HBD_MWPM_5x/results/sweep_20_exp_0_checkpoints.csv
323303023,0.0698993010069899,0.0005701421760022,400000,results/rs/SC3_HBD_MWPM_5x/results/sweep_20_exp_0_checkpoints.csv
300302032,0.0670443295567044,0.0005592336528934,600000,results/rs/SC3_HBD_MWPM_5x/results/sweep_20_exp_0_checkpoints.csv
300302032,0.0670443295567044,0.0005592336528934,800000,results/rs/SC3_HBD_MWPM_5x/results/sweep_20_exp_0_checkpoints.csv
300302032,0.0670443295567044,0.0005592336528934,1200000,results/rs/SC3_HBD_MWPM_5x/results/sweep_20_exp_0_checkpoints.csv
300302032,0.0670443295567044,0.0005592336528934,1600000,results/rs/SC3_HBD_MWPM_5x/results/sweep_20_exp_0_checkpoints.csv
030203300,0.0645693543064569,0.0005495418445207,2200000,results/rs/SC3_HBD_MWPM_5x/results/sweep_20_exp_0_checkpoints.csv
030203300,0.0645693543064569,0.0005495418445207,2800000,results/rs/SC3_HBD_MWPM_5x/results/sweep_20_exp_0_checkpoints.csv
030203300,0.0645693543064569,0.0005495418445207,3600000,results/rs/SC3_HBD_MWPM_5x/results/sweep_20_exp_0_checkpoints.csv
030203300,0.0645693543064569,0.0005495418445207,4600000,results/rs/SC3_HBD_MWPM_5x/results/sweep_20_exp_0_checkpoints.csv
030203300,0.0645693543064569,0.0005495418445207,5800000,results/rs/SC3_HBD_MWPM_5x/results/sweep_20_exp_0_checkpoints.csv
030203300,0.0645693543064569,0.0005495418445207,7400000,results/rs/SC3_HBD_MWPM_5x/results/sweep_20_exp_0_checkpoints.csv
030203300,0.0645693543064569,0.0005495418445207,9400000,results/rs/SC3_HBD_MWPM_5x/results/sweep_20_exp_0_checkpoints.csv
030203300,0.0645693543064569,0.0005495418445207,12000000,results/rs/SC3_HBD_MWPM_5x/results/sweep_20_exp_0_checkpoints.csv
030203300,0.0645693543064569,0.0005495418445207,15200000,results/rs/SC3_HBD_MWPM_5x/results/sweep_20_exp_0_checkpoints.csv
033300000,0.0626243737562624,0.0005417641368694,19200000,results/rs/SC3_HBD_MWPM_5x/results/sweep_20_exp_0_checkpoints.csv
033300000,0.0626243737562624,0.0005417641368694,24200000,results/rs/SC3_HBD_MWPM_5x/results/sweep_20_exp_0_checkpoints.csv
033300000,0.0626243737562624,0.0005417641368694,30600000,results/rs/SC3_HBD_MWPM_5x/results/sweep_20_exp_0_checkpoints.csv
033300000,0.0626243737562624,0.0005417641368694,38600000,results/rs/SC3_HBD_MWPM_5x/results/sweep_20_exp_0_checkpoints.csv
033300000,0.0626243737562624,0.0005417641368694,48600000,results/rs/SC3_HBD_MWPM_5x/results/sweep_20_exp_0_checkpoints.csv
330303330,0.0578994210057899,0.0005222368636168,61200000,results/rs/SC3_HBD_MWPM_5x/results/sweep_20_exp_0_checkpoints.csv
330303330,0.0578994210057899,0.0005222368636168,77200000,results/rs/SC3_HBD_MWPM_5x/results/sweep_20_exp_0_checkpoints.csv
330303330,0.0578994210057899,0.0005222368636168,97200000,results/rs/SC3_HBD_MWPM_5x/results/sweep_20_exp_0_checkpoints.csv
330303330,0.0578994210057899,0.0005222368636168,122400000,results/rs/SC3_HBD_MWPM_5x/results/sweep_20_exp_0_checkpoints.csv
330303330,0.0578994210057899,0.0005222368636168,154200000,results/rs/SC3_HBD_MWPM_5x/results/sweep_20_exp_0_checkpoints.csv
330303330,0.0578994210057899,0.0005222368636168,194200000,results/rs/SC3_HBD_MWPM_5x/results/sweep_20_exp_0_checkpoints.csv
000303030,0.0566944330556694,0.0005171042867004,244600000,results/rs/SC3_HBD_MWPM_5x/results/sweep_20_exp_0_checkpoints.csv
030303330,0.0557744422555774,0.0005131416255608,308000000,results/rs/SC3_HBD_MWPM_5x/results/sweep_20_exp_0_checkpoints.csv
030303330,0.0557744422555774,0.0005131416255608,387800000,results/rs/SC3_HBD_MWPM_5x/results/sweep_20_exp_0_checkpoints.csv
030303330,0.0557744422555774,0.0005131416255608,488400000,results/rs/SC3_HBD_MWPM_5x/results/sweep_20_exp_0_checkpoints.csv
030303330,0.0557744422555774,0.0005131416255608,615000000,results/rs/SC3_HBD_MWPM_5x/results/sweep_20_exp_0_checkpoints.csv
030303330,0.0557744422555774,0.0005131416255608,774400000,results/rs/SC3_HBD_MWPM_5x/results/sweep_20_exp_0_checkpoints.csv
030303330,0.0557744422555774,0.0005131416255608,975000000,results/rs/SC3_HBD_MWPM_5x/results/sweep_20_exp_0_checkpoints.csv
030303330,0.0557744422555774,0.0005131416255608,1227600000,results/rs/SC3_HBD_MWPM_5x/results/sweep_20_exp_0_checkpoints.csv
030303330,0.0557744422555774,0.0005131416255608,1545600000,results/rs/SC3_HBD_MWPM_5x/results/sweep_20_exp_0_checkpoints.csv
030303330,0.0557744422555774,0.0005131416255608,1945800000,results/rs/SC3_HBD_MWPM_5x/results/sweep_20_exp_0_checkpoints.csv
330303030,0.0554044459555404,0.0005115369567647,2449800000,results/rs/SC3_HBD_MWPM_5x/results/sweep_20_exp_0_checkpoints.csv
030303030,0.0532744672553274,0.0005021729739382,3084200000,results/rs/SC3_HBD_MWPM_5x/results/sweep_20_exp_0_checkpoints.csv
022303220,0.0722642773572264,0.0005789695424027,200000,results/rs/SC3_HBD_MWPM_5x/results/sweep_8_exp_0_checkpoints.csv
022303220,0.0722642773572264,0.0005789695424027,400000,results/rs/SC3_HBD_MWPM_5x/results/sweep_8_exp_0_checkpoints.csv
022303220,0.0722642773572264,0.0005789695424027,600000,results/rs/SC3_HBD_MWPM_5x/results/sweep_8_exp_0_checkpoints.csv
022303220,0.0722642773572264,0.0005789695424027,800000,results/rs/SC3_HBD_MWPM_5x/results/sweep_8_exp_0_checkpoints.csv
330323033,0.0678743212567874,0.0005624342011287,1200000,results/rs/SC3_HBD_MWPM_5x/results/sweep_8_exp_0_checkpoints.csv
330323033,0.0678743212567874,0.0005624342011287,1600000,results/rs/SC3_HBD_MWPM_5x/results/sweep_8_exp_0_checkpoints.csv
330323033,0.0678743212567874,0.0005624342011287,2200000,results/rs/SC3_HBD_MWPM_5x/results/sweep_8_exp_0_checkpoints.csv
330323033,0.0678743212567874,0.0005624342011287,2800000,results/rs/SC3_HBD_MWPM_5x/results/sweep_8_exp_0_checkpoints.csv
330323033,0.0678743212567874,0.0005624342011287,3600000,results/rs/SC3_HBD_MWPM_5x/results/sweep_8_exp_0_checkpoints.csv
330323033,0.0678743212567874,0.0005624342011287,4600000,results/rs/SC3_HBD_MWPM_5x/results/sweep_8_exp_0_checkpoints.csv
330323033,0.0678743212567874,0.0005624342011287,5800000,results/rs/SC3_HBD_MWPM_5x/results/sweep_8_exp_0_checkpoints.csv
030002000,0.0644343556564434,0.0005490066832862,7400000,results/rs/SC3_HBD_MWPM_5x/results/sweep_8_exp_0_checkpoints.csv
030002000,0.0644343556564434,0.0005490066832862,9400000,results/rs/SC3_HBD_MWPM_5x/results/sweep_8_exp_0_checkpoints.csv
030002000,0.0644343556564434,0.0005490066832862,12000000,results/rs/SC3_HBD_MWPM_5x/results/sweep_8_exp_0_checkpoints.csv
030002000,0.0644343556564434,0.0005490066832862,15200000,results/rs/SC3_HBD_MWPM_5x/results/sweep_8_exp_0_checkpoints.csv
020303003,0.0626493735062649,0.0005418650689534,19200000,results/rs/SC3_HBD_MWPM_5x/results/sweep_8_exp_0_checkpoints.csv
020303003,0.0626493735062649,0.0005418650689534,24200000,results/rs/SC3_HBD_MWPM_5x/results/sweep_8_exp_0_checkpoints.csv
020303003,0.0626493735062649,0.0005418650689534,30600000,results/rs/SC3_HBD_MWPM_5x/results/sweep_8_exp_0_checkpoints.csv
020303003,0.0626493735062649,0.0005418650689534,38600000,results/rs/SC3_HBD_MWPM_5x/results/sweep_8_exp_0_checkpoints.csv
020303003,0.0626493735062649,0.0005418650689534,48600000,results/rs/SC3_HBD_MWPM_5x/results/sweep_8_exp_0_checkpoints.csv
020303003,0.0626493735062649,0.0005418650689534,61200000,results/rs/SC3_HBD_MWPM_5x/results/sweep_8_exp_0_checkpoints.csv
020303003,0.0626493735062649,0.0005418650689534,77200000,results/rs/SC3_HBD_MWPM_5x/results/sweep_8_exp_0_checkpoints.csv
032003030,0.0593994060059399,0.0005285370280034,97200000,results/rs/SC3_HBD_MWPM_5x/results/sweep_8_exp_0_checkpoints.csv
032003030,0.0593994060059399,0.0005285370280034,122400000,results/rs/SC3_HBD_MWPM_5x/results/sweep_8_exp_0_checkpoints.csv
032003030,0.0593994060059399,0.0005285370280034,154200000,results/rs/SC3_HBD_MWPM_5x/results/sweep_8_exp_0_checkpoints.csv
032003030,0.0593994060059399,0.0005285370280034,194200000,results/rs/SC3_HBD_MWPM_5x/results/sweep_8_exp_0_checkpoints.csv
032003030,0.0593994060059399,0.0005285370280034,244600000,results/rs/SC3_HBD_MWPM_5x/results/sweep_8_exp_0_checkpoints.csv
033303030,0.0560744392556074,0.0005144380265846,308000000,results/rs/SC3_HBD_MWPM_5x/results/sweep_8_exp_0_checkpoints.csv
033303030,0.0560744392556074,0.0005144380265846,387800000,results/rs/SC3_HBD_MWPM_5x/results/sweep_8_exp_0_checkpoints.csv
033303030,0.0560744392556074,0.0005144380265846,488400000,results/rs/SC3_HBD_MWPM_5x/results/sweep_8_exp_0_checkpoints.csv
033303030,0.0560744392556074,0.0005144380265846,615000000,results/rs/SC3_HBD_MWPM_5x/results/sweep_8_exp_0_checkpoints.csv
033303030,0.0560744392556074,0.0005144380265846,774400000,results/rs/SC3_HBD_MWPM_5x/results/sweep_8_exp_0_checkpoints.csv
033303030,0.0560744392556074,0.0005144380265846,975000000,results/rs/SC3_HBD_MWPM_5x/results/sweep_8_exp_0_checkpoints.csv
033303030,0.0560744392556074,0.0005144380265846,1227600000,results/rs/SC3_HBD_MWPM_5x/results/sweep_8_exp_0_checkpoints.csv
330303030,0.0555644443555564,0.00051223160699,1545600000,results/rs/SC3_HBD_MWPM_5x/results/sweep_8_exp_0_checkpoints.csv
330303030,0.0555644443555564,0.00051223160699,1945800000,results/rs/SC3_HBD_MWPM_5x/results/sweep_8_exp_0_checkpoints.csv
330303030,0.0555644443555564,0.00051223160699,2449800000,results/rs/SC3_HBD_MWPM_5x/results/sweep_8_exp_0_checkpoints.csv
030303030,0.0532894671053289,0.0005022396799176,3084200000,results/rs/SC3_HBD_MWPM_5x/results/sweep_8_exp_0_checkpoints.csv
