clifford_deformation,exp_ler,uncertainty,method_shots,source_file
202332230,0.0965690343096569,0.0006604625377804,200000,results/rs/SC3_MHBD_MWPM_5x/results/sweep_19_exp_0_checkpoints.csv
202332230,0.0965690343096569,0.0006604625377804,400000,results/rs/SC3_MHBD_MWPM_5x/results/sweep_19_exp_0_checkpoints.csv
032202003,0.0942640573594264,0.0006533646374009,600000,results/rs/SC3_MHBD_MWPM_5x/results/sweep_19_exp_0_checkpoints.csv
003032002,0.0901990980090199,0.0006405544118024,800000,results/rs/SC3_MHBD_MWPM_5x/results/sweep_19_exp_0_checkpoints.csv
003300203,0.0859891401085989,0.0006268725264817,1200000,results/rs/SC3_MHBD_MWPM_5x/results/sweep_19_exp_0_checkpoints.csv
030003302,0.0845191548084519,0.0006219907663762,1600000,results/rs/SC3_MHBD_MWPM_5x/results/sweep_19_exp_0_checkpoints.csv
033303002,0.0840591594084059,0.000620451697614,2200000,results/rs/SC3_MHBD_MWPM_5x/results/sweep_19_exp_0_checkpoints.csv
033303002,0.0840591594084059,0.000620451697614,2800000,results/rs/SC3_MHBD_MWPM_5x/results/sweep_19_exp_0_checkpoints.csv
033303002,0.0840591594084059,0.000620451697614,3600000,results/rs/SC3_MHBD_MWPM_5x/results/sweep_19_exp_0_checkpoints.csv
003030003,0.0836341636583634,0.0006190247950144,4600000,results/rs/SC3_MHBD_MWPM_5x/results/sweep_19_exp_0_checkpoints.csv
003030003,0.0836341636583634,0.0006190247950144,5800000,results/rs/SC3_MHBD_MWPM_5x/results/sweep_19_exp_0_checkpoints.csv
003030003,0.0836341636583634,0.0006190247950144,7400000,results/rs/SC3_MHBD_MWPM_5x/results/sweep_19_exp_0_checkpoints.csv
003030003,0.0836341636583634,0.0006190247950144,9400000,results/rs/SC3_MHBD_MWPM_5x/results/sweep_19_exp_0_checkpoints.csv
033030033,0.0797292027079729,0.000605687033385,12000000,results/rs/SC3_MHBD_MWPM_5x/results/sweep_19_exp_0_checkpoints.csv
033300030,0.0791842081579184,0.000603792082984,15200000,results/rs/SC3_MHBD_MWPM_5x/results/sweep_19_exp_0_checkpoints.csv
033300030,0.0791842081579184,0.000603792082984,19200000,results/rs/SC3_MHBD_MWPM_5x/results/sweep_19_exp_0_checkpoints.csv
033300030,0.0791842081579184,0.000603792082984,24200000,results/rs/SC3_MHBD_MWPM_5x/results/sweep_19_exp_0_checkpoints.csv
033300030,0.0791842081579184,0.000603792082984,30600000,results/rs/SC3_MHBD_MWPM_5x/results/sweep_19_exp_0_checkpoints.csv
033300030,0.0791842081579184,0.000603792082984,38600000,results/rs/SC3_MHBD_MWPM_5x/results/sweep_19_exp_0_checkpoints.csv
033300030,0.0791842081579184,0.000603792082984,48600000,results/rs/SC3_MHBD_MWPM_5x/results/sweep_19_exp_0_checkpoints.csv
033300030,0.0791842081579184,0.000603792082984,61200000,results/rs/SC3_MHBD_MWPM_5x/results/sweep_19_exp_0_checkpoints.csv
033300030,0.0791842081579184,0.000603792082984,77200000,results/rs/SC3_MHBD_MWPM_5x/results/sweep_19_exp_0_checkpoints.csv
033300030,0.0791842081579184,0.000603792082984,97200000,results/rs/SC3_MHBD_MWPM_5x/results/sweep_19_exp_0_checkpoints.csv
033300030,0.0791842081579184,0.000603792082984,122400000,results/rs/SC3_MHBD_MWPM_5x/results/sweep_19_exp_0_checkpoints.csv
033300030,0.0791842081579184,0.000603792082984,154200000,results/rs/SC3_MHBD_MWPM_5x/results/sweep_19_exp_0_checkpoints.csv
030300030,0.0791392086079139,0.0006036352133378,194200000,results/rs/SC3_MHBD_MWPM_5x/results/sweep_19_exp_0_checkpoints.csv
030300030,0.0791392086079139,0.0006036352133378,244600000,results/rs/SC3_MHBD_MWPM_5x/results/sweep_19_exp_0_checkpoints.csv
030300030,0.0791392086079139,0.0006036352133378,308000000,results/rs/SC3_MHBD_MWPM_5x/results/sweep_19_exp_0_checkpoints.csv
030300030,0.0791392086079139,0.0006036352133378,387800000,results/rs/SC3_MHBD_MWPM_5x/results/sweep_19_exp_0_checkpoints.csv
030300030,0.0791392086079139,0.0006036352133378,488400000,results/rs/SC3_MHBD_MWPM_5x/results/sweep_19_exp_0_checkpoints.csv
030300030,0.0791392086079139,0.0006036352133378,615000000,results/rs/SC3_MHBD_MWPM_5x/results/sweep_19_exp_0_checkpoints.csv
030300030,0.0791392086079139,0.0006036352133378,774400000,results/rs/SC3_MHBD_MWPM_5x/results/sweep_19_exp_0_checkpoints.csv
030300030,0.0791392086079139,0.0006036352133378,975000000,results/rs/SC3_MHBD_MWPM_5x/results/sweep_19_exp_0_checkpoints.csv
030330000,0.0784442155578444,0.0006012056255713,1227600000,results/rs/SC3_MHBD_MWPM_5x/results/sweep_19_exp_0_checkpoints.csv
033000330,0.0769542304576954,0.0005959497066214,1545600000,results/rs/SC3_MHBD_MWPM_5x/results/sweep_19_exp_0_checkpoints.csv
033000330,0.0769542304576954,0.0005959497066214,1945800000,results/rs/SC3_MHBD_MWPM_5x/results/sweep_19_exp_0_checkpoints.csv
033000330,0.0769542304576954,0.0005959497066214,2449800000,results/rs/SC3_MHBD_MWPM_5x/results/sweep_19_exp_0_checkpoints.csv
033000330,0.0769542304576954,0.0005959497066214,3084200000,results/rs/SC3_MHBD_MWPM_5x/results/sweep_19_exp_0_checkpoints.csv
300323020,0.0900740992590074,0.0006401543505489,200000,results/rs/SC3_MHBD_MWPM_5x/results/sweep_15_exp_0_checkpoints.csv
300302000,0.0877291227087729,0.0006325801368802,400000,results/rs/SC3_MHBD_MWPM_5x/results/sweep_15_exp_0_checkpoints.csv
030302330,0.0854141458585414,0.0006249696016311,600000,results/rs/SC3_MHBD_MWPM_5x/results/sweep_15_exp_0_checkpoints.csv
030302330,0.0854141458585414,0.0006249696016311,800000,results/rs/SC3_MHBD_MWPM_5x/results/sweep_15_exp_0_checkpoints.csv
030302330,0.0854141458585414,0.0006249696016311,1200000,results/rs/SC3_MHBD_MWPM_5x/results/sweep_15_exp_0_checkpoints.csv
030302330,0.0854141458585414,0.0006249696016311,1600000,results/rs/SC3_MHBD_MWPM_5x/results/sweep_15_exp_0_checkpoints.csv
030302330,0.0854141458585414,0.0006249696016311,2200000,results/rs/SC3_MHBD_MWPM_5x/results/sweep_15_exp_0_checkpoints.csv
030302330,0.0854141458585414,0.0006249696016311,2800000,results/rs/SC3_MHBD_MWPM_5x/results/sweep_15_exp_0_checkpoints.csv
033300230,0.0828941710582894,0.0006165289669297,3600000,results/rs/SC3_MHBD_MWPM_5x/results/sweep_15_exp_0_checkpoints.csv
300330030,0.0821691783082169,0.0006140695186331,4600000,results/rs/SC3_MHBD_MWPM_5x/results/sweep_15_exp_0_checkpoints.csv
300330030,0.0821691783082169,0.0006140695186331,5800000,results/rs/SC3_MHBD_MWPM_5x/results/sweep_15_exp_0_checkpoints.csv
300330030,0.0821691783082169,0.0006140695186331,7400000,results/rs/SC3_MHBD_MWPM_5x/results/sweep_15_exp_0_checkpoints.csv
330030300,0.0790892091079089,0.0006034608813934,9400000,results/rs/SC3_MHBD_MWPM_5x/results/sweep_15_exp_0_checkpoints.csv
330030300,0.0790892091079089,0.0006034608813934,12000000,results/rs/SC3_MHBD_MWPM_5x/results/sweep_15_exp_0_checkpoints.csv
330030300,0.0790892091079089,0.0006034608813934,15200000,results/rs/SC3_MHBD_MWPM_5x/results/sweep_15_exp_0_checkpoints.csv
330030300,0.0790892091079089,0.0006034608813934,19200000,results/rs/SC3_MHBD_MWPM_5x/results/sweep_15_exp_0_checkpoints.csv
330030300,0.0790892091079089,0.0006034608813934,24200000,results/rs/SC3_MHBD_MWPM_5x/results/sweep_15_exp_0_checkpoints.csv
330030300,0.0790892091079089,0.0006034608813934,30600000,results/rs/SC3_MHBD_MWPM_5x/results/sweep_15_exp_0_checkpoints.csv
330030300,0.0790892091079089,0.0006034608813934,38600000,results/rs/SC3_MHBD_MWPM_5x/results/sweep_15_exp_0_checkpoints.csv
330030300,0.0790892091079089,0.0006034608813934,48600000,results/rs/SC3_MHBD_MWPM_5x/results/sweep_15_exp_0_checkpoints.csv
330030300,0.0790892091079089,0.0006034608813934,61200000,results/rs/SC3_MHBD_MWPM_5x/results/sweep_15_exp_0_checkpoints.csv
330030300,0.0790892091079089,0.0006034608813934,77200000,results/rs/SC3_MHBD_MWPM_5x/results/sweep_15_exp_0_checkpoints.csv
330030300,0.0790892091079089,0.0006034608813934,97200000,results/rs/SC3_MHBD_MWPM_5x/results/sweep_15_exp_0_checkpoints.csv
330030300,0.0790892091079089,0.0006034608813934,122400000,results/rs/SC3_MHBD_MWPM_5x/results/sweep_15_exp_0_checkpoints.csv
030330030,0.0775642243577564,0.000598109269049,154200000,results/rs/SC3_MHBD_MWPM_5x/results/sweep_15_exp_0_checkpoints.csv
030330030,0.0775642243577564,0.000598109269049,194200000,results/rs/SC3_MHBD_MWPM_5x/results/sweep_15_exp_0_checkpoints.csv
030330030,0.0775642243577564,0.000598109269049,244600000,results/rs/SC3_MHBD_MWPM_5x/results/sweep_15_exp_0_checkpoints.csv
030330030,0.0775642243577564,0.000598109269049,308000000,results/rs/SC3_MHBD_MWPM_5x/results/sweep_15_exp_0_checkpoints.csv
030330030,0.0775642243577564,0.000598109269049,387800000,results/rs/SC3_MHBD_MWPM_5x/results/sweep_15_exp_0_checkpoints.csv
030330030,0.0775642243577564,0.000598109269049,488400000,results/rs/SC3_MHBD_MWPM_5x/results/sweep_15_exp_0_checkpoints.csv
030330030,0.0775642243577564,0.000598109269049,615000000,results/rs/SC3_MHBD_MWPM_5x/results/sweep_15_exp_0_checkpoints.csv
030330030,0.0775642243577564,0.000598109269049,774400000,results/rs/SC3_MHBD_MWPM_5x/results/sweep_15_exp_0_checkpoints.csv
030330030,0.0775642243577564,0.000598109269049,975000000,results/rs/SC3_MHBD_MWPM_5x/results/sweep_15_exp_0_checkpoints.csv
030330030,0.0775642243577564,0.000598109269049,1227600000,results/rs/SC3_MHBD_MWPM_5x/results/sweep_15_exp_0_checkpoints.csv
030330030,0.0775642243577564,0.000598109269049,1545600000,results/rs/SC3_MHBD_MWPM_5x/results/sweep_15_exp_0_checkpoints.csv
030330030,0.0775642243577564,0.000598109269049,1945800000,results/rs/SC3_MHBD_MWPM_5x/results/sweep_15_exp_0_checkpoints.csv
030330030,0.0775642243577564,0.000598109269049,2449800000,results/rs/SC3_MHBD_MWPM_5x/results/sweep_15_exp_0_checkpoints.csv
030330030,0.0775642243577564,0.000598109269049,3084200000,results/rs/SC3_MHBD_MWPM_5x/results/sweep_15_exp_0_checkpoints.csv
322022323,0.1038339616603833,0.0006820962880738,200000,results/rs/SC3_MHBD_MWPM_5x/results/sweep_22_exp_0_checkpoints.csv
303203333,0.0890741092589074,0.0006369407055899,400000,results/rs/SC3_MHBD_MWPM_5x/results/sweep_22_exp_0_checkpoints.csv
203330320,0.0875541244587554,0.0006320094689726,600000,results/rs/SC3_MHBD_MWPM_5x/results/sweep_22_exp_0_checkpoints.csv
203330320,0.0875541244587554,0.0006320094689726,800000,results/rs/SC3_MHBD_MWPM_5x/results/sweep_22_exp_0_checkpoints.csv
203330320,0.0875541244587554,0.0006320094689726,1200000,results/rs/SC3_MHBD_MWPM_5x/results/sweep_22_exp_0_checkpoints.csv
203330320,0.0875541244587554,0.0006320094689726,1600000,results/rs/SC3_MHBD_MWPM_5x/results/sweep_22_exp_0_checkpoints.csv
203330320,0.0875541244587554,0.0006320094689726,2200000,results/rs/SC3_MHBD_MWPM_5x/results/sweep_22_exp_0_checkpoints.csv
203330320,0.0875541244587554,0.0006320094689726,2800000,results/rs/SC3_MHBD_MWPM_5x/results/sweep_22_exp_0_checkpoints.csv
330202033,0.0860441395586044,0.0006270540761761,3600000,results/rs/SC3_MHBD_MWPM_5x/results/sweep_22_exp_0_checkpoints.csv
330202033,0.0860441395586044,0.0006270540761761,4600000,results/rs/SC3_MHBD_MWPM_5x/results/sweep_22_exp_0_checkpoints.csv
330202033,0.0860441395586044,0.0006270540761761,5800000,results/rs/SC3_MHBD_MWPM_5x/results/sweep_22_exp_0_checkpoints.csv
330202033,0.0860441395586044,0.0006270540761761,7400000,results/rs/SC3_MHBD_MWPM_5x/results/sweep_22_exp_0_checkpoints.csv
030003333,0.0844241557584424,0.0006216733600012,9400000,results/rs/SC3_MHBD_MWPM_5x/results/sweep_22_exp_0_checkpoints.csv
030003333,0.0844241557584424,0.0006216733600012,12000000,results/rs/SC3_MHBD_MWPM_5x/results/sweep_22_exp_0_checkpoints.csv
030003333,0.0844241557584424,0.0006216733600012,15200000,results/rs/SC3_MHBD_MWPM_5x/results/sweep_22_exp_0_checkpoints.csv
030003333,0.0844241557584424,0.0006216733600012,19200000,results/rs/SC3_MHBD_MWPM_5x/results/sweep_22_exp_0_checkpoints.csv
033033033,0.0822441775582244,0.0006143245846033,24200000,results/rs/SC3_MHBD_MWPM_5x/results/sweep_22_exp_0_checkpoints.csv
033033033,0.0822441775582244,0.0006143245846033,30600000,results/rs/SC3_MHBD_MWPM_5x/results/sweep_22_exp_0_checkpoints.csv
033033033,0.0822441775582244,0.0006143245846033,38600000,results/rs/SC3_MHBD_MWPM_5x/results/sweep_22_exp_0_checkpoints.csv
033033033,0.0822441775582244,0.0006143245846033,48600000,results/rs/SC3_MHBD_MWPM_5x/results/sweep_22_exp_0_checkpoints.csv
033030000,0.0814441855581444,0.0006115958676673,61200000,results/rs/SC3_MHBD_MWPM_5x/results/sweep_22_exp_0_checkpoints.csv
033030000,0.0814441855581444,0.0006115958676673,77200000,results/rs/SC3_MHBD_MWPM_5x/results/sweep_22_exp_0_checkpoints.csv
033030000,0.0814441855581444,0.0006115958676673,97200000,results/rs/SC3_MHBD_MWPM_5x/results/sweep_22_exp_0_checkpoints.csv
030330330,0.0788392116078839,0.0006025881739333,122400000,results/rs/SC3_MHBD_MWPM_5x/results/sweep_22_exp_0_checkpoints.csv
030330330,0.0788392116078839,0.0006025881739333,154200000,results/rs/SC3_MHBD_MWPM_5x/results/sweep_22_exp_0_checkpoints.csv
030330330,0.0788392116078839,0.0006025881739333,194200000,results/rs/SC3_MHBD_MWPM_5x/results/sweep_22_exp_0_checkpoints.csv
030330330,0.0788392116078839,0.0006025881739333,244600000,results/rs/SC3_MHBD_MWPM_5x/results/sweep_22_exp_0_checkpoints.csv
030330330,0.0788392116078839,0.0006025881739333,308000000,results/rs/SC3_MHBD_MWPM_5x/results/sweep_22_exp_0_checkpoints.csv
030330330,0.0788392116078839,0.0006025881739333,387800000,results/rs/SC3_MHBD_MWPM_5x/results/sweep_22_exp_0_checkpoints.csv
030330330,0.0788392116078839,0.0006025881739333,488400000,results/rs/SC3_MHBD_MWPM_5x/results/sweep_22_exp_0_checkpoints.csv
030330330,0.0788392116078839,0.0006025881739333,615000000,results/rs/SC3_MHBD_MWPM_5x/results/sweep_22_exp_0_checkpoints.csv
030330330,0.0788392116078839,0.0006025881739333,774400000,results/rs/SC3_MHBD_MWPM_5x/results/sweep_22_exp_0_checkpoints.csv
033030330,0.0787942120578794,0.0006024308968335,975000000,results/rs/SC3_MHBD_MWPM_5x/results/sweep_22_exp_0_checkpoints.csv
033030330,0.0787942120578794,0.0006024308968335,1227600000,results/rs/SC3_MHBD_MWPM_5x/results/sweep_22_exp_0_checkpoints.csv
033030330,0.0787942120578794,0.0006024308968335,1545600000,results/rs/SC3_MHBD_MWPM_5x/results/sweep_22_exp_0_checkpoints.csv
033030330,0.0787942120578794,0.0006024308968335,1945800000,results/rs/SC3_MHBD_MWPM_5x/results/sweep_22_exp_0_checkpoints.csv
030330033,0.0784992150078499,0.0006013983511365,2449800000,results/rs/SC3_MHBD_MWPM_5x/results/sweep_22_exp_0_checkpoints.csv
030330030,0.0775442245577544,0.0005980386631563,3084200000,results/rs/SC3_MHBD_MWPM_5x/results/sweep_22_exp_0_checkpoints.csv
033320033,0.0849591504084959,0.0006234578322619,200000,results/rs/SC3_MHBD_MWPM_5x/results/sweep_1_exp_0_checkpoints.csv
033320033,0.0849591504084959,0.0006234578322619,400000,results/rs/SC3_MHBD_MWPM_5x/results/sweep_1_exp_0_checkpoints.csv
033320033,0.0849591504084959,0.0006234578322619,600000,results/rs/SC3_MHBD_MWPM_5x/results/sweep_1_exp_0_checkpoints.csv
033320033,0.0849591504084959,0.0006234578322619,800000,results/rs/SC3_MHBD_MWPM_5x/results/sweep_1_exp_0_checkpoints.csv
033320033,0.0849591504084959,0.0006234578322619,1200000,results/rs/SC3_MHBD_MWPM_5x/results/sweep_1_exp_0_checkpoints.csv
033320033,0.0849591504084959,0.0006234578322619,1600000,results/rs/SC3_MHBD_MWPM_5x/results/sweep_1_exp_0_checkpoints.csv
033320033,0.0849591504084959,0.0006234578322619,2200000,results/rs/SC3_MHBD_MWPM_5x/results/sweep_1_exp_0_checkpoints.csv
033320033,0.0849591504084959,0.0006234578322619,2800000,results/rs/SC3_MHBD_MWPM_5x/results/sweep_1_exp_0_checkpoints.csv
033320033,0.0849591504084959,0.0006234578322619,3600000,results/rs/SC3_MHBD_MWPM_5x/results/sweep_1_exp_0_checkpoints.csv
030033020,0.0823991760082399,0.0006148513057269,4600000,results/rs/SC3_MHBD_MWPM_5x/results/sweep_1_exp_0_checkpoints.csv
030033020,0.0823991760082399,0.0006148513057269,5800000,results/rs/SC3_MHBD_MWPM_5x/results/sweep_1_exp_0_checkpoints.csv
030033020,0.0823991760082399,0.0006148513057269,7400000,results/rs/SC3_MHBD_MWPM_5x/results/sweep_1_exp_0_checkpoints.csv
000330033,0.0820841791582084,0.0006137802265584,9400000,results/rs/SC3_MHBD_MWPM_5x/results/sweep_1_exp_0_checkpoints.csv
000330033,0.0820841791582084,0.0006137802265584,12000000,results/rs/SC3_MHBD_MWPM_5x/results/sweep_1_exp_0_checkpoints.csv
030033030,0.0798892011079889,0.0006062417523935,15200000,results/rs/SC3_MHBD_MWPM_5x/results/sweep_1_exp_0_checkpoints.csv
030033030,0.0798892011079889,0.0006062417523935,19200000,results/rs/SC3_MHBD_MWPM_5x/results/sweep_1_exp_0_checkpoints.csv
030033030,0.0798892011079889,0.0006062417523935,24200000,results/rs/SC3_MHBD_MWPM_5x/results/sweep_1_exp_0_checkpoints.csv
030033030,0.0798892011079889,0.0006062417523935,30600000,results/rs/SC3_MHBD_MWPM_5x/results/sweep_1_exp_0_checkpoints.csv
030303030,0.0797642023579764,0.0006058084545657,38600000,results/rs/SC3_MHBD_MWPM_5x/results/sweep_1_exp_0_checkpoints.csv
030303030,0.0797642023579764,0.0006058084545657,48600000,results/rs/SC3_MHBD_MWPM_5x/results/sweep_1_exp_0_checkpoints.csv
030303030,0.0797642023579764,0.0006058084545657,61200000,results/rs/SC3_MHBD_MWPM_5x/results/sweep_1_exp_0_checkpoints.csv
030303030,0.0797642023579764,0.0006058084545657,77200000,results/rs/SC3_MHBD_MWPM_5x/results/sweep_1_exp_0_checkpoints.csv
030303030,0.0797642023579764,0.0006058084545657,97200000,results/rs/SC3_MHBD_MWPM_5x/results/sweep_1_exp_0_checkpoints.csv
030303030,0.0797642023579764,0.0006058084545657,122400000,results/rs/SC3_MHBD_MWPM_5x/results/sweep_1_exp_0_checkpoints.csv
030303030,0.0797642023579764,0.0006058084545657,154200000,results/rs/SC3_MHBD_MWPM_5x/results/sweep_1_exp_0_checkpoints.csv
030303030,0.0797642023579764,0.0006058084545657,194200000,results/rs/SC3_MHBD_MWPM_5x/results/sweep_1_exp_0_checkpoints.csv
030303030,0.0797642023579764,0.0006058084545657,244600000,results/rs/SC3_MHBD_MWPM_5x/results/sweep_1_exp_0_checkpoints.csv
030303030,0.0797642023579764,0.0006058084545657,308000000,results/rs/SC3_MHBD_MWPM_5x/results/sweep_1_exp_0_checkpoints.csv
030333000,0.0791042089579104,0.0006035132100805,387800000,results/rs/SC3_MHBD_MWPM_5x/results/sweep_1_exp_0_checkpoints.csv
030333000,0.0791042089579104,0.0006035132100805,488400000,results/rs/SC3_MHBD_MWPM_5x/results/sweep_1_exp_0_checkpoints.csv
030330030,0.0786092139078609,0.0006017836858518,615000000,results/rs/SC3_MHBD_MWPM_5x/results/sweep_1_exp_0_checkpoints.csv
030330030,0.0786092139078609,0.0006017836858518,774400000,results/rs/SC3_MHBD_MWPM_5x/results/sweep_1_exp_0_checkpoints.csv
030330030,0.0786092139078609,0.0006017836858518,975000000,results/rs/SC3_MHBD_MWPM_5x/results/sweep_1_exp_0_checkpoints.csv
030330030,0.0786092139078609,0.0006017836858518,1227600000,results/rs/SC3_MHBD_MWPM_5x/results/sweep_1_exp_0_checkpoints.csv
030330330,0.0780842191578084,0.0005999416462145,1545600000,results/rs/SC3_MHBD_MWPM_5x/results/sweep_1_exp_0_checkpoints.csv
030330330,0.0780842191578084,0.0005999416462145,1945800000,results/rs/SC3_MHBD_MWPM_5x/results/sweep_1_exp_0_checkpoints.csv
030330330,0.0780842191578084,0.0005999416462145,2449800000,results/rs/SC3_MHBD_MWPM_5x/results/sweep_1_exp_0_checkpoints.csv
030330330,0.0780842191578084,0.0005999416462145,3084200000,results/rs/SC3_MHBD_MWPM_5x/results/sweep_1_exp_0_checkpoints.csv
023320223,0.0989440105598944,0.0006676554330624,200000,results/rs/SC3_MHBD_MWPM_5x/results/sweep_7_exp_0_checkpoints.csv
002232330,0.0931140688593114,0.0006497791036963,400000,results/rs/SC3_MHBD_MWPM_5x/results/sweep_7_exp_0_checkpoints.csv
020000302,0.0909440905590944,0.0006429308559745,600000,results/rs/SC3_MHBD_MWPM_5x/results/sweep_7_exp_0_checkpoints.csv
020000302,0.0909440905590944,0.0006429308559745,800000,results/rs/SC3_MHBD_MWPM_5x/results/sweep_7_exp_0_checkpoints.csv
033023023,0.0883791162088379,0.0006346929585561,1200000,results/rs/SC3_MHBD_MWPM_5x/results/sweep_7_exp_0_checkpoints.csv
033030033,0.0804391956080439,0.0006081431638449,1600000,results/rs/SC3_MHBD_MWPM_5x/results/sweep_7_exp_0_checkpoints.csv
033030033,0.0804391956080439,0.0006081431638449,2200000,results/rs/SC3_MHBD_MWPM_5x/results/sweep_7_exp_0_checkpoints.csv
033030033,0.0804391956080439,0.0006081431638449,2800000,results/rs/SC3_MHBD_MWPM_5x/results/sweep_7_exp_0_checkpoints.csv
033030033,0.0804391956080439,0.0006081431638449,3600000,results/rs/SC3_MHBD_MWPM_5x/results/sweep_7_exp_0_checkpoints.csv
033030033,0.0804391956080439,0.0006081431638449,4600000,results/rs/SC3_MHBD_MWPM_5x/results/sweep_7_exp_0_checkpoints.csv
033030033,0.0804391956080439,0.0006081431638449,5800000,results/rs/SC3_MHBD_MWPM_5x/results/sweep_7_exp_0_checkpoints.csv
033030033,0.0804391956080439,0.0006081431638449,7400000,results/rs/SC3_MHBD_MWPM_5x/results/sweep_7_exp_0_checkpoints.csv
033030033,0.0804391956080439,0.0006081431638449,9400000,results/rs/SC3_MHBD_MWPM_5x/results/sweep_7_exp_0_checkpoints.csv
033030033,0.0804391956080439,0.0006081431638449,12000000,results/rs/SC3_MHBD_MWPM_5x/results/sweep_7_exp_0_checkpoints.csv
033030033,0.0804391956080439,0.0006081431638449,15200000,results/rs/SC3_MHBD_MWPM_5x/results/sweep_7_exp_0_checkpoints.csv
033030033,0.0804391956080439,0.0006081431638449,19200000,results/rs/SC3_MHBD_MWPM_5x/results/sweep_7_exp_0_checkpoints.csv
033030033,0.0804391956080439,0.0006081431638449,24200000,results/rs/SC3_MHBD_MWPM_5x/results/sweep_7_exp_0_checkpoints.csv
033030033,0.0804391956080439,0.0006081431638449,30600000,results/rs/SC3_MHBD_MWPM_5x/results/sweep_7_exp_0_checkpoints.csv
033030033,0.0804391956080439,0.0006081431638449,38600000,results/rs/SC3_MHBD_MWPM_5x/results/sweep_7_exp_0_checkpoints.csv
033030033,0.0804391956080439,0.0006081431638449,48600000,results/rs/SC3_MHBD_MWPM_5x/results/sweep_7_exp_0_checkpoints.csv
033030033,0.0804391956080439,0.0006081431638449,61200000,results/rs/SC3_MHBD_MWPM_5x/results/sweep_7_exp_0_checkpoints.csv
033030033,0.0804391956080439,0.0006081431638449,77200000,results/rs/SC3_MHBD_MWPM_5x/results/sweep_7_exp_0_checkpoints.csv
030333033,0.0801491985080149,0.0006071416428312,97200000,results/rs/SC3_MHBD_MWPM_5x/results/sweep_7_exp_0_checkpoints.csv
030333033,0.0801491985080149,0.0006071416428312,122400000,results/rs/SC3_MHBD_MWPM_5x/results/sweep_7_exp_0_checkpoints.csv
030333033,0.0801491985080149,0.0006071416428312,154200000,results/rs/SC3_MHBD_MWPM_5x/results/sweep_7_exp_0_checkpoints.csv
030333033,0.0801491985080149,0.0006071416428312,194200000,results/rs/SC3_MHBD_MWPM_5x/results/sweep_7_exp_0_checkpoints.csv
030300330,0.0795042049579504,0.0006049057119525,244600000,results/rs/SC3_MHBD_MWPM_5x/results/sweep_7_exp_0_checkpoints.csv
030300330,0.0795042049579504,0.0006049057119525,308000000,results/rs/SC3_MHBD_MWPM_5x/results/sweep_7_exp_0_checkpoints.csv
033330030,0.0794842051579484,0.0006048362120054,387800000,results/rs/SC3_MHBD_MWPM_5x/results/sweep_7_exp_0_checkpoints.csv
030033030,0.0793092069079309,0.0006042274762876,488400000,results/rs/SC3_MHBD_MWPM_5x/results/sweep_7_exp_0_checkpoints.csv
030033030,0.0793092069079309,0.0006042274762876,615000000,results/rs/SC3_MHBD_MWPM_5x/results/sweep_7_exp_0_checkpoints.csv
033000330,0.0783492165078349,0.0006008723867125,774400000,results/rs/SC3_MHBD_MWPM_5x/results/sweep_7_exp_0_checkpoints.csv
033000330,0.0783492165078349,0.0006008723867125,975000000,results/rs/SC3_MHBD_MWPM_5x/results/sweep_7_exp_0_checkpoints.csv
033000330,0.0783492165078349,0.0006008723867125,1227600000,results/rs/SC3_MHBD_MWPM_5x/results/sweep_7_exp_0_checkpoints.csv
033000330,0.0783492165078349,0.0006008723867125,1545600000,results/rs/SC3_MHBD_MWPM_5x/results/sweep_7_exp_0_checkpoints.csv
033000330,0.0783492165078349,0.0006008723867125,1945800000,results/rs/SC3_MHBD_MWPM_5x/results/sweep_7_exp_0_checkpoints.csv
030330030,0.0775142248577514,0.0005979326670058,2449800000,results/rs/SC3_MHBD_MWPM_5x/results/sweep_7_exp_0_checkpoints.csv
030330030,0.0775142248577514,0.0005979326670058,3084200000,results/rs/SC3_MHBD_MWPM_5x/results/sweep_7_exp_0_checkpoints.csv
002020200,0.0949440505594944,0.0006554707651957,200000,results/rs/SC3_MHBD_MWPM_5x/results/sweep_24_exp_0_checkpoints.csv
320003300,0.0839491605083949,0.0006200828356668,400000,results/rs/SC3_MHBD_MWPM_5x/results/sweep_24_exp_0_checkpoints.csv
320003300,0.0839491605083949,0.0006200828356668,600000,results/rs/SC3_MHBD_MWPM_5x/results/sweep_24_exp_0_checkpoints.csv
320003300,0.0839491605083949,0.0006200828356668,800000,results/rs/SC3_MHBD_MWPM_5x/results/sweep_24_exp_0_checkpoints.csv
320003300,0.0839491605083949,0.0006200828356668,1200000,results/rs/SC3_MHBD_MWPM_5x/results/sweep_24_exp_0_checkpoints.csv
320003300,0.0839491605083949,0.0006200828356668,1600000,results/rs/SC3_MHBD_MWPM_5x/results/sweep_24_exp_0_checkpoints.csv
320003300,0.0839491605083949,0.0006200828356668,2200000,results/rs/SC3_MHBD_MWPM_5x/results/sweep_24_exp_0_checkpoints.csv
203333000,0.0837741622583774,0.0006194953457452,2800000,results/rs/SC3_MHBD_MWPM_5x/results/sweep_24_exp_0_checkpoints.csv
203333000,0.0837741622583774,0.0006194953457452,3600000,results/rs/SC3_MHBD_MWPM_5x/results/sweep_24_exp_0_checkpoints.csv
030330230,0.0813591864081359,0.0006113049457781,4600000,results/rs/SC3_MHBD_MWPM_5x/results/sweep_24_exp_0_checkpoints.csv
030330230,0.0813591864081359,0.0006113049457781,5800000,results/rs/SC3_MHBD_MWPM_5x/results/sweep_24_exp_0_checkpoints.csv
030330230,0.0813591864081359,0.0006113049457781,7400000,results/rs/SC3_MHBD_MWPM_5x/results/sweep_24_exp_0_checkpoints.csv
030330230,0.0813591864081359,0.0006113049457781,9400000,results/rs/SC3_MHBD_MWPM_5x/results/sweep_24_exp_0_checkpoints.csv
030330230,0.0813591864081359,0.0006113049457781,12000000,results/rs/SC3_MHBD_MWPM_5x/results/sweep_24_exp_0_checkpoints.csv
030330230,0.0813591864081359,0.0006113049457781,15200000,results/rs/SC3_MHBD_MWPM_5x/results/sweep_24_exp_0_checkpoints.csv
033300300,0.0804541954580454,0.0006081949104554,19200000,results/rs/SC3_MHBD_MWPM_5x/results/sweep_24_exp_0_checkpoints.csv
033300300,0.0804541954580454,0.0006081949104554,24200000,results/rs/SC3_MHBD_MWPM_5x/results/sweep_24_exp_0_checkpoints.csv
033300300,0.0804541954580454,0.0006081949104554,30600000,results/rs/SC3_MHBD_MWPM_5x/results/sweep_24_exp_0_checkpoints.csv
033300300,0.0804541954580454,0.0006081949104554,38600000,results/rs/SC3_MHBD_MWPM_5x/results/sweep_24_exp_0_checkpoints.csv
033300300,0.0804541954580454,0.0006081949104554,48600000,results/rs/SC3_MHBD_MWPM_5x/results/sweep_24_exp_0_checkpoints.csv
033300033,0.0797842021579784,0.0006058778380975,61200000,results/rs/SC3_MHBD_MWPM_5x/results/sweep_24_exp_0_checkpoints.csv
033300033,0.0797842021579784,0.0006058778380975,77200000,results/rs/SC3_MHBD_MWPM_5x/results/sweep_24_exp_0_checkpoints.csv
033300033,0.0797842021579784,0.0006058778380975,97200000,results/rs/SC3_MHBD_MWPM_5x/results/sweep_24_exp_0_checkpoints.csv
030333000,0.0784942150578494,0.0006013808888383,122400000,results/rs/SC3_MHBD_MWPM_5x/results/sweep_24_exp_0_checkpoints.csv
030333000,0.0784942150578494,0.0006013808888383,154200000,results/rs/SC3_MHBD_MWPM_5x/results/sweep_24_exp_0_checkpoints.csv
030333000,0.0784942150578494,0.0006013808888383,194200000,results/rs/SC3_MHBD_MWPM_5x/results/sweep_24_exp_0_checkpoints.csv
030333000,0.0784942150578494,0.0006013808888383,244600000,results/rs/SC3_MHBD_MWPM_5x/results/sweep_24_exp_0_checkpoints.csv
030333000,0.0784942150578494,0.0006013808888383,308000000,results/rs/SC3_MHBD_MWPM_5x/results/sweep_24_exp_0_checkpoints.csv
030333000,0.0784942150578494,0.0006013808888383,387800000,results/rs/SC3_MHBD_MWPM_5x/results/sweep_24_exp_0_checkpoints.csv
030333000,0.0784942150578494,0.0006013808888383,488400000,results/rs/SC3_MHBD_MWPM_5x/results/sweep_24_exp_0_checkpoints.csv
030333000,0.0784942150578494,0.0006013808888383,615000000,results/rs/SC3_MHBD_MWPM_5x/results/sweep_24_exp_0_checkpoints.csv
333000330,0.0783392166078339,0.0006008373457007,774400000,results/rs/SC3_MHBD_MWPM_5x/results/sweep_24_exp_0_checkpoints.csv
333000330,0.0783392166078339,0.0006008373457007,975000000,results/rs/SC3_MHBD_MWPM_5x/results/sweep_24_exp_0_checkpoints.csv
333000330,0.0783392166078339,0.0006008373457007,1227600000,results/rs/SC3_MHBD_MWPM_5x/results/sweep_24_exp_0_checkpoints.csv
033000330,0.0779442205577944,0.0005994490929879,1545600000,results/rs/SC3_MHBD_MWPM_5x/results/sweep_24_exp_0_checkpoints.csv
033000330,0.0779442205577944,0.0005994490929879,1945800000,results/rs/SC3_MHBD_MWPM_5x/results/sweep_24_exp_0_checkpoints.csv
030330030,0.0779092209077909,0.0005993258673697,2449800000,results/rs/SC3_MHBD_MWPM_5x/results/sweep_24_exp_0_checkpoints.csv
030330030,0.0779092209077909,0.0005993258673697,3084200000,results/rs/SC3_MHBD_MWPM_5x/results/sweep_24_exp_0_checkpoints.csv
300000000,0.0870791292087079,0.0006304568378254,200000,results/rs/SC3_MHBD_MWPM_5x/results/sweep_13_exp_0_checkpoints.csv
000332003,0.0865741342586574,0.0006287999567575,400000,results/rs/SC3_MHBD_MWPM_5x/results/sweep_13_exp_0_checkpoints.csv
000332003,0.0865741342586574,0.0006287999567575,600000,results/rs/SC3_MHBD_MWPM_5x/results/sweep_13_exp_0_checkpoints.csv
000332003,0.0865741342586574,0.0006287999567575,800000,results/rs/SC3_MHBD_MWPM_5x/results/sweep_13_exp_0_checkpoints.csv
000332003,0.0865741342586574,0.0006287999567575,1200000,results/rs/SC3_MHBD_MWPM_5x/results/sweep_13_exp_0_checkpoints.csv
000332003,0.0865741342586574,0.0006287999567575,1600000,results/rs/SC3_MHBD_MWPM_5x/results/sweep_13_exp_0_checkpoints.csv
000332003,0.0865741342586574,0.0006287999567575,2200000,results/rs/SC3_MHBD_MWPM_5x/results/sweep_13_exp_0_checkpoints.csv
000332003,0.0865741342586574,0.0006287999567575,2800000,results/rs/SC3_MHBD_MWPM_5x/results/sweep_13_exp_0_checkpoints.csv
000332003,0.0865741342586574,0.0006287999567575,3600000,results/rs/SC3_MHBD_MWPM_5x/results/sweep_13_exp_0_checkpoints.csv
000332003,0.0865741342586574,0.0006287999567575,4600000,results/rs/SC3_MHBD_MWPM_5x/results/sweep_13_exp_0_checkpoints.csv
000332003,0.0865741342586574,0.0006287999567575,5800000,results/rs/SC3_MHBD_MWPM_5x/results/sweep_13_exp_0_checkpoints.csv
000332003,0.0865741342586574,0.0006287999567575,7400000,results/rs/SC3_MHBD_MWPM_5x/results/sweep_13_exp_0_checkpoints.csv
000332003,0.0865741342586574,0.0006287999567575,9400000,results/rs/SC3_MHBD_MWPM_5x/results/sweep_13_exp_0_checkpoints.csv
023000300,0.0861491385086149,0.0006274005281738,12000000,results/rs/SC3_MHBD_MWPM_5x/results/sweep_13_exp_0_checkpoints.csv
023000300,0.0861491385086149,0.0006274005281738,15200000,results/rs/SC3_MHBD_MWPM_5x/results/sweep_13_exp_0_checkpoints.csv
030330330,0.0790692093079069,0.0006033911486156,19200000,results/rs/SC3_MHBD_MWPM_5x/results/sweep_13_exp_0_checkpoints.csv
030330330,0.0790692093079069,0.0006033911486156,24200000,results/rs/SC3_MHBD_MWPM_5x/results/sweep_13_exp_0_checkpoints.csv
030330330,0.0790692093079069,0.0006033911486156,30600000,results/rs/SC3_MHBD_MWPM_5x/results/sweep_13_exp_0_checkpoints.csv
030330330,0.0790692093079069,0.0006033911486156,38600000,results/rs/SC3_MHBD_MWPM_5x/results/sweep_13_exp_0_checkpoints.csv
030330330,0.0790692093079069,0.0006033911486156,48600000,results/rs/SC3_MHBD_MWPM_5x/results/sweep_13_exp_0_checkpoints.csv
030330330,0.0790692093079069,0.0006033911486156,61200000,results/rs/SC3_MHBD_MWPM_5x/results/sweep_13_exp_0_checkpoints.csv
030330330,0.0790692093079069,0.0006033911486156,77200000,results/rs/SC3_MHBD_MWPM_5x/results/sweep_13_exp_0_checkpoints.csv
030330330,0.0790692093079069,0.0006033911486156,97200000,results/rs/SC3_MHBD_MWPM_5x/results/sweep_13_exp_0_checkpoints.csv
030330330,0.0790692093079069,0.0006033911486156,122400000,results/rs/SC3_MHBD_MWPM_5x/results/sweep_13_exp_0_checkpoints.csv
030330330,0.0790692093079069,0.0006033911486156,154200000,results/rs/SC3_MHBD_MWPM_5x/results/sweep_13_exp_0_checkpoints.csv
030330330,0.0790692093079069,0.0006033911486156,194200000,results/rs/SC3_MHBD_MWPM_5x/results/sweep_13_exp_0_checkpoints.csv
030330330,0.0790692093079069,0.0006033911486156,244600000,results/rs/SC3_MHBD_MWPM_5x/results/sweep_13_exp_0_checkpoints.csv
030330330,0.0790692093079069,0.0006033911486156,308000000,results/rs/SC3_MHBD_MWPM_5x/results/sweep_13_exp_0_checkpoints.csv
030330330,0.0790692093079069,0.0006033911486156,387800000,results/rs/SC3_MHBD_MWPM_5x/results/sweep_13_exp_0_checkpoints.csv
030330330,0.0790692093079069,0.0006033911486156,488400000,results/rs/SC3_MHBD_MWPM_5x/results/sweep_13_exp_0_checkpoints.csv
030330330,0.0790692093079069,0.0006033911486156,615000000,results/rs/SC3_MHBD_MWPM_5x/results/sweep_13_exp_0_checkpoints.csv
033030030,0.0786392136078639,0.0006018886924721,774400000,results/rs/SC3_MHBD_MWPM_5x/results/sweep_13_exp_0_checkpoints.csv
033030030,0.0786392136078639,0.0006018886924721,975000000,results/rs/SC3_MHBD_MWPM_5x/results/sweep_13_exp_0_checkpoints.csv
033030030,0.0786392136078639,0.0006018886924721,1227600000,results/rs/SC3_MHBD_MWPM_5x/results/sweep_13_exp_0_checkpoints.csv
033300330,0.0772042279577204,0.0005968360928818,1545600000,results/rs/SC3_MHBD_MWPM_5x/results/sweep_13_exp_0_checkpoints.csv
033300330,0.0772042279577204,0.0005968360928818,1945800000,results/rs/SC3_MHBD_MWPM_5x/results/sweep_13_exp_0_checkpoints.csv
033300330,0.0772042279577204,0.0005968360928818,2449800000,results/rs/SC3_MHBD_MWPM_5x/results/sweep_13_exp_0_checkpoints.csv
033300330,0.0772042279577204,0.0005968360928818,3084200000,results/rs/SC3_MHBD_MWPM_5x/results/sweep_13_exp_0_checkpoints.csv
300220030,0.0913940860591394,0.0006443600286729,200000,results/rs/SC3_MHBD_MWPM_5x/results/sweep_18_exp_0_checkpoints.csv
303002020,0.0882991170088299,0.0006344335270114,400000,results/rs/SC3_MHBD_MWPM_5x/results/sweep_18_exp_0_checkpoints.csv
303002020,0.0882991170088299,0.0006344335270114,600000,results/rs/SC3_MHBD_MWPM_5x/results/sweep_18_exp_0_checkpoints.csv
303002020,0.0882991170088299,0.0006344335270114,800000,results/rs/SC3_MHBD_MWPM_5x/results/sweep_18_exp_0_checkpoints.csv
303002020,0.0882991170088299,0.0006344335270114,1200000,results/rs/SC3_MHBD_MWPM_5x/results/sweep_18_exp_0_checkpoints.csv
303002020,0.0882991170088299,0.0006344335270114,1600000,results/rs/SC3_MHBD_MWPM_5x/results/sweep_18_exp_0_checkpoints.csv
303002020,0.0882991170088299,0.0006344335270114,2200000,results/rs/SC3_MHBD_MWPM_5x/results/sweep_18_exp_0_checkpoints.csv
303002020,0.0882991170088299,0.0006344335270114,2800000,results/rs/SC3_MHBD_MWPM_5x/results/sweep_18_exp_0_checkpoints.csv
230300002,0.0880641193588064,0.0006336703663691,3600000,results/rs/SC3_MHBD_MWPM_5x/results/sweep_18_exp_0_checkpoints.csv
003033002,0.0856941430585694,0.0006258973153308,4600000,results/rs/SC3_MHBD_MWPM_5x/results/sweep_18_exp_0_checkpoints.csv
030330303,0.0795192048079519,0.0006049578660167,5800000,results/rs/SC3_MHBD_MWPM_5x/results/sweep_18_exp_0_checkpoints.csv
030330303,0.0795192048079519,0.0006049578660167,7400000,results/rs/SC3_MHBD_MWPM_5x/results/sweep_18_exp_0_checkpoints.csv
030330303,0.0795192048079519,0.0006049578660167,9400000,results/rs/SC3_MHBD_MWPM_5x/results/sweep_18_exp_0_checkpoints.csv
030330303,0.0795192048079519,0.0006049578660167,12000000,results/rs/SC3_MHBD_MWPM_5x/results/sweep_18_exp_0_checkpoints.csv
030330303,0.0795192048079519,0.0006049578660167,15200000,results/rs/SC3_MHBD_MWPM_5x/results/sweep_18_exp_0_checkpoints.csv
030330303,0.0795192048079519,0.0006049578660167,19200000,results/rs/SC3_MHBD_MWPM_5x/results/sweep_18_exp_0_checkpoints.csv
030330303,0.0795192048079519,0.0006049578660167,24200000,results/rs/SC3_MHBD_MWPM_5x/results/sweep_18_exp_0_checkpoints.csv
003330030,0.0792792072079279,0.0006041229935362,30600000,results/rs/SC3_MHBD_MWPM_5x/results/sweep_18_exp_0_checkpoints.csv
003330030,0.0792792072079279,0.0006041229935362,38600000,results/rs/SC3_MHBD_MWPM_5x/results/sweep_18_exp_0_checkpoints.csv
003330030,0.0792792072079279,0.0006041229935362,48600000,results/rs/SC3_MHBD_MWPM_5x/results/sweep_18_exp_0_checkpoints.csv
003330030,0.0792792072079279,0.0006041229935362,61200000,results/rs/SC3_MHBD_MWPM_5x/results/sweep_18_exp_0_checkpoints.csv
003330030,0.0792792072079279,0.0006041229935362,77200000,results/rs/SC3_MHBD_MWPM_5x/results/sweep_18_exp_0_checkpoints.csv
003330030,0.0792792072079279,0.0006041229935362,97200000,results/rs/SC3_MHBD_MWPM_5x/results/sweep_18_exp_0_checkpoints.csv
030330033,0.0788442115578844,0.0006026056362316,122400000,results/rs/SC3_MHBD_MWPM_5x/results/sweep_18_exp_0_checkpoints.csv
030330033,0.0788442115578844,0.0006026056362316,154200000,results/rs/SC3_MHBD_MWPM_5x/results/sweep_18_exp_0_checkpoints.csv
030330033,0.0788442115578844,0.0006026056362316,194200000,results/rs/SC3_MHBD_MWPM_5x/results/sweep_18_exp_0_checkpoints.csv
030330033,0.0788442115578844,0.0006026056362316,244600000,results/rs/SC3_MHBD_MWPM_5x/results/sweep_18_exp_0_checkpoints.csv
030333000,0.0777692223077769,0.0005988325574435,308000000,results/rs/SC3_MHBD_MWPM_5x/results/sweep_18_exp_0_checkpoints.csv
030333000,0.0777692223077769,0.0005988325574435,387800000,results/rs/SC3_MHBD_MWPM_5x/results/sweep_18_exp_0_checkpoints.csv
030333000,0.0777692223077769,0.0005988325574435,488400000,results/rs/SC3_MHBD_MWPM_5x/results/sweep_18_exp_0_checkpoints.csv
030333000,0.0777692223077769,0.0005988325574435,615000000,results/rs/SC3_MHBD_MWPM_5x/results/sweep_18_exp_0_checkpoints.csv
030333000,0.0777692223077769,0.0005988325574435,774400000,results/rs/SC3_MHBD_MWPM_5x/results/sweep_18_exp_0_checkpoints.csv
033300330,0.0776642233577664,0.0005984622403047,975000000,results/rs/SC3_MHBD_MWPM_5x/results/sweep_18_exp_0_checkpoints.csv
033300330,0.0776642233577664,0.0005984622403047,1227600000,results/rs/SC3_MHBD_MWPM_5x/results/sweep_18_exp_0_checkpoints.csv
033300330,0.0776642233577664,0.0005984622403047,1545600000,results/rs/SC3_MHBD_MWPM_5x/results/sweep_18_exp_0_checkpoints.csv
033300330,0.0776642233577664,0.0005984622403047,1945800000,results/rs/SC3_MHBD_MWPM_5x/results/sweep_18_exp_0_checkpoints.csv
033300330,0.0776642233577664,0.0005984622403047,2449800000,results/rs/SC3_MHBD_MWPM_5x/results/sweep_18_exp_0_checkpoints.csv
033300330,0.0776642233577664,0.0005984622403047,3084200000,results/rs/SC3_MHBD_MWPM_5x/results/sweep_18_exp_0_checkpoints.csv
230022000,0.0923140768592314,0.0006472670938819,200000,results/rs/SC3_MHBD_MWPM_5x/results/sweep_23_exp_0_checkpoints.csv
303230000,0.0850141498585014,0.0006236408371478,400000,results/rs/SC3_MHBD_MWPM_5x/results/sweep_23_exp_0_checkpoints.csv
303230000,0.0850141498585014,0.0006236408371478,600000,results/rs/SC3_MHBD_MWPM_5x/results/sweep_23_exp_0_checkpoints.csv
303230000,0.0850141498585014,0.0006236408371478,800000,results/rs/SC3_MHBD_MWPM_5x/results/sweep_23_exp_0_checkpoints.csv
303230000,0.0850141498585014,0.0006236408371478,1200000,results/rs/SC3_MHBD_MWPM_5x/results/sweep_23_exp_0_checkpoints.csv
303230000,0.0850141498585014,0.0006236408371478,1600000,results/rs/SC3_MHBD_MWPM_5x/results/sweep_23_exp_0_checkpoints.csv
303230000,0.0850141498585014,0.0006236408371478,2200000,results/rs/SC3_MHBD_MWPM_5x/results/sweep_23_exp_0_checkpoints.csv
303230000,0.0850141498585014,0.0006236408371478,2800000,results/rs/SC3_MHBD_MWPM_5x/results/sweep_23_exp_0_checkpoints.csv
303333330,0.0837141628583714,0.0006192937726154,3600000,results/rs/SC3_MHBD_MWPM_5x/results/sweep_23_exp_0_checkpoints.csv
303333330,0.0837141628583714,0.0006192937726154,4600000,results/rs/SC3_MHBD_MWPM_5x/results/sweep_23_exp_0_checkpoints.csv
303333330,0.0837141628583714,0.0006192937726154,5800000,results/rs/SC3_MHBD_MWPM_5x/results/sweep_23_exp_0_checkpoints.csv
303333330,0.0837141628583714,0.0006192937726154,7400000,results/rs/SC3_MHBD_MWPM_5x/results/sweep_23_exp_0_checkpoints.csv
230030030,0.0828291717082829,0.0006163090001791,9400000,results/rs/SC3_MHBD_MWPM_5x/results/sweep_23_exp_0_checkpoints.csv
230030030,0.0828291717082829,0.0006163090001791,12000000,results/rs/SC3_MHBD_MWPM_5x/results/sweep_23_exp_0_checkpoints.csv
330330330,0.0795692043079569,0.0006051315576769,15200000,results/rs/SC3_MHBD_MWPM_5x/results/sweep_23_exp_0_checkpoints.csv
330330330,0.0795692043079569,0.0006051315576769,19200000,results/rs/SC3_MHBD_MWPM_5x/results/sweep_23_exp_0_checkpoints.csv
330330330,0.0795692043079569,0.0006051315576769,24200000,results/rs/SC3_MHBD_MWPM_5x/results/sweep_23_exp_0_checkpoints.csv
330330330,0.0795692043079569,0.0006051315576769,30600000,results/rs/SC3_MHBD_MWPM_5x/results/sweep_23_exp_0_checkpoints.csv
330330330,0.0795692043079569,0.0006051315576769,38600000,results/rs/SC3_MHBD_MWPM_5x/results/sweep_23_exp_0_checkpoints.csv
330330330,0.0795692043079569,0.0006051315576769,48600000,results/rs/SC3_MHBD_MWPM_5x/results/sweep_23_exp_0_checkpoints.csv
330330330,0.0795692043079569,0.0006051315576769,61200000,results/rs/SC3_MHBD_MWPM_5x/results/sweep_23_exp_0_checkpoints.csv
330330330,0.0795692043079569,0.0006051315576769,77200000,results/rs/SC3_MHBD_MWPM_5x/results/sweep_23_exp_0_checkpoints.csv
330330330,0.0795692043079569,0.0006051315576769,97200000,results/rs/SC3_MHBD_MWPM_5x/results/sweep_23_exp_0_checkpoints.csv
330330330,0.0795692043079569,0.0006051315576769,122400000,results/rs/SC3_MHBD_MWPM_5x/results/sweep_23_exp_0_checkpoints.csv
330330330,0.0795692043079569,0.0006051315576769,154200000,results/rs/SC3_MHBD_MWPM_5x/results/sweep_23_exp_0_checkpoints.csv
330330330,0.0795692043079569,0.0006051315576769,194200000,results/rs/SC3_MHBD_MWPM_5x/results/sweep_23_exp_0_checkpoints.csv
330330330,0.0795692043079569,0.0006051315576769,244600000,results/rs/SC3_MHBD_MWPM_5x/results/sweep_23_exp_0_checkpoints.csv
330330330,0.0795692043079569,0.0006051315576769,308000000,results/rs/SC3_MHBD_MWPM_5x/results/sweep_23_exp_0_checkpoints.csv
330330330,0.0795692043079569,0.0006051315576769,387800000,results/rs/SC3_MHBD_MWPM_5x/results/sweep_23_exp_0_checkpoints.csv
033030330,0.0791942080579194,0.0006038269493728,488400000,results/rs/SC3_MHBD_MWPM_5x/results/sweep_23_exp_0_checkpoints.csv
033030330,0.0791942080579194,0.0006038269493728,615000000,results/rs/SC3_MHBD_MWPM_5x/results/sweep_23_exp_0_checkpoints.csv
030330033,0.0780842191578084,0.0005999416462145,774400000,results/rs/SC3_MHBD_MWPM_5x/results/sweep_23_exp_0_checkpoints.csv
030330033,0.0780842191578084,0.0005999416462145,975000000,results/rs/SC3_MHBD_MWPM_5x/results/sweep_23_exp_0_checkpoints.csv
030330033,0.0780842191578084,0.0005999416462145,1227600000,results/rs/SC3_MHBD_MWPM_5x/results/sweep_23_exp_0_checkpoints.csv
030330033,0.0780842191578084,0.0005999416462145,1545600000,results/rs/SC3_MHBD_MWPM_5x/results/sweep_23_exp_0_checkpoints.csv
030330033,0.0780842191578084,0.0005999416462145,1945800000,results/rs/SC3_MHBD_MWPM_5x/results/sweep_23_exp_0_checkpoints.csv
030330033,0.0780842191578084,0.0005999416462145,2449800000,results/rs/SC3_MHBD_MWPM_5x/results/sweep_23_exp_0_checkpoints.csv
030330033,0.0780842191578084,0.0005999416462145,3084200000,results/rs/SC3_MHBD_MWPM_5x/results/sweep_23_exp_0_checkpoints.csv
200023222,0.1033989660103398,0.0006808312027715,200000,results/rs/SC3_MHBD_MWPM_5x/results/sweep_14_exp_0_checkpoints.csv
232200000,0.0956240437595624,0.0006575666484422,400000,results/rs/SC3_MHBD_MWPM_5x/results/sweep_14_exp_0_checkpoints.csv
320030032,0.0869741302586974,0.0006301128305494,600000,results/rs/SC3_MHBD_MWPM_5x/results/sweep_14_exp_0_checkpoints.csv
320030032,0.0869741302586974,0.0006301128305494,800000,results/rs/SC3_MHBD_MWPM_5x/results/sweep_14_exp_0_checkpoints.csv
320030032,0.0869741302586974,0.0006301128305494,1200000,results/rs/SC3_MHBD_MWPM_5x/results/sweep_14_exp_0_checkpoints.csv
320030032,0.0869741302586974,0.0006301128305494,1600000,results/rs/SC3_MHBD_MWPM_5x/results/sweep_14_exp_0_checkpoints.csv
320030032,0.0869741302586974,0.0006301128305494,2200000,results/rs/SC3_MHBD_MWPM_5x/results/sweep_14_exp_0_checkpoints.csv
320030032,0.0869741302586974,0.0006301128305494,2800000,results/rs/SC3_MHBD_MWPM_5x/results/sweep_14_exp_0_checkpoints.csv
320030032,0.0869741302586974,0.0006301128305494,3600000,results/rs/SC3_MHBD_MWPM_5x/results/sweep_14_exp_0_checkpoints.csv
320030032,0.0869741302586974,0.0006301128305494,4600000,results/rs/SC3_MHBD_MWPM_5x/results/sweep_14_exp_0_checkpoints.csv
320030032,0.0869741302586974,0.0006301128305494,5800000,results/rs/SC3_MHBD_MWPM_5x/results/sweep_14_exp_0_checkpoints.csv
003320300,0.0866491335086649,0.0006290464079938,7400000,results/rs/SC3_MHBD_MWPM_5x/results/sweep_14_exp_0_checkpoints.csv
003320300,0.0866491335086649,0.0006290464079938,9400000,results/rs/SC3_MHBD_MWPM_5x/results/sweep_14_exp_0_checkpoints.csv
003320300,0.0866491335086649,0.0006290464079938,12000000,results/rs/SC3_MHBD_MWPM_5x/results/sweep_14_exp_0_checkpoints.csv
000333000,0.0810841891581084,0.0006103622727096,15200000,results/rs/SC3_MHBD_MWPM_5x/results/sweep_14_exp_0_checkpoints.csv
000333000,0.0810841891581084,0.0006103622727096,19200000,results/rs/SC3_MHBD_MWPM_5x/results/sweep_14_exp_0_checkpoints.csv
000333000,0.0810841891581084,0.0006103622727096,24200000,results/rs/SC3_MHBD_MWPM_5x/results/sweep_14_exp_0_checkpoints.csv
030030300,0.0810141898581014,0.0006101219914853,30600000,results/rs/SC3_MHBD_MWPM_5x/results/sweep_14_exp_0_checkpoints.csv
030030300,0.0810141898581014,0.0006101219914853,38600000,results/rs/SC3_MHBD_MWPM_5x/results/sweep_14_exp_0_checkpoints.csv
030030300,0.0810141898581014,0.0006101219914853,48600000,results/rs/SC3_MHBD_MWPM_5x/results/sweep_14_exp_0_checkpoints.csv
033030030,0.0783292167078329,0.0006008022464811,61200000,results/rs/SC3_MHBD_MWPM_5x/results/sweep_14_exp_0_checkpoints.csv
033030030,0.0783292167078329,0.0006008022464811,77200000,results/rs/SC3_MHBD_MWPM_5x/results/sweep_14_exp_0_checkpoints.csv
033030030,0.0783292167078329,0.0006008022464811,97200000,results/rs/SC3_MHBD_MWPM_5x/results/sweep_14_exp_0_checkpoints.csv
033030030,0.0783292167078329,0.0006008022464811,122400000,results/rs/SC3_MHBD_MWPM_5x/results/sweep_14_exp_0_checkpoints.csv
033030030,0.0783292167078329,0.0006008022464811,154200000,results/rs/SC3_MHBD_MWPM_5x/results/sweep_14_exp_0_checkpoints.csv
033030030,0.0783292167078329,0.0006008022464811,194200000,results/rs/SC3_MHBD_MWPM_5x/results/sweep_14_exp_0_checkpoints.csv
033030030,0.0783292167078329,0.0006008022464811,244600000,results/rs/SC3_MHBD_MWPM_5x/results/sweep_14_exp_0_checkpoints.csv
033030030,0.0783292167078329,0.0006008022464811,308000000,results/rs/SC3_MHBD_MWPM_5x/results/sweep_14_exp_0_checkpoints.csv
033030030,0.0783292167078329,0.0006008022464811,387800000,results/rs/SC3_MHBD_MWPM_5x/results/sweep_14_exp_0_checkpoints.csv
033030030,0.0783292167078329,0.0006008022464811,488400000,results/rs/SC3_MHBD_MWPM_5x/results/sweep_14_exp_0_checkpoints.csv
033030030,0.0783292167078329,0.0006008022464811,615000000,results/rs/SC3_MHBD_MWPM_5x/results/sweep_14_exp_0_checkpoints.csv
033030030,0.0783292167078329,0.0006008022464811,774400000,results/rs/SC3_MHBD_MWPM_5x/results/sweep_14_exp_0_checkpoints.csv
033030030,0.0783292167078329,0.0006008022464811,975000000,results/rs/SC3_MHBD_MWPM_5x/results/sweep_14_exp_0_checkpoints.csv
033030030,0.0783292167078329,0.0006008022464811,1227600000,results/rs/SC3_MHBD_MWPM_5x/results/sweep_14_exp_0_checkpoints.csv
033000330,0.0764242357576424,0.0005940644186921,1545600000,results/rs/SC3_MHBD_MWPM_5x/results/sweep_14_exp_0_checkpoints.csv
033000330,0.0764242357576424,0.0005940644186921,1945800000,results/rs/SC3_MHBD_MWPM_5x/results/sweep_14_exp_0_checkpoints.csv
033000330,0.0764242357576424,0.0005940644186921,2449800000,results/rs/SC3_MHBD_MWPM_5x/results/sweep_14_exp_0_checkpoints.csv
033000330,0.0764242357576424,0.0005940644186921,3084200000,results/rs/SC3_MHBD_MWPM_5x/results/sweep_14_exp_0_checkpoints.csv
300020022,0.0956690433095669,0.0006577050080522,200000,results/rs/SC3_MHBD_MWPM_5x/results/sweep_12_exp_0_checkpoints.csv
300020022,0.0956690433095669,0.0006577050080522,400000,results/rs/SC3_MHBD_MWPM_5x/results/sweep_12_exp_0_checkpoints.csv
203300230,0.0873641263587364,0.0006313890917226,600000,results/rs/SC3_MHBD_MWPM_5x/results/sweep_12_exp_0_checkpoints.csv
203300230,0.0873641263587364,0.0006313890917226,800000,results/rs/SC3_MHBD_MWPM_5x/results/sweep_12_exp_0_checkpoints.csv
033330230,0.0829991700082999,0.0006168839754536,1200000,results/rs/SC3_MHBD_MWPM_5x/results/sweep_12_exp_0_checkpoints.csv
033330230,0.0829991700082999,0.0006168839754536,1600000,results/rs/SC3_MHBD_MWPM_5x/results/sweep_12_exp_0_checkpoints.csv
033330230,0.0829991700082999,0.0006168839754536,2200000,results/rs/SC3_MHBD_MWPM_5x/results/sweep_12_exp_0_checkpoints.csv
033330230,0.0829991700082999,0.0006168839754536,2800000,results/rs/SC3_MHBD_MWPM_5x/results/sweep_12_exp_0_checkpoints.csv
033330230,0.0829991700082999,0.0006168839754536,3600000,results/rs/SC3_MHBD_MWPM_5x/results/sweep_12_exp_0_checkpoints.csv
033330230,0.0829991700082999,0.0006168839754536,4600000,results/rs/SC3_MHBD_MWPM_5x/results/sweep_12_exp_0_checkpoints.csv
033330230,0.0829991700082999,0.0006168839754536,5800000,results/rs/SC3_MHBD_MWPM_5x/results/sweep_12_exp_0_checkpoints.csv
033330230,0.0829991700082999,0.0006168839754536,7400000,results/rs/SC3_MHBD_MWPM_5x/results/sweep_12_exp_0_checkpoints.csv
033330230,0.0829991700082999,0.0006168839754536,9400000,results/rs/SC3_MHBD_MWPM_5x/results/sweep_12_exp_0_checkpoints.csv
033330230,0.0829991700082999,0.0006168839754536,12000000,results/rs/SC3_MHBD_MWPM_5x/results/sweep_12_exp_0_checkpoints.csv
033000333,0.0803941960580394,0.0006079879240132,15200000,results/rs/SC3_MHBD_MWPM_5x/results/sweep_12_exp_0_checkpoints.csv
033000333,0.0803941960580394,0.0006079879240132,19200000,results/rs/SC3_MHBD_MWPM_5x/results/sweep_12_exp_0_checkpoints.csv
033000333,0.0803941960580394,0.0006079879240132,24200000,results/rs/SC3_MHBD_MWPM_5x/results/sweep_12_exp_0_checkpoints.csv
033000333,0.0803941960580394,0.0006079879240132,30600000,results/rs/SC3_MHBD_MWPM_5x/results/sweep_12_exp_0_checkpoints.csv
033000333,0.0803941960580394,0.0006079879240132,38600000,results/rs/SC3_MHBD_MWPM_5x/results/sweep_12_exp_0_checkpoints.csv
033033030,0.0803441965580344,0.0006078153382986,48600000,results/rs/SC3_MHBD_MWPM_5x/results/sweep_12_exp_0_checkpoints.csv
033033030,0.0803441965580344,0.0006078153382986,61200000,results/rs/SC3_MHBD_MWPM_5x/results/sweep_12_exp_0_checkpoints.csv
033033030,0.0803441965580344,0.0006078153382986,77200000,results/rs/SC3_MHBD_MWPM_5x/results/sweep_12_exp_0_checkpoints.csv
033033030,0.0803441965580344,0.0006078153382986,97200000,results/rs/SC3_MHBD_MWPM_5x/results/sweep_12_exp_0_checkpoints.csv
330000030,0.0802291977080229,0.0006074181874282,122400000,results/rs/SC3_MHBD_MWPM_5x/results/sweep_12_exp_0_checkpoints.csv
330333000,0.0802091979080209,0.0006073490949347,154200000,results/rs/SC3_MHBD_MWPM_5x/results/sweep_12_exp_0_checkpoints.csv
330333000,0.0802091979080209,0.0006073490949347,194200000,results/rs/SC3_MHBD_MWPM_5x/results/sweep_12_exp_0_checkpoints.csv
330333000,0.0802091979080209,0.0006073490949347,244600000,results/rs/SC3_MHBD_MWPM_5x/results/sweep_12_exp_0_checkpoints.csv
333000330,0.0786192138078619,0.000601818668656,308000000,results/rs/SC3_MHBD_MWPM_5x/results/sweep_12_exp_0_checkpoints.csv
333000330,0.0786192138078619,0.000601818668656,387800000,results/rs/SC3_MHBD_MWPM_5x/results/sweep_12_exp_0_checkpoints.csv
333000330,0.0786192138078619,0.000601818668656,488400000,results/rs/SC3_MHBD_MWPM_5x/results/sweep_12_exp_0_checkpoints.csv
033000330,0.0775392246077539,0.0005980209680274,615000000,results/rs/SC3_MHBD_MWPM_5x/results/sweep_12_exp_0_checkpoints.csv
033000330,0.0775392246077539,0.0005980209680274,774400000,results/rs/SC3_MHBD_MWPM_5x/results/sweep_12_exp_0_checkpoints.csv
033000330,0.0775392246077539,0.0005980209680274,975000000,results/rs/SC3_MHBD_MWPM_5x/results/sweep_12_exp_0_checkpoints.csv
033000330,0.0775392246077539,0.0005980209680274,1227600000,results/rs/SC3_MHBD_MWPM_5x/results/sweep_12_exp_0_checkpoints.csv
033000330,0.0775392246077539,0.0005980209680274,1545600000,results/rs/SC3_MHBD_MWPM_5x/results/sweep_12_exp_0_checkpoints.csv
033000330,0.0775392246077539,0.0005980209680274,1945800000,results/rs/SC3_MHBD_MWPM_5x/results/sweep_12_exp_0_checkpoints.csv
033000330,0.0775392246077539,0.0005980209680274,2449800000,results/rs/SC3_MHBD_MWPM_5x/results/sweep_12_exp_0_checkpoints.csv
033000330,0.0775392246077539,0.0005980209680274,3084200000,results/rs/SC3_MHBD_MWPM_5x/results/sweep_12_exp_0_checkpoints.csv
202332300,0.0923240767592324,0.0006472985842265,200000,results/rs/SC3_MHBD_MWPM_5x/results/sweep_25_exp_0_checkpoints.csv
202332300,0.0923240767592324,0.0006472985842265,400000,results/rs/SC3_MHBD_MWPM_5x/results/sweep_25_exp_0_checkpoints.csv
332003330,0.0859241407585924,0.0006266577984206,600000,results/rs/SC3_MHBD_MWPM_5x/results/sweep_25_exp_0_checkpoints.csv
332003330,0.0859241407585924,0.0006266577984206,800000,results/rs/SC3_MHBD_MWPM_5x/results/sweep_25_exp_0_checkpoints.csv
332003330,0.0859241407585924,0.0006266577984206,1200000,results/rs/SC3_MHBD_MWPM_5x/results/sweep_25_exp_0_checkpoints.csv
332003330,0.0859241407585924,0.0006266577984206,1600000,results/rs/SC3_MHBD_MWPM_5x/results/sweep_25_exp_0_checkpoints.csv
032330000,0.0841191588084119,0.0006206527468748,2200000,results/rs/SC3_MHBD_MWPM_5x/results/sweep_25_exp_0_checkpoints.csv
032330000,0.0841191588084119,0.0006206527468748,2800000,results/rs/SC3_MHBD_MWPM_5x/results/sweep_25_exp_0_checkpoints.csv
032330000,0.0841191588084119,0.0006206527468748,3600000,results/rs/SC3_MHBD_MWPM_5x/results/sweep_25_exp_0_checkpoints.csv
032330000,0.0841191588084119,0.0006206527468748,4600000,results/rs/SC3_MHBD_MWPM_5x/results/sweep_25_exp_0_checkpoints.csv
032330000,0.0841191588084119,0.0006206527468748,5800000,results/rs/SC3_MHBD_MWPM_5x/results/sweep_25_exp_0_checkpoints.csv
032330000,0.0841191588084119,0.0006206527468748,7400000,results/rs/SC3_MHBD_MWPM_5x/results/sweep_25_exp_0_checkpoints.csv
032330000,0.0841191588084119,0.0006206527468748,9400000,results/rs/SC3_MHBD_MWPM_5x/results/sweep_25_exp_0_checkpoints.csv
200330030,0.0834741652583474,0.0006184863741509,12000000,results/rs/SC3_MHBD_MWPM_5x/results/sweep_25_exp_0_checkpoints.csv
303033030,0.0807291927080729,0.0006091423565521,15200000,results/rs/SC3_MHBD_MWPM_5x/results/sweep_25_exp_0_checkpoints.csv
303033030,0.0807291927080729,0.0006091423565521,19200000,results/rs/SC3_MHBD_MWPM_5x/results/sweep_25_exp_0_checkpoints.csv
303033030,0.0807291927080729,0.0006091423565521,24200000,results/rs/SC3_MHBD_MWPM_5x/results/sweep_25_exp_0_checkpoints.csv
303033030,0.0807291927080729,0.0006091423565521,30600000,results/rs/SC3_MHBD_MWPM_5x/results/sweep_25_exp_0_checkpoints.csv
303033030,0.0807291927080729,0.0006091423565521,38600000,results/rs/SC3_MHBD_MWPM_5x/results/sweep_25_exp_0_checkpoints.csv
303033030,0.0807291927080729,0.0006091423565521,48600000,results/rs/SC3_MHBD_MWPM_5x/results/sweep_25_exp_0_checkpoints.csv
303033030,0.0807291927080729,0.0006091423565521,61200000,results/rs/SC3_MHBD_MWPM_5x/results/sweep_25_exp_0_checkpoints.csv
303033030,0.0807291927080729,0.0006091423565521,77200000,results/rs/SC3_MHBD_MWPM_5x/results/sweep_25_exp_0_checkpoints.csv
303033030,0.0807291927080729,0.0006091423565521,97200000,results/rs/SC3_MHBD_MWPM_5x/results/sweep_25_exp_0_checkpoints.csv
303033030,0.0807291927080729,0.0006091423565521,122400000,results/rs/SC3_MHBD_MWPM_5x/results/sweep_25_exp_0_checkpoints.csv
303033030,0.0807291927080729,0.0006091423565521,154200000,results/rs/SC3_MHBD_MWPM_5x/results/sweep_25_exp_0_checkpoints.csv
030330030,0.0777092229077709,0.0005986210308037,194200000,results/rs/SC3_MHBD_MWPM_5x/results/sweep_25_exp_0_checkpoints.csv
030330030,0.0777092229077709,0.0005986210308037,244600000,results/rs/SC3_MHBD_MWPM_5x/results/sweep_25_exp_0_checkpoints.csv
030330030,0.0777092229077709,0.0005986210308037,308000000,results/rs/SC3_MHBD_MWPM_5x/results/sweep_25_exp_0_checkpoints.csv
030330030,0.0777092229077709,0.0005986210308037,387800000,results/rs/SC3_MHBD_MWPM_5x/results/sweep_25_exp_0_checkpoints.csv
030330030,0.0777092229077709,0.0005986210308037,488400000,results/rs/SC3_MHBD_MWPM_5x/results/sweep_25_exp_0_checkpoints.csv
030330030,0.0777092229077709,0.0005986210308037,615000000,results/rs/SC3_MHBD_MWPM_5x/results/sweep_25_exp_0_checkpoints.csv
030330030,0.0777092229077709,0.0005986210308037,774400000,results/rs/SC3_MHBD_MWPM_5x/results/sweep_25_exp_0_checkpoints.csv
030330030,0.0777092229077709,0.0005986210308037,975000000,results/rs/SC3_MHBD_MWPM_5x/results/sweep_25_exp_0_checkpoints.csv
030330330,0.0776842231577684,0.0005985328461974,1227600000,results/rs/SC3_MHBD_MWPM_5x/results/sweep_25_exp_0_checkpoints.csv
030330330,0.0776842231577684,0.0005985328461974,1545600000,results/rs/SC3_MHBD_MWPM_5x/results/sweep_25_exp_0_checkpoints.csv
030330330,0.0776842231577684,0.0005985328461974,1945800000,results/rs/SC3_MHBD_MWPM_5x/results/sweep_25_exp_0_checkpoints.csv
030330330,0.0776842231577684,0.0005985328461974,2449800000,results/rs/SC3_MHBD_MWPM_5x/results/sweep_25_exp_0_checkpoints.csv
030330330,0.0776842231577684,0.0005985328461974,3084200000,results/rs/SC3_MHBD_MWPM_5x/results/sweep_25_exp_0_checkpoints.csv
332300032,0.0919090809091909,0.0006459897267632,200000,results/rs/SC3_MHBD_MWPM_5x/results/sweep_6_exp_0_checkpoints.csv
332300032,0.0919090809091909,0.0006459897267632,400000,results/rs/SC3_MHBD_MWPM_5x/results/sweep_6_exp_0_checkpoints.csv
332300032,0.0919090809091909,0.0006459897267632,600000,results/rs/SC3_MHBD_MWPM_5x/results/sweep_6_exp_0_checkpoints.csv
332300032,0.0919090809091909,0.0006459897267632,800000,results/rs/SC3_MHBD_MWPM_5x/results/sweep_6_exp_0_checkpoints.csv
332300032,0.0919090809091909,0.0006459897267632,1200000,results/rs/SC3_MHBD_MWPM_5x/results/sweep_6_exp_0_checkpoints.csv
033323332,0.0894391056089439,0.0006381165003404,1600000,results/rs/SC3_MHBD_MWPM_5x/results/sweep_6_exp_0_checkpoints.csv
033323332,0.0894391056089439,0.0006381165003404,2200000,results/rs/SC3_MHBD_MWPM_5x/results/sweep_6_exp_0_checkpoints.csv
033323332,0.0894391056089439,0.0006381165003404,2800000,results/rs/SC3_MHBD_MWPM_5x/results/sweep_6_exp_0_checkpoints.csv
333000333,0.0811241887581124,0.000610499526374,3600000,results/rs/SC3_MHBD_MWPM_5x/results/sweep_6_exp_0_checkpoints.csv
333000333,0.0811241887581124,0.000610499526374,4600000,results/rs/SC3_MHBD_MWPM_5x/results/sweep_6_exp_0_checkpoints.csv
333000333,0.0811241887581124,0.000610499526374,5800000,results/rs/SC3_MHBD_MWPM_5x/results/sweep_6_exp_0_checkpoints.csv
333000333,0.0811241887581124,0.000610499526374,7400000,results/rs/SC3_MHBD_MWPM_5x/results/sweep_6_exp_0_checkpoints.csv
333000333,0.0811241887581124,0.000610499526374,9400000,results/rs/SC3_MHBD_MWPM_5x/results/sweep_6_exp_0_checkpoints.csv
333000333,0.0811241887581124,0.000610499526374,12000000,results/rs/SC3_MHBD_MWPM_5x/results/sweep_6_exp_0_checkpoints.csv
333000333,0.0811241887581124,0.000610499526374,15200000,results/rs/SC3_MHBD_MWPM_5x/results/sweep_6_exp_0_checkpoints.csv
333000333,0.0811241887581124,0.000610499526374,19200000,results/rs/SC3_MHBD_MWPM_5x/results/sweep_6_exp_0_checkpoints.csv
333000333,0.0811241887581124,0.000610499526374,24200000,results/rs/SC3_MHBD_MWPM_5x/results/sweep_6_exp_0_checkpoints.csv
333000333,0.0811241887581124,0.000610499526374,30600000,results/rs/SC3_MHBD_MWPM_5x/results/sweep_6_exp_0_checkpoints.csv
333000333,0.0811241887581124,0.000610499526374,38600000,results/rs/SC3_MHBD_MWPM_5x/results/sweep_6_exp_0_checkpoints.csv
033330003,0.0810391896081039,0.0006102078477852,48600000,results/rs/SC3_MHBD_MWPM_5x/results/sweep_6_exp_0_checkpoints.csv
033330003,0.0810391896081039,0.0006102078477852,61200000,results/rs/SC3_MHBD_MWPM_5x/results/sweep_6_exp_0_checkpoints.csv
033330003,0.0810391896081039,0.0006102078477852,77200000,results/rs/SC3_MHBD_MWPM_5x/results/sweep_6_exp_0_checkpoints.csv
033330003,0.0810391896081039,0.0006102078477852,97200000,results/rs/SC3_MHBD_MWPM_5x/results/sweep_6_exp_0_checkpoints.csv
033330003,0.0810391896081039,0.0006102078477852,122400000,results/rs/SC3_MHBD_MWPM_5x/results/sweep_6_exp_0_checkpoints.csv
033330003,0.0810391896081039,0.0006102078477852,154200000,results/rs/SC3_MHBD_MWPM_5x/results/sweep_6_exp_0_checkpoints.csv
033330003,0.0810391896081039,0.0006102078477852,194200000,results/rs/SC3_MHBD_MWPM_5x/results/sweep_6_exp_0_checkpoints.csv
333030030,0.0803341966580334,0.0006077808211557,244600000,results/rs/SC3_MHBD_MWPM_5x/results/sweep_6_exp_0_checkpoints.csv
030333030,0.0790142098579014,0.0006031992379575,308000000,results/rs/SC3_MHBD_MWPM_5x/results/sweep_6_exp_0_checkpoints.csv
033300330,0.0777492225077749,0.0005987620679661,387800000,results/rs/SC3_MHBD_MWPM_5x/results/sweep_6_exp_0_checkpoints.csv
033000330,0.0766292337076629,0.0005947946337983,488400000,results/rs/SC3_MHBD_MWPM_5x/results/sweep_6_exp_0_checkpoints.csv
033000330,0.0766292337076629,0.0005947946337983,615000000,results/rs/SC3_MHBD_MWPM_5x/results/sweep_6_exp_0_checkpoints.csv
033000330,0.0766292337076629,0.0005947946337983,774400000,results/rs/SC3_MHBD_MWPM_5x/results/sweep_6_exp_0_checkpoints.csv
033000330,0.0766292337076629,0.0005947946337983,975000000,results/rs/SC3_MHBD_MWPM_5x/results/sweep_6_exp_0_checkpoints.csv
033000330,0.0766292337076629,0.0005947946337983,1227600000,results/rs/SC3_MHBD_MWPM_5x/results/sweep_6_exp_0_checkpoints.csv
033000330,0.0766292337076629,0.0005947946337983,1545600000,results/rs/SC3_MHBD_MWPM_5x/results/sweep_6_exp_0_checkpoints.csv
033000330,0.0766292337076629,0.0005947946337983,1945800000,results/rs/SC3_MHBD_MWPM_5x/results/sweep_6_exp_0_checkpoints.csv
033000330,0.0766292337076629,0.0005947946337983,2449800000,results/rs/SC3_MHBD_MWPM_5x/results/sweep_6_exp_0_checkpoints.csv
033000330,0.0766292337076629,0.0005947946337983,3084200000,results/rs/SC3_MHBD_MWPM_5x/results/sweep_6_exp_0_checkpoints.csv
320030203,0.0880441195588044,0.0006336053484119,200000,results/rs/SC3_MHBD_MWPM_5x/results/sweep_9_exp_0_checkpoints.csv
320030203,0.0880441195588044,0.0006336053484119,400000,results/rs/SC3_MHBD_MWPM_5x/results/sweep_9_exp_0_checkpoints.csv
320030203,0.0880441195588044,0.0006336053484119,600000,results/rs/SC3_MHBD_MWPM_5x/results/sweep_9_exp_0_checkpoints.csv
320030203,0.0880441195588044,0.0006336053484119,800000,results/rs/SC3_MHBD_MWPM_5x/results/sweep_9_exp_0_checkpoints.csv
320030203,0.0880441195588044,0.0006336053484119,1200000,results/rs/SC3_MHBD_MWPM_5x/results/sweep_9_exp_0_checkpoints.csv
302203030,0.0877241227587724,0.0006325638387352,1600000,results/rs/SC3_MHBD_MWPM_5x/results/sweep_9_exp_0_checkpoints.csv
333300320,0.0860941390586094,0.0006272190948948,2200000,results/rs/SC3_MHBD_MWPM_5x/results/sweep_9_exp_0_checkpoints.csv
333300320,0.0860941390586094,0.0006272190948948,2800000,results/rs/SC3_MHBD_MWPM_5x/results/sweep_9_exp_0_checkpoints.csv
333300320,0.0860941390586094,0.0006272190948948,3600000,results/rs/SC3_MHBD_MWPM_5x/results/sweep_9_exp_0_checkpoints.csv
333300320,0.0860941390586094,0.0006272190948948,4600000,results/rs/SC3_MHBD_MWPM_5x/results/sweep_9_exp_0_checkpoints.csv
333300320,0.0860941390586094,0.0006272190948948,5800000,results/rs/SC3_MHBD_MWPM_5x/results/sweep_9_exp_0_checkpoints.csv
333300320,0.0860941390586094,0.0006272190948948,7400000,results/rs/SC3_MHBD_MWPM_5x/results/sweep_9_exp_0_checkpoints.csv
030330033,0.0788692113078869,0.0006026930059306,9400000,results/rs/SC3_MHBD_MWPM_5x/results/sweep_9_exp_0_checkpoints.csv
030330033,0.0788692113078869,0.0006026930059306,12000000,results/rs/SC3_MHBD_MWPM_5x/results/sweep_9_exp_0_checkpoints.csv
030330033,0.0788692113078869,0.0006026930059306,15200000,results/rs/SC3_MHBD_MWPM_5x/results/sweep_9_exp_0_checkpoints.csv
030330033,0.0788692113078869,0.0006026930059306,19200000,results/rs/SC3_MHBD_MWPM_5x/results/sweep_9_exp_0_checkpoints.csv
030330033,0.0788692113078869,0.0006026930059306,24200000,results/rs/SC3_MHBD_MWPM_5x/results/sweep_9_exp_0_checkpoints.csv
030330033,0.0788692113078869,0.0006026930059306,30600000,results/rs/SC3_MHBD_MWPM_5x/results/sweep_9_exp_0_checkpoints.csv
030330033,0.0788692113078869,0.0006026930059306,38600000,results/rs/SC3_MHBD_MWPM_5x/results/sweep_9_exp_0_checkpoints.csv
030330033,0.0788692113078869,0.0006026930059306,48600000,results/rs/SC3_MHBD_MWPM_5x/results/sweep_9_exp_0_checkpoints.csv
030330033,0.0788692113078869,0.0006026930059306,61200000,results/rs/SC3_MHBD_MWPM_5x/results/sweep_9_exp_0_checkpoints.csv
030330033,0.0788692113078869,0.0006026930059306,77200000,results/rs/SC3_MHBD_MWPM_5x/results/sweep_9_exp_0_checkpoints.csv
030330033,0.0788692113078869,0.0006026930059306,97200000,results/rs/SC3_MHBD_MWPM_5x/results/sweep_9_exp_0_checkpoints.csv
030330033,0.0788692113078869,0.0006026930059306,122400000,results/rs/SC3_MHBD_MWPM_5x/results/sweep_9_exp_0_checkpoints.csv
030330033,0.0788692113078869,0.0006026930059306,154200000,results/rs/SC3_MHBD_MWPM_5x/results/sweep_9_exp_0_checkpoints.csv
030330033,0.0788692113078869,0.0006026930059306,194200000,results/rs/SC3_MHBD_MWPM_5x/results/sweep_9_exp_0_checkpoints.csv
030330330,0.0775042249577504,0.0005978973349556,244600000,results/rs/SC3_MHBD_MWPM_5x/results/sweep_9_exp_0_checkpoints.csv
030330330,0.0775042249577504,0.0005978973349556,308000000,results/rs/SC3_MHBD_MWPM_5x/results/sweep_9_exp_0_checkpoints.csv
030330330,0.0775042249577504,0.0005978973349556,387800000,results/rs/SC3_MHBD_MWPM_5x/results/sweep_9_exp_0_checkpoints.csv
030330330,0.0775042249577504,0.0005978973349556,488400000,results/rs/SC3_MHBD_MWPM_5x/results/sweep_9_exp_0_checkpoints.csv
030330330,0.0775042249577504,0.0005978973349556,615000000,results/rs/SC3_MHBD_MWPM_5x/results/sweep_9_exp_0_checkpoints.csv
030330330,0.0775042249577504,0.0005978973349556,774400000,results/rs/SC3_MHBD_MWPM_5x/results/sweep_9_exp_0_checkpoints.csv
030330330,0.0775042249577504,0.0005978973349556,975000000,results/rs/SC3_MHBD_MWPM_5x/results/sweep_9_exp_0_checkpoints.csv
030330330,0.0775042249577504,0.0005978973349556,1227600000,results/rs/SC3_MHBD_MWPM_5x/results/sweep_9_exp_0_checkpoints.csv
030330330,0.0775042249577504,0.0005978973349556,1545600000,results/rs/SC3_MHBD_MWPM_5x/results/sweep_9_exp_0_checkpoints.csv
030330330,0.0775042249577504,0.0005978973349556,1945800000,results/rs/SC3_MHBD_MWPM_5x/results/sweep_9_exp_0_checkpoints.csv
030330330,0.0775042249577504,0.0005978973349556,2449800000,results/rs/SC3_MHBD_MWPM_5x/results/sweep_9_exp_0_checkpoints.csv
030330330,0.0775042249577504,0.0005978973349556,3084200000,results/rs/SC3_MHBD_MWPM_5x/results/sweep_9_exp_0_checkpoints.csv
333232330,0.0924140758592414,0.0006475818809121,200000,results/rs/SC3_MHBD_MWPM_5x/results/sweep_5_exp_0_checkpoints.csv
333232330,0.0924140758592414,0.0006475818809121,400000,results/rs/SC3_MHBD_MWPM_5x/results/sweep_5_exp_0_checkpoints.csv
333232330,0.0924140758592414,0.0006475818809121,600000,results/rs/SC3_MHBD_MWPM_5x/results/sweep_5_exp_0_checkpoints.csv
333232330,0.0924140758592414,0.0006475818809121,800000,results/rs/SC3_MHBD_MWPM_5x/results/sweep_5_exp_0_checkpoints.csv
302300003,0.0877241227587724,0.0006325638387352,1200000,results/rs/SC3_MHBD_MWPM_5x/results/sweep_5_exp_0_checkpoints.csv
300002303,0.0866941330586694,0.0006291941972449,1600000,results/rs/SC3_MHBD_MWPM_5x/results/sweep_5_exp_0_checkpoints.csv
300002303,0.0866941330586694,0.0006291941972449,2200000,results/rs/SC3_MHBD_MWPM_5x/results/sweep_5_exp_0_checkpoints.csv
300002303,0.0866941330586694,0.0006291941972449,2800000,results/rs/SC3_MHBD_MWPM_5x/results/sweep_5_exp_0_checkpoints.csv
300002303,0.0866941330586694,0.0006291941972449,3600000,results/rs/SC3_MHBD_MWPM_5x/results/sweep_5_exp_0_checkpoints.csv
300002303,0.0866941330586694,0.0006291941972449,4600000,results/rs/SC3_MHBD_MWPM_5x/results/sweep_5_exp_0_checkpoints.csv
300002303,0.0866941330586694,0.0006291941972449,5800000,results/rs/SC3_MHBD_MWPM_5x/results/sweep_5_exp_0_checkpoints.csv
300002303,0.0866941330586694,0.0006291941972449,7400000,results/rs/SC3_MHBD_MWPM_5x/results/sweep_5_exp_0_checkpoints.csv
303300320,0.0863591364086359,0.0006280925590544,9400000,results/rs/SC3_MHBD_MWPM_5x/results/sweep_5_exp_0_checkpoints.csv
323030000,0.0838441615583844,0.0006197304464876,12000000,results/rs/SC3_MHBD_MWPM_5x/results/sweep_5_exp_0_checkpoints.csv
323030000,0.0838441615583844,0.0006197304464876,15200000,results/rs/SC3_MHBD_MWPM_5x/results/sweep_5_exp_0_checkpoints.csv
323030000,0.0838441615583844,0.0006197304464876,19200000,results/rs/SC3_MHBD_MWPM_5x/results/sweep_5_exp_0_checkpoints.csv
323030000,0.0838441615583844,0.0006197304464876,24200000,results/rs/SC3_MHBD_MWPM_5x/results/sweep_5_exp_0_checkpoints.csv
300033033,0.0823191768082319,0.0006145795341581,30600000,results/rs/SC3_MHBD_MWPM_5x/results/sweep_5_exp_0_checkpoints.csv
300033033,0.0823191768082319,0.0006145795341581,38600000,results/rs/SC3_MHBD_MWPM_5x/results/sweep_5_exp_0_checkpoints.csv
330000300,0.0806141938580614,0.0006087463698349,48600000,results/rs/SC3_MHBD_MWPM_5x/results/sweep_5_exp_0_checkpoints.csv
330000300,0.0806141938580614,0.0006087463698349,61200000,results/rs/SC3_MHBD_MWPM_5x/results/sweep_5_exp_0_checkpoints.csv
033030033,0.0795392046079539,0.0006050273659639,77200000,results/rs/SC3_MHBD_MWPM_5x/results/sweep_5_exp_0_checkpoints.csv
033030033,0.0795392046079539,0.0006050273659639,97200000,results/rs/SC3_MHBD_MWPM_5x/results/sweep_5_exp_0_checkpoints.csv
033030033,0.0795392046079539,0.0006050273659639,122400000,results/rs/SC3_MHBD_MWPM_5x/results/sweep_5_exp_0_checkpoints.csv
033030033,0.0795392046079539,0.0006050273659639,154200000,results/rs/SC3_MHBD_MWPM_5x/results/sweep_5_exp_0_checkpoints.csv
033030033,0.0795392046079539,0.0006050273659639,194200000,results/rs/SC3_MHBD_MWPM_5x/results/sweep_5_exp_0_checkpoints.csv
033030033,0.0795392046079539,0.0006050273659639,244600000,results/rs/SC3_MHBD_MWPM_5x/results/sweep_5_exp_0_checkpoints.csv
033030033,0.0795392046079539,0.0006050273659639,308000000,results/rs/SC3_MHBD_MWPM_5x/results/sweep_5_exp_0_checkpoints.csv
033030033,0.0795392046079539,0.0006050273659639,387800000,results/rs/SC3_MHBD_MWPM_5x/results/sweep_5_exp_0_checkpoints.csv
033030033,0.0795392046079539,0.0006050273659639,488400000,results/rs/SC3_MHBD_MWPM_5x/results/sweep_5_exp_0_checkpoints.csv
033030033,0.0795392046079539,0.0006050273659639,615000000,results/rs/SC3_MHBD_MWPM_5x/results/sweep_5_exp_0_checkpoints.csv
030030030,0.0784092159078409,0.0006010828656144,774400000,results/rs/SC3_MHBD_MWPM_5x/results/sweep_5_exp_0_checkpoints.csv
030030030,0.0784092159078409,0.0006010828656144,975000000,results/rs/SC3_MHBD_MWPM_5x/results/sweep_5_exp_0_checkpoints.csv
030330030,0.0780142198578014,0.0005996954278089,1227600000,results/rs/SC3_MHBD_MWPM_5x/results/sweep_5_exp_0_checkpoints.csv
030330030,0.0780142198578014,0.0005996954278089,1545600000,results/rs/SC3_MHBD_MWPM_5x/results/sweep_5_exp_0_checkpoints.csv
030330030,0.0780142198578014,0.0005996954278089,1945800000,results/rs/SC3_MHBD_MWPM_5x/results/sweep_5_exp_0_checkpoints.csv
030330030,0.0780142198578014,0.0005996954278089,2449800000,results/rs/SC3_MHBD_MWPM_5x/results/sweep_5_exp_0_checkpoints.csv
030330030,0.0780142198578014,0.0005996954278089,3084200000,results/rs/SC3_MHBD_MWPM_5x/results/sweep_5_exp_0_checkpoints.csv
200333030,0.0841691583084169,0.0006208202103152,200000,results/rs/SC3_MHBD_MWPM_5x/results/sweep_11_exp_0_checkpoints.csv
200333030,0.0841691583084169,0.0006208202103152,400000,results/rs/SC3_MHBD_MWPM_5x/results/sweep_11_exp_0_checkpoints.csv
200333030,0.0841691583084169,0.0006208202103152,600000,results/rs/SC3_MHBD_MWPM_5x/results/sweep_11_exp_0_checkpoints.csv
003030330,0.0804541954580454,0.0006081949104554,800000,results/rs/SC3_MHBD_MWPM_5x/results/sweep_11_exp_0_checkpoints.csv
003030330,0.0804541954580454,0.0006081949104554,1200000,results/rs/SC3_MHBD_MWPM_5x/results/sweep_11_exp_0_checkpoints.csv
003030330,0.0804541954580454,0.0006081949104554,1600000,results/rs/SC3_MHBD_MWPM_5x/results/sweep_11_exp_0_checkpoints.csv
003030330,0.0804541954580454,0.0006081949104554,2200000,results/rs/SC3_MHBD_MWPM_5x/results/sweep_11_exp_0_checkpoints.csv
003030330,0.0804541954580454,0.0006081949104554,2800000,results/rs/SC3_MHBD_MWPM_5x/results/sweep_11_exp_0_checkpoints.csv
003030330,0.0804541954580454,0.0006081949104554,3600000,results/rs/SC3_MHBD_MWPM_5x/results/sweep_11_exp_0_checkpoints.csv
003030330,0.0804541954580454,0.0006081949104554,4600000,results/rs/SC3_MHBD_MWPM_5x/results/sweep_11_exp_0_checkpoints.csv
003030330,0.0804541954580454,0.0006081949104554,5800000,results/rs/SC3_MHBD_MWPM_5x/results/sweep_11_exp_0_checkpoints.csv
003030330,0.0804541954580454,0.0006081949104554,7400000,results/rs/SC3_MHBD_MWPM_5x/results/sweep_11_exp_0_checkpoints.csv
003030330,0.0804541954580454,0.0006081949104554,9400000,results/rs/SC3_MHBD_MWPM_5x/results/sweep_11_exp_0_checkpoints.csv
003030330,0.0804541954580454,0.0006081949104554,12000000,results/rs/SC3_MHBD_MWPM_5x/results/sweep_11_exp_0_checkpoints.csv
030330033,0.0789092109078909,0.0006028327043168,15200000,results/rs/SC3_MHBD_MWPM_5x/results/sweep_11_exp_0_checkpoints.csv
030330033,0.0789092109078909,0.0006028327043168,19200000,results/rs/SC3_MHBD_MWPM_5x/results/sweep_11_exp_0_checkpoints.csv
030330033,0.0789092109078909,0.0006028327043168,24200000,results/rs/SC3_MHBD_MWPM_5x/results/sweep_11_exp_0_checkpoints.csv
030330033,0.0789092109078909,0.0006028327043168,30600000,results/rs/SC3_MHBD_MWPM_5x/results/sweep_11_exp_0_checkpoints.csv
030330033,0.0789092109078909,0.0006028327043168,38600000,results/rs/SC3_MHBD_MWPM_5x/results/sweep_11_exp_0_checkpoints.csv
030330033,0.0789092109078909,0.0006028327043168,48600000,results/rs/SC3_MHBD_MWPM_5x/results/sweep_11_exp_0_checkpoints.csv
030330033,0.0789092109078909,0.0006028327043168,61200000,results/rs/SC3_MHBD_MWPM_5x/results/sweep_11_exp_0_checkpoints.csv
030330033,0.0789092109078909,0.0006028327043168,77200000,results/rs/SC3_MHBD_MWPM_5x/results/sweep_11_exp_0_checkpoints.csv
030330033,0.0789092109078909,0.0006028327043168,97200000,results/rs/SC3_MHBD_MWPM_5x/results/sweep_11_exp_0_checkpoints.csv
030330033,0.0789092109078909,0.0006028327043168,122400000,results/rs/SC3_MHBD_MWPM_5x/results/sweep_11_exp_0_checkpoints.csv
030330033,0.0789092109078909,0.0006028327043168,154200000,results/rs/SC3_MHBD_MWPM_5x/results/sweep_11_exp_0_checkpoints.csv
030330033,0.0789092109078909,0.0006028327043168,194200000,results/rs/SC3_MHBD_MWPM_5x/results/sweep_11_exp_0_checkpoints.csv
030330033,0.0789092109078909,0.0006028327043168,244600000,results/rs/SC3_MHBD_MWPM_5x/results/sweep_11_exp_0_checkpoints.csv
030330033,0.0789092109078909,0.0006028327043168,308000000,results/rs/SC3_MHBD_MWPM_5x/results/sweep_11_exp_0_checkpoints.csv
033300330,0.0784342156578434,0.0006011705263517,387800000,results/rs/SC3_MHBD_MWPM_5x/results/sweep_11_exp_0_checkpoints.csv
033300330,0.0784342156578434,0.0006011705263517,488400000,results/rs/SC3_MHBD_MWPM_5x/results/sweep_11_exp_0_checkpoints.csv
033300330,0.0784342156578434,0.0006011705263517,615000000,results/rs/SC3_MHBD_MWPM_5x/results/sweep_11_exp_0_checkpoints.csv
033300330,0.0784342156578434,0.0006011705263517,774400000,results/rs/SC3_MHBD_MWPM_5x/results/sweep_11_exp_0_checkpoints.csv
033300330,0.0784342156578434,0.0006011705263517,975000000,results/rs/SC3_MHBD_MWPM_5x/results/sweep_11_exp_0_checkpoints.csv
030330030,0.0776142238577614,0.0005982858128845,1227600000,results/rs/SC3_MHBD_MWPM_5x/results/sweep_11_exp_0_checkpoints.csv
030330030,0.0776142238577614,0.0005982858128845,1545600000,results/rs/SC3_MHBD_MWPM_5x/results/sweep_11_exp_0_checkpoints.csv
033000330,0.0768692313076869,0.0005956478998996,1945800000,results/rs/SC3_MHBD_MWPM_5x/results/sweep_11_exp_0_checkpoints.csv
033000330,0.0768692313076869,0.0005956478998996,2449800000,results/rs/SC3_MHBD_MWPM_5x/results/sweep_11_exp_0_checkpoints.csv
033000330,0.0768692313076869,0.0005956478998996,3084200000,results/rs/SC3_MHBD_MWPM_5x/results/sweep_11_exp_0_checkpoints.csv
020030020,0.0857491425085749,0.0006260792724788,200000,results/rs/SC3_MHBD_MWPM_5x/results/sweep_17_exp_0_checkpoints.csv
020030020,0.0857491425085749,0.0006260792724788,400000,results/rs/SC3_MHBD_MWPM_5x/results/sweep_17_exp_0_checkpoints.csv
020030020,0.0857491425085749,0.0006260792724788,600000,results/rs/SC3_MHBD_MWPM_5x/results/sweep_17_exp_0_checkpoints.csv
020030020,0.0857491425085749,0.0006260792724788,800000,results/rs/SC3_MHBD_MWPM_5x/results/sweep_17_exp_0_checkpoints.csv
020030020,0.0857491425085749,0.0006260792724788,1200000,results/rs/SC3_MHBD_MWPM_5x/results/sweep_17_exp_0_checkpoints.csv
020030020,0.0857491425085749,0.0006260792724788,1600000,results/rs/SC3_MHBD_MWPM_5x/results/sweep_17_exp_0_checkpoints.csv
020030020,0.0857491425085749,0.0006260792724788,2200000,results/rs/SC3_MHBD_MWPM_5x/results/sweep_17_exp_0_checkpoints.csv
020030020,0.0857491425085749,0.0006260792724788,2800000,results/rs/SC3_MHBD_MWPM_5x/results/sweep_17_exp_0_checkpoints.csv
020030020,0.0857491425085749,0.0006260792724788,3600000,results/rs/SC3_MHBD_MWPM_5x/results/sweep_17_exp_0_checkpoints.csv
000303303,0.0833341666583334,0.0006180147174745,4600000,results/rs/SC3_MHBD_MWPM_5x/results/sweep_17_exp_0_checkpoints.csv
000303303,0.0833341666583334,0.0006180147174745,5800000,results/rs/SC3_MHBD_MWPM_5x/results/sweep_17_exp_0_checkpoints.csv
000303303,0.0833341666583334,0.0006180147174745,7400000,results/rs/SC3_MHBD_MWPM_5x/results/sweep_17_exp_0_checkpoints.csv
000303303,0.0833341666583334,0.0006180147174745,9400000,results/rs/SC3_MHBD_MWPM_5x/results/sweep_17_exp_0_checkpoints.csv
000303303,0.0833341666583334,0.0006180147174745,12000000,results/rs/SC3_MHBD_MWPM_5x/results/sweep_17_exp_0_checkpoints.csv
000303303,0.0833341666583334,0.0006180147174745,15200000,results/rs/SC3_MHBD_MWPM_5x/results/sweep_17_exp_0_checkpoints.csv
033030303,0.0814841851581484,0.0006117327138781,19200000,results/rs/SC3_MHBD_MWPM_5x/results/sweep_17_exp_0_checkpoints.csv
033030303,0.0814841851581484,0.0006117327138781,24200000,results/rs/SC3_MHBD_MWPM_5x/results/sweep_17_exp_0_checkpoints.csv
033000300,0.0812141878581214,0.0006108082015998,30600000,results/rs/SC3_MHBD_MWPM_5x/results/sweep_17_exp_0_checkpoints.csv
033030003,0.0809641903580964,0.0006099503370933,38600000,results/rs/SC3_MHBD_MWPM_5x/results/sweep_17_exp_0_checkpoints.csv
030000030,0.0799092009079909,0.0006063110777176,48600000,results/rs/SC3_MHBD_MWPM_5x/results/sweep_17_exp_0_checkpoints.csv
030000030,0.0799092009079909,0.0006063110777176,61200000,results/rs/SC3_MHBD_MWPM_5x/results/sweep_17_exp_0_checkpoints.csv
030000030,0.0799092009079909,0.0006063110777176,77200000,results/rs/SC3_MHBD_MWPM_5x/results/sweep_17_exp_0_checkpoints.csv
030000030,0.0799092009079909,0.0006063110777176,97200000,results/rs/SC3_MHBD_MWPM_5x/results/sweep_17_exp_0_checkpoints.csv
030000030,0.0799092009079909,0.0006063110777176,122400000,results/rs/SC3_MHBD_MWPM_5x/results/sweep_17_exp_0_checkpoints.csv
030000030,0.0799092009079909,0.0006063110777176,154200000,results/rs/SC3_MHBD_MWPM_5x/results/sweep_17_exp_0_checkpoints.csv
033303330,0.0793192068079319,0.0006042622844688,194200000,results/rs/SC3_MHBD_MWPM_5x/results/sweep_17_exp_0_checkpoints.csv
033303330,0.0793192068079319,0.0006042622844688,244600000,results/rs/SC3_MHBD_MWPM_5x/results/sweep_17_exp_0_checkpoints.csv
030333030,0.0787592124078759,0.0006023085443302,308000000,results/rs/SC3_MHBD_MWPM_5x/results/sweep_17_exp_0_checkpoints.csv
030333030,0.0787592124078759,0.0006023085443302,387800000,results/rs/SC3_MHBD_MWPM_5x/results/sweep_17_exp_0_checkpoints.csv
030333030,0.0787592124078759,0.0006023085443302,488400000,results/rs/SC3_MHBD_MWPM_5x/results/sweep_17_exp_0_checkpoints.csv
030333030,0.0787592124078759,0.0006023085443302,615000000,results/rs/SC3_MHBD_MWPM_5x/results/sweep_17_exp_0_checkpoints.csv
030333030,0.0787592124078759,0.0006023085443302,774400000,results/rs/SC3_MHBD_MWPM_5x/results/sweep_17_exp_0_checkpoints.csv
030333030,0.0787592124078759,0.0006023085443302,975000000,results/rs/SC3_MHBD_MWPM_5x/results/sweep_17_exp_0_checkpoints.csv
033000330,0.0779592204077959,0.0005995018873363,1227600000,results/rs/SC3_MHBD_MWPM_5x/results/sweep_17_exp_0_checkpoints.csv
033000330,0.0779592204077959,0.0005995018873363,1545600000,results/rs/SC3_MHBD_MWPM_5x/results/sweep_17_exp_0_checkpoints.csv
033000330,0.0779592204077959,0.0005995018873363,1945800000,results/rs/SC3_MHBD_MWPM_5x/results/sweep_17_exp_0_checkpoints.csv
033000330,0.0779592204077959,0.0005995018873363,2449800000,results/rs/SC3_MHBD_MWPM_5x/results/sweep_17_exp_0_checkpoints.csv
033300330,0.0779192208077919,0.0005993610830046,3084200000,results/rs/SC3_MHBD_MWPM_5x/results/sweep_17_exp_0_checkpoints.csv
203030022,0.0920540794592054,0.0006464474718086,200000,results/rs/SC3_MHBD_MWPM_5x/results/sweep_20_exp_0_checkpoints.csv
203030022,0.0920540794592054,0.0006464474718086,400000,results/rs/SC3_MHBD_MWPM_5x/results/sweep_20_exp_0_checkpoints.csv
033032203,0.0863991360086399,0.0006282242247834,600000,results/rs/SC3_MHBD_MWPM_5x/results/sweep_20_exp_0_checkpoints.csv
033032203,0.0863991360086399,0.0006282242247834,800000,results/rs/SC3_MHBD_MWPM_5x/results/sweep_20_exp_0_checkpoints.csv
033032203,0.0863991360086399,0.0006282242247834,1200000,results/rs/SC3_MHBD_MWPM_5x/results/sweep_20_exp_0_checkpoints.csv
330000002,0.0861141388586114,0.0006272851023823,1600000,results/rs/SC3_MHBD_MWPM_5x/results/sweep_20_exp_0_checkpoints.csv
330000002,0.0861141388586114,0.0006272851023823,2200000,results/rs/SC3_MHBD_MWPM_5x/results/sweep_20_exp_0_checkpoints.csv
330000002,0.0861141388586114,0.0006272851023823,2800000,results/rs/SC3_MHBD_MWPM_5x/results/sweep_20_exp_0_checkpoints.csv
330000002,0.0861141388586114,0.0006272851023823,3600000,results/rs/SC3_MHBD_MWPM_5x/results/sweep_20_exp_0_checkpoints.csv
003020330,0.0857791422085779,0.0006261785165406,4600000,results/rs/SC3_MHBD_MWPM_5x/results/sweep_20_exp_0_checkpoints.csv
003020330,0.0857791422085779,0.0006261785165406,5800000,results/rs/SC3_MHBD_MWPM_5x/results/sweep_20_exp_0_checkpoints.csv
003020330,0.0857791422085779,0.0006261785165406,7400000,results/rs/SC3_MHBD_MWPM_5x/results/sweep_20_exp_0_checkpoints.csv
230003330,0.0855441445585544,0.0006254005711525,9400000,results/rs/SC3_MHBD_MWPM_5x/results/sweep_20_exp_0_checkpoints.csv
000033300,0.0823691763082369,0.0006147493841126,12000000,results/rs/SC3_MHBD_MWPM_5x/results/sweep_20_exp_0_checkpoints.csv
000033300,0.0823691763082369,0.0006147493841126,15200000,results/rs/SC3_MHBD_MWPM_5x/results/sweep_20_exp_0_checkpoints.csv
000033300,0.0823691763082369,0.0006147493841126,19200000,results/rs/SC3_MHBD_MWPM_5x/results/sweep_20_exp_0_checkpoints.csv
033003330,0.0798842011579884,0.0006062244647182,24200000,results/rs/SC3_MHBD_MWPM_5x/results/sweep_20_exp_0_checkpoints.csv
033003330,0.0798842011579884,0.0006062244647182,30600000,results/rs/SC3_MHBD_MWPM_5x/results/sweep_20_exp_0_checkpoints.csv
033003330,0.0798842011579884,0.0006062244647182,38600000,results/rs/SC3_MHBD_MWPM_5x/results/sweep_20_exp_0_checkpoints.csv
033003330,0.0798842011579884,0.0006062244647182,48600000,results/rs/SC3_MHBD_MWPM_5x/results/sweep_20_exp_0_checkpoints.csv
033003330,0.0798842011579884,0.0006062244647182,61200000,results/rs/SC3_MHBD_MWPM_5x/results/sweep_20_exp_0_checkpoints.csv
033003330,0.0798842011579884,0.0006062244647182,77200000,results/rs/SC3_MHBD_MWPM_5x/results/sweep_20_exp_0_checkpoints.csv
033003330,0.0798842011579884,0.0006062244647182,97200000,results/rs/SC3_MHBD_MWPM_5x/results/sweep_20_exp_0_checkpoints.csv
033003330,0.0798842011579884,0.0006062244647182,122400000,results/rs/SC3_MHBD_MWPM_5x/results/sweep_20_exp_0_checkpoints.csv
033003330,0.0798842011579884,0.0006062244647182,154200000,results/rs/SC3_MHBD_MWPM_5x/results/sweep_20_exp_0_checkpoints.csv
033003330,0.0798842011579884,0.0006062244647182,194200000,results/rs/SC3_MHBD_MWPM_5x/results/sweep_20_exp_0_checkpoints.csv
033003330,0.0798842011579884,0.0006062244647182,244600000,results/rs/SC3_MHBD_MWPM_5x/results/sweep_20_exp_0_checkpoints.csv
033000330,0.0776092239077609,0.0005982681759633,308000000,results/rs/SC3_MHBD_MWPM_5x/results/sweep_20_exp_0_checkpoints.csv
033000330,0.0776092239077609,0.0005982681759633,387800000,results/rs/SC3_MHBD_MWPM_5x/results/sweep_20_exp_0_checkpoints.csv
033000330,0.0776092239077609,0.0005982681759633,488400000,results/rs/SC3_MHBD_MWPM_5x/results/sweep_20_exp_0_checkpoints.csv
033000330,0.0776092239077609,0.0005982681759633,615000000,results/rs/SC3_MHBD_MWPM_5x/results/sweep_20_exp_0_checkpoints.csv
033000330,0.0776092239077609,0.0005982681759633,774400000,results/rs/SC3_MHBD_MWPM_5x/results/sweep_20_exp_0_checkpoints.csv
033000330,0.0776092239077609,0.0005982681759633,975000000,results/rs/SC3_MHBD_MWPM_5x/results/sweep_20_exp_0_checkpoints.csv
033000330,0.0776092239077609,0.0005982681759633,1227600000,results/rs/SC3_MHBD_MWPM_5x/results/sweep_20_exp_0_checkpoints.csv
033000330,0.0776092239077609,0.0005982681759633,1545600000,results/rs/SC3_MHBD_MWPM_5x/results/sweep_20_exp_0_checkpoints.csv
033000330,0.0776092239077609,0.0005982681759633,1945800000,results/rs/SC3_MHBD_MWPM_5x/results/sweep_20_exp_0_checkpoints.csv
033000330,0.0776092239077609,0.0005982681759633,2449800000,results/rs/SC3_MHBD_MWPM_5x/results/sweep_20_exp_0_checkpoints.csv
033000330,0.0776092239077609,0.0005982681759633,3084200000,results/rs/SC3_MHBD_MWPM_5x/results/sweep_20_exp_0_checkpoints.csv
000323023,0.0905690943090569,0.0006417363183572,200000,results/rs/SC3_MHBD_MWPM_5x/results/sweep_3_exp_0_checkpoints.csv
000323023,0.0905690943090569,0.0006417363183572,400000,results/rs/SC3_MHBD_MWPM_5x/results/sweep_3_exp_0_checkpoints.csv
000323023,0.0905690943090569,0.0006417363183572,600000,results/rs/SC3_MHBD_MWPM_5x/results/sweep_3_exp_0_checkpoints.csv
000323023,0.0905690943090569,0.0006417363183572,800000,results/rs/SC3_MHBD_MWPM_5x/results/sweep_3_exp_0_checkpoints.csv
300033023,0.0854741452585474,0.0006251685554161,1200000,results/rs/SC3_MHBD_MWPM_5x/results/sweep_3_exp_0_checkpoints.csv
320333030,0.0839791602083979,0.0006201834767125,1600000,results/rs/SC3_MHBD_MWPM_5x/results/sweep_3_exp_0_checkpoints.csv
320333030,0.0839791602083979,0.0006201834767125,2200000,results/rs/SC3_MHBD_MWPM_5x/results/sweep_3_exp_0_checkpoints.csv
030332033,0.0836441635583644,0.0006190584390424,2800000,results/rs/SC3_MHBD_MWPM_5x/results/sweep_3_exp_0_checkpoints.csv
030332033,0.0836441635583644,0.0006190584390424,3600000,results/rs/SC3_MHBD_MWPM_5x/results/sweep_3_exp_0_checkpoints.csv
030332033,0.0836441635583644,0.0006190584390424,4600000,results/rs/SC3_MHBD_MWPM_5x/results/sweep_3_exp_0_checkpoints.csv
030332033,0.0836441635583644,0.0006190584390424,5800000,results/rs/SC3_MHBD_MWPM_5x/results/sweep_3_exp_0_checkpoints.csv
030332033,0.0836441635583644,0.0006190584390424,7400000,results/rs/SC3_MHBD_MWPM_5x/results/sweep_3_exp_0_checkpoints.csv
030332033,0.0836441635583644,0.0006190584390424,9400000,results/rs/SC3_MHBD_MWPM_5x/results/sweep_3_exp_0_checkpoints.csv
333003000,0.0818291817081829,0.0006129112443886,12000000,results/rs/SC3_MHBD_MWPM_5x/results/sweep_3_exp_0_checkpoints.csv
333003000,0.0818291817081829,0.0006129112443886,15200000,results/rs/SC3_MHBD_MWPM_5x/results/sweep_3_exp_0_checkpoints.csv
330333030,0.0794642053579464,0.0006047667120583,19200000,results/rs/SC3_MHBD_MWPM_5x/results/sweep_3_exp_0_checkpoints.csv
330333030,0.0794642053579464,0.0006047667120583,24200000,results/rs/SC3_MHBD_MWPM_5x/results/sweep_3_exp_0_checkpoints.csv
330333030,0.0794642053579464,0.0006047667120583,30600000,results/rs/SC3_MHBD_MWPM_5x/results/sweep_3_exp_0_checkpoints.csv
330333030,0.0794642053579464,0.0006047667120583,38600000,results/rs/SC3_MHBD_MWPM_5x/results/sweep_3_exp_0_checkpoints.csv
330333030,0.0794642053579464,0.0006047667120583,48600000,results/rs/SC3_MHBD_MWPM_5x/results/sweep_3_exp_0_checkpoints.csv
330333030,0.0794642053579464,0.0006047667120583,61200000,results/rs/SC3_MHBD_MWPM_5x/results/sweep_3_exp_0_checkpoints.csv
330333030,0.0794642053579464,0.0006047667120583,77200000,results/rs/SC3_MHBD_MWPM_5x/results/sweep_3_exp_0_checkpoints.csv
330333030,0.0794642053579464,0.0006047667120583,97200000,results/rs/SC3_MHBD_MWPM_5x/results/sweep_3_exp_0_checkpoints.csv
330333030,0.0794642053579464,0.0006047667120583,122400000,results/rs/SC3_MHBD_MWPM_5x/results/sweep_3_exp_0_checkpoints.csv
330333030,0.0794642053579464,0.0006047667120583,154200000,results/rs/SC3_MHBD_MWPM_5x/results/sweep_3_exp_0_checkpoints.csv
330333030,0.0794642053579464,0.0006047667120583,194200000,results/rs/SC3_MHBD_MWPM_5x/results/sweep_3_exp_0_checkpoints.csv
330333030,0.0794642053579464,0.0006047667120583,244600000,results/rs/SC3_MHBD_MWPM_5x/results/sweep_3_exp_0_checkpoints.csv
033300330,0.0781242187578124,0.0006000822759233,308000000,results/rs/SC3_MHBD_MWPM_5x/results/sweep_3_exp_0_checkpoints.csv
033300330,0.0781242187578124,0.0006000822759233,387800000,results/rs/SC3_MHBD_MWPM_5x/results/sweep_3_exp_0_checkpoints.csv
033300330,0.0781242187578124,0.0006000822759233,488400000,results/rs/SC3_MHBD_MWPM_5x/results/sweep_3_exp_0_checkpoints.csv
033300330,0.0781242187578124,0.0006000822759233,615000000,results/rs/SC3_MHBD_MWPM_5x/results/sweep_3_exp_0_checkpoints.csv
033300330,0.0781242187578124,0.0006000822759233,774400000,results/rs/SC3_MHBD_MWPM_5x/results/sweep_3_exp_0_checkpoints.csv
033300330,0.0781242187578124,0.0006000822759233,975000000,results/rs/SC3_MHBD_MWPM_5x/results/sweep_3_exp_0_checkpoints.csv
030330033,0.0781042189578104,0.0006000119610689,1227600000,results/rs/SC3_MHBD_MWPM_5x/results/sweep_3_exp_0_checkpoints.csv
030330033,0.0781042189578104,0.0006000119610689,1545600000,results/rs/SC3_MHBD_MWPM_5x/results/sweep_3_exp_0_checkpoints.csv
030333030,0.0775742242577574,0.0005981446010991,1945800000,results/rs/SC3_MHBD_MWPM_5x/results/sweep_3_exp_0_checkpoints.csv
030333030,0.0775742242577574,0.0005981446010991,2449800000,results/rs/SC3_MHBD_MWPM_5x/results/sweep_3_exp_0_checkpoints.csv
030333030,0.0775742242577574,0.0005981446010991,3084200000,results/rs/SC3_MHBD_MWPM_5x/results/sweep_3_exp_0_checkpoints.csv
323002300,0.0910090899091009,0.0006431376095861,200000,results/rs/SC3_MHBD_MWPM_5x/results/sweep_8_exp_0_checkpoints.csv
323002300,0.0910090899091009,0.0006431376095861,400000,results/rs/SC3_MHBD_MWPM_5x/results/sweep_8_exp_0_checkpoints.csv
323002300,0.0910090899091009,0.0006431376095861,600000,results/rs/SC3_MHBD_MWPM_5x/results/sweep_8_exp_0_checkpoints.csv
323002300,0.0910090899091009,0.0006431376095861,800000,results/rs/SC3_MHBD_MWPM_5x/results/sweep_8_exp_0_checkpoints.csv
333020002,0.0896491035089649,0.0006387914763763,1200000,results/rs/SC3_MHBD_MWPM_5x/results/sweep_8_exp_0_checkpoints.csv
030033320,0.0848641513584864,0.0006231414736248,1600000,results/rs/SC3_MHBD_MWPM_5x/results/sweep_8_exp_0_checkpoints.csv
003333003,0.0838891611083889,0.0006198814953677,2200000,results/rs/SC3_MHBD_MWPM_5x/results/sweep_8_exp_0_checkpoints.csv
003333003,0.0838891611083889,0.0006198814953677,2800000,results/rs/SC3_MHBD_MWPM_5x/results/sweep_8_exp_0_checkpoints.csv
003003300,0.0835791642083579,0.000618839811068,3600000,results/rs/SC3_MHBD_MWPM_5x/results/sweep_8_exp_0_checkpoints.csv
003003300,0.0835791642083579,0.000618839811068,4600000,results/rs/SC3_MHBD_MWPM_5x/results/sweep_8_exp_0_checkpoints.csv
003003300,0.0835791642083579,0.000618839811068,5800000,results/rs/SC3_MHBD_MWPM_5x/results/sweep_8_exp_0_checkpoints.csv
003003300,0.0835791642083579,0.000618839811068,7400000,results/rs/SC3_MHBD_MWPM_5x/results/sweep_8_exp_0_checkpoints.csv
003003300,0.0835791642083579,0.000618839811068,9400000,results/rs/SC3_MHBD_MWPM_5x/results/sweep_8_exp_0_checkpoints.csv
003003300,0.0835791642083579,0.000618839811068,12000000,results/rs/SC3_MHBD_MWPM_5x/results/sweep_8_exp_0_checkpoints.csv
003003300,0.0835791642083579,0.000618839811068,15200000,results/rs/SC3_MHBD_MWPM_5x/results/sweep_8_exp_0_checkpoints.csv
003003300,0.0835791642083579,0.000618839811068,19200000,results/rs/SC3_MHBD_MWPM_5x/results/sweep_8_exp_0_checkpoints.csv
030030032,0.0834341656583434,0.0006183516816236,24200000,results/rs/SC3_MHBD_MWPM_5x/results/sweep_8_exp_0_checkpoints.csv
000333020,0.0830491695083049,0.0006170528940856,30600000,results/rs/SC3_MHBD_MWPM_5x/results/sweep_8_exp_0_checkpoints.csv
000333020,0.0830491695083049,0.0006170528940856,38600000,results/rs/SC3_MHBD_MWPM_5x/results/sweep_8_exp_0_checkpoints.csv
000333020,0.0830491695083049,0.0006170528940856,48600000,results/rs/SC3_MHBD_MWPM_5x/results/sweep_8_exp_0_checkpoints.csv
333030033,0.0822641773582264,0.0006143925711512,61200000,results/rs/SC3_MHBD_MWPM_5x/results/sweep_8_exp_0_checkpoints.csv
003303000,0.0820041799582004,0.0006135078147053,77200000,results/rs/SC3_MHBD_MWPM_5x/results/sweep_8_exp_0_checkpoints.csv
003303000,0.0820041799582004,0.0006135078147053,97200000,results/rs/SC3_MHBD_MWPM_5x/results/sweep_8_exp_0_checkpoints.csv
030333030,0.0778342216577834,0.0005990616627968,122400000,results/rs/SC3_MHBD_MWPM_5x/results/sweep_8_exp_0_checkpoints.csv
030333030,0.0778342216577834,0.0005990616627968,154200000,results/rs/SC3_MHBD_MWPM_5x/results/sweep_8_exp_0_checkpoints.csv
030333030,0.0778342216577834,0.0005990616627968,194200000,results/rs/SC3_MHBD_MWPM_5x/results/sweep_8_exp_0_checkpoints.csv
030333030,0.0778342216577834,0.0005990616627968,244600000,results/rs/SC3_MHBD_MWPM_5x/results/sweep_8_exp_0_checkpoints.csv
030333030,0.0778342216577834,0.0005990616627968,308000000,results/rs/SC3_MHBD_MWPM_5x/results/sweep_8_exp_0_checkpoints.csv
030333030,0.0778342216577834,0.0005990616627968,387800000,results/rs/SC3_MHBD_MWPM_5x/results/sweep_8_exp_0_checkpoints.csv
030333030,0.0778342216577834,0.0005990616627968,488400000,results/rs/SC3_MHBD_MWPM_5x/results/sweep_8_exp_0_checkpoints.csv
030333030,0.0778342216577834,0.0005990616627968,615000000,results/rs/SC3_MHBD_MWPM_5x/results/sweep_8_exp_0_checkpoints.csv
030333030,0.0778342216577834,0.0005990616627968,774400000,results/rs/SC3_MHBD_MWPM_5x/results/sweep_8_exp_0_checkpoints.csv
030333030,0.0778342216577834,0.0005990616627968,975000000,results/rs/SC3_MHBD_MWPM_5x/results/sweep_8_exp_0_checkpoints.csv
030333030,0.0778342216577834,0.0005990616627968,1227600000,results/rs/SC3_MHBD_MWPM_5x/results/sweep_8_exp_0_checkpoints.csv
030333030,0.0778342216577834,0.0005990616627968,1545600000,results/rs/SC3_MHBD_MWPM_5x/results/sweep_8_exp_0_checkpoints.csv
033000330,0.0775592244077559,0.0005980916321277,1945800000,results/rs/SC3_MHBD_MWPM_5x/results/sweep_8_exp_0_checkpoints.csv
033000330,0.0775592244077559,0.0005980916321277,2449800000,results/rs/SC3_MHBD_MWPM_5x/results/sweep_8_exp_0_checkpoints.csv
033000330,0.0775592244077559,0.0005980916321277,3084200000,results/rs/SC3_MHBD_MWPM_5x/results/sweep_8_exp_0_checkpoints.csv
032222002,0.1011139888601114,0.0006741238175891,200000,results/rs/SC3_MHBD_MWPM_5x/results/sweep_10_exp_0_checkpoints.csv
032222002,0.1011139888601114,0.0006741238175891,400000,results/rs/SC3_MHBD_MWPM_5x/results/sweep_10_exp_0_checkpoints.csv
022330233,0.0919840801591984,0.0006462265737354,600000,results/rs/SC3_MHBD_MWPM_5x/results/sweep_10_exp_0_checkpoints.csv
022330233,0.0919840801591984,0.0006462265737354,800000,results/rs/SC3_MHBD_MWPM_5x/results/sweep_10_exp_0_checkpoints.csv
200003332,0.0899841001589984,0.0006398661644198,1200000,results/rs/SC3_MHBD_MWPM_5x/results/sweep_10_exp_0_checkpoints.csv
333303030,0.0835841641583584,0.000618856633082,1600000,results/rs/SC3_MHBD_MWPM_5x/results/sweep_10_exp_0_checkpoints.csv
033030300,0.0809991900080999,0.0006100705359131,2200000,results/rs/SC3_MHBD_MWPM_5x/results/sweep_10_exp_0_checkpoints.csv
033030300,0.0809991900080999,0.0006100705359131,2800000,results/rs/SC3_MHBD_MWPM_5x/results/sweep_10_exp_0_checkpoints.csv
033030300,0.0809991900080999,0.0006100705359131,3600000,results/rs/SC3_MHBD_MWPM_5x/results/sweep_10_exp_0_checkpoints.csv
033030300,0.0809991900080999,0.0006100705359131,4600000,results/rs/SC3_MHBD_MWPM_5x/results/sweep_10_exp_0_checkpoints.csv
033030300,0.0809991900080999,0.0006100705359131,5800000,results/rs/SC3_MHBD_MWPM_5x/results/sweep_10_exp_0_checkpoints.csv
033030300,0.0809991900080999,0.0006100705359131,7400000,results/rs/SC3_MHBD_MWPM_5x/results/sweep_10_exp_0_checkpoints.csv
033030300,0.0809991900080999,0.0006100705359131,9400000,results/rs/SC3_MHBD_MWPM_5x/results/sweep_10_exp_0_checkpoints.csv
033030300,0.0809991900080999,0.0006100705359131,12000000,results/rs/SC3_MHBD_MWPM_5x/results/sweep_10_exp_0_checkpoints.csv
033030300,0.0809991900080999,0.0006100705359131,15200000,results/rs/SC3_MHBD_MWPM_5x/results/sweep_10_exp_0_checkpoints.csv
033030300,0.0809991900080999,0.0006100705359131,19200000,results/rs/SC3_MHBD_MWPM_5x/results/sweep_10_exp_0_checkpoints.csv
033030300,0.0809991900080999,0.0006100705359131,24200000,results/rs/SC3_MHBD_MWPM_5x/results/sweep_10_exp_0_checkpoints.csv
033030300,0.0809991900080999,0.0006100705359131,30600000,results/rs/SC3_MHBD_MWPM_5x/results/sweep_10_exp_0_checkpoints.csv
033030300,0.0809991900080999,0.0006100705359131,38600000,results/rs/SC3_MHBD_MWPM_5x/results/sweep_10_exp_0_checkpoints.csv
033030300,0.0809991900080999,0.0006100705359131,48600000,results/rs/SC3_MHBD_MWPM_5x/results/sweep_10_exp_0_checkpoints.csv
033030300,0.0809991900080999,0.0006100705359131,61200000,results/rs/SC3_MHBD_MWPM_5x/results/sweep_10_exp_0_checkpoints.csv
033030300,0.0809991900080999,0.0006100705359131,77200000,results/rs/SC3_MHBD_MWPM_5x/results/sweep_10_exp_0_checkpoints.csv
033003030,0.0796792032079679,0.0006055135163478,97200000,results/rs/SC3_MHBD_MWPM_5x/results/sweep_10_exp_0_checkpoints.csv
033003030,0.0796792032079679,0.0006055135163478,122400000,results/rs/SC3_MHBD_MWPM_5x/results/sweep_10_exp_0_checkpoints.csv
033003030,0.0796792032079679,0.0006055135163478,154200000,results/rs/SC3_MHBD_MWPM_5x/results/sweep_10_exp_0_checkpoints.csv
033003030,0.0796792032079679,0.0006055135163478,194200000,results/rs/SC3_MHBD_MWPM_5x/results/sweep_10_exp_0_checkpoints.csv
033003030,0.0796792032079679,0.0006055135163478,244600000,results/rs/SC3_MHBD_MWPM_5x/results/sweep_10_exp_0_checkpoints.csv
033003030,0.0796792032079679,0.0006055135163478,308000000,results/rs/SC3_MHBD_MWPM_5x/results/sweep_10_exp_0_checkpoints.csv
030330030,0.0779592204077959,0.0005995018873363,387800000,results/rs/SC3_MHBD_MWPM_5x/results/sweep_10_exp_0_checkpoints.csv
030330030,0.0779592204077959,0.0005995018873363,488400000,results/rs/SC3_MHBD_MWPM_5x/results/sweep_10_exp_0_checkpoints.csv
030330030,0.0779592204077959,0.0005995018873363,615000000,results/rs/SC3_MHBD_MWPM_5x/results/sweep_10_exp_0_checkpoints.csv
030330030,0.0779592204077959,0.0005995018873363,774400000,results/rs/SC3_MHBD_MWPM_5x/results/sweep_10_exp_0_checkpoints.csv
030330030,0.0779592204077959,0.0005995018873363,975000000,results/rs/SC3_MHBD_MWPM_5x/results/sweep_10_exp_0_checkpoints.csv
030330030,0.0779592204077959,0.0005995018873363,1227600000,results/rs/SC3_MHBD_MWPM_5x/results/sweep_10_exp_0_checkpoints.csv
030330030,0.0779592204077959,0.0005995018873363,1545600000,results/rs/SC3_MHBD_MWPM_5x/results/sweep_10_exp_0_checkpoints.csv
030330030,0.0779592204077959,0.0005995018873363,1945800000,results/rs/SC3_MHBD_MWPM_5x/results/sweep_10_exp_0_checkpoints.csv
030330030,0.0779592204077959,0.0005995018873363,2449800000,results/rs/SC3_MHBD_MWPM_5x/results/sweep_10_exp_0_checkpoints.csv
033000330,0.0768742312576874,0.0005956656532362,3084200000,results/rs/SC3_MHBD_MWPM_5x/results/sweep_10_exp_0_checkpoints.csv
320032232,0.0981640183598164,0.0006653063464909,200000,results/rs/SC3_MHBD_MWPM_5x/results/sweep_4_exp_0_checkpoints.csv
233302020,0.0910290897091029,0.0006432011723518,400000,results/rs/SC3_MHBD_MWPM_5x/results/sweep_4_exp_0_checkpoints.csv
233302020,0.0910290897091029,0.0006432011723518,600000,results/rs/SC3_MHBD_MWPM_5x/results/sweep_4_exp_0_checkpoints.csv
303333332,0.0899791002089979,0.0006398500991053,800000,results/rs/SC3_MHBD_MWPM_5x/results/sweep_4_exp_0_checkpoints.csv
303333332,0.0899791002089979,0.0006398500991053,1200000,results/rs/SC3_MHBD_MWPM_5x/results/sweep_4_exp_0_checkpoints.csv
003030002,0.0870191298087019,0.0006302602705545,1600000,results/rs/SC3_MHBD_MWPM_5x/results/sweep_4_exp_0_checkpoints.csv
003030002,0.0870191298087019,0.0006302602705545,2200000,results/rs/SC3_MHBD_MWPM_5x/results/sweep_4_exp_0_checkpoints.csv
003030002,0.0870191298087019,0.0006302602705545,2800000,results/rs/SC3_MHBD_MWPM_5x/results/sweep_4_exp_0_checkpoints.csv
003030002,0.0870191298087019,0.0006302602705545,3600000,results/rs/SC3_MHBD_MWPM_5x/results/sweep_4_exp_0_checkpoints.csv
320033033,0.0836491635083649,0.0006190752610564,4600000,results/rs/SC3_MHBD_MWPM_5x/results/sweep_4_exp_0_checkpoints.csv
320033033,0.0836491635083649,0.0006190752610564,5800000,results/rs/SC3_MHBD_MWPM_5x/results/sweep_4_exp_0_checkpoints.csv
320033033,0.0836491635083649,0.0006190752610564,7400000,results/rs/SC3_MHBD_MWPM_5x/results/sweep_4_exp_0_checkpoints.csv
320033033,0.0836491635083649,0.0006190752610564,9400000,results/rs/SC3_MHBD_MWPM_5x/results/sweep_4_exp_0_checkpoints.csv
320033033,0.0836491635083649,0.0006190752610564,12000000,results/rs/SC3_MHBD_MWPM_5x/results/sweep_4_exp_0_checkpoints.csv
003330303,0.0835691643083569,0.00061880616704,15200000,results/rs/SC3_MHBD_MWPM_5x/results/sweep_4_exp_0_checkpoints.csv
003330303,0.0835691643083569,0.00061880616704,19200000,results/rs/SC3_MHBD_MWPM_5x/results/sweep_4_exp_0_checkpoints.csv
003330303,0.0835691643083569,0.00061880616704,24200000,results/rs/SC3_MHBD_MWPM_5x/results/sweep_4_exp_0_checkpoints.csv
003330303,0.0835691643083569,0.00061880616704,30600000,results/rs/SC3_MHBD_MWPM_5x/results/sweep_4_exp_0_checkpoints.csv
003330303,0.0835691643083569,0.00061880616704,38600000,results/rs/SC3_MHBD_MWPM_5x/results/sweep_4_exp_0_checkpoints.csv
003003000,0.0826391736082639,0.0006156655144877,48600000,results/rs/SC3_MHBD_MWPM_5x/results/sweep_4_exp_0_checkpoints.csv
033300033,0.0789392106078939,0.0006029374781064,61200000,results/rs/SC3_MHBD_MWPM_5x/results/sweep_4_exp_0_checkpoints.csv
033300033,0.0789392106078939,0.0006029374781064,77200000,results/rs/SC3_MHBD_MWPM_5x/results/sweep_4_exp_0_checkpoints.csv
033300033,0.0789392106078939,0.0006029374781064,97200000,results/rs/SC3_MHBD_MWPM_5x/results/sweep_4_exp_0_checkpoints.csv
033300033,0.0789392106078939,0.0006029374781064,122400000,results/rs/SC3_MHBD_MWPM_5x/results/sweep_4_exp_0_checkpoints.csv
033300033,0.0789392106078939,0.0006029374781064,154200000,results/rs/SC3_MHBD_MWPM_5x/results/sweep_4_exp_0_checkpoints.csv
033300033,0.0789392106078939,0.0006029374781064,194200000,results/rs/SC3_MHBD_MWPM_5x/results/sweep_4_exp_0_checkpoints.csv
033300033,0.0789392106078939,0.0006029374781064,244600000,results/rs/SC3_MHBD_MWPM_5x/results/sweep_4_exp_0_checkpoints.csv
033300033,0.0789392106078939,0.0006029374781064,308000000,results/rs/SC3_MHBD_MWPM_5x/results/sweep_4_exp_0_checkpoints.csv
033300033,0.0789392106078939,0.0006029374781064,387800000,results/rs/SC3_MHBD_MWPM_5x/results/sweep_4_exp_0_checkpoints.csv
033300033,0.0789392106078939,0.0006029374781064,488400000,results/rs/SC3_MHBD_MWPM_5x/results/sweep_4_exp_0_checkpoints.csv
030333030,0.0769392306076939,0.0005958964466117,615000000,results/rs/SC3_MHBD_MWPM_5x/results/sweep_4_exp_0_checkpoints.csv
030333030,0.0769392306076939,0.0005958964466117,774400000,results/rs/SC3_MHBD_MWPM_5x/results/sweep_4_exp_0_checkpoints.csv
030333030,0.0769392306076939,0.0005958964466117,975000000,results/rs/SC3_MHBD_MWPM_5x/results/sweep_4_exp_0_checkpoints.csv
030333030,0.0769392306076939,0.0005958964466117,1227600000,results/rs/SC3_MHBD_MWPM_5x/results/sweep_4_exp_0_checkpoints.csv
030333030,0.0769392306076939,0.0005958964466117,1545600000,results/rs/SC3_MHBD_MWPM_5x/results/sweep_4_exp_0_checkpoints.csv
030333030,0.0769392306076939,0.0005958964466117,1945800000,results/rs/SC3_MHBD_MWPM_5x/results/sweep_4_exp_0_checkpoints.csv
030333030,0.0769392306076939,0.0005958964466117,2449800000,results/rs/SC3_MHBD_MWPM_5x/results/sweep_4_exp_0_checkpoints.csv
030333030,0.0769392306076939,0.0005958964466117,3084200000,results/rs/SC3_MHBD_MWPM_5x/results/sweep_4_exp_0_checkpoints.csv
030320003,0.0859841401585984,0.000626855995506,200000,results/rs/SC3_MHBD_MWPM_5x/results/sweep_2_exp_0_checkpoints.csv
030320003,0.0859841401585984,0.000626855995506,400000,results/rs/SC3_MHBD_MWPM_5x/results/sweep_2_exp_0_checkpoints.csv
030320003,0.0859841401585984,0.000626855995506,600000,results/rs/SC3_MHBD_MWPM_5x/results/sweep_2_exp_0_checkpoints.csv
030320003,0.0859841401585984,0.000626855995506,800000,results/rs/SC3_MHBD_MWPM_5x/results/sweep_2_exp_0_checkpoints.csv
030320003,0.0859841401585984,0.000626855995506,1200000,results/rs/SC3_MHBD_MWPM_5x/results/sweep_2_exp_0_checkpoints.csv
003323000,0.0857691423085769,0.0006261454545892,1600000,results/rs/SC3_MHBD_MWPM_5x/results/sweep_2_exp_0_checkpoints.csv
003323000,0.0857691423085769,0.0006261454545892,2200000,results/rs/SC3_MHBD_MWPM_5x/results/sweep_2_exp_0_checkpoints.csv
003323000,0.0857691423085769,0.0006261454545892,2800000,results/rs/SC3_MHBD_MWPM_5x/results/sweep_2_exp_0_checkpoints.csv
003323000,0.0857691423085769,0.0006261454545892,3600000,results/rs/SC3_MHBD_MWPM_5x/results/sweep_2_exp_0_checkpoints.csv
003323000,0.0857691423085769,0.0006261454545892,4600000,results/rs/SC3_MHBD_MWPM_5x/results/sweep_2_exp_0_checkpoints.csv
030333033,0.0809841901580984,0.0006100189639255,5800000,results/rs/SC3_MHBD_MWPM_5x/results/sweep_2_exp_0_checkpoints.csv
030333033,0.0809841901580984,0.0006100189639255,7400000,results/rs/SC3_MHBD_MWPM_5x/results/sweep_2_exp_0_checkpoints.csv
030333033,0.0809841901580984,0.0006100189639255,9400000,results/rs/SC3_MHBD_MWPM_5x/results/sweep_2_exp_0_checkpoints.csv
030333033,0.0809841901580984,0.0006100189639255,12000000,results/rs/SC3_MHBD_MWPM_5x/results/sweep_2_exp_0_checkpoints.csv
030333033,0.0809841901580984,0.0006100189639255,15200000,results/rs/SC3_MHBD_MWPM_5x/results/sweep_2_exp_0_checkpoints.csv
030333033,0.0809841901580984,0.0006100189639255,19200000,results/rs/SC3_MHBD_MWPM_5x/results/sweep_2_exp_0_checkpoints.csv
030333033,0.0809841901580984,0.0006100189639255,24200000,results/rs/SC3_MHBD_MWPM_5x/results/sweep_2_exp_0_checkpoints.csv
030333033,0.0809841901580984,0.0006100189639255,30600000,results/rs/SC3_MHBD_MWPM_5x/results/sweep_2_exp_0_checkpoints.csv
030333033,0.0809841901580984,0.0006100189639255,38600000,results/rs/SC3_MHBD_MWPM_5x/results/sweep_2_exp_0_checkpoints.csv
030333033,0.0809841901580984,0.0006100189639255,48600000,results/rs/SC3_MHBD_MWPM_5x/results/sweep_2_exp_0_checkpoints.csv
033330030,0.0788342116578834,0.000602570711635,61200000,results/rs/SC3_MHBD_MWPM_5x/results/sweep_2_exp_0_checkpoints.csv
033330030,0.0788342116578834,0.000602570711635,77200000,results/rs/SC3_MHBD_MWPM_5x/results/sweep_2_exp_0_checkpoints.csv
033330030,0.0788342116578834,0.000602570711635,97200000,results/rs/SC3_MHBD_MWPM_5x/results/sweep_2_exp_0_checkpoints.csv
033330030,0.0788342116578834,0.000602570711635,122400000,results/rs/SC3_MHBD_MWPM_5x/results/sweep_2_exp_0_checkpoints.csv
033330030,0.0788342116578834,0.000602570711635,154200000,results/rs/SC3_MHBD_MWPM_5x/results/sweep_2_exp_0_checkpoints.csv
033330030,0.0788342116578834,0.000602570711635,194200000,results/rs/SC3_MHBD_MWPM_5x/results/sweep_2_exp_0_checkpoints.csv
033330030,0.0788342116578834,0.000602570711635,244600000,results/rs/SC3_MHBD_MWPM_5x/results/sweep_2_exp_0_checkpoints.csv
033330030,0.0788342116578834,0.000602570711635,308000000,results/rs/SC3_MHBD_MWPM_5x/results/sweep_2_exp_0_checkpoints.csv
033330030,0.0788342116578834,0.000602570711635,387800000,results/rs/SC3_MHBD_MWPM_5x/results/sweep_2_exp_0_checkpoints.csv
033330030,0.0788342116578834,0.000602570711635,488400000,results/rs/SC3_MHBD_MWPM_5x/results/sweep_2_exp_0_checkpoints.csv
033330030,0.0788342116578834,0.000602570711635,615000000,results/rs/SC3_MHBD_MWPM_5x/results/sweep_2_exp_0_checkpoints.csv
033330030,0.0788342116578834,0.000602570711635,774400000,results/rs/SC3_MHBD_MWPM_5x/results/sweep_2_exp_0_checkpoints.csv
033330030,0.0788342116578834,0.000602570711635,975000000,results/rs/SC3_MHBD_MWPM_5x/results/sweep_2_exp_0_checkpoints.csv
033330030,0.0788342116578834,0.000602570711635,1227600000,results/rs/SC3_MHBD_MWPM_5x/results/sweep_2_exp_0_checkpoints.csv
033330030,0.0788342116578834,0.000602570711635,1545600000,results/rs/SC3_MHBD_MWPM_5x/results/sweep_2_exp_0_checkpoints.csv
033030030,0.0780742192578074,0.0005999064887873,1945800000,results/rs/SC3_MHBD_MWPM_5x/results/sweep_2_exp_0_checkpoints.csv
033000330,0.0778142218577814,0.0005989911733195,2449800000,results/rs/SC3_MHBD_MWPM_5x/results/sweep_2_exp_0_checkpoints.csv
033000330,0.0778142218577814,0.0005989911733195,3084200000,results/rs/SC3_MHBD_MWPM_5x/results/sweep_2_exp_0_checkpoints.csv
202303323,0.0945640543594564,0.0006542950868606,200000,results/rs/SC3_MHBD_MWPM_5x/results/sweep_21_exp_0_checkpoints.csv
022230303,0.0931090689093109,0.0006497634458355,400000,results/rs/SC3_MHBD_MWPM_5x/results/sweep_21_exp_0_checkpoints.csv
022230303,0.0931090689093109,0.0006497634458355,600000,results/rs/SC3_MHBD_MWPM_5x/results/sweep_21_exp_0_checkpoints.csv
320030033,0.0834091659083409,0.0006182674551382,800000,results/rs/SC3_MHBD_MWPM_5x/results/sweep_21_exp_0_checkpoints.csv
320033000,0.0831841681583184,0.0006175087764859,1200000,results/rs/SC3_MHBD_MWPM_5x/results/sweep_21_exp_0_checkpoints.csv
320033000,0.0831841681583184,0.0006175087764859,1600000,results/rs/SC3_MHBD_MWPM_5x/results/sweep_21_exp_0_checkpoints.csv
320033000,0.0831841681583184,0.0006175087764859,2200000,results/rs/SC3_MHBD_MWPM_5x/results/sweep_21_exp_0_checkpoints.csv
320033000,0.0831841681583184,0.0006175087764859,2800000,results/rs/SC3_MHBD_MWPM_5x/results/sweep_21_exp_0_checkpoints.csv
320033000,0.0831841681583184,0.0006175087764859,3600000,results/rs/SC3_MHBD_MWPM_5x/results/sweep_21_exp_0_checkpoints.csv
320033000,0.0831841681583184,0.0006175087764859,4600000,results/rs/SC3_MHBD_MWPM_5x/results/sweep_21_exp_0_checkpoints.csv
033000300,0.0818041819581804,0.0006128259701654,5800000,results/rs/SC3_MHBD_MWPM_5x/results/sweep_21_exp_0_checkpoints.csv
033000300,0.0818041819581804,0.0006128259701654,7400000,results/rs/SC3_MHBD_MWPM_5x/results/sweep_21_exp_0_checkpoints.csv
033000300,0.0818041819581804,0.0006128259701654,9400000,results/rs/SC3_MHBD_MWPM_5x/results/sweep_21_exp_0_checkpoints.csv
033000300,0.0818041819581804,0.0006128259701654,12000000,results/rs/SC3_MHBD_MWPM_5x/results/sweep_21_exp_0_checkpoints.csv
003300330,0.0815191848081519,0.0006118524470366,15200000,results/rs/SC3_MHBD_MWPM_5x/results/sweep_21_exp_0_checkpoints.csv
030333000,0.0795842041579584,0.0006051837117411,19200000,results/rs/SC3_MHBD_MWPM_5x/results/sweep_21_exp_0_checkpoints.csv
030333000,0.0795842041579584,0.0006051837117411,24200000,results/rs/SC3_MHBD_MWPM_5x/results/sweep_21_exp_0_checkpoints.csv
030333000,0.0795842041579584,0.0006051837117411,30600000,results/rs/SC3_MHBD_MWPM_5x/results/sweep_21_exp_0_checkpoints.csv
030333000,0.0795842041579584,0.0006051837117411,38600000,results/rs/SC3_MHBD_MWPM_5x/results/sweep_21_exp_0_checkpoints.csv
333000330,0.0789092109078909,0.0006028327043168,48600000,results/rs/SC3_MHBD_MWPM_5x/results/sweep_21_exp_0_checkpoints.csv
333000330,0.0789092109078909,0.0006028327043168,61200000,results/rs/SC3_MHBD_MWPM_5x/results/sweep_21_exp_0_checkpoints.csv
333000330,0.0789092109078909,0.0006028327043168,77200000,results/rs/SC3_MHBD_MWPM_5x/results/sweep_21_exp_0_checkpoints.csv
333000330,0.0789092109078909,0.0006028327043168,97200000,results/rs/SC3_MHBD_MWPM_5x/results/sweep_21_exp_0_checkpoints.csv
030330330,0.0787742122578774,0.0006023609894327,122400000,results/rs/SC3_MHBD_MWPM_5x/results/sweep_21_exp_0_checkpoints.csv
030330330,0.0787742122578774,0.0006023609894327,154200000,results/rs/SC3_MHBD_MWPM_5x/results/sweep_21_exp_0_checkpoints.csv
030330330,0.0787742122578774,0.0006023609894327,194200000,results/rs/SC3_MHBD_MWPM_5x/results/sweep_21_exp_0_checkpoints.csv
030330330,0.0787742122578774,0.0006023609894327,244600000,results/rs/SC3_MHBD_MWPM_5x/results/sweep_21_exp_0_checkpoints.csv
030330330,0.0787742122578774,0.0006023609894327,308000000,results/rs/SC3_MHBD_MWPM_5x/results/sweep_21_exp_0_checkpoints.csv
030330330,0.0787742122578774,0.0006023609894327,387800000,results/rs/SC3_MHBD_MWPM_5x/results/sweep_21_exp_0_checkpoints.csv
030030030,0.0784442155578444,0.0006012056255713,488400000,results/rs/SC3_MHBD_MWPM_5x/results/sweep_21_exp_0_checkpoints.csv
030030030,0.0784442155578444,0.0006012056255713,615000000,results/rs/SC3_MHBD_MWPM_5x/results/sweep_21_exp_0_checkpoints.csv
030030030,0.0784442155578444,0.0006012056255713,774400000,results/rs/SC3_MHBD_MWPM_5x/results/sweep_21_exp_0_checkpoints.csv
030030030,0.0784442155578444,0.0006012056255713,975000000,results/rs/SC3_MHBD_MWPM_5x/results/sweep_21_exp_0_checkpoints.csv
030030030,0.0784442155578444,0.0006012056255713,1227600000,results/rs/SC3_MHBD_MWPM_5x/results/sweep_21_exp_0_checkpoints.csv
030030030,0.0784442155578444,0.0006012056255713,1545600000,results/rs/SC3_MHBD_MWPM_5x/results/sweep_21_exp_0_checkpoints.csv
030030030,0.0784442155578444,0.0006012056255713,1945800000,results/rs/SC3_MHBD_MWPM_5x/results/sweep_21_exp_0_checkpoints.csv
030030030,0.0784442155578444,0.0006012056255713,2449800000,results/rs/SC3_MHBD_MWPM_5x/results/sweep_21_exp_0_checkpoints.csv
030030330,0.0782842171578284,0.0006006443290971,3084200000,results/rs/SC3_MHBD_MWPM_5x/results/sweep_21_exp_0_checkpoints.csv
302030202,0.0928140718592814,0.0006488388171419,200000,results/rs/SC3_MHBD_MWPM_5x/results/sweep_16_exp_0_checkpoints.csv
302030202,0.0928140718592814,0.0006488388171419,400000,results/rs/SC3_MHBD_MWPM_5x/results/sweep_16_exp_0_checkpoints.csv
302030202,0.0928140718592814,0.0006488388171419,600000,results/rs/SC3_MHBD_MWPM_5x/results/sweep_16_exp_0_checkpoints.csv
020020230,0.0913440865591344,0.0006442014127969,800000,results/rs/SC3_MHBD_MWPM_5x/results/sweep_16_exp_0_checkpoints.csv
020020230,0.0913440865591344,0.0006442014127969,1200000,results/rs/SC3_MHBD_MWPM_5x/results/sweep_16_exp_0_checkpoints.csv
020020230,0.0913440865591344,0.0006442014127969,1600000,results/rs/SC3_MHBD_MWPM_5x/results/sweep_16_exp_0_checkpoints.csv
020020230,0.0913440865591344,0.0006442014127969,2200000,results/rs/SC3_MHBD_MWPM_5x/results/sweep_16_exp_0_checkpoints.csv
323032330,0.0907690923090769,0.0006423738086596,2800000,results/rs/SC3_MHBD_MWPM_5x/results/sweep_16_exp_0_checkpoints.csv
002030020,0.0879191208087919,0.0006331988261081,3600000,results/rs/SC3_MHBD_MWPM_5x/results/sweep_16_exp_0_checkpoints.csv
002030020,0.0879191208087919,0.0006331988261081,4600000,results/rs/SC3_MHBD_MWPM_5x/results/sweep_16_exp_0_checkpoints.csv
003033200,0.0849091509084909,0.0006232913583517,5800000,results/rs/SC3_MHBD_MWPM_5x/results/sweep_16_exp_0_checkpoints.csv
003033200,0.0849091509084909,0.0006232913583517,7400000,results/rs/SC3_MHBD_MWPM_5x/results/sweep_16_exp_0_checkpoints.csv
003033200,0.0849091509084909,0.0006232913583517,9400000,results/rs/SC3_MHBD_MWPM_5x/results/sweep_16_exp_0_checkpoints.csv
333030030,0.0811541884581154,0.0006106024375185,12000000,results/rs/SC3_MHBD_MWPM_5x/results/sweep_16_exp_0_checkpoints.csv
333030030,0.0811541884581154,0.0006106024375185,15200000,results/rs/SC3_MHBD_MWPM_5x/results/sweep_16_exp_0_checkpoints.csv
333030030,0.0811541884581154,0.0006106024375185,19200000,results/rs/SC3_MHBD_MWPM_5x/results/sweep_16_exp_0_checkpoints.csv
333030030,0.0811541884581154,0.0006106024375185,24200000,results/rs/SC3_MHBD_MWPM_5x/results/sweep_16_exp_0_checkpoints.csv
333030030,0.0811541884581154,0.0006106024375185,30600000,results/rs/SC3_MHBD_MWPM_5x/results/sweep_16_exp_0_checkpoints.csv
333030030,0.0811541884581154,0.0006106024375185,38600000,results/rs/SC3_MHBD_MWPM_5x/results/sweep_16_exp_0_checkpoints.csv
333030030,0.0811541884581154,0.0006106024375185,48600000,results/rs/SC3_MHBD_MWPM_5x/results/sweep_16_exp_0_checkpoints.csv
333030030,0.0811541884581154,0.0006106024375185,61200000,results/rs/SC3_MHBD_MWPM_5x/results/sweep_16_exp_0_checkpoints.csv
000333300,0.0803091969080309,0.0006076944991946,77200000,results/rs/SC3_MHBD_MWPM_5x/results/sweep_16_exp_0_checkpoints.csv
033030030,0.0793042069579304,0.000604210072197,97200000,results/rs/SC3_MHBD_MWPM_5x/results/sweep_16_exp_0_checkpoints.csv
033030030,0.0793042069579304,0.000604210072197,122400000,results/rs/SC3_MHBD_MWPM_5x/results/sweep_16_exp_0_checkpoints.csv
033030030,0.0793042069579304,0.000604210072197,154200000,results/rs/SC3_MHBD_MWPM_5x/results/sweep_16_exp_0_checkpoints.csv
033030030,0.0793042069579304,0.000604210072197,194200000,results/rs/SC3_MHBD_MWPM_5x/results/sweep_16_exp_0_checkpoints.csv
033030030,0.0793042069579304,0.000604210072197,244600000,results/rs/SC3_MHBD_MWPM_5x/results/sweep_16_exp_0_checkpoints.csv
033030030,0.0793042069579304,0.000604210072197,308000000,results/rs/SC3_MHBD_MWPM_5x/results/sweep_16_exp_0_checkpoints.csv
033030030,0.0793042069579304,0.000604210072197,387800000,results/rs/SC3_MHBD_MWPM_5x/results/sweep_16_exp_0_checkpoints.csv
033030030,0.0793042069579304,0.000604210072197,488400000,results/rs/SC3_MHBD_MWPM_5x/results/sweep_16_exp_0_checkpoints.csv
033030030,0.0793042069579304,0.000604210072197,615000000,results/rs/SC3_MHBD_MWPM_5x/results/sweep_16_exp_0_checkpoints.csv
030333030,0.0786892131078689,0.0006020636647008,774400000,results/rs/SC3_MHBD_MWPM_5x/results/sweep_16_exp_0_checkpoints.csv
033000330,0.0769842301576984,0.0005960561684332,975000000,results/rs/SC3_MHBD_MWPM_5x/results/sweep_16_exp_0_checkpoints.csv
033000330,0.0769842301576984,0.0005960561684332,1227600000,results/rs/SC3_MHBD_MWPM_5x/results/sweep_16_exp_0_checkpoints.csv
033000330,0.0769842301576984,0.0005960561684332,1545600000,results/rs/SC3_MHBD_MWPM_5x/results/sweep_16_exp_0_checkpoints.csv
033000330,0.0769842301576984,0.0005960561684332,1945800000,results/rs/SC3_MHBD_MWPM_5x/results/sweep_16_exp_0_checkpoints.csv
030030030,0.0769442305576944,0.0005959141999483,2449800000,results/rs/SC3_MHBD_MWPM_5x/results/sweep_16_exp_0_checkpoints.csv
030030030,0.0769442305576944,0.0005959141999483,3084200000,results/rs/SC3_MHBD_MWPM_5x/results/sweep_16_exp_0_checkpoints.csv
