clifford_deformation,exp_ler,uncertainty,method_shots,source_file
0330233320232222303000233,0.0116164941917529,5.357597910915501e-05,4000000,results/rs/SC5_MHBD_MWPM_2_5x/results/sweep_9_exp_0_checkpoints.csv
0330233320232222303000233,0.0116164941917529,5.357597910915501e-05,8000000,results/rs/SC5_MHBD_MWPM_2_5x/results/sweep_9_exp_0_checkpoints.csv
0330233320232222303000233,0.0116164941917529,5.357597910915501e-05,12000000,results/rs/SC5_MHBD_MWPM_2_5x/results/sweep_9_exp_0_checkpoints.csv
0330233320232222303000233,0.0116164941917529,5.357597910915501e-05,16000000,results/rs/SC5_MHBD_MWPM_2_5x/results/sweep_9_exp_0_checkpoints.csv
2200203320200322300000320,0.0110274944862527,5.221561150392517e-05,24000000,results/rs/SC5_MHBD_MWPM_2_5x/results/sweep_9_exp_0_checkpoints.csv
2023303033020003033223202,0.0107892446053776,5.165469337953255e-05,32000000,results/rs/SC5_MHBD_MWPM_2_5x/results/sweep_9_exp_0_checkpoints.csv
0332303320302033002330030,0.0104089947955026,5.074603541288525e-05,44000000,results/rs/SC5_MHBD_MWPM_2_5x/results/sweep_9_exp_0_checkpoints.csv
0333300203032032232003330,0.0101874949062525,5.020881872042082e-05,56000000,results/rs/SC5_MHBD_MWPM_2_5x/results/sweep_9_exp_0_checkpoints.csv
0333300203032032232003330,0.0101874949062525,5.020881872042082e-05,72000000,results/rs/SC5_MHBD_MWPM_2_5x/results/sweep_9_exp_0_checkpoints.csv
0333300203032032232003330,0.0101874949062525,5.020881872042082e-05,92000000,results/rs/SC5_MHBD_MWPM_2_5x/results/sweep_9_exp_0_checkpoints.csv
0333300203032032232003330,0.0101874949062525,5.020881872042082e-05,116000000,results/rs/SC5_MHBD_MWPM_2_5x/results/sweep_9_exp_0_checkpoints.csv
0333300203032032232003330,0.0101874949062525,5.020881872042082e-05,148000000,results/rs/SC5_MHBD_MWPM_2_5x/results/sweep_9_exp_0_checkpoints.csv
0333300203032032232003330,0.0101874949062525,5.020881872042082e-05,188000000,results/rs/SC5_MHBD_MWPM_2_5x/results/sweep_9_exp_0_checkpoints.csv
0333300203032032232003330,0.0101874949062525,5.020881872042082e-05,240000000,results/rs/SC5_MHBD_MWPM_2_5x/results/sweep_9_exp_0_checkpoints.csv
0023033003233023033030330,0.0096682451658774,4.89253579871729e-05,304000000,results/rs/SC5_MHBD_MWPM_2_5x/results/sweep_9_exp_0_checkpoints.csv
0023033003233023033030330,0.0096682451658774,4.89253579871729e-05,384000000,results/rs/SC5_MHBD_MWPM_2_5x/results/sweep_9_exp_0_checkpoints.csv
0023033003233023033030330,0.0096682451658774,4.89253579871729e-05,484000000,results/rs/SC5_MHBD_MWPM_2_5x/results/sweep_9_exp_0_checkpoints.csv
0203020333330033030333033,0.0091147454426272,4.751752203446813e-05,612000000,results/rs/SC5_MHBD_MWPM_2_5x/results/sweep_9_exp_0_checkpoints.csv
0203020333330033030333033,0.0091147454426272,4.751752203446813e-05,772000000,results/rs/SC5_MHBD_MWPM_2_5x/results/sweep_9_exp_0_checkpoints.csv
0203020333330033030333033,0.0091147454426272,4.751752203446813e-05,972000000,results/rs/SC5_MHBD_MWPM_2_5x/results/sweep_9_exp_0_checkpoints.csv
0203020333330033030333033,0.0091147454426272,4.751752203446813e-05,1224000000,results/rs/SC5_MHBD_MWPM_2_5x/results/sweep_9_exp_0_checkpoints.csv
0203020333330033030333033,0.0091147454426272,4.751752203446813e-05,1544000000,results/rs/SC5_MHBD_MWPM_2_5x/results/sweep_9_exp_0_checkpoints.csv
0203020333330033030333033,0.0091147454426272,4.751752203446813e-05,1944000000,results/rs/SC5_MHBD_MWPM_2_5x/results/sweep_9_exp_0_checkpoints.csv
0203020333330033030333033,0.0091147454426272,4.751752203446813e-05,2448000000,results/rs/SC5_MHBD_MWPM_2_5x/results/sweep_9_exp_0_checkpoints.csv
0203020333330033030333033,0.0091147454426272,4.751752203446813e-05,3084000000,results/rs/SC5_MHBD_MWPM_2_5x/results/sweep_9_exp_0_checkpoints.csv
3003300333330330200033033,0.0090307454846272,4.730006548925303e-05,3884000000,results/rs/SC5_MHBD_MWPM_2_5x/results/sweep_9_exp_0_checkpoints.csv
3003300333330330200033033,0.0090307454846272,4.730006548925303e-05,4892000000,results/rs/SC5_MHBD_MWPM_2_5x/results/sweep_9_exp_0_checkpoints.csv
3003300333330330200033033,0.0090307454846272,4.730006548925303e-05,6160000000,results/rs/SC5_MHBD_MWPM_2_5x/results/sweep_9_exp_0_checkpoints.csv
3003300333330330200033033,0.0090307454846272,4.730006548925303e-05,7756000000,results/rs/SC5_MHBD_MWPM_2_5x/results/sweep_9_exp_0_checkpoints.csv
3003300333330330200033033,0.0090307454846272,4.730006548925303e-05,9768000000,results/rs/SC5_MHBD_MWPM_2_5x/results/sweep_9_exp_0_checkpoints.csv
3003300333330330200033033,0.0090307454846272,4.730006548925303e-05,12300000000,results/rs/SC5_MHBD_MWPM_2_5x/results/sweep_9_exp_0_checkpoints.csv
3003300333330330200033033,0.0090307454846272,4.730006548925303e-05,15488000000,results/rs/SC5_MHBD_MWPM_2_5x/results/sweep_9_exp_0_checkpoints.csv
3003300333330330200033033,0.0090307454846272,4.730006548925303e-05,19500000000,results/rs/SC5_MHBD_MWPM_2_5x/results/sweep_9_exp_0_checkpoints.csv
3003300333330330200033033,0.0090307454846272,4.730006548925303e-05,24552000000,results/rs/SC5_MHBD_MWPM_2_5x/results/sweep_9_exp_0_checkpoints.csv
0303020300330300030032020,0.0090287454856272,4.729487409349531e-05,30912000000,results/rs/SC5_MHBD_MWPM_2_5x/results/sweep_9_exp_0_checkpoints.csv
0303020300330300030032020,0.0090287454856272,4.729487409349531e-05,38916000000,results/rs/SC5_MHBD_MWPM_2_5x/results/sweep_9_exp_0_checkpoints.csv
0303020300330300030032020,0.0090287454856272,4.729487409349531e-05,48996000000,results/rs/SC5_MHBD_MWPM_2_5x/results/sweep_9_exp_0_checkpoints.csv
0303020300330300030032020,0.0090287454856272,4.729487409349531e-05,61684000000,results/rs/SC5_MHBD_MWPM_2_5x/results/sweep_9_exp_0_checkpoints.csv
0303020300330300030032020,0.0090287454856272,4.729487409349531e-05,77656000000,results/rs/SC5_MHBD_MWPM_2_5x/results/sweep_9_exp_0_checkpoints.csv
0303020300330300030032020,0.0090287454856272,4.729487409349531e-05,97764000000,results/rs/SC5_MHBD_MWPM_2_5x/results/sweep_9_exp_0_checkpoints.csv
2322023003032300022222200,0.0119027440486279,5.422420872491784e-05,4000000,results/rs/SC5_MHBD_MWPM_2_5x/results/sweep_16_exp_0_checkpoints.csv
0033030033230303322230003,0.0100267449866275,4.981516394764185e-05,8000000,results/rs/SC5_MHBD_MWPM_2_5x/results/sweep_16_exp_0_checkpoints.csv
0033030033230303322230003,0.0100267449866275,4.981516394764185e-05,12000000,results/rs/SC5_MHBD_MWPM_2_5x/results/sweep_16_exp_0_checkpoints.csv
0033030033230303322230003,0.0100267449866275,4.981516394764185e-05,16000000,results/rs/SC5_MHBD_MWPM_2_5x/results/sweep_16_exp_0_checkpoints.csv
0033030033230303322230003,0.0100267449866275,4.981516394764185e-05,24000000,results/rs/SC5_MHBD_MWPM_2_5x/results/sweep_16_exp_0_checkpoints.csv
0033030033230303322230003,0.0100267449866275,4.981516394764185e-05,32000000,results/rs/SC5_MHBD_MWPM_2_5x/results/sweep_16_exp_0_checkpoints.csv
0033030033230303322230003,0.0100267449866275,4.981516394764185e-05,44000000,results/rs/SC5_MHBD_MWPM_2_5x/results/sweep_16_exp_0_checkpoints.csv
0033030033230303322230003,0.0100267449866275,4.981516394764185e-05,56000000,results/rs/SC5_MHBD_MWPM_2_5x/results/sweep_16_exp_0_checkpoints.csv
0033030033230303322230003,0.0100267449866275,4.981516394764185e-05,72000000,results/rs/SC5_MHBD_MWPM_2_5x/results/sweep_16_exp_0_checkpoints.csv
0033030033230303322230003,0.0100267449866275,4.981516394764185e-05,92000000,results/rs/SC5_MHBD_MWPM_2_5x/results/sweep_16_exp_0_checkpoints.csv
0033030033230303322230003,0.0100267449866275,4.981516394764185e-05,116000000,results/rs/SC5_MHBD_MWPM_2_5x/results/sweep_16_exp_0_checkpoints.csv
0033030033230303322230003,0.0100267449866275,4.981516394764185e-05,148000000,results/rs/SC5_MHBD_MWPM_2_5x/results/sweep_16_exp_0_checkpoints.csv
0033030033230303322230003,0.0100267449866275,4.981516394764185e-05,188000000,results/rs/SC5_MHBD_MWPM_2_5x/results/sweep_16_exp_0_checkpoints.csv
0033030033230303322230003,0.0100267449866275,4.981516394764185e-05,240000000,results/rs/SC5_MHBD_MWPM_2_5x/results/sweep_16_exp_0_checkpoints.csv
0033030033230303322230003,0.0100267449866275,4.981516394764185e-05,304000000,results/rs/SC5_MHBD_MWPM_2_5x/results/sweep_16_exp_0_checkpoints.csv
2003330303032300303023332,0.0096337451831274,4.8838839575182647e-05,384000000,results/rs/SC5_MHBD_MWPM_2_5x/results/sweep_16_exp_0_checkpoints.csv
2003330303032300303023332,0.0096337451831274,4.8838839575182647e-05,484000000,results/rs/SC5_MHBD_MWPM_2_5x/results/sweep_16_exp_0_checkpoints.csv
2323033300330333030033030,0.0091469954265022,4.7600737161701545e-05,612000000,results/rs/SC5_MHBD_MWPM_2_5x/results/sweep_16_exp_0_checkpoints.csv
2323033300330333030033030,0.0091469954265022,4.7600737161701545e-05,772000000,results/rs/SC5_MHBD_MWPM_2_5x/results/sweep_16_exp_0_checkpoints.csv
2323033300330333030033030,0.0091469954265022,4.7600737161701545e-05,972000000,results/rs/SC5_MHBD_MWPM_2_5x/results/sweep_16_exp_0_checkpoints.csv
2323033300330333030033030,0.0091469954265022,4.7600737161701545e-05,1224000000,results/rs/SC5_MHBD_MWPM_2_5x/results/sweep_16_exp_0_checkpoints.csv
2323033300330333030033030,0.0091469954265022,4.7600737161701545e-05,1544000000,results/rs/SC5_MHBD_MWPM_2_5x/results/sweep_16_exp_0_checkpoints.csv
2323033300330333030033030,0.0091469954265022,4.7600737161701545e-05,1944000000,results/rs/SC5_MHBD_MWPM_2_5x/results/sweep_16_exp_0_checkpoints.csv
3003000300030233003330030,0.0091229954385022,4.753882603836246e-05,2448000000,results/rs/SC5_MHBD_MWPM_2_5x/results/sweep_16_exp_0_checkpoints.csv
3003000300030233003330030,0.0091229954385022,4.753882603836246e-05,3084000000,results/rs/SC5_MHBD_MWPM_2_5x/results/sweep_16_exp_0_checkpoints.csv
3003000300030233003330030,0.0091229954385022,4.753882603836246e-05,3884000000,results/rs/SC5_MHBD_MWPM_2_5x/results/sweep_16_exp_0_checkpoints.csv
3003000300030233003330030,0.0091229954385022,4.753882603836246e-05,4892000000,results/rs/SC5_MHBD_MWPM_2_5x/results/sweep_16_exp_0_checkpoints.csv
3003000300030233003330030,0.0091229954385022,4.753882603836246e-05,6160000000,results/rs/SC5_MHBD_MWPM_2_5x/results/sweep_16_exp_0_checkpoints.csv
0233300030333330000003300,0.0090714954642522,4.740568692795932e-05,7756000000,results/rs/SC5_MHBD_MWPM_2_5x/results/sweep_16_exp_0_checkpoints.csv
0233300030333330000003300,0.0090714954642522,4.740568692795932e-05,9768000000,results/rs/SC5_MHBD_MWPM_2_5x/results/sweep_16_exp_0_checkpoints.csv
3033330300030030303003000,0.0087774956112521,4.66380879515782e-05,12300000000,results/rs/SC5_MHBD_MWPM_2_5x/results/sweep_16_exp_0_checkpoints.csv
3033330300030030303003000,0.0087774956112521,4.66380879515782e-05,15488000000,results/rs/SC5_MHBD_MWPM_2_5x/results/sweep_16_exp_0_checkpoints.csv
3033330300030030303003000,0.0087774956112521,4.66380879515782e-05,19500000000,results/rs/SC5_MHBD_MWPM_2_5x/results/sweep_16_exp_0_checkpoints.csv
3033330300030030303003000,0.0087774956112521,4.66380879515782e-05,24552000000,results/rs/SC5_MHBD_MWPM_2_5x/results/sweep_16_exp_0_checkpoints.csv
3033330300030030303003000,0.0087774956112521,4.66380879515782e-05,30912000000,results/rs/SC5_MHBD_MWPM_2_5x/results/sweep_16_exp_0_checkpoints.csv
3033330300030030303003000,0.0087774956112521,4.66380879515782e-05,38916000000,results/rs/SC5_MHBD_MWPM_2_5x/results/sweep_16_exp_0_checkpoints.csv
3033330300030030303003000,0.0087774956112521,4.66380879515782e-05,48996000000,results/rs/SC5_MHBD_MWPM_2_5x/results/sweep_16_exp_0_checkpoints.csv
3033330300030030303003000,0.0087774956112521,4.66380879515782e-05,61684000000,results/rs/SC5_MHBD_MWPM_2_5x/results/sweep_16_exp_0_checkpoints.csv
3033330300030030303003000,0.0087774956112521,4.66380879515782e-05,77656000000,results/rs/SC5_MHBD_MWPM_2_5x/results/sweep_16_exp_0_checkpoints.csv
0333330003003330300033330,0.0085312457343771,4.5984936150489375e-05,97764000000,results/rs/SC5_MHBD_MWPM_2_5x/results/sweep_16_exp_0_checkpoints.csv
3223230200232320022222222,0.0132759933620033,5.722702917410061e-05,4000000,results/rs/SC5_MHBD_MWPM_2_5x/results/sweep_5_exp_0_checkpoints.csv
0002333020202230202330320,0.0118417440791279,5.40867549716495e-05,8000000,results/rs/SC5_MHBD_MWPM_2_5x/results/sweep_5_exp_0_checkpoints.csv
0302302222002230330302200,0.0116277441861279,5.360161230782978e-05,12000000,results/rs/SC5_MHBD_MWPM_2_5x/results/sweep_5_exp_0_checkpoints.csv
0302302222002230330302200,0.0116277441861279,5.360161230782978e-05,16000000,results/rs/SC5_MHBD_MWPM_2_5x/results/sweep_5_exp_0_checkpoints.csv
0302302222002230330302200,0.0116277441861279,5.360161230782978e-05,24000000,results/rs/SC5_MHBD_MWPM_2_5x/results/sweep_5_exp_0_checkpoints.csv
0330002023002303202332330,0.0108137445931277,5.171266820980236e-05,32000000,results/rs/SC5_MHBD_MWPM_2_5x/results/sweep_5_exp_0_checkpoints.csv
3303300300333000302322220,0.0100094949952525,4.9772726924857125e-05,44000000,results/rs/SC5_MHBD_MWPM_2_5x/results/sweep_5_exp_0_checkpoints.csv
3303300300333000302322220,0.0100094949952525,4.9772726924857125e-05,56000000,results/rs/SC5_MHBD_MWPM_2_5x/results/sweep_5_exp_0_checkpoints.csv
3303300300333000302322220,0.0100094949952525,4.9772726924857125e-05,72000000,results/rs/SC5_MHBD_MWPM_2_5x/results/sweep_5_exp_0_checkpoints.csv
3303300300333000302322220,0.0100094949952525,4.9772726924857125e-05,92000000,results/rs/SC5_MHBD_MWPM_2_5x/results/sweep_5_exp_0_checkpoints.csv
3303300300333000302322220,0.0100094949952525,4.9772726924857125e-05,116000000,results/rs/SC5_MHBD_MWPM_2_5x/results/sweep_5_exp_0_checkpoints.csv
0333000033332300302203323,0.0099892450053774,4.9722864787327126e-05,148000000,results/rs/SC5_MHBD_MWPM_2_5x/results/sweep_5_exp_0_checkpoints.csv
0333000033332300302203323,0.0099892450053774,4.9722864787327126e-05,188000000,results/rs/SC5_MHBD_MWPM_2_5x/results/sweep_5_exp_0_checkpoints.csv
0333000033332300302203323,0.0099892450053774,4.9722864787327126e-05,240000000,results/rs/SC5_MHBD_MWPM_2_5x/results/sweep_5_exp_0_checkpoints.csv
0332333000030332200303000,0.0095789952105023,4.870120756095275e-05,304000000,results/rs/SC5_MHBD_MWPM_2_5x/results/sweep_5_exp_0_checkpoints.csv
0332333000030332200303000,0.0095789952105023,4.870120756095275e-05,384000000,results/rs/SC5_MHBD_MWPM_2_5x/results/sweep_5_exp_0_checkpoints.csv
0332333000030332200303000,0.0095789952105023,4.870120756095275e-05,484000000,results/rs/SC5_MHBD_MWPM_2_5x/results/sweep_5_exp_0_checkpoints.csv
0332333000030332200303000,0.0095789952105023,4.870120756095275e-05,612000000,results/rs/SC5_MHBD_MWPM_2_5x/results/sweep_5_exp_0_checkpoints.csv
0332333000030332200303000,0.0095789952105023,4.870120756095275e-05,772000000,results/rs/SC5_MHBD_MWPM_2_5x/results/sweep_5_exp_0_checkpoints.csv
0332333000030332200303000,0.0095789952105023,4.870120756095275e-05,972000000,results/rs/SC5_MHBD_MWPM_2_5x/results/sweep_5_exp_0_checkpoints.csv
0332333000030332200303000,0.0095789952105023,4.870120756095275e-05,1224000000,results/rs/SC5_MHBD_MWPM_2_5x/results/sweep_5_exp_0_checkpoints.csv
0333002002330033000020333,0.0094222452888773,4.830491525353864e-05,1544000000,results/rs/SC5_MHBD_MWPM_2_5x/results/sweep_5_exp_0_checkpoints.csv
0333002002330033000020333,0.0094222452888773,4.830491525353864e-05,1944000000,results/rs/SC5_MHBD_MWPM_2_5x/results/sweep_5_exp_0_checkpoints.csv
0333002002330033000020333,0.0094222452888773,4.830491525353864e-05,2448000000,results/rs/SC5_MHBD_MWPM_2_5x/results/sweep_5_exp_0_checkpoints.csv
0333002002330033000020333,0.0094222452888773,4.830491525353864e-05,3084000000,results/rs/SC5_MHBD_MWPM_2_5x/results/sweep_5_exp_0_checkpoints.csv
0330300300333300003032330,0.0087554956222521,4.6580120397266e-05,3884000000,results/rs/SC5_MHBD_MWPM_2_5x/results/sweep_5_exp_0_checkpoints.csv
0330300300333300003032330,0.0087554956222521,4.6580120397266e-05,4892000000,results/rs/SC5_MHBD_MWPM_2_5x/results/sweep_5_exp_0_checkpoints.csv
0330300300333300003032330,0.0087554956222521,4.6580120397266e-05,6160000000,results/rs/SC5_MHBD_MWPM_2_5x/results/sweep_5_exp_0_checkpoints.csv
0330300300333300003032330,0.0087554956222521,4.6580120397266e-05,7756000000,results/rs/SC5_MHBD_MWPM_2_5x/results/sweep_5_exp_0_checkpoints.csv
0330300300333300003032330,0.0087554956222521,4.6580120397266e-05,9768000000,results/rs/SC5_MHBD_MWPM_2_5x/results/sweep_5_exp_0_checkpoints.csv
0330300300333300003032330,0.0087554956222521,4.6580120397266e-05,12300000000,results/rs/SC5_MHBD_MWPM_2_5x/results/sweep_5_exp_0_checkpoints.csv
0330300300333300003032330,0.0087554956222521,4.6580120397266e-05,15488000000,results/rs/SC5_MHBD_MWPM_2_5x/results/sweep_5_exp_0_checkpoints.csv
0330300300333300003032330,0.0087554956222521,4.6580120397266e-05,19500000000,results/rs/SC5_MHBD_MWPM_2_5x/results/sweep_5_exp_0_checkpoints.csv
0330300300333300003032330,0.0087554956222521,4.6580120397266e-05,24552000000,results/rs/SC5_MHBD_MWPM_2_5x/results/sweep_5_exp_0_checkpoints.csv
0330300300333300003032330,0.0087554956222521,4.6580120397266e-05,30912000000,results/rs/SC5_MHBD_MWPM_2_5x/results/sweep_5_exp_0_checkpoints.csv
0330300300333300003032330,0.0087554956222521,4.6580120397266e-05,38916000000,results/rs/SC5_MHBD_MWPM_2_5x/results/sweep_5_exp_0_checkpoints.csv
0330300300333300003032330,0.0087554956222521,4.6580120397266e-05,48996000000,results/rs/SC5_MHBD_MWPM_2_5x/results/sweep_5_exp_0_checkpoints.csv
0330300300333300003032330,0.0087554956222521,4.6580120397266e-05,61684000000,results/rs/SC5_MHBD_MWPM_2_5x/results/sweep_5_exp_0_checkpoints.csv
0330300300333300003032330,0.0087554956222521,4.6580120397266e-05,77656000000,results/rs/SC5_MHBD_MWPM_2_5x/results/sweep_5_exp_0_checkpoints.csv
0330300300333300003032330,0.0087554956222521,4.6580120397266e-05,97764000000,results/rs/SC5_MHBD_MWPM_2_5x/results/sweep_5_exp_0_checkpoints.csv
2033233222230332222323302,0.0125859937070031,5.573952148552053e-05,4000000,results/rs/SC5_MHBD_MWPM_2_5x/results/sweep_21_exp_0_checkpoints.csv
3003232203033330322232200,0.0116002441998779,5.35389335709624e-05,8000000,results/rs/SC5_MHBD_MWPM_2_5x/results/sweep_21_exp_0_checkpoints.csv
3003232203033330322232200,0.0116002441998779,5.35389335709624e-05,12000000,results/rs/SC5_MHBD_MWPM_2_5x/results/sweep_21_exp_0_checkpoints.csv
3030222323030300220022322,0.0113019943490028,5.285416409606114e-05,16000000,results/rs/SC5_MHBD_MWPM_2_5x/results/sweep_21_exp_0_checkpoints.csv
0302302320023322330233033,0.0107879946060026,5.165173206478357e-05,24000000,results/rs/SC5_MHBD_MWPM_2_5x/results/sweep_21_exp_0_checkpoints.csv
0302302320023322330233033,0.0107879946060026,5.165173206478357e-05,32000000,results/rs/SC5_MHBD_MWPM_2_5x/results/sweep_21_exp_0_checkpoints.csv
0202033202333033203033303,0.0107199946400026,5.149045682628639e-05,44000000,results/rs/SC5_MHBD_MWPM_2_5x/results/sweep_21_exp_0_checkpoints.csv
0202033202333033203033303,0.0107199946400026,5.149045682628639e-05,56000000,results/rs/SC5_MHBD_MWPM_2_5x/results/sweep_21_exp_0_checkpoints.csv
0202033202333033203033303,0.0107199946400026,5.149045682628639e-05,72000000,results/rs/SC5_MHBD_MWPM_2_5x/results/sweep_21_exp_0_checkpoints.csv
0202033202333033203033303,0.0107199946400026,5.149045682628639e-05,92000000,results/rs/SC5_MHBD_MWPM_2_5x/results/sweep_21_exp_0_checkpoints.csv
3032200303032330033030200,0.0096812451593774,4.895791789749637e-05,116000000,results/rs/SC5_MHBD_MWPM_2_5x/results/sweep_21_exp_0_checkpoints.csv
3032200303032330033030200,0.0096812451593774,4.895791789749637e-05,148000000,results/rs/SC5_MHBD_MWPM_2_5x/results/sweep_21_exp_0_checkpoints.csv
3032200303032330033030200,0.0096812451593774,4.895791789749637e-05,188000000,results/rs/SC5_MHBD_MWPM_2_5x/results/sweep_21_exp_0_checkpoints.csv
3032200303032330033030200,0.0096812451593774,4.895791789749637e-05,240000000,results/rs/SC5_MHBD_MWPM_2_5x/results/sweep_21_exp_0_checkpoints.csv
3032200303032330033030200,0.0096812451593774,4.895791789749637e-05,304000000,results/rs/SC5_MHBD_MWPM_2_5x/results/sweep_21_exp_0_checkpoints.csv
3032200303032330033030200,0.0096812451593774,4.895791789749637e-05,384000000,results/rs/SC5_MHBD_MWPM_2_5x/results/sweep_21_exp_0_checkpoints.csv
0033030302000303020003032,0.0093077453461273,4.801329123438336e-05,484000000,results/rs/SC5_MHBD_MWPM_2_5x/results/sweep_21_exp_0_checkpoints.csv
0033030302000303020003032,0.0093077453461273,4.801329123438336e-05,612000000,results/rs/SC5_MHBD_MWPM_2_5x/results/sweep_21_exp_0_checkpoints.csv
0033030302000303020003032,0.0093077453461273,4.801329123438336e-05,772000000,results/rs/SC5_MHBD_MWPM_2_5x/results/sweep_21_exp_0_checkpoints.csv
0033030302000303020003032,0.0093077453461273,4.801329123438336e-05,972000000,results/rs/SC5_MHBD_MWPM_2_5x/results/sweep_21_exp_0_checkpoints.csv
0033030302000303020003032,0.0093077453461273,4.801329123438336e-05,1224000000,results/rs/SC5_MHBD_MWPM_2_5x/results/sweep_21_exp_0_checkpoints.csv
0033030302000303020003032,0.0093077453461273,4.801329123438336e-05,1544000000,results/rs/SC5_MHBD_MWPM_2_5x/results/sweep_21_exp_0_checkpoints.csv
0033030302000303020003032,0.0093077453461273,4.801329123438336e-05,1944000000,results/rs/SC5_MHBD_MWPM_2_5x/results/sweep_21_exp_0_checkpoints.csv
0033030302000303020003032,0.0093077453461273,4.801329123438336e-05,2448000000,results/rs/SC5_MHBD_MWPM_2_5x/results/sweep_21_exp_0_checkpoints.csv
3030020330000203033303323,0.0092067453966273,4.775451452587731e-05,3084000000,results/rs/SC5_MHBD_MWPM_2_5x/results/sweep_21_exp_0_checkpoints.csv
3033000030030033033303330,0.0087299956350021,4.6512839617207646e-05,3884000000,results/rs/SC5_MHBD_MWPM_2_5x/results/sweep_21_exp_0_checkpoints.csv
3033000030030033033303330,0.0087299956350021,4.6512839617207646e-05,4892000000,results/rs/SC5_MHBD_MWPM_2_5x/results/sweep_21_exp_0_checkpoints.csv
3033000030030033033303330,0.0087299956350021,4.6512839617207646e-05,6160000000,results/rs/SC5_MHBD_MWPM_2_5x/results/sweep_21_exp_0_checkpoints.csv
3033000030030033033303330,0.0087299956350021,4.6512839617207646e-05,7756000000,results/rs/SC5_MHBD_MWPM_2_5x/results/sweep_21_exp_0_checkpoints.csv
3033000030030033033303330,0.0087299956350021,4.6512839617207646e-05,9768000000,results/rs/SC5_MHBD_MWPM_2_5x/results/sweep_21_exp_0_checkpoints.csv
3033000030030033033303330,0.0087299956350021,4.6512839617207646e-05,12300000000,results/rs/SC5_MHBD_MWPM_2_5x/results/sweep_21_exp_0_checkpoints.csv
3033000030030033033303330,0.0087299956350021,4.6512839617207646e-05,15488000000,results/rs/SC5_MHBD_MWPM_2_5x/results/sweep_21_exp_0_checkpoints.csv
3033000030030033033303330,0.0087299956350021,4.6512839617207646e-05,19500000000,results/rs/SC5_MHBD_MWPM_2_5x/results/sweep_21_exp_0_checkpoints.csv
3033000030030033033303330,0.0087299956350021,4.6512839617207646e-05,24552000000,results/rs/SC5_MHBD_MWPM_2_5x/results/sweep_21_exp_0_checkpoints.csv
3033000030030033033303330,0.0087299956350021,4.6512839617207646e-05,30912000000,results/rs/SC5_MHBD_MWPM_2_5x/results/sweep_21_exp_0_checkpoints.csv
3033000030030033033303330,0.0087299956350021,4.6512839617207646e-05,38916000000,results/rs/SC5_MHBD_MWPM_2_5x/results/sweep_21_exp_0_checkpoints.csv
3033000030030033033303330,0.0087299956350021,4.6512839617207646e-05,48996000000,results/rs/SC5_MHBD_MWPM_2_5x/results/sweep_21_exp_0_checkpoints.csv
3033000030030033033303330,0.0087299956350021,4.6512839617207646e-05,61684000000,results/rs/SC5_MHBD_MWPM_2_5x/results/sweep_21_exp_0_checkpoints.csv
3033000030030033033303330,0.0087299956350021,4.6512839617207646e-05,77656000000,results/rs/SC5_MHBD_MWPM_2_5x/results/sweep_21_exp_0_checkpoints.csv
3033000030030033033303330,0.0087299956350021,4.6512839617207646e-05,97764000000,results/rs/SC5_MHBD_MWPM_2_5x/results/sweep_21_exp_0_checkpoints.csv
2030023023032233300032203,0.0116579941710029,5.367046833271161e-05,4000000,results/rs/SC5_MHBD_MWPM_2_5x/results/sweep_3_exp_0_checkpoints.csv
3002323320302203023020303,0.0114577442711278,5.321291246218607e-05,8000000,results/rs/SC5_MHBD_MWPM_2_5x/results/sweep_3_exp_0_checkpoints.csv
3002323320302203023020303,0.0114577442711278,5.321291246218607e-05,12000000,results/rs/SC5_MHBD_MWPM_2_5x/results/sweep_3_exp_0_checkpoints.csv
3002323320302203023020303,0.0114577442711278,5.321291246218607e-05,16000000,results/rs/SC5_MHBD_MWPM_2_5x/results/sweep_3_exp_0_checkpoints.csv
3002323320302203023020303,0.0114577442711278,5.321291246218607e-05,24000000,results/rs/SC5_MHBD_MWPM_2_5x/results/sweep_3_exp_0_checkpoints.csv
2030022233330220023030332,0.0111914944042527,5.259809040580876e-05,32000000,results/rs/SC5_MHBD_MWPM_2_5x/results/sweep_3_exp_0_checkpoints.csv
2030022233330220023030332,0.0111914944042527,5.259809040580876e-05,44000000,results/rs/SC5_MHBD_MWPM_2_5x/results/sweep_3_exp_0_checkpoints.csv
0333020232000003033200030,0.0097902451048774,4.923004598822445e-05,56000000,results/rs/SC5_MHBD_MWPM_2_5x/results/sweep_3_exp_0_checkpoints.csv
0333020232000003033200030,0.0097902451048774,4.923004598822445e-05,72000000,results/rs/SC5_MHBD_MWPM_2_5x/results/sweep_3_exp_0_checkpoints.csv
0333020232000003033200030,0.0097902451048774,4.923004598822445e-05,92000000,results/rs/SC5_MHBD_MWPM_2_5x/results/sweep_3_exp_0_checkpoints.csv
0333020232000003033200030,0.0097902451048774,4.923004598822445e-05,116000000,results/rs/SC5_MHBD_MWPM_2_5x/results/sweep_3_exp_0_checkpoints.csv
0333020232000003033200030,0.0097902451048774,4.923004598822445e-05,148000000,results/rs/SC5_MHBD_MWPM_2_5x/results/sweep_3_exp_0_checkpoints.csv
0333020232000003033200030,0.0097902451048774,4.923004598822445e-05,188000000,results/rs/SC5_MHBD_MWPM_2_5x/results/sweep_3_exp_0_checkpoints.csv
0333020232000003033200030,0.0097902451048774,4.923004598822445e-05,240000000,results/rs/SC5_MHBD_MWPM_2_5x/results/sweep_3_exp_0_checkpoints.csv
0333020232000003033200030,0.0097902451048774,4.923004598822445e-05,304000000,results/rs/SC5_MHBD_MWPM_2_5x/results/sweep_3_exp_0_checkpoints.csv
0333020232000003033200030,0.0097902451048774,4.923004598822445e-05,384000000,results/rs/SC5_MHBD_MWPM_2_5x/results/sweep_3_exp_0_checkpoints.csv
0302233020200333330303300,0.0096197451901274,4.880368578596972e-05,484000000,results/rs/SC5_MHBD_MWPM_2_5x/results/sweep_3_exp_0_checkpoints.csv
0302233020200333330303300,0.0096197451901274,4.880368578596972e-05,612000000,results/rs/SC5_MHBD_MWPM_2_5x/results/sweep_3_exp_0_checkpoints.csv
0302233020200333330303300,0.0096197451901274,4.880368578596972e-05,772000000,results/rs/SC5_MHBD_MWPM_2_5x/results/sweep_3_exp_0_checkpoints.csv
3333300000033000220020030,0.0093179953410023,4.803947012987919e-05,972000000,results/rs/SC5_MHBD_MWPM_2_5x/results/sweep_3_exp_0_checkpoints.csv
3333300000033000220020030,0.0093179953410023,4.803947012987919e-05,1224000000,results/rs/SC5_MHBD_MWPM_2_5x/results/sweep_3_exp_0_checkpoints.csv
3333300000033000220020030,0.0093179953410023,4.803947012987919e-05,1544000000,results/rs/SC5_MHBD_MWPM_2_5x/results/sweep_3_exp_0_checkpoints.csv
3333300000033000220020030,0.0093179953410023,4.803947012987919e-05,1944000000,results/rs/SC5_MHBD_MWPM_2_5x/results/sweep_3_exp_0_checkpoints.csv
3333300000033000220020030,0.0093179953410023,4.803947012987919e-05,2448000000,results/rs/SC5_MHBD_MWPM_2_5x/results/sweep_3_exp_0_checkpoints.csv
3333300000033000220020030,0.0093179953410023,4.803947012987919e-05,3084000000,results/rs/SC5_MHBD_MWPM_2_5x/results/sweep_3_exp_0_checkpoints.csv
3333300000033000220020030,0.0093179953410023,4.803947012987919e-05,3884000000,results/rs/SC5_MHBD_MWPM_2_5x/results/sweep_3_exp_0_checkpoints.csv
3333300000033000220020030,0.0093179953410023,4.803947012987919e-05,4892000000,results/rs/SC5_MHBD_MWPM_2_5x/results/sweep_3_exp_0_checkpoints.csv
3333300000033000220020030,0.0093179953410023,4.803947012987919e-05,6160000000,results/rs/SC5_MHBD_MWPM_2_5x/results/sweep_3_exp_0_checkpoints.csv
3333300000033000220020030,0.0093179953410023,4.803947012987919e-05,7756000000,results/rs/SC5_MHBD_MWPM_2_5x/results/sweep_3_exp_0_checkpoints.csv
0333300000302002330033030,0.0091709954145022,4.766256824950688e-05,9768000000,results/rs/SC5_MHBD_MWPM_2_5x/results/sweep_3_exp_0_checkpoints.csv
0333300000302002330033030,0.0091709954145022,4.766256824950688e-05,12300000000,results/rs/SC5_MHBD_MWPM_2_5x/results/sweep_3_exp_0_checkpoints.csv
0302303023030303030330000,0.0090882454558772,4.744903344544582e-05,15488000000,results/rs/SC5_MHBD_MWPM_2_5x/results/sweep_3_exp_0_checkpoints.csv
3333330300003003030022332,0.0090284954857522,4.729422289528884e-05,19500000000,results/rs/SC5_MHBD_MWPM_2_5x/results/sweep_3_exp_0_checkpoints.csv
3323030302030333030203330,0.0089224955387522,4.701828947872855e-05,24552000000,results/rs/SC5_MHBD_MWPM_2_5x/results/sweep_3_exp_0_checkpoints.csv
3323030302030333030203330,0.0089224955387522,4.701828947872855e-05,30912000000,results/rs/SC5_MHBD_MWPM_2_5x/results/sweep_3_exp_0_checkpoints.csv
3323030302030333030203330,0.0089224955387522,4.701828947872855e-05,38916000000,results/rs/SC5_MHBD_MWPM_2_5x/results/sweep_3_exp_0_checkpoints.csv
3323030302030333030203330,0.0089224955387522,4.701828947872855e-05,48996000000,results/rs/SC5_MHBD_MWPM_2_5x/results/sweep_3_exp_0_checkpoints.csv
0000330303333303030233303,0.0088822455588772,4.691307185566984e-05,61684000000,results/rs/SC5_MHBD_MWPM_2_5x/results/sweep_3_exp_0_checkpoints.csv
0000330303333303030233303,0.0088822455588772,4.691307185566984e-05,77656000000,results/rs/SC5_MHBD_MWPM_2_5x/results/sweep_3_exp_0_checkpoints.csv
0000330303333303030233303,0.0088822455588772,4.691307185566984e-05,97764000000,results/rs/SC5_MHBD_MWPM_2_5x/results/sweep_3_exp_0_checkpoints.csv
3322222030200200020303023,0.0114927442536278,5.329318082658574e-05,4000000,results/rs/SC5_MHBD_MWPM_2_5x/results/sweep_10_exp_0_checkpoints.csv
3322222030200200020303023,0.0114927442536278,5.329318082658574e-05,8000000,results/rs/SC5_MHBD_MWPM_2_5x/results/sweep_10_exp_0_checkpoints.csv
3230033233223323000203030,0.0109959945020027,5.214181146584451e-05,12000000,results/rs/SC5_MHBD_MWPM_2_5x/results/sweep_10_exp_0_checkpoints.csv
3230033233223323000203030,0.0109959945020027,5.214181146584451e-05,16000000,results/rs/SC5_MHBD_MWPM_2_5x/results/sweep_10_exp_0_checkpoints.csv
3033303232003323030230020,0.0103074948462525,5.0500599172664806e-05,24000000,results/rs/SC5_MHBD_MWPM_2_5x/results/sweep_10_exp_0_checkpoints.csv
2033330303303302020302330,0.0094554952722523,4.838926179218106e-05,32000000,results/rs/SC5_MHBD_MWPM_2_5x/results/sweep_10_exp_0_checkpoints.csv
2033330303303302020302330,0.0094554952722523,4.838926179218106e-05,44000000,results/rs/SC5_MHBD_MWPM_2_5x/results/sweep_10_exp_0_checkpoints.csv
2033330303303302020302330,0.0094554952722523,4.838926179218106e-05,56000000,results/rs/SC5_MHBD_MWPM_2_5x/results/sweep_10_exp_0_checkpoints.csv
2033330303303302020302330,0.0094554952722523,4.838926179218106e-05,72000000,results/rs/SC5_MHBD_MWPM_2_5x/results/sweep_10_exp_0_checkpoints.csv
2033330303303302020302330,0.0094554952722523,4.838926179218106e-05,92000000,results/rs/SC5_MHBD_MWPM_2_5x/results/sweep_10_exp_0_checkpoints.csv
2033330303303302020302330,0.0094554952722523,4.838926179218106e-05,116000000,results/rs/SC5_MHBD_MWPM_2_5x/results/sweep_10_exp_0_checkpoints.csv
2033330303303302020302330,0.0094554952722523,4.838926179218106e-05,148000000,results/rs/SC5_MHBD_MWPM_2_5x/results/sweep_10_exp_0_checkpoints.csv
2033330303303302020302330,0.0094554952722523,4.838926179218106e-05,188000000,results/rs/SC5_MHBD_MWPM_2_5x/results/sweep_10_exp_0_checkpoints.csv
2033330303303302020302330,0.0094554952722523,4.838926179218106e-05,240000000,results/rs/SC5_MHBD_MWPM_2_5x/results/sweep_10_exp_0_checkpoints.csv
2302230332303300030330030,0.0093557453221273,4.813576742890291e-05,304000000,results/rs/SC5_MHBD_MWPM_2_5x/results/sweep_10_exp_0_checkpoints.csv
2302230332303300030330030,0.0093557453221273,4.813576742890291e-05,384000000,results/rs/SC5_MHBD_MWPM_2_5x/results/sweep_10_exp_0_checkpoints.csv
2302230332303300030330030,0.0093557453221273,4.813576742890291e-05,484000000,results/rs/SC5_MHBD_MWPM_2_5x/results/sweep_10_exp_0_checkpoints.csv
2302230332303300030330030,0.0093557453221273,4.813576742890291e-05,612000000,results/rs/SC5_MHBD_MWPM_2_5x/results/sweep_10_exp_0_checkpoints.csv
2302230332303300030330030,0.0093557453221273,4.813576742890291e-05,772000000,results/rs/SC5_MHBD_MWPM_2_5x/results/sweep_10_exp_0_checkpoints.csv
2302230332303300030330030,0.0093557453221273,4.813576742890291e-05,972000000,results/rs/SC5_MHBD_MWPM_2_5x/results/sweep_10_exp_0_checkpoints.csv
2302230332303300030330030,0.0093557453221273,4.813576742890291e-05,1224000000,results/rs/SC5_MHBD_MWPM_2_5x/results/sweep_10_exp_0_checkpoints.csv
2302230332303300030330030,0.0093557453221273,4.813576742890291e-05,1544000000,results/rs/SC5_MHBD_MWPM_2_5x/results/sweep_10_exp_0_checkpoints.csv
2302230332303300030330030,0.0093557453221273,4.813576742890291e-05,1944000000,results/rs/SC5_MHBD_MWPM_2_5x/results/sweep_10_exp_0_checkpoints.csv
2030230330330303300300320,0.0093079953460023,4.801393151865341e-05,2448000000,results/rs/SC5_MHBD_MWPM_2_5x/results/sweep_10_exp_0_checkpoints.csv
3330330330020303200032330,0.0092224953887523,4.779496157425456e-05,3084000000,results/rs/SC5_MHBD_MWPM_2_5x/results/sweep_10_exp_0_checkpoints.csv
3330330330020303200032330,0.0092224953887523,4.779496157425456e-05,3884000000,results/rs/SC5_MHBD_MWPM_2_5x/results/sweep_10_exp_0_checkpoints.csv
0330020033030020030303030,0.0088712455643772,4.68842736154329e-05,4892000000,results/rs/SC5_MHBD_MWPM_2_5x/results/sweep_10_exp_0_checkpoints.csv
0330020033030020030303030,0.0088712455643772,4.68842736154329e-05,6160000000,results/rs/SC5_MHBD_MWPM_2_5x/results/sweep_10_exp_0_checkpoints.csv
0330020033030020030303030,0.0088712455643772,4.68842736154329e-05,7756000000,results/rs/SC5_MHBD_MWPM_2_5x/results/sweep_10_exp_0_checkpoints.csv
0330020033030020030303030,0.0088712455643772,4.68842736154329e-05,9768000000,results/rs/SC5_MHBD_MWPM_2_5x/results/sweep_10_exp_0_checkpoints.csv
0330020033030020030303030,0.0088712455643772,4.68842736154329e-05,12300000000,results/rs/SC5_MHBD_MWPM_2_5x/results/sweep_10_exp_0_checkpoints.csv
0330020033030020030303030,0.0088712455643772,4.68842736154329e-05,15488000000,results/rs/SC5_MHBD_MWPM_2_5x/results/sweep_10_exp_0_checkpoints.csv
0330020033030020030303030,0.0088712455643772,4.68842736154329e-05,19500000000,results/rs/SC5_MHBD_MWPM_2_5x/results/sweep_10_exp_0_checkpoints.csv
0330020033030020030303030,0.0088712455643772,4.68842736154329e-05,24552000000,results/rs/SC5_MHBD_MWPM_2_5x/results/sweep_10_exp_0_checkpoints.csv
0330020033030020030303030,0.0088712455643772,4.68842736154329e-05,30912000000,results/rs/SC5_MHBD_MWPM_2_5x/results/sweep_10_exp_0_checkpoints.csv
0330020033030020030303030,0.0088712455643772,4.68842736154329e-05,38916000000,results/rs/SC5_MHBD_MWPM_2_5x/results/sweep_10_exp_0_checkpoints.csv
0330020033030020030303030,0.0088712455643772,4.68842736154329e-05,48996000000,results/rs/SC5_MHBD_MWPM_2_5x/results/sweep_10_exp_0_checkpoints.csv
0333320300033300330300230,0.0087967456016272,4.668874680646695e-05,61684000000,results/rs/SC5_MHBD_MWPM_2_5x/results/sweep_10_exp_0_checkpoints.csv
0333320300033300330300230,0.0087967456016272,4.668874680646695e-05,77656000000,results/rs/SC5_MHBD_MWPM_2_5x/results/sweep_10_exp_0_checkpoints.csv
0333320300033300330300230,0.0087967456016272,4.668874680646695e-05,97764000000,results/rs/SC5_MHBD_MWPM_2_5x/results/sweep_10_exp_0_checkpoints.csv
0200323202230230330333230,0.0105834947082526,5.1165116019546986e-05,4000000,results/rs/SC5_MHBD_MWPM_2_5x/results/sweep_8_exp_0_checkpoints.csv
0200323202230230330333230,0.0105834947082526,5.1165116019546986e-05,8000000,results/rs/SC5_MHBD_MWPM_2_5x/results/sweep_8_exp_0_checkpoints.csv
0200323202230230330333230,0.0105834947082526,5.1165116019546986e-05,12000000,results/rs/SC5_MHBD_MWPM_2_5x/results/sweep_8_exp_0_checkpoints.csv
0200323202230230330333230,0.0105834947082526,5.1165116019546986e-05,16000000,results/rs/SC5_MHBD_MWPM_2_5x/results/sweep_8_exp_0_checkpoints.csv
0200323202230230330333230,0.0105834947082526,5.1165116019546986e-05,24000000,results/rs/SC5_MHBD_MWPM_2_5x/results/sweep_8_exp_0_checkpoints.csv
0203203303003020000022303,0.0101037449481275,5.000413148081861e-05,32000000,results/rs/SC5_MHBD_MWPM_2_5x/results/sweep_8_exp_0_checkpoints.csv
0203203303003020000022303,0.0101037449481275,5.000413148081861e-05,44000000,results/rs/SC5_MHBD_MWPM_2_5x/results/sweep_8_exp_0_checkpoints.csv
0203203303003020000022303,0.0101037449481275,5.000413148081861e-05,56000000,results/rs/SC5_MHBD_MWPM_2_5x/results/sweep_8_exp_0_checkpoints.csv
0203203303003020000022303,0.0101037449481275,5.000413148081861e-05,72000000,results/rs/SC5_MHBD_MWPM_2_5x/results/sweep_8_exp_0_checkpoints.csv
0203203303003020000022303,0.0101037449481275,5.000413148081861e-05,92000000,results/rs/SC5_MHBD_MWPM_2_5x/results/sweep_8_exp_0_checkpoints.csv
0203203303003020000022303,0.0101037449481275,5.000413148081861e-05,116000000,results/rs/SC5_MHBD_MWPM_2_5x/results/sweep_8_exp_0_checkpoints.csv
0203203303003020000022303,0.0101037449481275,5.000413148081861e-05,148000000,results/rs/SC5_MHBD_MWPM_2_5x/results/sweep_8_exp_0_checkpoints.csv
0203203303003020000022303,0.0101037449481275,5.000413148081861e-05,188000000,results/rs/SC5_MHBD_MWPM_2_5x/results/sweep_8_exp_0_checkpoints.csv
0203203303003020000022303,0.0101037449481275,5.000413148081861e-05,240000000,results/rs/SC5_MHBD_MWPM_2_5x/results/sweep_8_exp_0_checkpoints.csv
0203203303003020000022303,0.0101037449481275,5.000413148081861e-05,304000000,results/rs/SC5_MHBD_MWPM_2_5x/results/sweep_8_exp_0_checkpoints.csv
0203203303003020000022303,0.0101037449481275,5.000413148081861e-05,384000000,results/rs/SC5_MHBD_MWPM_2_5x/results/sweep_8_exp_0_checkpoints.csv
0302002330230030033002002,0.0099422450288774,4.960692967870273e-05,484000000,results/rs/SC5_MHBD_MWPM_2_5x/results/sweep_8_exp_0_checkpoints.csv
3020030300200303330023330,0.0093034953482523,4.800242822966538e-05,612000000,results/rs/SC5_MHBD_MWPM_2_5x/results/sweep_8_exp_0_checkpoints.csv
0000220033033003330033330,0.0092177453911273,4.778276706929319e-05,772000000,results/rs/SC5_MHBD_MWPM_2_5x/results/sweep_8_exp_0_checkpoints.csv
0000220033033003330033330,0.0092177453911273,4.778276706929319e-05,972000000,results/rs/SC5_MHBD_MWPM_2_5x/results/sweep_8_exp_0_checkpoints.csv
0000220033033003330033330,0.0092177453911273,4.778276706929319e-05,1224000000,results/rs/SC5_MHBD_MWPM_2_5x/results/sweep_8_exp_0_checkpoints.csv
0000220033033003330033330,0.0092177453911273,4.778276706929319e-05,1544000000,results/rs/SC5_MHBD_MWPM_2_5x/results/sweep_8_exp_0_checkpoints.csv
0000220033033003330033330,0.0092177453911273,4.778276706929319e-05,1944000000,results/rs/SC5_MHBD_MWPM_2_5x/results/sweep_8_exp_0_checkpoints.csv
0000220033033003330033330,0.0092177453911273,4.778276706929319e-05,2448000000,results/rs/SC5_MHBD_MWPM_2_5x/results/sweep_8_exp_0_checkpoints.csv
0000220033033003330033330,0.0092177453911273,4.778276706929319e-05,3084000000,results/rs/SC5_MHBD_MWPM_2_5x/results/sweep_8_exp_0_checkpoints.csv
0000220033033003330033330,0.0092177453911273,4.778276706929319e-05,3884000000,results/rs/SC5_MHBD_MWPM_2_5x/results/sweep_8_exp_0_checkpoints.csv
3303330300330323003030030,0.0089729955135022,4.714995884569362e-05,4892000000,results/rs/SC5_MHBD_MWPM_2_5x/results/sweep_8_exp_0_checkpoints.csv
3303330300330323003030030,0.0089729955135022,4.714995884569362e-05,6160000000,results/rs/SC5_MHBD_MWPM_2_5x/results/sweep_8_exp_0_checkpoints.csv
3303330300330323003030030,0.0089729955135022,4.714995884569362e-05,7756000000,results/rs/SC5_MHBD_MWPM_2_5x/results/sweep_8_exp_0_checkpoints.csv
3303330300330323003030030,0.0089729955135022,4.714995884569362e-05,9768000000,results/rs/SC5_MHBD_MWPM_2_5x/results/sweep_8_exp_0_checkpoints.csv
3303330300330323003030030,0.0089729955135022,4.714995884569362e-05,12300000000,results/rs/SC5_MHBD_MWPM_2_5x/results/sweep_8_exp_0_checkpoints.csv
3303330300330323003030030,0.0089729955135022,4.714995884569362e-05,15488000000,results/rs/SC5_MHBD_MWPM_2_5x/results/sweep_8_exp_0_checkpoints.csv
0003330330300020330303300,0.0088832455583772,4.691568756243214e-05,19500000000,results/rs/SC5_MHBD_MWPM_2_5x/results/sweep_8_exp_0_checkpoints.csv
0003330330300020330303300,0.0088832455583772,4.691568756243214e-05,24552000000,results/rs/SC5_MHBD_MWPM_2_5x/results/sweep_8_exp_0_checkpoints.csv
0003330330300020330303300,0.0088832455583772,4.691568756243214e-05,30912000000,results/rs/SC5_MHBD_MWPM_2_5x/results/sweep_8_exp_0_checkpoints.csv
0003330330300020330303300,0.0088832455583772,4.691568756243214e-05,38916000000,results/rs/SC5_MHBD_MWPM_2_5x/results/sweep_8_exp_0_checkpoints.csv
0003330330300020330303300,0.0088832455583772,4.691568756243214e-05,48996000000,results/rs/SC5_MHBD_MWPM_2_5x/results/sweep_8_exp_0_checkpoints.csv
0003330330300020330303300,0.0088832455583772,4.691568756243214e-05,61684000000,results/rs/SC5_MHBD_MWPM_2_5x/results/sweep_8_exp_0_checkpoints.csv
0003330330300020330303300,0.0088832455583772,4.691568756243214e-05,77656000000,results/rs/SC5_MHBD_MWPM_2_5x/results/sweep_8_exp_0_checkpoints.csv
0003330330300020330303300,0.0088832455583772,4.691568756243214e-05,97764000000,results/rs/SC5_MHBD_MWPM_2_5x/results/sweep_8_exp_0_checkpoints.csv
3022222330020003022303220,0.0115429942285028,5.340820280252956e-05,4000000,results/rs/SC5_MHBD_MWPM_2_5x/results/sweep_4_exp_0_checkpoints.csv
3022222330020003022303220,0.0115429942285028,5.340820280252956e-05,8000000,results/rs/SC5_MHBD_MWPM_2_5x/results/sweep_4_exp_0_checkpoints.csv
0203320002322300330233220,0.0108117445941277,5.170793519937433e-05,12000000,results/rs/SC5_MHBD_MWPM_2_5x/results/sweep_4_exp_0_checkpoints.csv
3233230320003322000020302,0.0107359946320026,5.1528451876947656e-05,16000000,results/rs/SC5_MHBD_MWPM_2_5x/results/sweep_4_exp_0_checkpoints.csv
3302330030233002023303323,0.0101382449308775,5.008855441701599e-05,24000000,results/rs/SC5_MHBD_MWPM_2_5x/results/sweep_4_exp_0_checkpoints.csv
3302330030233002023303323,0.0101382449308775,5.008855441701599e-05,32000000,results/rs/SC5_MHBD_MWPM_2_5x/results/sweep_4_exp_0_checkpoints.csv
3302330030233002023303323,0.0101382449308775,5.008855441701599e-05,44000000,results/rs/SC5_MHBD_MWPM_2_5x/results/sweep_4_exp_0_checkpoints.csv
3302330030233002023303323,0.0101382449308775,5.008855441701599e-05,56000000,results/rs/SC5_MHBD_MWPM_2_5x/results/sweep_4_exp_0_checkpoints.csv
3302330030233002023303323,0.0101382449308775,5.008855441701599e-05,72000000,results/rs/SC5_MHBD_MWPM_2_5x/results/sweep_4_exp_0_checkpoints.csv
3302330030233002023303323,0.0101382449308775,5.008855441701599e-05,92000000,results/rs/SC5_MHBD_MWPM_2_5x/results/sweep_4_exp_0_checkpoints.csv
3302330030233002023303323,0.0101382449308775,5.008855441701599e-05,116000000,results/rs/SC5_MHBD_MWPM_2_5x/results/sweep_4_exp_0_checkpoints.csv
3302330030233002023303323,0.0101382449308775,5.008855441701599e-05,148000000,results/rs/SC5_MHBD_MWPM_2_5x/results/sweep_4_exp_0_checkpoints.csv
3233030323020333033033320,0.0098382450808774,4.934938260703348e-05,188000000,results/rs/SC5_MHBD_MWPM_2_5x/results/sweep_4_exp_0_checkpoints.csv
3233030323020333033033320,0.0098382450808774,4.934938260703348e-05,240000000,results/rs/SC5_MHBD_MWPM_2_5x/results/sweep_4_exp_0_checkpoints.csv
3233030323020333033033320,0.0098382450808774,4.934938260703348e-05,304000000,results/rs/SC5_MHBD_MWPM_2_5x/results/sweep_4_exp_0_checkpoints.csv
3223030300000303032000302,0.0096327451836274,4.883632936980575e-05,384000000,results/rs/SC5_MHBD_MWPM_2_5x/results/sweep_4_exp_0_checkpoints.csv
3223030300000303032000302,0.0096327451836274,4.883632936980575e-05,484000000,results/rs/SC5_MHBD_MWPM_2_5x/results/sweep_4_exp_0_checkpoints.csv
3223030300000303032000302,0.0096327451836274,4.883632936980575e-05,612000000,results/rs/SC5_MHBD_MWPM_2_5x/results/sweep_4_exp_0_checkpoints.csv
3020033330300300003000332,0.0094762452618773,4.844181967200712e-05,772000000,results/rs/SC5_MHBD_MWPM_2_5x/results/sweep_4_exp_0_checkpoints.csv
3020033330300300003000332,0.0094762452618773,4.844181967200712e-05,972000000,results/rs/SC5_MHBD_MWPM_2_5x/results/sweep_4_exp_0_checkpoints.csv
3303203032300003330323330,0.0093692453153773,4.817015724256635e-05,1224000000,results/rs/SC5_MHBD_MWPM_2_5x/results/sweep_4_exp_0_checkpoints.csv
3303203032300003330323330,0.0093692453153773,4.817015724256635e-05,1544000000,results/rs/SC5_MHBD_MWPM_2_5x/results/sweep_4_exp_0_checkpoints.csv
0300230030230300030033320,0.0090702454648772,4.740245276479982e-05,1944000000,results/rs/SC5_MHBD_MWPM_2_5x/results/sweep_4_exp_0_checkpoints.csv
0300230030230300030033320,0.0090702454648772,4.740245276479982e-05,2448000000,results/rs/SC5_MHBD_MWPM_2_5x/results/sweep_4_exp_0_checkpoints.csv
0300230030230300030033320,0.0090702454648772,4.740245276479982e-05,3084000000,results/rs/SC5_MHBD_MWPM_2_5x/results/sweep_4_exp_0_checkpoints.csv
0300230030230300030033320,0.0090702454648772,4.740245276479982e-05,3884000000,results/rs/SC5_MHBD_MWPM_2_5x/results/sweep_4_exp_0_checkpoints.csv
0300230030230300030033320,0.0090702454648772,4.740245276479982e-05,4892000000,results/rs/SC5_MHBD_MWPM_2_5x/results/sweep_4_exp_0_checkpoints.csv
0300230030230300030033320,0.0090702454648772,4.740245276479982e-05,6160000000,results/rs/SC5_MHBD_MWPM_2_5x/results/sweep_4_exp_0_checkpoints.csv
0300230030230300030033320,0.0090702454648772,4.740245276479982e-05,7756000000,results/rs/SC5_MHBD_MWPM_2_5x/results/sweep_4_exp_0_checkpoints.csv
0300230030230300030033320,0.0090702454648772,4.740245276479982e-05,9768000000,results/rs/SC5_MHBD_MWPM_2_5x/results/sweep_4_exp_0_checkpoints.csv
0300230030230300030033320,0.0090702454648772,4.740245276479982e-05,12300000000,results/rs/SC5_MHBD_MWPM_2_5x/results/sweep_4_exp_0_checkpoints.csv
0300230030230300030033320,0.0090702454648772,4.740245276479982e-05,15488000000,results/rs/SC5_MHBD_MWPM_2_5x/results/sweep_4_exp_0_checkpoints.csv
3303000003033300000203033,0.0088249955875022,4.676299067796208e-05,19500000000,results/rs/SC5_MHBD_MWPM_2_5x/results/sweep_4_exp_0_checkpoints.csv
3303000003033300000203033,0.0088249955875022,4.676299067796208e-05,24552000000,results/rs/SC5_MHBD_MWPM_2_5x/results/sweep_4_exp_0_checkpoints.csv
3303000003033300000203033,0.0088249955875022,4.676299067796208e-05,30912000000,results/rs/SC5_MHBD_MWPM_2_5x/results/sweep_4_exp_0_checkpoints.csv
3303000003033300000203033,0.0088249955875022,4.676299067796208e-05,38916000000,results/rs/SC5_MHBD_MWPM_2_5x/results/sweep_4_exp_0_checkpoints.csv
3303000003033300000203033,0.0088249955875022,4.676299067796208e-05,48996000000,results/rs/SC5_MHBD_MWPM_2_5x/results/sweep_4_exp_0_checkpoints.csv
3303000003033300000203033,0.0088249955875022,4.676299067796208e-05,61684000000,results/rs/SC5_MHBD_MWPM_2_5x/results/sweep_4_exp_0_checkpoints.csv
0330300303000003030300303,0.0087729956135021,4.6626235416624695e-05,77656000000,results/rs/SC5_MHBD_MWPM_2_5x/results/sweep_4_exp_0_checkpoints.csv
0330300303000003030300303,0.0087729956135021,4.6626235416624695e-05,97764000000,results/rs/SC5_MHBD_MWPM_2_5x/results/sweep_4_exp_0_checkpoints.csv
0223302020233022230023322,0.0117142441428779,5.3798263252247125e-05,4000000,results/rs/SC5_MHBD_MWPM_2_5x/results/sweep_20_exp_0_checkpoints.csv
3232002303030322322320232,0.0112249943875028,5.267586311674677e-05,8000000,results/rs/SC5_MHBD_MWPM_2_5x/results/sweep_20_exp_0_checkpoints.csv
3232002303030322322320232,0.0112249943875028,5.267586311674677e-05,12000000,results/rs/SC5_MHBD_MWPM_2_5x/results/sweep_20_exp_0_checkpoints.csv
3232002303030322322320232,0.0112249943875028,5.267586311674677e-05,16000000,results/rs/SC5_MHBD_MWPM_2_5x/results/sweep_20_exp_0_checkpoints.csv
3033023202333033232330330,0.0107162446418776,5.148154741618782e-05,24000000,results/rs/SC5_MHBD_MWPM_2_5x/results/sweep_20_exp_0_checkpoints.csv
0022022300330203002330230,0.0105484947257526,5.108134791953489e-05,32000000,results/rs/SC5_MHBD_MWPM_2_5x/results/sweep_20_exp_0_checkpoints.csv
3033003033323333003302230,0.0103234948382525,5.053937275079079e-05,44000000,results/rs/SC5_MHBD_MWPM_2_5x/results/sweep_20_exp_0_checkpoints.csv
3023220200333330033032330,0.0100682449658775,4.991710011381656e-05,56000000,results/rs/SC5_MHBD_MWPM_2_5x/results/sweep_20_exp_0_checkpoints.csv
3023220200333330033032330,0.0100682449658775,4.991710011381656e-05,72000000,results/rs/SC5_MHBD_MWPM_2_5x/results/sweep_20_exp_0_checkpoints.csv
3023220200333330033032330,0.0100682449658775,4.991710011381656e-05,92000000,results/rs/SC5_MHBD_MWPM_2_5x/results/sweep_20_exp_0_checkpoints.csv
3023220200333330033032330,0.0100682449658775,4.991710011381656e-05,116000000,results/rs/SC5_MHBD_MWPM_2_5x/results/sweep_20_exp_0_checkpoints.csv
3023220200333330033032330,0.0100682449658775,4.991710011381656e-05,148000000,results/rs/SC5_MHBD_MWPM_2_5x/results/sweep_20_exp_0_checkpoints.csv
3023220200333330033032330,0.0100682449658775,4.991710011381656e-05,188000000,results/rs/SC5_MHBD_MWPM_2_5x/results/sweep_20_exp_0_checkpoints.csv
0323303320333023330000303,0.0099117450441274,4.953154348186217e-05,240000000,results/rs/SC5_MHBD_MWPM_2_5x/results/sweep_20_exp_0_checkpoints.csv
2303020303200302230033000,0.0096452451773774,4.88676960230805e-05,304000000,results/rs/SC5_MHBD_MWPM_2_5x/results/sweep_20_exp_0_checkpoints.csv
2303020303200302230033000,0.0096452451773774,4.88676960230805e-05,384000000,results/rs/SC5_MHBD_MWPM_2_5x/results/sweep_20_exp_0_checkpoints.csv
2303020303200302230033000,0.0096452451773774,4.88676960230805e-05,484000000,results/rs/SC5_MHBD_MWPM_2_5x/results/sweep_20_exp_0_checkpoints.csv
2303020303200302230033000,0.0096452451773774,4.88676960230805e-05,612000000,results/rs/SC5_MHBD_MWPM_2_5x/results/sweep_20_exp_0_checkpoints.csv
2303020303200302230033000,0.0096452451773774,4.88676960230805e-05,772000000,results/rs/SC5_MHBD_MWPM_2_5x/results/sweep_20_exp_0_checkpoints.csv
2303020303200302230033000,0.0096452451773774,4.88676960230805e-05,972000000,results/rs/SC5_MHBD_MWPM_2_5x/results/sweep_20_exp_0_checkpoints.csv
0330003000202000333330330,0.0095697452151273,4.867791722062975e-05,1224000000,results/rs/SC5_MHBD_MWPM_2_5x/results/sweep_20_exp_0_checkpoints.csv
3200300003330003030003030,0.0092367453816273,4.783153053722344e-05,1544000000,results/rs/SC5_MHBD_MWPM_2_5x/results/sweep_20_exp_0_checkpoints.csv
3200300003330003030003030,0.0092367453816273,4.783153053722344e-05,1944000000,results/rs/SC5_MHBD_MWPM_2_5x/results/sweep_20_exp_0_checkpoints.csv
3200300003330003030003030,0.0092367453816273,4.783153053722344e-05,2448000000,results/rs/SC5_MHBD_MWPM_2_5x/results/sweep_20_exp_0_checkpoints.csv
3200300003330003030003030,0.0092367453816273,4.783153053722344e-05,3084000000,results/rs/SC5_MHBD_MWPM_2_5x/results/sweep_20_exp_0_checkpoints.csv
3200300003330003030003030,0.0092367453816273,4.783153053722344e-05,3884000000,results/rs/SC5_MHBD_MWPM_2_5x/results/sweep_20_exp_0_checkpoints.csv
3303330302003330300300020,0.0091117454441272,4.7509773139609024e-05,4892000000,results/rs/SC5_MHBD_MWPM_2_5x/results/sweep_20_exp_0_checkpoints.csv
3303330302003330300300020,0.0091117454441272,4.7509773139609024e-05,6160000000,results/rs/SC5_MHBD_MWPM_2_5x/results/sweep_20_exp_0_checkpoints.csv
3303330302003330300300020,0.0091117454441272,4.7509773139609024e-05,7756000000,results/rs/SC5_MHBD_MWPM_2_5x/results/sweep_20_exp_0_checkpoints.csv
0300000000033303030030332,0.0088532455733772,4.683710722019896e-05,9768000000,results/rs/SC5_MHBD_MWPM_2_5x/results/sweep_20_exp_0_checkpoints.csv
0300000000033303030030332,0.0088532455733772,4.683710722019896e-05,12300000000,results/rs/SC5_MHBD_MWPM_2_5x/results/sweep_20_exp_0_checkpoints.csv
0300000000033303030030332,0.0088532455733772,4.683710722019896e-05,15488000000,results/rs/SC5_MHBD_MWPM_2_5x/results/sweep_20_exp_0_checkpoints.csv
0300000000033303030030332,0.0088532455733772,4.683710722019896e-05,19500000000,results/rs/SC5_MHBD_MWPM_2_5x/results/sweep_20_exp_0_checkpoints.csv
0300000000033303030030332,0.0088532455733772,4.683710722019896e-05,24552000000,results/rs/SC5_MHBD_MWPM_2_5x/results/sweep_20_exp_0_checkpoints.csv
0300000000033303030030332,0.0088532455733772,4.683710722019896e-05,30912000000,results/rs/SC5_MHBD_MWPM_2_5x/results/sweep_20_exp_0_checkpoints.csv
0300000000033303030030332,0.0088532455733772,4.683710722019896e-05,38916000000,results/rs/SC5_MHBD_MWPM_2_5x/results/sweep_20_exp_0_checkpoints.csv
0300000000033303030030332,0.0088532455733772,4.683710722019896e-05,48996000000,results/rs/SC5_MHBD_MWPM_2_5x/results/sweep_20_exp_0_checkpoints.csv
0300000000033303030030332,0.0088532455733772,4.683710722019896e-05,61684000000,results/rs/SC5_MHBD_MWPM_2_5x/results/sweep_20_exp_0_checkpoints.csv
0300000000033303030030332,0.0088532455733772,4.683710722019896e-05,77656000000,results/rs/SC5_MHBD_MWPM_2_5x/results/sweep_20_exp_0_checkpoints.csv
0300000000033303030030332,0.0088532455733772,4.683710722019896e-05,97764000000,results/rs/SC5_MHBD_MWPM_2_5x/results/sweep_20_exp_0_checkpoints.csv
0020023232302220000332222,0.0125252437373781,5.560654608416371e-05,4000000,results/rs/SC5_MHBD_MWPM_2_5x/results/sweep_17_exp_0_checkpoints.csv
2000022323230222003322220,0.012157493921253,5.479434184962884e-05,8000000,results/rs/SC5_MHBD_MWPM_2_5x/results/sweep_17_exp_0_checkpoints.csv
3302300023230020233002200,0.0107089946455026,5.146431794855744e-05,12000000,results/rs/SC5_MHBD_MWPM_2_5x/results/sweep_17_exp_0_checkpoints.csv
3302300023230020233002200,0.0107089946455026,5.146431794855744e-05,16000000,results/rs/SC5_MHBD_MWPM_2_5x/results/sweep_17_exp_0_checkpoints.csv
2003030300003032300033000,0.0096094951952524,4.877792889601551e-05,24000000,results/rs/SC5_MHBD_MWPM_2_5x/results/sweep_17_exp_0_checkpoints.csv
2003030300003032300033000,0.0096094951952524,4.877792889601551e-05,32000000,results/rs/SC5_MHBD_MWPM_2_5x/results/sweep_17_exp_0_checkpoints.csv
2003030300003032300033000,0.0096094951952524,4.877792889601551e-05,44000000,results/rs/SC5_MHBD_MWPM_2_5x/results/sweep_17_exp_0_checkpoints.csv
2003030300003032300033000,0.0096094951952524,4.877792889601551e-05,56000000,results/rs/SC5_MHBD_MWPM_2_5x/results/sweep_17_exp_0_checkpoints.csv
2003030300003032300033000,0.0096094951952524,4.877792889601551e-05,72000000,results/rs/SC5_MHBD_MWPM_2_5x/results/sweep_17_exp_0_checkpoints.csv
2003030300003032300033000,0.0096094951952524,4.877792889601551e-05,92000000,results/rs/SC5_MHBD_MWPM_2_5x/results/sweep_17_exp_0_checkpoints.csv
2003030300003032300033000,0.0096094951952524,4.877792889601551e-05,116000000,results/rs/SC5_MHBD_MWPM_2_5x/results/sweep_17_exp_0_checkpoints.csv
2003030300003032300033000,0.0096094951952524,4.877792889601551e-05,148000000,results/rs/SC5_MHBD_MWPM_2_5x/results/sweep_17_exp_0_checkpoints.csv
2003030300003032300033000,0.0096094951952524,4.877792889601551e-05,188000000,results/rs/SC5_MHBD_MWPM_2_5x/results/sweep_17_exp_0_checkpoints.csv
2003030300003032300033000,0.0096094951952524,4.877792889601551e-05,240000000,results/rs/SC5_MHBD_MWPM_2_5x/results/sweep_17_exp_0_checkpoints.csv
2003030300003032300033000,0.0096094951952524,4.877792889601551e-05,304000000,results/rs/SC5_MHBD_MWPM_2_5x/results/sweep_17_exp_0_checkpoints.csv
2003030300003032300033000,0.0096094951952524,4.877792889601551e-05,384000000,results/rs/SC5_MHBD_MWPM_2_5x/results/sweep_17_exp_0_checkpoints.csv
2003030300003032300033000,0.0096094951952524,4.877792889601551e-05,484000000,results/rs/SC5_MHBD_MWPM_2_5x/results/sweep_17_exp_0_checkpoints.csv
2003030300003032300033000,0.0096094951952524,4.877792889601551e-05,612000000,results/rs/SC5_MHBD_MWPM_2_5x/results/sweep_17_exp_0_checkpoints.csv
2003030300003032300033000,0.0096094951952524,4.877792889601551e-05,772000000,results/rs/SC5_MHBD_MWPM_2_5x/results/sweep_17_exp_0_checkpoints.csv
2003030300003032300033000,0.0096094951952524,4.877792889601551e-05,972000000,results/rs/SC5_MHBD_MWPM_2_5x/results/sweep_17_exp_0_checkpoints.csv
0303300330303323300000030,0.0092087453956273,4.7759651351952925e-05,1224000000,results/rs/SC5_MHBD_MWPM_2_5x/results/sweep_17_exp_0_checkpoints.csv
0303300330303323300000030,0.0092087453956273,4.7759651351952925e-05,1544000000,results/rs/SC5_MHBD_MWPM_2_5x/results/sweep_17_exp_0_checkpoints.csv
0303300330303323300000030,0.0092087453956273,4.7759651351952925e-05,1944000000,results/rs/SC5_MHBD_MWPM_2_5x/results/sweep_17_exp_0_checkpoints.csv
0303300330303323300000030,0.0092087453956273,4.7759651351952925e-05,2448000000,results/rs/SC5_MHBD_MWPM_2_5x/results/sweep_17_exp_0_checkpoints.csv
0303300330303323300000030,0.0092087453956273,4.7759651351952925e-05,3084000000,results/rs/SC5_MHBD_MWPM_2_5x/results/sweep_17_exp_0_checkpoints.csv
0303300330303323300000030,0.0092087453956273,4.7759651351952925e-05,3884000000,results/rs/SC5_MHBD_MWPM_2_5x/results/sweep_17_exp_0_checkpoints.csv
0300330300330330030230033,0.0085447457276271,4.602099215844646e-05,4892000000,results/rs/SC5_MHBD_MWPM_2_5x/results/sweep_17_exp_0_checkpoints.csv
0300330300330330030230033,0.0085447457276271,4.602099215844646e-05,6160000000,results/rs/SC5_MHBD_MWPM_2_5x/results/sweep_17_exp_0_checkpoints.csv
0300330300330330030230033,0.0085447457276271,4.602099215844646e-05,7756000000,results/rs/SC5_MHBD_MWPM_2_5x/results/sweep_17_exp_0_checkpoints.csv
0300330300330330030230033,0.0085447457276271,4.602099215844646e-05,9768000000,results/rs/SC5_MHBD_MWPM_2_5x/results/sweep_17_exp_0_checkpoints.csv
0300330300330330030230033,0.0085447457276271,4.602099215844646e-05,12300000000,results/rs/SC5_MHBD_MWPM_2_5x/results/sweep_17_exp_0_checkpoints.csv
0300330300330330030230033,0.0085447457276271,4.602099215844646e-05,15488000000,results/rs/SC5_MHBD_MWPM_2_5x/results/sweep_17_exp_0_checkpoints.csv
0300330300330330030230033,0.0085447457276271,4.602099215844646e-05,19500000000,results/rs/SC5_MHBD_MWPM_2_5x/results/sweep_17_exp_0_checkpoints.csv
0300330300330330030230033,0.0085447457276271,4.602099215844646e-05,24552000000,results/rs/SC5_MHBD_MWPM_2_5x/results/sweep_17_exp_0_checkpoints.csv
0300330300330330030230033,0.0085447457276271,4.602099215844646e-05,30912000000,results/rs/SC5_MHBD_MWPM_2_5x/results/sweep_17_exp_0_checkpoints.csv
0300330300330330030230033,0.0085447457276271,4.602099215844646e-05,38916000000,results/rs/SC5_MHBD_MWPM_2_5x/results/sweep_17_exp_0_checkpoints.csv
0300330300330330030230033,0.0085447457276271,4.602099215844646e-05,48996000000,results/rs/SC5_MHBD_MWPM_2_5x/results/sweep_17_exp_0_checkpoints.csv
0300330300330330030230033,0.0085447457276271,4.602099215844646e-05,61684000000,results/rs/SC5_MHBD_MWPM_2_5x/results/sweep_17_exp_0_checkpoints.csv
0300330300330330030230033,0.0085447457276271,4.602099215844646e-05,77656000000,results/rs/SC5_MHBD_MWPM_2_5x/results/sweep_17_exp_0_checkpoints.csv
0300330300330330030230033,0.0085447457276271,4.602099215844646e-05,97764000000,results/rs/SC5_MHBD_MWPM_2_5x/results/sweep_17_exp_0_checkpoints.csv
3303202233022323230033320,0.0113757443121278,5.30243523826357e-05,4000000,results/rs/SC5_MHBD_MWPM_2_5x/results/sweep_11_exp_0_checkpoints.csv
2023020200330020323032020,0.0109487445256277,5.203090768191032e-05,8000000,results/rs/SC5_MHBD_MWPM_2_5x/results/sweep_11_exp_0_checkpoints.csv
2023020200330020323032020,0.0109487445256277,5.203090768191032e-05,12000000,results/rs/SC5_MHBD_MWPM_2_5x/results/sweep_11_exp_0_checkpoints.csv
3030320200220232303030300,0.0108444945777527,5.178533319849521e-05,16000000,results/rs/SC5_MHBD_MWPM_2_5x/results/sweep_11_exp_0_checkpoints.csv
3030320200220232303030300,0.0108444945777527,5.178533319849521e-05,24000000,results/rs/SC5_MHBD_MWPM_2_5x/results/sweep_11_exp_0_checkpoints.csv
3030320200220232303030300,0.0108444945777527,5.178533319849521e-05,32000000,results/rs/SC5_MHBD_MWPM_2_5x/results/sweep_11_exp_0_checkpoints.csv
3030320200220232303030300,0.0108444945777527,5.178533319849521e-05,44000000,results/rs/SC5_MHBD_MWPM_2_5x/results/sweep_11_exp_0_checkpoints.csv
3300320230030030003002233,0.0098009950995024,4.925679604639299e-05,56000000,results/rs/SC5_MHBD_MWPM_2_5x/results/sweep_11_exp_0_checkpoints.csv
3300320230030030003002233,0.0098009950995024,4.925679604639299e-05,72000000,results/rs/SC5_MHBD_MWPM_2_5x/results/sweep_11_exp_0_checkpoints.csv
3300320230030030003002233,0.0098009950995024,4.925679604639299e-05,92000000,results/rs/SC5_MHBD_MWPM_2_5x/results/sweep_11_exp_0_checkpoints.csv
3300320230030030003002233,0.0098009950995024,4.925679604639299e-05,116000000,results/rs/SC5_MHBD_MWPM_2_5x/results/sweep_11_exp_0_checkpoints.csv
3300320230030030003002233,0.0098009950995024,4.925679604639299e-05,148000000,results/rs/SC5_MHBD_MWPM_2_5x/results/sweep_11_exp_0_checkpoints.csv
3300320230030030003002233,0.0098009950995024,4.925679604639299e-05,188000000,results/rs/SC5_MHBD_MWPM_2_5x/results/sweep_11_exp_0_checkpoints.csv
3300320230030030003002233,0.0098009950995024,4.925679604639299e-05,240000000,results/rs/SC5_MHBD_MWPM_2_5x/results/sweep_11_exp_0_checkpoints.csv
3332320002020330003233330,0.0097799951100024,4.920452192891389e-05,304000000,results/rs/SC5_MHBD_MWPM_2_5x/results/sweep_11_exp_0_checkpoints.csv
3332320002020330003233330,0.0097799951100024,4.920452192891389e-05,384000000,results/rs/SC5_MHBD_MWPM_2_5x/results/sweep_11_exp_0_checkpoints.csv
3332320002020330003233330,0.0097799951100024,4.920452192891389e-05,484000000,results/rs/SC5_MHBD_MWPM_2_5x/results/sweep_11_exp_0_checkpoints.csv
3330332030333000000300033,0.0093062453468773,4.8009456804720685e-05,612000000,results/rs/SC5_MHBD_MWPM_2_5x/results/sweep_11_exp_0_checkpoints.csv
3330332030333000000300033,0.0093062453468773,4.8009456804720685e-05,772000000,results/rs/SC5_MHBD_MWPM_2_5x/results/sweep_11_exp_0_checkpoints.csv
3330332030333000000300033,0.0093062453468773,4.8009456804720685e-05,972000000,results/rs/SC5_MHBD_MWPM_2_5x/results/sweep_11_exp_0_checkpoints.csv
3330332030333000000300033,0.0093062453468773,4.8009456804720685e-05,1224000000,results/rs/SC5_MHBD_MWPM_2_5x/results/sweep_11_exp_0_checkpoints.csv
3330332030333000000300033,0.0093062453468773,4.8009456804720685e-05,1544000000,results/rs/SC5_MHBD_MWPM_2_5x/results/sweep_11_exp_0_checkpoints.csv
3330332030333000000300033,0.0093062453468773,4.8009456804720685e-05,1944000000,results/rs/SC5_MHBD_MWPM_2_5x/results/sweep_11_exp_0_checkpoints.csv
3330332030333000000300033,0.0093062453468773,4.8009456804720685e-05,2448000000,results/rs/SC5_MHBD_MWPM_2_5x/results/sweep_11_exp_0_checkpoints.csv
3330332030333000000300033,0.0093062453468773,4.8009456804720685e-05,3084000000,results/rs/SC5_MHBD_MWPM_2_5x/results/sweep_11_exp_0_checkpoints.csv
3330332030333000000300033,0.0093062453468773,4.8009456804720685e-05,3884000000,results/rs/SC5_MHBD_MWPM_2_5x/results/sweep_11_exp_0_checkpoints.csv
3330332030333000000300033,0.0093062453468773,4.8009456804720685e-05,4892000000,results/rs/SC5_MHBD_MWPM_2_5x/results/sweep_11_exp_0_checkpoints.csv
0300002333030300333303002,0.0091349954325022,4.756979251396842e-05,6160000000,results/rs/SC5_MHBD_MWPM_2_5x/results/sweep_11_exp_0_checkpoints.csv
0300002333030300333303002,0.0091349954325022,4.756979251396842e-05,7756000000,results/rs/SC5_MHBD_MWPM_2_5x/results/sweep_11_exp_0_checkpoints.csv
0300330300030233330300332,0.0090119954940022,4.725138205685653e-05,9768000000,results/rs/SC5_MHBD_MWPM_2_5x/results/sweep_11_exp_0_checkpoints.csv
0300330300030233330300332,0.0090119954940022,4.725138205685653e-05,12300000000,results/rs/SC5_MHBD_MWPM_2_5x/results/sweep_11_exp_0_checkpoints.csv
0300330300030233330300332,0.0090119954940022,4.725138205685653e-05,15488000000,results/rs/SC5_MHBD_MWPM_2_5x/results/sweep_11_exp_0_checkpoints.csv
0300330300030233330300332,0.0090119954940022,4.725138205685653e-05,19500000000,results/rs/SC5_MHBD_MWPM_2_5x/results/sweep_11_exp_0_checkpoints.csv
0300330300030233330300332,0.0090119954940022,4.725138205685653e-05,24552000000,results/rs/SC5_MHBD_MWPM_2_5x/results/sweep_11_exp_0_checkpoints.csv
0300330300030233330300332,0.0090119954940022,4.725138205685653e-05,30912000000,results/rs/SC5_MHBD_MWPM_2_5x/results/sweep_11_exp_0_checkpoints.csv
0300330300030233330300332,0.0090119954940022,4.725138205685653e-05,38916000000,results/rs/SC5_MHBD_MWPM_2_5x/results/sweep_11_exp_0_checkpoints.csv
0300330300030233330300332,0.0090119954940022,4.725138205685653e-05,48996000000,results/rs/SC5_MHBD_MWPM_2_5x/results/sweep_11_exp_0_checkpoints.csv
0330002333230303030033333,0.0088974955512522,4.695296593126841e-05,61684000000,results/rs/SC5_MHBD_MWPM_2_5x/results/sweep_11_exp_0_checkpoints.csv
0323000003033003030033030,0.0088442455778772,4.681350765167736e-05,77656000000,results/rs/SC5_MHBD_MWPM_2_5x/results/sweep_11_exp_0_checkpoints.csv
0323000003033003030033030,0.0088442455778772,4.681350765167736e-05,97764000000,results/rs/SC5_MHBD_MWPM_2_5x/results/sweep_11_exp_0_checkpoints.csv
2222023023202002332220320,0.0126412436793781,5.586016777670011e-05,4000000,results/rs/SC5_MHBD_MWPM_2_5x/results/sweep_2_exp_0_checkpoints.csv
2320023303020230200322203,0.0114994942502528,5.330864587449469e-05,8000000,results/rs/SC5_MHBD_MWPM_2_5x/results/sweep_2_exp_0_checkpoints.csv
3003203302030322320223232,0.0109369945315027,5.200328814680688e-05,12000000,results/rs/SC5_MHBD_MWPM_2_5x/results/sweep_2_exp_0_checkpoints.csv
3003203302030322320223232,0.0109369945315027,5.200328814680688e-05,16000000,results/rs/SC5_MHBD_MWPM_2_5x/results/sweep_2_exp_0_checkpoints.csv
3003203302030322320223232,0.0109369945315027,5.200328814680688e-05,24000000,results/rs/SC5_MHBD_MWPM_2_5x/results/sweep_2_exp_0_checkpoints.csv
3003203302030322320223232,0.0109369945315027,5.200328814680688e-05,32000000,results/rs/SC5_MHBD_MWPM_2_5x/results/sweep_2_exp_0_checkpoints.csv
3230220202200330023333003,0.0108557445721277,5.1811894081765786e-05,44000000,results/rs/SC5_MHBD_MWPM_2_5x/results/sweep_2_exp_0_checkpoints.csv
3223323000200223330030203,0.0108054945972527,5.169315409148112e-05,56000000,results/rs/SC5_MHBD_MWPM_2_5x/results/sweep_2_exp_0_checkpoints.csv
3223323000200223330030203,0.0108054945972527,5.169315409148112e-05,72000000,results/rs/SC5_MHBD_MWPM_2_5x/results/sweep_2_exp_0_checkpoints.csv
0303000033020000323323323,0.0103472448263775,5.059686736785807e-05,92000000,results/rs/SC5_MHBD_MWPM_2_5x/results/sweep_2_exp_0_checkpoints.csv
3023002230300203333330000,0.0102814948592525,5.043753117206506e-05,116000000,results/rs/SC5_MHBD_MWPM_2_5x/results/sweep_2_exp_0_checkpoints.csv
3023002230300203333330000,0.0102814948592525,5.043753117206506e-05,148000000,results/rs/SC5_MHBD_MWPM_2_5x/results/sweep_2_exp_0_checkpoints.csv
3020203320230300023303303,0.0101289949355025,5.006593346479349e-05,188000000,results/rs/SC5_MHBD_MWPM_2_5x/results/sweep_2_exp_0_checkpoints.csv
0333233302330330230022003,0.0099789950105024,4.969760266249068e-05,240000000,results/rs/SC5_MHBD_MWPM_2_5x/results/sweep_2_exp_0_checkpoints.csv
3300000003033003000302020,0.0094767452616273,4.8443082050653175e-05,304000000,results/rs/SC5_MHBD_MWPM_2_5x/results/sweep_2_exp_0_checkpoints.csv
3300000003033003000302020,0.0094767452616273,4.8443082050653175e-05,384000000,results/rs/SC5_MHBD_MWPM_2_5x/results/sweep_2_exp_0_checkpoints.csv
3300000003033003000302020,0.0094767452616273,4.8443082050653175e-05,484000000,results/rs/SC5_MHBD_MWPM_2_5x/results/sweep_2_exp_0_checkpoints.csv
3300000003033003000302020,0.0094767452616273,4.8443082050653175e-05,612000000,results/rs/SC5_MHBD_MWPM_2_5x/results/sweep_2_exp_0_checkpoints.csv
3300000003033003000302020,0.0094767452616273,4.8443082050653175e-05,772000000,results/rs/SC5_MHBD_MWPM_2_5x/results/sweep_2_exp_0_checkpoints.csv
3300000003033003000302020,0.0094767452616273,4.8443082050653175e-05,972000000,results/rs/SC5_MHBD_MWPM_2_5x/results/sweep_2_exp_0_checkpoints.csv
3300000003033003000302020,0.0094767452616273,4.8443082050653175e-05,1224000000,results/rs/SC5_MHBD_MWPM_2_5x/results/sweep_2_exp_0_checkpoints.csv
3300330000030303203200033,0.0093084953457523,4.801520481123589e-05,1544000000,results/rs/SC5_MHBD_MWPM_2_5x/results/sweep_2_exp_0_checkpoints.csv
3300330000030303203200033,0.0093084953457523,4.801520481123589e-05,1944000000,results/rs/SC5_MHBD_MWPM_2_5x/results/sweep_2_exp_0_checkpoints.csv
3300330000030303203200033,0.0093084953457523,4.801520481123589e-05,2448000000,results/rs/SC5_MHBD_MWPM_2_5x/results/sweep_2_exp_0_checkpoints.csv
3300330000030303203200033,0.0093084953457523,4.801520481123589e-05,3084000000,results/rs/SC5_MHBD_MWPM_2_5x/results/sweep_2_exp_0_checkpoints.csv
3300330000030303203200033,0.0093084953457523,4.801520481123589e-05,3884000000,results/rs/SC5_MHBD_MWPM_2_5x/results/sweep_2_exp_0_checkpoints.csv
3300330000030303203200033,0.0093084953457523,4.801520481123589e-05,4892000000,results/rs/SC5_MHBD_MWPM_2_5x/results/sweep_2_exp_0_checkpoints.csv
3300330000030303203200033,0.0093084953457523,4.801520481123589e-05,6160000000,results/rs/SC5_MHBD_MWPM_2_5x/results/sweep_2_exp_0_checkpoints.csv
2333330030000302033303033,0.0089392455303772,4.706200343207456e-05,7756000000,results/rs/SC5_MHBD_MWPM_2_5x/results/sweep_2_exp_0_checkpoints.csv
2333330030000302033303033,0.0089392455303772,4.706200343207456e-05,9768000000,results/rs/SC5_MHBD_MWPM_2_5x/results/sweep_2_exp_0_checkpoints.csv
2333330030000302033303033,0.0089392455303772,4.706200343207456e-05,12300000000,results/rs/SC5_MHBD_MWPM_2_5x/results/sweep_2_exp_0_checkpoints.csv
3333200300030030300032330,0.0089147455426272,4.699804776464589e-05,15488000000,results/rs/SC5_MHBD_MWPM_2_5x/results/sweep_2_exp_0_checkpoints.csv
3333200300030030300032330,0.0089147455426272,4.699804776464589e-05,19500000000,results/rs/SC5_MHBD_MWPM_2_5x/results/sweep_2_exp_0_checkpoints.csv
3333200300030030300032330,0.0089147455426272,4.699804776464589e-05,24552000000,results/rs/SC5_MHBD_MWPM_2_5x/results/sweep_2_exp_0_checkpoints.csv
3333200300030030300032330,0.0089147455426272,4.699804776464589e-05,30912000000,results/rs/SC5_MHBD_MWPM_2_5x/results/sweep_2_exp_0_checkpoints.csv
0030230300200303330303030,0.0088837455581272,4.691699723480269e-05,38916000000,results/rs/SC5_MHBD_MWPM_2_5x/results/sweep_2_exp_0_checkpoints.csv
0030230300200303330303030,0.0088837455581272,4.691699723480269e-05,48996000000,results/rs/SC5_MHBD_MWPM_2_5x/results/sweep_2_exp_0_checkpoints.csv
0030230300200303330303030,0.0088837455581272,4.691699723480269e-05,61684000000,results/rs/SC5_MHBD_MWPM_2_5x/results/sweep_2_exp_0_checkpoints.csv
0030230300200303330303030,0.0088837455581272,4.691699723480269e-05,77656000000,results/rs/SC5_MHBD_MWPM_2_5x/results/sweep_2_exp_0_checkpoints.csv
0300323300030300333320033,0.0088817455591272,4.691176218329929e-05,97764000000,results/rs/SC5_MHBD_MWPM_2_5x/results/sweep_2_exp_0_checkpoints.csv
2003003033232223302300223,0.0119084940457529,5.423714901553467e-05,4000000,results/rs/SC5_MHBD_MWPM_2_5x/results/sweep_18_exp_0_checkpoints.csv
3203030233300220022022033,0.0114579942710028,5.321348726283759e-05,8000000,results/rs/SC5_MHBD_MWPM_2_5x/results/sweep_18_exp_0_checkpoints.csv
3203030233300220022022033,0.0114579942710028,5.321348726283759e-05,12000000,results/rs/SC5_MHBD_MWPM_2_5x/results/sweep_18_exp_0_checkpoints.csv
3232202033023002303300023,0.0112202443898778,5.266484367894009e-05,16000000,results/rs/SC5_MHBD_MWPM_2_5x/results/sweep_18_exp_0_checkpoints.csv
3232202033023002303300023,0.0112202443898778,5.266484367894009e-05,24000000,results/rs/SC5_MHBD_MWPM_2_5x/results/sweep_18_exp_0_checkpoints.csv
3300322233333000022003320,0.0108327445836277,5.175757905817591e-05,32000000,results/rs/SC5_MHBD_MWPM_2_5x/results/sweep_18_exp_0_checkpoints.csv
0300200203330003320232020,0.0107279946360026,5.150945798959583e-05,44000000,results/rs/SC5_MHBD_MWPM_2_5x/results/sweep_18_exp_0_checkpoints.csv
3330320233233203200032020,0.0106864946567526,5.141081055626273e-05,56000000,results/rs/SC5_MHBD_MWPM_2_5x/results/sweep_18_exp_0_checkpoints.csv
3330320233233203200032020,0.0106864946567526,5.141081055626273e-05,72000000,results/rs/SC5_MHBD_MWPM_2_5x/results/sweep_18_exp_0_checkpoints.csv
3330320233233203200032020,0.0106864946567526,5.141081055626273e-05,92000000,results/rs/SC5_MHBD_MWPM_2_5x/results/sweep_18_exp_0_checkpoints.csv
2320332300033303033003320,0.0095229952385023,4.856001760344952e-05,116000000,results/rs/SC5_MHBD_MWPM_2_5x/results/sweep_18_exp_0_checkpoints.csv
2320332300033303033003320,0.0095229952385023,4.856001760344952e-05,148000000,results/rs/SC5_MHBD_MWPM_2_5x/results/sweep_18_exp_0_checkpoints.csv
2320332300033303033003320,0.0095229952385023,4.856001760344952e-05,188000000,results/rs/SC5_MHBD_MWPM_2_5x/results/sweep_18_exp_0_checkpoints.csv
2320332300033303033003320,0.0095229952385023,4.856001760344952e-05,240000000,results/rs/SC5_MHBD_MWPM_2_5x/results/sweep_18_exp_0_checkpoints.csv
2320332300033303033003320,0.0095229952385023,4.856001760344952e-05,304000000,results/rs/SC5_MHBD_MWPM_2_5x/results/sweep_18_exp_0_checkpoints.csv
2320332300033303033003320,0.0095229952385023,4.856001760344952e-05,384000000,results/rs/SC5_MHBD_MWPM_2_5x/results/sweep_18_exp_0_checkpoints.csv
2320332300033303033003320,0.0095229952385023,4.856001760344952e-05,484000000,results/rs/SC5_MHBD_MWPM_2_5x/results/sweep_18_exp_0_checkpoints.csv
2320332300033303033003320,0.0095229952385023,4.856001760344952e-05,612000000,results/rs/SC5_MHBD_MWPM_2_5x/results/sweep_18_exp_0_checkpoints.csv
2320332300033303033003320,0.0095229952385023,4.856001760344952e-05,772000000,results/rs/SC5_MHBD_MWPM_2_5x/results/sweep_18_exp_0_checkpoints.csv
2320332300033303033003320,0.0095229952385023,4.856001760344952e-05,972000000,results/rs/SC5_MHBD_MWPM_2_5x/results/sweep_18_exp_0_checkpoints.csv
2320332300033303033003320,0.0095229952385023,4.856001760344952e-05,1224000000,results/rs/SC5_MHBD_MWPM_2_5x/results/sweep_18_exp_0_checkpoints.csv
2023230323303300030033333,0.0093819953090023,4.820261165150441e-05,1544000000,results/rs/SC5_MHBD_MWPM_2_5x/results/sweep_18_exp_0_checkpoints.csv
2023230323303300030033333,0.0093819953090023,4.820261165150441e-05,1944000000,results/rs/SC5_MHBD_MWPM_2_5x/results/sweep_18_exp_0_checkpoints.csv
2023230323303300030033333,0.0093819953090023,4.820261165150441e-05,2448000000,results/rs/SC5_MHBD_MWPM_2_5x/results/sweep_18_exp_0_checkpoints.csv
3030333033030323030023333,0.0093272453363773,4.806308425031602e-05,3084000000,results/rs/SC5_MHBD_MWPM_2_5x/results/sweep_18_exp_0_checkpoints.csv
3030333033030323030023333,0.0093272453363773,4.806308425031602e-05,3884000000,results/rs/SC5_MHBD_MWPM_2_5x/results/sweep_18_exp_0_checkpoints.csv
3033032030230303032303330,0.0093179953410023,4.803947012987919e-05,4892000000,results/rs/SC5_MHBD_MWPM_2_5x/results/sweep_18_exp_0_checkpoints.csv
3033032030230303032303330,0.0093179953410023,4.803947012987919e-05,6160000000,results/rs/SC5_MHBD_MWPM_2_5x/results/sweep_18_exp_0_checkpoints.csv
3033032030230303032303330,0.0093179953410023,4.803947012987919e-05,7756000000,results/rs/SC5_MHBD_MWPM_2_5x/results/sweep_18_exp_0_checkpoints.csv
0233030320030300003033303,0.0090509954745022,4.7352583351312205e-05,9768000000,results/rs/SC5_MHBD_MWPM_2_5x/results/sweep_18_exp_0_checkpoints.csv
0023330000003300330320030,0.0090049954975022,4.723319580079988e-05,12300000000,results/rs/SC5_MHBD_MWPM_2_5x/results/sweep_18_exp_0_checkpoints.csv
0023330000003300330320030,0.0090049954975022,4.723319580079988e-05,15488000000,results/rs/SC5_MHBD_MWPM_2_5x/results/sweep_18_exp_0_checkpoints.csv
0233330303330002033303030,0.0090034954982522,4.7229295887518674e-05,19500000000,results/rs/SC5_MHBD_MWPM_2_5x/results/sweep_18_exp_0_checkpoints.csv
0233330303330002033303030,0.0090034954982522,4.7229295887518674e-05,24552000000,results/rs/SC5_MHBD_MWPM_2_5x/results/sweep_18_exp_0_checkpoints.csv
0233330303330002033303030,0.0090034954982522,4.7229295887518674e-05,30912000000,results/rs/SC5_MHBD_MWPM_2_5x/results/sweep_18_exp_0_checkpoints.csv
0303033330330000000203333,0.0087589956205021,4.658934631152079e-05,38916000000,results/rs/SC5_MHBD_MWPM_2_5x/results/sweep_18_exp_0_checkpoints.csv
0303033330330000000203333,0.0087589956205021,4.658934631152079e-05,48996000000,results/rs/SC5_MHBD_MWPM_2_5x/results/sweep_18_exp_0_checkpoints.csv
0303033330330000000203333,0.0087589956205021,4.658934631152079e-05,61684000000,results/rs/SC5_MHBD_MWPM_2_5x/results/sweep_18_exp_0_checkpoints.csv
0303033330330000000203333,0.0087589956205021,4.658934631152079e-05,77656000000,results/rs/SC5_MHBD_MWPM_2_5x/results/sweep_18_exp_0_checkpoints.csv
0303033330330000000203333,0.0087589956205021,4.658934631152079e-05,97764000000,results/rs/SC5_MHBD_MWPM_2_5x/results/sweep_18_exp_0_checkpoints.csv
2202200323332003202020300,0.0115244942377528,5.336588583304547e-05,4000000,results/rs/SC5_MHBD_MWPM_2_5x/results/sweep_25_exp_0_checkpoints.csv
2333232000020000333333022,0.0101397449301275,5.009222149965353e-05,8000000,results/rs/SC5_MHBD_MWPM_2_5x/results/sweep_25_exp_0_checkpoints.csv
2333232000020000333333022,0.0101397449301275,5.009222149965353e-05,12000000,results/rs/SC5_MHBD_MWPM_2_5x/results/sweep_25_exp_0_checkpoints.csv
2333232000020000333333022,0.0101397449301275,5.009222149965353e-05,16000000,results/rs/SC5_MHBD_MWPM_2_5x/results/sweep_25_exp_0_checkpoints.csv
2333232000020000333333022,0.0101397449301275,5.009222149965353e-05,24000000,results/rs/SC5_MHBD_MWPM_2_5x/results/sweep_25_exp_0_checkpoints.csv
2333232000020000333333022,0.0101397449301275,5.009222149965353e-05,32000000,results/rs/SC5_MHBD_MWPM_2_5x/results/sweep_25_exp_0_checkpoints.csv
2333232000020000333333022,0.0101397449301275,5.009222149965353e-05,44000000,results/rs/SC5_MHBD_MWPM_2_5x/results/sweep_25_exp_0_checkpoints.csv
2333232000020000333333022,0.0101397449301275,5.009222149965353e-05,56000000,results/rs/SC5_MHBD_MWPM_2_5x/results/sweep_25_exp_0_checkpoints.csv
2333232000020000333333022,0.0101397449301275,5.009222149965353e-05,72000000,results/rs/SC5_MHBD_MWPM_2_5x/results/sweep_25_exp_0_checkpoints.csv
2333232000020000333333022,0.0101397449301275,5.009222149965353e-05,92000000,results/rs/SC5_MHBD_MWPM_2_5x/results/sweep_25_exp_0_checkpoints.csv
2333232000020000333333022,0.0101397449301275,5.009222149965353e-05,116000000,results/rs/SC5_MHBD_MWPM_2_5x/results/sweep_25_exp_0_checkpoints.csv
2333232000020000333333022,0.0101397449301275,5.009222149965353e-05,148000000,results/rs/SC5_MHBD_MWPM_2_5x/results/sweep_25_exp_0_checkpoints.csv
2333232000020000333333022,0.0101397449301275,5.009222149965353e-05,188000000,results/rs/SC5_MHBD_MWPM_2_5x/results/sweep_25_exp_0_checkpoints.csv
2333232000020000333333022,0.0101397449301275,5.009222149965353e-05,240000000,results/rs/SC5_MHBD_MWPM_2_5x/results/sweep_25_exp_0_checkpoints.csv
0323303003000003320030322,0.0101389949305025,5.009038795833476e-05,304000000,results/rs/SC5_MHBD_MWPM_2_5x/results/sweep_25_exp_0_checkpoints.csv
0323303003000003320030322,0.0101389949305025,5.009038795833476e-05,384000000,results/rs/SC5_MHBD_MWPM_2_5x/results/sweep_25_exp_0_checkpoints.csv
0300003033030200223200030,0.0100324949837525,4.982930113328621e-05,484000000,results/rs/SC5_MHBD_MWPM_2_5x/results/sweep_25_exp_0_checkpoints.csv
0303000000330302223030003,0.0099834950082524,4.9708694859873503e-05,612000000,results/rs/SC5_MHBD_MWPM_2_5x/results/sweep_25_exp_0_checkpoints.csv
2033000000033200330202033,0.0097679951160024,4.917462138109841e-05,772000000,results/rs/SC5_MHBD_MWPM_2_5x/results/sweep_25_exp_0_checkpoints.csv
3302030003020320300323300,0.0097067451466274,4.902172076981515e-05,972000000,results/rs/SC5_MHBD_MWPM_2_5x/results/sweep_25_exp_0_checkpoints.csv
3302030003020320300323300,0.0097067451466274,4.902172076981515e-05,1224000000,results/rs/SC5_MHBD_MWPM_2_5x/results/sweep_25_exp_0_checkpoints.csv
0003323203033000000033330,0.0094537452731273,4.8384827096015215e-05,1544000000,results/rs/SC5_MHBD_MWPM_2_5x/results/sweep_25_exp_0_checkpoints.csv
0003323203033000000033330,0.0094537452731273,4.8384827096015215e-05,1944000000,results/rs/SC5_MHBD_MWPM_2_5x/results/sweep_25_exp_0_checkpoints.csv
0003323203033000000033330,0.0094537452731273,4.8384827096015215e-05,2448000000,results/rs/SC5_MHBD_MWPM_2_5x/results/sweep_25_exp_0_checkpoints.csv
0300033323000300330302323,0.0092797453601273,4.79416958114598e-05,3084000000,results/rs/SC5_MHBD_MWPM_2_5x/results/sweep_25_exp_0_checkpoints.csv
0300033323000300330302323,0.0092797453601273,4.79416958114598e-05,3884000000,results/rs/SC5_MHBD_MWPM_2_5x/results/sweep_25_exp_0_checkpoints.csv
0300033323000300330302323,0.0092797453601273,4.79416958114598e-05,4892000000,results/rs/SC5_MHBD_MWPM_2_5x/results/sweep_25_exp_0_checkpoints.csv
0230200330030333033030033,0.0088274955862522,4.676955359173007e-05,6160000000,results/rs/SC5_MHBD_MWPM_2_5x/results/sweep_25_exp_0_checkpoints.csv
0230200330030333033030033,0.0088274955862522,4.676955359173007e-05,7756000000,results/rs/SC5_MHBD_MWPM_2_5x/results/sweep_25_exp_0_checkpoints.csv
0230200330030333033030033,0.0088274955862522,4.676955359173007e-05,9768000000,results/rs/SC5_MHBD_MWPM_2_5x/results/sweep_25_exp_0_checkpoints.csv
0230200330030333033030033,0.0088274955862522,4.676955359173007e-05,12300000000,results/rs/SC5_MHBD_MWPM_2_5x/results/sweep_25_exp_0_checkpoints.csv
0230200330030333033030033,0.0088274955862522,4.676955359173007e-05,15488000000,results/rs/SC5_MHBD_MWPM_2_5x/results/sweep_25_exp_0_checkpoints.csv
0230200330030333033030033,0.0088274955862522,4.676955359173007e-05,19500000000,results/rs/SC5_MHBD_MWPM_2_5x/results/sweep_25_exp_0_checkpoints.csv
0230200330030333033030033,0.0088274955862522,4.676955359173007e-05,24552000000,results/rs/SC5_MHBD_MWPM_2_5x/results/sweep_25_exp_0_checkpoints.csv
0230200330030333033030033,0.0088274955862522,4.676955359173007e-05,30912000000,results/rs/SC5_MHBD_MWPM_2_5x/results/sweep_25_exp_0_checkpoints.csv
0230200330030333033030033,0.0088274955862522,4.676955359173007e-05,38916000000,results/rs/SC5_MHBD_MWPM_2_5x/results/sweep_25_exp_0_checkpoints.csv
0230200330030333033030033,0.0088274955862522,4.676955359173007e-05,48996000000,results/rs/SC5_MHBD_MWPM_2_5x/results/sweep_25_exp_0_checkpoints.csv
0230200330030333033030033,0.0088274955862522,4.676955359173007e-05,61684000000,results/rs/SC5_MHBD_MWPM_2_5x/results/sweep_25_exp_0_checkpoints.csv
0230200330030333033030033,0.0088274955862522,4.676955359173007e-05,77656000000,results/rs/SC5_MHBD_MWPM_2_5x/results/sweep_25_exp_0_checkpoints.csv
0230200330030333033030033,0.0088274955862522,4.676955359173007e-05,97764000000,results/rs/SC5_MHBD_MWPM_2_5x/results/sweep_25_exp_0_checkpoints.csv
3330020020000322322020002,0.0113449943275028,5.295346272760071e-05,4000000,results/rs/SC5_MHBD_MWPM_2_5x/results/sweep_1_exp_0_checkpoints.csv
3330020020000322322020002,0.0113449943275028,5.295346272760071e-05,8000000,results/rs/SC5_MHBD_MWPM_2_5x/results/sweep_1_exp_0_checkpoints.csv
3220333022030202233330003,0.0110852444573777,5.2350631449371576e-05,12000000,results/rs/SC5_MHBD_MWPM_2_5x/results/sweep_1_exp_0_checkpoints.csv
3220333022030202233330003,0.0110852444573777,5.2350631449371576e-05,16000000,results/rs/SC5_MHBD_MWPM_2_5x/results/sweep_1_exp_0_checkpoints.csv
2223300202303300320203300,0.0106847446576276,5.140664507052861e-05,24000000,results/rs/SC5_MHBD_MWPM_2_5x/results/sweep_1_exp_0_checkpoints.csv
2223300202303300320203300,0.0106847446576276,5.140664507052861e-05,32000000,results/rs/SC5_MHBD_MWPM_2_5x/results/sweep_1_exp_0_checkpoints.csv
2003232330003032333320330,0.0104357447821276,5.0810511311283335e-05,44000000,results/rs/SC5_MHBD_MWPM_2_5x/results/sweep_1_exp_0_checkpoints.csv
2003232330003032333320330,0.0104357447821276,5.0810511311283335e-05,56000000,results/rs/SC5_MHBD_MWPM_2_5x/results/sweep_1_exp_0_checkpoints.csv
0330300203200302302300020,0.0102409948795025,5.0339123845333233e-05,72000000,results/rs/SC5_MHBD_MWPM_2_5x/results/sweep_1_exp_0_checkpoints.csv
2022323020000300330303230,0.0100422449788775,4.9853260861709714e-05,92000000,results/rs/SC5_MHBD_MWPM_2_5x/results/sweep_1_exp_0_checkpoints.csv
2022323020000300330303230,0.0100422449788775,4.9853260861709714e-05,116000000,results/rs/SC5_MHBD_MWPM_2_5x/results/sweep_1_exp_0_checkpoints.csv
2002000333000330003230303,0.0098227450886274,4.9310881877318025e-05,148000000,results/rs/SC5_MHBD_MWPM_2_5x/results/sweep_1_exp_0_checkpoints.csv
2002000333000330003230303,0.0098227450886274,4.9310881877318025e-05,188000000,results/rs/SC5_MHBD_MWPM_2_5x/results/sweep_1_exp_0_checkpoints.csv
2002000333000330003230303,0.0098227450886274,4.9310881877318025e-05,240000000,results/rs/SC5_MHBD_MWPM_2_5x/results/sweep_1_exp_0_checkpoints.csv
3333000003000332300230002,0.0095129952435023,4.8534759116591886e-05,304000000,results/rs/SC5_MHBD_MWPM_2_5x/results/sweep_1_exp_0_checkpoints.csv
3333000003000332300230002,0.0095129952435023,4.8534759116591886e-05,384000000,results/rs/SC5_MHBD_MWPM_2_5x/results/sweep_1_exp_0_checkpoints.csv
3333000003000332300230002,0.0095129952435023,4.8534759116591886e-05,484000000,results/rs/SC5_MHBD_MWPM_2_5x/results/sweep_1_exp_0_checkpoints.csv
3333000003000332300230002,0.0095129952435023,4.8534759116591886e-05,612000000,results/rs/SC5_MHBD_MWPM_2_5x/results/sweep_1_exp_0_checkpoints.csv
3333000003000332300230002,0.0095129952435023,4.8534759116591886e-05,772000000,results/rs/SC5_MHBD_MWPM_2_5x/results/sweep_1_exp_0_checkpoints.csv
3333000003000332300230002,0.0095129952435023,4.8534759116591886e-05,972000000,results/rs/SC5_MHBD_MWPM_2_5x/results/sweep_1_exp_0_checkpoints.csv
2033230320000003330300033,0.0093327453336273,4.807711957255378e-05,1224000000,results/rs/SC5_MHBD_MWPM_2_5x/results/sweep_1_exp_0_checkpoints.csv
2033230320000003330300033,0.0093327453336273,4.807711957255378e-05,1544000000,results/rs/SC5_MHBD_MWPM_2_5x/results/sweep_1_exp_0_checkpoints.csv
2033230320000003330300033,0.0093327453336273,4.807711957255378e-05,1944000000,results/rs/SC5_MHBD_MWPM_2_5x/results/sweep_1_exp_0_checkpoints.csv
2033230320000003330300033,0.0093327453336273,4.807711957255378e-05,2448000000,results/rs/SC5_MHBD_MWPM_2_5x/results/sweep_1_exp_0_checkpoints.csv
2033230320000003330300033,0.0093327453336273,4.807711957255378e-05,3084000000,results/rs/SC5_MHBD_MWPM_2_5x/results/sweep_1_exp_0_checkpoints.csv
2033230320000003330300033,0.0093327453336273,4.807711957255378e-05,3884000000,results/rs/SC5_MHBD_MWPM_2_5x/results/sweep_1_exp_0_checkpoints.csv
0303030300323030030303200,0.0091504954247522,4.760975934914313e-05,4892000000,results/rs/SC5_MHBD_MWPM_2_5x/results/sweep_1_exp_0_checkpoints.csv
3230030330030302033300333,0.0091499954250022,4.760847150464542e-05,6160000000,results/rs/SC5_MHBD_MWPM_2_5x/results/sweep_1_exp_0_checkpoints.csv
3230030330030302033300333,0.0091499954250022,4.760847150464542e-05,7756000000,results/rs/SC5_MHBD_MWPM_2_5x/results/sweep_1_exp_0_checkpoints.csv
0333330300030302300000002,0.0090514954742522,4.735387847176753e-05,9768000000,results/rs/SC5_MHBD_MWPM_2_5x/results/sweep_1_exp_0_checkpoints.csv
0333330300030302300000002,0.0090514954742522,4.735387847176753e-05,12300000000,results/rs/SC5_MHBD_MWPM_2_5x/results/sweep_1_exp_0_checkpoints.csv
0333330300030302300000002,0.0090514954742522,4.735387847176753e-05,15488000000,results/rs/SC5_MHBD_MWPM_2_5x/results/sweep_1_exp_0_checkpoints.csv
3033330300332300000303330,0.0088687455656272,4.687772525358014e-05,19500000000,results/rs/SC5_MHBD_MWPM_2_5x/results/sweep_1_exp_0_checkpoints.csv
3033330300332300000303330,0.0088687455656272,4.687772525358014e-05,24552000000,results/rs/SC5_MHBD_MWPM_2_5x/results/sweep_1_exp_0_checkpoints.csv
3033330300332300000303330,0.0088687455656272,4.687772525358014e-05,30912000000,results/rs/SC5_MHBD_MWPM_2_5x/results/sweep_1_exp_0_checkpoints.csv
3033330300332300000303330,0.0088687455656272,4.687772525358014e-05,38916000000,results/rs/SC5_MHBD_MWPM_2_5x/results/sweep_1_exp_0_checkpoints.csv
3033330300332300000303330,0.0088687455656272,4.687772525358014e-05,48996000000,results/rs/SC5_MHBD_MWPM_2_5x/results/sweep_1_exp_0_checkpoints.csv
0333333020030303030330330,0.0086129956935021,4.6202829253161326e-05,61684000000,results/rs/SC5_MHBD_MWPM_2_5x/results/sweep_1_exp_0_checkpoints.csv
0333333020030303030330330,0.0086129956935021,4.6202829253161326e-05,77656000000,results/rs/SC5_MHBD_MWPM_2_5x/results/sweep_1_exp_0_checkpoints.csv
0333333020030303030330330,0.0086129956935021,4.6202829253161326e-05,97764000000,results/rs/SC5_MHBD_MWPM_2_5x/results/sweep_1_exp_0_checkpoints.csv
3003203320203233220003000,0.0111437444281277,5.2487030188785866e-05,4000000,results/rs/SC5_MHBD_MWPM_2_5x/results/sweep_12_exp_0_checkpoints.csv
3003203320203233220003000,0.0111437444281277,5.2487030188785866e-05,8000000,results/rs/SC5_MHBD_MWPM_2_5x/results/sweep_12_exp_0_checkpoints.csv
3003203320203233220003000,0.0111437444281277,5.2487030188785866e-05,12000000,results/rs/SC5_MHBD_MWPM_2_5x/results/sweep_12_exp_0_checkpoints.csv
0002322323300302000203333,0.0103199948400025,5.053089262219146e-05,16000000,results/rs/SC5_MHBD_MWPM_2_5x/results/sweep_12_exp_0_checkpoints.csv
0002322323300302000203333,0.0103199948400025,5.053089262219146e-05,24000000,results/rs/SC5_MHBD_MWPM_2_5x/results/sweep_12_exp_0_checkpoints.csv
0002322323300302000203333,0.0103199948400025,5.053089262219146e-05,32000000,results/rs/SC5_MHBD_MWPM_2_5x/results/sweep_12_exp_0_checkpoints.csv
2000330003030030230020020,0.0100872449563775,4.99636989843566e-05,44000000,results/rs/SC5_MHBD_MWPM_2_5x/results/sweep_12_exp_0_checkpoints.csv
2000330003030030230020020,0.0100872449563775,4.99636989843566e-05,56000000,results/rs/SC5_MHBD_MWPM_2_5x/results/sweep_12_exp_0_checkpoints.csv
2000330003030030230020020,0.0100872449563775,4.99636989843566e-05,72000000,results/rs/SC5_MHBD_MWPM_2_5x/results/sweep_12_exp_0_checkpoints.csv
2000330003030030230020020,0.0100872449563775,4.99636989843566e-05,92000000,results/rs/SC5_MHBD_MWPM_2_5x/results/sweep_12_exp_0_checkpoints.csv
2000330003030030230020020,0.0100872449563775,4.99636989843566e-05,116000000,results/rs/SC5_MHBD_MWPM_2_5x/results/sweep_12_exp_0_checkpoints.csv
2000330003030030230020020,0.0100872449563775,4.99636989843566e-05,148000000,results/rs/SC5_MHBD_MWPM_2_5x/results/sweep_12_exp_0_checkpoints.csv
2000330003030030230020020,0.0100872449563775,4.99636989843566e-05,188000000,results/rs/SC5_MHBD_MWPM_2_5x/results/sweep_12_exp_0_checkpoints.csv
2233303030300202033330030,0.0097774951112524,4.919829370919615e-05,240000000,results/rs/SC5_MHBD_MWPM_2_5x/results/sweep_12_exp_0_checkpoints.csv
2233303030300202033330030,0.0097774951112524,4.919829370919615e-05,304000000,results/rs/SC5_MHBD_MWPM_2_5x/results/sweep_12_exp_0_checkpoints.csv
2233303030300202033330030,0.0097774951112524,4.919829370919615e-05,384000000,results/rs/SC5_MHBD_MWPM_2_5x/results/sweep_12_exp_0_checkpoints.csv
0330300030300020030003330,0.0090529954735022,4.735776747111231e-05,484000000,results/rs/SC5_MHBD_MWPM_2_5x/results/sweep_12_exp_0_checkpoints.csv
0330300030300020030003330,0.0090529954735022,4.735776747111231e-05,612000000,results/rs/SC5_MHBD_MWPM_2_5x/results/sweep_12_exp_0_checkpoints.csv
0330300030300020030003330,0.0090529954735022,4.735776747111231e-05,772000000,results/rs/SC5_MHBD_MWPM_2_5x/results/sweep_12_exp_0_checkpoints.csv
0330300030300020030003330,0.0090529954735022,4.735776747111231e-05,972000000,results/rs/SC5_MHBD_MWPM_2_5x/results/sweep_12_exp_0_checkpoints.csv
0330300030300020030003330,0.0090529954735022,4.735776747111231e-05,1224000000,results/rs/SC5_MHBD_MWPM_2_5x/results/sweep_12_exp_0_checkpoints.csv
0330300030300020030003330,0.0090529954735022,4.735776747111231e-05,1544000000,results/rs/SC5_MHBD_MWPM_2_5x/results/sweep_12_exp_0_checkpoints.csv
0330300030300020030003330,0.0090529954735022,4.735776747111231e-05,1944000000,results/rs/SC5_MHBD_MWPM_2_5x/results/sweep_12_exp_0_checkpoints.csv
0330300030300020030003330,0.0090529954735022,4.735776747111231e-05,2448000000,results/rs/SC5_MHBD_MWPM_2_5x/results/sweep_12_exp_0_checkpoints.csv
0330300030300020030003330,0.0090529954735022,4.735776747111231e-05,3084000000,results/rs/SC5_MHBD_MWPM_2_5x/results/sweep_12_exp_0_checkpoints.csv
0330300030300020030003330,0.0090529954735022,4.735776747111231e-05,3884000000,results/rs/SC5_MHBD_MWPM_2_5x/results/sweep_12_exp_0_checkpoints.csv
0330300030300020030003330,0.0090529954735022,4.735776747111231e-05,4892000000,results/rs/SC5_MHBD_MWPM_2_5x/results/sweep_12_exp_0_checkpoints.csv
0330300030300020030003330,0.0090529954735022,4.735776747111231e-05,6160000000,results/rs/SC5_MHBD_MWPM_2_5x/results/sweep_12_exp_0_checkpoints.csv
0330300030300020030003330,0.0090529954735022,4.735776747111231e-05,7756000000,results/rs/SC5_MHBD_MWPM_2_5x/results/sweep_12_exp_0_checkpoints.csv
0320030303333000000233330,0.0090452454773772,4.733767491416074e-05,9768000000,results/rs/SC5_MHBD_MWPM_2_5x/results/sweep_12_exp_0_checkpoints.csv
0320030303333000000233330,0.0090452454773772,4.733767491416074e-05,12300000000,results/rs/SC5_MHBD_MWPM_2_5x/results/sweep_12_exp_0_checkpoints.csv
3303220303300000330033330,0.0088622455688772,4.686069951276295e-05,15488000000,results/rs/SC5_MHBD_MWPM_2_5x/results/sweep_12_exp_0_checkpoints.csv
3303220303300000330033330,0.0088622455688772,4.686069951276295e-05,19500000000,results/rs/SC5_MHBD_MWPM_2_5x/results/sweep_12_exp_0_checkpoints.csv
3303220303300000330033330,0.0088622455688772,4.686069951276295e-05,24552000000,results/rs/SC5_MHBD_MWPM_2_5x/results/sweep_12_exp_0_checkpoints.csv
3303220303300000330033330,0.0088622455688772,4.686069951276295e-05,30912000000,results/rs/SC5_MHBD_MWPM_2_5x/results/sweep_12_exp_0_checkpoints.csv
0333220300030320300303330,0.0088222455888772,4.67557656520512e-05,38916000000,results/rs/SC5_MHBD_MWPM_2_5x/results/sweep_12_exp_0_checkpoints.csv
0333220300030320300303330,0.0088222455888772,4.67557656520512e-05,48996000000,results/rs/SC5_MHBD_MWPM_2_5x/results/sweep_12_exp_0_checkpoints.csv
0333220300030320300303330,0.0088222455888772,4.67557656520512e-05,61684000000,results/rs/SC5_MHBD_MWPM_2_5x/results/sweep_12_exp_0_checkpoints.csv
0333220300030320300303330,0.0088222455888772,4.67557656520512e-05,77656000000,results/rs/SC5_MHBD_MWPM_2_5x/results/sweep_12_exp_0_checkpoints.csv
0333220300030320300303330,0.0088222455888772,4.67557656520512e-05,97764000000,results/rs/SC5_MHBD_MWPM_2_5x/results/sweep_12_exp_0_checkpoints.csv
2300002000033322203300023,0.0109434945282527,5.2018567657796666e-05,4000000,results/rs/SC5_MHBD_MWPM_2_5x/results/sweep_14_exp_0_checkpoints.csv
2303033032323223333303303,0.0109379945310027,5.200564191909507e-05,8000000,results/rs/SC5_MHBD_MWPM_2_5x/results/sweep_14_exp_0_checkpoints.csv
3023300203032033333220233,0.0107179946410026,5.148570562596433e-05,12000000,results/rs/SC5_MHBD_MWPM_2_5x/results/sweep_14_exp_0_checkpoints.csv
3023300203032033333220233,0.0107179946410026,5.148570562596433e-05,16000000,results/rs/SC5_MHBD_MWPM_2_5x/results/sweep_14_exp_0_checkpoints.csv
3023300203032033333220233,0.0107179946410026,5.148570562596433e-05,24000000,results/rs/SC5_MHBD_MWPM_2_5x/results/sweep_14_exp_0_checkpoints.csv
3023300203032033333220233,0.0107179946410026,5.148570562596433e-05,32000000,results/rs/SC5_MHBD_MWPM_2_5x/results/sweep_14_exp_0_checkpoints.csv
0203230330020203333022223,0.0105889947055026,5.117826731293462e-05,44000000,results/rs/SC5_MHBD_MWPM_2_5x/results/sweep_14_exp_0_checkpoints.csv
0203230330020203333022223,0.0105889947055026,5.117826731293462e-05,56000000,results/rs/SC5_MHBD_MWPM_2_5x/results/sweep_14_exp_0_checkpoints.csv
0330302232002003030023203,0.0104924947537526,5.094701919006184e-05,72000000,results/rs/SC5_MHBD_MWPM_2_5x/results/sweep_14_exp_0_checkpoints.csv
0330302232002003030023203,0.0104924947537526,5.094701919006184e-05,92000000,results/rs/SC5_MHBD_MWPM_2_5x/results/sweep_14_exp_0_checkpoints.csv
2233330203202030330000300,0.0103619948190025,5.06325377500616e-05,116000000,results/rs/SC5_MHBD_MWPM_2_5x/results/sweep_14_exp_0_checkpoints.csv
3230323032003000000302033,0.0102057448971275,5.025330756325275e-05,148000000,results/rs/SC5_MHBD_MWPM_2_5x/results/sweep_14_exp_0_checkpoints.csv
3033300302233003233030002,0.0099982450008774,4.9745030992198735e-05,188000000,results/rs/SC5_MHBD_MWPM_2_5x/results/sweep_14_exp_0_checkpoints.csv
3003030322000030330030030,0.0092899953550023,4.7967914724722505e-05,240000000,results/rs/SC5_MHBD_MWPM_2_5x/results/sweep_14_exp_0_checkpoints.csv
3003030322000030330030030,0.0092899953550023,4.7967914724722505e-05,304000000,results/rs/SC5_MHBD_MWPM_2_5x/results/sweep_14_exp_0_checkpoints.csv
3003030322000030330030030,0.0092899953550023,4.7967914724722505e-05,384000000,results/rs/SC5_MHBD_MWPM_2_5x/results/sweep_14_exp_0_checkpoints.csv
3003030322000030330030030,0.0092899953550023,4.7967914724722505e-05,484000000,results/rs/SC5_MHBD_MWPM_2_5x/results/sweep_14_exp_0_checkpoints.csv
3003030322000030330030030,0.0092899953550023,4.7967914724722505e-05,612000000,results/rs/SC5_MHBD_MWPM_2_5x/results/sweep_14_exp_0_checkpoints.csv
3003030322000030330030030,0.0092899953550023,4.7967914724722505e-05,772000000,results/rs/SC5_MHBD_MWPM_2_5x/results/sweep_14_exp_0_checkpoints.csv
0333033303000302030323032,0.0089667455166272,4.713368252851069e-05,972000000,results/rs/SC5_MHBD_MWPM_2_5x/results/sweep_14_exp_0_checkpoints.csv
0333033303000302030323032,0.0089667455166272,4.713368252851069e-05,1224000000,results/rs/SC5_MHBD_MWPM_2_5x/results/sweep_14_exp_0_checkpoints.csv
0333033303000302030323032,0.0089667455166272,4.713368252851069e-05,1544000000,results/rs/SC5_MHBD_MWPM_2_5x/results/sweep_14_exp_0_checkpoints.csv
0333033303000302030323032,0.0089667455166272,4.713368252851069e-05,1944000000,results/rs/SC5_MHBD_MWPM_2_5x/results/sweep_14_exp_0_checkpoints.csv
0333033303000302030323032,0.0089667455166272,4.713368252851069e-05,2448000000,results/rs/SC5_MHBD_MWPM_2_5x/results/sweep_14_exp_0_checkpoints.csv
0333033303000302030323032,0.0089667455166272,4.713368252851069e-05,3084000000,results/rs/SC5_MHBD_MWPM_2_5x/results/sweep_14_exp_0_checkpoints.csv
0333033303000302030323032,0.0089667455166272,4.713368252851069e-05,3884000000,results/rs/SC5_MHBD_MWPM_2_5x/results/sweep_14_exp_0_checkpoints.csv
0333033303000302030323032,0.0089667455166272,4.713368252851069e-05,4892000000,results/rs/SC5_MHBD_MWPM_2_5x/results/sweep_14_exp_0_checkpoints.csv
0333033303000302030323032,0.0089667455166272,4.713368252851069e-05,6160000000,results/rs/SC5_MHBD_MWPM_2_5x/results/sweep_14_exp_0_checkpoints.csv
0333033303000302030323032,0.0089667455166272,4.713368252851069e-05,7756000000,results/rs/SC5_MHBD_MWPM_2_5x/results/sweep_14_exp_0_checkpoints.csv
0333033303000302030323032,0.0089667455166272,4.713368252851069e-05,9768000000,results/rs/SC5_MHBD_MWPM_2_5x/results/sweep_14_exp_0_checkpoints.csv
0333033303000302030323032,0.0089667455166272,4.713368252851069e-05,12300000000,results/rs/SC5_MHBD_MWPM_2_5x/results/sweep_14_exp_0_checkpoints.csv
0333033303000302030323032,0.0089667455166272,4.713368252851069e-05,15488000000,results/rs/SC5_MHBD_MWPM_2_5x/results/sweep_14_exp_0_checkpoints.csv
0333033303000302030323032,0.0089667455166272,4.713368252851069e-05,19500000000,results/rs/SC5_MHBD_MWPM_2_5x/results/sweep_14_exp_0_checkpoints.csv
0333033303000302030323032,0.0089667455166272,4.713368252851069e-05,24552000000,results/rs/SC5_MHBD_MWPM_2_5x/results/sweep_14_exp_0_checkpoints.csv
0333033303000302030323032,0.0089667455166272,4.713368252851069e-05,30912000000,results/rs/SC5_MHBD_MWPM_2_5x/results/sweep_14_exp_0_checkpoints.csv
3303030203030302330003300,0.0089177455411272,4.7005883970996365e-05,38916000000,results/rs/SC5_MHBD_MWPM_2_5x/results/sweep_14_exp_0_checkpoints.csv
3303030203030302330003300,0.0089177455411272,4.7005883970996365e-05,48996000000,results/rs/SC5_MHBD_MWPM_2_5x/results/sweep_14_exp_0_checkpoints.csv
3303030203030302330003300,0.0089177455411272,4.7005883970996365e-05,61684000000,results/rs/SC5_MHBD_MWPM_2_5x/results/sweep_14_exp_0_checkpoints.csv
3330300333330020030002330,0.0088849955575022,4.692026777775027e-05,77656000000,results/rs/SC5_MHBD_MWPM_2_5x/results/sweep_14_exp_0_checkpoints.csv
3330300333330020030002330,0.0088849955575022,4.692026777775027e-05,97764000000,results/rs/SC5_MHBD_MWPM_2_5x/results/sweep_14_exp_0_checkpoints.csv
2330323030023233203023033,0.0111264944367527,5.244684871286154e-05,4000000,results/rs/SC5_MHBD_MWPM_2_5x/results/sweep_23_exp_0_checkpoints.csv
3233323020030000000300003,0.0100127449936275,4.978072684025392e-05,8000000,results/rs/SC5_MHBD_MWPM_2_5x/results/sweep_23_exp_0_checkpoints.csv
3233323020030000000300003,0.0100127449936275,4.978072684025392e-05,12000000,results/rs/SC5_MHBD_MWPM_2_5x/results/sweep_23_exp_0_checkpoints.csv
3233323020030000000300003,0.0100127449936275,4.978072684025392e-05,16000000,results/rs/SC5_MHBD_MWPM_2_5x/results/sweep_23_exp_0_checkpoints.csv
3233323020030000000300003,0.0100127449936275,4.978072684025392e-05,24000000,results/rs/SC5_MHBD_MWPM_2_5x/results/sweep_23_exp_0_checkpoints.csv
3233323020030000000300003,0.0100127449936275,4.978072684025392e-05,32000000,results/rs/SC5_MHBD_MWPM_2_5x/results/sweep_23_exp_0_checkpoints.csv
3233323020030000000300003,0.0100127449936275,4.978072684025392e-05,44000000,results/rs/SC5_MHBD_MWPM_2_5x/results/sweep_23_exp_0_checkpoints.csv
3233323020030000000300003,0.0100127449936275,4.978072684025392e-05,56000000,results/rs/SC5_MHBD_MWPM_2_5x/results/sweep_23_exp_0_checkpoints.csv
3233323020030000000300003,0.0100127449936275,4.978072684025392e-05,72000000,results/rs/SC5_MHBD_MWPM_2_5x/results/sweep_23_exp_0_checkpoints.csv
3233323020030000000300003,0.0100127449936275,4.978072684025392e-05,92000000,results/rs/SC5_MHBD_MWPM_2_5x/results/sweep_23_exp_0_checkpoints.csv
0033033303022003300323032,0.0097884951057524,4.922568768961355e-05,116000000,results/rs/SC5_MHBD_MWPM_2_5x/results/sweep_23_exp_0_checkpoints.csv
0033033303022003300323032,0.0097884951057524,4.922568768961355e-05,148000000,results/rs/SC5_MHBD_MWPM_2_5x/results/sweep_23_exp_0_checkpoints.csv
0033033303022003300323032,0.0097884951057524,4.922568768961355e-05,188000000,results/rs/SC5_MHBD_MWPM_2_5x/results/sweep_23_exp_0_checkpoints.csv
0033033303022003300323032,0.0097884951057524,4.922568768961355e-05,240000000,results/rs/SC5_MHBD_MWPM_2_5x/results/sweep_23_exp_0_checkpoints.csv
0033033303022003300323032,0.0097884951057524,4.922568768961355e-05,304000000,results/rs/SC5_MHBD_MWPM_2_5x/results/sweep_23_exp_0_checkpoints.csv
0030300332233003002030033,0.0097132451433774,4.9037971621146426e-05,384000000,results/rs/SC5_MHBD_MWPM_2_5x/results/sweep_23_exp_0_checkpoints.csv
2300200333020300033033230,0.0092714953642523,4.792058098246344e-05,484000000,results/rs/SC5_MHBD_MWPM_2_5x/results/sweep_23_exp_0_checkpoints.csv
2300200333020300033033230,0.0092714953642523,4.792058098246344e-05,612000000,results/rs/SC5_MHBD_MWPM_2_5x/results/sweep_23_exp_0_checkpoints.csv
2300200333020300033033230,0.0092714953642523,4.792058098246344e-05,772000000,results/rs/SC5_MHBD_MWPM_2_5x/results/sweep_23_exp_0_checkpoints.csv
2300200333020300033033230,0.0092714953642523,4.792058098246344e-05,972000000,results/rs/SC5_MHBD_MWPM_2_5x/results/sweep_23_exp_0_checkpoints.csv
2300200333020300033033230,0.0092714953642523,4.792058098246344e-05,1224000000,results/rs/SC5_MHBD_MWPM_2_5x/results/sweep_23_exp_0_checkpoints.csv
2300200333020300033033230,0.0092714953642523,4.792058098246344e-05,1544000000,results/rs/SC5_MHBD_MWPM_2_5x/results/sweep_23_exp_0_checkpoints.csv
2300200333020300033033230,0.0092714953642523,4.792058098246344e-05,1944000000,results/rs/SC5_MHBD_MWPM_2_5x/results/sweep_23_exp_0_checkpoints.csv
2300200333020300033033230,0.0092714953642523,4.792058098246344e-05,2448000000,results/rs/SC5_MHBD_MWPM_2_5x/results/sweep_23_exp_0_checkpoints.csv
2300200333020300033033230,0.0092714953642523,4.792058098246344e-05,3084000000,results/rs/SC5_MHBD_MWPM_2_5x/results/sweep_23_exp_0_checkpoints.csv
0003302330033003030303320,0.0091639954180022,4.7644542064517736e-05,3884000000,results/rs/SC5_MHBD_MWPM_2_5x/results/sweep_23_exp_0_checkpoints.csv
0023020030033000330303030,0.0091437454281272,4.759235889650881e-05,4892000000,results/rs/SC5_MHBD_MWPM_2_5x/results/sweep_23_exp_0_checkpoints.csv
0023020030033000330303030,0.0091437454281272,4.759235889650881e-05,6160000000,results/rs/SC5_MHBD_MWPM_2_5x/results/sweep_23_exp_0_checkpoints.csv
0023020030033000330303030,0.0091437454281272,4.759235889650881e-05,7756000000,results/rs/SC5_MHBD_MWPM_2_5x/results/sweep_23_exp_0_checkpoints.csv
0023020030033000330303030,0.0091437454281272,4.759235889650881e-05,9768000000,results/rs/SC5_MHBD_MWPM_2_5x/results/sweep_23_exp_0_checkpoints.csv
0023020030033000330303030,0.0091437454281272,4.759235889650881e-05,12300000000,results/rs/SC5_MHBD_MWPM_2_5x/results/sweep_23_exp_0_checkpoints.csv
0023020030033000330303030,0.0091437454281272,4.759235889650881e-05,15488000000,results/rs/SC5_MHBD_MWPM_2_5x/results/sweep_23_exp_0_checkpoints.csv
0330330303033002002030330,0.0089974955012522,4.721369987237267e-05,19500000000,results/rs/SC5_MHBD_MWPM_2_5x/results/sweep_23_exp_0_checkpoints.csv
0330330303033002002030330,0.0089974955012522,4.721369987237267e-05,24552000000,results/rs/SC5_MHBD_MWPM_2_5x/results/sweep_23_exp_0_checkpoints.csv
0330330303033002002030330,0.0089974955012522,4.721369987237267e-05,30912000000,results/rs/SC5_MHBD_MWPM_2_5x/results/sweep_23_exp_0_checkpoints.csv
3330200303000320330330300,0.0089574955212522,4.7109584556892514e-05,38916000000,results/rs/SC5_MHBD_MWPM_2_5x/results/sweep_23_exp_0_checkpoints.csv
0203332333000303030030330,0.0089322455338772,4.704374077846296e-05,48996000000,results/rs/SC5_MHBD_MWPM_2_5x/results/sweep_23_exp_0_checkpoints.csv
0203332333000303030030330,0.0089322455338772,4.704374077846296e-05,61684000000,results/rs/SC5_MHBD_MWPM_2_5x/results/sweep_23_exp_0_checkpoints.csv
0203332333000303030030330,0.0089322455338772,4.704374077846296e-05,77656000000,results/rs/SC5_MHBD_MWPM_2_5x/results/sweep_23_exp_0_checkpoints.csv
3203300320003303030333333,0.0089132455433772,4.699412966147065e-05,97764000000,results/rs/SC5_MHBD_MWPM_2_5x/results/sweep_23_exp_0_checkpoints.csv
3023003300322000332030033,0.0102249948875025,5.030019019613974e-05,4000000,results/rs/SC5_MHBD_MWPM_2_5x/results/sweep_7_exp_0_checkpoints.csv
3023003300322000332030033,0.0102249948875025,5.030019019613974e-05,8000000,results/rs/SC5_MHBD_MWPM_2_5x/results/sweep_7_exp_0_checkpoints.csv
3023003300322000332030033,0.0102249948875025,5.030019019613974e-05,12000000,results/rs/SC5_MHBD_MWPM_2_5x/results/sweep_7_exp_0_checkpoints.csv
3023003300322000332030033,0.0102249948875025,5.030019019613974e-05,16000000,results/rs/SC5_MHBD_MWPM_2_5x/results/sweep_7_exp_0_checkpoints.csv
3023003300322000332030033,0.0102249948875025,5.030019019613974e-05,24000000,results/rs/SC5_MHBD_MWPM_2_5x/results/sweep_7_exp_0_checkpoints.csv
3023003300322000332030033,0.0102249948875025,5.030019019613974e-05,32000000,results/rs/SC5_MHBD_MWPM_2_5x/results/sweep_7_exp_0_checkpoints.csv
3023003300322000332030033,0.0102249948875025,5.030019019613974e-05,44000000,results/rs/SC5_MHBD_MWPM_2_5x/results/sweep_7_exp_0_checkpoints.csv
3233223302032003030303030,0.0100524949737525,4.98784393130336e-05,56000000,results/rs/SC5_MHBD_MWPM_2_5x/results/sweep_7_exp_0_checkpoints.csv
3233223302032003030303030,0.0100524949737525,4.98784393130336e-05,72000000,results/rs/SC5_MHBD_MWPM_2_5x/results/sweep_7_exp_0_checkpoints.csv
2033030033300300030332030,0.0090102454948772,4.724683458334766e-05,92000000,results/rs/SC5_MHBD_MWPM_2_5x/results/sweep_7_exp_0_checkpoints.csv
2033030033300300030332030,0.0090102454948772,4.724683458334766e-05,116000000,results/rs/SC5_MHBD_MWPM_2_5x/results/sweep_7_exp_0_checkpoints.csv
2033030033300300030332030,0.0090102454948772,4.724683458334766e-05,148000000,results/rs/SC5_MHBD_MWPM_2_5x/results/sweep_7_exp_0_checkpoints.csv
2033030033300300030332030,0.0090102454948772,4.724683458334766e-05,188000000,results/rs/SC5_MHBD_MWPM_2_5x/results/sweep_7_exp_0_checkpoints.csv
2033030033300300030332030,0.0090102454948772,4.724683458334766e-05,240000000,results/rs/SC5_MHBD_MWPM_2_5x/results/sweep_7_exp_0_checkpoints.csv
2033030033300300030332030,0.0090102454948772,4.724683458334766e-05,304000000,results/rs/SC5_MHBD_MWPM_2_5x/results/sweep_7_exp_0_checkpoints.csv
2033030033300300030332030,0.0090102454948772,4.724683458334766e-05,384000000,results/rs/SC5_MHBD_MWPM_2_5x/results/sweep_7_exp_0_checkpoints.csv
2033030033300300030332030,0.0090102454948772,4.724683458334766e-05,484000000,results/rs/SC5_MHBD_MWPM_2_5x/results/sweep_7_exp_0_checkpoints.csv
2033030033300300030332030,0.0090102454948772,4.724683458334766e-05,612000000,results/rs/SC5_MHBD_MWPM_2_5x/results/sweep_7_exp_0_checkpoints.csv
2033030033300300030332030,0.0090102454948772,4.724683458334766e-05,772000000,results/rs/SC5_MHBD_MWPM_2_5x/results/sweep_7_exp_0_checkpoints.csv
2033030033300300030332030,0.0090102454948772,4.724683458334766e-05,972000000,results/rs/SC5_MHBD_MWPM_2_5x/results/sweep_7_exp_0_checkpoints.csv
2033030033300300030332030,0.0090102454948772,4.724683458334766e-05,1224000000,results/rs/SC5_MHBD_MWPM_2_5x/results/sweep_7_exp_0_checkpoints.csv
2033030033300300030332030,0.0090102454948772,4.724683458334766e-05,1544000000,results/rs/SC5_MHBD_MWPM_2_5x/results/sweep_7_exp_0_checkpoints.csv
2033030033300300030332030,0.0090102454948772,4.724683458334766e-05,1944000000,results/rs/SC5_MHBD_MWPM_2_5x/results/sweep_7_exp_0_checkpoints.csv
2033030033300300030332030,0.0090102454948772,4.724683458334766e-05,2448000000,results/rs/SC5_MHBD_MWPM_2_5x/results/sweep_7_exp_0_checkpoints.csv
2033030033300300030332030,0.0090102454948772,4.724683458334766e-05,3084000000,results/rs/SC5_MHBD_MWPM_2_5x/results/sweep_7_exp_0_checkpoints.csv
2033030033300300030332030,0.0090102454948772,4.724683458334766e-05,3884000000,results/rs/SC5_MHBD_MWPM_2_5x/results/sweep_7_exp_0_checkpoints.csv
2033030033300300030332030,0.0090102454948772,4.724683458334766e-05,4892000000,results/rs/SC5_MHBD_MWPM_2_5x/results/sweep_7_exp_0_checkpoints.csv
2033030033300300030332030,0.0090102454948772,4.724683458334766e-05,6160000000,results/rs/SC5_MHBD_MWPM_2_5x/results/sweep_7_exp_0_checkpoints.csv
2033030033300300030332030,0.0090102454948772,4.724683458334766e-05,7756000000,results/rs/SC5_MHBD_MWPM_2_5x/results/sweep_7_exp_0_checkpoints.csv
2033030033300300030332030,0.0090102454948772,4.724683458334766e-05,9768000000,results/rs/SC5_MHBD_MWPM_2_5x/results/sweep_7_exp_0_checkpoints.csv
2033030033300300030332030,0.0090102454948772,4.724683458334766e-05,12300000000,results/rs/SC5_MHBD_MWPM_2_5x/results/sweep_7_exp_0_checkpoints.csv
2033030033300300030332030,0.0090102454948772,4.724683458334766e-05,15488000000,results/rs/SC5_MHBD_MWPM_2_5x/results/sweep_7_exp_0_checkpoints.csv
2033030033300300030332030,0.0090102454948772,4.724683458334766e-05,19500000000,results/rs/SC5_MHBD_MWPM_2_5x/results/sweep_7_exp_0_checkpoints.csv
3300000330233033030303033,0.0089902455048772,4.719484786619432e-05,24552000000,results/rs/SC5_MHBD_MWPM_2_5x/results/sweep_7_exp_0_checkpoints.csv
3300000330233033030303033,0.0089902455048772,4.719484786619432e-05,30912000000,results/rs/SC5_MHBD_MWPM_2_5x/results/sweep_7_exp_0_checkpoints.csv
3300000330233033030303033,0.0089902455048772,4.719484786619432e-05,38916000000,results/rs/SC5_MHBD_MWPM_2_5x/results/sweep_7_exp_0_checkpoints.csv
3300000330233033030303033,0.0089902455048772,4.719484786619432e-05,48996000000,results/rs/SC5_MHBD_MWPM_2_5x/results/sweep_7_exp_0_checkpoints.csv
0030330302030033003330033,0.0089537455231272,4.7099812945816666e-05,61684000000,results/rs/SC5_MHBD_MWPM_2_5x/results/sweep_7_exp_0_checkpoints.csv
0030330302030033003330033,0.0089537455231272,4.7099812945816666e-05,77656000000,results/rs/SC5_MHBD_MWPM_2_5x/results/sweep_7_exp_0_checkpoints.csv
0030330302030033003330033,0.0089537455231272,4.7099812945816666e-05,97764000000,results/rs/SC5_MHBD_MWPM_2_5x/results/sweep_7_exp_0_checkpoints.csv
3322000300233030330330220,0.0099632450183774,4.965876360074617e-05,4000000,results/rs/SC5_MHBD_MWPM_2_5x/results/sweep_19_exp_0_checkpoints.csv
3322000300233030330330220,0.0099632450183774,4.965876360074617e-05,8000000,results/rs/SC5_MHBD_MWPM_2_5x/results/sweep_19_exp_0_checkpoints.csv
3322000300233030330330220,0.0099632450183774,4.965876360074617e-05,12000000,results/rs/SC5_MHBD_MWPM_2_5x/results/sweep_19_exp_0_checkpoints.csv
3322000300233030330330220,0.0099632450183774,4.965876360074617e-05,16000000,results/rs/SC5_MHBD_MWPM_2_5x/results/sweep_19_exp_0_checkpoints.csv
3322000300233030330330220,0.0099632450183774,4.965876360074617e-05,24000000,results/rs/SC5_MHBD_MWPM_2_5x/results/sweep_19_exp_0_checkpoints.csv
3322000300233030330330220,0.0099632450183774,4.965876360074617e-05,32000000,results/rs/SC5_MHBD_MWPM_2_5x/results/sweep_19_exp_0_checkpoints.csv
3322000300233030330330220,0.0099632450183774,4.965876360074617e-05,44000000,results/rs/SC5_MHBD_MWPM_2_5x/results/sweep_19_exp_0_checkpoints.csv
3322000300233030330330220,0.0099632450183774,4.965876360074617e-05,56000000,results/rs/SC5_MHBD_MWPM_2_5x/results/sweep_19_exp_0_checkpoints.csv
3322000300233030330330220,0.0099632450183774,4.965876360074617e-05,72000000,results/rs/SC5_MHBD_MWPM_2_5x/results/sweep_19_exp_0_checkpoints.csv
3322000300233030330330220,0.0099632450183774,4.965876360074617e-05,92000000,results/rs/SC5_MHBD_MWPM_2_5x/results/sweep_19_exp_0_checkpoints.csv
2323030020203302030303330,0.0095319952340023,4.858273678109981e-05,116000000,results/rs/SC5_MHBD_MWPM_2_5x/results/sweep_19_exp_0_checkpoints.csv
2323030020203302030303330,0.0095319952340023,4.858273678109981e-05,148000000,results/rs/SC5_MHBD_MWPM_2_5x/results/sweep_19_exp_0_checkpoints.csv
2323030020203302030303330,0.0095319952340023,4.858273678109981e-05,188000000,results/rs/SC5_MHBD_MWPM_2_5x/results/sweep_19_exp_0_checkpoints.csv
0330030000333323300033230,0.0094444952777523,4.8361373046645895e-05,240000000,results/rs/SC5_MHBD_MWPM_2_5x/results/sweep_19_exp_0_checkpoints.csv
0330030000333323300033230,0.0094444952777523,4.8361373046645895e-05,304000000,results/rs/SC5_MHBD_MWPM_2_5x/results/sweep_19_exp_0_checkpoints.csv
0330030000333323300033230,0.0094444952777523,4.8361373046645895e-05,384000000,results/rs/SC5_MHBD_MWPM_2_5x/results/sweep_19_exp_0_checkpoints.csv
0330030000333323300033230,0.0094444952777523,4.8361373046645895e-05,484000000,results/rs/SC5_MHBD_MWPM_2_5x/results/sweep_19_exp_0_checkpoints.csv
0203333333030330033033230,0.0091329954335022,4.756463386001997e-05,612000000,results/rs/SC5_MHBD_MWPM_2_5x/results/sweep_19_exp_0_checkpoints.csv
0203333333030330033033230,0.0091329954335022,4.756463386001997e-05,772000000,results/rs/SC5_MHBD_MWPM_2_5x/results/sweep_19_exp_0_checkpoints.csv
0203333333030330033033230,0.0091329954335022,4.756463386001997e-05,972000000,results/rs/SC5_MHBD_MWPM_2_5x/results/sweep_19_exp_0_checkpoints.csv
0203333333030330033033230,0.0091329954335022,4.756463386001997e-05,1224000000,results/rs/SC5_MHBD_MWPM_2_5x/results/sweep_19_exp_0_checkpoints.csv
0203333333030330033033230,0.0091329954335022,4.756463386001997e-05,1544000000,results/rs/SC5_MHBD_MWPM_2_5x/results/sweep_19_exp_0_checkpoints.csv
0203333333030330033033230,0.0091329954335022,4.756463386001997e-05,1944000000,results/rs/SC5_MHBD_MWPM_2_5x/results/sweep_19_exp_0_checkpoints.csv
0203333333030330033033230,0.0091329954335022,4.756463386001997e-05,2448000000,results/rs/SC5_MHBD_MWPM_2_5x/results/sweep_19_exp_0_checkpoints.csv
0203333333030330033033230,0.0091329954335022,4.756463386001997e-05,3084000000,results/rs/SC5_MHBD_MWPM_2_5x/results/sweep_19_exp_0_checkpoints.csv
0203333333030330033033230,0.0091329954335022,4.756463386001997e-05,3884000000,results/rs/SC5_MHBD_MWPM_2_5x/results/sweep_19_exp_0_checkpoints.csv
0203333333030330033033230,0.0091329954335022,4.756463386001997e-05,4892000000,results/rs/SC5_MHBD_MWPM_2_5x/results/sweep_19_exp_0_checkpoints.csv
0203333333030330033033230,0.0091329954335022,4.756463386001997e-05,6160000000,results/rs/SC5_MHBD_MWPM_2_5x/results/sweep_19_exp_0_checkpoints.csv
0203333333030330033033230,0.0091329954335022,4.756463386001997e-05,7756000000,results/rs/SC5_MHBD_MWPM_2_5x/results/sweep_19_exp_0_checkpoints.csv
0323332000033303030303330,0.0088892455553772,4.693138544098474e-05,9768000000,results/rs/SC5_MHBD_MWPM_2_5x/results/sweep_19_exp_0_checkpoints.csv
0323332000033303030303330,0.0088892455553772,4.693138544098474e-05,12300000000,results/rs/SC5_MHBD_MWPM_2_5x/results/sweep_19_exp_0_checkpoints.csv
0323332000033303030303330,0.0088892455553772,4.693138544098474e-05,15488000000,results/rs/SC5_MHBD_MWPM_2_5x/results/sweep_19_exp_0_checkpoints.csv
0030030333030003000003033,0.0086024956987521,4.617490048985928e-05,19500000000,results/rs/SC5_MHBD_MWPM_2_5x/results/sweep_19_exp_0_checkpoints.csv
0030030333030003000003033,0.0086024956987521,4.617490048985928e-05,24552000000,results/rs/SC5_MHBD_MWPM_2_5x/results/sweep_19_exp_0_checkpoints.csv
0030030333030003000003033,0.0086024956987521,4.617490048985928e-05,30912000000,results/rs/SC5_MHBD_MWPM_2_5x/results/sweep_19_exp_0_checkpoints.csv
0030030333030003000003033,0.0086024956987521,4.617490048985928e-05,38916000000,results/rs/SC5_MHBD_MWPM_2_5x/results/sweep_19_exp_0_checkpoints.csv
0030030333030003000003033,0.0086024956987521,4.617490048985928e-05,48996000000,results/rs/SC5_MHBD_MWPM_2_5x/results/sweep_19_exp_0_checkpoints.csv
0030030333030003000003033,0.0086024956987521,4.617490048985928e-05,61684000000,results/rs/SC5_MHBD_MWPM_2_5x/results/sweep_19_exp_0_checkpoints.csv
0030030333030003000003033,0.0086024956987521,4.617490048985928e-05,77656000000,results/rs/SC5_MHBD_MWPM_2_5x/results/sweep_19_exp_0_checkpoints.csv
0030030333030003000003033,0.0086024956987521,4.617490048985928e-05,97764000000,results/rs/SC5_MHBD_MWPM_2_5x/results/sweep_19_exp_0_checkpoints.csv
0002002320200330330233033,0.0099007450496274,4.950432776240632e-05,4000000,results/rs/SC5_MHBD_MWPM_2_5x/results/sweep_13_exp_0_checkpoints.csv
0002002320200330330233033,0.0099007450496274,4.950432776240632e-05,8000000,results/rs/SC5_MHBD_MWPM_2_5x/results/sweep_13_exp_0_checkpoints.csv
0002002320200330330233033,0.0099007450496274,4.950432776240632e-05,12000000,results/rs/SC5_MHBD_MWPM_2_5x/results/sweep_13_exp_0_checkpoints.csv
0002002320200330330233033,0.0099007450496274,4.950432776240632e-05,16000000,results/rs/SC5_MHBD_MWPM_2_5x/results/sweep_13_exp_0_checkpoints.csv
0002002320200330330233033,0.0099007450496274,4.950432776240632e-05,24000000,results/rs/SC5_MHBD_MWPM_2_5x/results/sweep_13_exp_0_checkpoints.csv
0002002320200330330233033,0.0099007450496274,4.950432776240632e-05,32000000,results/rs/SC5_MHBD_MWPM_2_5x/results/sweep_13_exp_0_checkpoints.csv
0002002320200330330233033,0.0099007450496274,4.950432776240632e-05,44000000,results/rs/SC5_MHBD_MWPM_2_5x/results/sweep_13_exp_0_checkpoints.csv
0002002320200330330233033,0.0099007450496274,4.950432776240632e-05,56000000,results/rs/SC5_MHBD_MWPM_2_5x/results/sweep_13_exp_0_checkpoints.csv
0002002320200330330233033,0.0099007450496274,4.950432776240632e-05,72000000,results/rs/SC5_MHBD_MWPM_2_5x/results/sweep_13_exp_0_checkpoints.csv
0002002320200330330233033,0.0099007450496274,4.950432776240632e-05,92000000,results/rs/SC5_MHBD_MWPM_2_5x/results/sweep_13_exp_0_checkpoints.csv
0002002320200330330233033,0.0099007450496274,4.950432776240632e-05,116000000,results/rs/SC5_MHBD_MWPM_2_5x/results/sweep_13_exp_0_checkpoints.csv
0002002320200330330233033,0.0099007450496274,4.950432776240632e-05,148000000,results/rs/SC5_MHBD_MWPM_2_5x/results/sweep_13_exp_0_checkpoints.csv
0002002320200330330233033,0.0099007450496274,4.950432776240632e-05,188000000,results/rs/SC5_MHBD_MWPM_2_5x/results/sweep_13_exp_0_checkpoints.csv
0002002320200330330233033,0.0099007450496274,4.950432776240632e-05,240000000,results/rs/SC5_MHBD_MWPM_2_5x/results/sweep_13_exp_0_checkpoints.csv
0002002320200330330233033,0.0099007450496274,4.950432776240632e-05,304000000,results/rs/SC5_MHBD_MWPM_2_5x/results/sweep_13_exp_0_checkpoints.csv
0002002320200330330233033,0.0099007450496274,4.950432776240632e-05,384000000,results/rs/SC5_MHBD_MWPM_2_5x/results/sweep_13_exp_0_checkpoints.csv
0002002320200330330233033,0.0099007450496274,4.950432776240632e-05,484000000,results/rs/SC5_MHBD_MWPM_2_5x/results/sweep_13_exp_0_checkpoints.csv
0002002320200330330233033,0.0099007450496274,4.950432776240632e-05,612000000,results/rs/SC5_MHBD_MWPM_2_5x/results/sweep_13_exp_0_checkpoints.csv
2332003300230323200330330,0.0098447450776274,4.9365520681021735e-05,772000000,results/rs/SC5_MHBD_MWPM_2_5x/results/sweep_13_exp_0_checkpoints.csv
0300330303020302000202030,0.0096329951835024,4.883695874013938e-05,972000000,results/rs/SC5_MHBD_MWPM_2_5x/results/sweep_13_exp_0_checkpoints.csv
0003300322033200000030333,0.0093444953277523,4.8107089241966605e-05,1224000000,results/rs/SC5_MHBD_MWPM_2_5x/results/sweep_13_exp_0_checkpoints.csv
3030230000030330033303303,0.0089824955087522,4.717468618764542e-05,1544000000,results/rs/SC5_MHBD_MWPM_2_5x/results/sweep_13_exp_0_checkpoints.csv
3030230000030330033303303,0.0089824955087522,4.717468618764542e-05,1944000000,results/rs/SC5_MHBD_MWPM_2_5x/results/sweep_13_exp_0_checkpoints.csv
3030230000030330033303303,0.0089824955087522,4.717468618764542e-05,2448000000,results/rs/SC5_MHBD_MWPM_2_5x/results/sweep_13_exp_0_checkpoints.csv
3030230000030330033303303,0.0089824955087522,4.717468618764542e-05,3084000000,results/rs/SC5_MHBD_MWPM_2_5x/results/sweep_13_exp_0_checkpoints.csv
3030230000030330033303303,0.0089824955087522,4.717468618764542e-05,3884000000,results/rs/SC5_MHBD_MWPM_2_5x/results/sweep_13_exp_0_checkpoints.csv
3030230000030330033303303,0.0089824955087522,4.717468618764542e-05,4892000000,results/rs/SC5_MHBD_MWPM_2_5x/results/sweep_13_exp_0_checkpoints.csv
0323030300033030033003000,0.0088512455743772,4.683186489273794e-05,6160000000,results/rs/SC5_MHBD_MWPM_2_5x/results/sweep_13_exp_0_checkpoints.csv
0323030300033030033003000,0.0088512455743772,4.683186489273794e-05,7756000000,results/rs/SC5_MHBD_MWPM_2_5x/results/sweep_13_exp_0_checkpoints.csv
0323030300033030033003000,0.0088512455743772,4.683186489273794e-05,9768000000,results/rs/SC5_MHBD_MWPM_2_5x/results/sweep_13_exp_0_checkpoints.csv
0323030300033030033003000,0.0088512455743772,4.683186489273794e-05,12300000000,results/rs/SC5_MHBD_MWPM_2_5x/results/sweep_13_exp_0_checkpoints.csv
0323030300033030033003000,0.0088512455743772,4.683186489273794e-05,15488000000,results/rs/SC5_MHBD_MWPM_2_5x/results/sweep_13_exp_0_checkpoints.csv
0323030300033030033003000,0.0088512455743772,4.683186489273794e-05,19500000000,results/rs/SC5_MHBD_MWPM_2_5x/results/sweep_13_exp_0_checkpoints.csv
0323030300033030033003000,0.0088512455743772,4.683186489273794e-05,24552000000,results/rs/SC5_MHBD_MWPM_2_5x/results/sweep_13_exp_0_checkpoints.csv
0323030300033030033003000,0.0088512455743772,4.683186489273794e-05,30912000000,results/rs/SC5_MHBD_MWPM_2_5x/results/sweep_13_exp_0_checkpoints.csv
0323030300033030033003000,0.0088512455743772,4.683186489273794e-05,38916000000,results/rs/SC5_MHBD_MWPM_2_5x/results/sweep_13_exp_0_checkpoints.csv
0323030300033030033003000,0.0088512455743772,4.683186489273794e-05,48996000000,results/rs/SC5_MHBD_MWPM_2_5x/results/sweep_13_exp_0_checkpoints.csv
0323030300033030033003000,0.0088512455743772,4.683186489273794e-05,61684000000,results/rs/SC5_MHBD_MWPM_2_5x/results/sweep_13_exp_0_checkpoints.csv
0033030300033300330330332,0.0086469956765021,4.629313843906857e-05,77656000000,results/rs/SC5_MHBD_MWPM_2_5x/results/sweep_13_exp_0_checkpoints.csv
0033030300033300330330332,0.0086469956765021,4.629313843906857e-05,97764000000,results/rs/SC5_MHBD_MWPM_2_5x/results/sweep_13_exp_0_checkpoints.csv
0332303002203300002203300,0.0103144948427525,5.051756670582108e-05,4000000,results/rs/SC5_MHBD_MWPM_2_5x/results/sweep_24_exp_0_checkpoints.csv
0332303002203300002203300,0.0103144948427525,5.051756670582108e-05,8000000,results/rs/SC5_MHBD_MWPM_2_5x/results/sweep_24_exp_0_checkpoints.csv
0332303002203300002203300,0.0103144948427525,5.051756670582108e-05,12000000,results/rs/SC5_MHBD_MWPM_2_5x/results/sweep_24_exp_0_checkpoints.csv
0332303002203300002203300,0.0103144948427525,5.051756670582108e-05,16000000,results/rs/SC5_MHBD_MWPM_2_5x/results/sweep_24_exp_0_checkpoints.csv
0332303002203300002203300,0.0103144948427525,5.051756670582108e-05,24000000,results/rs/SC5_MHBD_MWPM_2_5x/results/sweep_24_exp_0_checkpoints.csv
0332303002203300002203300,0.0103144948427525,5.051756670582108e-05,32000000,results/rs/SC5_MHBD_MWPM_2_5x/results/sweep_24_exp_0_checkpoints.csv
0332303002203300002203300,0.0103144948427525,5.051756670582108e-05,44000000,results/rs/SC5_MHBD_MWPM_2_5x/results/sweep_24_exp_0_checkpoints.csv
0332303002203300002203300,0.0103144948427525,5.051756670582108e-05,56000000,results/rs/SC5_MHBD_MWPM_2_5x/results/sweep_24_exp_0_checkpoints.csv
0332303002203300002203300,0.0103144948427525,5.051756670582108e-05,72000000,results/rs/SC5_MHBD_MWPM_2_5x/results/sweep_24_exp_0_checkpoints.csv
0332303002203300002203300,0.0103144948427525,5.051756670582108e-05,92000000,results/rs/SC5_MHBD_MWPM_2_5x/results/sweep_24_exp_0_checkpoints.csv
3333203200232303030303000,0.0099382450308774,4.9597048928262666e-05,116000000,results/rs/SC5_MHBD_MWPM_2_5x/results/sweep_24_exp_0_checkpoints.csv
3333203200232303030303000,0.0099382450308774,4.9597048928262666e-05,148000000,results/rs/SC5_MHBD_MWPM_2_5x/results/sweep_24_exp_0_checkpoints.csv
3333203200232303030303000,0.0099382450308774,4.9597048928262666e-05,188000000,results/rs/SC5_MHBD_MWPM_2_5x/results/sweep_24_exp_0_checkpoints.csv
3333203200232303030303000,0.0099382450308774,4.9597048928262666e-05,240000000,results/rs/SC5_MHBD_MWPM_2_5x/results/sweep_24_exp_0_checkpoints.csv
3333203200232303030303000,0.0099382450308774,4.9597048928262666e-05,304000000,results/rs/SC5_MHBD_MWPM_2_5x/results/sweep_24_exp_0_checkpoints.csv
3333203200232303030303000,0.0099382450308774,4.9597048928262666e-05,384000000,results/rs/SC5_MHBD_MWPM_2_5x/results/sweep_24_exp_0_checkpoints.csv
3333203200232303030303000,0.0099382450308774,4.9597048928262666e-05,484000000,results/rs/SC5_MHBD_MWPM_2_5x/results/sweep_24_exp_0_checkpoints.csv
0320333303232300020330333,0.0099014950492524,4.950617949361913e-05,612000000,results/rs/SC5_MHBD_MWPM_2_5x/results/sweep_24_exp_0_checkpoints.csv
3302320030033303023033032,0.0097207451396274,4.905671448796056e-05,772000000,results/rs/SC5_MHBD_MWPM_2_5x/results/sweep_24_exp_0_checkpoints.csv
0003003320033303333323200,0.0095929952035023,4.873644138569944e-05,972000000,results/rs/SC5_MHBD_MWPM_2_5x/results/sweep_24_exp_0_checkpoints.csv
3203033300033003333332300,0.0094734952632523,4.843485658057034e-05,1224000000,results/rs/SC5_MHBD_MWPM_2_5x/results/sweep_24_exp_0_checkpoints.csv
3203033300033003333332300,0.0094734952632523,4.843485658057034e-05,1544000000,results/rs/SC5_MHBD_MWPM_2_5x/results/sweep_24_exp_0_checkpoints.csv
3203033300033003333332300,0.0094734952632523,4.843485658057034e-05,1944000000,results/rs/SC5_MHBD_MWPM_2_5x/results/sweep_24_exp_0_checkpoints.csv
3203033300033003333332300,0.0094734952632523,4.843485658057034e-05,2448000000,results/rs/SC5_MHBD_MWPM_2_5x/results/sweep_24_exp_0_checkpoints.csv
0033020302300300030000033,0.0092032453983773,4.774552144226618e-05,3084000000,results/rs/SC5_MHBD_MWPM_2_5x/results/sweep_24_exp_0_checkpoints.csv
0033020302300300030000033,0.0092032453983773,4.774552144226618e-05,3884000000,results/rs/SC5_MHBD_MWPM_2_5x/results/sweep_24_exp_0_checkpoints.csv
3303322000030000000333030,0.0091282454358772,4.755237750941888e-05,4892000000,results/rs/SC5_MHBD_MWPM_2_5x/results/sweep_24_exp_0_checkpoints.csv
3303322000030000000333030,0.0091282454358772,4.755237750941888e-05,6160000000,results/rs/SC5_MHBD_MWPM_2_5x/results/sweep_24_exp_0_checkpoints.csv
3303322000030000000333030,0.0091282454358772,4.755237750941888e-05,7756000000,results/rs/SC5_MHBD_MWPM_2_5x/results/sweep_24_exp_0_checkpoints.csv
3303322000030000000333030,0.0091282454358772,4.755237750941888e-05,9768000000,results/rs/SC5_MHBD_MWPM_2_5x/results/sweep_24_exp_0_checkpoints.csv
3003020300030333333333020,0.0089419955290022,4.706917752628215e-05,12300000000,results/rs/SC5_MHBD_MWPM_2_5x/results/sweep_24_exp_0_checkpoints.csv
3003020300030333333333020,0.0089419955290022,4.706917752628215e-05,15488000000,results/rs/SC5_MHBD_MWPM_2_5x/results/sweep_24_exp_0_checkpoints.csv
3003020300030333333333020,0.0089419955290022,4.706917752628215e-05,19500000000,results/rs/SC5_MHBD_MWPM_2_5x/results/sweep_24_exp_0_checkpoints.csv
3003020300030333333333020,0.0089419955290022,4.706917752628215e-05,24552000000,results/rs/SC5_MHBD_MWPM_2_5x/results/sweep_24_exp_0_checkpoints.csv
3003020300030333333333020,0.0089419955290022,4.706917752628215e-05,30912000000,results/rs/SC5_MHBD_MWPM_2_5x/results/sweep_24_exp_0_checkpoints.csv
3003020300030333333333020,0.0089419955290022,4.706917752628215e-05,38916000000,results/rs/SC5_MHBD_MWPM_2_5x/results/sweep_24_exp_0_checkpoints.csv
3003020300030333333333020,0.0089419955290022,4.706917752628215e-05,48996000000,results/rs/SC5_MHBD_MWPM_2_5x/results/sweep_24_exp_0_checkpoints.csv
2333300333000003330330333,0.0088849955575022,4.692026777775027e-05,61684000000,results/rs/SC5_MHBD_MWPM_2_5x/results/sweep_24_exp_0_checkpoints.csv
2333300333000003330330333,0.0088849955575022,4.692026777775027e-05,77656000000,results/rs/SC5_MHBD_MWPM_2_5x/results/sweep_24_exp_0_checkpoints.csv
3333300033030003030333000,0.0086979956510021,4.642826024792157e-05,97764000000,results/rs/SC5_MHBD_MWPM_2_5x/results/sweep_24_exp_0_checkpoints.csv
0302222332200222230233032,0.0116824941587529,5.372616942622699e-05,4000000,results/rs/SC5_MHBD_MWPM_2_5x/results/sweep_22_exp_0_checkpoints.csv
3003002332033300000022222,0.0105319947340026,5.104180672788061e-05,8000000,results/rs/SC5_MHBD_MWPM_2_5x/results/sweep_22_exp_0_checkpoints.csv
3003002332033300000022222,0.0105319947340026,5.104180672788061e-05,12000000,results/rs/SC5_MHBD_MWPM_2_5x/results/sweep_22_exp_0_checkpoints.csv
3003002332033300000022222,0.0105319947340026,5.104180672788061e-05,16000000,results/rs/SC5_MHBD_MWPM_2_5x/results/sweep_22_exp_0_checkpoints.csv
3003002332033300000022222,0.0105319947340026,5.104180672788061e-05,24000000,results/rs/SC5_MHBD_MWPM_2_5x/results/sweep_22_exp_0_checkpoints.csv
3003002332033300000022222,0.0105319947340026,5.104180672788061e-05,32000000,results/rs/SC5_MHBD_MWPM_2_5x/results/sweep_22_exp_0_checkpoints.csv
3003002332033300000022222,0.0105319947340026,5.104180672788061e-05,44000000,results/rs/SC5_MHBD_MWPM_2_5x/results/sweep_22_exp_0_checkpoints.csv
3003002332033300000022222,0.0105319947340026,5.104180672788061e-05,56000000,results/rs/SC5_MHBD_MWPM_2_5x/results/sweep_22_exp_0_checkpoints.csv
3003002332033300000022222,0.0105319947340026,5.104180672788061e-05,72000000,results/rs/SC5_MHBD_MWPM_2_5x/results/sweep_22_exp_0_checkpoints.csv
2200333200330322302323330,0.0103804948097525,5.067724487162195e-05,92000000,results/rs/SC5_MHBD_MWPM_2_5x/results/sweep_22_exp_0_checkpoints.csv
2200333200330322302323330,0.0103804948097525,5.067724487162195e-05,116000000,results/rs/SC5_MHBD_MWPM_2_5x/results/sweep_22_exp_0_checkpoints.csv
2200333200330322302323330,0.0103804948097525,5.067724487162195e-05,148000000,results/rs/SC5_MHBD_MWPM_2_5x/results/sweep_22_exp_0_checkpoints.csv
0323230033033003333023033,0.0095809952095023,4.870624252362177e-05,188000000,results/rs/SC5_MHBD_MWPM_2_5x/results/sweep_22_exp_0_checkpoints.csv
0323230033033003333023033,0.0095809952095023,4.870624252362177e-05,240000000,results/rs/SC5_MHBD_MWPM_2_5x/results/sweep_22_exp_0_checkpoints.csv
0323230033033003333023033,0.0095809952095023,4.870624252362177e-05,304000000,results/rs/SC5_MHBD_MWPM_2_5x/results/sweep_22_exp_0_checkpoints.csv
0323230033033003333023033,0.0095809952095023,4.870624252362177e-05,384000000,results/rs/SC5_MHBD_MWPM_2_5x/results/sweep_22_exp_0_checkpoints.csv
0023230203333300020303330,0.0094969952515023,4.8494319344172254e-05,484000000,results/rs/SC5_MHBD_MWPM_2_5x/results/sweep_22_exp_0_checkpoints.csv
0023230203333300020303330,0.0094969952515023,4.8494319344172254e-05,612000000,results/rs/SC5_MHBD_MWPM_2_5x/results/sweep_22_exp_0_checkpoints.csv
0023230203333300020303330,0.0094969952515023,4.8494319344172254e-05,772000000,results/rs/SC5_MHBD_MWPM_2_5x/results/sweep_22_exp_0_checkpoints.csv
0023230203333300020303330,0.0094969952515023,4.8494319344172254e-05,972000000,results/rs/SC5_MHBD_MWPM_2_5x/results/sweep_22_exp_0_checkpoints.csv
0023230203333300020303330,0.0094969952515023,4.8494319344172254e-05,1224000000,results/rs/SC5_MHBD_MWPM_2_5x/results/sweep_22_exp_0_checkpoints.csv
0023230203333300020303330,0.0094969952515023,4.8494319344172254e-05,1544000000,results/rs/SC5_MHBD_MWPM_2_5x/results/sweep_22_exp_0_checkpoints.csv
0023230203333300020303330,0.0094969952515023,4.8494319344172254e-05,1944000000,results/rs/SC5_MHBD_MWPM_2_5x/results/sweep_22_exp_0_checkpoints.csv
3030233200030330330033030,0.0091449954275022,4.7595582145731896e-05,2448000000,results/rs/SC5_MHBD_MWPM_2_5x/results/sweep_22_exp_0_checkpoints.csv
3030233200030330330033030,0.0091449954275022,4.7595582145731896e-05,3084000000,results/rs/SC5_MHBD_MWPM_2_5x/results/sweep_22_exp_0_checkpoints.csv
3030233200030330330033030,0.0091449954275022,4.7595582145731896e-05,3884000000,results/rs/SC5_MHBD_MWPM_2_5x/results/sweep_22_exp_0_checkpoints.csv
3030233200030330330033030,0.0091449954275022,4.7595582145731896e-05,4892000000,results/rs/SC5_MHBD_MWPM_2_5x/results/sweep_22_exp_0_checkpoints.csv
3200330300030300330322330,0.0088787455606272,4.690390778705478e-05,6160000000,results/rs/SC5_MHBD_MWPM_2_5x/results/sweep_22_exp_0_checkpoints.csv
3200330300030300330322330,0.0088787455606272,4.690390778705478e-05,7756000000,results/rs/SC5_MHBD_MWPM_2_5x/results/sweep_22_exp_0_checkpoints.csv
3200330300030300330322330,0.0088787455606272,4.690390778705478e-05,9768000000,results/rs/SC5_MHBD_MWPM_2_5x/results/sweep_22_exp_0_checkpoints.csv
3200330300030300330322330,0.0088787455606272,4.690390778705478e-05,12300000000,results/rs/SC5_MHBD_MWPM_2_5x/results/sweep_22_exp_0_checkpoints.csv
3200330300030300330322330,0.0088787455606272,4.690390778705478e-05,15488000000,results/rs/SC5_MHBD_MWPM_2_5x/results/sweep_22_exp_0_checkpoints.csv
3200330300030300330322330,0.0088787455606272,4.690390778705478e-05,19500000000,results/rs/SC5_MHBD_MWPM_2_5x/results/sweep_22_exp_0_checkpoints.csv
3200330300030300330322330,0.0088787455606272,4.690390778705478e-05,24552000000,results/rs/SC5_MHBD_MWPM_2_5x/results/sweep_22_exp_0_checkpoints.csv
0233000303330303000303033,0.0086382456808771,4.62699135823641e-05,30912000000,results/rs/SC5_MHBD_MWPM_2_5x/results/sweep_22_exp_0_checkpoints.csv
0233000303330303000303033,0.0086382456808771,4.62699135823641e-05,38916000000,results/rs/SC5_MHBD_MWPM_2_5x/results/sweep_22_exp_0_checkpoints.csv
0233000303330303000303033,0.0086382456808771,4.62699135823641e-05,48996000000,results/rs/SC5_MHBD_MWPM_2_5x/results/sweep_22_exp_0_checkpoints.csv
0233000303330303000303033,0.0086382456808771,4.62699135823641e-05,61684000000,results/rs/SC5_MHBD_MWPM_2_5x/results/sweep_22_exp_0_checkpoints.csv
0233000303330303000303033,0.0086382456808771,4.62699135823641e-05,77656000000,results/rs/SC5_MHBD_MWPM_2_5x/results/sweep_22_exp_0_checkpoints.csv
0233000303330303000303033,0.0086382456808771,4.62699135823641e-05,97764000000,results/rs/SC5_MHBD_MWPM_2_5x/results/sweep_22_exp_0_checkpoints.csv
2023233002322032332323003,0.0118732440633779,5.415778286987916e-05,4000000,results/rs/SC5_MHBD_MWPM_2_5x/results/sweep_6_exp_0_checkpoints.csv
2023233002322032332323003,0.0118732440633779,5.415778286987916e-05,8000000,results/rs/SC5_MHBD_MWPM_2_5x/results/sweep_6_exp_0_checkpoints.csv
2223003223003333200320030,0.0112007443996278,5.2619576308643445e-05,12000000,results/rs/SC5_MHBD_MWPM_2_5x/results/sweep_6_exp_0_checkpoints.csv
3303033200323232000330032,0.0106189946905026,5.124993549543433e-05,16000000,results/rs/SC5_MHBD_MWPM_2_5x/results/sweep_6_exp_0_checkpoints.csv
0003033003032003230030333,0.0096674951662524,4.892348079010844e-05,24000000,results/rs/SC5_MHBD_MWPM_2_5x/results/sweep_6_exp_0_checkpoints.csv
0003033003032003230030333,0.0096674951662524,4.892348079010844e-05,32000000,results/rs/SC5_MHBD_MWPM_2_5x/results/sweep_6_exp_0_checkpoints.csv
0003033003032003230030333,0.0096674951662524,4.892348079010844e-05,44000000,results/rs/SC5_MHBD_MWPM_2_5x/results/sweep_6_exp_0_checkpoints.csv
0003033003032003230030333,0.0096674951662524,4.892348079010844e-05,56000000,results/rs/SC5_MHBD_MWPM_2_5x/results/sweep_6_exp_0_checkpoints.csv
0003033003032003230030333,0.0096674951662524,4.892348079010844e-05,72000000,results/rs/SC5_MHBD_MWPM_2_5x/results/sweep_6_exp_0_checkpoints.csv
0003033003032003230030333,0.0096674951662524,4.892348079010844e-05,92000000,results/rs/SC5_MHBD_MWPM_2_5x/results/sweep_6_exp_0_checkpoints.csv
0003033003032003230030333,0.0096674951662524,4.892348079010844e-05,116000000,results/rs/SC5_MHBD_MWPM_2_5x/results/sweep_6_exp_0_checkpoints.csv
0003033003032003230030333,0.0096674951662524,4.892348079010844e-05,148000000,results/rs/SC5_MHBD_MWPM_2_5x/results/sweep_6_exp_0_checkpoints.csv
2300320003003320330333003,0.0094684952657523,4.842219277634285e-05,188000000,results/rs/SC5_MHBD_MWPM_2_5x/results/sweep_6_exp_0_checkpoints.csv
2300320003003320330333003,0.0094684952657523,4.842219277634285e-05,240000000,results/rs/SC5_MHBD_MWPM_2_5x/results/sweep_6_exp_0_checkpoints.csv
2300320003003320330333003,0.0094684952657523,4.842219277634285e-05,304000000,results/rs/SC5_MHBD_MWPM_2_5x/results/sweep_6_exp_0_checkpoints.csv
2300320003003320330333003,0.0094684952657523,4.842219277634285e-05,384000000,results/rs/SC5_MHBD_MWPM_2_5x/results/sweep_6_exp_0_checkpoints.csv
2300320003003320330333003,0.0094684952657523,4.842219277634285e-05,484000000,results/rs/SC5_MHBD_MWPM_2_5x/results/sweep_6_exp_0_checkpoints.csv
2300320003003320330333003,0.0094684952657523,4.842219277634285e-05,612000000,results/rs/SC5_MHBD_MWPM_2_5x/results/sweep_6_exp_0_checkpoints.csv
3303300003033000203333020,0.0092419953790023,4.784499469678849e-05,772000000,results/rs/SC5_MHBD_MWPM_2_5x/results/sweep_6_exp_0_checkpoints.csv
3303300003033000203333020,0.0092419953790023,4.784499469678849e-05,972000000,results/rs/SC5_MHBD_MWPM_2_5x/results/sweep_6_exp_0_checkpoints.csv
3303300003033000203333020,0.0092419953790023,4.784499469678849e-05,1224000000,results/rs/SC5_MHBD_MWPM_2_5x/results/sweep_6_exp_0_checkpoints.csv
2303000303333020000303332,0.0091309954345022,4.7559471568092704e-05,1544000000,results/rs/SC5_MHBD_MWPM_2_5x/results/sweep_6_exp_0_checkpoints.csv
2303000303333020000303332,0.0091309954345022,4.7559471568092704e-05,1944000000,results/rs/SC5_MHBD_MWPM_2_5x/results/sweep_6_exp_0_checkpoints.csv
2303000303333020000303332,0.0091309954345022,4.7559471568092704e-05,2448000000,results/rs/SC5_MHBD_MWPM_2_5x/results/sweep_6_exp_0_checkpoints.csv
2303000303333020000303332,0.0091309954345022,4.7559471568092704e-05,3084000000,results/rs/SC5_MHBD_MWPM_2_5x/results/sweep_6_exp_0_checkpoints.csv
2303000303333020000303332,0.0091309954345022,4.7559471568092704e-05,3884000000,results/rs/SC5_MHBD_MWPM_2_5x/results/sweep_6_exp_0_checkpoints.csv
2303000303333020000303332,0.0091309954345022,4.7559471568092704e-05,4892000000,results/rs/SC5_MHBD_MWPM_2_5x/results/sweep_6_exp_0_checkpoints.csv
2303000303333020000303332,0.0091309954345022,4.7559471568092704e-05,6160000000,results/rs/SC5_MHBD_MWPM_2_5x/results/sweep_6_exp_0_checkpoints.csv
0302003303030333330300330,0.0088372455813772,4.679514313465916e-05,7756000000,results/rs/SC5_MHBD_MWPM_2_5x/results/sweep_6_exp_0_checkpoints.csv
0302003303030333330300330,0.0088372455813772,4.679514313465916e-05,9768000000,results/rs/SC5_MHBD_MWPM_2_5x/results/sweep_6_exp_0_checkpoints.csv
0302003303030333330300330,0.0088372455813772,4.679514313465916e-05,12300000000,results/rs/SC5_MHBD_MWPM_2_5x/results/sweep_6_exp_0_checkpoints.csv
0302003303030333330300330,0.0088372455813772,4.679514313465916e-05,15488000000,results/rs/SC5_MHBD_MWPM_2_5x/results/sweep_6_exp_0_checkpoints.csv
0003330300003333330000300,0.0087494956252521,4.656429882743396e-05,19500000000,results/rs/SC5_MHBD_MWPM_2_5x/results/sweep_6_exp_0_checkpoints.csv
0003330300003333330000300,0.0087494956252521,4.656429882743396e-05,24552000000,results/rs/SC5_MHBD_MWPM_2_5x/results/sweep_6_exp_0_checkpoints.csv
0003330300003333330000300,0.0087494956252521,4.656429882743396e-05,30912000000,results/rs/SC5_MHBD_MWPM_2_5x/results/sweep_6_exp_0_checkpoints.csv
0003330300003333330000300,0.0087494956252521,4.656429882743396e-05,38916000000,results/rs/SC5_MHBD_MWPM_2_5x/results/sweep_6_exp_0_checkpoints.csv
0003330300003333330000300,0.0087494956252521,4.656429882743396e-05,48996000000,results/rs/SC5_MHBD_MWPM_2_5x/results/sweep_6_exp_0_checkpoints.csv
0003330300003333330000300,0.0087494956252521,4.656429882743396e-05,61684000000,results/rs/SC5_MHBD_MWPM_2_5x/results/sweep_6_exp_0_checkpoints.csv
0333030303000003033233033,0.0087199956400021,4.6486424253089353e-05,77656000000,results/rs/SC5_MHBD_MWPM_2_5x/results/sweep_6_exp_0_checkpoints.csv
0333030303000003033233033,0.0087199956400021,4.6486424253089353e-05,97764000000,results/rs/SC5_MHBD_MWPM_2_5x/results/sweep_6_exp_0_checkpoints.csv
3200300303302203023032223,0.0111772444113777,5.2564973884727806e-05,4000000,results/rs/SC5_MHBD_MWPM_2_5x/results/sweep_15_exp_0_checkpoints.csv
3200300303302203023032223,0.0111772444113777,5.2564973884727806e-05,8000000,results/rs/SC5_MHBD_MWPM_2_5x/results/sweep_15_exp_0_checkpoints.csv
0230003232020333000300002,0.0107532446233776,5.1569382776506245e-05,12000000,results/rs/SC5_MHBD_MWPM_2_5x/results/sweep_15_exp_0_checkpoints.csv
0230003232020333000300002,0.0107532446233776,5.1569382776506245e-05,16000000,results/rs/SC5_MHBD_MWPM_2_5x/results/sweep_15_exp_0_checkpoints.csv
2302320333203200323203330,0.0107099946450026,5.146669354871847e-05,24000000,results/rs/SC5_MHBD_MWPM_2_5x/results/sweep_15_exp_0_checkpoints.csv
2302320333203200323203330,0.0107099946450026,5.146669354871847e-05,32000000,results/rs/SC5_MHBD_MWPM_2_5x/results/sweep_15_exp_0_checkpoints.csv
0232333033003223300203203,0.0107072446463776,5.146015973878093e-05,44000000,results/rs/SC5_MHBD_MWPM_2_5x/results/sweep_15_exp_0_checkpoints.csv
3003320200330302303220330,0.0100282449858775,4.981885285815224e-05,56000000,results/rs/SC5_MHBD_MWPM_2_5x/results/sweep_15_exp_0_checkpoints.csv
3003320200330302303220330,0.0100282449858775,4.981885285815224e-05,72000000,results/rs/SC5_MHBD_MWPM_2_5x/results/sweep_15_exp_0_checkpoints.csv
3003320200330302303220330,0.0100282449858775,4.981885285815224e-05,92000000,results/rs/SC5_MHBD_MWPM_2_5x/results/sweep_15_exp_0_checkpoints.csv
3003320200330302303220330,0.0100282449858775,4.981885285815224e-05,116000000,results/rs/SC5_MHBD_MWPM_2_5x/results/sweep_15_exp_0_checkpoints.csv
3003320200330302303220330,0.0100282449858775,4.981885285815224e-05,148000000,results/rs/SC5_MHBD_MWPM_2_5x/results/sweep_15_exp_0_checkpoints.csv
3003320200330302303220330,0.0100282449858775,4.981885285815224e-05,188000000,results/rs/SC5_MHBD_MWPM_2_5x/results/sweep_15_exp_0_checkpoints.csv
3003320200330302303220330,0.0100282449858775,4.981885285815224e-05,240000000,results/rs/SC5_MHBD_MWPM_2_5x/results/sweep_15_exp_0_checkpoints.csv
0032003302203033030302302,0.0097514951242524,4.913348311674781e-05,304000000,results/rs/SC5_MHBD_MWPM_2_5x/results/sweep_15_exp_0_checkpoints.csv
0032003302203033030302302,0.0097514951242524,4.913348311674781e-05,384000000,results/rs/SC5_MHBD_MWPM_2_5x/results/sweep_15_exp_0_checkpoints.csv
0033203003003003303320020,0.0097507451246274,4.9131613195640966e-05,484000000,results/rs/SC5_MHBD_MWPM_2_5x/results/sweep_15_exp_0_checkpoints.csv
0033203003003003303320020,0.0097507451246274,4.9131613195640966e-05,612000000,results/rs/SC5_MHBD_MWPM_2_5x/results/sweep_15_exp_0_checkpoints.csv
0033203003003003303320020,0.0097507451246274,4.9131613195640966e-05,772000000,results/rs/SC5_MHBD_MWPM_2_5x/results/sweep_15_exp_0_checkpoints.csv
0033203003003003303320020,0.0097507451246274,4.9131613195640966e-05,972000000,results/rs/SC5_MHBD_MWPM_2_5x/results/sweep_15_exp_0_checkpoints.csv
3202000333330030303303332,0.0093587453206273,4.814341082237661e-05,1224000000,results/rs/SC5_MHBD_MWPM_2_5x/results/sweep_15_exp_0_checkpoints.csv
3202000333330030303303332,0.0093587453206273,4.814341082237661e-05,1544000000,results/rs/SC5_MHBD_MWPM_2_5x/results/sweep_15_exp_0_checkpoints.csv
3202000333330030303303332,0.0093587453206273,4.814341082237661e-05,1944000000,results/rs/SC5_MHBD_MWPM_2_5x/results/sweep_15_exp_0_checkpoints.csv
3202000333330030303303332,0.0093587453206273,4.814341082237661e-05,2448000000,results/rs/SC5_MHBD_MWPM_2_5x/results/sweep_15_exp_0_checkpoints.csv
3202000333330030303303332,0.0093587453206273,4.814341082237661e-05,3084000000,results/rs/SC5_MHBD_MWPM_2_5x/results/sweep_15_exp_0_checkpoints.csv
3202000333330030303303332,0.0093587453206273,4.814341082237661e-05,3884000000,results/rs/SC5_MHBD_MWPM_2_5x/results/sweep_15_exp_0_checkpoints.csv
3202000333330030303303332,0.0093587453206273,4.814341082237661e-05,4892000000,results/rs/SC5_MHBD_MWPM_2_5x/results/sweep_15_exp_0_checkpoints.csv
3202000333330030303303332,0.0093587453206273,4.814341082237661e-05,6160000000,results/rs/SC5_MHBD_MWPM_2_5x/results/sweep_15_exp_0_checkpoints.csv
3202000333330030303303332,0.0093587453206273,4.814341082237661e-05,7756000000,results/rs/SC5_MHBD_MWPM_2_5x/results/sweep_15_exp_0_checkpoints.csv
3003300300200302030300333,0.0092214953892523,4.779239679919556e-05,9768000000,results/rs/SC5_MHBD_MWPM_2_5x/results/sweep_15_exp_0_checkpoints.csv
3003300300200302030300333,0.0092214953892523,4.779239679919556e-05,12300000000,results/rs/SC5_MHBD_MWPM_2_5x/results/sweep_15_exp_0_checkpoints.csv
0332330333020303030023033,0.0091457454271272,4.759751755045727e-05,15488000000,results/rs/SC5_MHBD_MWPM_2_5x/results/sweep_15_exp_0_checkpoints.csv
0332330333020303030023033,0.0091457454271272,4.759751755045727e-05,19500000000,results/rs/SC5_MHBD_MWPM_2_5x/results/sweep_15_exp_0_checkpoints.csv
0332330333020303030023033,0.0091457454271272,4.759751755045727e-05,24552000000,results/rs/SC5_MHBD_MWPM_2_5x/results/sweep_15_exp_0_checkpoints.csv
0332330333020303030023033,0.0091457454271272,4.759751755045727e-05,30912000000,results/rs/SC5_MHBD_MWPM_2_5x/results/sweep_15_exp_0_checkpoints.csv
0333203000030303020333332,0.0090722454638772,4.740762960864231e-05,38916000000,results/rs/SC5_MHBD_MWPM_2_5x/results/sweep_15_exp_0_checkpoints.csv
0333203000030303020333332,0.0090722454638772,4.740762960864231e-05,48996000000,results/rs/SC5_MHBD_MWPM_2_5x/results/sweep_15_exp_0_checkpoints.csv
0302030030330030333330303,0.0090594954702522,4.737460767501034e-05,61684000000,results/rs/SC5_MHBD_MWPM_2_5x/results/sweep_15_exp_0_checkpoints.csv
3200000333000003300003333,0.0089972455013772,4.72130486741662e-05,77656000000,results/rs/SC5_MHBD_MWPM_2_5x/results/sweep_15_exp_0_checkpoints.csv
0303330303030323300230003,0.0089064955467522,4.697649274021387e-05,97764000000,results/rs/SC5_MHBD_MWPM_2_5x/results/sweep_15_exp_0_checkpoints.csv
