clifford_deformation,exp_ler,uncertainty,method_shots,source_file
332300333,0.0035034184542295,0.0001123484908021,1847775,results/ebbi/SC3_HBD_MWPM_1x/results/sweep_15_exp_0_checkpoints.csv
030303020,0.0027208457646906,9.3805996584706e-05,3312065,results/ebbi/SC3_HBD_MWPM_1x/results/sweep_15_exp_0_checkpoints.csv
030303020,0.0027208457646906,9.3805996584706e-05,6054598,results/ebbi/SC3_HBD_MWPM_1x/results/sweep_15_exp_0_checkpoints.csv
030303020,0.0027208457646906,9.3805996584706e-05,7393047,results/ebbi/SC3_HBD_MWPM_1x/results/sweep_15_exp_0_checkpoints.csv
030303030,0.0025242302902478,8.057276136241853e-05,9510913,results/ebbi/SC3_HBD_MWPM_1x/results/sweep_15_exp_0_checkpoints.csv
030303030,0.0025242302902478,8.057276136241853e-05,11980275,results/ebbi/SC3_HBD_MWPM_1x/results/sweep_15_exp_0_checkpoints.csv
030303030,0.0025242302902478,8.057276136241853e-05,15043584,results/ebbi/SC3_HBD_MWPM_1x/results/sweep_15_exp_0_checkpoints.csv
030303030,0.0025242302902478,8.057276136241853e-05,18728209,results/ebbi/SC3_HBD_MWPM_1x/results/sweep_15_exp_0_checkpoints.csv
030303030,0.0025242302902478,8.057276136241853e-05,23665842,results/ebbi/SC3_HBD_MWPM_1x/results/sweep_15_exp_0_checkpoints.csv
030303030,0.0025073369400175,5.353572123567574e-05,29965616,results/ebbi/SC3_HBD_MWPM_1x/results/sweep_15_exp_0_checkpoints.csv
030303030,0.0025073369400175,5.353572123567574e-05,37112095,results/ebbi/SC3_HBD_MWPM_1x/results/sweep_15_exp_0_checkpoints.csv
030303030,0.0025073369400175,5.353572123567574e-05,46515202,results/ebbi/SC3_HBD_MWPM_1x/results/sweep_15_exp_0_checkpoints.csv
030303030,0.0025073369400175,5.353572123567574e-05,58618272,results/ebbi/SC3_HBD_MWPM_1x/results/sweep_15_exp_0_checkpoints.csv
030303030,0.0025073369400175,5.353572123567574e-05,73861909,results/ebbi/SC3_HBD_MWPM_1x/results/sweep_15_exp_0_checkpoints.csv
030303030,0.0025073369400175,5.353572123567574e-05,92773462,results/ebbi/SC3_HBD_MWPM_1x/results/sweep_15_exp_0_checkpoints.csv
030303030,0.0025073369400175,5.353572123567574e-05,116741677,results/ebbi/SC3_HBD_MWPM_1x/results/sweep_15_exp_0_checkpoints.csv
030303030,0.0025073369400175,5.353572123567574e-05,147017317,results/ebbi/SC3_HBD_MWPM_1x/results/sweep_15_exp_0_checkpoints.csv
030303030,0.0025073369400175,5.353572123567574e-05,184861867,results/ebbi/SC3_HBD_MWPM_1x/results/sweep_15_exp_0_checkpoints.csv
030303030,0.0025073369400175,5.353572123567574e-05,232798297,results/ebbi/SC3_HBD_MWPM_1x/results/sweep_15_exp_0_checkpoints.csv
030303030,0.0025073369400175,5.353572123567574e-05,292929082,results/ebbi/SC3_HBD_MWPM_1x/results/sweep_15_exp_0_checkpoints.csv
030303030,0.0025073369400175,5.353572123567574e-05,369038677,results/ebbi/SC3_HBD_MWPM_1x/results/sweep_15_exp_0_checkpoints.csv
030303030,0.0025073369400175,5.353572123567574e-05,464491042,results/ebbi/SC3_HBD_MWPM_1x/results/sweep_15_exp_0_checkpoints.csv
030303030,0.0025073369400175,5.353572123567574e-05,584332117,results/ebbi/SC3_HBD_MWPM_1x/results/sweep_15_exp_0_checkpoints.csv
030303030,0.0025073369400175,5.353572123567574e-05,735710317,results/ebbi/SC3_HBD_MWPM_1x/results/sweep_15_exp_0_checkpoints.csv
030303030,0.0025073369400175,5.353572123567574e-05,926194552,results/ebbi/SC3_HBD_MWPM_1x/results/sweep_15_exp_0_checkpoints.csv
030303030,0.0025073369400175,5.353572123567574e-05,1165876702,results/ebbi/SC3_HBD_MWPM_1x/results/sweep_15_exp_0_checkpoints.csv
030303030,0.0025073369400175,5.353572123567574e-05,1467792112,results/ebbi/SC3_HBD_MWPM_1x/results/sweep_15_exp_0_checkpoints.csv
030303030,0.0025073369400175,5.353572123567574e-05,1847919592,results/ebbi/SC3_HBD_MWPM_1x/results/sweep_15_exp_0_checkpoints.csv
030303030,0.0025073369400175,5.353572123567574e-05,2326442902,results/ebbi/SC3_HBD_MWPM_1x/results/sweep_15_exp_0_checkpoints.csv
030303030,0.0025073369400175,5.353572123567574e-05,2928591742,results/ebbi/SC3_HBD_MWPM_1x/results/sweep_15_exp_0_checkpoints.csv
030303030,0.0025073369400175,5.353572123567574e-05,3687164722,results/ebbi/SC3_HBD_MWPM_1x/results/sweep_15_exp_0_checkpoints.csv
030303030,0.0025073369400175,5.353572123567574e-05,4641688372,results/ebbi/SC3_HBD_MWPM_1x/results/sweep_15_exp_0_checkpoints.csv
030303030,0.0025073369400175,5.353572123567574e-05,5843463082,results/ebbi/SC3_HBD_MWPM_1x/results/sweep_15_exp_0_checkpoints.csv
030303030,0.0025073369400175,5.353572123567574e-05,7356404092,results/ebbi/SC3_HBD_MWPM_1x/results/sweep_15_exp_0_checkpoints.csv
030303030,0.0025764386473946,2.411849891359452e-05,8212338358,results/ebbi/SC3_HBD_MWPM_1x/results/sweep_15_exp_0_checkpoints.csv
333330022,0.0038054231069536,0.0001198691315948,2055362,results/ebbi/SC3_HBD_MWPM_1x/results/sweep_22_exp_0_checkpoints.csv
333330022,0.0038054231069536,0.0001198691315948,2590304,results/ebbi/SC3_HBD_MWPM_1x/results/sweep_22_exp_0_checkpoints.csv
333330022,0.0038054231069536,0.0001198691315948,3283472,results/ebbi/SC3_HBD_MWPM_1x/results/sweep_22_exp_0_checkpoints.csv
033033022,0.0035969808244451,0.0001132024626713,4265059,results/ebbi/SC3_HBD_MWPM_1x/results/sweep_22_exp_0_checkpoints.csv
033033022,0.0035969808244451,0.0001132024626713,5392211,results/ebbi/SC3_HBD_MWPM_1x/results/sweep_22_exp_0_checkpoints.csv
033033022,0.0035969808244451,0.0001132024626713,6549851,results/ebbi/SC3_HBD_MWPM_1x/results/sweep_22_exp_0_checkpoints.csv
003303022,0.003275259046187,0.0001032996151479,8612110,results/ebbi/SC3_HBD_MWPM_1x/results/sweep_22_exp_0_checkpoints.csv
030303032,0.0026367383576043,8.811855514068156e-05,11642173,results/ebbi/SC3_HBD_MWPM_1x/results/sweep_22_exp_0_checkpoints.csv
030303032,0.0026367383576043,8.811855514068156e-05,14377692,results/ebbi/SC3_HBD_MWPM_1x/results/sweep_22_exp_0_checkpoints.csv
030303030,0.0026238806351477,8.176882693078369e-05,16558980,results/ebbi/SC3_HBD_MWPM_1x/results/sweep_22_exp_0_checkpoints.csv
030303030,0.0026238806351477,8.176882693078369e-05,21026900,results/ebbi/SC3_HBD_MWPM_1x/results/sweep_22_exp_0_checkpoints.csv
030303030,0.0026230386824397,5.45039692951832e-05,26892644,results/ebbi/SC3_HBD_MWPM_1x/results/sweep_22_exp_0_checkpoints.csv
030303030,0.0026230386824397,5.45039692951832e-05,33543907,results/ebbi/SC3_HBD_MWPM_1x/results/sweep_22_exp_0_checkpoints.csv
030303030,0.0026177429171557,3.6299410567153245e-05,41224574,results/ebbi/SC3_HBD_MWPM_1x/results/sweep_22_exp_0_checkpoints.csv
030303030,0.0026177429171557,3.6299410567153245e-05,51845481,results/ebbi/SC3_HBD_MWPM_1x/results/sweep_22_exp_0_checkpoints.csv
030303030,0.0026177429171557,3.6299410567153245e-05,65446437,results/ebbi/SC3_HBD_MWPM_1x/results/sweep_22_exp_0_checkpoints.csv
030303030,0.0026177429171557,3.6299410567153245e-05,82058204,results/ebbi/SC3_HBD_MWPM_1x/results/sweep_22_exp_0_checkpoints.csv
030303030,0.0026177429171557,3.6299410567153245e-05,103113530,results/ebbi/SC3_HBD_MWPM_1x/results/sweep_22_exp_0_checkpoints.csv
030303030,0.0026177429171557,3.6299410567153245e-05,129687707,results/ebbi/SC3_HBD_MWPM_1x/results/sweep_22_exp_0_checkpoints.csv
030303030,0.0026177429171557,3.6299410567153245e-05,163585478,results/ebbi/SC3_HBD_MWPM_1x/results/sweep_22_exp_0_checkpoints.csv
030303030,0.0026177429171557,3.6299410567153245e-05,205853069,results/ebbi/SC3_HBD_MWPM_1x/results/sweep_22_exp_0_checkpoints.csv
030303030,0.0026177429171557,3.6299410567153245e-05,259001426,results/ebbi/SC3_HBD_MWPM_1x/results/sweep_22_exp_0_checkpoints.csv
030303030,0.0026177429171557,3.6299410567153245e-05,325959986,results/ebbi/SC3_HBD_MWPM_1x/results/sweep_22_exp_0_checkpoints.csv
030303030,0.0026177429171557,3.6299410567153245e-05,410495168,results/ebbi/SC3_HBD_MWPM_1x/results/sweep_22_exp_0_checkpoints.csv
030303030,0.0026177429171557,3.6299410567153245e-05,516373391,results/ebbi/SC3_HBD_MWPM_1x/results/sweep_22_exp_0_checkpoints.csv
030303030,0.0026177429171557,3.6299410567153245e-05,650290511,results/ebbi/SC3_HBD_MWPM_1x/results/sweep_22_exp_0_checkpoints.csv
030303030,0.0026177429171557,3.6299410567153245e-05,818523893,results/ebbi/SC3_HBD_MWPM_1x/results/sweep_22_exp_0_checkpoints.csv
030303030,0.0026177429171557,3.6299410567153245e-05,1030280339,results/ebbi/SC3_HBD_MWPM_1x/results/sweep_22_exp_0_checkpoints.csv
030303030,0.0026177429171557,3.6299410567153245e-05,1296859106,results/ebbi/SC3_HBD_MWPM_1x/results/sweep_22_exp_0_checkpoints.csv
030303030,0.0026177429171557,3.6299410567153245e-05,1632907379,results/ebbi/SC3_HBD_MWPM_1x/results/sweep_22_exp_0_checkpoints.csv
030303030,0.0026177429171557,3.6299410567153245e-05,2055583289,results/ebbi/SC3_HBD_MWPM_1x/results/sweep_22_exp_0_checkpoints.csv
030303030,0.0026177429171557,3.6299410567153245e-05,2587903841,results/ebbi/SC3_HBD_MWPM_1x/results/sweep_22_exp_0_checkpoints.csv
030303030,0.0026177429171557,3.6299410567153245e-05,3257907932,results/ebbi/SC3_HBD_MWPM_1x/results/sweep_22_exp_0_checkpoints.csv
030303030,0.0026177429171557,3.6299410567153245e-05,4101167297,results/ebbi/SC3_HBD_MWPM_1x/results/sweep_22_exp_0_checkpoints.csv
030303030,0.0026177429171557,3.6299410567153245e-05,5162878964,results/ebbi/SC3_HBD_MWPM_1x/results/sweep_22_exp_0_checkpoints.csv
030303030,0.0026177429171557,3.6299410567153245e-05,6499957709,results/ebbi/SC3_HBD_MWPM_1x/results/sweep_22_exp_0_checkpoints.csv
030303030,0.0025976134972724,2.4106639102683403e-05,8182777287,results/ebbi/SC3_HBD_MWPM_1x/results/sweep_22_exp_0_checkpoints.csv
030303030,0.0025976134972724,2.4106639102683403e-05,8187348782,results/ebbi/SC3_HBD_MWPM_1x/results/sweep_22_exp_0_checkpoints.csv
020302000,0.0032102608896902,0.0001092929305741,2196527,results/ebbi/SC3_HBD_MWPM_1x/results/sweep_24_exp_0_checkpoints.csv
033303030,0.0026880396717579,8.812042506178841e-05,4508572,results/ebbi/SC3_HBD_MWPM_1x/results/sweep_24_exp_0_checkpoints.csv
330303030,0.0026773948975623,8.643182809464633e-05,6637198,results/ebbi/SC3_HBD_MWPM_1x/results/sweep_24_exp_0_checkpoints.csv
330303030,0.0026773948975623,8.643182809464633e-05,7016003,results/ebbi/SC3_HBD_MWPM_1x/results/sweep_24_exp_0_checkpoints.csv
030303030,0.00264052577727,5.97017897234764e-05,9267919,results/ebbi/SC3_HBD_MWPM_1x/results/sweep_24_exp_0_checkpoints.csv
030303030,0.00264052577727,5.97017897234764e-05,11194237,results/ebbi/SC3_HBD_MWPM_1x/results/sweep_24_exp_0_checkpoints.csv
030303030,0.00264052577727,5.97017897234764e-05,14512510,results/ebbi/SC3_HBD_MWPM_1x/results/sweep_24_exp_0_checkpoints.csv
030303030,0.00264052577727,5.97017897234764e-05,17473741,results/ebbi/SC3_HBD_MWPM_1x/results/sweep_24_exp_0_checkpoints.csv
030303030,0.0025889500436103,3.9411639590980485e-05,21979585,results/ebbi/SC3_HBD_MWPM_1x/results/sweep_24_exp_0_checkpoints.csv
030303030,0.0025889500436103,3.9411639590980485e-05,28066057,results/ebbi/SC3_HBD_MWPM_1x/results/sweep_24_exp_0_checkpoints.csv
030303030,0.0025889500436103,3.9411639590980485e-05,34820938,results/ebbi/SC3_HBD_MWPM_1x/results/sweep_24_exp_0_checkpoints.csv
030303030,0.0025889500436103,3.9411639590980485e-05,44069929,results/ebbi/SC3_HBD_MWPM_1x/results/sweep_24_exp_0_checkpoints.csv
030303030,0.0025889500436103,3.9411639590980485e-05,55501266,results/ebbi/SC3_HBD_MWPM_1x/results/sweep_24_exp_0_checkpoints.csv
030303030,0.0025889500436103,3.9411639590980485e-05,69842398,results/ebbi/SC3_HBD_MWPM_1x/results/sweep_24_exp_0_checkpoints.csv
030303030,0.0025889500436103,3.9411639590980485e-05,87612931,results/ebbi/SC3_HBD_MWPM_1x/results/sweep_24_exp_0_checkpoints.csv
030303030,0.0025889500436103,3.9411639590980485e-05,110089991,results/ebbi/SC3_HBD_MWPM_1x/results/sweep_24_exp_0_checkpoints.csv
030303030,0.0025889500436103,3.9411639590980485e-05,138964055,results/ebbi/SC3_HBD_MWPM_1x/results/sweep_24_exp_0_checkpoints.csv
030303030,0.0025889500436103,3.9411639590980485e-05,174822099,results/ebbi/SC3_HBD_MWPM_1x/results/sweep_24_exp_0_checkpoints.csv
030303030,0.0025889500436103,3.9411639590980485e-05,219853131,results/ebbi/SC3_HBD_MWPM_1x/results/sweep_24_exp_0_checkpoints.csv
030303030,0.0025889500436103,3.9411639590980485e-05,276558875,results/ebbi/SC3_HBD_MWPM_1x/results/sweep_24_exp_0_checkpoints.csv
030303030,0.0025889500436103,3.9411639590980485e-05,348274963,results/ebbi/SC3_HBD_MWPM_1x/results/sweep_24_exp_0_checkpoints.csv
030303030,0.0025889500436103,3.9411639590980485e-05,438337027,results/ebbi/SC3_HBD_MWPM_1x/results/sweep_24_exp_0_checkpoints.csv
030303030,0.0025889500436103,3.9411639590980485e-05,551748515,results/ebbi/SC3_HBD_MWPM_1x/results/sweep_24_exp_0_checkpoints.csv
030303030,0.0025889500436103,3.9411639590980485e-05,694763737,results/ebbi/SC3_HBD_MWPM_1x/results/sweep_24_exp_0_checkpoints.csv
030303030,0.0025889500436103,3.9411639590980485e-05,874470911,results/ebbi/SC3_HBD_MWPM_1x/results/sweep_24_exp_0_checkpoints.csv
030303030,0.0025889500436103,3.9411639590980485e-05,1100876933,results/ebbi/SC3_HBD_MWPM_1x/results/sweep_24_exp_0_checkpoints.csv
030303030,0.0025889500436103,3.9411639590980485e-05,1386073469,results/ebbi/SC3_HBD_MWPM_1x/results/sweep_24_exp_0_checkpoints.csv
030303030,0.0025889500436103,3.9411639590980485e-05,1745070863,results/ebbi/SC3_HBD_MWPM_1x/results/sweep_24_exp_0_checkpoints.csv
030303030,0.0025889500436103,3.9411639590980485e-05,2196632045,results/ebbi/SC3_HBD_MWPM_1x/results/sweep_24_exp_0_checkpoints.csv
030303030,0.0025889500436103,3.9411639590980485e-05,2765357301,results/ebbi/SC3_HBD_MWPM_1x/results/sweep_24_exp_0_checkpoints.csv
030303030,0.0025889500436103,3.9411639590980485e-05,3481267319,results/ebbi/SC3_HBD_MWPM_1x/results/sweep_24_exp_0_checkpoints.csv
030303030,0.0025889500436103,3.9411639590980485e-05,4382721867,results/ebbi/SC3_HBD_MWPM_1x/results/sweep_24_exp_0_checkpoints.csv
030303030,0.0025889500436103,3.9411639590980485e-05,5517670655,results/ebbi/SC3_HBD_MWPM_1x/results/sweep_24_exp_0_checkpoints.csv
030303030,0.0025889500436103,3.9411639590980485e-05,6946155059,results/ebbi/SC3_HBD_MWPM_1x/results/sweep_24_exp_0_checkpoints.csv
030303030,0.0025763866424631,2.6210776923107915e-05,8166056402,results/ebbi/SC3_HBD_MWPM_1x/results/sweep_24_exp_0_checkpoints.csv
033002220,0.0035283285156869,0.0001151847172877,1966093,results/ebbi/SC3_HBD_MWPM_1x/results/sweep_13_exp_0_checkpoints.csv
232333033,0.0034978727358409,0.0001075528925866,3404789,results/ebbi/SC3_HBD_MWPM_1x/results/sweep_13_exp_0_checkpoints.csv
032303320,0.0031061545869994,9.93727589957416e-05,4193489,results/ebbi/SC3_HBD_MWPM_1x/results/sweep_13_exp_0_checkpoints.csv
033003330,0.003058526988811,9.681328083388507e-05,6062615,results/ebbi/SC3_HBD_MWPM_1x/results/sweep_13_exp_0_checkpoints.csv
033003330,0.003058526988811,9.681328083388507e-05,7565356,results/ebbi/SC3_HBD_MWPM_1x/results/sweep_13_exp_0_checkpoints.csv
033003330,0.003058526988811,9.681328083388507e-05,8107971,results/ebbi/SC3_HBD_MWPM_1x/results/sweep_13_exp_0_checkpoints.csv
033003330,0.003058526988811,9.681328083388507e-05,10221363,results/ebbi/SC3_HBD_MWPM_1x/results/sweep_13_exp_0_checkpoints.csv
033003330,0.0030575148879662,6.453172682086006e-05,12575945,results/ebbi/SC3_HBD_MWPM_1x/results/sweep_13_exp_0_checkpoints.csv
023303030,0.0029427155131184,9.085354395210744e-05,15867444,results/ebbi/SC3_HBD_MWPM_1x/results/sweep_13_exp_0_checkpoints.csv
033003030,0.0028522596524413,5.941464769421145e-05,19861210,results/ebbi/SC3_HBD_MWPM_1x/results/sweep_13_exp_0_checkpoints.csv
033303032,0.0026780400714144,8.461579272989184e-05,26140077,results/ebbi/SC3_HBD_MWPM_1x/results/sweep_13_exp_0_checkpoints.csv
030303033,0.0026699438417553,8.248270023614168e-05,31182573,results/ebbi/SC3_HBD_MWPM_1x/results/sweep_13_exp_0_checkpoints.csv
030303030,0.0026198996387404,5.45096663699951e-05,39273855,results/ebbi/SC3_HBD_MWPM_1x/results/sweep_13_exp_0_checkpoints.csv
030303030,0.0026198996387404,5.45096663699951e-05,49911032,results/ebbi/SC3_HBD_MWPM_1x/results/sweep_13_exp_0_checkpoints.csv
030303030,0.0026017095071054,3.62137689080555e-05,62188946,results/ebbi/SC3_HBD_MWPM_1x/results/sweep_13_exp_0_checkpoints.csv
030303030,0.0026017095071054,3.62137689080555e-05,78487585,results/ebbi/SC3_HBD_MWPM_1x/results/sweep_13_exp_0_checkpoints.csv
030303030,0.0026017095071054,3.62137689080555e-05,98843622,results/ebbi/SC3_HBD_MWPM_1x/results/sweep_13_exp_0_checkpoints.csv
030303030,0.0026017095071054,3.62137689080555e-05,124217414,results/ebbi/SC3_HBD_MWPM_1x/results/sweep_13_exp_0_checkpoints.csv
030303030,0.0026017095071054,3.62137689080555e-05,156255383,results/ebbi/SC3_HBD_MWPM_1x/results/sweep_13_exp_0_checkpoints.csv
030303030,0.0026017095071054,3.62137689080555e-05,197002703,results/ebbi/SC3_HBD_MWPM_1x/results/sweep_13_exp_0_checkpoints.csv
030303030,0.0026017095071054,3.62137689080555e-05,247599885,results/ebbi/SC3_HBD_MWPM_1x/results/sweep_13_exp_0_checkpoints.csv
030303030,0.0026017095071054,3.62137689080555e-05,311883190,results/ebbi/SC3_HBD_MWPM_1x/results/sweep_13_exp_0_checkpoints.csv
030303030,0.0026017095071054,3.62137689080555e-05,392341004,results/ebbi/SC3_HBD_MWPM_1x/results/sweep_13_exp_0_checkpoints.csv
030303030,0.0026017095071054,3.62137689080555e-05,493950099,results/ebbi/SC3_HBD_MWPM_1x/results/sweep_13_exp_0_checkpoints.csv
030303030,0.0026017095071054,3.62137689080555e-05,622101978,results/ebbi/SC3_HBD_MWPM_1x/results/sweep_13_exp_0_checkpoints.csv
030303030,0.0026017095071054,3.62137689080555e-05,783017606,results/ebbi/SC3_HBD_MWPM_1x/results/sweep_13_exp_0_checkpoints.csv
030303030,0.0026017095071054,3.62137689080555e-05,985406334,results/ebbi/SC3_HBD_MWPM_1x/results/sweep_13_exp_0_checkpoints.csv
030303030,0.0026017095071054,3.62137689080555e-05,1240880630,results/ebbi/SC3_HBD_MWPM_1x/results/sweep_13_exp_0_checkpoints.csv
030303030,0.0026017095071054,3.62137689080555e-05,1561882424,results/ebbi/SC3_HBD_MWPM_1x/results/sweep_13_exp_0_checkpoints.csv
030303030,0.0026017095071054,3.62137689080555e-05,1966245149,results/ebbi/SC3_HBD_MWPM_1x/results/sweep_13_exp_0_checkpoints.csv
030303030,0.0026017095071054,3.62137689080555e-05,2475534817,results/ebbi/SC3_HBD_MWPM_1x/results/sweep_13_exp_0_checkpoints.csv
030303030,0.0026017095071054,3.62137689080555e-05,3116294212,results/ebbi/SC3_HBD_MWPM_1x/results/sweep_13_exp_0_checkpoints.csv
030303030,0.0026017095071054,3.62137689080555e-05,3922946007,results/ebbi/SC3_HBD_MWPM_1x/results/sweep_13_exp_0_checkpoints.csv
030303030,0.0026017095071054,3.62137689080555e-05,4938622226,results/ebbi/SC3_HBD_MWPM_1x/results/sweep_13_exp_0_checkpoints.csv
030303030,0.0026017095071054,3.62137689080555e-05,6217652630,results/ebbi/SC3_HBD_MWPM_1x/results/sweep_13_exp_0_checkpoints.csv
030303030,0.0026017095071054,3.62137689080555e-05,7827223641,results/ebbi/SC3_HBD_MWPM_1x/results/sweep_13_exp_0_checkpoints.csv
030303030,0.0025904803832823,2.4090502847684547e-05,8145675195,results/ebbi/SC3_HBD_MWPM_1x/results/sweep_13_exp_0_checkpoints.csv
333203200,0.00348360571656,0.0001193483694805,2044757,results/ebbi/SC3_HBD_MWPM_1x/results/sweep_6_exp_0_checkpoints.csv
233203000,0.0034898195862577,0.0001110568919102,4204240,results/ebbi/SC3_HBD_MWPM_1x/results/sweep_6_exp_0_checkpoints.csv
233003030,0.0029357974781018,9.383440192323178e-05,7758208,results/ebbi/SC3_HBD_MWPM_1x/results/sweep_6_exp_0_checkpoints.csv
333303030,0.0027522544912305,8.829327271087095e-05,9455958,results/ebbi/SC3_HBD_MWPM_1x/results/sweep_6_exp_0_checkpoints.csv
033303030,0.0026945432749149,8.595786493970081e-05,11434614,results/ebbi/SC3_HBD_MWPM_1x/results/sweep_6_exp_0_checkpoints.csv
033303030,0.0026945432749149,8.595786493970081e-05,12950010,results/ebbi/SC3_HBD_MWPM_1x/results/sweep_6_exp_0_checkpoints.csv
033303030,0.0026945432749149,8.595786493970081e-05,16679763,results/ebbi/SC3_HBD_MWPM_1x/results/sweep_6_exp_0_checkpoints.csv
033303030,0.0026945432749149,8.595786493970081e-05,21033242,results/ebbi/SC3_HBD_MWPM_1x/results/sweep_6_exp_0_checkpoints.csv
033303030,0.0026884414127515,5.724062793888152e-05,26019543,results/ebbi/SC3_HBD_MWPM_1x/results/sweep_6_exp_0_checkpoints.csv
030303030,0.0026464169907576,5.433444675873034e-05,33164801,results/ebbi/SC3_HBD_MWPM_1x/results/sweep_6_exp_0_checkpoints.csv
030303030,0.0026464169907576,5.433444675873034e-05,41710645,results/ebbi/SC3_HBD_MWPM_1x/results/sweep_6_exp_0_checkpoints.csv
030303030,0.0026464169907576,5.433444675873034e-05,51603544,results/ebbi/SC3_HBD_MWPM_1x/results/sweep_6_exp_0_checkpoints.csv
030303030,0.0026113736183159,3.598300463636406e-05,64670200,results/ebbi/SC3_HBD_MWPM_1x/results/sweep_6_exp_0_checkpoints.csv
030303030,0.0026113736183159,3.598300463636406e-05,81717099,results/ebbi/SC3_HBD_MWPM_1x/results/sweep_6_exp_0_checkpoints.csv
030303030,0.0026113736183159,3.598300463636406e-05,102610049,results/ebbi/SC3_HBD_MWPM_1x/results/sweep_6_exp_0_checkpoints.csv
030303030,0.0026113736183159,3.598300463636406e-05,129167465,results/ebbi/SC3_HBD_MWPM_1x/results/sweep_6_exp_0_checkpoints.csv
030303030,0.0026113736183159,3.598300463636406e-05,162777579,results/ebbi/SC3_HBD_MWPM_1x/results/sweep_6_exp_0_checkpoints.csv
030303030,0.0026113736183159,3.598300463636406e-05,204525424,results/ebbi/SC3_HBD_MWPM_1x/results/sweep_6_exp_0_checkpoints.csv
030303030,0.0026113736183159,3.598300463636406e-05,257433584,results/ebbi/SC3_HBD_MWPM_1x/results/sweep_6_exp_0_checkpoints.csv
030303030,0.0026113736183159,3.598300463636406e-05,324085465,results/ebbi/SC3_HBD_MWPM_1x/results/sweep_6_exp_0_checkpoints.csv
030303030,0.0026113736183159,3.598300463636406e-05,407994500,results/ebbi/SC3_HBD_MWPM_1x/results/sweep_6_exp_0_checkpoints.csv
030303030,0.0026113736183159,3.598300463636406e-05,513810820,results/ebbi/SC3_HBD_MWPM_1x/results/sweep_6_exp_0_checkpoints.csv
030303030,0.0026113736183159,3.598300463636406e-05,646907910,results/ebbi/SC3_HBD_MWPM_1x/results/sweep_6_exp_0_checkpoints.csv
030303030,0.0026113736183159,3.598300463636406e-05,814312635,results/ebbi/SC3_HBD_MWPM_1x/results/sweep_6_exp_0_checkpoints.csv
030303030,0.0026113736183159,3.598300463636406e-05,1025118585,results/ebbi/SC3_HBD_MWPM_1x/results/sweep_6_exp_0_checkpoints.csv
030303030,0.0026113736183159,3.598300463636406e-05,1290486075,results/ebbi/SC3_HBD_MWPM_1x/results/sweep_6_exp_0_checkpoints.csv
030303030,0.0026113736183159,3.598300463636406e-05,1624468835,results/ebbi/SC3_HBD_MWPM_1x/results/sweep_6_exp_0_checkpoints.csv
030303030,0.0026113736183159,3.598300463636406e-05,2044840700,results/ebbi/SC3_HBD_MWPM_1x/results/sweep_6_exp_0_checkpoints.csv
030303030,0.0026113736183159,3.598300463636406e-05,2574335645,results/ebbi/SC3_HBD_MWPM_1x/results/sweep_6_exp_0_checkpoints.csv
030303030,0.0026113736183159,3.598300463636406e-05,3241061130,results/ebbi/SC3_HBD_MWPM_1x/results/sweep_6_exp_0_checkpoints.csv
030303030,0.0026113736183159,3.598300463636406e-05,4080151480,results/ebbi/SC3_HBD_MWPM_1x/results/sweep_6_exp_0_checkpoints.csv
030303030,0.0026113736183159,3.598300463636406e-05,5136247955,results/ebbi/SC3_HBD_MWPM_1x/results/sweep_6_exp_0_checkpoints.csv
030303030,0.0026113736183159,3.598300463636406e-05,6466392165,results/ebbi/SC3_HBD_MWPM_1x/results/sweep_6_exp_0_checkpoints.csv
030303030,0.0026140950204538,1.6000765754142776e-05,8128970900,results/ebbi/SC3_HBD_MWPM_1x/results/sweep_6_exp_0_checkpoints.csv
232033030,0.0035688234980163,0.0001124857444665,2063932,results/ebbi/SC3_HBD_MWPM_1x/results/sweep_19_exp_0_checkpoints.csv
232033030,0.0035688234980163,0.0001124857444665,2977497,results/ebbi/SC3_HBD_MWPM_1x/results/sweep_19_exp_0_checkpoints.csv
233033030,0.0034530869665113,0.0001070449798135,3437963,results/ebbi/SC3_HBD_MWPM_1x/results/sweep_19_exp_0_checkpoints.csv
233033030,0.0034530869665113,0.0001070449798135,4392452,results/ebbi/SC3_HBD_MWPM_1x/results/sweep_19_exp_0_checkpoints.csv
233033030,0.0034530869665113,0.0001070449798135,5439406,results/ebbi/SC3_HBD_MWPM_1x/results/sweep_19_exp_0_checkpoints.csv
233033030,0.0034530869665113,0.0001070449798135,6887551,results/ebbi/SC3_HBD_MWPM_1x/results/sweep_19_exp_0_checkpoints.csv
233033030,0.0034586508449793,7.142079994082451e-05,8840088,results/ebbi/SC3_HBD_MWPM_1x/results/sweep_19_exp_0_checkpoints.csv
030033030,0.0029380775486947,9.65656727203168e-05,10810066,results/ebbi/SC3_HBD_MWPM_1x/results/sweep_19_exp_0_checkpoints.csv
030333030,0.0028083017021931,9.19583035283722e-05,13037165,results/ebbi/SC3_HBD_MWPM_1x/results/sweep_19_exp_0_checkpoints.csv
030003030,0.0026147974752557,8.410666487179697e-05,19073153,results/ebbi/SC3_HBD_MWPM_1x/results/sweep_19_exp_0_checkpoints.csv
030303030,0.0025363769857161,7.98264954937622e-05,21740951,results/ebbi/SC3_HBD_MWPM_1x/results/sweep_19_exp_0_checkpoints.csv
030303030,0.0025363769857161,7.98264954937622e-05,26543213,results/ebbi/SC3_HBD_MWPM_1x/results/sweep_19_exp_0_checkpoints.csv
030303030,0.0025363769857161,7.98264954937622e-05,33186861,results/ebbi/SC3_HBD_MWPM_1x/results/sweep_19_exp_0_checkpoints.csv
030303030,0.0025489785614894,5.334948218660429e-05,41548303,results/ebbi/SC3_HBD_MWPM_1x/results/sweep_19_exp_0_checkpoints.csv
030303030,0.0025489785614894,5.334948218660429e-05,52129682,results/ebbi/SC3_HBD_MWPM_1x/results/sweep_19_exp_0_checkpoints.csv
030303030,0.0025489785614894,5.334948218660429e-05,65952244,results/ebbi/SC3_HBD_MWPM_1x/results/sweep_19_exp_0_checkpoints.csv
030303030,0.0025489785614894,5.334948218660429e-05,82175620,results/ebbi/SC3_HBD_MWPM_1x/results/sweep_19_exp_0_checkpoints.csv
030303030,0.0025489785614894,5.334948218660429e-05,103702792,results/ebbi/SC3_HBD_MWPM_1x/results/sweep_19_exp_0_checkpoints.csv
030303030,0.0025489785614894,5.334948218660429e-05,130429764,results/ebbi/SC3_HBD_MWPM_1x/results/sweep_19_exp_0_checkpoints.csv
030303030,0.0025489785614894,5.334948218660429e-05,164124468,results/ebbi/SC3_HBD_MWPM_1x/results/sweep_19_exp_0_checkpoints.csv
030303030,0.0025489785614894,5.334948218660429e-05,206554836,results/ebbi/SC3_HBD_MWPM_1x/results/sweep_19_exp_0_checkpoints.csv
030303030,0.0025489785614894,5.334948218660429e-05,260216772,results/ebbi/SC3_HBD_MWPM_1x/results/sweep_19_exp_0_checkpoints.csv
030303030,0.0025489785614894,5.334948218660429e-05,327190196,results/ebbi/SC3_HBD_MWPM_1x/results/sweep_19_exp_0_checkpoints.csv
030303030,0.0025489785614894,5.334948218660429e-05,412050932,results/ebbi/SC3_HBD_MWPM_1x/results/sweep_19_exp_0_checkpoints.csv
030303030,0.0025489785614894,5.334948218660429e-05,518542836,results/ebbi/SC3_HBD_MWPM_1x/results/sweep_19_exp_0_checkpoints.csv
030303030,0.0025489785614894,5.334948218660429e-05,652905668,results/ebbi/SC3_HBD_MWPM_1x/results/sweep_19_exp_0_checkpoints.csv
030303030,0.0025489785614894,5.334948218660429e-05,821795172,results/ebbi/SC3_HBD_MWPM_1x/results/sweep_19_exp_0_checkpoints.csv
030303030,0.0025489785614894,5.334948218660429e-05,1034778980,results/ebbi/SC3_HBD_MWPM_1x/results/sweep_19_exp_0_checkpoints.csv
030303030,0.0025489785614894,5.334948218660429e-05,1302256692,results/ebbi/SC3_HBD_MWPM_1x/results/sweep_19_exp_0_checkpoints.csv
030303030,0.0025489785614894,5.334948218660429e-05,1639619716,results/ebbi/SC3_HBD_MWPM_1x/results/sweep_19_exp_0_checkpoints.csv
030303030,0.0025489785614894,5.334948218660429e-05,2064339380,results/ebbi/SC3_HBD_MWPM_1x/results/sweep_19_exp_0_checkpoints.csv
030303030,0.0025489785614894,5.334948218660429e-05,2598462836,results/ebbi/SC3_HBD_MWPM_1x/results/sweep_19_exp_0_checkpoints.csv
030303030,0.0025489785614894,5.334948218660429e-05,3271524948,results/ebbi/SC3_HBD_MWPM_1x/results/sweep_19_exp_0_checkpoints.csv
030303030,0.0025489785614894,5.334948218660429e-05,4118468372,results/ebbi/SC3_HBD_MWPM_1x/results/sweep_19_exp_0_checkpoints.csv
030303030,0.0025489785614894,5.334948218660429e-05,5184635364,results/ebbi/SC3_HBD_MWPM_1x/results/sweep_19_exp_0_checkpoints.csv
030303030,0.0025489785614894,5.334948218660429e-05,6527015732,results/ebbi/SC3_HBD_MWPM_1x/results/sweep_19_exp_0_checkpoints.csv
030303030,0.0025982256440669,2.393828071944881e-05,8164429284,results/ebbi/SC3_HBD_MWPM_1x/results/sweep_19_exp_0_checkpoints.csv
033003322,0.0033450530673939,0.0001046648467308,2093381,results/ebbi/SC3_HBD_MWPM_1x/results/sweep_23_exp_0_checkpoints.csv
032303333,0.0031141110774759,9.998684981837867e-05,3602272,results/ebbi/SC3_HBD_MWPM_1x/results/sweep_23_exp_0_checkpoints.csv
032303333,0.0031141110774759,9.998684981837867e-05,4920655,results/ebbi/SC3_HBD_MWPM_1x/results/sweep_23_exp_0_checkpoints.csv
032303333,0.0031141110774759,9.998684981837867e-05,5607301,results/ebbi/SC3_HBD_MWPM_1x/results/sweep_23_exp_0_checkpoints.csv
032303333,0.0031141110774759,9.998684981837867e-05,7238698,results/ebbi/SC3_HBD_MWPM_1x/results/sweep_23_exp_0_checkpoints.csv
032303033,0.0027976129382267,9.044914622791111e-05,10456095,results/ebbi/SC3_HBD_MWPM_1x/results/sweep_23_exp_0_checkpoints.csv
032303033,0.0027976129382267,9.044914622791111e-05,11345427,results/ebbi/SC3_HBD_MWPM_1x/results/sweep_23_exp_0_checkpoints.csv
032303033,0.0027976129382267,9.044914622791111e-05,13244799,results/ebbi/SC3_HBD_MWPM_1x/results/sweep_23_exp_0_checkpoints.csv
033303030,0.0027508263141059,8.551151404390112e-05,17058836,results/ebbi/SC3_HBD_MWPM_1x/results/sweep_23_exp_0_checkpoints.csv
033303030,0.0027508263141059,8.551151404390112e-05,20988307,results/ebbi/SC3_HBD_MWPM_1x/results/sweep_23_exp_0_checkpoints.csv
033303030,0.0027721604014656,5.722784044337459e-05,26696550,results/ebbi/SC3_HBD_MWPM_1x/results/sweep_23_exp_0_checkpoints.csv
033303030,0.0027721604014656,5.722784044337459e-05,34115003,results/ebbi/SC3_HBD_MWPM_1x/results/sweep_23_exp_0_checkpoints.csv
030303030,0.0026210318151038,5.418158616521396e-05,41963254,results/ebbi/SC3_HBD_MWPM_1x/results/sweep_23_exp_0_checkpoints.csv
030303030,0.0026210318151038,5.418158616521396e-05,53143232,results/ebbi/SC3_HBD_MWPM_1x/results/sweep_23_exp_0_checkpoints.csv
030303030,0.0026277739485535,3.616740286815912e-05,66269561,results/ebbi/SC3_HBD_MWPM_1x/results/sweep_23_exp_0_checkpoints.csv
030303030,0.0026277739485535,3.616740286815912e-05,83542821,results/ebbi/SC3_HBD_MWPM_1x/results/sweep_23_exp_0_checkpoints.csv
030303030,0.0026277739485535,3.616740286815912e-05,105049865,results/ebbi/SC3_HBD_MWPM_1x/results/sweep_23_exp_0_checkpoints.csv
030303030,0.0026277739485535,3.616740286815912e-05,132347266,results/ebbi/SC3_HBD_MWPM_1x/results/sweep_23_exp_0_checkpoints.csv
030303030,0.0026277739485535,3.616740286815912e-05,166469018,results/ebbi/SC3_HBD_MWPM_1x/results/sweep_23_exp_0_checkpoints.csv
030303030,0.0026277739485535,3.616740286815912e-05,209586505,results/ebbi/SC3_HBD_MWPM_1x/results/sweep_23_exp_0_checkpoints.csv
030303030,0.0026277739485535,3.616740286815912e-05,263767712,results/ebbi/SC3_HBD_MWPM_1x/results/sweep_23_exp_0_checkpoints.csv
030303030,0.0026277739485535,3.616740286815912e-05,332011217,results/ebbi/SC3_HBD_MWPM_1x/results/sweep_23_exp_0_checkpoints.csv
030303030,0.0026277739485535,3.616740286815912e-05,418039393,results/ebbi/SC3_HBD_MWPM_1x/results/sweep_23_exp_0_checkpoints.csv
030303030,0.0026277739485535,3.616740286815912e-05,525988210,results/ebbi/SC3_HBD_MWPM_1x/results/sweep_23_exp_0_checkpoints.csv
030303030,0.0026277739485535,3.616740286815912e-05,662061623,results/ebbi/SC3_HBD_MWPM_1x/results/sweep_23_exp_0_checkpoints.csv
030303030,0.0026277739485535,3.616740286815912e-05,833704378,results/ebbi/SC3_HBD_MWPM_1x/results/sweep_23_exp_0_checkpoints.csv
030303030,0.0026277739485535,3.616740286815912e-05,1049188415,results/ebbi/SC3_HBD_MWPM_1x/results/sweep_23_exp_0_checkpoints.csv
030303030,0.0026277739485535,3.616740286815912e-05,1320921644,results/ebbi/SC3_HBD_MWPM_1x/results/sweep_23_exp_0_checkpoints.csv
030303030,0.0026277739485535,3.616740286815912e-05,1662966363,results/ebbi/SC3_HBD_MWPM_1x/results/sweep_23_exp_0_checkpoints.csv
030303030,0.0026277739485535,3.616740286815912e-05,2093520840,results/ebbi/SC3_HBD_MWPM_1x/results/sweep_23_exp_0_checkpoints.csv
030303030,0.0026277739485535,3.616740286815912e-05,2635746507,results/ebbi/SC3_HBD_MWPM_1x/results/sweep_23_exp_0_checkpoints.csv
030303030,0.0026277739485535,3.616740286815912e-05,3318181557,results/ebbi/SC3_HBD_MWPM_1x/results/sweep_23_exp_0_checkpoints.csv
030303030,0.0026277739485535,3.616740286815912e-05,4177222526,results/ebbi/SC3_HBD_MWPM_1x/results/sweep_23_exp_0_checkpoints.csv
030303030,0.0026277739485535,3.616740286815912e-05,5258365084,results/ebbi/SC3_HBD_MWPM_1x/results/sweep_23_exp_0_checkpoints.csv
030303030,0.0026277739485535,3.616740286815912e-05,6619926408,results/ebbi/SC3_HBD_MWPM_1x/results/sweep_23_exp_0_checkpoints.csv
030303030,0.0026025317454057,1.5997224181774072e-05,8118611220,results/ebbi/SC3_HBD_MWPM_1x/results/sweep_23_exp_0_checkpoints.csv
033333302,0.0035993577194009,0.0001135030106524,1862787,results/ebbi/SC3_HBD_MWPM_1x/results/sweep_14_exp_0_checkpoints.csv
033333302,0.0035993577194009,0.0001135030106524,2885464,results/ebbi/SC3_HBD_MWPM_1x/results/sweep_14_exp_0_checkpoints.csv
033333302,0.0035993577194009,0.0001135030106524,3172660,results/ebbi/SC3_HBD_MWPM_1x/results/sweep_14_exp_0_checkpoints.csv
033333302,0.0035993577194009,0.0001135030106524,3784780,results/ebbi/SC3_HBD_MWPM_1x/results/sweep_14_exp_0_checkpoints.csv
033333302,0.0035993577194009,0.0001135030106524,5206789,results/ebbi/SC3_HBD_MWPM_1x/results/sweep_14_exp_0_checkpoints.csv
033333302,0.0035993577194009,0.0001135030106524,5920007,results/ebbi/SC3_HBD_MWPM_1x/results/sweep_14_exp_0_checkpoints.csv
032303200,0.002894025247773,9.254863834939896e-05,9707936,results/ebbi/SC3_HBD_MWPM_1x/results/sweep_14_exp_0_checkpoints.csv
032303200,0.002894025247773,9.254863834939896e-05,12024386,results/ebbi/SC3_HBD_MWPM_1x/results/sweep_14_exp_0_checkpoints.csv
032303200,0.002894025247773,9.254863834939896e-05,14811027,results/ebbi/SC3_HBD_MWPM_1x/results/sweep_14_exp_0_checkpoints.csv
032303200,0.002894025247773,9.254863834939896e-05,18704636,results/ebbi/SC3_HBD_MWPM_1x/results/sweep_14_exp_0_checkpoints.csv
033303230,0.002927268905228,5.938121466897428e-05,24224046,results/ebbi/SC3_HBD_MWPM_1x/results/sweep_14_exp_0_checkpoints.csv
033303230,0.002927268905228,5.938121466897428e-05,29874838,results/ebbi/SC3_HBD_MWPM_1x/results/sweep_14_exp_0_checkpoints.csv
033303030,0.0025890475443276,8.358349441550672e-05,39093839,results/ebbi/SC3_HBD_MWPM_1x/results/sweep_14_exp_0_checkpoints.csv
030303030,0.002594597953841,8.185995102394372e-05,47113460,results/ebbi/SC3_HBD_MWPM_1x/results/sweep_14_exp_0_checkpoints.csv
030303030,0.0025422421908626,5.402143142418936e-05,59054677,results/ebbi/SC3_HBD_MWPM_1x/results/sweep_14_exp_0_checkpoints.csv
030303030,0.0025422421908626,5.402143142418936e-05,74172078,results/ebbi/SC3_HBD_MWPM_1x/results/sweep_14_exp_0_checkpoints.csv
030303030,0.0025422421908626,5.402143142418936e-05,93729838,results/ebbi/SC3_HBD_MWPM_1x/results/sweep_14_exp_0_checkpoints.csv
030303030,0.0025422421908626,5.402143142418936e-05,117703867,results/ebbi/SC3_HBD_MWPM_1x/results/sweep_14_exp_0_checkpoints.csv
030303030,0.0025422421908626,5.402143142418936e-05,148191872,results/ebbi/SC3_HBD_MWPM_1x/results/sweep_14_exp_0_checkpoints.csv
030303030,0.0025422421908626,5.402143142418936e-05,186581203,results/ebbi/SC3_HBD_MWPM_1x/results/sweep_14_exp_0_checkpoints.csv
030303030,0.0025422421908626,5.402143142418936e-05,234541573,results/ebbi/SC3_HBD_MWPM_1x/results/sweep_14_exp_0_checkpoints.csv
030303030,0.0025422421908626,5.402143142418936e-05,295543798,results/ebbi/SC3_HBD_MWPM_1x/results/sweep_14_exp_0_checkpoints.csv
030303030,0.0025422421908626,5.402143142418936e-05,371691403,results/ebbi/SC3_HBD_MWPM_1x/results/sweep_14_exp_0_checkpoints.csv
030303030,0.0025422421908626,5.402143142418936e-05,468032848,results/ebbi/SC3_HBD_MWPM_1x/results/sweep_14_exp_0_checkpoints.csv
030303030,0.0025422421908626,5.402143142418936e-05,589195888,results/ebbi/SC3_HBD_MWPM_1x/results/sweep_14_exp_0_checkpoints.csv
030303030,0.0025422421908626,5.402143142418936e-05,741911803,results/ebbi/SC3_HBD_MWPM_1x/results/sweep_14_exp_0_checkpoints.csv
030303030,0.0025422421908626,5.402143142418936e-05,933753283,results/ebbi/SC3_HBD_MWPM_1x/results/sweep_14_exp_0_checkpoints.csv
030303030,0.0025422421908626,5.402143142418936e-05,1175658658,results/ebbi/SC3_HBD_MWPM_1x/results/sweep_14_exp_0_checkpoints.csv
030303030,0.0025422421908626,5.402143142418936e-05,1479828373,results/ebbi/SC3_HBD_MWPM_1x/results/sweep_14_exp_0_checkpoints.csv
030303030,0.0025422421908626,5.402143142418936e-05,1863090628,results/ebbi/SC3_HBD_MWPM_1x/results/sweep_14_exp_0_checkpoints.csv
030303030,0.0025422421908626,5.402143142418936e-05,2345218558,results/ebbi/SC3_HBD_MWPM_1x/results/sweep_14_exp_0_checkpoints.csv
030303030,0.0025422421908626,5.402143142418936e-05,2952716578,results/ebbi/SC3_HBD_MWPM_1x/results/sweep_14_exp_0_checkpoints.csv
030303030,0.0025422421908626,5.402143142418936e-05,3717137563,results/ebbi/SC3_HBD_MWPM_1x/results/sweep_14_exp_0_checkpoints.csv
030303030,0.0025422421908626,5.402143142418936e-05,4679289898,results/ebbi/SC3_HBD_MWPM_1x/results/sweep_14_exp_0_checkpoints.csv
030303030,0.0025422421908626,5.402143142418936e-05,5890920298,results/ebbi/SC3_HBD_MWPM_1x/results/sweep_14_exp_0_checkpoints.csv
030303030,0.0025422421908626,5.402143142418936e-05,7415975923,results/ebbi/SC3_HBD_MWPM_1x/results/sweep_14_exp_0_checkpoints.csv
030303030,0.0026052032683707,2.430428321531508e-05,8261131211,results/ebbi/SC3_HBD_MWPM_1x/results/sweep_14_exp_0_checkpoints.csv
020203230,0.0031232192961576,0.0001059652568073,2442581,results/ebbi/SC3_HBD_MWPM_1x/results/sweep_12_exp_0_checkpoints.csv
030203230,0.0029615410116598,9.65542931226082e-05,4984387,results/ebbi/SC3_HBD_MWPM_1x/results/sweep_12_exp_0_checkpoints.csv
030203030,0.0029103967469275,9.227048576576637e-05,6821922,results/ebbi/SC3_HBD_MWPM_1x/results/sweep_12_exp_0_checkpoints.csv
030203030,0.0029103967469275,9.227048576576637e-05,7924827,results/ebbi/SC3_HBD_MWPM_1x/results/sweep_12_exp_0_checkpoints.csv
030203030,0.0029103967469275,9.227048576576637e-05,9880355,results/ebbi/SC3_HBD_MWPM_1x/results/sweep_12_exp_0_checkpoints.csv
030203030,0.0029103967469275,9.227048576576637e-05,12365157,results/ebbi/SC3_HBD_MWPM_1x/results/sweep_12_exp_0_checkpoints.csv
030303030,0.0026615102766157,8.538605470675975e-05,16703018,results/ebbi/SC3_HBD_MWPM_1x/results/sweep_12_exp_0_checkpoints.csv
030303030,0.0026615102766157,8.538605470675975e-05,19760409,results/ebbi/SC3_HBD_MWPM_1x/results/sweep_12_exp_0_checkpoints.csv
030303030,0.0026416821802423,5.671230246662162e-05,24516190,results/ebbi/SC3_HBD_MWPM_1x/results/sweep_12_exp_0_checkpoints.csv
030303030,0.0026275797673645,3.770745388465002e-05,32045006,results/ebbi/SC3_HBD_MWPM_1x/results/sweep_12_exp_0_checkpoints.csv
030303030,0.0026275797673645,3.770745388465002e-05,39010231,results/ebbi/SC3_HBD_MWPM_1x/results/sweep_12_exp_0_checkpoints.csv
030303030,0.0026275797673645,3.770745388465002e-05,48820097,results/ebbi/SC3_HBD_MWPM_1x/results/sweep_12_exp_0_checkpoints.csv
030303030,0.0026275797673645,3.770745388465002e-05,61428738,results/ebbi/SC3_HBD_MWPM_1x/results/sweep_12_exp_0_checkpoints.csv
030303030,0.0026275797673645,3.770745388465002e-05,77398575,results/ebbi/SC3_HBD_MWPM_1x/results/sweep_12_exp_0_checkpoints.csv
030303030,0.0026275797673645,3.770745388465002e-05,97412723,results/ebbi/SC3_HBD_MWPM_1x/results/sweep_12_exp_0_checkpoints.csv
030303030,0.0026275797673645,3.770745388465002e-05,122767431,results/ebbi/SC3_HBD_MWPM_1x/results/sweep_12_exp_0_checkpoints.csv
030303030,0.0026275797673645,3.770745388465002e-05,154499706,results/ebbi/SC3_HBD_MWPM_1x/results/sweep_12_exp_0_checkpoints.csv
030303030,0.0026275797673645,3.770745388465002e-05,194424302,results/ebbi/SC3_HBD_MWPM_1x/results/sweep_12_exp_0_checkpoints.csv
030303030,0.0026275797673645,3.770745388465002e-05,244615223,results/ebbi/SC3_HBD_MWPM_1x/results/sweep_12_exp_0_checkpoints.csv
030303030,0.0026275797673645,3.770745388465002e-05,307664975,results/ebbi/SC3_HBD_MWPM_1x/results/sweep_12_exp_0_checkpoints.csv
030303030,0.0026275797673645,3.770745388465002e-05,387306767,results/ebbi/SC3_HBD_MWPM_1x/results/sweep_12_exp_0_checkpoints.csv
030303030,0.0026275797673645,3.770745388465002e-05,487688609,results/ebbi/SC3_HBD_MWPM_1x/results/sweep_12_exp_0_checkpoints.csv
030303030,0.0026275797673645,3.770745388465002e-05,613788113,results/ebbi/SC3_HBD_MWPM_1x/results/sweep_12_exp_0_checkpoints.csv
030303030,0.0026275797673645,3.770745388465002e-05,772760596,results/ebbi/SC3_HBD_MWPM_1x/results/sweep_12_exp_0_checkpoints.csv
030303030,0.0026275797673645,3.770745388465002e-05,972694678,results/ebbi/SC3_HBD_MWPM_1x/results/sweep_12_exp_0_checkpoints.csv
030303030,0.0026275797673645,3.770745388465002e-05,1224478885,results/ebbi/SC3_HBD_MWPM_1x/results/sweep_12_exp_0_checkpoints.csv
030303030,0.0026275797673645,3.770745388465002e-05,1541386849,results/ebbi/SC3_HBD_MWPM_1x/results/sweep_12_exp_0_checkpoints.csv
030303030,0.0026275797673645,3.770745388465002e-05,1940425411,results/ebbi/SC3_HBD_MWPM_1x/results/sweep_12_exp_0_checkpoints.csv
030303030,0.0026275797673645,3.770745388465002e-05,2442749422,results/ebbi/SC3_HBD_MWPM_1x/results/sweep_12_exp_0_checkpoints.csv
030303030,0.0026275797673645,3.770745388465002e-05,3075320947,results/ebbi/SC3_HBD_MWPM_1x/results/sweep_12_exp_0_checkpoints.csv
030303030,0.0026275797673645,3.770745388465002e-05,3871324066,results/ebbi/SC3_HBD_MWPM_1x/results/sweep_12_exp_0_checkpoints.csv
030303030,0.0026275797673645,3.770745388465002e-05,4873898083,results/ebbi/SC3_HBD_MWPM_1x/results/sweep_12_exp_0_checkpoints.csv
030303030,0.0026275797673645,3.770745388465002e-05,6135722725,results/ebbi/SC3_HBD_MWPM_1x/results/sweep_12_exp_0_checkpoints.csv
030303030,0.0026275797673645,3.770745388465002e-05,7724410555,results/ebbi/SC3_HBD_MWPM_1x/results/sweep_12_exp_0_checkpoints.csv
030303030,0.0026274018204692,1.6758316633058712e-05,8139613813,results/ebbi/SC3_HBD_MWPM_1x/results/sweep_12_exp_0_checkpoints.csv
032003330,0.0031103372190395,0.0001015061570797,2086623,results/ebbi/SC3_HBD_MWPM_1x/results/sweep_25_exp_0_checkpoints.csv
032303330,0.0027708099699178,9.290556772612037e-05,4793318,results/ebbi/SC3_HBD_MWPM_1x/results/sweep_25_exp_0_checkpoints.csv
032303330,0.0027708099699178,9.290556772612037e-05,7231154,results/ebbi/SC3_HBD_MWPM_1x/results/sweep_25_exp_0_checkpoints.csv
032303330,0.0027708099699178,9.290556772612037e-05,8663038,results/ebbi/SC3_HBD_MWPM_1x/results/sweep_25_exp_0_checkpoints.csv
030303333,0.0027025683556192,8.397273631999269e-05,10794043,results/ebbi/SC3_HBD_MWPM_1x/results/sweep_25_exp_0_checkpoints.csv
030303333,0.0027025683556192,8.397273631999269e-05,13544531,results/ebbi/SC3_HBD_MWPM_1x/results/sweep_25_exp_0_checkpoints.csv
030303333,0.0027025683556192,8.397273631999269e-05,16912003,results/ebbi/SC3_HBD_MWPM_1x/results/sweep_25_exp_0_checkpoints.csv
030303333,0.0027025683556192,8.397273631999269e-05,20914729,results/ebbi/SC3_HBD_MWPM_1x/results/sweep_25_exp_0_checkpoints.csv
030303030,0.0025769577860222,8.026937575777993e-05,27663984,results/ebbi/SC3_HBD_MWPM_1x/results/sweep_25_exp_0_checkpoints.csv
030303032,0.0025396306262109,7.922384247649461e-05,34426196,results/ebbi/SC3_HBD_MWPM_1x/results/sweep_25_exp_0_checkpoints.csv
030303032,0.0025396306262109,7.922384247649461e-05,41694529,results/ebbi/SC3_HBD_MWPM_1x/results/sweep_25_exp_0_checkpoints.csv
030303030,0.0025713957843815,5.345541285350919e-05,52533835,results/ebbi/SC3_HBD_MWPM_1x/results/sweep_25_exp_0_checkpoints.csv
030303030,0.0025713957843815,5.345541285350919e-05,66066835,results/ebbi/SC3_HBD_MWPM_1x/results/sweep_25_exp_0_checkpoints.csv
030303030,0.0025713957843815,5.345541285350919e-05,83347435,results/ebbi/SC3_HBD_MWPM_1x/results/sweep_25_exp_0_checkpoints.csv
030303030,0.0025713957843815,5.345541285350919e-05,104583835,results/ebbi/SC3_HBD_MWPM_1x/results/sweep_25_exp_0_checkpoints.csv
030303030,0.0025713957843815,5.345541285350919e-05,131884235,results/ebbi/SC3_HBD_MWPM_1x/results/sweep_25_exp_0_checkpoints.csv
030303030,0.0025713957843815,5.345541285350919e-05,166062491,results/ebbi/SC3_HBD_MWPM_1x/results/sweep_25_exp_0_checkpoints.csv
030303030,0.0025713957843815,5.345541285350919e-05,208993715,results/ebbi/SC3_HBD_MWPM_1x/results/sweep_25_exp_0_checkpoints.csv
030303030,0.0025713957843815,5.345541285350919e-05,262761947,results/ebbi/SC3_HBD_MWPM_1x/results/sweep_25_exp_0_checkpoints.csv
030303030,0.0025713957843815,5.345541285350919e-05,331118459,results/ebbi/SC3_HBD_MWPM_1x/results/sweep_25_exp_0_checkpoints.csv
030303030,0.0025713957843815,5.345541285350919e-05,416564099,results/ebbi/SC3_HBD_MWPM_1x/results/sweep_25_exp_0_checkpoints.csv
030303030,0.0025713957843815,5.345541285350919e-05,524517371,results/ebbi/SC3_HBD_MWPM_1x/results/sweep_25_exp_0_checkpoints.csv
030303030,0.0025713957843815,5.345541285350919e-05,659979971,results/ebbi/SC3_HBD_MWPM_1x/results/sweep_25_exp_0_checkpoints.csv
030303030,0.0025713957843815,5.345541285350919e-05,830975453,results/ebbi/SC3_HBD_MWPM_1x/results/sweep_25_exp_0_checkpoints.csv
030303030,0.0025713957843815,5.345541285350919e-05,1046048381,results/ebbi/SC3_HBD_MWPM_1x/results/sweep_25_exp_0_checkpoints.csv
030303030,0.0025713957843815,5.345541285350919e-05,1316973581,results/ebbi/SC3_HBD_MWPM_1x/results/sweep_25_exp_0_checkpoints.csv
030303030,0.0025713957843815,5.345541285350919e-05,1657505717,results/ebbi/SC3_HBD_MWPM_1x/results/sweep_25_exp_0_checkpoints.csv
030303030,0.0025713957843815,5.345541285350919e-05,2086817957,results/ebbi/SC3_HBD_MWPM_1x/results/sweep_25_exp_0_checkpoints.csv
030303030,0.0025713957843815,5.345541285350919e-05,2627001125,results/ebbi/SC3_HBD_MWPM_1x/results/sweep_25_exp_0_checkpoints.csv
030303030,0.0025713957843815,5.345541285350919e-05,3307231781,results/ebbi/SC3_HBD_MWPM_1x/results/sweep_25_exp_0_checkpoints.csv
030303030,0.0025713957843815,5.345541285350919e-05,4163772221,results/ebbi/SC3_HBD_MWPM_1x/results/sweep_25_exp_0_checkpoints.csv
030303030,0.0025713957843815,5.345541285350919e-05,5241637709,results/ebbi/SC3_HBD_MWPM_1x/results/sweep_25_exp_0_checkpoints.csv
030303030,0.0025713957843815,5.345541285350919e-05,6598764557,results/ebbi/SC3_HBD_MWPM_1x/results/sweep_25_exp_0_checkpoints.csv
030303030,0.0026243599998669,1.6000529285520315e-05,8195823384,results/ebbi/SC3_HBD_MWPM_1x/results/sweep_25_exp_0_checkpoints.csv
023003330,0.0032593294015528,0.0001055739558069,2334030,results/ebbi/SC3_HBD_MWPM_1x/results/sweep_1_exp_0_checkpoints.csv
030333030,0.0028474766510103,9.51512629399076e-05,4213846,results/ebbi/SC3_HBD_MWPM_1x/results/sweep_1_exp_0_checkpoints.csv
030303030,0.0025544622645237,8.480456017423421e-05,6340635,results/ebbi/SC3_HBD_MWPM_1x/results/sweep_1_exp_0_checkpoints.csv
030303030,0.0025544622645237,8.480456017423421e-05,8446651,results/ebbi/SC3_HBD_MWPM_1x/results/sweep_1_exp_0_checkpoints.csv
030303030,0.0025544622645237,8.480456017423421e-05,9427256,results/ebbi/SC3_HBD_MWPM_1x/results/sweep_1_exp_0_checkpoints.csv
030303030,0.0025544622645237,8.480456017423421e-05,12018491,results/ebbi/SC3_HBD_MWPM_1x/results/sweep_1_exp_0_checkpoints.csv
030303030,0.0025529021542228,5.651928222505376e-05,15356848,results/ebbi/SC3_HBD_MWPM_1x/results/sweep_1_exp_0_checkpoints.csv
030303030,0.0025529021542228,5.651928222505376e-05,18766614,results/ebbi/SC3_HBD_MWPM_1x/results/sweep_1_exp_0_checkpoints.csv
030303030,0.0025529021542228,5.651928222505376e-05,23735292,results/ebbi/SC3_HBD_MWPM_1x/results/sweep_1_exp_0_checkpoints.csv
030303030,0.0025529021542228,5.651928222505376e-05,29861131,results/ebbi/SC3_HBD_MWPM_1x/results/sweep_1_exp_0_checkpoints.csv
030303030,0.0025529021542228,5.651928222505376e-05,37102991,results/ebbi/SC3_HBD_MWPM_1x/results/sweep_1_exp_0_checkpoints.csv
030303030,0.0025529021542228,5.651928222505376e-05,46782127,results/ebbi/SC3_HBD_MWPM_1x/results/sweep_1_exp_0_checkpoints.csv
030303030,0.0025529021542228,5.651928222505376e-05,59038479,results/ebbi/SC3_HBD_MWPM_1x/results/sweep_1_exp_0_checkpoints.csv
030303030,0.0025529021542228,5.651928222505376e-05,74151927,results/ebbi/SC3_HBD_MWPM_1x/results/sweep_1_exp_0_checkpoints.csv
030303030,0.0025529021542228,5.651928222505376e-05,93043737,results/ebbi/SC3_HBD_MWPM_1x/results/sweep_1_exp_0_checkpoints.csv
030303030,0.0025529021542228,5.651928222505376e-05,117183271,results/ebbi/SC3_HBD_MWPM_1x/results/sweep_1_exp_0_checkpoints.csv
030303030,0.0025529021542228,5.651928222505376e-05,147515121,results/ebbi/SC3_HBD_MWPM_1x/results/sweep_1_exp_0_checkpoints.csv
030303030,0.0025529021542228,5.651928222505376e-05,185718559,results/ebbi/SC3_HBD_MWPM_1x/results/sweep_1_exp_0_checkpoints.csv
030303030,0.0025529021542228,5.651928222505376e-05,233577811,results/ebbi/SC3_HBD_MWPM_1x/results/sweep_1_exp_0_checkpoints.csv
030303030,0.0025529021542228,5.651928222505376e-05,294031603,results/ebbi/SC3_HBD_MWPM_1x/results/sweep_1_exp_0_checkpoints.csv
030303030,0.0025529021542228,5.651928222505376e-05,370018661,results/ebbi/SC3_HBD_MWPM_1x/results/sweep_1_exp_0_checkpoints.csv
030303030,0.0025529021542228,5.651928222505376e-05,465737165,results/ebbi/SC3_HBD_MWPM_1x/results/sweep_1_exp_0_checkpoints.csv
030303030,0.0025529021542228,5.651928222505376e-05,586644749,results/ebbi/SC3_HBD_MWPM_1x/results/sweep_1_exp_0_checkpoints.csv
030303030,0.0025529021542228,5.651928222505376e-05,738199047,results/ebbi/SC3_HBD_MWPM_1x/results/sweep_1_exp_0_checkpoints.csv
030303030,0.0025529021542228,5.651928222505376e-05,929216237,results/ebbi/SC3_HBD_MWPM_1x/results/sweep_1_exp_0_checkpoints.csv
030303030,0.0025529021542228,5.651928222505376e-05,1170191769,results/ebbi/SC3_HBD_MWPM_1x/results/sweep_1_exp_0_checkpoints.csv
030303030,0.0025529021542228,5.651928222505376e-05,1472880547,results/ebbi/SC3_HBD_MWPM_1x/results/sweep_1_exp_0_checkpoints.csv
030303030,0.0025529021542228,5.651928222505376e-05,1854075291,results/ebbi/SC3_HBD_MWPM_1x/results/sweep_1_exp_0_checkpoints.csv
030303030,0.0025529021542228,5.651928222505376e-05,2334347083,results/ebbi/SC3_HBD_MWPM_1x/results/sweep_1_exp_0_checkpoints.csv
030303030,0.0025529021542228,5.651928222505376e-05,2938465185,results/ebbi/SC3_HBD_MWPM_1x/results/sweep_1_exp_0_checkpoints.csv
030303030,0.0025529021542228,5.651928222505376e-05,3699595219,results/ebbi/SC3_HBD_MWPM_1x/results/sweep_1_exp_0_checkpoints.csv
030303030,0.0025529021542228,5.651928222505376e-05,4657200077,results/ebbi/SC3_HBD_MWPM_1x/results/sweep_1_exp_0_checkpoints.csv
030303030,0.0025529021542228,5.651928222505376e-05,5862917373,results/ebbi/SC3_HBD_MWPM_1x/results/sweep_1_exp_0_checkpoints.csv
030303030,0.0025529021542228,5.651928222505376e-05,7380979261,results/ebbi/SC3_HBD_MWPM_1x/results/sweep_1_exp_0_checkpoints.csv
030303030,0.0025838371778659,2.527106880734209e-05,8186362282,results/ebbi/SC3_HBD_MWPM_1x/results/sweep_1_exp_0_checkpoints.csv
303303232,0.0033631019669907,0.0001088151257135,2356018,results/ebbi/SC3_HBD_MWPM_1x/results/sweep_7_exp_0_checkpoints.csv
303303232,0.0033631019669907,0.0001088151257135,3625765,results/ebbi/SC3_HBD_MWPM_1x/results/sweep_7_exp_0_checkpoints.csv
303303032,0.003278841943775,0.0001045134267769,4846982,results/ebbi/SC3_HBD_MWPM_1x/results/sweep_7_exp_0_checkpoints.csv
233303232,0.0032198401140462,9.93007852230221e-05,5947435,results/ebbi/SC3_HBD_MWPM_1x/results/sweep_7_exp_0_checkpoints.csv
233303232,0.0032198401140462,9.93007852230221e-05,7659091,results/ebbi/SC3_HBD_MWPM_1x/results/sweep_7_exp_0_checkpoints.csv
333303002,0.0031003458541151,9.645318641560152e-05,9880240,results/ebbi/SC3_HBD_MWPM_1x/results/sweep_7_exp_0_checkpoints.csv
333303002,0.0031003458541151,9.645318641560152e-05,11911006,results/ebbi/SC3_HBD_MWPM_1x/results/sweep_7_exp_0_checkpoints.csv
333303002,0.0031003458541151,9.645318641560152e-05,14936205,results/ebbi/SC3_HBD_MWPM_1x/results/sweep_7_exp_0_checkpoints.csv
233303032,0.0031221837235735,6.380473496392369e-05,18728584,results/ebbi/SC3_HBD_MWPM_1x/results/sweep_7_exp_0_checkpoints.csv
333303033,0.0028598545083725,5.999179120408371e-05,23937124,results/ebbi/SC3_HBD_MWPM_1x/results/sweep_7_exp_0_checkpoints.csv
032303033,0.0027190247464958,8.727375097805634e-05,30038392,results/ebbi/SC3_HBD_MWPM_1x/results/sweep_7_exp_0_checkpoints.csv
032303030,0.002826172219159,5.660219176206738e-05,37441565,results/ebbi/SC3_HBD_MWPM_1x/results/sweep_7_exp_0_checkpoints.csv
033303030,0.0027298531803304,5.579807839239948e-05,47457782,results/ebbi/SC3_HBD_MWPM_1x/results/sweep_7_exp_0_checkpoints.csv
033303030,0.0027298531803304,5.579807839239948e-05,59734961,results/ebbi/SC3_HBD_MWPM_1x/results/sweep_7_exp_0_checkpoints.csv
030303030,0.0026591902336836,5.47120907867793e-05,74581754,results/ebbi/SC3_HBD_MWPM_1x/results/sweep_7_exp_0_checkpoints.csv
030303030,0.0026391286310592,3.633728556451388e-05,93809229,results/ebbi/SC3_HBD_MWPM_1x/results/sweep_7_exp_0_checkpoints.csv
030303030,0.0026391286310592,3.633728556451388e-05,118651601,results/ebbi/SC3_HBD_MWPM_1x/results/sweep_7_exp_0_checkpoints.csv
030303030,0.0026391286310592,3.633728556451388e-05,148757148,results/ebbi/SC3_HBD_MWPM_1x/results/sweep_7_exp_0_checkpoints.csv
030303030,0.0026391286310592,3.633728556451388e-05,187242592,results/ebbi/SC3_HBD_MWPM_1x/results/sweep_7_exp_0_checkpoints.csv
030303030,0.0026391286310592,3.633728556451388e-05,235763221,results/ebbi/SC3_HBD_MWPM_1x/results/sweep_7_exp_0_checkpoints.csv
030303030,0.0026391286310592,3.633728556451388e-05,297008877,results/ebbi/SC3_HBD_MWPM_1x/results/sweep_7_exp_0_checkpoints.csv
030303030,0.0026391286310592,3.633728556451388e-05,373669402,results/ebbi/SC3_HBD_MWPM_1x/results/sweep_7_exp_0_checkpoints.csv
030303030,0.0026391286310592,3.633728556451388e-05,470089928,results/ebbi/SC3_HBD_MWPM_1x/results/sweep_7_exp_0_checkpoints.csv
030303030,0.0026391286310592,3.633728556451388e-05,592167418,results/ebbi/SC3_HBD_MWPM_1x/results/sweep_7_exp_0_checkpoints.csv
030303030,0.0026391286310592,3.633728556451388e-05,745281558,results/ebbi/SC3_HBD_MWPM_1x/results/sweep_7_exp_0_checkpoints.csv
030303030,0.0026391286310592,3.633728556451388e-05,938122610,results/ebbi/SC3_HBD_MWPM_1x/results/sweep_7_exp_0_checkpoints.csv
030303030,0.0026391286310592,3.633728556451388e-05,1181036124,results/ebbi/SC3_HBD_MWPM_1x/results/sweep_7_exp_0_checkpoints.csv
030303030,0.0026391286310592,3.633728556451388e-05,1486850582,results/ebbi/SC3_HBD_MWPM_1x/results/sweep_7_exp_0_checkpoints.csv
030303030,0.0026391286310592,3.633728556451388e-05,1871705042,results/ebbi/SC3_HBD_MWPM_1x/results/sweep_7_exp_0_checkpoints.csv
030303030,0.0026391286310592,3.633728556451388e-05,2356290604,results/ebbi/SC3_HBD_MWPM_1x/results/sweep_7_exp_0_checkpoints.csv
030303030,0.0026391286310592,3.633728556451388e-05,2966264232,results/ebbi/SC3_HBD_MWPM_1x/results/sweep_7_exp_0_checkpoints.csv
030303030,0.0026391286310592,3.633728556451388e-05,3734317864,results/ebbi/SC3_HBD_MWPM_1x/results/sweep_7_exp_0_checkpoints.csv
030303030,0.0026391286310592,3.633728556451388e-05,4701006056,results/ebbi/SC3_HBD_MWPM_1x/results/sweep_7_exp_0_checkpoints.csv
030303030,0.0026391286310592,3.633728556451388e-05,5918056558,results/ebbi/SC3_HBD_MWPM_1x/results/sweep_7_exp_0_checkpoints.csv
030303030,0.0026391286310592,3.633728556451388e-05,7450439424,results/ebbi/SC3_HBD_MWPM_1x/results/sweep_7_exp_0_checkpoints.csv
030303030,0.0025815533642908,2.3959857571753677e-05,8113664687,results/ebbi/SC3_HBD_MWPM_1x/results/sweep_7_exp_0_checkpoints.csv
220203230,0.0035152149182648,0.0001131943427026,1978603,results/ebbi/SC3_HBD_MWPM_1x/results/sweep_18_exp_0_checkpoints.csv
220003230,0.0034599903503612,0.0001067451594281,3884220,results/ebbi/SC3_HBD_MWPM_1x/results/sweep_18_exp_0_checkpoints.csv
220003230,0.0034599903503612,0.0001067451594281,4337181,results/ebbi/SC3_HBD_MWPM_1x/results/sweep_18_exp_0_checkpoints.csv
220303230,0.0032481692432872,0.0001026517129503,5122370,results/ebbi/SC3_HBD_MWPM_1x/results/sweep_18_exp_0_checkpoints.csv
230303230,0.0027829431289546,9.38423108891584e-05,6557779,results/ebbi/SC3_HBD_MWPM_1x/results/sweep_18_exp_0_checkpoints.csv
030303230,0.0027236172845163,8.819885988486931e-05,8940069,results/ebbi/SC3_HBD_MWPM_1x/results/sweep_18_exp_0_checkpoints.csv
030303230,0.0027236172845163,8.819885988486931e-05,10358492,results/ebbi/SC3_HBD_MWPM_1x/results/sweep_18_exp_0_checkpoints.csv
030303230,0.0027236172845163,8.819885988486931e-05,13070574,results/ebbi/SC3_HBD_MWPM_1x/results/sweep_18_exp_0_checkpoints.csv
030303230,0.0027236172845163,8.819885988486931e-05,16289209,results/ebbi/SC3_HBD_MWPM_1x/results/sweep_18_exp_0_checkpoints.csv
030303230,0.0027468575974542,5.904904173803516e-05,20082087,results/ebbi/SC3_HBD_MWPM_1x/results/sweep_18_exp_0_checkpoints.csv
030303330,0.0027063284841072,5.601447992376052e-05,25194714,results/ebbi/SC3_HBD_MWPM_1x/results/sweep_18_exp_0_checkpoints.csv
030303330,0.0027063284841072,5.601447992376052e-05,31458577,results/ebbi/SC3_HBD_MWPM_1x/results/sweep_18_exp_0_checkpoints.csv
330303030,0.0025176480991142,7.853896386222914e-05,39993777,results/ebbi/SC3_HBD_MWPM_1x/results/sweep_18_exp_0_checkpoints.csv
330303030,0.0025176480991142,7.853896386222914e-05,50206305,results/ebbi/SC3_HBD_MWPM_1x/results/sweep_18_exp_0_checkpoints.csv
330303030,0.0025176480991142,7.853896386222914e-05,62762679,results/ebbi/SC3_HBD_MWPM_1x/results/sweep_18_exp_0_checkpoints.csv
330303030,0.0025176480991142,7.853896386222914e-05,79139484,results/ebbi/SC3_HBD_MWPM_1x/results/sweep_18_exp_0_checkpoints.csv
330303030,0.0025176480991142,7.853896386222914e-05,99172620,results/ebbi/SC3_HBD_MWPM_1x/results/sweep_18_exp_0_checkpoints.csv
330303030,0.0025176480991142,7.853896386222914e-05,124944414,results/ebbi/SC3_HBD_MWPM_1x/results/sweep_18_exp_0_checkpoints.csv
330303030,0.0025176480991142,7.853896386222914e-05,157293744,results/ebbi/SC3_HBD_MWPM_1x/results/sweep_18_exp_0_checkpoints.csv
330303030,0.0025176480991142,7.853896386222914e-05,198202178,results/ebbi/SC3_HBD_MWPM_1x/results/sweep_18_exp_0_checkpoints.csv
330303030,0.0025176480991142,7.853896386222914e-05,249337720,results/ebbi/SC3_HBD_MWPM_1x/results/sweep_18_exp_0_checkpoints.csv
330303030,0.0025176480991142,7.853896386222914e-05,313622402,results/ebbi/SC3_HBD_MWPM_1x/results/sweep_18_exp_0_checkpoints.csv
330303030,0.0025176480991142,7.853896386222914e-05,395021837,results/ebbi/SC3_HBD_MWPM_1x/results/sweep_18_exp_0_checkpoints.csv
330303030,0.0025176480991142,7.853896386222914e-05,497292922,results/ebbi/SC3_HBD_MWPM_1x/results/sweep_18_exp_0_checkpoints.csv
330303030,0.0025176480991142,7.853896386222914e-05,625862286,results/ebbi/SC3_HBD_MWPM_1x/results/sweep_18_exp_0_checkpoints.csv
330303030,0.0025176480991142,7.853896386222914e-05,787826290,results/ebbi/SC3_HBD_MWPM_1x/results/sweep_18_exp_0_checkpoints.csv
330303030,0.0025176480991142,7.853896386222914e-05,991951027,results/ebbi/SC3_HBD_MWPM_1x/results/sweep_18_exp_0_checkpoints.csv
330303030,0.0025176480991142,7.853896386222914e-05,1248672322,results/ebbi/SC3_HBD_MWPM_1x/results/sweep_18_exp_0_checkpoints.csv
330303030,0.0025176480991142,7.853896386222914e-05,1571765464,results/ebbi/SC3_HBD_MWPM_1x/results/sweep_18_exp_0_checkpoints.csv
330303030,0.0025176480991142,7.853896386222914e-05,1978762639,results/ebbi/SC3_HBD_MWPM_1x/results/sweep_18_exp_0_checkpoints.csv
330303030,0.0025176480991142,7.853896386222914e-05,2490952930,results/ebbi/SC3_HBD_MWPM_1x/results/sweep_18_exp_0_checkpoints.csv
330303030,0.0025176480991142,7.853896386222914e-05,3135886915,results/ebbi/SC3_HBD_MWPM_1x/results/sweep_18_exp_0_checkpoints.csv
330303030,0.0025176480991142,7.853896386222914e-05,3948211533,results/ebbi/SC3_HBD_MWPM_1x/results/sweep_18_exp_0_checkpoints.csv
330303030,0.0025176480991142,7.853896386222914e-05,4970087517,results/ebbi/SC3_HBD_MWPM_1x/results/sweep_18_exp_0_checkpoints.csv
330303030,0.0025176480991142,7.853896386222914e-05,6257033456,results/ebbi/SC3_HBD_MWPM_1x/results/sweep_18_exp_0_checkpoints.csv
330303030,0.0025176480991142,7.853896386222914e-05,7877090929,results/ebbi/SC3_HBD_MWPM_1x/results/sweep_18_exp_0_checkpoints.csv
030303030,0.0026048207964523,1.6003699784050696e-05,8205430357,results/ebbi/SC3_HBD_MWPM_1x/results/sweep_18_exp_0_checkpoints.csv
022003233,0.003513814482634,0.0001147731309174,2181407,results/ebbi/SC3_HBD_MWPM_1x/results/sweep_11_exp_0_checkpoints.csv
002203230,0.0032442226172569,0.0001051407743943,3149575,results/ebbi/SC3_HBD_MWPM_1x/results/sweep_11_exp_0_checkpoints.csv
002203230,0.0032442226172569,0.0001051407743943,4911428,results/ebbi/SC3_HBD_MWPM_1x/results/sweep_11_exp_0_checkpoints.csv
033203330,0.0030996490195403,9.836036042543128e-05,6039846,results/ebbi/SC3_HBD_MWPM_1x/results/sweep_11_exp_0_checkpoints.csv
033303330,0.0029599358926971,9.341592522105202e-05,7008473,results/ebbi/SC3_HBD_MWPM_1x/results/sweep_11_exp_0_checkpoints.csv
033303330,0.0029599358926971,9.341592522105202e-05,8951944,results/ebbi/SC3_HBD_MWPM_1x/results/sweep_11_exp_0_checkpoints.csv
033303330,0.0029599358926971,9.341592522105202e-05,10999501,results/ebbi/SC3_HBD_MWPM_1x/results/sweep_11_exp_0_checkpoints.csv
030303330,0.0027402585832188,8.589385106461123e-05,13780291,results/ebbi/SC3_HBD_MWPM_1x/results/sweep_11_exp_0_checkpoints.csv
030303330,0.0027402585832188,8.589385106461123e-05,17562334,results/ebbi/SC3_HBD_MWPM_1x/results/sweep_11_exp_0_checkpoints.csv
030303030,0.002527696145391,8.02337599452585e-05,21876598,results/ebbi/SC3_HBD_MWPM_1x/results/sweep_11_exp_0_checkpoints.csv
030303030,0.002527696145391,8.02337599452585e-05,27468324,results/ebbi/SC3_HBD_MWPM_1x/results/sweep_11_exp_0_checkpoints.csv
030303030,0.002527696145391,8.02337599452585e-05,35179669,results/ebbi/SC3_HBD_MWPM_1x/results/sweep_11_exp_0_checkpoints.csv
030303030,0.0025555073907724,5.378201603889465e-05,43830513,results/ebbi/SC3_HBD_MWPM_1x/results/sweep_11_exp_0_checkpoints.csv
030303030,0.0025555073907724,5.378201603889465e-05,54828079,results/ebbi/SC3_HBD_MWPM_1x/results/sweep_11_exp_0_checkpoints.csv
030303030,0.0025555073907724,5.378201603889465e-05,69174787,results/ebbi/SC3_HBD_MWPM_1x/results/sweep_11_exp_0_checkpoints.csv
030303030,0.0025555073907724,5.378201603889465e-05,87089837,results/ebbi/SC3_HBD_MWPM_1x/results/sweep_11_exp_0_checkpoints.csv
030303030,0.0025555073907724,5.378201603889465e-05,109411225,results/ebbi/SC3_HBD_MWPM_1x/results/sweep_11_exp_0_checkpoints.csv
030303030,0.0025555073907724,5.378201603889465e-05,137915533,results/ebbi/SC3_HBD_MWPM_1x/results/sweep_11_exp_0_checkpoints.csv
030303030,0.0025555073907724,5.378201603889465e-05,173419372,results/ebbi/SC3_HBD_MWPM_1x/results/sweep_11_exp_0_checkpoints.csv
030303030,0.0025555073907724,5.378201603889465e-05,218408392,results/ebbi/SC3_HBD_MWPM_1x/results/sweep_11_exp_0_checkpoints.csv
030303030,0.0025555073907724,5.378201603889465e-05,274644667,results/ebbi/SC3_HBD_MWPM_1x/results/sweep_11_exp_0_checkpoints.csv
030303030,0.0025555073907724,5.378201603889465e-05,345877282,results/ebbi/SC3_HBD_MWPM_1x/results/sweep_11_exp_0_checkpoints.csv
030303030,0.0025555073907724,5.378201603889465e-05,435438757,results/ebbi/SC3_HBD_MWPM_1x/results/sweep_11_exp_0_checkpoints.csv
030303030,0.0025555073907724,5.378201603889465e-05,548327872,results/ebbi/SC3_HBD_MWPM_1x/results/sweep_11_exp_0_checkpoints.csv
030303030,0.0025555073907724,5.378201603889465e-05,689959972,results/ebbi/SC3_HBD_MWPM_1x/results/sweep_11_exp_0_checkpoints.csv
030303030,0.0025555073907724,5.378201603889465e-05,868666357,results/ebbi/SC3_HBD_MWPM_1x/results/sweep_11_exp_0_checkpoints.csv
030303030,0.0025555073907724,5.378201603889465e-05,1093611457,results/ebbi/SC3_HBD_MWPM_1x/results/sweep_11_exp_0_checkpoints.csv
030303030,0.0025555073907724,5.378201603889465e-05,1376459092,results/ebbi/SC3_HBD_MWPM_1x/results/sweep_11_exp_0_checkpoints.csv
030303030,0.0025555073907724,5.378201603889465e-05,1733038732,results/ebbi/SC3_HBD_MWPM_1x/results/sweep_11_exp_0_checkpoints.csv
030303030,0.0025555073907724,5.378201603889465e-05,2181679237,results/ebbi/SC3_HBD_MWPM_1x/results/sweep_11_exp_0_checkpoints.csv
030303030,0.0025555073907724,5.378201603889465e-05,2746541377,results/ebbi/SC3_HBD_MWPM_1x/results/sweep_11_exp_0_checkpoints.csv
030303030,0.0025555073907724,5.378201603889465e-05,3457617832,results/ebbi/SC3_HBD_MWPM_1x/results/sweep_11_exp_0_checkpoints.csv
030303030,0.0025555073907724,5.378201603889465e-05,4352816017,results/ebbi/SC3_HBD_MWPM_1x/results/sweep_11_exp_0_checkpoints.csv
030303030,0.0025555073907724,5.378201603889465e-05,5479624342,results/ebbi/SC3_HBD_MWPM_1x/results/sweep_11_exp_0_checkpoints.csv
030303030,0.0025555073907724,5.378201603889465e-05,6898444732,results/ebbi/SC3_HBD_MWPM_1x/results/sweep_11_exp_0_checkpoints.csv
030303030,0.0025867253469271,2.404833139735274e-05,8163301605,results/ebbi/SC3_HBD_MWPM_1x/results/sweep_11_exp_0_checkpoints.csv
030303033,0.0027451748402868,9.614507871447132e-05,1935058,results/ebbi/SC3_HBD_MWPM_1x/results/sweep_8_exp_0_checkpoints.csv
020303033,0.0027278790330516,8.623152825748548e-05,4961744,results/ebbi/SC3_HBD_MWPM_1x/results/sweep_8_exp_0_checkpoints.csv
020303033,0.0027278790330516,8.623152825748548e-05,6122980,results/ebbi/SC3_HBD_MWPM_1x/results/sweep_8_exp_0_checkpoints.csv
020303033,0.0027278790330516,8.623152825748548e-05,7875588,results/ebbi/SC3_HBD_MWPM_1x/results/sweep_8_exp_0_checkpoints.csv
030303033,0.0027448120201456,6.409270281437784e-05,9867067,results/ebbi/SC3_HBD_MWPM_1x/results/sweep_8_exp_0_checkpoints.csv
030303033,0.0027448120201456,6.409270281437784e-05,12532305,results/ebbi/SC3_HBD_MWPM_1x/results/sweep_8_exp_0_checkpoints.csv
030303030,0.0025361516190883,8.025897113839164e-05,15756879,results/ebbi/SC3_HBD_MWPM_1x/results/sweep_8_exp_0_checkpoints.csv
030303030,0.0025361516190883,8.025897113839164e-05,19440355,results/ebbi/SC3_HBD_MWPM_1x/results/sweep_8_exp_0_checkpoints.csv
030303030,0.0024988145343185,5.311179120326415e-05,25565514,results/ebbi/SC3_HBD_MWPM_1x/results/sweep_8_exp_0_checkpoints.csv
030303030,0.0024988145343185,5.311179120326415e-05,30876198,results/ebbi/SC3_HBD_MWPM_1x/results/sweep_8_exp_0_checkpoints.csv
030303030,0.0024988145343185,5.311179120326415e-05,38809849,results/ebbi/SC3_HBD_MWPM_1x/results/sweep_8_exp_0_checkpoints.csv
030303030,0.0024988145343185,5.311179120326415e-05,48658382,results/ebbi/SC3_HBD_MWPM_1x/results/sweep_8_exp_0_checkpoints.csv
030303030,0.0024988145343185,5.311179120326415e-05,61474028,results/ebbi/SC3_HBD_MWPM_1x/results/sweep_8_exp_0_checkpoints.csv
030303030,0.0024988145343185,5.311179120326415e-05,77424920,results/ebbi/SC3_HBD_MWPM_1x/results/sweep_8_exp_0_checkpoints.csv
030303030,0.0024988145343185,5.311179120326415e-05,97213209,results/ebbi/SC3_HBD_MWPM_1x/results/sweep_8_exp_0_checkpoints.csv
030303030,0.0024988145343185,5.311179120326415e-05,122485869,results/ebbi/SC3_HBD_MWPM_1x/results/sweep_8_exp_0_checkpoints.csv
030303030,0.0024988145343185,5.311179120326415e-05,153962707,results/ebbi/SC3_HBD_MWPM_1x/results/sweep_8_exp_0_checkpoints.csv
030303030,0.0024988145343185,5.311179120326415e-05,193656745,results/ebbi/SC3_HBD_MWPM_1x/results/sweep_8_exp_0_checkpoints.csv
030303030,0.0024988145343185,5.311179120326415e-05,243907708,results/ebbi/SC3_HBD_MWPM_1x/results/sweep_8_exp_0_checkpoints.csv
030303030,0.0024988145343185,5.311179120326415e-05,306826981,results/ebbi/SC3_HBD_MWPM_1x/results/sweep_8_exp_0_checkpoints.csv
030303030,0.0024988145343185,5.311179120326415e-05,386215057,results/ebbi/SC3_HBD_MWPM_1x/results/sweep_8_exp_0_checkpoints.csv
030303030,0.0024988145343185,5.311179120326415e-05,486294706,results/ebbi/SC3_HBD_MWPM_1x/results/sweep_8_exp_0_checkpoints.csv
030303030,0.0024988145343185,5.311179120326415e-05,612133252,results/ebbi/SC3_HBD_MWPM_1x/results/sweep_8_exp_0_checkpoints.csv
030303030,0.0024988145343185,5.311179120326415e-05,770487127,results/ebbi/SC3_HBD_MWPM_1x/results/sweep_8_exp_0_checkpoints.csv
030303030,0.0024988145343185,5.311179120326415e-05,970224148,results/ebbi/SC3_HBD_MWPM_1x/results/sweep_8_exp_0_checkpoints.csv
030303030,0.0024988145343185,5.311179120326415e-05,1221056686,results/ebbi/SC3_HBD_MWPM_1x/results/sweep_8_exp_0_checkpoints.csv
030303030,0.0024988145343185,5.311179120326415e-05,1537342159,results/ebbi/SC3_HBD_MWPM_1x/results/sweep_8_exp_0_checkpoints.csv
030303030,0.0024988145343185,5.311179120326415e-05,1935127093,results/ebbi/SC3_HBD_MWPM_1x/results/sweep_8_exp_0_checkpoints.csv
030303030,0.0024988145343185,5.311179120326415e-05,2436369892,results/ebbi/SC3_HBD_MWPM_1x/results/sweep_8_exp_0_checkpoints.csv
030303030,0.0024988145343185,5.311179120326415e-05,3067251730,results/ebbi/SC3_HBD_MWPM_1x/results/sweep_8_exp_0_checkpoints.csv
030303030,0.0024988145343185,5.311179120326415e-05,3861132490,results/ebbi/SC3_HBD_MWPM_1x/results/sweep_8_exp_0_checkpoints.csv
030303030,0.0024988145343185,5.311179120326415e-05,4860662149,results/ebbi/SC3_HBD_MWPM_1x/results/sweep_8_exp_0_checkpoints.csv
030303030,0.0024988145343185,5.311179120326415e-05,6119469886,results/ebbi/SC3_HBD_MWPM_1x/results/sweep_8_exp_0_checkpoints.csv
030303030,0.0024988145343185,5.311179120326415e-05,7703853190,results/ebbi/SC3_HBD_MWPM_1x/results/sweep_8_exp_0_checkpoints.csv
030303030,0.0025712474976611,3.5916109482059255e-05,8253887889,results/ebbi/SC3_HBD_MWPM_1x/results/sweep_8_exp_0_checkpoints.csv
320202033,0.0037266698938859,0.0001194327633129,1877344,results/ebbi/SC3_HBD_MWPM_1x/results/sweep_17_exp_0_checkpoints.csv
300323020,0.0034842963734166,0.0001097714921343,3138305,results/ebbi/SC3_HBD_MWPM_1x/results/sweep_17_exp_0_checkpoints.csv
333333020,0.0033291621995704,0.0001049444908858,4320441,results/ebbi/SC3_HBD_MWPM_1x/results/sweep_17_exp_0_checkpoints.csv
033303020,0.0028212115381034,9.344144200440496e-05,5433106,results/ebbi/SC3_HBD_MWPM_1x/results/sweep_17_exp_0_checkpoints.csv
033303020,0.0028212115381034,9.344144200440496e-05,7913078,results/ebbi/SC3_HBD_MWPM_1x/results/sweep_17_exp_0_checkpoints.csv
033303020,0.0028212115381034,9.344144200440496e-05,9619273,results/ebbi/SC3_HBD_MWPM_1x/results/sweep_17_exp_0_checkpoints.csv
033303020,0.0028212115381034,9.344144200440496e-05,12213977,results/ebbi/SC3_HBD_MWPM_1x/results/sweep_17_exp_0_checkpoints.csv
030303020,0.002860048303038,9.076808782992885e-05,15215002,results/ebbi/SC3_HBD_MWPM_1x/results/sweep_17_exp_0_checkpoints.csv
030303030,0.0025151115852,8.098830585367978e-05,19172269,results/ebbi/SC3_HBD_MWPM_1x/results/sweep_17_exp_0_checkpoints.csv
030303030,0.0025151115852,8.098830585367978e-05,24184923,results/ebbi/SC3_HBD_MWPM_1x/results/sweep_17_exp_0_checkpoints.csv
030303030,0.0025151115852,8.098830585367978e-05,29835358,results/ebbi/SC3_HBD_MWPM_1x/results/sweep_17_exp_0_checkpoints.csv
030303030,0.0025151115852,8.098830585367978e-05,38181016,results/ebbi/SC3_HBD_MWPM_1x/results/sweep_17_exp_0_checkpoints.csv
030303030,0.0024761937961526,5.3574025514535606e-05,47266234,results/ebbi/SC3_HBD_MWPM_1x/results/sweep_17_exp_0_checkpoints.csv
030303030,0.0024761937961526,5.3574025514535606e-05,59604964,results/ebbi/SC3_HBD_MWPM_1x/results/sweep_17_exp_0_checkpoints.csv
030303030,0.0024761937961526,5.3574025514535606e-05,74964724,results/ebbi/SC3_HBD_MWPM_1x/results/sweep_17_exp_0_checkpoints.csv
030303030,0.0024761937961526,5.3574025514535606e-05,94248263,results/ebbi/SC3_HBD_MWPM_1x/results/sweep_17_exp_0_checkpoints.csv
030303030,0.0024761937961526,5.3574025514535606e-05,118696133,results/ebbi/SC3_HBD_MWPM_1x/results/sweep_17_exp_0_checkpoints.csv
030303030,0.0024761937961526,5.3574025514535606e-05,149148743,results/ebbi/SC3_HBD_MWPM_1x/results/sweep_17_exp_0_checkpoints.csv
030303030,0.0024761937961526,5.3574025514535606e-05,187750643,results/ebbi/SC3_HBD_MWPM_1x/results/sweep_17_exp_0_checkpoints.csv
030303030,0.0024761937961526,5.3574025514535606e-05,236646383,results/ebbi/SC3_HBD_MWPM_1x/results/sweep_17_exp_0_checkpoints.csv
030303030,0.0024761937961526,5.3574025514535606e-05,297551603,results/ebbi/SC3_HBD_MWPM_1x/results/sweep_17_exp_0_checkpoints.csv
030303030,0.0024761937961526,5.3574025514535606e-05,374755403,results/ebbi/SC3_HBD_MWPM_1x/results/sweep_17_exp_0_checkpoints.csv
030303030,0.0024761937961526,5.3574025514535606e-05,471689063,results/ebbi/SC3_HBD_MWPM_1x/results/sweep_17_exp_0_checkpoints.csv
030303030,0.0024761937961526,5.3574025514535606e-05,593928413,results/ebbi/SC3_HBD_MWPM_1x/results/sweep_17_exp_0_checkpoints.csv
030303030,0.0024761937961526,5.3574025514535606e-05,747478193,results/ebbi/SC3_HBD_MWPM_1x/results/sweep_17_exp_0_checkpoints.csv
030303030,0.0024761937961526,5.3574025514535606e-05,940916603,results/ebbi/SC3_HBD_MWPM_1x/results/sweep_17_exp_0_checkpoints.csv
030303030,0.0024761937961526,5.3574025514535606e-05,1184537483,results/ebbi/SC3_HBD_MWPM_1x/results/sweep_17_exp_0_checkpoints.csv
030303030,0.0024761937961526,5.3574025514535606e-05,1491637043,results/ebbi/SC3_HBD_MWPM_1x/results/sweep_17_exp_0_checkpoints.csv
030303030,0.0024761937961526,5.3574025514535606e-05,1877656043,results/ebbi/SC3_HBD_MWPM_1x/results/sweep_17_exp_0_checkpoints.csv
030303030,0.0024761937961526,5.3574025514535606e-05,2363611073,results/ebbi/SC3_HBD_MWPM_1x/results/sweep_17_exp_0_checkpoints.csv
030303030,0.0024761937961526,5.3574025514535606e-05,2975665643,results/ebbi/SC3_HBD_MWPM_1x/results/sweep_17_exp_0_checkpoints.csv
030303030,0.0024761937961526,5.3574025514535606e-05,3745988003,results/ebbi/SC3_HBD_MWPM_1x/results/sweep_17_exp_0_checkpoints.csv
030303030,0.0024761937961526,5.3574025514535606e-05,4715753513,results/ebbi/SC3_HBD_MWPM_1x/results/sweep_17_exp_0_checkpoints.csv
030303030,0.0024761937961526,5.3574025514535606e-05,5936860283,results/ebbi/SC3_HBD_MWPM_1x/results/sweep_17_exp_0_checkpoints.csv
030303030,0.0024761937961526,5.3574025514535606e-05,7474073723,results/ebbi/SC3_HBD_MWPM_1x/results/sweep_17_exp_0_checkpoints.csv
030303030,0.0024761937961526,5.3574025514535606e-05,8381671329,results/ebbi/SC3_HBD_MWPM_1x/results/sweep_17_exp_0_checkpoints.csv
332302020,0.0034284212102071,0.0001116901403293,1971819,results/ebbi/SC3_HBD_MWPM_1x/results/sweep_20_exp_0_checkpoints.csv
300303020,0.0029835772961493,9.843283623922616e-05,4148139,results/ebbi/SC3_HBD_MWPM_1x/results/sweep_20_exp_0_checkpoints.csv
300303030,0.0027561155282343,9.34195049921982e-05,6427919,results/ebbi/SC3_HBD_MWPM_1x/results/sweep_20_exp_0_checkpoints.csv
300303030,0.0027561155282343,9.34195049921982e-05,8253278,results/ebbi/SC3_HBD_MWPM_1x/results/sweep_20_exp_0_checkpoints.csv
300303030,0.0027561155282343,9.34195049921982e-05,10371721,results/ebbi/SC3_HBD_MWPM_1x/results/sweep_20_exp_0_checkpoints.csv
030303330,0.0028030110532333,8.60135187394917e-05,12651888,results/ebbi/SC3_HBD_MWPM_1x/results/sweep_20_exp_0_checkpoints.csv
030303330,0.0027397904866098,5.6693934311624616e-05,16531352,results/ebbi/SC3_HBD_MWPM_1x/results/sweep_20_exp_0_checkpoints.csv
030303030,0.0026385490248457,8.143621380440891e-05,19793222,results/ebbi/SC3_HBD_MWPM_1x/results/sweep_20_exp_0_checkpoints.csv
030303030,0.0026814005557689,5.472885095514357e-05,24892058,results/ebbi/SC3_HBD_MWPM_1x/results/sweep_20_exp_0_checkpoints.csv
030303030,0.0026814005557689,5.472885095514357e-05,32195641,results/ebbi/SC3_HBD_MWPM_1x/results/sweep_20_exp_0_checkpoints.csv
030303030,0.002635358304689,3.617217225837521e-05,39710620,results/ebbi/SC3_HBD_MWPM_1x/results/sweep_20_exp_0_checkpoints.csv
030303030,0.002635358304689,3.617217225837521e-05,49647274,results/ebbi/SC3_HBD_MWPM_1x/results/sweep_20_exp_0_checkpoints.csv
030303030,0.002635358304689,3.617217225837521e-05,62463906,results/ebbi/SC3_HBD_MWPM_1x/results/sweep_20_exp_0_checkpoints.csv
030303030,0.002635358304689,3.617217225837521e-05,78771906,results/ebbi/SC3_HBD_MWPM_1x/results/sweep_20_exp_0_checkpoints.csv
030303030,0.002635358304689,3.617217225837521e-05,99098574,results/ebbi/SC3_HBD_MWPM_1x/results/sweep_20_exp_0_checkpoints.csv
030303030,0.002635358304689,3.617217225837521e-05,124714325,results/ebbi/SC3_HBD_MWPM_1x/results/sweep_20_exp_0_checkpoints.csv
030303030,0.002635358304689,3.617217225837521e-05,156656233,results/ebbi/SC3_HBD_MWPM_1x/results/sweep_20_exp_0_checkpoints.csv
030303030,0.002635358304689,3.617217225837521e-05,197413280,results/ebbi/SC3_HBD_MWPM_1x/results/sweep_20_exp_0_checkpoints.csv
030303030,0.002635358304689,3.617217225837521e-05,248644784,results/ebbi/SC3_HBD_MWPM_1x/results/sweep_20_exp_0_checkpoints.csv
030303030,0.002635358304689,3.617217225837521e-05,312528604,results/ebbi/SC3_HBD_MWPM_1x/results/sweep_20_exp_0_checkpoints.csv
030303030,0.002635358304689,3.617217225837521e-05,393835284,results/ebbi/SC3_HBD_MWPM_1x/results/sweep_20_exp_0_checkpoints.csv
030303030,0.002635358304689,3.617217225837521e-05,495572341,results/ebbi/SC3_HBD_MWPM_1x/results/sweep_20_exp_0_checkpoints.csv
030303030,0.002635358304689,3.617217225837521e-05,623754811,results/ebbi/SC3_HBD_MWPM_1x/results/sweep_20_exp_0_checkpoints.csv
030303030,0.002635358304689,3.617217225837521e-05,785123681,results/ebbi/SC3_HBD_MWPM_1x/results/sweep_20_exp_0_checkpoints.csv
030303030,0.002635358304689,3.617217225837521e-05,988390381,results/ebbi/SC3_HBD_MWPM_1x/results/sweep_20_exp_0_checkpoints.csv
030303030,0.002635358304689,3.617217225837521e-05,1244340491,results/ebbi/SC3_HBD_MWPM_1x/results/sweep_20_exp_0_checkpoints.csv
030303030,0.002635358304689,3.617217225837521e-05,1566663401,results/ebbi/SC3_HBD_MWPM_1x/results/sweep_20_exp_0_checkpoints.csv
030303030,0.002635358304689,3.617217225837521e-05,1971952311,results/ebbi/SC3_HBD_MWPM_1x/results/sweep_20_exp_0_checkpoints.csv
030303030,0.002635358304689,3.617217225837521e-05,2482608041,results/ebbi/SC3_HBD_MWPM_1x/results/sweep_20_exp_0_checkpoints.csv
030303030,0.002635358304689,3.617217225837521e-05,3125179711,results/ebbi/SC3_HBD_MWPM_1x/results/sweep_20_exp_0_checkpoints.csv
030303030,0.002635358304689,3.617217225837521e-05,3934513041,results/ebbi/SC3_HBD_MWPM_1x/results/sweep_20_exp_0_checkpoints.csv
030303030,0.002635358304689,3.617217225837521e-05,4953335521,results/ebbi/SC3_HBD_MWPM_1x/results/sweep_20_exp_0_checkpoints.csv
030303030,0.002635358304689,3.617217225837521e-05,6235575051,results/ebbi/SC3_HBD_MWPM_1x/results/sweep_20_exp_0_checkpoints.csv
030303030,0.002635358304689,3.617217225837521e-05,7850093411,results/ebbi/SC3_HBD_MWPM_1x/results/sweep_20_exp_0_checkpoints.csv
030303030,0.0026123634893317,1.6006424630177207e-05,8180589360,results/ebbi/SC3_HBD_MWPM_1x/results/sweep_20_exp_0_checkpoints.csv
000203022,0.0034740618519247,0.0001144615671364,1803486,results/ebbi/SC3_HBD_MWPM_1x/results/sweep_4_exp_0_checkpoints.csv
030303022,0.0028631617794043,9.370176121592522e-05,4183759,results/ebbi/SC3_HBD_MWPM_1x/results/sweep_4_exp_0_checkpoints.csv
033303030,0.002571732592618,8.229749073507264e-05,6654268,results/ebbi/SC3_HBD_MWPM_1x/results/sweep_4_exp_0_checkpoints.csv
033303030,0.002571732592618,8.229749073507264e-05,8370354,results/ebbi/SC3_HBD_MWPM_1x/results/sweep_4_exp_0_checkpoints.csv
033303030,0.002571732592618,8.229749073507264e-05,9362101,results/ebbi/SC3_HBD_MWPM_1x/results/sweep_4_exp_0_checkpoints.csv
033303030,0.002571732592618,8.229749073507264e-05,11635895,results/ebbi/SC3_HBD_MWPM_1x/results/sweep_4_exp_0_checkpoints.csv
033303030,0.002571732592618,8.229749073507264e-05,14566477,results/ebbi/SC3_HBD_MWPM_1x/results/sweep_4_exp_0_checkpoints.csv
030303030,0.0025862123026947,5.6879693147493526e-05,18265593,results/ebbi/SC3_HBD_MWPM_1x/results/sweep_4_exp_0_checkpoints.csv
030303030,0.0025862123026947,5.6879693147493526e-05,23217971,results/ebbi/SC3_HBD_MWPM_1x/results/sweep_4_exp_0_checkpoints.csv
030303030,0.0025641983284771,3.775852746912278e-05,28674607,results/ebbi/SC3_HBD_MWPM_1x/results/sweep_4_exp_0_checkpoints.csv
030303030,0.0025641983284771,3.775852746912278e-05,36234649,results/ebbi/SC3_HBD_MWPM_1x/results/sweep_4_exp_0_checkpoints.csv
030303030,0.0025641983284771,3.775852746912278e-05,45648554,results/ebbi/SC3_HBD_MWPM_1x/results/sweep_4_exp_0_checkpoints.csv
030303030,0.0025641983284771,3.775852746912278e-05,57055469,results/ebbi/SC3_HBD_MWPM_1x/results/sweep_4_exp_0_checkpoints.csv
030303030,0.0025641983284771,3.775852746912278e-05,71802200,results/ebbi/SC3_HBD_MWPM_1x/results/sweep_4_exp_0_checkpoints.csv
030303030,0.0025641983284771,3.775852746912278e-05,90627815,results/ebbi/SC3_HBD_MWPM_1x/results/sweep_4_exp_0_checkpoints.csv
030303030,0.0025641983284771,3.775852746912278e-05,113846072,results/ebbi/SC3_HBD_MWPM_1x/results/sweep_4_exp_0_checkpoints.csv
030303030,0.0025641983284771,3.775852746912278e-05,143548709,results/ebbi/SC3_HBD_MWPM_1x/results/sweep_4_exp_0_checkpoints.csv
030303030,0.0025641983284771,3.775852746912278e-05,180467831,results/ebbi/SC3_HBD_MWPM_1x/results/sweep_4_exp_0_checkpoints.csv
030303030,0.0025641983284771,3.775852746912278e-05,227322695,results/ebbi/SC3_HBD_MWPM_1x/results/sweep_4_exp_0_checkpoints.csv
030303030,0.0025641983284771,3.775852746912278e-05,285891275,results/ebbi/SC3_HBD_MWPM_1x/results/sweep_4_exp_0_checkpoints.csv
030303030,0.0025641983284771,3.775852746912278e-05,359938694,results/ebbi/SC3_HBD_MWPM_1x/results/sweep_4_exp_0_checkpoints.csv
030303030,0.0025641983284771,3.775852746912278e-05,453230075,results/ebbi/SC3_HBD_MWPM_1x/results/sweep_4_exp_0_checkpoints.csv
030303030,0.0025641983284771,3.775852746912278e-05,570367235,results/ebbi/SC3_HBD_MWPM_1x/results/sweep_4_exp_0_checkpoints.csv
030303030,0.0025641983284771,3.775852746912278e-05,718043726,results/ebbi/SC3_HBD_MWPM_1x/results/sweep_4_exp_0_checkpoints.csv
030303030,0.0025641983284771,3.775852746912278e-05,904208141,results/ebbi/SC3_HBD_MWPM_1x/results/sweep_4_exp_0_checkpoints.csv
030303030,0.0025641983284771,3.775852746912278e-05,1138064114,results/ebbi/SC3_HBD_MWPM_1x/results/sweep_4_exp_0_checkpoints.csv
030303030,0.0025641983284771,3.775852746912278e-05,1432580402,results/ebbi/SC3_HBD_MWPM_1x/results/sweep_4_exp_0_checkpoints.csv
030303030,0.0025641983284771,3.775852746912278e-05,1803654191,results/ebbi/SC3_HBD_MWPM_1x/results/sweep_4_exp_0_checkpoints.csv
030303030,0.0025641983284771,3.775852746912278e-05,2270529443,results/ebbi/SC3_HBD_MWPM_1x/results/sweep_4_exp_0_checkpoints.csv
030303030,0.0025641983284771,3.775852746912278e-05,2858725325,results/ebbi/SC3_HBD_MWPM_1x/results/sweep_4_exp_0_checkpoints.csv
030303030,0.0025641983284771,3.775852746912278e-05,3598781168,results/ebbi/SC3_HBD_MWPM_1x/results/sweep_4_exp_0_checkpoints.csv
030303030,0.0025641983284771,3.775852746912278e-05,4530439937,results/ebbi/SC3_HBD_MWPM_1x/results/sweep_4_exp_0_checkpoints.csv
030303030,0.0025641983284771,3.775852746912278e-05,5703484925,results/ebbi/SC3_HBD_MWPM_1x/results/sweep_4_exp_0_checkpoints.csv
030303030,0.0025641983284771,3.775852746912278e-05,7179831488,results/ebbi/SC3_HBD_MWPM_1x/results/sweep_4_exp_0_checkpoints.csv
030303030,0.0025567679282202,2.513596155040432e-05,8173335323,results/ebbi/SC3_HBD_MWPM_1x/results/sweep_4_exp_0_checkpoints.csv
020302020,0.0032421072262409,0.0001076557455235,1998077,results/ebbi/SC3_HBD_MWPM_1x/results/sweep_2_exp_0_checkpoints.csv
030003033,0.0029444657219456,9.484267502557486e-05,4098580,results/ebbi/SC3_HBD_MWPM_1x/results/sweep_2_exp_0_checkpoints.csv
030303033,0.0026815681623663,8.838606299832463e-05,5421275,results/ebbi/SC3_HBD_MWPM_1x/results/sweep_2_exp_0_checkpoints.csv
030303030,0.002618701373261,8.410130976699293e-05,8032976,results/ebbi/SC3_HBD_MWPM_1x/results/sweep_2_exp_0_checkpoints.csv
030303030,0.002618701373261,8.410130976699293e-05,10030407,results/ebbi/SC3_HBD_MWPM_1x/results/sweep_2_exp_0_checkpoints.csv
030303030,0.002618701373261,8.410130976699293e-05,12736904,results/ebbi/SC3_HBD_MWPM_1x/results/sweep_2_exp_0_checkpoints.csv
030303030,0.002618701373261,8.410130976699293e-05,16273432,results/ebbi/SC3_HBD_MWPM_1x/results/sweep_2_exp_0_checkpoints.csv
030303030,0.0026815975966723,5.673521081916988e-05,20846569,results/ebbi/SC3_HBD_MWPM_1x/results/sweep_2_exp_0_checkpoints.csv
030303030,0.0026815975966723,5.673521081916988e-05,25632399,results/ebbi/SC3_HBD_MWPM_1x/results/sweep_2_exp_0_checkpoints.csv
030303330,0.0025422632974765,7.865628140280023e-05,33018816,results/ebbi/SC3_HBD_MWPM_1x/results/sweep_2_exp_0_checkpoints.csv
030303330,0.0026338988968854,5.3371866670204327e-05,39982083,results/ebbi/SC3_HBD_MWPM_1x/results/sweep_2_exp_0_checkpoints.csv
030303330,0.0026338988968854,5.3371866670204327e-05,50461567,results/ebbi/SC3_HBD_MWPM_1x/results/sweep_2_exp_0_checkpoints.csv
030303030,0.0026559252810386,3.764251596294344e-05,63872773,results/ebbi/SC3_HBD_MWPM_1x/results/sweep_2_exp_0_checkpoints.csv
030303030,0.0026271005511442,2.4958833819255236e-05,79866175,results/ebbi/SC3_HBD_MWPM_1x/results/sweep_2_exp_0_checkpoints.csv
030303030,0.0026271005511442,2.4958833819255236e-05,100220764,results/ebbi/SC3_HBD_MWPM_1x/results/sweep_2_exp_0_checkpoints.csv
030303030,0.0026271005511442,2.4958833819255236e-05,126194278,results/ebbi/SC3_HBD_MWPM_1x/results/sweep_2_exp_0_checkpoints.csv
030303030,0.0026271005511442,2.4958833819255236e-05,158764240,results/ebbi/SC3_HBD_MWPM_1x/results/sweep_2_exp_0_checkpoints.csv
030303030,0.0026271005511442,2.4958833819255236e-05,199992040,results/ebbi/SC3_HBD_MWPM_1x/results/sweep_2_exp_0_checkpoints.csv
030303030,0.0026271005511442,2.4958833819255236e-05,251939068,results/ebbi/SC3_HBD_MWPM_1x/results/sweep_2_exp_0_checkpoints.csv
030303030,0.0026271005511442,2.4958833819255236e-05,316769783,results/ebbi/SC3_HBD_MWPM_1x/results/sweep_2_exp_0_checkpoints.csv
030303030,0.0026271005511442,2.4958833819255236e-05,398813105,results/ebbi/SC3_HBD_MWPM_1x/results/sweep_2_exp_0_checkpoints.csv
030303030,0.0026271005511442,2.4958833819255236e-05,502294883,results/ebbi/SC3_HBD_MWPM_1x/results/sweep_2_exp_0_checkpoints.csv
030303030,0.0026271005511442,2.4958833819255236e-05,632162453,results/ebbi/SC3_HBD_MWPM_1x/results/sweep_2_exp_0_checkpoints.csv
030303030,0.0026271005511442,2.4958833819255236e-05,795836819,results/ebbi/SC3_HBD_MWPM_1x/results/sweep_2_exp_0_checkpoints.csv
030303030,0.0026271005511442,2.4958833819255236e-05,1001563541,results/ebbi/SC3_HBD_MWPM_1x/results/sweep_2_exp_0_checkpoints.csv
030303030,0.0026271005511442,2.4958833819255236e-05,1260886403,results/ebbi/SC3_HBD_MWPM_1x/results/sweep_2_exp_0_checkpoints.csv
030303030,0.0026271005511442,2.4958833819255236e-05,1587410579,results/ebbi/SC3_HBD_MWPM_1x/results/sweep_2_exp_0_checkpoints.csv
030303030,0.0026271005511442,2.4958833819255236e-05,1998451745,results/ebbi/SC3_HBD_MWPM_1x/results/sweep_2_exp_0_checkpoints.csv
030303030,0.0026271005511442,2.4958833819255236e-05,2515448357,results/ebbi/SC3_HBD_MWPM_1x/results/sweep_2_exp_0_checkpoints.csv
030303030,0.0026271005511442,2.4958833819255236e-05,3166847597,results/ebbi/SC3_HBD_MWPM_1x/results/sweep_2_exp_0_checkpoints.csv
030303030,0.0026271005511442,2.4958833819255236e-05,3986868539,results/ebbi/SC3_HBD_MWPM_1x/results/sweep_2_exp_0_checkpoints.csv
030303030,0.0026271005511442,2.4958833819255236e-05,5019212651,results/ebbi/SC3_HBD_MWPM_1x/results/sweep_2_exp_0_checkpoints.csv
030303030,0.0026271005511442,2.4958833819255236e-05,6318712907,results/ebbi/SC3_HBD_MWPM_1x/results/sweep_2_exp_0_checkpoints.csv
030303030,0.0026271005511442,2.4958833819255236e-05,7954632011,results/ebbi/SC3_HBD_MWPM_1x/results/sweep_2_exp_0_checkpoints.csv
030303030,0.0026047530535396,1.656848871789407e-05,8108258970,results/ebbi/SC3_HBD_MWPM_1x/results/sweep_2_exp_0_checkpoints.csv
030303333,0.0028430885870301,9.920405864249916e-05,2266459,results/ebbi/SC3_HBD_MWPM_1x/results/sweep_10_exp_0_checkpoints.csv
030303033,0.0027698125696861,8.656346471980214e-05,5314916,results/ebbi/SC3_HBD_MWPM_1x/results/sweep_10_exp_0_checkpoints.csv
030303033,0.0027698125696861,8.656346471980214e-05,6365169,results/ebbi/SC3_HBD_MWPM_1x/results/sweep_10_exp_0_checkpoints.csv
030303033,0.0027698125696861,8.656346471980214e-05,7212468,results/ebbi/SC3_HBD_MWPM_1x/results/sweep_10_exp_0_checkpoints.csv
030303033,0.0027698125696861,8.656346471980214e-05,9209534,results/ebbi/SC3_HBD_MWPM_1x/results/sweep_10_exp_0_checkpoints.csv
030303033,0.0027345563278815,5.734168735216372e-05,11444516,results/ebbi/SC3_HBD_MWPM_1x/results/sweep_10_exp_0_checkpoints.csv
030303033,0.0027345563278815,5.734168735216372e-05,15033137,results/ebbi/SC3_HBD_MWPM_1x/results/sweep_10_exp_0_checkpoints.csv
030303033,0.0027345563278815,5.734168735216372e-05,18752224,results/ebbi/SC3_HBD_MWPM_1x/results/sweep_10_exp_0_checkpoints.csv
030303030,0.0024769377691433,7.89040423114784e-05,23224480,results/ebbi/SC3_HBD_MWPM_1x/results/sweep_10_exp_0_checkpoints.csv
030303030,0.002534341843854,5.320735363056883e-05,29021399,results/ebbi/SC3_HBD_MWPM_1x/results/sweep_10_exp_0_checkpoints.csv
030303030,0.002534341843854,5.320735363056883e-05,35929349,results/ebbi/SC3_HBD_MWPM_1x/results/sweep_10_exp_0_checkpoints.csv
030303030,0.002534341843854,5.320735363056883e-05,45335785,results/ebbi/SC3_HBD_MWPM_1x/results/sweep_10_exp_0_checkpoints.csv
030303030,0.002534341843854,5.320735363056883e-05,57004500,results/ebbi/SC3_HBD_MWPM_1x/results/sweep_10_exp_0_checkpoints.csv
030303030,0.002534341843854,5.320735363056883e-05,72005090,results/ebbi/SC3_HBD_MWPM_1x/results/sweep_10_exp_0_checkpoints.csv
030303030,0.002534341843854,5.320735363056883e-05,90522303,results/ebbi/SC3_HBD_MWPM_1x/results/sweep_10_exp_0_checkpoints.csv
030303030,0.002534341843854,5.320735363056883e-05,113963815,results/ebbi/SC3_HBD_MWPM_1x/results/sweep_10_exp_0_checkpoints.csv
030303030,0.002534341843854,5.320735363056883e-05,143135475,results/ebbi/SC3_HBD_MWPM_1x/results/sweep_10_exp_0_checkpoints.csv
030303030,0.002534341843854,5.320735363056883e-05,180225157,results/ebbi/SC3_HBD_MWPM_1x/results/sweep_10_exp_0_checkpoints.csv
030303030,0.002534341843854,5.320735363056883e-05,226899813,results/ebbi/SC3_HBD_MWPM_1x/results/sweep_10_exp_0_checkpoints.csv
030303030,0.002534341843854,5.320735363056883e-05,285659871,results/ebbi/SC3_HBD_MWPM_1x/results/sweep_10_exp_0_checkpoints.csv
030303030,0.002534341843854,5.320735363056883e-05,359422497,results/ebbi/SC3_HBD_MWPM_1x/results/sweep_10_exp_0_checkpoints.csv
030303030,0.002534341843854,5.320735363056883e-05,452355071,results/ebbi/SC3_HBD_MWPM_1x/results/sweep_10_exp_0_checkpoints.csv
030303030,0.002534341843854,5.320735363056883e-05,569458449,results/ebbi/SC3_HBD_MWPM_1x/results/sweep_10_exp_0_checkpoints.csv
030303030,0.002534341843854,5.320735363056883e-05,716983701,results/ebbi/SC3_HBD_MWPM_1x/results/sweep_10_exp_0_checkpoints.csv
030303030,0.002534341843854,5.320735363056883e-05,902432111,results/ebbi/SC3_HBD_MWPM_1x/results/sweep_10_exp_0_checkpoints.csv
030303030,0.002534341843854,5.320735363056883e-05,1136222129,results/ebbi/SC3_HBD_MWPM_1x/results/sweep_10_exp_0_checkpoints.csv
030303030,0.002534341843854,5.320735363056883e-05,1430439157,results/ebbi/SC3_HBD_MWPM_1x/results/sweep_10_exp_0_checkpoints.csv
030303030,0.002534341843854,5.320735363056883e-05,1800502501,results/ebbi/SC3_HBD_MWPM_1x/results/sweep_10_exp_0_checkpoints.csv
030303030,0.002534341843854,5.320735363056883e-05,2266832323,results/ebbi/SC3_HBD_MWPM_1x/results/sweep_10_exp_0_checkpoints.csv
030303030,0.002534341843854,5.320735363056883e-05,2853599427,results/ebbi/SC3_HBD_MWPM_1x/results/sweep_10_exp_0_checkpoints.csv
030303030,0.002534341843854,5.320735363056883e-05,3592475901,results/ebbi/SC3_HBD_MWPM_1x/results/sweep_10_exp_0_checkpoints.csv
030303030,0.002534341843854,5.320735363056883e-05,4522218379,results/ebbi/SC3_HBD_MWPM_1x/results/sweep_10_exp_0_checkpoints.csv
030303030,0.002534341843854,5.320735363056883e-05,5693252159,results/ebbi/SC3_HBD_MWPM_1x/results/sweep_10_exp_0_checkpoints.csv
030303030,0.002534341843854,5.320735363056883e-05,7167254465,results/ebbi/SC3_HBD_MWPM_1x/results/sweep_10_exp_0_checkpoints.csv
030303030,0.002534341843854,5.320735363056883e-05,8172060035,results/ebbi/SC3_HBD_MWPM_1x/results/sweep_10_exp_0_checkpoints.csv
022303333,0.0031838713641492,0.0001087124255718,2064902,results/ebbi/SC3_HBD_MWPM_1x/results/sweep_21_exp_0_checkpoints.csv
020303032,0.0029035986357495,9.548584785079584e-05,4252830,results/ebbi/SC3_HBD_MWPM_1x/results/sweep_21_exp_0_checkpoints.csv
020303032,0.0029035986357495,9.548584785079584e-05,5686259,results/ebbi/SC3_HBD_MWPM_1x/results/sweep_21_exp_0_checkpoints.csv
030303033,0.0027127448301506,8.729820547159761e-05,7265558,results/ebbi/SC3_HBD_MWPM_1x/results/sweep_21_exp_0_checkpoints.csv
030303030,0.0025951930866864,8.360709034604952e-05,8543132,results/ebbi/SC3_HBD_MWPM_1x/results/sweep_21_exp_0_checkpoints.csv
030303030,0.0025951930866864,8.360709034604952e-05,10932733,results/ebbi/SC3_HBD_MWPM_1x/results/sweep_21_exp_0_checkpoints.csv
030303030,0.0025951930866864,8.360709034604952e-05,13305912,results/ebbi/SC3_HBD_MWPM_1x/results/sweep_21_exp_0_checkpoints.csv
030303030,0.0025951930866864,8.360709034604952e-05,16768401,results/ebbi/SC3_HBD_MWPM_1x/results/sweep_21_exp_0_checkpoints.csv
030303030,0.0026981223564882,5.682985283783637e-05,20705808,results/ebbi/SC3_HBD_MWPM_1x/results/sweep_21_exp_0_checkpoints.csv
030303030,0.0026383816787703,3.746595393749885e-05,27010760,results/ebbi/SC3_HBD_MWPM_1x/results/sweep_21_exp_0_checkpoints.csv
030303030,0.0026383816787703,3.746595393749885e-05,32903720,results/ebbi/SC3_HBD_MWPM_1x/results/sweep_21_exp_0_checkpoints.csv
030303030,0.0026383816787703,3.746595393749885e-05,41299500,results/ebbi/SC3_HBD_MWPM_1x/results/sweep_21_exp_0_checkpoints.csv
030303030,0.0026383816787703,3.746595393749885e-05,51870136,results/ebbi/SC3_HBD_MWPM_1x/results/sweep_21_exp_0_checkpoints.csv
030303030,0.0026383816787703,3.746595393749885e-05,65701365,results/ebbi/SC3_HBD_MWPM_1x/results/sweep_21_exp_0_checkpoints.csv
030303030,0.0026383816787703,3.746595393749885e-05,82238639,results/ebbi/SC3_HBD_MWPM_1x/results/sweep_21_exp_0_checkpoints.csv
030303030,0.0026383816787703,3.746595393749885e-05,103703557,results/ebbi/SC3_HBD_MWPM_1x/results/sweep_21_exp_0_checkpoints.csv
030303030,0.0026383816787703,3.746595393749885e-05,130586303,results/ebbi/SC3_HBD_MWPM_1x/results/sweep_21_exp_0_checkpoints.csv
030303030,0.0026383816787703,3.746595393749885e-05,164022050,results/ebbi/SC3_HBD_MWPM_1x/results/sweep_21_exp_0_checkpoints.csv
030303030,0.0026383816787703,3.746595393749885e-05,206539111,results/ebbi/SC3_HBD_MWPM_1x/results/sweep_21_exp_0_checkpoints.csv
030303030,0.0026383816787703,3.746595393749885e-05,260201421,results/ebbi/SC3_HBD_MWPM_1x/results/sweep_21_exp_0_checkpoints.csv
030303030,0.0026383816787703,3.746595393749885e-05,327485702,results/ebbi/SC3_HBD_MWPM_1x/results/sweep_21_exp_0_checkpoints.csv
030303030,0.0026383816787703,3.746595393749885e-05,412107037,results/ebbi/SC3_HBD_MWPM_1x/results/sweep_21_exp_0_checkpoints.csv
030303030,0.0026383816787703,3.746595393749885e-05,519018870,results/ebbi/SC3_HBD_MWPM_1x/results/sweep_21_exp_0_checkpoints.csv
030303030,0.0026383816787703,3.746595393749885e-05,653174645,results/ebbi/SC3_HBD_MWPM_1x/results/sweep_21_exp_0_checkpoints.csv
030303030,0.0026383816787703,3.746595393749885e-05,822417315,results/ebbi/SC3_HBD_MWPM_1x/results/sweep_21_exp_0_checkpoints.csv
030303030,0.0026383816787703,3.746595393749885e-05,1035002620,results/ebbi/SC3_HBD_MWPM_1x/results/sweep_21_exp_0_checkpoints.csv
030303030,0.0026383816787703,3.746595393749885e-05,1302901383,results/ebbi/SC3_HBD_MWPM_1x/results/sweep_21_exp_0_checkpoints.csv
030303030,0.0026383816787703,3.746595393749885e-05,1640561149,results/ebbi/SC3_HBD_MWPM_1x/results/sweep_21_exp_0_checkpoints.csv
030303030,0.0026383816787703,3.746595393749885e-05,2064906185,results/ebbi/SC3_HBD_MWPM_1x/results/sweep_21_exp_0_checkpoints.csv
030303030,0.0026383816787703,3.746595393749885e-05,2599878137,results/ebbi/SC3_HBD_MWPM_1x/results/sweep_21_exp_0_checkpoints.csv
030303030,0.0026383816787703,3.746595393749885e-05,3272720947,results/ebbi/SC3_HBD_MWPM_1x/results/sweep_21_exp_0_checkpoints.csv
030303030,0.0026383816787703,3.746595393749885e-05,4120172658,results/ebbi/SC3_HBD_MWPM_1x/results/sweep_21_exp_0_checkpoints.csv
030303030,0.0026383816787703,3.746595393749885e-05,5186814266,results/ebbi/SC3_HBD_MWPM_1x/results/sweep_21_exp_0_checkpoints.csv
030303030,0.0026383816787703,3.746595393749885e-05,6530023164,results/ebbi/SC3_HBD_MWPM_1x/results/sweep_21_exp_0_checkpoints.csv
030303030,0.0026303627504471,1.6626288925181143e-05,8115885388,results/ebbi/SC3_HBD_MWPM_1x/results/sweep_21_exp_0_checkpoints.csv
233002030,0.0033806449689144,0.0001120623564929,1923602,results/ebbi/SC3_HBD_MWPM_1x/results/sweep_9_exp_0_checkpoints.csv
330200030,0.0029671025209565,9.557073644828051e-05,4123200,results/ebbi/SC3_HBD_MWPM_1x/results/sweep_9_exp_0_checkpoints.csv
330200030,0.0029671025209565,9.557073644828051e-05,5754576,results/ebbi/SC3_HBD_MWPM_1x/results/sweep_9_exp_0_checkpoints.csv
230200030,0.0029620265363563,9.1492613137234e-05,6655185,results/ebbi/SC3_HBD_MWPM_1x/results/sweep_9_exp_0_checkpoints.csv
230302030,0.0028661318750102,8.857721695676446e-05,7933746,results/ebbi/SC3_HBD_MWPM_1x/results/sweep_9_exp_0_checkpoints.csv
230302030,0.0028661318750102,8.857721695676446e-05,9721752,results/ebbi/SC3_HBD_MWPM_1x/results/sweep_9_exp_0_checkpoints.csv
330303030,0.0027339824290299,8.582432201365009e-05,12669409,results/ebbi/SC3_HBD_MWPM_1x/results/sweep_9_exp_0_checkpoints.csv
330303030,0.0027339824290299,8.582432201365009e-05,15490470,results/ebbi/SC3_HBD_MWPM_1x/results/sweep_9_exp_0_checkpoints.csv
330303030,0.0027339824290299,8.582432201365009e-05,19637460,results/ebbi/SC3_HBD_MWPM_1x/results/sweep_9_exp_0_checkpoints.csv
030303030,0.0026011568035237,8.118026016745716e-05,24700238,results/ebbi/SC3_HBD_MWPM_1x/results/sweep_9_exp_0_checkpoints.csv
030303030,0.0025876171455602,5.397962377173826e-05,31177840,results/ebbi/SC3_HBD_MWPM_1x/results/sweep_9_exp_0_checkpoints.csv
030303030,0.0025876171455602,5.397962377173826e-05,38533251,results/ebbi/SC3_HBD_MWPM_1x/results/sweep_9_exp_0_checkpoints.csv
030303030,0.0025876171455602,5.397962377173826e-05,48836387,results/ebbi/SC3_HBD_MWPM_1x/results/sweep_9_exp_0_checkpoints.csv
030303030,0.0025876171455602,5.397962377173826e-05,61951328,results/ebbi/SC3_HBD_MWPM_1x/results/sweep_9_exp_0_checkpoints.csv
030303030,0.0025931408213954,3.602474316721782e-05,76645618,results/ebbi/SC3_HBD_MWPM_1x/results/sweep_9_exp_0_checkpoints.csv
030303030,0.0025931408213954,3.602474316721782e-05,96771959,results/ebbi/SC3_HBD_MWPM_1x/results/sweep_9_exp_0_checkpoints.csv
030303030,0.0025931408213954,3.602474316721782e-05,121498194,results/ebbi/SC3_HBD_MWPM_1x/results/sweep_9_exp_0_checkpoints.csv
030303030,0.0025931408213954,3.602474316721782e-05,152862303,results/ebbi/SC3_HBD_MWPM_1x/results/sweep_9_exp_0_checkpoints.csv
030303030,0.0025931408213954,3.602474316721782e-05,192460108,results/ebbi/SC3_HBD_MWPM_1x/results/sweep_9_exp_0_checkpoints.csv
030303030,0.0025931408213954,3.602474316721782e-05,242478388,results/ebbi/SC3_HBD_MWPM_1x/results/sweep_9_exp_0_checkpoints.csv
030303030,0.0025931408213954,3.602474316721782e-05,305001238,results/ebbi/SC3_HBD_MWPM_1x/results/sweep_9_exp_0_checkpoints.csv
030303030,0.0025931408213954,3.602474316721782e-05,384196848,results/ebbi/SC3_HBD_MWPM_1x/results/sweep_9_exp_0_checkpoints.csv
030303030,0.0025931408213954,3.602474316721782e-05,483399770,results/ebbi/SC3_HBD_MWPM_1x/results/sweep_9_exp_0_checkpoints.csv
030303030,0.0025931408213954,3.602474316721782e-05,608445470,results/ebbi/SC3_HBD_MWPM_1x/results/sweep_9_exp_0_checkpoints.csv
030303030,0.0025931408213954,3.602474316721782e-05,766003052,results/ebbi/SC3_HBD_MWPM_1x/results/sweep_9_exp_0_checkpoints.csv
030303030,0.0025931408213954,3.602474316721782e-05,964408896,results/ebbi/SC3_HBD_MWPM_1x/results/sweep_9_exp_0_checkpoints.csv
030303030,0.0025931408213954,3.602474316721782e-05,1214083477,results/ebbi/SC3_HBD_MWPM_1x/results/sweep_9_exp_0_checkpoints.csv
030303030,0.0025931408213954,3.602474316721782e-05,1528365003,results/ebbi/SC3_HBD_MWPM_1x/results/sweep_9_exp_0_checkpoints.csv
030303030,0.0025931408213954,3.602474316721782e-05,1923926234,results/ebbi/SC3_HBD_MWPM_1x/results/sweep_9_exp_0_checkpoints.csv
030303030,0.0025931408213954,3.602474316721782e-05,2422024939,results/ebbi/SC3_HBD_MWPM_1x/results/sweep_9_exp_0_checkpoints.csv
030303030,0.0025931408213954,3.602474316721782e-05,3048920715,results/ebbi/SC3_HBD_MWPM_1x/results/sweep_9_exp_0_checkpoints.csv
030303030,0.0025931408213954,3.602474316721782e-05,3838375901,results/ebbi/SC3_HBD_MWPM_1x/results/sweep_9_exp_0_checkpoints.csv
030303030,0.0025931408213954,3.602474316721782e-05,4832072397,results/ebbi/SC3_HBD_MWPM_1x/results/sweep_9_exp_0_checkpoints.csv
030303030,0.0025931408213954,3.602474316721782e-05,6083363035,results/ebbi/SC3_HBD_MWPM_1x/results/sweep_9_exp_0_checkpoints.csv
030303030,0.0025931408213954,3.602474316721782e-05,7658105217,results/ebbi/SC3_HBD_MWPM_1x/results/sweep_9_exp_0_checkpoints.csv
030303030,0.0025683883290757,2.3901904569356706e-05,8168965700,results/ebbi/SC3_HBD_MWPM_1x/results/sweep_9_exp_0_checkpoints.csv
002303023,0.0032168858287713,0.0001063500749296,1739687,results/ebbi/SC3_HBD_MWPM_1x/results/sweep_16_exp_0_checkpoints.csv
000303033,0.0029031160312837,9.336711082141846e-05,4309052,results/ebbi/SC3_HBD_MWPM_1x/results/sweep_16_exp_0_checkpoints.csv
000303030,0.0026439902815492,8.681874169269577e-05,6022256,results/ebbi/SC3_HBD_MWPM_1x/results/sweep_16_exp_0_checkpoints.csv
000303030,0.0026439902815492,8.681874169269577e-05,7783994,results/ebbi/SC3_HBD_MWPM_1x/results/sweep_16_exp_0_checkpoints.csv
000303030,0.0026439902815492,8.681874169269577e-05,9854127,results/ebbi/SC3_HBD_MWPM_1x/results/sweep_16_exp_0_checkpoints.csv
000303030,0.0026439902815492,8.681874169269577e-05,11240150,results/ebbi/SC3_HBD_MWPM_1x/results/sweep_16_exp_0_checkpoints.csv
000303030,0.0026439902815492,8.681874169269577e-05,14008767,results/ebbi/SC3_HBD_MWPM_1x/results/sweep_16_exp_0_checkpoints.csv
030303030,0.0026832657547883,8.329319098265842e-05,17409423,results/ebbi/SC3_HBD_MWPM_1x/results/sweep_16_exp_0_checkpoints.csv
030303030,0.0026029064059842,5.469331154017709e-05,22582138,results/ebbi/SC3_HBD_MWPM_1x/results/sweep_16_exp_0_checkpoints.csv
030303030,0.0026029064059842,5.469331154017709e-05,28037962,results/ebbi/SC3_HBD_MWPM_1x/results/sweep_16_exp_0_checkpoints.csv
030303030,0.0026029064059842,5.469331154017709e-05,34845687,results/ebbi/SC3_HBD_MWPM_1x/results/sweep_16_exp_0_checkpoints.csv
030303030,0.0025784573092479,3.629104321589693e-05,43802067,results/ebbi/SC3_HBD_MWPM_1x/results/sweep_16_exp_0_checkpoints.csv
030303030,0.0025784573092479,3.629104321589693e-05,55412046,results/ebbi/SC3_HBD_MWPM_1x/results/sweep_16_exp_0_checkpoints.csv
030303030,0.0025784573092479,3.629104321589693e-05,69608372,results/ebbi/SC3_HBD_MWPM_1x/results/sweep_16_exp_0_checkpoints.csv
030303030,0.0025784573092479,3.629104321589693e-05,87353778,results/ebbi/SC3_HBD_MWPM_1x/results/sweep_16_exp_0_checkpoints.csv
030303030,0.0025784573092479,3.629104321589693e-05,109796497,results/ebbi/SC3_HBD_MWPM_1x/results/sweep_16_exp_0_checkpoints.csv
030303030,0.0025784573092479,3.629104321589693e-05,138189149,results/ebbi/SC3_HBD_MWPM_1x/results/sweep_16_exp_0_checkpoints.csv
030303030,0.0025784573092479,3.629104321589693e-05,174097503,results/ebbi/SC3_HBD_MWPM_1x/results/sweep_16_exp_0_checkpoints.csv
030303030,0.0025784573092479,3.629104321589693e-05,219191715,results/ebbi/SC3_HBD_MWPM_1x/results/sweep_16_exp_0_checkpoints.csv
030303030,0.0025784573092479,3.629104321589693e-05,275977019,results/ebbi/SC3_HBD_MWPM_1x/results/sweep_16_exp_0_checkpoints.csv
030303030,0.0025784573092479,3.629104321589693e-05,347376188,results/ebbi/SC3_HBD_MWPM_1x/results/sweep_16_exp_0_checkpoints.csv
030303030,0.0025784573092479,3.629104321589693e-05,437147073,results/ebbi/SC3_HBD_MWPM_1x/results/sweep_16_exp_0_checkpoints.csv
030303030,0.0025784573092479,3.629104321589693e-05,550300142,results/ebbi/SC3_HBD_MWPM_1x/results/sweep_16_exp_0_checkpoints.csv
030303030,0.0025784573092479,3.629104321589693e-05,692680941,results/ebbi/SC3_HBD_MWPM_1x/results/sweep_16_exp_0_checkpoints.csv
030303030,0.0025784573092479,3.629104321589693e-05,872222711,results/ebbi/SC3_HBD_MWPM_1x/results/sweep_16_exp_0_checkpoints.csv
030303030,0.0025784573092479,3.629104321589693e-05,1097693771,results/ebbi/SC3_HBD_MWPM_1x/results/sweep_16_exp_0_checkpoints.csv
030303030,0.0025784573092479,3.629104321589693e-05,1382037830,results/ebbi/SC3_HBD_MWPM_1x/results/sweep_16_exp_0_checkpoints.csv
030303030,0.0025784573092479,3.629104321589693e-05,1739868753,results/ebbi/SC3_HBD_MWPM_1x/results/sweep_16_exp_0_checkpoints.csv
030303030,0.0025784573092479,3.629104321589693e-05,2190393334,results/ebbi/SC3_HBD_MWPM_1x/results/sweep_16_exp_0_checkpoints.csv
030303030,0.0025784573092479,3.629104321589693e-05,2757411296,results/ebbi/SC3_HBD_MWPM_1x/results/sweep_16_exp_0_checkpoints.csv
030303030,0.0025784573092479,3.629104321589693e-05,3471402986,results/ebbi/SC3_HBD_MWPM_1x/results/sweep_16_exp_0_checkpoints.csv
030303030,0.0025784573092479,3.629104321589693e-05,4369946914,results/ebbi/SC3_HBD_MWPM_1x/results/sweep_16_exp_0_checkpoints.csv
030303030,0.0025784573092479,3.629104321589693e-05,5501477604,results/ebbi/SC3_HBD_MWPM_1x/results/sweep_16_exp_0_checkpoints.csv
030303030,0.0025784573092479,3.629104321589693e-05,6926120672,results/ebbi/SC3_HBD_MWPM_1x/results/sweep_16_exp_0_checkpoints.csv
030303030,0.0026083316851074,2.4333428882528096e-05,8176798101,results/ebbi/SC3_HBD_MWPM_1x/results/sweep_16_exp_0_checkpoints.csv
030300322,0.0034059464648746,0.0001094542240025,2191548,results/ebbi/SC3_HBD_MWPM_1x/results/sweep_5_exp_0_checkpoints.csv
030300322,0.0034059464648746,0.0001094542240025,3366420,results/ebbi/SC3_HBD_MWPM_1x/results/sweep_5_exp_0_checkpoints.csv
030300322,0.0034059464648746,0.0001094542240025,3535785,results/ebbi/SC3_HBD_MWPM_1x/results/sweep_5_exp_0_checkpoints.csv
030300330,0.0028906209673256,9.354991925647482e-05,6884352,results/ebbi/SC3_HBD_MWPM_1x/results/sweep_5_exp_0_checkpoints.csv
030303330,0.0027310880997112,8.96263518370688e-05,9366190,results/ebbi/SC3_HBD_MWPM_1x/results/sweep_5_exp_0_checkpoints.csv
030303330,0.0027310880997112,8.96263518370688e-05,11449466,results/ebbi/SC3_HBD_MWPM_1x/results/sweep_5_exp_0_checkpoints.csv
030303330,0.0027310880997112,8.96263518370688e-05,14055808,results/ebbi/SC3_HBD_MWPM_1x/results/sweep_5_exp_0_checkpoints.csv
030303330,0.0027435507550335,5.988685734337196e-05,17481901,results/ebbi/SC3_HBD_MWPM_1x/results/sweep_5_exp_0_checkpoints.csv
030303030,0.0025721568526481,8.127460750984028e-05,22514562,results/ebbi/SC3_HBD_MWPM_1x/results/sweep_5_exp_0_checkpoints.csv
030303030,0.0025721568526481,8.127460750984028e-05,28147458,results/ebbi/SC3_HBD_MWPM_1x/results/sweep_5_exp_0_checkpoints.csv
030303030,0.0025850379058789,5.431834142655134e-05,34964256,results/ebbi/SC3_HBD_MWPM_1x/results/sweep_5_exp_0_checkpoints.csv
030303030,0.0025850379058789,5.431834142655134e-05,44139890,results/ebbi/SC3_HBD_MWPM_1x/results/sweep_5_exp_0_checkpoints.csv
030303030,0.0025850379058789,5.431834142655134e-05,56087301,results/ebbi/SC3_HBD_MWPM_1x/results/sweep_5_exp_0_checkpoints.csv
030303030,0.0025785569845835,3.616695903474465e-05,70815524,results/ebbi/SC3_HBD_MWPM_1x/results/sweep_5_exp_0_checkpoints.csv
030303030,0.0025785569845835,3.616695903474465e-05,87597264,results/ebbi/SC3_HBD_MWPM_1x/results/sweep_5_exp_0_checkpoints.csv
030303030,0.0025785569845835,3.616695903474465e-05,109945445,results/ebbi/SC3_HBD_MWPM_1x/results/sweep_5_exp_0_checkpoints.csv
030303030,0.0025785569845835,3.616695903474465e-05,138633299,results/ebbi/SC3_HBD_MWPM_1x/results/sweep_5_exp_0_checkpoints.csv
030303030,0.0025785569845835,3.616695903474465e-05,174389175,results/ebbi/SC3_HBD_MWPM_1x/results/sweep_5_exp_0_checkpoints.csv
030303030,0.0025785569845835,3.616695903474465e-05,219291903,results/ebbi/SC3_HBD_MWPM_1x/results/sweep_5_exp_0_checkpoints.csv
030303030,0.0025785569845835,3.616695903474465e-05,276251845,results/ebbi/SC3_HBD_MWPM_1x/results/sweep_5_exp_0_checkpoints.csv
030303030,0.0025785569845835,3.616695903474465e-05,347347831,results/ebbi/SC3_HBD_MWPM_1x/results/sweep_5_exp_0_checkpoints.csv
030303030,0.0025785569845835,3.616695903474465e-05,437569053,results/ebbi/SC3_HBD_MWPM_1x/results/sweep_5_exp_0_checkpoints.csv
030303030,0.0025785569845835,3.616695903474465e-05,550657405,results/ebbi/SC3_HBD_MWPM_1x/results/sweep_5_exp_0_checkpoints.csv
030303030,0.0025785569845835,3.616695903474465e-05,693265143,results/ebbi/SC3_HBD_MWPM_1x/results/sweep_5_exp_0_checkpoints.csv
030303030,0.0025785569845835,3.616695903474465e-05,872876055,results/ebbi/SC3_HBD_MWPM_1x/results/sweep_5_exp_0_checkpoints.csv
030303030,0.0025785569845835,3.616695903474465e-05,1098636993,results/ebbi/SC3_HBD_MWPM_1x/results/sweep_5_exp_0_checkpoints.csv
030303030,0.0025785569845835,3.616695903474465e-05,1383020937,results/ebbi/SC3_HBD_MWPM_1x/results/sweep_5_exp_0_checkpoints.csv
030303030,0.0025785569845835,3.616695903474465e-05,1740995463,results/ebbi/SC3_HBD_MWPM_1x/results/sweep_5_exp_0_checkpoints.csv
030303030,0.0025785569845835,3.616695903474465e-05,2191685807,results/ebbi/SC3_HBD_MWPM_1x/results/sweep_5_exp_0_checkpoints.csv
030303030,0.0025785569845835,3.616695903474465e-05,2759206397,results/ebbi/SC3_HBD_MWPM_1x/results/sweep_5_exp_0_checkpoints.csv
030303030,0.0025785569845835,3.616695903474465e-05,3473492385,results/ebbi/SC3_HBD_MWPM_1x/results/sweep_5_exp_0_checkpoints.csv
030303030,0.0025785569845835,3.616695903474465e-05,4372794243,results/ebbi/SC3_HBD_MWPM_1x/results/sweep_5_exp_0_checkpoints.csv
030303030,0.0025785569845835,3.616695903474465e-05,5504925061,results/ebbi/SC3_HBD_MWPM_1x/results/sweep_5_exp_0_checkpoints.csv
030303030,0.0025785569845835,3.616695903474465e-05,6930586675,results/ebbi/SC3_HBD_MWPM_1x/results/sweep_5_exp_0_checkpoints.csv
030303030,0.0025885177947789,1.6105152099044062e-05,8141635523,results/ebbi/SC3_HBD_MWPM_1x/results/sweep_5_exp_0_checkpoints.csv
000303300,0.003203641616199,0.0001028568440233,2388528,results/ebbi/SC3_HBD_MWPM_1x/results/sweep_3_exp_0_checkpoints.csv
000303320,0.0030350244525633,0.0001011260974337,4553463,results/ebbi/SC3_HBD_MWPM_1x/results/sweep_3_exp_0_checkpoints.csv
000303320,0.0030350244525633,0.0001011260974337,5516300,results/ebbi/SC3_HBD_MWPM_1x/results/sweep_3_exp_0_checkpoints.csv
000303320,0.0030350244525633,0.0001011260974337,6040417,results/ebbi/SC3_HBD_MWPM_1x/results/sweep_3_exp_0_checkpoints.csv
000303320,0.0030350244525633,0.0001011260974337,7599911,results/ebbi/SC3_HBD_MWPM_1x/results/sweep_3_exp_0_checkpoints.csv
000303320,0.0030350244525633,0.0001011260974337,9651092,results/ebbi/SC3_HBD_MWPM_1x/results/sweep_3_exp_0_checkpoints.csv
000303020,0.0030809306454768,9.470764052821325e-05,12491175,results/ebbi/SC3_HBD_MWPM_1x/results/sweep_3_exp_0_checkpoints.csv
000303020,0.0030809306454768,9.470764052821325e-05,15194990,results/ebbi/SC3_HBD_MWPM_1x/results/sweep_3_exp_0_checkpoints.csv
000303020,0.0030371387557076,6.268965807976201e-05,19635650,results/ebbi/SC3_HBD_MWPM_1x/results/sweep_3_exp_0_checkpoints.csv
000303020,0.0030371387557076,6.268965807976201e-05,24124646,results/ebbi/SC3_HBD_MWPM_1x/results/sweep_3_exp_0_checkpoints.csv
030303330,0.0026406474497126,8.596879342803732e-05,32704303,results/ebbi/SC3_HBD_MWPM_1x/results/sweep_3_exp_0_checkpoints.csv
030303033,0.0026430499567174,8.216564310714602e-05,38116845,results/ebbi/SC3_HBD_MWPM_1x/results/sweep_3_exp_0_checkpoints.csv
030303033,0.0026430499567174,8.216564310714602e-05,48168372,results/ebbi/SC3_HBD_MWPM_1x/results/sweep_3_exp_0_checkpoints.csv
030303033,0.0026578549573832,5.49300093553029e-05,60238565,results/ebbi/SC3_HBD_MWPM_1x/results/sweep_3_exp_0_checkpoints.csv
030303033,0.0026741741855682,3.673199535114691e-05,75878813,results/ebbi/SC3_HBD_MWPM_1x/results/sweep_3_exp_0_checkpoints.csv
030303030,0.0026528182389101,2.508282159396913e-05,95218449,results/ebbi/SC3_HBD_MWPM_1x/results/sweep_3_exp_0_checkpoints.csv
030303030,0.0026528182389101,2.508282159396913e-05,119934660,results/ebbi/SC3_HBD_MWPM_1x/results/sweep_3_exp_0_checkpoints.csv
030303030,0.0026528182389101,2.508282159396913e-05,150925411,results/ebbi/SC3_HBD_MWPM_1x/results/sweep_3_exp_0_checkpoints.csv
030303030,0.0026528182389101,2.508282159396913e-05,190044463,results/ebbi/SC3_HBD_MWPM_1x/results/sweep_3_exp_0_checkpoints.csv
030303030,0.0026528182389101,2.508282159396913e-05,239175517,results/ebbi/SC3_HBD_MWPM_1x/results/sweep_3_exp_0_checkpoints.csv
030303030,0.0026528182389101,2.508282159396913e-05,301105417,results/ebbi/SC3_HBD_MWPM_1x/results/sweep_3_exp_0_checkpoints.csv
030303030,0.0026528182389101,2.508282159396913e-05,378724225,results/ebbi/SC3_HBD_MWPM_1x/results/sweep_3_exp_0_checkpoints.csv
030303030,0.0026528182389101,2.508282159396913e-05,476986333,results/ebbi/SC3_HBD_MWPM_1x/results/sweep_3_exp_0_checkpoints.csv
030303030,0.0026528182389101,2.508282159396913e-05,600020401,results/ebbi/SC3_HBD_MWPM_1x/results/sweep_3_exp_0_checkpoints.csv
030303030,0.0026528182389101,2.508282159396913e-05,755670883,results/ebbi/SC3_HBD_MWPM_1x/results/sweep_3_exp_0_checkpoints.csv
030303030,0.0026528182389101,2.508282159396913e-05,950956501,results/ebbi/SC3_HBD_MWPM_1x/results/sweep_3_exp_0_checkpoints.csv
030303030,0.0026528182389101,2.508282159396913e-05,1197437503,results/ebbi/SC3_HBD_MWPM_1x/results/sweep_3_exp_0_checkpoints.csv
030303030,0.0026528182389101,2.508282159396913e-05,1507087003,results/ebbi/SC3_HBD_MWPM_1x/results/sweep_3_exp_0_checkpoints.csv
030303030,0.0026528182389101,2.508282159396913e-05,1897658239,results/ebbi/SC3_HBD_MWPM_1x/results/sweep_3_exp_0_checkpoints.csv
030303030,0.0026528182389101,2.508282159396913e-05,2388555913,results/ebbi/SC3_HBD_MWPM_1x/results/sweep_3_exp_0_checkpoints.csv
030303030,0.0026528182389101,2.508282159396913e-05,3007029181,results/ebbi/SC3_HBD_MWPM_1x/results/sweep_3_exp_0_checkpoints.csv
030303030,0.0026528182389101,2.508282159396913e-05,3785694457,results/ebbi/SC3_HBD_MWPM_1x/results/sweep_3_exp_0_checkpoints.csv
030303030,0.0026528182389101,2.508282159396913e-05,4765838341,results/ebbi/SC3_HBD_MWPM_1x/results/sweep_3_exp_0_checkpoints.csv
030303030,0.0026528182389101,2.508282159396913e-05,5999894815,results/ebbi/SC3_HBD_MWPM_1x/results/sweep_3_exp_0_checkpoints.csv
030303030,0.0026528182389101,2.508282159396913e-05,7553509573,results/ebbi/SC3_HBD_MWPM_1x/results/sweep_3_exp_0_checkpoints.csv
030303030,0.0025957486834192,1.654151128605008e-05,8157512510,results/ebbi/SC3_HBD_MWPM_1x/results/sweep_3_exp_0_checkpoints.csv
