clifford_deformation,exp_ler,uncertainty,method_shots,source_file
0203230303200330232303003,0.0702510954997565,0.0021313764154911,147879,results/ebbi/SC5_MHBD_MWPM_5x/results/sweep_10_exp_0_checkpoints.csv
3323000333020200330030223,0.0672196984659951,0.0020316976588219,201607,results/ebbi/SC5_MHBD_MWPM_5x/results/sweep_10_exp_0_checkpoints.csv
3323000333020200330030223,0.0672196984659951,0.0020316976588219,241253,results/ebbi/SC5_MHBD_MWPM_5x/results/sweep_10_exp_0_checkpoints.csv
3323000333020300330030223,0.0676382422348364,0.0014181013684719,302311,results/ebbi/SC5_MHBD_MWPM_5x/results/sweep_10_exp_0_checkpoints.csv
3323000333020300330030223,0.0676382422348364,0.0014181013684719,385617,results/ebbi/SC5_MHBD_MWPM_5x/results/sweep_10_exp_0_checkpoints.csv
3323000333020300330030223,0.0676382422348364,0.0014181013684719,520136,results/ebbi/SC5_MHBD_MWPM_5x/results/sweep_10_exp_0_checkpoints.csv
3303000333020302330030223,0.0669319429198682,0.0013091163709759,592839,results/ebbi/SC5_MHBD_MWPM_5x/results/sweep_10_exp_0_checkpoints.csv
3323000333020300330030223,0.066290590052868,0.0009366362937726,750361,results/ebbi/SC5_MHBD_MWPM_5x/results/sweep_10_exp_0_checkpoints.csv
3323000333020300330030223,0.066290590052868,0.0009366362937726,970689,results/ebbi/SC5_MHBD_MWPM_5x/results/sweep_10_exp_0_checkpoints.csv
3323000333020300330030223,0.066290590052868,0.0009366362937726,1198339,results/ebbi/SC5_MHBD_MWPM_5x/results/sweep_10_exp_0_checkpoints.csv
3323000333020300330030323,0.0652786944261114,0.0008556782267987,1510712,results/ebbi/SC5_MHBD_MWPM_5x/results/sweep_10_exp_0_checkpoints.csv
3003000333320300330030320,0.063923230896032,0.0008393671596422,1916052,results/ebbi/SC5_MHBD_MWPM_5x/results/sweep_10_exp_0_checkpoints.csv
3303020333000300330030323,0.0612479852636426,0.0018192146671935,2354919,results/ebbi/SC5_MHBD_MWPM_5x/results/sweep_10_exp_0_checkpoints.csv
3303020333000300333030323,0.0613925488414357,0.0018089746590703,3002724,results/ebbi/SC5_MHBD_MWPM_5x/results/sweep_10_exp_0_checkpoints.csv
3003000333300300330030320,0.0630147481325416,0.0008156122057698,3727927,results/ebbi/SC5_MHBD_MWPM_5x/results/sweep_10_exp_0_checkpoints.csv
3003000333300300330030320,0.0625688532799198,0.0005419492954388,4887767,results/ebbi/SC5_MHBD_MWPM_5x/results/sweep_10_exp_0_checkpoints.csv
3303000333000300333030323,0.0622644886109426,0.0005387542187236,5893210,results/ebbi/SC5_MHBD_MWPM_5x/results/sweep_10_exp_0_checkpoints.csv
3303000333000300333030023,0.0620798048509608,0.0005372948944568,7590867,results/ebbi/SC5_MHBD_MWPM_5x/results/sweep_10_exp_0_checkpoints.csv
3303000333000300333030023,0.0621986584516663,0.0003585182712413,9567166,results/ebbi/SC5_MHBD_MWPM_5x/results/sweep_10_exp_0_checkpoints.csv
3303000333000300333030023,0.0621986584516663,0.0003585182712413,11849074,results/ebbi/SC5_MHBD_MWPM_5x/results/sweep_10_exp_0_checkpoints.csv
3303000333000300333030023,0.0621986584516663,0.0003585182712413,15003834,results/ebbi/SC5_MHBD_MWPM_5x/results/sweep_10_exp_0_checkpoints.csv
3303030333000300333030023,0.0619451873404709,0.0003557406598702,18848031,results/ebbi/SC5_MHBD_MWPM_5x/results/sweep_10_exp_0_checkpoints.csv
3303000333000300030030033,0.0583570317111123,0.0007679171976633,23464727,results/ebbi/SC5_MHBD_MWPM_5x/results/sweep_10_exp_0_checkpoints.csv
3303000333000300030030033,0.0585320252023485,0.0005126696778461,29529299,results/ebbi/SC5_MHBD_MWPM_5x/results/sweep_10_exp_0_checkpoints.csv
3303000333030303030030033,0.0594688090307016,0.0003401804424356,37240891,results/ebbi/SC5_MHBD_MWPM_5x/results/sweep_10_exp_0_checkpoints.csv
3303000333030303030030033,0.0592889846039538,0.0002264659269712,47749315,results/ebbi/SC5_MHBD_MWPM_5x/results/sweep_10_exp_0_checkpoints.csv
3303000333030303030030033,0.0592889846039538,0.0002264659269712,59687328,results/ebbi/SC5_MHBD_MWPM_5x/results/sweep_10_exp_0_checkpoints.csv
3303000333030303030030033,0.0593266507086887,0.000151022337377,74414307,results/ebbi/SC5_MHBD_MWPM_5x/results/sweep_10_exp_0_checkpoints.csv
3303000333030303030030033,0.0593266507086887,0.000151022337377,95750872,results/ebbi/SC5_MHBD_MWPM_5x/results/sweep_10_exp_0_checkpoints.csv
3303300333030300030333033,0.0583466213837519,0.0007542442763224,117480768,results/ebbi/SC5_MHBD_MWPM_5x/results/sweep_10_exp_0_checkpoints.csv
0303300333030300030330030,0.0584052573652909,0.0002237475855508,147917796,results/ebbi/SC5_MHBD_MWPM_5x/results/sweep_10_exp_0_checkpoints.csv
0303300330030300030330030,0.058586948327167,0.0001491168513894,187196519,results/ebbi/SC5_MHBD_MWPM_5x/results/sweep_10_exp_0_checkpoints.csv
3300300300030300030333030,0.0562126519678549,0.0007393187261186,234395780,results/ebbi/SC5_MHBD_MWPM_5x/results/sweep_10_exp_0_checkpoints.csv
0333300300030300030333030,0.0573243929483986,0.0003294700873084,295468714,results/ebbi/SC5_MHBD_MWPM_5x/results/sweep_10_exp_0_checkpoints.csv
0333330300030300030333030,0.0575108628399966,9.77198942564428e-05,371573751,results/ebbi/SC5_MHBD_MWPM_5x/results/sweep_10_exp_0_checkpoints.csv
0333330300030300030333030,0.0575108628399966,9.77198942564428e-05,468143817,results/ebbi/SC5_MHBD_MWPM_5x/results/sweep_10_exp_0_checkpoints.csv
0333330300030300030333030,0.0575108628399966,9.77198942564428e-05,589165938,results/ebbi/SC5_MHBD_MWPM_5x/results/sweep_10_exp_0_checkpoints.csv
0303330303030300030333300,0.0578713814660451,0.0001464090455556,742707469,results/ebbi/SC5_MHBD_MWPM_5x/results/sweep_10_exp_0_checkpoints.csv
0303330303030300030333300,0.0578713814660451,0.0001464090455556,934294194,results/ebbi/SC5_MHBD_MWPM_5x/results/sweep_10_exp_0_checkpoints.csv
0303030303030303030303330,0.057831007088664,9.84085927484557e-05,1174689114,results/ebbi/SC5_MHBD_MWPM_5x/results/sweep_10_exp_0_checkpoints.csv
0303330303030303030003030,0.0580836216731845,6.556052539963275e-05,1486399282,results/ebbi/SC5_MHBD_MWPM_5x/results/sweep_10_exp_0_checkpoints.csv
0330330303030300030303330,0.0579885988195318,9.806502202991396e-05,1861710296,results/ebbi/SC5_MHBD_MWPM_5x/results/sweep_10_exp_0_checkpoints.csv
0333030303030300030003330,0.057853547752532,6.551066326210275e-05,2343726778,results/ebbi/SC5_MHBD_MWPM_5x/results/sweep_10_exp_0_checkpoints.csv
0333030303030300030003330,0.057853547752532,6.551066326210275e-05,2950591879,results/ebbi/SC5_MHBD_MWPM_5x/results/sweep_10_exp_0_checkpoints.csv
0333330303030300030033030,0.0576746989756845,9.787365706870332e-05,3714756867,results/ebbi/SC5_MHBD_MWPM_5x/results/sweep_10_exp_0_checkpoints.csv
0333330303030300030033030,0.0576746989756845,9.787365706870332e-05,4676453315,results/ebbi/SC5_MHBD_MWPM_5x/results/sweep_10_exp_0_checkpoints.csv
0333330303030300030033030,0.0576746989756845,9.787365706870332e-05,5887183080,results/ebbi/SC5_MHBD_MWPM_5x/results/sweep_10_exp_0_checkpoints.csv
0333330300033300030303030,0.0552188415229417,0.0007283678860403,7411508989,results/ebbi/SC5_MHBD_MWPM_5x/results/sweep_10_exp_0_checkpoints.csv
0333030300030303330303030,0.0584135170294897,6.607658724533394e-05,9333176214,results/ebbi/SC5_MHBD_MWPM_5x/results/sweep_10_exp_0_checkpoints.csv
0300330303030303030303033,0.0584153903898431,9.889207285596058e-05,11749286244,results/ebbi/SC5_MHBD_MWPM_5x/results/sweep_10_exp_0_checkpoints.csv
0300300303030303030303330,0.058524290815493,6.597353058168665e-05,14800707304,results/ebbi/SC5_MHBD_MWPM_5x/results/sweep_10_exp_0_checkpoints.csv
0003330300030300030333030,0.057928108434163,0.0001475997414672,18616872382,results/ebbi/SC5_MHBD_MWPM_5x/results/sweep_10_exp_0_checkpoints.csv
3303000303030300030330330,0.0585862968409565,9.899117867462336e-05,23440813691,results/ebbi/SC5_MHBD_MWPM_5x/results/sweep_10_exp_0_checkpoints.csv
0300330333030300030303030,0.0581252832757983,0.0001482507068431,29505767299,results/ebbi/SC5_MHBD_MWPM_5x/results/sweep_10_exp_0_checkpoints.csv
0333000330030303030333030,0.0584204874404706,0.0001487964473199,37145748119,results/ebbi/SC5_MHBD_MWPM_5x/results/sweep_10_exp_0_checkpoints.csv
0300330300030333033303030,0.0554563932193597,0.0007351418607868,46763446399,results/ebbi/SC5_MHBD_MWPM_5x/results/sweep_10_exp_0_checkpoints.csv
2202320330333233033030232,0.0707027942421676,0.0021531025413423,155457,results/ebbi/SC5_MHBD_MWPM_5x/results/sweep_9_exp_0_checkpoints.csv
2202320330333233033030232,0.0707027942421676,0.0021531025413423,208216,results/ebbi/SC5_MHBD_MWPM_5x/results/sweep_9_exp_0_checkpoints.csv
2202320330333233033030232,0.0707027942421676,0.0021531025413423,257226,results/ebbi/SC5_MHBD_MWPM_5x/results/sweep_9_exp_0_checkpoints.csv
2202220330333233033030233,0.0694734098018769,0.0020525334402918,316075,results/ebbi/SC5_MHBD_MWPM_5x/results/sweep_9_exp_0_checkpoints.csv
2202220330333233033030233,0.0694734098018769,0.0020525334402918,397818,results/ebbi/SC5_MHBD_MWPM_5x/results/sweep_9_exp_0_checkpoints.csv
2202220330333233033030233,0.0704788389675849,0.0013775615952908,492192,results/ebbi/SC5_MHBD_MWPM_5x/results/sweep_9_exp_0_checkpoints.csv
2202220330333233033030233,0.0704788389675849,0.0013775615952908,647023,results/ebbi/SC5_MHBD_MWPM_5x/results/sweep_9_exp_0_checkpoints.csv
2202220330333233033030233,0.0704788389675849,0.0013775615952908,814481,results/ebbi/SC5_MHBD_MWPM_5x/results/sweep_9_exp_0_checkpoints.csv
2022033303230230003230302,0.0708438618656559,0.000930746726226,1022469,results/ebbi/SC5_MHBD_MWPM_5x/results/sweep_9_exp_0_checkpoints.csv
2022033303230230003230302,0.0708438618656559,0.000930746726226,1246956,results/ebbi/SC5_MHBD_MWPM_5x/results/sweep_9_exp_0_checkpoints.csv
2022033303230230003230302,0.0708438618656559,0.000930746726226,1614464,results/ebbi/SC5_MHBD_MWPM_5x/results/sweep_9_exp_0_checkpoints.csv
2022033303230230003230302,0.0707763758985967,0.0006202324293553,1976469,results/ebbi/SC5_MHBD_MWPM_5x/results/sweep_9_exp_0_checkpoints.csv
2022033303230230003230302,0.0707763758985967,0.0006202324293553,2537980,results/ebbi/SC5_MHBD_MWPM_5x/results/sweep_9_exp_0_checkpoints.csv
0022033303230330000230300,0.0657963160631688,0.0012970275711268,3104762,results/ebbi/SC5_MHBD_MWPM_5x/results/sweep_9_exp_0_checkpoints.csv
0002033303230330000230300,0.0652696303625697,0.0008477302617393,3922480,results/ebbi/SC5_MHBD_MWPM_5x/results/sweep_9_exp_0_checkpoints.csv
0002033303230330000230300,0.0652696303625697,0.0008477302617393,4967959,results/ebbi/SC5_MHBD_MWPM_5x/results/sweep_9_exp_0_checkpoints.csv
0002033303230330003230000,0.0654853862212943,0.000565153430216,6290110,results/ebbi/SC5_MHBD_MWPM_5x/results/sweep_9_exp_0_checkpoints.csv
0032033303230330000230300,0.0644810040355458,0.0005579417338594,7800394,results/ebbi/SC5_MHBD_MWPM_5x/results/sweep_9_exp_0_checkpoints.csv
0022033303030330000230300,0.0641842816747052,0.0005572266527451,9809024,results/ebbi/SC5_MHBD_MWPM_5x/results/sweep_9_exp_0_checkpoints.csv
0032030303030330000230300,0.0629245207186206,0.0005442735855467,12388569,results/ebbi/SC5_MHBD_MWPM_5x/results/sweep_9_exp_0_checkpoints.csv
0032030003030330300230300,0.0626954072725271,0.0005421849782578,15605812,results/ebbi/SC5_MHBD_MWPM_5x/results/sweep_9_exp_0_checkpoints.csv
0033030303030330000233303,0.0602615870786516,0.0007882725331,19669611,results/ebbi/SC5_MHBD_MWPM_5x/results/sweep_9_exp_0_checkpoints.csv
0030330303030330000233303,0.0603452834814882,0.0005221195751801,24707953,results/ebbi/SC5_MHBD_MWPM_5x/results/sweep_9_exp_0_checkpoints.csv
0033330303030330030333303,0.0587378640776699,0.0005129554774612,31018519,results/ebbi/SC5_MHBD_MWPM_5x/results/sweep_9_exp_0_checkpoints.csv
0333330303030330030333303,0.0590413243688425,0.0003392727521713,39280508,results/ebbi/SC5_MHBD_MWPM_5x/results/sweep_9_exp_0_checkpoints.csv
0333330303030300030333303,0.0586371036899864,0.0003381395945325,49181347,results/ebbi/SC5_MHBD_MWPM_5x/results/sweep_9_exp_0_checkpoints.csv
0333330303030300030333003,0.0581020319306333,0.0003360466798767,62431006,results/ebbi/SC5_MHBD_MWPM_5x/results/sweep_9_exp_0_checkpoints.csv
0333330303030300030333300,0.0583414477301915,0.0002240140602225,78057295,results/ebbi/SC5_MHBD_MWPM_5x/results/sweep_9_exp_0_checkpoints.csv
0333330303030300030333300,0.0583583548634871,0.0001493631134508,98557934,results/ebbi/SC5_MHBD_MWPM_5x/results/sweep_9_exp_0_checkpoints.csv
0333330303030300030333300,0.0582722748124218,9.950653475243598e-05,123489672,results/ebbi/SC5_MHBD_MWPM_5x/results/sweep_9_exp_0_checkpoints.csv
0333330303030300030333330,0.0572840357961809,0.0003310364845674,155607605,results/ebbi/SC5_MHBD_MWPM_5x/results/sweep_9_exp_0_checkpoints.csv
0303330300030300030333330,0.0575927552882341,0.0001468898699386,196731685,results/ebbi/SC5_MHBD_MWPM_5x/results/sweep_9_exp_0_checkpoints.csv
0303330300030300030333030,0.0574098083125287,0.0002198140136897,246621408,results/ebbi/SC5_MHBD_MWPM_5x/results/sweep_9_exp_0_checkpoints.csv
0303330300030300030333030,0.0573928123561439,0.000146522434079,311627299,results/ebbi/SC5_MHBD_MWPM_5x/results/sweep_9_exp_0_checkpoints.csv
0303330300030300030333030,0.0573928123561439,0.000146522434079,390731604,results/ebbi/SC5_MHBD_MWPM_5x/results/sweep_9_exp_0_checkpoints.csv
0333330300030300030333033,0.0578296589601394,0.000220209127292,491644426,results/ebbi/SC5_MHBD_MWPM_5x/results/sweep_9_exp_0_checkpoints.csv
0333330300030300030333033,0.0579043946772275,0.0001468952250434,619026444,results/ebbi/SC5_MHBD_MWPM_5x/results/sweep_9_exp_0_checkpoints.csv
0333330300030300030033033,0.057943768275948,9.833786316448824e-05,779184365,results/ebbi/SC5_MHBD_MWPM_5x/results/sweep_9_exp_0_checkpoints.csv
0333330303030300030033030,0.0579635825619869,6.550833495566621e-05,985287319,results/ebbi/SC5_MHBD_MWPM_5x/results/sweep_9_exp_0_checkpoints.csv
3303330303030300030033030,0.0534785100286532,0.0010771648958325,1234860741,results/ebbi/SC5_MHBD_MWPM_5x/results/sweep_9_exp_0_checkpoints.csv
3303330303030300030033030,0.0534785100286532,0.0010771648958325,1554575001,results/ebbi/SC5_MHBD_MWPM_5x/results/sweep_9_exp_0_checkpoints.csv
0303330300030303030033330,0.0579916697970433,9.845519525697456e-05,1960257191,results/ebbi/SC5_MHBD_MWPM_5x/results/sweep_9_exp_0_checkpoints.csv
0333030303030303030330330,0.0580934389232169,9.873327508103102e-05,2469893788,results/ebbi/SC5_MHBD_MWPM_5x/results/sweep_9_exp_0_checkpoints.csv
0333030303030300030330330,0.0580253167264717,6.556350854225457e-05,3102591290,results/ebbi/SC5_MHBD_MWPM_5x/results/sweep_9_exp_0_checkpoints.csv
0333300300030300030333330,0.0578660442362571,0.0001476123725296,3905400869,results/ebbi/SC5_MHBD_MWPM_5x/results/sweep_9_exp_0_checkpoints.csv
0333300300030300030333030,0.0567304998982349,0.0003283820697106,4916004170,results/ebbi/SC5_MHBD_MWPM_5x/results/sweep_9_exp_0_checkpoints.csv
0333300300030300030333030,0.0567304998982349,0.0003283820697106,6188876285,results/ebbi/SC5_MHBD_MWPM_5x/results/sweep_9_exp_0_checkpoints.csv
0333300300030300030333030,0.0567304998982349,0.0003283820697106,7791310657,results/ebbi/SC5_MHBD_MWPM_5x/results/sweep_9_exp_0_checkpoints.csv
0333300300030300030333030,0.0567304998982349,0.0003283820697106,9808677230,results/ebbi/SC5_MHBD_MWPM_5x/results/sweep_9_exp_0_checkpoints.csv
0333300300030300030333030,0.0567304998982349,0.0003283820697106,12348391707,results/ebbi/SC5_MHBD_MWPM_5x/results/sweep_9_exp_0_checkpoints.csv
0333300300030300030333030,0.0567304998982349,0.0003283820697106,15545790762,results/ebbi/SC5_MHBD_MWPM_5x/results/sweep_9_exp_0_checkpoints.csv
0333300300030300030333030,0.0567304998982349,0.0003283820697106,19570888614,results/ebbi/SC5_MHBD_MWPM_5x/results/sweep_9_exp_0_checkpoints.csv
0333300300030300030333030,0.0567304998982349,0.0003283820697106,24638279760,results/ebbi/SC5_MHBD_MWPM_5x/results/sweep_9_exp_0_checkpoints.csv
0333300300030300030333030,0.0567304998982349,0.0003283820697106,31017758342,results/ebbi/SC5_MHBD_MWPM_5x/results/sweep_9_exp_0_checkpoints.csv
0333300300030300030333030,0.0567304998982349,0.0003283820697106,39049036747,results/ebbi/SC5_MHBD_MWPM_5x/results/sweep_9_exp_0_checkpoints.csv
3203233320330030230203023,0.0697611658345702,0.0020923581905663,142030,results/ebbi/SC5_MHBD_MWPM_5x/results/sweep_21_exp_0_checkpoints.csv
3203233320330030230203023,0.0697611658345702,0.0020923581905663,201821,results/ebbi/SC5_MHBD_MWPM_5x/results/sweep_21_exp_0_checkpoints.csv
3203233320330030230203023,0.0697611658345702,0.0020923581905663,225785,results/ebbi/SC5_MHBD_MWPM_5x/results/sweep_21_exp_0_checkpoints.csv
3203233320330030230203023,0.0697611658345702,0.0020923581905663,289445,results/ebbi/SC5_MHBD_MWPM_5x/results/sweep_21_exp_0_checkpoints.csv
0202203020030000332233033,0.0696292703628482,0.0014013054315,371158,results/ebbi/SC5_MHBD_MWPM_5x/results/sweep_21_exp_0_checkpoints.csv
3203233320330030230203023,0.0692715986445557,0.00139044621028,477615,results/ebbi/SC5_MHBD_MWPM_5x/results/sweep_21_exp_0_checkpoints.csv
3203233320330030230203023,0.0692715986445557,0.00139044621028,604251,results/ebbi/SC5_MHBD_MWPM_5x/results/sweep_21_exp_0_checkpoints.csv
3203233320330030230203023,0.0692715986445557,0.00139044621028,716164,results/ebbi/SC5_MHBD_MWPM_5x/results/sweep_21_exp_0_checkpoints.csv
0202203020030000332233033,0.0697771550214222,0.0009351491462439,923539,results/ebbi/SC5_MHBD_MWPM_5x/results/sweep_21_exp_0_checkpoints.csv
0203203020030000332233033,0.0694916113335698,0.0009051926899701,1170271,results/ebbi/SC5_MHBD_MWPM_5x/results/sweep_21_exp_0_checkpoints.csv
0203203020030000332233033,0.0694916113335698,0.0009051926899701,1436658,results/ebbi/SC5_MHBD_MWPM_5x/results/sweep_21_exp_0_checkpoints.csv
0203203020030000332233033,0.0694916113335698,0.0009051926899701,1822425,results/ebbi/SC5_MHBD_MWPM_5x/results/sweep_21_exp_0_checkpoints.csv
0203203020030000332233033,0.0695772648937248,0.0006038130377419,2260657,results/ebbi/SC5_MHBD_MWPM_5x/results/sweep_21_exp_0_checkpoints.csv
0203203020030000332203033,0.0695032005138541,0.0005984178860671,2972040,results/ebbi/SC5_MHBD_MWPM_5x/results/sweep_21_exp_0_checkpoints.csv
0203203020030000332203033,0.0695032005138541,0.0005984178860671,3623483,results/ebbi/SC5_MHBD_MWPM_5x/results/sweep_21_exp_0_checkpoints.csv
0203203020030000332203033,0.0695032005138541,0.0005984178860671,4521814,results/ebbi/SC5_MHBD_MWPM_5x/results/sweep_21_exp_0_checkpoints.csv
0203203020030000332203033,0.0696833670491069,0.0003994254220742,6035163,results/ebbi/SC5_MHBD_MWPM_5x/results/sweep_21_exp_0_checkpoints.csv
0203203020030000332203033,0.0696833670491069,0.0003994254220742,7585410,results/ebbi/SC5_MHBD_MWPM_5x/results/sweep_21_exp_0_checkpoints.csv
0203203020030000332233033,0.0696656613404028,0.0002685208746697,9012138,results/ebbi/SC5_MHBD_MWPM_5x/results/sweep_21_exp_0_checkpoints.csv
0203203020030000332203033,0.069638985931761,0.0002662056940607,11629333,results/ebbi/SC5_MHBD_MWPM_5x/results/sweep_21_exp_0_checkpoints.csv
0203203020030000332203033,0.069638985931761,0.0002662056940607,14770746,results/ebbi/SC5_MHBD_MWPM_5x/results/sweep_21_exp_0_checkpoints.csv
0203203020030000332203033,0.069638985931761,0.0002662056940607,18174062,results/ebbi/SC5_MHBD_MWPM_5x/results/sweep_21_exp_0_checkpoints.csv
0203203020030000332203033,0.069779561105607,0.0001776362478267,22772115,results/ebbi/SC5_MHBD_MWPM_5x/results/sweep_21_exp_0_checkpoints.csv
0303300003030303333033033,0.060629825962772,0.0005250880494713,28452037,results/ebbi/SC5_MHBD_MWPM_5x/results/sweep_21_exp_0_checkpoints.csv
0303300003030300333033033,0.0604141843486147,0.0003484648186713,35688825,results/ebbi/SC5_MHBD_MWPM_5x/results/sweep_21_exp_0_checkpoints.csv
0303330003030300333033033,0.0588176704389151,0.0005124073359183,44919698,results/ebbi/SC5_MHBD_MWPM_5x/results/sweep_21_exp_0_checkpoints.csv
0303330303030300300003033,0.0588419068584752,0.0003384954179637,56614200,results/ebbi/SC5_MHBD_MWPM_5x/results/sweep_21_exp_0_checkpoints.csv
0303330303030300300003333,0.058687816485103,0.0002248927339678,71444999,results/ebbi/SC5_MHBD_MWPM_5x/results/sweep_21_exp_0_checkpoints.csv
0303330303030300300033033,0.0588496856083368,0.0001007345417747,90115797,results/ebbi/SC5_MHBD_MWPM_5x/results/sweep_21_exp_0_checkpoints.csv
0303330303030300300333033,0.0587175357929091,0.0001495820033596,115081826,results/ebbi/SC5_MHBD_MWPM_5x/results/sweep_21_exp_0_checkpoints.csv
0303330303030300300333033,0.0587175357929091,0.0001495820033596,142910662,results/ebbi/SC5_MHBD_MWPM_5x/results/sweep_21_exp_0_checkpoints.csv
0303330303030300300333030,0.0582720251056511,0.0002232268743682,180065363,results/ebbi/SC5_MHBD_MWPM_5x/results/sweep_21_exp_0_checkpoints.csv
0333330303030300000333030,0.0572916903826276,0.0004959118668921,225315474,results/ebbi/SC5_MHBD_MWPM_5x/results/sweep_21_exp_0_checkpoints.csv
0333330303030300000333030,0.0574438670925299,0.0002206813514931,283399405,results/ebbi/SC5_MHBD_MWPM_5x/results/sweep_21_exp_0_checkpoints.csv
0333330303030300030033030,0.0577983203849346,9.823202708503231e-05,361444821,results/ebbi/SC5_MHBD_MWPM_5x/results/sweep_21_exp_0_checkpoints.csv
0333330303030300030333030,0.0579026848369717,6.550676334882155e-05,455106678,results/ebbi/SC5_MHBD_MWPM_5x/results/sweep_21_exp_0_checkpoints.csv
0303330300030300030333030,0.0574456700528337,0.0001464948290959,565469120,results/ebbi/SC5_MHBD_MWPM_5x/results/sweep_21_exp_0_checkpoints.csv
0303330300030300030333330,0.0573199370804439,0.000146209160448,711871002,results/ebbi/SC5_MHBD_MWPM_5x/results/sweep_21_exp_0_checkpoints.csv
0303330300030300030333330,0.0573199370804439,0.000146209160448,896153479,results/ebbi/SC5_MHBD_MWPM_5x/results/sweep_21_exp_0_checkpoints.csv
0303330300030300030333330,0.0573199370804439,0.000146209160448,1128216894,results/ebbi/SC5_MHBD_MWPM_5x/results/sweep_21_exp_0_checkpoints.csv
0303330300030300030333330,0.0573199370804439,0.000146209160448,1420342731,results/ebbi/SC5_MHBD_MWPM_5x/results/sweep_21_exp_0_checkpoints.csv
0303330300030300030333330,0.0573199370804439,0.000146209160448,1788496724,results/ebbi/SC5_MHBD_MWPM_5x/results/sweep_21_exp_0_checkpoints.csv
0303330300030300030333330,0.0573199370804439,0.000146209160448,2251044232,results/ebbi/SC5_MHBD_MWPM_5x/results/sweep_21_exp_0_checkpoints.csv
0303330300030300030333330,0.0573199370804439,0.000146209160448,2833871094,results/ebbi/SC5_MHBD_MWPM_5x/results/sweep_21_exp_0_checkpoints.csv
0303330300030300030333330,0.0573199370804439,0.000146209160448,3567663723,results/ebbi/SC5_MHBD_MWPM_5x/results/sweep_21_exp_0_checkpoints.csv
3303300300030300030333030,0.0573770273118491,0.0002193140244344,4491387301,results/ebbi/SC5_MHBD_MWPM_5x/results/sweep_21_exp_0_checkpoints.csv
3303300300030300030333030,0.0573770273118491,0.0002193140244344,5654347565,results/ebbi/SC5_MHBD_MWPM_5x/results/sweep_21_exp_0_checkpoints.csv
3303300300030300030333030,0.0573770273118491,0.0002193140244344,7118380422,results/ebbi/SC5_MHBD_MWPM_5x/results/sweep_21_exp_0_checkpoints.csv
3303300300030300030333030,0.0573770273118491,0.0002193140244344,8961495666,results/ebbi/SC5_MHBD_MWPM_5x/results/sweep_21_exp_0_checkpoints.csv
3303300300030300030333030,0.0573770273118491,0.0002193140244344,11281860006,results/ebbi/SC5_MHBD_MWPM_5x/results/sweep_21_exp_0_checkpoints.csv
3303300300030300030333030,0.0573770273118491,0.0002193140244344,14203009306,results/ebbi/SC5_MHBD_MWPM_5x/results/sweep_21_exp_0_checkpoints.csv
3303300300030300030333030,0.0573770273118491,0.0002193140244344,17880540285,results/ebbi/SC5_MHBD_MWPM_5x/results/sweep_21_exp_0_checkpoints.csv
3303300300030300030333030,0.0573770273118491,0.0002193140244344,22510246979,results/ebbi/SC5_MHBD_MWPM_5x/results/sweep_21_exp_0_checkpoints.csv
0333300300030303030033330,0.0575798510993073,0.0002209164231317,28338728684,results/ebbi/SC5_MHBD_MWPM_5x/results/sweep_21_exp_0_checkpoints.csv
0300330300030303330303030,0.0587830065502862,9.974454587791116e-05,35676586076,results/ebbi/SC5_MHBD_MWPM_5x/results/sweep_21_exp_0_checkpoints.csv
0303030303030303030030030,0.0577815988529654,0.0002201232273364,44913845420,results/ebbi/SC5_MHBD_MWPM_5x/results/sweep_21_exp_0_checkpoints.csv
0232330302200323230302033,0.0697366587710742,0.0021258466877043,153159,results/ebbi/SC5_MHBD_MWPM_5x/results/sweep_16_exp_0_checkpoints.csv
0232330302200323230002033,0.0694016865212153,0.002078965306282,206006,results/ebbi/SC5_MHBD_MWPM_5x/results/sweep_16_exp_0_checkpoints.csv
0232330302200323230002033,0.0694016865212153,0.002078965306282,254037,results/ebbi/SC5_MHBD_MWPM_5x/results/sweep_16_exp_0_checkpoints.csv
0003333303303202233223030,0.0697607929095587,0.0014357726322486,306941,results/ebbi/SC5_MHBD_MWPM_5x/results/sweep_16_exp_0_checkpoints.csv
0003333303303202233223030,0.0697607929095587,0.0014357726322486,399057,results/ebbi/SC5_MHBD_MWPM_5x/results/sweep_16_exp_0_checkpoints.csv
0232330302200333230302033,0.0694654270772806,0.001370373298414,494783,results/ebbi/SC5_MHBD_MWPM_5x/results/sweep_16_exp_0_checkpoints.csv
0232330302200333230300033,0.068050328596304,0.0013345769839361,647269,results/ebbi/SC5_MHBD_MWPM_5x/results/sweep_16_exp_0_checkpoints.csv
0232330302200333230300033,0.068050328596304,0.0013345769839361,809199,results/ebbi/SC5_MHBD_MWPM_5x/results/sweep_16_exp_0_checkpoints.csv
0332330003200333230300033,0.0639007223559918,0.0019216891378164,1063606,results/ebbi/SC5_MHBD_MWPM_5x/results/sweep_16_exp_0_checkpoints.csv
0332330003200333230300033,0.0638583973655323,0.0012808097526431,1249307,results/ebbi/SC5_MHBD_MWPM_5x/results/sweep_16_exp_0_checkpoints.csv
0332330003200333230300033,0.0638583973655323,0.0012808097526431,1534920,results/ebbi/SC5_MHBD_MWPM_5x/results/sweep_16_exp_0_checkpoints.csv
0333330003200333230300030,0.06491194302762,0.0008545004529878,2016772,results/ebbi/SC5_MHBD_MWPM_5x/results/sweep_16_exp_0_checkpoints.csv
0333330003200333230300030,0.06491194302762,0.0008545004529878,2494336,results/ebbi/SC5_MHBD_MWPM_5x/results/sweep_16_exp_0_checkpoints.csv
0332330003200333230300033,0.0654097187588091,0.0005756653263233,3123385,results/ebbi/SC5_MHBD_MWPM_5x/results/sweep_16_exp_0_checkpoints.csv
0332330003200333230300033,0.0654097187588091,0.0005756653263233,4062284,results/ebbi/SC5_MHBD_MWPM_5x/results/sweep_16_exp_0_checkpoints.csv
0332330000200333230300033,0.0655822322208993,0.0003862688317894,4955238,results/ebbi/SC5_MHBD_MWPM_5x/results/sweep_16_exp_0_checkpoints.csv
0333330003300303230300030,0.0629702662031031,0.0012372905621305,6106902,results/ebbi/SC5_MHBD_MWPM_5x/results/sweep_16_exp_0_checkpoints.csv
0333300003330303230300030,0.0618319646241313,0.0012106841895729,7697402,results/ebbi/SC5_MHBD_MWPM_5x/results/sweep_16_exp_0_checkpoints.csv
0333300003330303230300030,0.0621197070964714,0.0005392679013311,9753570,results/ebbi/SC5_MHBD_MWPM_5x/results/sweep_16_exp_0_checkpoints.csv
0333300003330303020300030,0.0605946263886268,0.0007948073907755,12250214,results/ebbi/SC5_MHBD_MWPM_5x/results/sweep_16_exp_0_checkpoints.csv
0333300003330303020300030,0.0607631524430545,0.0005305655649863,15346808,results/ebbi/SC5_MHBD_MWPM_5x/results/sweep_16_exp_0_checkpoints.csv
0333300003330303020300030,0.0612792058891875,0.0003551130648702,19291358,results/ebbi/SC5_MHBD_MWPM_5x/results/sweep_16_exp_0_checkpoints.csv
0333300000030303020300030,0.0612718323073166,0.0003510017995722,24364624,results/ebbi/SC5_MHBD_MWPM_5x/results/sweep_16_exp_0_checkpoints.csv
0333300003030303030300030,0.0586936483097172,0.0003441433655098,30639441,results/ebbi/SC5_MHBD_MWPM_5x/results/sweep_16_exp_0_checkpoints.csv
3330300303030303030300030,0.0586116957244519,0.0003360974078532,38891979,results/ebbi/SC5_MHBD_MWPM_5x/results/sweep_16_exp_0_checkpoints.csv
3330300303030303030003030,0.0584763015943945,0.0002238456363556,48445862,results/ebbi/SC5_MHBD_MWPM_5x/results/sweep_16_exp_0_checkpoints.csv
0330300303030303030303030,0.0583337722221515,0.0002233377890661,61034842,results/ebbi/SC5_MHBD_MWPM_5x/results/sweep_16_exp_0_checkpoints.csv
0330330303030303030303030,0.0581953315484579,0.0002228033263236,77859043,results/ebbi/SC5_MHBD_MWPM_5x/results/sweep_16_exp_0_checkpoints.csv
0330330303033303030303000,0.0575127053479584,0.0007430028053931,96701038,results/ebbi/SC5_MHBD_MWPM_5x/results/sweep_16_exp_0_checkpoints.csv
0333300303030303030303000,0.0564469764281607,0.0016684016445651,121698759,results/ebbi/SC5_MHBD_MWPM_5x/results/sweep_16_exp_0_checkpoints.csv
0333000303030303030303030,0.0577142379824803,0.0002222089970018,153305941,results/ebbi/SC5_MHBD_MWPM_5x/results/sweep_16_exp_0_checkpoints.csv
0333000303030303030303030,0.0580814869721529,9.90540866041556e-05,195483175,results/ebbi/SC5_MHBD_MWPM_5x/results/sweep_16_exp_0_checkpoints.csv
0333000303030303030303030,0.0580925395029523,6.604196096304804e-05,248341623,results/ebbi/SC5_MHBD_MWPM_5x/results/sweep_16_exp_0_checkpoints.csv
0303000303030303030303330,0.0554348950253387,0.0016454722499474,305845269,results/ebbi/SC5_MHBD_MWPM_5x/results/sweep_16_exp_0_checkpoints.csv
0333000303030303030303330,0.0580594653345824,6.54194809612818e-05,399775352,results/ebbi/SC5_MHBD_MWPM_5x/results/sweep_16_exp_0_checkpoints.csv
3303030303030303030303330,0.0580445739065647,0.0001471223367843,484376449,results/ebbi/SC5_MHBD_MWPM_5x/results/sweep_16_exp_0_checkpoints.csv
3303030303030303030303030,0.0582220864999998,6.560006295330822e-05,616446803,results/ebbi/SC5_MHBD_MWPM_5x/results/sweep_16_exp_0_checkpoints.csv
3303300300030300030333330,0.0507149470219113,0.0015735649503767,767624028,results/ebbi/SC5_MHBD_MWPM_5x/results/sweep_16_exp_0_checkpoints.csv
3303300300030300030333330,0.0507149470219113,0.0015735649503767,966377060,results/ebbi/SC5_MHBD_MWPM_5x/results/sweep_16_exp_0_checkpoints.csv
3303300300030300030333330,0.0507149470219113,0.0015735649503767,1216604440,results/ebbi/SC5_MHBD_MWPM_5x/results/sweep_16_exp_0_checkpoints.csv
3303300300030300030333330,0.0507149470219113,0.0015735649503767,1531604859,results/ebbi/SC5_MHBD_MWPM_5x/results/sweep_16_exp_0_checkpoints.csv
3303300300030300030333330,0.0507149470219113,0.0015735649503767,1928162704,results/ebbi/SC5_MHBD_MWPM_5x/results/sweep_16_exp_0_checkpoints.csv
3303300300030300030333330,0.0507149470219113,0.0015735649503767,2427413948,results/ebbi/SC5_MHBD_MWPM_5x/results/sweep_16_exp_0_checkpoints.csv
0333330300030300030033030,0.0574991110924025,0.0002203100448241,3055981648,results/ebbi/SC5_MHBD_MWPM_5x/results/sweep_16_exp_0_checkpoints.csv
0333000300030300330003030,0.0571755210610698,0.000495508138556,3847241379,results/ebbi/SC5_MHBD_MWPM_5x/results/sweep_16_exp_0_checkpoints.csv
0303300303030300030333033,0.058021761106253,9.841005521593615e-05,4843332581,results/ebbi/SC5_MHBD_MWPM_5x/results/sweep_16_exp_0_checkpoints.csv
0333030300030300030303330,0.0572623097546959,0.0003287729050498,6097451198,results/ebbi/SC5_MHBD_MWPM_5x/results/sweep_16_exp_0_checkpoints.csv
0333030303030303030303030,0.0573930676152244,0.0002202198957093,7676139186,results/ebbi/SC5_MHBD_MWPM_5x/results/sweep_16_exp_0_checkpoints.csv
0303030303030300030003330,0.0577303360752206,0.0001472666190238,9664182783,results/ebbi/SC5_MHBD_MWPM_5x/results/sweep_16_exp_0_checkpoints.csv
0300330330030300030333030,0.0580139116164056,0.0001471127470722,12165973234,results/ebbi/SC5_MHBD_MWPM_5x/results/sweep_16_exp_0_checkpoints.csv
0033330300030303030333030,0.0580644438943011,9.859032434178516e-05,15316480958,results/ebbi/SC5_MHBD_MWPM_5x/results/sweep_16_exp_0_checkpoints.csv
0333030300030300030330030,0.0584511484756238,6.605847738683224e-05,19281585367,results/ebbi/SC5_MHBD_MWPM_5x/results/sweep_16_exp_0_checkpoints.csv
0303330330030300033303030,0.0583709204519518,0.000149804924149,24274175595,results/ebbi/SC5_MHBD_MWPM_5x/results/sweep_16_exp_0_checkpoints.csv
0333300300033300030033330,0.058385477701373,0.0001486649707658,30560003761,results/ebbi/SC5_MHBD_MWPM_5x/results/sweep_16_exp_0_checkpoints.csv
0333300300033000030303330,0.0588792464792051,9.984427742892876e-05,38472922179,results/ebbi/SC5_MHBD_MWPM_5x/results/sweep_16_exp_0_checkpoints.csv
0333330300000303030333030,0.057739104053367,0.0002216403081547,48433159319,results/ebbi/SC5_MHBD_MWPM_5x/results/sweep_16_exp_0_checkpoints.csv
2223020300000300323323002,0.0691203483230151,0.002092141425237,158869,results/ebbi/SC5_MHBD_MWPM_5x/results/sweep_3_exp_0_checkpoints.csv
2223020300000300323323002,0.0691203483230151,0.002092141425237,220843,results/ebbi/SC5_MHBD_MWPM_5x/results/sweep_3_exp_0_checkpoints.csv
2223020300000300323323002,0.0691203483230151,0.002092141425237,265631,results/ebbi/SC5_MHBD_MWPM_5x/results/sweep_3_exp_0_checkpoints.csv
2223020300000300323323002,0.0691203483230151,0.002092141425237,321887,results/ebbi/SC5_MHBD_MWPM_5x/results/sweep_3_exp_0_checkpoints.csv
2223020300000300323323002,0.0705775627456909,0.0014083683490753,415975,results/ebbi/SC5_MHBD_MWPM_5x/results/sweep_3_exp_0_checkpoints.csv
2223020300000300323323002,0.0705775627456909,0.0014083683490753,512678,results/ebbi/SC5_MHBD_MWPM_5x/results/sweep_3_exp_0_checkpoints.csv
2223020300000300323323002,0.0705775627456909,0.0014083683490753,651278,results/ebbi/SC5_MHBD_MWPM_5x/results/sweep_3_exp_0_checkpoints.csv
2223020300000300323323002,0.0705775627456909,0.0014083683490753,821493,results/ebbi/SC5_MHBD_MWPM_5x/results/sweep_3_exp_0_checkpoints.csv
2000033303000323022322200,0.0713211186113789,0.0009228243725374,1005330,results/ebbi/SC5_MHBD_MWPM_5x/results/sweep_3_exp_0_checkpoints.csv
2000033303000323022322200,0.0713211186113789,0.0009228243725374,1329312,results/ebbi/SC5_MHBD_MWPM_5x/results/sweep_3_exp_0_checkpoints.csv
2000033303000323022322200,0.0713211186113789,0.0009228243725374,1612788,results/ebbi/SC5_MHBD_MWPM_5x/results/sweep_3_exp_0_checkpoints.csv
2000033303000323022322200,0.0713211186113789,0.0009228243725374,2095943,results/ebbi/SC5_MHBD_MWPM_5x/results/sweep_3_exp_0_checkpoints.csv
2223020300000300323323002,0.0720507612865543,0.0004213113861624,2607365,results/ebbi/SC5_MHBD_MWPM_5x/results/sweep_3_exp_0_checkpoints.csv
2000333303000323322322200,0.0712230215827338,0.0006121465703472,3375758,results/ebbi/SC5_MHBD_MWPM_5x/results/sweep_3_exp_0_checkpoints.csv
2000333303000323322322300,0.0704292886557229,0.0006077137077227,4023973,results/ebbi/SC5_MHBD_MWPM_5x/results/sweep_3_exp_0_checkpoints.csv
2000333303000323322322300,0.0704292886557229,0.0006077137077227,5051502,results/ebbi/SC5_MHBD_MWPM_5x/results/sweep_3_exp_0_checkpoints.csv
0000033303000323022302300,0.0674383492702566,0.0008786151884123,6329667,results/ebbi/SC5_MHBD_MWPM_5x/results/sweep_3_exp_0_checkpoints.csv
0000033303000323022303300,0.0663143126678116,0.000865358102601,8043479,results/ebbi/SC5_MHBD_MWPM_5x/results/sweep_3_exp_0_checkpoints.csv
0000033303000323033003300,0.0603812695787867,0.0008128326735459,10046392,results/ebbi/SC5_MHBD_MWPM_5x/results/sweep_3_exp_0_checkpoints.csv
0000033303300323030003300,0.0604141835518474,0.0011872185859829,12638295,results/ebbi/SC5_MHBD_MWPM_5x/results/sweep_3_exp_0_checkpoints.csv
0000033303000323033003300,0.0622088596384281,0.0003663341340143,15910295,results/ebbi/SC5_MHBD_MWPM_5x/results/sweep_3_exp_0_checkpoints.csv
0000030303000323033003330,0.0616444725032177,0.0005320598138496,20083072,results/ebbi/SC5_MHBD_MWPM_5x/results/sweep_3_exp_0_checkpoints.csv
0000030303000323033003330,0.0619367649305025,0.0002369956637267,25423809,results/ebbi/SC5_MHBD_MWPM_5x/results/sweep_3_exp_0_checkpoints.csv
0000030303000323033003330,0.0619367649305025,0.0002369956637267,32026968,results/ebbi/SC5_MHBD_MWPM_5x/results/sweep_3_exp_0_checkpoints.csv
0300030303000323033003333,0.0610944356659878,0.0003530932590365,39930569,results/ebbi/SC5_MHBD_MWPM_5x/results/sweep_3_exp_0_checkpoints.csv
0300030303000333030003330,0.0594139484129106,0.0003457919810898,50337851,results/ebbi/SC5_MHBD_MWPM_5x/results/sweep_3_exp_0_checkpoints.csv
0300030303000333030003330,0.0594816502594221,0.0002306514797965,63460018,results/ebbi/SC5_MHBD_MWPM_5x/results/sweep_3_exp_0_checkpoints.csv
0303330303000333030003330,0.0591420056829995,0.0002267572126584,80586842,results/ebbi/SC5_MHBD_MWPM_5x/results/sweep_3_exp_0_checkpoints.csv
0303330300000333030303330,0.0590659403738185,0.0002259282337035,100466711,results/ebbi/SC5_MHBD_MWPM_5x/results/sweep_3_exp_0_checkpoints.csv
0303330303000333030303330,0.0590962155532709,0.0001509719440946,126229657,results/ebbi/SC5_MHBD_MWPM_5x/results/sweep_3_exp_0_checkpoints.csv
0303330300000333030303330,0.0591361663358203,0.0001004685982479,159385608,results/ebbi/SC5_MHBD_MWPM_5x/results/sweep_3_exp_0_checkpoints.csv
0303030303030303030303330,0.0577095829164946,0.0002206882491009,200389830,results/ebbi/SC5_MHBD_MWPM_5x/results/sweep_3_exp_0_checkpoints.csv
0303030303030303030003330,0.0576432153955404,0.0001471284194849,252689346,results/ebbi/SC5_MHBD_MWPM_5x/results/sweep_3_exp_0_checkpoints.csv
0303030303030303030003330,0.0576432153955404,0.0001471284194849,317511657,results/ebbi/SC5_MHBD_MWPM_5x/results/sweep_3_exp_0_checkpoints.csv
0303030303030303030003330,0.0579519309084442,6.555457366630435e-05,401418075,results/ebbi/SC5_MHBD_MWPM_5x/results/sweep_3_exp_0_checkpoints.csv
0303030303030303030003330,0.0579519309084442,6.555457366630435e-05,507656723,results/ebbi/SC5_MHBD_MWPM_5x/results/sweep_3_exp_0_checkpoints.csv
0303030303030300030303330,0.0579723093693046,4.368330337456428e-05,632840865,results/ebbi/SC5_MHBD_MWPM_5x/results/sweep_3_exp_0_checkpoints.csv
0303030303030300030303330,0.0579723093693046,4.368330337456428e-05,796250530,results/ebbi/SC5_MHBD_MWPM_5x/results/sweep_3_exp_0_checkpoints.csv
0303030303030303030303330,0.0579799899181711,2.9125694709364325e-05,1014653261,results/ebbi/SC5_MHBD_MWPM_5x/results/sweep_3_exp_0_checkpoints.csv
0333030303030300030003330,0.0579201323199151,2.9092594559188e-05,1262191968,results/ebbi/SC5_MHBD_MWPM_5x/results/sweep_3_exp_0_checkpoints.csv
0303330300030303030033030,0.0578642136261605,0.0001469345006626,1588738372,results/ebbi/SC5_MHBD_MWPM_5x/results/sweep_3_exp_0_checkpoints.csv
0303330300030300030333330,0.0576586553223285,9.794608922675252e-05,2002837037,results/ebbi/SC5_MHBD_MWPM_5x/results/sweep_3_exp_0_checkpoints.csv
0333300300030300030333300,0.0583346916235799,9.892090020002796e-05,2520310586,results/ebbi/SC5_MHBD_MWPM_5x/results/sweep_3_exp_0_checkpoints.csv
0330330303030300030303330,0.0579953170756604,9.839708945946768e-05,3172779956,results/ebbi/SC5_MHBD_MWPM_5x/results/sweep_3_exp_0_checkpoints.csv
0333030300030303030303330,0.0576996095083773,0.0001471809810027,3991838239,results/ebbi/SC5_MHBD_MWPM_5x/results/sweep_3_exp_0_checkpoints.csv
0333000303030303030303030,0.0576245937970121,0.0001470305141992,5024254825,results/ebbi/SC5_MHBD_MWPM_5x/results/sweep_3_exp_0_checkpoints.csv
0303030303030303030330030,0.0580407935145554,9.870954090729356e-05,6324724709,results/ebbi/SC5_MHBD_MWPM_5x/results/sweep_3_exp_0_checkpoints.csv
0330330303330300030303330,0.0583093631468181,9.868494817055762e-05,7962340878,results/ebbi/SC5_MHBD_MWPM_5x/results/sweep_3_exp_0_checkpoints.csv
0300330330030300033303330,0.0581447246596243,0.0002217646833742,10024598949,results/ebbi/SC5_MHBD_MWPM_5x/results/sweep_3_exp_0_checkpoints.csv
0303300300030300030033333,0.0583357652588562,9.88989631878212e-05,12622112861,results/ebbi/SC5_MHBD_MWPM_5x/results/sweep_3_exp_0_checkpoints.csv
0333330300030330000333330,0.0565574371380397,0.0004944456159137,15886914888,results/ebbi/SC5_MHBD_MWPM_5x/results/sweep_3_exp_0_checkpoints.csv
0333330003030300030003330,0.0575127295733691,0.0003315376525279,20000427295,results/ebbi/SC5_MHBD_MWPM_5x/results/sweep_3_exp_0_checkpoints.csv
0303330300030300033003033,0.0585667369179587,0.0001489021233282,25179040665,results/ebbi/SC5_MHBD_MWPM_5x/results/sweep_3_exp_0_checkpoints.csv
0333000303030003030330330,0.0578567855443442,0.0003329323080834,31698553317,results/ebbi/SC5_MHBD_MWPM_5x/results/sweep_3_exp_0_checkpoints.csv
3303030303030300030003330,0.0580227176441435,0.000147799772094,39906103499,results/ebbi/SC5_MHBD_MWPM_5x/results/sweep_3_exp_0_checkpoints.csv
3333330303030300030033030,0.0579412237322225,0.0002219813322881,50238907921,results/ebbi/SC5_MHBD_MWPM_5x/results/sweep_3_exp_0_checkpoints.csv
0030230002203233003003002,0.0718067744977152,0.0021986255887895,139033,results/ebbi/SC5_MHBD_MWPM_5x/results/sweep_5_exp_0_checkpoints.csv
0030230002203233003003002,0.0718067744977152,0.0021986255887895,176186,results/ebbi/SC5_MHBD_MWPM_5x/results/sweep_5_exp_0_checkpoints.csv
0030230002203223003003002,0.0716563751102666,0.0021245281677693,228068,results/ebbi/SC5_MHBD_MWPM_5x/results/sweep_5_exp_0_checkpoints.csv
0030230002203223003003002,0.0716563751102666,0.0021245281677693,300681,results/ebbi/SC5_MHBD_MWPM_5x/results/sweep_5_exp_0_checkpoints.csv
0030230002203223003003002,0.0716563751102666,0.0021245281677693,361327,results/ebbi/SC5_MHBD_MWPM_5x/results/sweep_5_exp_0_checkpoints.csv
0030220002203233003003002,0.0693186293816463,0.0020578051917254,439924,results/ebbi/SC5_MHBD_MWPM_5x/results/sweep_5_exp_0_checkpoints.csv
0020330002203233003003002,0.07119904790241,0.0014026771532371,592227,results/ebbi/SC5_MHBD_MWPM_5x/results/sweep_5_exp_0_checkpoints.csv
0030230002203233003003002,0.0713159855562561,0.0009741681860759,712758,results/ebbi/SC5_MHBD_MWPM_5x/results/sweep_5_exp_0_checkpoints.csv
0030230002203223003003002,0.0711164137487264,0.0009410330676473,880467,results/ebbi/SC5_MHBD_MWPM_5x/results/sweep_5_exp_0_checkpoints.csv
0030230002203223003003002,0.0711164137487264,0.0009410330676473,1120949,results/ebbi/SC5_MHBD_MWPM_5x/results/sweep_5_exp_0_checkpoints.csv
0030230302203233003003003,0.0663825390675448,0.002000450156629,1392178,results/ebbi/SC5_MHBD_MWPM_5x/results/sweep_5_exp_0_checkpoints.csv
0030230302203233003033003,0.0664143054888556,0.0013234461657702,1761940,results/ebbi/SC5_MHBD_MWPM_5x/results/sweep_5_exp_0_checkpoints.csv
0030230302203233003003003,0.0670629807753638,0.0008933821227401,2242210,results/ebbi/SC5_MHBD_MWPM_5x/results/sweep_5_exp_0_checkpoints.csv
0030230302203233003003003,0.0676241126709455,0.0005979023408144,2845047,results/ebbi/SC5_MHBD_MWPM_5x/results/sweep_5_exp_0_checkpoints.csv
0030230302203233003003003,0.0676241126709455,0.0005979023408144,3504328,results/ebbi/SC5_MHBD_MWPM_5x/results/sweep_5_exp_0_checkpoints.csv
0030330302303033003033003,0.0636368429377339,0.001253303955309,4407859,results/ebbi/SC5_MHBD_MWPM_5x/results/sweep_5_exp_0_checkpoints.csv
0030330302203033003033003,0.0641004063379096,0.0008492346969433,5537875,results/ebbi/SC5_MHBD_MWPM_5x/results/sweep_5_exp_0_checkpoints.csv
0030330302303033003033003,0.0646298533577737,0.0005610743537545,7026446,results/ebbi/SC5_MHBD_MWPM_5x/results/sweep_5_exp_0_checkpoints.csv
3030330302303033003033003,0.0644965184651616,0.0005551907233893,8807218,results/ebbi/SC5_MHBD_MWPM_5x/results/sweep_5_exp_0_checkpoints.csv
3030330302303033003033003,0.064360122426367,0.0003697641659528,11304768,results/ebbi/SC5_MHBD_MWPM_5x/results/sweep_5_exp_0_checkpoints.csv
3030330302303033003033003,0.064360122426367,0.0003697641659528,13941937,results/ebbi/SC5_MHBD_MWPM_5x/results/sweep_5_exp_0_checkpoints.csv
3030330302303033033033003,0.0642672710968515,0.0003680951194837,17896681,results/ebbi/SC5_MHBD_MWPM_5x/results/sweep_5_exp_0_checkpoints.csv
3030300300300333033030033,0.061896694377684,0.0005347596597857,22274888,results/ebbi/SC5_MHBD_MWPM_5x/results/sweep_5_exp_0_checkpoints.csv
3030330300300333033030033,0.0618885491787244,0.0003572266432456,27753732,results/ebbi/SC5_MHBD_MWPM_5x/results/sweep_5_exp_0_checkpoints.csv
3330330303300333033030033,0.0614266756869275,0.0003535696887411,35241363,results/ebbi/SC5_MHBD_MWPM_5x/results/sweep_5_exp_0_checkpoints.csv
3330330303300333030030033,0.060901887100727,0.0003506469947751,44094370,results/ebbi/SC5_MHBD_MWPM_5x/results/sweep_5_exp_0_checkpoints.csv
3330330303300333030030033,0.0608836046735806,0.0001558216463308,56644393,results/ebbi/SC5_MHBD_MWPM_5x/results/sweep_5_exp_0_checkpoints.csv
3330330303300303030030033,0.0601839369983729,0.0002309112896909,69997225,results/ebbi/SC5_MHBD_MWPM_5x/results/sweep_5_exp_0_checkpoints.csv
3330330303300303030030033,0.0600626028314981,0.0001537956559332,87946730,results/ebbi/SC5_MHBD_MWPM_5x/results/sweep_5_exp_0_checkpoints.csv
3300330303030300030030333,0.0588934100369486,0.0005091406055726,110577054,results/ebbi/SC5_MHBD_MWPM_5x/results/sweep_5_exp_0_checkpoints.csv
0300330303030300030030333,0.0579127614391992,0.0005035093054175,139040468,results/ebbi/SC5_MHBD_MWPM_5x/results/sweep_5_exp_0_checkpoints.csv
0300330303030300030030333,0.0586332081330802,0.0001500566722825,175125764,results/ebbi/SC5_MHBD_MWPM_5x/results/sweep_5_exp_0_checkpoints.csv
0300330303030300030030330,0.058417221495001,0.0001489572896389,220359058,results/ebbi/SC5_MHBD_MWPM_5x/results/sweep_5_exp_0_checkpoints.csv
0300330302030303030033330,0.055575697933392,0.0016487598186358,277408016,results/ebbi/SC5_MHBD_MWPM_5x/results/sweep_5_exp_0_checkpoints.csv
0303330300030300033003300,0.0580763705073667,0.0003310760075692,349256779,results/ebbi/SC5_MHBD_MWPM_5x/results/sweep_5_exp_0_checkpoints.csv
0303330300030300030333032,0.0547670472076519,0.0016315589891746,440996101,results/ebbi/SC5_MHBD_MWPM_5x/results/sweep_5_exp_0_checkpoints.csv
0333330300030300030333030,0.0573757982789559,0.000146418067743,553509187,results/ebbi/SC5_MHBD_MWPM_5x/results/sweep_5_exp_0_checkpoints.csv
0333330300030300030333030,0.0573757982789559,0.000146418067743,696834155,results/ebbi/SC5_MHBD_MWPM_5x/results/sweep_5_exp_0_checkpoints.csv
0333330300030300030333030,0.0573757982789559,0.000146418067743,877370402,results/ebbi/SC5_MHBD_MWPM_5x/results/sweep_5_exp_0_checkpoints.csv
0333330300030300030333030,0.0573757982789559,0.000146418067743,1104427350,results/ebbi/SC5_MHBD_MWPM_5x/results/sweep_5_exp_0_checkpoints.csv
0303330303030300030033030,0.0577441933959252,0.0001478126796428,1390622575,results/ebbi/SC5_MHBD_MWPM_5x/results/sweep_5_exp_0_checkpoints.csv
0303330300030303030333330,0.0577815122181424,0.000146998791024,1751029657,results/ebbi/SC5_MHBD_MWPM_5x/results/sweep_5_exp_0_checkpoints.csv
0303330303030300030303330,0.0579908785560285,6.550781836267561e-05,2205642433,results/ebbi/SC5_MHBD_MWPM_5x/results/sweep_5_exp_0_checkpoints.csv
0303330300030303030333330,0.0580316833319539,2.909574322984554e-05,2836121857,results/ebbi/SC5_MHBD_MWPM_5x/results/sweep_5_exp_0_checkpoints.csv
0303030330030300030303330,0.0576619928648469,0.0002213637490058,3492410759,results/ebbi/SC5_MHBD_MWPM_5x/results/sweep_5_exp_0_checkpoints.csv
3303030303030300030303330,0.0581754339655893,6.580392073374242e-05,4396621588,results/ebbi/SC5_MHBD_MWPM_5x/results/sweep_5_exp_0_checkpoints.csv
0333030303030303030300333,0.058007396615488,0.0003336784720886,5535050556,results/ebbi/SC5_MHBD_MWPM_5x/results/sweep_5_exp_0_checkpoints.csv
0333300303030300030033300,0.0556528646204607,0.0007315702969208,6968163891,results/ebbi/SC5_MHBD_MWPM_5x/results/sweep_5_exp_0_checkpoints.csv
0333030303030303030003330,0.0580867964471155,6.545554788317531e-05,8772561965,results/ebbi/SC5_MHBD_MWPM_5x/results/sweep_5_exp_0_checkpoints.csv
0333300300030300330303030,0.0579098412594588,0.0003339390386827,11043800239,results/ebbi/SC5_MHBD_MWPM_5x/results/sweep_5_exp_0_checkpoints.csv
0303330330030300030303030,0.05811892708673,9.876374679151922e-05,13903524839,results/ebbi/SC5_MHBD_MWPM_5x/results/sweep_5_exp_0_checkpoints.csv
0303330300030330030033330,0.0579665843539945,0.000147618484334,17503227622,results/ebbi/SC5_MHBD_MWPM_5x/results/sweep_5_exp_0_checkpoints.csv
0303030303030300030303300,0.0583986184407674,9.89489199128002e-05,22041950708,results/ebbi/SC5_MHBD_MWPM_5x/results/sweep_5_exp_0_checkpoints.csv
0333330303000303030333030,0.0584409199984015,6.605305679840967e-05,27743952444,results/ebbi/SC5_MHBD_MWPM_5x/results/sweep_5_exp_0_checkpoints.csv
0303030303030303030003033,0.0583512182605238,6.596582534257323e-05,34924627001,results/ebbi/SC5_MHBD_MWPM_5x/results/sweep_5_exp_0_checkpoints.csv
0303030330030303030333300,0.0588331302751422,4.423814607434906e-05,43969121984,results/ebbi/SC5_MHBD_MWPM_5x/results/sweep_5_exp_0_checkpoints.csv
3030302033330303323003020,0.0676572937082516,0.0011231740936636,136221,results/ebbi/SC5_MHBD_MWPM_5x/results/sweep_8_exp_0_checkpoints.csv
0320300202033030330330320,0.0654800571651292,0.0019936962053179,214094,results/ebbi/SC5_MHBD_MWPM_5x/results/sweep_8_exp_0_checkpoints.csv
0320300202033030330330320,0.0654800571651292,0.0019936962053179,239107,results/ebbi/SC5_MHBD_MWPM_5x/results/sweep_8_exp_0_checkpoints.csv
0320300202033030330330320,0.0654800571651292,0.0019936962053179,285032,results/ebbi/SC5_MHBD_MWPM_5x/results/sweep_8_exp_0_checkpoints.csv
0320300202033030330030320,0.0659295418455566,0.0013456920860335,367127,results/ebbi/SC5_MHBD_MWPM_5x/results/sweep_8_exp_0_checkpoints.csv
0320300202033030330030320,0.0659295418455566,0.0013456920860335,436722,results/ebbi/SC5_MHBD_MWPM_5x/results/sweep_8_exp_0_checkpoints.csv
0320300202033030330030320,0.0661604213773183,0.0008986084721982,599712,results/ebbi/SC5_MHBD_MWPM_5x/results/sweep_8_exp_0_checkpoints.csv
0320300202033030330030320,0.0661604213773183,0.0008986084721982,716843,results/ebbi/SC5_MHBD_MWPM_5x/results/sweep_8_exp_0_checkpoints.csv
0320300202033030330030320,0.0661604213773183,0.0008986084721982,899950,results/ebbi/SC5_MHBD_MWPM_5x/results/sweep_8_exp_0_checkpoints.csv
0320300202033030330030320,0.0661604213773183,0.0008986084721982,1085881,results/ebbi/SC5_MHBD_MWPM_5x/results/sweep_8_exp_0_checkpoints.csv
0320300202033030330030320,0.0663793153525765,0.0005999991553835,1425663,results/ebbi/SC5_MHBD_MWPM_5x/results/sweep_8_exp_0_checkpoints.csv
0320300202033030330030320,0.0663793153525765,0.0005999991553835,1731603,results/ebbi/SC5_MHBD_MWPM_5x/results/sweep_8_exp_0_checkpoints.csv
0320300202033030330030320,0.0663793153525765,0.0005999991553835,2256164,results/ebbi/SC5_MHBD_MWPM_5x/results/sweep_8_exp_0_checkpoints.csv
0320300202033330333030320,0.0669142432123056,0.0005738956970162,2914622,results/ebbi/SC5_MHBD_MWPM_5x/results/sweep_8_exp_0_checkpoints.csv
0320300202033330333030320,0.0669142432123056,0.0005738956970162,3611724,results/ebbi/SC5_MHBD_MWPM_5x/results/sweep_8_exp_0_checkpoints.csv
0320300202033330333030320,0.0669142432123056,0.0005738956970162,4322165,results/ebbi/SC5_MHBD_MWPM_5x/results/sweep_8_exp_0_checkpoints.csv
0320000303033330333030020,0.062083237525868,0.0018294987967237,5473648,results/ebbi/SC5_MHBD_MWPM_5x/results/sweep_8_exp_0_checkpoints.csv
0320300303033330333030330,0.0633392834225846,0.0008319588378071,6870566,results/ebbi/SC5_MHBD_MWPM_5x/results/sweep_8_exp_0_checkpoints.csv
0320000303033330333030020,0.063231850117096,0.000546776689589,8662892,results/ebbi/SC5_MHBD_MWPM_5x/results/sweep_8_exp_0_checkpoints.csv
0320000303033330333030020,0.0635261392823895,0.0003653093881439,10928117,results/ebbi/SC5_MHBD_MWPM_5x/results/sweep_8_exp_0_checkpoints.csv
0300030303033330333030020,0.0598724195087648,0.0011889445595443,13664774,results/ebbi/SC5_MHBD_MWPM_5x/results/sweep_8_exp_0_checkpoints.csv
0300030303033300333030020,0.0615748137596488,0.0005273291026242,17311633,results/ebbi/SC5_MHBD_MWPM_5x/results/sweep_8_exp_0_checkpoints.csv
0300000303030330333030020,0.0615062645466977,0.0003509172529447,21594508,results/ebbi/SC5_MHBD_MWPM_5x/results/sweep_8_exp_0_checkpoints.csv
0300030333030300330030020,0.0587820738700067,0.0007686152821406,27180634,results/ebbi/SC5_MHBD_MWPM_5x/results/sweep_8_exp_0_checkpoints.csv
0300030333030300330030020,0.060012782140439,0.000344943429809,34323550,results/ebbi/SC5_MHBD_MWPM_5x/results/sweep_8_exp_0_checkpoints.csv
0300000330030300330030030,0.059484718363223,0.0003431640507187,43382284,results/ebbi/SC5_MHBD_MWPM_5x/results/sweep_8_exp_0_checkpoints.csv
0300300333030300330030030,0.0594160579880548,0.000227643220569,54739318,results/ebbi/SC5_MHBD_MWPM_5x/results/sweep_8_exp_0_checkpoints.csv
0300000333030300330030030,0.0594664043373541,0.0001519816287327,68285969,results/ebbi/SC5_MHBD_MWPM_5x/results/sweep_8_exp_0_checkpoints.csv
0303300333330300330000030,0.0572727701079018,0.0011278300080448,85963528,results/ebbi/SC5_MHBD_MWPM_5x/results/sweep_8_exp_0_checkpoints.csv
0300000333030300330033030,0.0591482749938074,0.0001509448338765,108414716,results/ebbi/SC5_MHBD_MWPM_5x/results/sweep_8_exp_0_checkpoints.csv
0300000333030300330033030,0.0591482749938074,0.0001509448338765,136302085,results/ebbi/SC5_MHBD_MWPM_5x/results/sweep_8_exp_0_checkpoints.csv
0303300333030300330333030,0.0589093874409591,0.000225379699259,171966516,results/ebbi/SC5_MHBD_MWPM_5x/results/sweep_8_exp_0_checkpoints.csv
0303330333030300330333030,0.0575923279272561,0.0007497307960875,215960736,results/ebbi/SC5_MHBD_MWPM_5x/results/sweep_8_exp_0_checkpoints.csv
0303330303030300030333030,0.0571192960203518,0.0002199532027589,271953680,results/ebbi/SC5_MHBD_MWPM_5x/results/sweep_8_exp_0_checkpoints.csv
0303330303030300030333030,0.0571192960203518,0.0002199532027589,342183816,results/ebbi/SC5_MHBD_MWPM_5x/results/sweep_8_exp_0_checkpoints.csv
0303330300030303030333030,0.0575239894426262,0.0001465015666326,431155734,results/ebbi/SC5_MHBD_MWPM_5x/results/sweep_8_exp_0_checkpoints.csv
0303330300030303030333030,0.0575631655984599,9.76989686023444e-05,542590978,results/ebbi/SC5_MHBD_MWPM_5x/results/sweep_8_exp_0_checkpoints.csv
0303330300030303030333030,0.0575631655984599,9.76989686023444e-05,682868044,results/ebbi/SC5_MHBD_MWPM_5x/results/sweep_8_exp_0_checkpoints.csv
0303330300030300030033330,0.0576216797298056,0.0001475851458963,859512849,results/ebbi/SC5_MHBD_MWPM_5x/results/sweep_8_exp_0_checkpoints.csv
0303330300030300030033330,0.0576216797298056,0.0001475851458963,1082208906,results/ebbi/SC5_MHBD_MWPM_5x/results/sweep_8_exp_0_checkpoints.csv
0303330300030300030033033,0.0576825163671098,0.0002213190018665,1362213247,results/ebbi/SC5_MHBD_MWPM_5x/results/sweep_8_exp_0_checkpoints.csv
0303330303030303030003330,0.0582556497990783,6.587802636204287e-05,1718156511,results/ebbi/SC5_MHBD_MWPM_5x/results/sweep_8_exp_0_checkpoints.csv
0303030303030303030303330,0.0579158392724014,6.555958680110052e-05,2159314609,results/ebbi/SC5_MHBD_MWPM_5x/results/sweep_8_exp_0_checkpoints.csv
0333030303330300000003330,0.0577686175031708,0.0004965506959706,2718235892,results/ebbi/SC5_MHBD_MWPM_5x/results/sweep_8_exp_0_checkpoints.csv
0033330300030300030333330,0.057487972446151,0.0003307410806883,3422282842,results/ebbi/SC5_MHBD_MWPM_5x/results/sweep_8_exp_0_checkpoints.csv
0330330300030303030303330,0.0580251305660414,6.556801963597536e-05,4307768674,results/ebbi/SC5_MHBD_MWPM_5x/results/sweep_8_exp_0_checkpoints.csv
0303330300030300330330030,0.0583154779893652,6.545180804096162e-05,5423205165,results/ebbi/SC5_MHBD_MWPM_5x/results/sweep_8_exp_0_checkpoints.csv
3303330300030300330303030,0.0583473502061533,9.923273319145665e-05,6827272284,results/ebbi/SC5_MHBD_MWPM_5x/results/sweep_8_exp_0_checkpoints.csv
0330330303033300030003030,0.0586674909080274,0.0001497685734648,8595990480,results/ebbi/SC5_MHBD_MWPM_5x/results/sweep_8_exp_0_checkpoints.csv
3303300300030300030333330,0.0579667321640008,9.826499444898218e-05,10821662187,results/ebbi/SC5_MHBD_MWPM_5x/results/sweep_8_exp_0_checkpoints.csv
0303030300030333030303030,0.058374349187544,6.559239409398288e-05,13622265783,results/ebbi/SC5_MHBD_MWPM_5x/results/sweep_8_exp_0_checkpoints.csv
3033330300030300030333030,0.0580596624886571,0.0001480527134845,17149266830,results/ebbi/SC5_MHBD_MWPM_5x/results/sweep_8_exp_0_checkpoints.csv
0333030300030330030303330,0.0572280783629409,0.0003308694576844,21589642844,results/ebbi/SC5_MHBD_MWPM_5x/results/sweep_8_exp_0_checkpoints.csv
0303030330030300330303030,0.0584143855015644,9.91387787507847e-05,27179706407,results/ebbi/SC5_MHBD_MWPM_5x/results/sweep_8_exp_0_checkpoints.csv
0333300303030303000033330,0.0583392207714478,0.0001490509748691,34217170333,results/ebbi/SC5_MHBD_MWPM_5x/results/sweep_8_exp_0_checkpoints.csv
0303330303030300330030330,0.0586700152184443,6.633745942963287e-05,43077882514,results/ebbi/SC5_MHBD_MWPM_5x/results/sweep_8_exp_0_checkpoints.csv
2323003030000033030202333,0.0656903170766387,0.00208879285492,145739,results/ebbi/SC5_MHBD_MWPM_5x/results/sweep_11_exp_0_checkpoints.csv
2323003030000033030202333,0.0656903170766387,0.00208879285492,266794,results/ebbi/SC5_MHBD_MWPM_5x/results/sweep_11_exp_0_checkpoints.csv
2323003030000033030202333,0.0656903170766387,0.00208879285492,309834,results/ebbi/SC5_MHBD_MWPM_5x/results/sweep_11_exp_0_checkpoints.csv
2323003030000033030002333,0.0667489966038901,0.001961181173101,382934,results/ebbi/SC5_MHBD_MWPM_5x/results/sweep_11_exp_0_checkpoints.csv
2323003030000033030002333,0.0667489966038901,0.001961181173101,480180,results/ebbi/SC5_MHBD_MWPM_5x/results/sweep_11_exp_0_checkpoints.csv
2323003030000033030202333,0.0674650824748783,0.0014099567197263,582406,results/ebbi/SC5_MHBD_MWPM_5x/results/sweep_11_exp_0_checkpoints.csv
0323003030000033030202333,0.0621507093287477,0.0018919472349807,749336,results/ebbi/SC5_MHBD_MWPM_5x/results/sweep_11_exp_0_checkpoints.csv
0323003030000033030202333,0.0621507093287477,0.0018919472349807,921024,results/ebbi/SC5_MHBD_MWPM_5x/results/sweep_11_exp_0_checkpoints.csv
0323003030000030030202333,0.065077353608955,0.0012673703022301,1185915,results/ebbi/SC5_MHBD_MWPM_5x/results/sweep_11_exp_0_checkpoints.csv
0323003030000033033202333,0.0649102079395085,0.0008468232117593,1466347,results/ebbi/SC5_MHBD_MWPM_5x/results/sweep_11_exp_0_checkpoints.csv
0323003030000033033202333,0.0649102079395085,0.0008468232117593,1911492,results/ebbi/SC5_MHBD_MWPM_5x/results/sweep_11_exp_0_checkpoints.csv
0323003030000033033202333,0.0649102079395085,0.0008468232117593,2311134,results/ebbi/SC5_MHBD_MWPM_5x/results/sweep_11_exp_0_checkpoints.csv
0323003030000033033202333,0.0654127086648077,0.0005665838834829,2928918,results/ebbi/SC5_MHBD_MWPM_5x/results/sweep_11_exp_0_checkpoints.csv
0323003030000033033202333,0.0654127086648077,0.0005665838834829,3797813,results/ebbi/SC5_MHBD_MWPM_5x/results/sweep_11_exp_0_checkpoints.csv
0323003030020333030202333,0.0651268793089127,0.000562212022487,4617966,results/ebbi/SC5_MHBD_MWPM_5x/results/sweep_11_exp_0_checkpoints.csv
0323003030020333030202333,0.0651268793089127,0.000562212022487,5918863,results/ebbi/SC5_MHBD_MWPM_5x/results/sweep_11_exp_0_checkpoints.csv
0323003030020333030202333,0.0651268793089127,0.000562212022487,7325922,results/ebbi/SC5_MHBD_MWPM_5x/results/sweep_11_exp_0_checkpoints.csv
0323003030000333030202333,0.065788103289058,0.0003771545307245,9579338,results/ebbi/SC5_MHBD_MWPM_5x/results/sweep_11_exp_0_checkpoints.csv
0323003030000333030202333,0.065788103289058,0.0003771545307245,11740295,results/ebbi/SC5_MHBD_MWPM_5x/results/sweep_11_exp_0_checkpoints.csv
0323003330000333030002333,0.0638801987486198,0.0008293283754028,14576148,results/ebbi/SC5_MHBD_MWPM_5x/results/sweep_11_exp_0_checkpoints.csv
0323003330030333030202333,0.063618059320065,0.0003683521354105,18382485,results/ebbi/SC5_MHBD_MWPM_5x/results/sweep_11_exp_0_checkpoints.csv
0300003330000333030032330,0.0604352471706753,0.000786826305557,23187933,results/ebbi/SC5_MHBD_MWPM_5x/results/sweep_11_exp_0_checkpoints.csv
0330003330000333330000330,0.0616575513543775,0.0003529538225848,29515367,results/ebbi/SC5_MHBD_MWPM_5x/results/sweep_11_exp_0_checkpoints.csv
0300003330000303030002330,0.0616839520513874,0.0002355276519665,36763025,results/ebbi/SC5_MHBD_MWPM_5x/results/sweep_11_exp_0_checkpoints.csv
0330003330000333030000030,0.0617579323911892,0.0001579328963998,47091852,results/ebbi/SC5_MHBD_MWPM_5x/results/sweep_11_exp_0_checkpoints.csv
0333000330000303030000330,0.0601492209318947,0.0003472930111456,58069142,results/ebbi/SC5_MHBD_MWPM_5x/results/sweep_11_exp_0_checkpoints.csv
0333000330030303030030030,0.0589119269944612,0.0003411178477108,73452375,results/ebbi/SC5_MHBD_MWPM_5x/results/sweep_11_exp_0_checkpoints.csv
0333300030030303030200030,0.0567931857537323,0.0011195918777957,91991232,results/ebbi/SC5_MHBD_MWPM_5x/results/sweep_11_exp_0_checkpoints.csv
0333000330030303030033030,0.0589664049332567,0.0001505551917944,115778937,results/ebbi/SC5_MHBD_MWPM_5x/results/sweep_11_exp_0_checkpoints.csv
0333330030030303030300330,0.0589547658403993,0.0001500696671428,148116628,results/ebbi/SC5_MHBD_MWPM_5x/results/sweep_11_exp_0_checkpoints.csv
0333330000030303030303030,0.0581305839673089,0.0003348006575834,183946828,results/ebbi/SC5_MHBD_MWPM_5x/results/sweep_11_exp_0_checkpoints.csv
0333300003030303030333030,0.0581920212272228,0.000148078543134,231149225,results/ebbi/SC5_MHBD_MWPM_5x/results/sweep_11_exp_0_checkpoints.csv
0303330300030303030333030,0.0572949748560748,0.0003305420395918,290828214,results/ebbi/SC5_MHBD_MWPM_5x/results/sweep_11_exp_0_checkpoints.csv
0303330300030300030333030,0.057397763148626,0.0001471536088502,366789996,results/ebbi/SC5_MHBD_MWPM_5x/results/sweep_11_exp_0_checkpoints.csv
0303330300030300030333030,0.0575597173687397,6.5488216932863e-05,461263555,results/ebbi/SC5_MHBD_MWPM_5x/results/sweep_11_exp_0_checkpoints.csv
0303330300030300030333030,0.0575597173687397,6.5488216932863e-05,580557434,results/ebbi/SC5_MHBD_MWPM_5x/results/sweep_11_exp_0_checkpoints.csv
0303330303030300000333330,0.0581686585607056,9.87578823696822e-05,731654850,results/ebbi/SC5_MHBD_MWPM_5x/results/sweep_11_exp_0_checkpoints.csv
0033330300030300030333330,0.0577630680826071,0.0001469654234824,919585597,results/ebbi/SC5_MHBD_MWPM_5x/results/sweep_11_exp_0_checkpoints.csv
3033330300030300030333030,0.0571644376409925,0.000329480448272,1157879526,results/ebbi/SC5_MHBD_MWPM_5x/results/sweep_11_exp_0_checkpoints.csv
0333300300030300030033330,0.0578625275564227,9.811891504796222e-05,1459644985,results/ebbi/SC5_MHBD_MWPM_5x/results/sweep_11_exp_0_checkpoints.csv
0333300300030300030033330,0.0577689632348214,6.536296132253483e-05,1839383434,results/ebbi/SC5_MHBD_MWPM_5x/results/sweep_11_exp_0_checkpoints.csv
0333300300030300030033330,0.0577689632348214,6.536296132253483e-05,2309861111,results/ebbi/SC5_MHBD_MWPM_5x/results/sweep_11_exp_0_checkpoints.csv
0333030303030303030303300,0.0571097208120808,0.0003287058789283,2907876247,results/ebbi/SC5_MHBD_MWPM_5x/results/sweep_11_exp_0_checkpoints.csv
0333030303030300030330330,0.0579941836257761,9.838365076575428e-05,3660965004,results/ebbi/SC5_MHBD_MWPM_5x/results/sweep_11_exp_0_checkpoints.csv
0303300300030303030333030,0.057957243646124,9.832606156123802e-05,4614439160,results/ebbi/SC5_MHBD_MWPM_5x/results/sweep_11_exp_0_checkpoints.csv
0303300300030303030333030,0.0579351043220342,6.553896673722193e-05,5802149563,results/ebbi/SC5_MHBD_MWPM_5x/results/sweep_11_exp_0_checkpoints.csv
0303330300030300033033330,0.0579639692453383,0.0002219171728938,7304628899,results/ebbi/SC5_MHBD_MWPM_5x/results/sweep_11_exp_0_checkpoints.csv
0330330300030303030303330,0.0578288865723052,0.0001476035977248,9196714684,results/ebbi/SC5_MHBD_MWPM_5x/results/sweep_11_exp_0_checkpoints.csv
0303030300030300330303300,0.0587357586900536,6.595925515284762e-05,11590167359,results/ebbi/SC5_MHBD_MWPM_5x/results/sweep_11_exp_0_checkpoints.csv
0333030300030300330330030,0.0579795011398943,0.0001479567727074,14573904036,results/ebbi/SC5_MHBD_MWPM_5x/results/sweep_11_exp_0_checkpoints.csv
0303330300030300030333303,0.0578117551958444,0.0002221748436568,18347482705,results/ebbi/SC5_MHBD_MWPM_5x/results/sweep_11_exp_0_checkpoints.csv
0333330300030300030033033,0.0580227747420361,9.8672418971546e-05,23098089124,results/ebbi/SC5_MHBD_MWPM_5x/results/sweep_11_exp_0_checkpoints.csv
0303030330030300030303300,0.058295175912066,0.000148426319356,29079327752,results/ebbi/SC5_MHBD_MWPM_5x/results/sweep_11_exp_0_checkpoints.csv
0333300300030303000333330,0.0584252996799651,0.0001489073474658,36608440377,results/ebbi/SC5_MHBD_MWPM_5x/results/sweep_11_exp_0_checkpoints.csv
0330330303030303030003333,0.058143909747872,0.0001484465174144,46086801487,results/ebbi/SC5_MHBD_MWPM_5x/results/sweep_11_exp_0_checkpoints.csv
0330020200322300033303300,0.0664057227696045,0.0020453725010156,142692,results/ebbi/SC5_MHBD_MWPM_5x/results/sweep_17_exp_0_checkpoints.csv
0330000200322300033303302,0.0630086636912575,0.001968421973288,211120,results/ebbi/SC5_MHBD_MWPM_5x/results/sweep_17_exp_0_checkpoints.csv
0330000200322300033303302,0.0630086636912575,0.001968421973288,241362,results/ebbi/SC5_MHBD_MWPM_5x/results/sweep_17_exp_0_checkpoints.csv
0330000200322300033303302,0.0630086636912575,0.001968421973288,292154,results/ebbi/SC5_MHBD_MWPM_5x/results/sweep_17_exp_0_checkpoints.csv
0330000200322300033303302,0.0630086636912575,0.001968421973288,373680,results/ebbi/SC5_MHBD_MWPM_5x/results/sweep_17_exp_0_checkpoints.csv
0330000200322300033303302,0.0630086636912575,0.001968421973288,453118,results/ebbi/SC5_MHBD_MWPM_5x/results/sweep_17_exp_0_checkpoints.csv
0330000200322300033303302,0.0630086636912575,0.001968421973288,586801,results/ebbi/SC5_MHBD_MWPM_5x/results/sweep_17_exp_0_checkpoints.csv
0330000200322300033303302,0.0658731547931617,0.0013398096198216,729346,results/ebbi/SC5_MHBD_MWPM_5x/results/sweep_17_exp_0_checkpoints.csv
0330000200320300033303302,0.0659852097193273,0.0013265307061374,909615,results/ebbi/SC5_MHBD_MWPM_5x/results/sweep_17_exp_0_checkpoints.csv
0330000200320300033303302,0.065977994644602,0.0008843312971293,1138899,results/ebbi/SC5_MHBD_MWPM_5x/results/sweep_17_exp_0_checkpoints.csv
0330000200320300033303302,0.065977994644602,0.0008843312971293,1456839,results/ebbi/SC5_MHBD_MWPM_5x/results/sweep_17_exp_0_checkpoints.csv
0330000200320300033300302,0.0625833838690115,0.0018861331045627,1826032,results/ebbi/SC5_MHBD_MWPM_5x/results/sweep_17_exp_0_checkpoints.csv
0330000200320300033300302,0.0633153638814016,0.0012643241789191,2286495,results/ebbi/SC5_MHBD_MWPM_5x/results/sweep_17_exp_0_checkpoints.csv
0330000200320300033300302,0.0649559133601686,0.0008530065533705,2941577,results/ebbi/SC5_MHBD_MWPM_5x/results/sweep_17_exp_0_checkpoints.csv
0330000200320300033303302,0.0660423001621915,0.0003932204854208,3693702,results/ebbi/SC5_MHBD_MWPM_5x/results/sweep_17_exp_0_checkpoints.csv
0330000300320300033300320,0.0631567940607518,0.0012436534743756,4524880,results/ebbi/SC5_MHBD_MWPM_5x/results/sweep_17_exp_0_checkpoints.csv
0330000300323300033300300,0.0612655874835411,0.0012185223167762,5687637,results/ebbi/SC5_MHBD_MWPM_5x/results/sweep_17_exp_0_checkpoints.csv
0330000300333300033300300,0.0606854838709677,0.0011985512683168,7156831,results/ebbi/SC5_MHBD_MWPM_5x/results/sweep_17_exp_0_checkpoints.csv
0030000300333300033303300,0.0591862036613016,0.0007886293460614,9050115,results/ebbi/SC5_MHBD_MWPM_5x/results/sweep_17_exp_0_checkpoints.csv
0030000300333300030303300,0.0592912160807857,0.000515924533829,11382796,results/ebbi/SC5_MHBD_MWPM_5x/results/sweep_17_exp_0_checkpoints.csv
0030000300333300030303300,0.0592912160807857,0.000515924533829,14273949,results/ebbi/SC5_MHBD_MWPM_5x/results/sweep_17_exp_0_checkpoints.csv
0030000300330300030303300,0.0596287975320233,0.0003428063646424,18280133,results/ebbi/SC5_MHBD_MWPM_5x/results/sweep_17_exp_0_checkpoints.csv
0030000300330300030303300,0.0596287975320233,0.0003428063646424,22712630,results/ebbi/SC5_MHBD_MWPM_5x/results/sweep_17_exp_0_checkpoints.csv
0030000300330300030303300,0.0598012833589017,0.0002288473333464,29506427,results/ebbi/SC5_MHBD_MWPM_5x/results/sweep_17_exp_0_checkpoints.csv
0030000300330300030303300,0.0598012833589017,0.0002288473333464,36997366,results/ebbi/SC5_MHBD_MWPM_5x/results/sweep_17_exp_0_checkpoints.csv
0030000300330300030303300,0.0598012833589017,0.0002288473333464,46370491,results/ebbi/SC5_MHBD_MWPM_5x/results/sweep_17_exp_0_checkpoints.csv
0030300300330300030303300,0.0595605001171427,0.0001519998331787,57040039,results/ebbi/SC5_MHBD_MWPM_5x/results/sweep_17_exp_0_checkpoints.csv
0030300300330300030303300,0.0595605001171427,0.0001519998331787,72087044,results/ebbi/SC5_MHBD_MWPM_5x/results/sweep_17_exp_0_checkpoints.csv
0030300300330300030303300,0.0595605001171427,0.0001519998331787,92620970,results/ebbi/SC5_MHBD_MWPM_5x/results/sweep_17_exp_0_checkpoints.csv
0030300300330300030303300,0.0596513689854532,0.0001014056251733,113933860,results/ebbi/SC5_MHBD_MWPM_5x/results/sweep_17_exp_0_checkpoints.csv
0030300303330303030303300,0.0595610414733278,0.000100829754956,143133182,results/ebbi/SC5_MHBD_MWPM_5x/results/sweep_17_exp_0_checkpoints.csv
0030300303330303030303300,0.0595610414733278,0.000100829754956,182282900,results/ebbi/SC5_MHBD_MWPM_5x/results/sweep_17_exp_0_checkpoints.csv
0030300303330303030303330,0.0586482971801785,0.0003386570315342,226382637,results/ebbi/SC5_MHBD_MWPM_5x/results/sweep_17_exp_0_checkpoints.csv
0300330303030303030303330,0.058031963412813,0.0002217523724539,284726050,results/ebbi/SC5_MHBD_MWPM_5x/results/sweep_17_exp_0_checkpoints.csv
0300330303030303030303330,0.0580896937111411,0.0001479040074627,359022654,results/ebbi/SC5_MHBD_MWPM_5x/results/sweep_17_exp_0_checkpoints.csv
0300330303030303030003330,0.0581725279405872,6.579935143236071e-05,451648561,results/ebbi/SC5_MHBD_MWPM_5x/results/sweep_17_exp_0_checkpoints.csv
0330330303030300030003330,0.0579540520441611,9.842522558756173e-05,568691404,results/ebbi/SC5_MHBD_MWPM_5x/results/sweep_17_exp_0_checkpoints.csv
0333330300030300030003330,0.0579902351420873,6.553823914146051e-05,722200090,results/ebbi/SC5_MHBD_MWPM_5x/results/sweep_17_exp_0_checkpoints.csv
0303330300030300030333330,0.0576635581925381,9.765661525307225e-05,900997549,results/ebbi/SC5_MHBD_MWPM_5x/results/sweep_17_exp_0_checkpoints.csv
0303330300030300030333030,0.0574842216146055,6.529610982397571e-05,1133800132,results/ebbi/SC5_MHBD_MWPM_5x/results/sweep_17_exp_0_checkpoints.csv
0333300300030300030333030,0.0577518065726047,9.823101572692394e-05,1427053517,results/ebbi/SC5_MHBD_MWPM_5x/results/sweep_17_exp_0_checkpoints.csv
3303300300030300030033030,0.0581475280786757,6.585770461242646e-05,1797856011,results/ebbi/SC5_MHBD_MWPM_5x/results/sweep_17_exp_0_checkpoints.csv
3303300300030333030303030,0.0558410730335783,0.0011022867402061,2261522026,results/ebbi/SC5_MHBD_MWPM_5x/results/sweep_17_exp_0_checkpoints.csv
0303030303030303030303330,0.0579850498266666,6.57027994748205e-05,2847102999,results/ebbi/SC5_MHBD_MWPM_5x/results/sweep_17_exp_0_checkpoints.csv
0333030303030300030303330,0.0579007213384574,6.544803909491748e-05,3593723238,results/ebbi/SC5_MHBD_MWPM_5x/results/sweep_17_exp_0_checkpoints.csv
0330030033030300030333030,0.0580595255934132,0.000332778901793,4512476985,results/ebbi/SC5_MHBD_MWPM_5x/results/sweep_17_exp_0_checkpoints.csv
0303030300030303030330330,0.0578012035230663,0.0002209661615779,5680735286,results/ebbi/SC5_MHBD_MWPM_5x/results/sweep_17_exp_0_checkpoints.csv
0303030333030300030303030,0.0577486432406754,0.0002212609688285,7151612112,results/ebbi/SC5_MHBD_MWPM_5x/results/sweep_17_exp_0_checkpoints.csv
0333000303030303030303000,0.0586210831165321,6.628817936871201e-05,9004235759,results/ebbi/SC5_MHBD_MWPM_5x/results/sweep_17_exp_0_checkpoints.csv
0033330300030300030333330,0.0582013963262014,4.3883272155653685e-05,11334431464,results/ebbi/SC5_MHBD_MWPM_5x/results/sweep_17_exp_0_checkpoints.csv
0333030303030303030330030,0.0582124010260437,9.880535799311474e-05,14273125913,results/ebbi/SC5_MHBD_MWPM_5x/results/sweep_17_exp_0_checkpoints.csv
0333300300030303030333033,0.0577069123663689,0.0002208068908657,17963867366,results/ebbi/SC5_MHBD_MWPM_5x/results/sweep_17_exp_0_checkpoints.csv
0333030303030303030030330,0.0545454545454545,0.0016367146745324,22650410720,results/ebbi/SC5_MHBD_MWPM_5x/results/sweep_17_exp_0_checkpoints.csv
3330330300030300030303330,0.0579483188755576,0.000147864819155,28470947334,results/ebbi/SC5_MHBD_MWPM_5x/results/sweep_17_exp_0_checkpoints.csv
0333030303030303300303030,0.0580503119602255,0.0002224886702606,35843154141,results/ebbi/SC5_MHBD_MWPM_5x/results/sweep_17_exp_0_checkpoints.csv
0303330300030300030033303,0.0583226631751742,0.0001484507083659,45123236891,results/ebbi/SC5_MHBD_MWPM_5x/results/sweep_17_exp_0_checkpoints.csv
3322233003330333003220003,0.0682667035551252,0.0020973994396626,150450,results/ebbi/SC5_MHBD_MWPM_5x/results/sweep_20_exp_0_checkpoints.csv
3322233003330303003220003,0.0654853107721004,0.0020190437790006,202479,results/ebbi/SC5_MHBD_MWPM_5x/results/sweep_20_exp_0_checkpoints.csv
3322233003330303003220003,0.0654853107721004,0.0020190437790006,249056,results/ebbi/SC5_MHBD_MWPM_5x/results/sweep_20_exp_0_checkpoints.csv
3322233003330303003220003,0.0654853107721004,0.0020190437790006,325035,results/ebbi/SC5_MHBD_MWPM_5x/results/sweep_20_exp_0_checkpoints.csv
3322233003330303003220003,0.0654853107721004,0.0020190437790006,381232,results/ebbi/SC5_MHBD_MWPM_5x/results/sweep_20_exp_0_checkpoints.csv
3322233003330303003220003,0.0654853107721004,0.0020190437790006,479072,results/ebbi/SC5_MHBD_MWPM_5x/results/sweep_20_exp_0_checkpoints.csv
3322233003330303003220003,0.0683998578704252,0.0013735913671553,600749,results/ebbi/SC5_MHBD_MWPM_5x/results/sweep_20_exp_0_checkpoints.csv
3332233003330303003220003,0.0685800487370904,0.0009075127891264,774016,results/ebbi/SC5_MHBD_MWPM_5x/results/sweep_20_exp_0_checkpoints.csv
3332233003330303003220003,0.0685800487370904,0.0009075127891264,951962,results/ebbi/SC5_MHBD_MWPM_5x/results/sweep_20_exp_0_checkpoints.csv
3322233003330333003220003,0.0688497112283876,0.0006239669746719,1219745,results/ebbi/SC5_MHBD_MWPM_5x/results/sweep_20_exp_0_checkpoints.csv
3332233003230303003220003,0.0676331462464155,0.0008790633291937,1599166,results/ebbi/SC5_MHBD_MWPM_5x/results/sweep_20_exp_0_checkpoints.csv
0332333003230303003020003,0.0651185649342671,0.0019338234560564,1900270,results/ebbi/SC5_MHBD_MWPM_5x/results/sweep_20_exp_0_checkpoints.csv
0333333003230323033320003,0.0629190304280557,0.0012330198660492,2409518,results/ebbi/SC5_MHBD_MWPM_5x/results/sweep_20_exp_0_checkpoints.csv
0333333003230003003320003,0.0635483352837245,0.0008262827177532,3095611,results/ebbi/SC5_MHBD_MWPM_5x/results/sweep_20_exp_0_checkpoints.csv
0333333003230303003320003,0.0635991787493434,0.0005620926385745,3799629,results/ebbi/SC5_MHBD_MWPM_5x/results/sweep_20_exp_0_checkpoints.csv
0333333003230303003320003,0.0635991787493434,0.0005620926385745,4793861,results/ebbi/SC5_MHBD_MWPM_5x/results/sweep_20_exp_0_checkpoints.csv
0333333003230303003320003,0.0635991787493434,0.0005620926385745,6102574,results/ebbi/SC5_MHBD_MWPM_5x/results/sweep_20_exp_0_checkpoints.csv
0333333003230303003020003,0.0638607470035926,0.0003770151233766,7773768,results/ebbi/SC5_MHBD_MWPM_5x/results/sweep_20_exp_0_checkpoints.csv
0333333003330303003020003,0.0638736663162368,0.000365712592611,10017495,results/ebbi/SC5_MHBD_MWPM_5x/results/sweep_20_exp_0_checkpoints.csv
0333333003330303003020003,0.0638736663162368,0.000365712592611,12036675,results/ebbi/SC5_MHBD_MWPM_5x/results/sweep_20_exp_0_checkpoints.csv
0333333003330303003020003,0.0638736663162368,0.000365712592611,15094424,results/ebbi/SC5_MHBD_MWPM_5x/results/sweep_20_exp_0_checkpoints.csv
0033303003330303033020303,0.0629370629370629,0.0005423685652203,18955371,results/ebbi/SC5_MHBD_MWPM_5x/results/sweep_20_exp_0_checkpoints.csv
0303333003330303030020300,0.0609265734265734,0.0007906654500402,23848539,results/ebbi/SC5_MHBD_MWPM_5x/results/sweep_20_exp_0_checkpoints.csv
0303333303330303030020330,0.0607444219894635,0.0003500478342175,30208415,results/ebbi/SC5_MHBD_MWPM_5x/results/sweep_20_exp_0_checkpoints.csv
0303333303300303030330330,0.0577607775211701,0.0011442273389548,37828591,results/ebbi/SC5_MHBD_MWPM_5x/results/sweep_20_exp_0_checkpoints.csv
0303303303300303030330330,0.0597746131067605,0.0003429496719036,47838444,results/ebbi/SC5_MHBD_MWPM_5x/results/sweep_20_exp_0_checkpoints.csv
0303303303300303030330330,0.059995461090008,0.0002290286647621,61004758,results/ebbi/SC5_MHBD_MWPM_5x/results/sweep_20_exp_0_checkpoints.csv
0303333303300303030330330,0.0601071911606602,0.0001023500008159,75645116,results/ebbi/SC5_MHBD_MWPM_5x/results/sweep_20_exp_0_checkpoints.csv
0303333003300300030333330,0.058315448942266,0.0007619420066475,95005418,results/ebbi/SC5_MHBD_MWPM_5x/results/sweep_20_exp_0_checkpoints.csv
0303330003300300030333330,0.0597117702441923,0.00015307488502,119566409,results/ebbi/SC5_MHBD_MWPM_5x/results/sweep_20_exp_0_checkpoints.csv
0303330303000303030333030,0.0584845855082868,0.0002257086889585,150890919,results/ebbi/SC5_MHBD_MWPM_5x/results/sweep_20_exp_0_checkpoints.csv
0303330303000300030333030,0.0580969910665585,0.0003343483258504,189562638,results/ebbi/SC5_MHBD_MWPM_5x/results/sweep_20_exp_0_checkpoints.csv
0303330303030300030333030,0.0575719654602845,0.0001478279882576,238495077,results/ebbi/SC5_MHBD_MWPM_5x/results/sweep_20_exp_0_checkpoints.csv
0303330300030300030333033,0.0574281256964564,0.000219670284423,300206063,results/ebbi/SC5_MHBD_MWPM_5x/results/sweep_20_exp_0_checkpoints.csv
0303330300030300030333330,0.0573586243383401,0.0002200041490141,378857264,results/ebbi/SC5_MHBD_MWPM_5x/results/sweep_20_exp_0_checkpoints.csv
0303330300030300030333033,0.0575181215047138,0.0001465546811232,475770290,results/ebbi/SC5_MHBD_MWPM_5x/results/sweep_20_exp_0_checkpoints.csv
0303330300030300030333330,0.0575964529586263,9.796988888410851e-05,598976682,results/ebbi/SC5_MHBD_MWPM_5x/results/sweep_20_exp_0_checkpoints.csv
0333030300030300330303030,0.0575175437808307,0.0002207001816714,754255580,results/ebbi/SC5_MHBD_MWPM_5x/results/sweep_20_exp_0_checkpoints.csv
0333030300030300030303330,0.0578036383773702,0.0001471959840273,949619480,results/ebbi/SC5_MHBD_MWPM_5x/results/sweep_20_exp_0_checkpoints.csv
0333030303030300030003330,0.0577720159156956,0.0001466358226025,1196596542,results/ebbi/SC5_MHBD_MWPM_5x/results/sweep_20_exp_0_checkpoints.csv
0333030303030300030003330,0.057850041221389,9.781919652596116e-05,1505534385,results/ebbi/SC5_MHBD_MWPM_5x/results/sweep_20_exp_0_checkpoints.csv
0330330303030300030303330,0.0575345028903086,0.000220858171815,1894057126,results/ebbi/SC5_MHBD_MWPM_5x/results/sweep_20_exp_0_checkpoints.csv
3303300300030300030333330,0.0578947809763851,0.0001475789758842,2385325280,results/ebbi/SC5_MHBD_MWPM_5x/results/sweep_20_exp_0_checkpoints.csv
0033330300030300030333030,0.0580305407972645,6.563193164765835e-05,3004131176,results/ebbi/SC5_MHBD_MWPM_5x/results/sweep_20_exp_0_checkpoints.csv
0303330303030300030333300,0.0569687420255102,0.0003298542578704,3779138616,results/ebbi/SC5_MHBD_MWPM_5x/results/sweep_20_exp_0_checkpoints.csv
0303330303030300030333300,0.0569687420255102,0.0003298542578704,4757677882,results/ebbi/SC5_MHBD_MWPM_5x/results/sweep_20_exp_0_checkpoints.csv
0303330303030300030333300,0.0569687420255102,0.0003298542578704,5989537167,results/ebbi/SC5_MHBD_MWPM_5x/results/sweep_20_exp_0_checkpoints.csv
3303330300030300030303333,0.0582191007633767,0.0002225212519988,7540823192,results/ebbi/SC5_MHBD_MWPM_5x/results/sweep_20_exp_0_checkpoints.csv
0303030300030300030033030,0.0584342449285287,9.900455188471824e-05,9497511144,results/ebbi/SC5_MHBD_MWPM_5x/results/sweep_20_exp_0_checkpoints.csv
0303330330030300030303330,0.0580321212263536,9.86159429885447e-05,11950753175,results/ebbi/SC5_MHBD_MWPM_5x/results/sweep_20_exp_0_checkpoints.csv
0033330303030303030333030,0.0580737670975945,0.0001490209979237,15045404989,results/ebbi/SC5_MHBD_MWPM_5x/results/sweep_20_exp_0_checkpoints.csv
0333000300030303030303330,0.0574053691142284,0.000220676214667,18940605522,results/ebbi/SC5_MHBD_MWPM_5x/results/sweep_20_exp_0_checkpoints.csv
0333000300030303030303330,0.0574053691142284,0.000220676214667,23844784703,results/ebbi/SC5_MHBD_MWPM_5x/results/sweep_20_exp_0_checkpoints.csv
0333000300030303030303330,0.0574053691142284,0.000220676214667,30018737995,results/ebbi/SC5_MHBD_MWPM_5x/results/sweep_20_exp_0_checkpoints.csv
0333000300030303030303330,0.0574053691142284,0.000220676214667,37791342089,results/ebbi/SC5_MHBD_MWPM_5x/results/sweep_20_exp_0_checkpoints.csv
0030033002303002030233233,0.0697216755692999,0.0021350260358303,145840,results/ebbi/SC5_MHBD_MWPM_5x/results/sweep_2_exp_0_checkpoints.csv
0030003002303002030233333,0.0649996769399754,0.0019815454725176,199092,results/ebbi/SC5_MHBD_MWPM_5x/results/sweep_2_exp_0_checkpoints.csv
0030033002303302030233333,0.0644484227421445,0.0019292233046144,279156,results/ebbi/SC5_MHBD_MWPM_5x/results/sweep_2_exp_0_checkpoints.csv
0030033002303302030233333,0.0644484227421445,0.0019292233046144,306254,results/ebbi/SC5_MHBD_MWPM_5x/results/sweep_2_exp_0_checkpoints.csv
0030033002303302030233333,0.0644484227421445,0.0019292233046144,381627,results/ebbi/SC5_MHBD_MWPM_5x/results/sweep_2_exp_0_checkpoints.csv
0030033002303302030233333,0.0645356015914391,0.0012870291247963,476751,results/ebbi/SC5_MHBD_MWPM_5x/results/sweep_2_exp_0_checkpoints.csv
0030033002303302030233333,0.0645356015914391,0.0012870291247963,614500,results/ebbi/SC5_MHBD_MWPM_5x/results/sweep_2_exp_0_checkpoints.csv
0330033002303302030233333,0.0627225255162592,0.0018677004845812,761324,results/ebbi/SC5_MHBD_MWPM_5x/results/sweep_2_exp_0_checkpoints.csv
0330033002303302030233333,0.0643034235374795,0.0012597345048561,965594,results/ebbi/SC5_MHBD_MWPM_5x/results/sweep_2_exp_0_checkpoints.csv
0330033002303302030233333,0.0653076057394729,0.0008459194214083,1204746,results/ebbi/SC5_MHBD_MWPM_5x/results/sweep_2_exp_0_checkpoints.csv
0330033002303302030233333,0.0653076057394729,0.0008459194214083,1473651,results/ebbi/SC5_MHBD_MWPM_5x/results/sweep_2_exp_0_checkpoints.csv
0330033002303302030233333,0.0653076057394729,0.0008459194214083,1866937,results/ebbi/SC5_MHBD_MWPM_5x/results/sweep_2_exp_0_checkpoints.csv
0330033002303302030233333,0.0653076057394729,0.0008459194214083,2357582,results/ebbi/SC5_MHBD_MWPM_5x/results/sweep_2_exp_0_checkpoints.csv
0033033002303002030233333,0.0653247853682712,0.0005704234354197,2948820,results/ebbi/SC5_MHBD_MWPM_5x/results/sweep_2_exp_0_checkpoints.csv
0033033002303002030233333,0.0653247853682712,0.0005704234354197,3804759,results/ebbi/SC5_MHBD_MWPM_5x/results/sweep_2_exp_0_checkpoints.csv
0330033002303302030233303,0.0644116167818753,0.0008395499316975,4679055,results/ebbi/SC5_MHBD_MWPM_5x/results/sweep_2_exp_0_checkpoints.csv
0330033002003302030333303,0.0638096228748425,0.0008309155236929,5862936,results/ebbi/SC5_MHBD_MWPM_5x/results/sweep_2_exp_0_checkpoints.csv
0330033002303302030333303,0.0635480748212222,0.0005565269384533,7315977,results/ebbi/SC5_MHBD_MWPM_5x/results/sweep_2_exp_0_checkpoints.csv
0330030002003332030333303,0.0634907833520673,0.0005474560894072,9443317,results/ebbi/SC5_MHBD_MWPM_5x/results/sweep_2_exp_0_checkpoints.csv
0330030002303302030333303,0.0632150810968888,0.0003649885766208,11715626,results/ebbi/SC5_MHBD_MWPM_5x/results/sweep_2_exp_0_checkpoints.csv
0330030002303302030333303,0.0632150810968888,0.0003649885766208,15106164,results/ebbi/SC5_MHBD_MWPM_5x/results/sweep_2_exp_0_checkpoints.csv
0330030002303302030333303,0.0632749777542266,0.0002434336347505,18440805,results/ebbi/SC5_MHBD_MWPM_5x/results/sweep_2_exp_0_checkpoints.csv
0333030000003003030333303,0.0586022809997573,0.001157010323368,23147756,results/ebbi/SC5_MHBD_MWPM_5x/results/sweep_2_exp_0_checkpoints.csv
0333330000033303030333333,0.0586227005248369,0.0007649306789971,29152450,results/ebbi/SC5_MHBD_MWPM_5x/results/sweep_2_exp_0_checkpoints.csv
0333330000003303030333333,0.0591978972859632,0.0003427582560107,36766484,results/ebbi/SC5_MHBD_MWPM_5x/results/sweep_2_exp_0_checkpoints.csv
0333330000003303030333333,0.0592695236068361,0.0002286353847011,46456837,results/ebbi/SC5_MHBD_MWPM_5x/results/sweep_2_exp_0_checkpoints.csv
0333330000033303030303333,0.0591552424941505,0.0001510425790911,58380869,results/ebbi/SC5_MHBD_MWPM_5x/results/sweep_2_exp_0_checkpoints.csv
0333330000033303030303333,0.0591552424941505,0.0001510425790911,73849232,results/ebbi/SC5_MHBD_MWPM_5x/results/sweep_2_exp_0_checkpoints.csv
0333000300030303030303330,0.0555215350071443,0.0007315698894672,92024159,results/ebbi/SC5_MHBD_MWPM_5x/results/sweep_2_exp_0_checkpoints.csv
0333000300030303030303330,0.0555215350071443,0.0007315698894672,115850997,results/ebbi/SC5_MHBD_MWPM_5x/results/sweep_2_exp_0_checkpoints.csv
0333000300030303030303330,0.0580272410637411,0.0001475388271501,145848932,results/ebbi/SC5_MHBD_MWPM_5x/results/sweep_2_exp_0_checkpoints.csv
0333000300030303030303330,0.058053019467469,9.837975085247308e-05,184350858,results/ebbi/SC5_MHBD_MWPM_5x/results/sweep_2_exp_0_checkpoints.csv
0333000300030303030303330,0.058053019467469,9.837975085247308e-05,231263078,results/ebbi/SC5_MHBD_MWPM_5x/results/sweep_2_exp_0_checkpoints.csv
0333000300030303030303330,0.058053019467469,9.837975085247308e-05,295577707,results/ebbi/SC5_MHBD_MWPM_5x/results/sweep_2_exp_0_checkpoints.csv
0333000300030303030303330,0.0580781849434438,6.55998446745798e-05,368903822,results/ebbi/SC5_MHBD_MWPM_5x/results/sweep_2_exp_0_checkpoints.csv
0333030300030333030303030,0.0581545377937641,0.0001480772625654,462006816,results/ebbi/SC5_MHBD_MWPM_5x/results/sweep_2_exp_0_checkpoints.csv
0333030303030300030303030,0.0579649881160081,0.0001476165780331,582469059,results/ebbi/SC5_MHBD_MWPM_5x/results/sweep_2_exp_0_checkpoints.csv
0333030303030300030003330,0.0578983759096304,9.832544310484082e-05,731045569,results/ebbi/SC5_MHBD_MWPM_5x/results/sweep_2_exp_0_checkpoints.csv
0333030303030300030003330,0.0578955154653143,6.554878928000107e-05,920984217,results/ebbi/SC5_MHBD_MWPM_5x/results/sweep_2_exp_0_checkpoints.csv
0333030303030300030303330,0.0579097716851481,2.9159271434764374e-05,1179862424,results/ebbi/SC5_MHBD_MWPM_5x/results/sweep_2_exp_0_checkpoints.csv
0333030303030300030303330,0.0579097716851481,2.9159271434764374e-05,1490882587,results/ebbi/SC5_MHBD_MWPM_5x/results/sweep_2_exp_0_checkpoints.csv
0333300300030300030333330,0.0576310656950827,0.0002191255916841,1837171956,results/ebbi/SC5_MHBD_MWPM_5x/results/sweep_2_exp_0_checkpoints.csv
0333300300030300030033330,0.0578234562423369,6.491183739854023e-05,2312204702,results/ebbi/SC5_MHBD_MWPM_5x/results/sweep_2_exp_0_checkpoints.csv
0033330330030300030333330,0.055901265297656,0.0016542825615033,2910901901,results/ebbi/SC5_MHBD_MWPM_5x/results/sweep_2_exp_0_checkpoints.csv
0333300300030300330333030,0.0582101548043315,9.872137161437422e-05,3664359414,results/ebbi/SC5_MHBD_MWPM_5x/results/sweep_2_exp_0_checkpoints.csv
3303330300030300030033033,0.0579420195506655,9.831950592342764e-05,4613214526,results/ebbi/SC5_MHBD_MWPM_5x/results/sweep_2_exp_0_checkpoints.csv
0303330300030303030333300,0.0580699466092542,9.846204920904712e-05,5806395670,results/ebbi/SC5_MHBD_MWPM_5x/results/sweep_2_exp_0_checkpoints.csv
0333030303030300030330330,0.0579942871473433,6.563819624716416e-05,7309324824,results/ebbi/SC5_MHBD_MWPM_5x/results/sweep_2_exp_0_checkpoints.csv
3303300303030300030333030,0.0578487643001525,0.0001481267536291,9201929343,results/ebbi/SC5_MHBD_MWPM_5x/results/sweep_2_exp_0_checkpoints.csv
0333300300033300000333330,0.058769892973847,6.641431536991149e-05,11592399961,results/ebbi/SC5_MHBD_MWPM_5x/results/sweep_2_exp_0_checkpoints.csv
0303330303030300330330030,0.0582054959168161,9.886374027701096e-05,14584929742,results/ebbi/SC5_MHBD_MWPM_5x/results/sweep_2_exp_0_checkpoints.csv
0333000303030303000303330,0.0584493855402293,6.604230293305591e-05,18364612776,results/ebbi/SC5_MHBD_MWPM_5x/results/sweep_2_exp_0_checkpoints.csv
0303030300030330330003033,0.058894000895079,4.434318179846741e-05,23118739258,results/ebbi/SC5_MHBD_MWPM_5x/results/sweep_2_exp_0_checkpoints.csv
0300330330030303030333030,0.0584555553747391,4.412599810166285e-05,29112483162,results/ebbi/SC5_MHBD_MWPM_5x/results/sweep_2_exp_0_checkpoints.csv
0333030303030300030033300,0.0585917335976552,6.629209383390844e-05,36633356670,results/ebbi/SC5_MHBD_MWPM_5x/results/sweep_2_exp_0_checkpoints.csv
0033322200203030300300033,0.0699572017119315,0.0011406952980905,126728,results/ebbi/SC5_MHBD_MWPM_5x/results/sweep_4_exp_0_checkpoints.csv
0033322200203030300300033,0.0699572017119315,0.0011406952980905,187100,results/ebbi/SC5_MHBD_MWPM_5x/results/sweep_4_exp_0_checkpoints.csv
0033322200203030300300033,0.0699572017119315,0.0011406952980905,202298,results/ebbi/SC5_MHBD_MWPM_5x/results/sweep_4_exp_0_checkpoints.csv
0022300300300332020230303,0.068772540728765,0.0019955008756369,270539,results/ebbi/SC5_MHBD_MWPM_5x/results/sweep_4_exp_0_checkpoints.csv
0022300300300332020230303,0.068772540728765,0.0019955008756369,327349,results/ebbi/SC5_MHBD_MWPM_5x/results/sweep_4_exp_0_checkpoints.csv
0022300300300332020230303,0.068772540728765,0.0019955008756369,403642,results/ebbi/SC5_MHBD_MWPM_5x/results/sweep_4_exp_0_checkpoints.csv
0022300300300332020230303,0.0685700071858935,0.0013285867171362,544091,results/ebbi/SC5_MHBD_MWPM_5x/results/sweep_4_exp_0_checkpoints.csv
0022300300300332020230303,0.0685700071858935,0.0013285867171362,657870,results/ebbi/SC5_MHBD_MWPM_5x/results/sweep_4_exp_0_checkpoints.csv
0022300300300332020230303,0.0685700071858935,0.0013285867171362,831978,results/ebbi/SC5_MHBD_MWPM_5x/results/sweep_4_exp_0_checkpoints.csv
0022300300300332020230303,0.0699694129497463,0.0008940651896409,1028299,results/ebbi/SC5_MHBD_MWPM_5x/results/sweep_4_exp_0_checkpoints.csv
0022300300300332020230303,0.0699694129497463,0.0008940651896409,1316138,results/ebbi/SC5_MHBD_MWPM_5x/results/sweep_4_exp_0_checkpoints.csv
0022300300300332020230303,0.0699694129497463,0.0008940651896409,1611892,results/ebbi/SC5_MHBD_MWPM_5x/results/sweep_4_exp_0_checkpoints.csv
2022300300300332020230303,0.0698291101944608,0.0006009032949805,2071320,results/ebbi/SC5_MHBD_MWPM_5x/results/sweep_4_exp_0_checkpoints.csv
2022300300300332020230303,0.0698291101944608,0.0006009032949805,2633213,results/ebbi/SC5_MHBD_MWPM_5x/results/sweep_4_exp_0_checkpoints.csv
2022300300300332020230303,0.0698291101944608,0.0006009032949805,3257512,results/ebbi/SC5_MHBD_MWPM_5x/results/sweep_4_exp_0_checkpoints.csv
2022300300300332020230303,0.0698291101944608,0.0006009032949805,4050246,results/ebbi/SC5_MHBD_MWPM_5x/results/sweep_4_exp_0_checkpoints.csv
2022300300300332020230303,0.0698291101944608,0.0006009032949805,5175949,results/ebbi/SC5_MHBD_MWPM_5x/results/sweep_4_exp_0_checkpoints.csv
0022330300300332020330303,0.0682706238749615,0.0005908365710638,6459134,results/ebbi/SC5_MHBD_MWPM_5x/results/sweep_4_exp_0_checkpoints.csv
0023300300000332000330300,0.0643058350100603,0.0012705082772299,8015898,results/ebbi/SC5_MHBD_MWPM_5x/results/sweep_4_exp_0_checkpoints.csv
0323300300030332000333300,0.0627066089229428,0.0012272372841835,10075187,results/ebbi/SC5_MHBD_MWPM_5x/results/sweep_4_exp_0_checkpoints.csv
0303300300030332000333300,0.0613250110924436,0.0005357028567232,12719782,results/ebbi/SC5_MHBD_MWPM_5x/results/sweep_4_exp_0_checkpoints.csv
0333000300030300030333300,0.0585194210152461,0.0005090899066999,15988783,results/ebbi/SC5_MHBD_MWPM_5x/results/sweep_4_exp_0_checkpoints.csv
0333000300030300030333300,0.0584695797616558,0.0003392591024748,20187182,results/ebbi/SC5_MHBD_MWPM_5x/results/sweep_4_exp_0_checkpoints.csv
0333000300030300030333300,0.0584695797616558,0.0003392591024748,25352652,results/ebbi/SC5_MHBD_MWPM_5x/results/sweep_4_exp_0_checkpoints.csv
0333000300030300030333300,0.0587164505302126,0.0002266204392071,33095709,results/ebbi/SC5_MHBD_MWPM_5x/results/sweep_4_exp_0_checkpoints.csv
0333000300030300030333330,0.0581456380412162,0.000502138515003,40175653,results/ebbi/SC5_MHBD_MWPM_5x/results/sweep_4_exp_0_checkpoints.csv
0333000300030303030333330,0.0581719287129719,0.0002230099780717,51012410,results/ebbi/SC5_MHBD_MWPM_5x/results/sweep_4_exp_0_checkpoints.csv
0333000300030303030333330,0.0581719287129719,0.0002230099780717,63631234,results/ebbi/SC5_MHBD_MWPM_5x/results/sweep_4_exp_0_checkpoints.csv
0333000300030300030333330,0.0581699961964014,0.0001488120906287,80649513,results/ebbi/SC5_MHBD_MWPM_5x/results/sweep_4_exp_0_checkpoints.csv
0333000300030303030333330,0.0581405247255883,0.0001486357650719,101117920,results/ebbi/SC5_MHBD_MWPM_5x/results/sweep_4_exp_0_checkpoints.csv
0333000300030303030333330,0.0581405247255883,0.0001486357650719,128086348,results/ebbi/SC5_MHBD_MWPM_5x/results/sweep_4_exp_0_checkpoints.csv
0333000300030300030333330,0.0581549846257102,9.919609146891162e-05,159646786,results/ebbi/SC5_MHBD_MWPM_5x/results/sweep_4_exp_0_checkpoints.csv
0333000300030303030330330,0.0582618767024747,9.881587902782484e-05,204631670,results/ebbi/SC5_MHBD_MWPM_5x/results/sweep_4_exp_0_checkpoints.csv
0333000300030300030333030,0.0582613545290962,6.580702756764367e-05,253865056,results/ebbi/SC5_MHBD_MWPM_5x/results/sweep_4_exp_0_checkpoints.csv
0333000300030300030333030,0.0582613545290962,6.580702756764367e-05,330013452,results/ebbi/SC5_MHBD_MWPM_5x/results/sweep_4_exp_0_checkpoints.csv
0333000300030300030333030,0.0582613545290962,6.580702756764367e-05,406774314,results/ebbi/SC5_MHBD_MWPM_5x/results/sweep_4_exp_0_checkpoints.csv
0333300300030300030333330,0.0570206602536073,0.000494877283927,504696446,results/ebbi/SC5_MHBD_MWPM_5x/results/sweep_4_exp_0_checkpoints.csv
0303330300030300030333030,0.0574723802496941,0.0001465083041694,635162099,results/ebbi/SC5_MHBD_MWPM_5x/results/sweep_4_exp_0_checkpoints.csv
0303330303030303030333033,0.0575972120690173,0.0003297159564681,799664951,results/ebbi/SC5_MHBD_MWPM_5x/results/sweep_4_exp_0_checkpoints.csv
0303330303030300030033033,0.0578010437134583,9.813308133743703e-05,1006724005,results/ebbi/SC5_MHBD_MWPM_5x/results/sweep_4_exp_0_checkpoints.csv
0303330303030303030333030,0.0578533390001119,6.531039252877235e-05,1267317520,results/ebbi/SC5_MHBD_MWPM_5x/results/sweep_4_exp_0_checkpoints.csv
0333330303030300030333330,0.0577253503696502,0.0002208581281593,1595439094,results/ebbi/SC5_MHBD_MWPM_5x/results/sweep_4_exp_0_checkpoints.csv
3033330300030300030033330,0.0555086684630637,0.000730131403543,2008527490,results/ebbi/SC5_MHBD_MWPM_5x/results/sweep_4_exp_0_checkpoints.csv
0333300303030300030333030,0.0578264797237931,9.814087388804182e-05,2534137692,results/ebbi/SC5_MHBD_MWPM_5x/results/sweep_4_exp_0_checkpoints.csv
0333030303030300030303330,0.0578223483149714,6.551655678777024e-05,3183382746,results/ebbi/SC5_MHBD_MWPM_5x/results/sweep_4_exp_0_checkpoints.csv
0303330330030300030303330,0.0580760566466222,6.561374175362289e-05,4008676000,results/ebbi/SC5_MHBD_MWPM_5x/results/sweep_4_exp_0_checkpoints.csv
0303030303030303030330030,0.0581434523865008,4.380711106932722e-05,5045226470,results/ebbi/SC5_MHBD_MWPM_5x/results/sweep_4_exp_0_checkpoints.csv
0333000300330303030033330,0.0572729268697043,0.0004918605554848,6351497458,results/ebbi/SC5_MHBD_MWPM_5x/results/sweep_4_exp_0_checkpoints.csv
0303330300030300030333300,0.05789784680126,6.548922101501375e-05,7996010681,results/ebbi/SC5_MHBD_MWPM_5x/results/sweep_4_exp_0_checkpoints.csv
0333300300330300030333330,0.0584188090951032,6.608423427678645e-05,10067435305,results/ebbi/SC5_MHBD_MWPM_5x/results/sweep_4_exp_0_checkpoints.csv
0303030333030300030003030,0.0577027292997322,0.0002210560051025,12672806245,results/ebbi/SC5_MHBD_MWPM_5x/results/sweep_4_exp_0_checkpoints.csv
0333330330030300030333033,0.0565883070869727,0.0004930723807774,15954158117,results/ebbi/SC5_MHBD_MWPM_5x/results/sweep_4_exp_0_checkpoints.csv
3330330303030300030303030,0.0564917793729525,0.0007398352609016,20085044604,results/ebbi/SC5_MHBD_MWPM_5x/results/sweep_4_exp_0_checkpoints.csv
0300330330030300030333030,0.0584154700428234,6.608622788917273e-05,25288526663,results/ebbi/SC5_MHBD_MWPM_5x/results/sweep_4_exp_0_checkpoints.csv
0330300303030303030303030,0.0583838329091013,4.3958239984931424e-05,31840817090,results/ebbi/SC5_MHBD_MWPM_5x/results/sweep_4_exp_0_checkpoints.csv
0003330330030303030303330,0.0585832792285702,9.994050196837634e-05,40075251882,results/ebbi/SC5_MHBD_MWPM_5x/results/sweep_4_exp_0_checkpoints.csv
0303303300030300030003330,0.0581897606023985,0.0002228173398179,50451791237,results/ebbi/SC5_MHBD_MWPM_5x/results/sweep_4_exp_0_checkpoints.csv
0203200300330320023032300,0.0687237026647966,0.0021184468641877,132436,results/ebbi/SC5_MHBD_MWPM_5x/results/sweep_23_exp_0_checkpoints.csv
0203200300330320023032300,0.0687237026647966,0.0021184468641877,168301,results/ebbi/SC5_MHBD_MWPM_5x/results/sweep_23_exp_0_checkpoints.csv
0203200300330333023032300,0.0637568405089998,0.0019837801810353,214633,results/ebbi/SC5_MHBD_MWPM_5x/results/sweep_23_exp_0_checkpoints.csv
0303200300330333033032300,0.0637898686679174,0.0019010999239981,319355,results/ebbi/SC5_MHBD_MWPM_5x/results/sweep_23_exp_0_checkpoints.csv
0303200300330333033032300,0.0637898686679174,0.0019010999239981,337177,results/ebbi/SC5_MHBD_MWPM_5x/results/sweep_23_exp_0_checkpoints.csv
0303200300030333023032000,0.0635702556884822,0.0018683755770325,430196,results/ebbi/SC5_MHBD_MWPM_5x/results/sweep_23_exp_0_checkpoints.csv
0303200300030333023032000,0.0635702556884822,0.0018683755770325,531017,results/ebbi/SC5_MHBD_MWPM_5x/results/sweep_23_exp_0_checkpoints.csv
0303200300030333003032000,0.0640480229675062,0.0012508048675954,672194,results/ebbi/SC5_MHBD_MWPM_5x/results/sweep_23_exp_0_checkpoints.csv
0303200300030333003032000,0.0640480229675062,0.0012508048675954,847028,results/ebbi/SC5_MHBD_MWPM_5x/results/sweep_23_exp_0_checkpoints.csv
0303200300330333033032300,0.0637740766867131,0.0008449002052657,1090424,results/ebbi/SC5_MHBD_MWPM_5x/results/sweep_23_exp_0_checkpoints.csv
0303200300030333003030000,0.0624758966448129,0.0012271425221115,1386121,results/ebbi/SC5_MHBD_MWPM_5x/results/sweep_23_exp_0_checkpoints.csv
0303200300030333003032000,0.0630234554439366,0.0008276451844722,1667370,results/ebbi/SC5_MHBD_MWPM_5x/results/sweep_23_exp_0_checkpoints.csv
0333200300030333003000000,0.0620722156145508,0.0008082364802248,2109401,results/ebbi/SC5_MHBD_MWPM_5x/results/sweep_23_exp_0_checkpoints.csv
0333200300030333003000000,0.0620722156145508,0.0008082364802248,2744490,results/ebbi/SC5_MHBD_MWPM_5x/results/sweep_23_exp_0_checkpoints.csv
0333200300030333003000000,0.0620380806096089,0.0005386909469962,3340692,results/ebbi/SC5_MHBD_MWPM_5x/results/sweep_23_exp_0_checkpoints.csv
0333200300030333003000000,0.0620380806096089,0.0005386909469962,4233510,results/ebbi/SC5_MHBD_MWPM_5x/results/sweep_23_exp_0_checkpoints.csv
0333200300030333003000000,0.0620380806096089,0.0005386909469962,5378069,results/ebbi/SC5_MHBD_MWPM_5x/results/sweep_23_exp_0_checkpoints.csv
0333200300030333303000000,0.0611161669577194,0.0005312882713042,6657332,results/ebbi/SC5_MHBD_MWPM_5x/results/sweep_23_exp_0_checkpoints.csv
0333200300030333303000000,0.0611161669577194,0.0005312882713042,8529978,results/ebbi/SC5_MHBD_MWPM_5x/results/sweep_23_exp_0_checkpoints.csv
0333200300030333303000000,0.0611161669577194,0.0005312882713042,10693265,results/ebbi/SC5_MHBD_MWPM_5x/results/sweep_23_exp_0_checkpoints.csv
0333200300030333333000000,0.0616162162747156,0.0003537642769515,13560112,results/ebbi/SC5_MHBD_MWPM_5x/results/sweep_23_exp_0_checkpoints.csv
0333200300030333333000000,0.0616162162747156,0.0003537642769515,17016212,results/ebbi/SC5_MHBD_MWPM_5x/results/sweep_23_exp_0_checkpoints.csv
0333200300030333333000000,0.0619312213085421,0.0002364057436352,21747247,results/ebbi/SC5_MHBD_MWPM_5x/results/sweep_23_exp_0_checkpoints.csv
0333200300030333333000000,0.0619312213085421,0.0002364057436352,26904617,results/ebbi/SC5_MHBD_MWPM_5x/results/sweep_23_exp_0_checkpoints.csv
0333200300030333333000000,0.0621307543321832,0.0001578408700879,34927215,results/ebbi/SC5_MHBD_MWPM_5x/results/sweep_23_exp_0_checkpoints.csv
0333200300030333333000000,0.0621307543321832,0.0001578408700879,44459449,results/ebbi/SC5_MHBD_MWPM_5x/results/sweep_23_exp_0_checkpoints.csv
0333200300030333333000000,0.0621307543321832,0.0001578408700879,55511390,results/ebbi/SC5_MHBD_MWPM_5x/results/sweep_23_exp_0_checkpoints.csv
0333330300030333330000000,0.0592666082316339,0.0005181838059797,66515548,results/ebbi/SC5_MHBD_MWPM_5x/results/sweep_23_exp_0_checkpoints.csv
0333333300030333030000000,0.0575127334465195,0.0016958037158474,83791460,results/ebbi/SC5_MHBD_MWPM_5x/results/sweep_23_exp_0_checkpoints.csv
0333330300030333030000000,0.059475952625357,0.0001513716124463,107250372,results/ebbi/SC5_MHBD_MWPM_5x/results/sweep_23_exp_0_checkpoints.csv
0333330300030303030000330,0.0585578193335576,0.0003362858842592,132690291,results/ebbi/SC5_MHBD_MWPM_5x/results/sweep_23_exp_0_checkpoints.csv
0303330300030300030333330,0.057601220106183,0.0002210701495641,167123118,results/ebbi/SC5_MHBD_MWPM_5x/results/sweep_23_exp_0_checkpoints.csv
0303330300030300030333030,0.0568212685388443,0.0003283788100816,209971123,results/ebbi/SC5_MHBD_MWPM_5x/results/sweep_23_exp_0_checkpoints.csv
0303330300030300030333030,0.0571004435541565,0.0002194243133999,264256504,results/ebbi/SC5_MHBD_MWPM_5x/results/sweep_23_exp_0_checkpoints.csv
0303330300030300030333030,0.0571004435541565,0.0002194243133999,333321336,results/ebbi/SC5_MHBD_MWPM_5x/results/sweep_23_exp_0_checkpoints.csv
0303330300030300030333030,0.0572726076762782,0.0001464899833081,420053645,results/ebbi/SC5_MHBD_MWPM_5x/results/sweep_23_exp_0_checkpoints.csv
0303330300030300030333030,0.0572726076762782,0.0001464899833081,527408606,results/ebbi/SC5_MHBD_MWPM_5x/results/sweep_23_exp_0_checkpoints.csv
0303330300030300030333030,0.0572726076762782,0.0001464899833081,663765131,results/ebbi/SC5_MHBD_MWPM_5x/results/sweep_23_exp_0_checkpoints.csv
0303330300030300030333030,0.0572726076762782,0.0001464899833081,835712302,results/ebbi/SC5_MHBD_MWPM_5x/results/sweep_23_exp_0_checkpoints.csv
0303330300030300030333030,0.0572726076762782,0.0001464899833081,1052228591,results/ebbi/SC5_MHBD_MWPM_5x/results/sweep_23_exp_0_checkpoints.csv
0303330300030300030333030,0.0572726076762782,0.0001464899833081,1324367831,results/ebbi/SC5_MHBD_MWPM_5x/results/sweep_23_exp_0_checkpoints.csv
0303330300030300030333030,0.0572726076762782,0.0001464899833081,1667279086,results/ebbi/SC5_MHBD_MWPM_5x/results/sweep_23_exp_0_checkpoints.csv
0303330300030300030333030,0.0572726076762782,0.0001464899833081,2098998768,results/ebbi/SC5_MHBD_MWPM_5x/results/sweep_23_exp_0_checkpoints.csv
0303330300030300030333030,0.0572726076762782,0.0001464899833081,2642454503,results/ebbi/SC5_MHBD_MWPM_5x/results/sweep_23_exp_0_checkpoints.csv
0303330300030300030333030,0.0572726076762782,0.0001464899833081,3326675047,results/ebbi/SC5_MHBD_MWPM_5x/results/sweep_23_exp_0_checkpoints.csv
0303330300030300030333030,0.0572726076762782,0.0001464899833081,4188092789,results/ebbi/SC5_MHBD_MWPM_5x/results/sweep_23_exp_0_checkpoints.csv
0303330300030300030333030,0.0572726076762782,0.0001464899833081,5272466072,results/ebbi/SC5_MHBD_MWPM_5x/results/sweep_23_exp_0_checkpoints.csv
0303330300030300030333030,0.0572726076762782,0.0001464899833081,6637555206,results/ebbi/SC5_MHBD_MWPM_5x/results/sweep_23_exp_0_checkpoints.csv
0303330300030300030333030,0.0572726076762782,0.0001464899833081,8356165728,results/ebbi/SC5_MHBD_MWPM_5x/results/sweep_23_exp_0_checkpoints.csv
0303330300030300030333030,0.0572726076762782,0.0001464899833081,10520016204,results/ebbi/SC5_MHBD_MWPM_5x/results/sweep_23_exp_0_checkpoints.csv
0333030303030303030303300,0.0583040891710303,4.396871008793824e-05,13244075951,results/ebbi/SC5_MHBD_MWPM_5x/results/sweep_23_exp_0_checkpoints.csv
0303330330030300030003330,0.0579164877100517,9.891736408462748e-05,16672826753,results/ebbi/SC5_MHBD_MWPM_5x/results/sweep_23_exp_0_checkpoints.csv
0333300330030303030330330,0.0588275021219225,9.959143790183588e-05,20992746696,results/ebbi/SC5_MHBD_MWPM_5x/results/sweep_23_exp_0_checkpoints.csv
0033330303330300030033330,0.0540234663710273,0.0010864319046959,26424460334,results/ebbi/SC5_MHBD_MWPM_5x/results/sweep_23_exp_0_checkpoints.csv
0330030300030300330333030,0.0580571463715527,0.0002223979099653,33266464736,results/ebbi/SC5_MHBD_MWPM_5x/results/sweep_23_exp_0_checkpoints.csv
3303330300030303030003330,0.058396917690166,9.905022307066248e-05,41880407923,results/ebbi/SC5_MHBD_MWPM_5x/results/sweep_23_exp_0_checkpoints.csv
2302332000200300033032222,0.0718562874251497,0.0021302259992808,150619,results/ebbi/SC5_MHBD_MWPM_5x/results/sweep_14_exp_0_checkpoints.csv
2302332000200300033032222,0.0718562874251497,0.0021302259992808,196917,results/ebbi/SC5_MHBD_MWPM_5x/results/sweep_14_exp_0_checkpoints.csv
2302332000200300033032222,0.0718562874251497,0.0021302259992808,242320,results/ebbi/SC5_MHBD_MWPM_5x/results/sweep_14_exp_0_checkpoints.csv
2302332000200300033032222,0.0718562874251497,0.0021302259992808,305417,results/ebbi/SC5_MHBD_MWPM_5x/results/sweep_14_exp_0_checkpoints.csv
0030303300303302220322322,0.0718156771322171,0.0014206020860001,384668,results/ebbi/SC5_MHBD_MWPM_5x/results/sweep_14_exp_0_checkpoints.csv
2302332000200300033032222,0.0701993164564619,0.0014050238532945,505255,results/ebbi/SC5_MHBD_MWPM_5x/results/sweep_14_exp_0_checkpoints.csv
2302332000200300033032222,0.0701993164564619,0.0014050238532945,606927,results/ebbi/SC5_MHBD_MWPM_5x/results/sweep_14_exp_0_checkpoints.csv
2302332000200300033032222,0.0701993164564619,0.0014050238532945,810191,results/ebbi/SC5_MHBD_MWPM_5x/results/sweep_14_exp_0_checkpoints.csv
2302332000200300033032222,0.0701993164564619,0.0014050238532945,989990,results/ebbi/SC5_MHBD_MWPM_5x/results/sweep_14_exp_0_checkpoints.csv
0302332000200300033032222,0.0724101002541837,0.0009309267625212,1202833,results/ebbi/SC5_MHBD_MWPM_5x/results/sweep_14_exp_0_checkpoints.csv
0302332000200300333032222,0.07189811010682,0.0009255897020921,1569045,results/ebbi/SC5_MHBD_MWPM_5x/results/sweep_14_exp_0_checkpoints.csv
0302332000200300333032222,0.07189811010682,0.0009255897020921,1934155,results/ebbi/SC5_MHBD_MWPM_5x/results/sweep_14_exp_0_checkpoints.csv
0302332000200300333032222,0.0718080401723301,0.0006167105748318,2419862,results/ebbi/SC5_MHBD_MWPM_5x/results/sweep_14_exp_0_checkpoints.csv
0302332000200300333032222,0.0718080401723301,0.0006167105748318,3189010,results/ebbi/SC5_MHBD_MWPM_5x/results/sweep_14_exp_0_checkpoints.csv
0302332000200300333032302,0.0699338734148226,0.0013645094586536,3786954,results/ebbi/SC5_MHBD_MWPM_5x/results/sweep_14_exp_0_checkpoints.csv
0300332000000300230033302,0.064939683234401,0.0012887945631518,4800626,results/ebbi/SC5_MHBD_MWPM_5x/results/sweep_14_exp_0_checkpoints.csv
0300332000000300330030302,0.0633047838873331,0.0008335192687809,5998512,results/ebbi/SC5_MHBD_MWPM_5x/results/sweep_14_exp_0_checkpoints.csv
0300332000000300330033302,0.0639729579357331,0.0005606260383501,7575177,results/ebbi/SC5_MHBD_MWPM_5x/results/sweep_14_exp_0_checkpoints.csv
0300332000300300330030302,0.0637795395562146,0.0005506924353539,9570824,results/ebbi/SC5_MHBD_MWPM_5x/results/sweep_14_exp_0_checkpoints.csv
0300332000300300330030302,0.0637795395562146,0.0005506924353539,12173610,results/ebbi/SC5_MHBD_MWPM_5x/results/sweep_14_exp_0_checkpoints.csv
0330330000030300330033300,0.0575371187556379,0.0011497910600155,15079773,results/ebbi/SC5_MHBD_MWPM_5x/results/sweep_14_exp_0_checkpoints.csv
0330330000030300330033300,0.0587320240033134,0.0005159880965948,18972902,results/ebbi/SC5_MHBD_MWPM_5x/results/sweep_14_exp_0_checkpoints.csv
0030030303030300330033300,0.057232437028377,0.0016932659782469,24111582,results/ebbi/SC5_MHBD_MWPM_5x/results/sweep_14_exp_0_checkpoints.csv
0030030303030300330033300,0.059284373801155,0.0003400709247216,30236490,results/ebbi/SC5_MHBD_MWPM_5x/results/sweep_14_exp_0_checkpoints.csv
0030030303030300030003300,0.059227618802904,0.0002265307120978,37872735,results/ebbi/SC5_MHBD_MWPM_5x/results/sweep_14_exp_0_checkpoints.csv
0030030303030300030003300,0.059227618802904,0.0002265307120978,47689191,results/ebbi/SC5_MHBD_MWPM_5x/results/sweep_14_exp_0_checkpoints.csv
0030030303030303030003300,0.0591590629238223,0.0002260712062707,61004978,results/ebbi/SC5_MHBD_MWPM_5x/results/sweep_14_exp_0_checkpoints.csv
0330030303030300030003000,0.0593316132102842,0.0001508051645942,75997136,results/ebbi/SC5_MHBD_MWPM_5x/results/sweep_14_exp_0_checkpoints.csv
0330030303030303030003330,0.0584420801104118,0.0003366754099261,95582628,results/ebbi/SC5_MHBD_MWPM_5x/results/sweep_14_exp_0_checkpoints.csv
0333030303030303030003330,0.0577167281895952,0.0003329477331135,119833099,results/ebbi/SC5_MHBD_MWPM_5x/results/sweep_14_exp_0_checkpoints.csv
0303030303030303030003330,0.05789272078093,0.0001475983299314,150664722,results/ebbi/SC5_MHBD_MWPM_5x/results/sweep_14_exp_0_checkpoints.csv
0303030303030303030003330,0.05789272078093,0.0001475983299314,190076279,results/ebbi/SC5_MHBD_MWPM_5x/results/sweep_14_exp_0_checkpoints.csv
0303030303030300030003330,0.0580564484782799,9.84738435363397e-05,238896093,results/ebbi/SC5_MHBD_MWPM_5x/results/sweep_14_exp_0_checkpoints.csv
0303030303030303030003330,0.057996222294459,6.565429066540673e-05,306262427,results/ebbi/SC5_MHBD_MWPM_5x/results/sweep_14_exp_0_checkpoints.csv
0303030303030303030303030,0.0578988625666216,9.824462176766248e-05,383470701,results/ebbi/SC5_MHBD_MWPM_5x/results/sweep_14_exp_0_checkpoints.csv
0303330300030300030333030,0.057645917317094,0.0002203052717959,476685152,results/ebbi/SC5_MHBD_MWPM_5x/results/sweep_14_exp_0_checkpoints.csv
0303330300030300030333030,0.0575640316088343,9.78482567006722e-05,600956952,results/ebbi/SC5_MHBD_MWPM_5x/results/sweep_14_exp_0_checkpoints.csv
0303330300030300030333330,0.0575012571586001,9.758189116837455e-05,757546835,results/ebbi/SC5_MHBD_MWPM_5x/results/sweep_14_exp_0_checkpoints.csv
0333333300030300030333030,0.0576821478315162,0.0003298090596217,950349495,results/ebbi/SC5_MHBD_MWPM_5x/results/sweep_14_exp_0_checkpoints.csv
0333300303030300030033330,0.0567932554222026,0.0003289330925326,1196435092,results/ebbi/SC5_MHBD_MWPM_5x/results/sweep_14_exp_0_checkpoints.csv
0303330303030300030003330,0.0572969962881449,0.0002188512735301,1506223203,results/ebbi/SC5_MHBD_MWPM_5x/results/sweep_14_exp_0_checkpoints.csv
0303330303030300030003330,0.0572969962881449,0.0002188512735301,1896204777,results/ebbi/SC5_MHBD_MWPM_5x/results/sweep_14_exp_0_checkpoints.csv
0303330303030300030003330,0.0572969962881449,0.0002188512735301,2387263840,results/ebbi/SC5_MHBD_MWPM_5x/results/sweep_14_exp_0_checkpoints.csv
0303330303030300030003330,0.0572969962881449,0.0002188512735301,3005259605,results/ebbi/SC5_MHBD_MWPM_5x/results/sweep_14_exp_0_checkpoints.csv
0303330303030300030003330,0.0572969962881449,0.0002188512735301,3783396949,results/ebbi/SC5_MHBD_MWPM_5x/results/sweep_14_exp_0_checkpoints.csv
0303330303030300030003330,0.0572969962881449,0.0002188512735301,4763001145,results/ebbi/SC5_MHBD_MWPM_5x/results/sweep_14_exp_0_checkpoints.csv
0303330303030300030003330,0.0572969962881449,0.0002188512735301,5996260845,results/ebbi/SC5_MHBD_MWPM_5x/results/sweep_14_exp_0_checkpoints.csv
0303330303030300030003330,0.0572969962881449,0.0002188512735301,7548846487,results/ebbi/SC5_MHBD_MWPM_5x/results/sweep_14_exp_0_checkpoints.csv
0303330303030300030003330,0.0572969962881449,0.0002188512735301,9503432815,results/ebbi/SC5_MHBD_MWPM_5x/results/sweep_14_exp_0_checkpoints.csv
0303330303030300030003330,0.0572969962881449,0.0002188512735301,11964099266,results/ebbi/SC5_MHBD_MWPM_5x/results/sweep_14_exp_0_checkpoints.csv
0303330303030300030003330,0.0572969962881449,0.0002188512735301,15061920990,results/ebbi/SC5_MHBD_MWPM_5x/results/sweep_14_exp_0_checkpoints.csv
0333030303030300330033030,0.0584599263144404,6.60478908685036e-05,18962782193,results/ebbi/SC5_MHBD_MWPM_5x/results/sweep_14_exp_0_checkpoints.csv
0333300300030300330303000,0.0560997328584149,0.0016653968486934,23871507437,results/ebbi/SC5_MHBD_MWPM_5x/results/sweep_14_exp_0_checkpoints.csv
0003300300030303030333300,0.057128597723464,0.0004966194392181,30052463605,results/ebbi/SC5_MHBD_MWPM_5x/results/sweep_14_exp_0_checkpoints.csv
0330300303030303030003330,0.0581723299940147,0.0001481532963225,37834697688,results/ebbi/SC5_MHBD_MWPM_5x/results/sweep_14_exp_0_checkpoints.csv
0333030003030300030333030,0.0586424740792279,6.64061662973836e-05,47635997522,results/ebbi/SC5_MHBD_MWPM_5x/results/sweep_14_exp_0_checkpoints.csv
2233332320033000303003302,0.069663997810169,0.0021059087011963,170394,results/ebbi/SC5_MHBD_MWPM_5x/results/sweep_12_exp_0_checkpoints.csv
2030232323200323030332330,0.0670907264814194,0.0020470751915127,230493,results/ebbi/SC5_MHBD_MWPM_5x/results/sweep_12_exp_0_checkpoints.csv
2030232323200323030332330,0.0670907264814194,0.0020470751915127,270469,results/ebbi/SC5_MHBD_MWPM_5x/results/sweep_12_exp_0_checkpoints.csv
2030232323200323030332330,0.0670907264814194,0.0020470751915127,358214,results/ebbi/SC5_MHBD_MWPM_5x/results/sweep_12_exp_0_checkpoints.csv
2030232323200323030332330,0.0670907264814194,0.0020470751915127,434632,results/ebbi/SC5_MHBD_MWPM_5x/results/sweep_12_exp_0_checkpoints.csv
2030232323200323030332330,0.0678253623404065,0.0013717095134779,546896,results/ebbi/SC5_MHBD_MWPM_5x/results/sweep_12_exp_0_checkpoints.csv
2030032333200323030333330,0.0651461311737322,0.0012952062534168,719908,results/ebbi/SC5_MHBD_MWPM_5x/results/sweep_12_exp_0_checkpoints.csv
2030032333200323030333330,0.0651461311737322,0.0012952062534168,856556,results/ebbi/SC5_MHBD_MWPM_5x/results/sweep_12_exp_0_checkpoints.csv
2030032333230323030333330,0.0650217549928384,0.0012817571405321,1135009,results/ebbi/SC5_MHBD_MWPM_5x/results/sweep_12_exp_0_checkpoints.csv
2030032333230323030333330,0.0650217549928384,0.0012817571405321,1378044,results/ebbi/SC5_MHBD_MWPM_5x/results/sweep_12_exp_0_checkpoints.csv
2030032333230323030333330,0.0657746174357988,0.000859112071339,1751276,results/ebbi/SC5_MHBD_MWPM_5x/results/sweep_12_exp_0_checkpoints.csv
2030032333230323030333330,0.0657746174357988,0.000859112071339,2153716,results/ebbi/SC5_MHBD_MWPM_5x/results/sweep_12_exp_0_checkpoints.csv
3000032333230323030333330,0.0653661187980763,0.0008496299269609,2739744,results/ebbi/SC5_MHBD_MWPM_5x/results/sweep_12_exp_0_checkpoints.csv
3000032333230323030333330,0.0653661187980763,0.0008496299269609,3437464,results/ebbi/SC5_MHBD_MWPM_5x/results/sweep_12_exp_0_checkpoints.csv
2030030303200323030323330,0.0635420418501434,0.0008314743172377,4294114,results/ebbi/SC5_MHBD_MWPM_5x/results/sweep_12_exp_0_checkpoints.csv
2030030303200323030323330,0.0635521450849978,0.0005543637089431,5402303,results/ebbi/SC5_MHBD_MWPM_5x/results/sweep_12_exp_0_checkpoints.csv
2030030303200323030323330,0.0635521450849978,0.0005543637089431,6790966,results/ebbi/SC5_MHBD_MWPM_5x/results/sweep_12_exp_0_checkpoints.csv
2030030303200323030323330,0.0635521450849978,0.0005543637089431,8615620,results/ebbi/SC5_MHBD_MWPM_5x/results/sweep_12_exp_0_checkpoints.csv
2030030303200323030333330,0.063287445155577,0.0005461524124257,10968724,results/ebbi/SC5_MHBD_MWPM_5x/results/sweep_12_exp_0_checkpoints.csv
3030030303200323030333330,0.061956901749568,0.0005426530842669,13538669,results/ebbi/SC5_MHBD_MWPM_5x/results/sweep_12_exp_0_checkpoints.csv
3030030303200323030333330,0.0621689666354399,0.0003623479860834,17219111,results/ebbi/SC5_MHBD_MWPM_5x/results/sweep_12_exp_0_checkpoints.csv
2030030303200303030303330,0.0613685044452921,0.00053074688185,21498374,results/ebbi/SC5_MHBD_MWPM_5x/results/sweep_12_exp_0_checkpoints.csv
2030030303200303030303330,0.0610705273521977,0.0003530286776367,27424059,results/ebbi/SC5_MHBD_MWPM_5x/results/sweep_12_exp_0_checkpoints.csv
0030033303200303030303330,0.0602798656721423,0.0005209288792684,34074147,results/ebbi/SC5_MHBD_MWPM_5x/results/sweep_12_exp_0_checkpoints.csv
0030030303200303030303330,0.060398309992798,0.0003482529136817,43292198,results/ebbi/SC5_MHBD_MWPM_5x/results/sweep_12_exp_0_checkpoints.csv
0030030303200303030303330,0.0606430459531568,0.000232608654187,54298595,results/ebbi/SC5_MHBD_MWPM_5x/results/sweep_12_exp_0_checkpoints.csv
0030330303200303030303330,0.0603599929332075,0.0002308646216988,68110445,results/ebbi/SC5_MHBD_MWPM_5x/results/sweep_12_exp_0_checkpoints.csv
0030330303200303030303330,0.0603599929332075,0.0002308646216988,85413667,results/ebbi/SC5_MHBD_MWPM_5x/results/sweep_12_exp_0_checkpoints.csv
0033030303330303030303330,0.0582853340541889,0.0007554229232482,107601816,results/ebbi/SC5_MHBD_MWPM_5x/results/sweep_12_exp_0_checkpoints.csv
0033030303030300030303330,0.057593907097921,0.0003326369915157,135634179,results/ebbi/SC5_MHBD_MWPM_5x/results/sweep_12_exp_0_checkpoints.csv
0333030303030300030303330,0.0578627186305868,0.0001475063763791,170434204,results/ebbi/SC5_MHBD_MWPM_5x/results/sweep_12_exp_0_checkpoints.csv
0333030303030300030303330,0.0577579961584664,9.825404413277285e-05,214858030,results/ebbi/SC5_MHBD_MWPM_5x/results/sweep_12_exp_0_checkpoints.csv
0333030303030300030303330,0.0577579961584664,9.825404413277285e-05,270965164,results/ebbi/SC5_MHBD_MWPM_5x/results/sweep_12_exp_0_checkpoints.csv
0333030303030300030303330,0.0577579961584664,9.825404413277285e-05,340525868,results/ebbi/SC5_MHBD_MWPM_5x/results/sweep_12_exp_0_checkpoints.csv
0333030303030300030303330,0.0578384064199336,6.554549327120185e-05,433936739,results/ebbi/SC5_MHBD_MWPM_5x/results/sweep_12_exp_0_checkpoints.csv
0333030303030300030303330,0.0578739593532832,4.370960232336074e-05,548848435,results/ebbi/SC5_MHBD_MWPM_5x/results/sweep_12_exp_0_checkpoints.csv
0333030303030300030303330,0.0578739593532832,4.370960232336074e-05,678358254,results/ebbi/SC5_MHBD_MWPM_5x/results/sweep_12_exp_0_checkpoints.csv
0303330300030303030333030,0.0573452709924892,0.0002197984576923,854900043,results/ebbi/SC5_MHBD_MWPM_5x/results/sweep_12_exp_0_checkpoints.csv
0303330300030300030333030,0.0574830007433928,9.76707087829709e-05,1075116473,results/ebbi/SC5_MHBD_MWPM_5x/results/sweep_12_exp_0_checkpoints.csv
0303330300030300030333030,0.0575428974022212,6.514566484838724e-05,1353522062,results/ebbi/SC5_MHBD_MWPM_5x/results/sweep_12_exp_0_checkpoints.csv
0303330300030300030333030,0.0575428974022212,6.514566484838724e-05,1703966047,results/ebbi/SC5_MHBD_MWPM_5x/results/sweep_12_exp_0_checkpoints.csv
0303330300030300030333030,0.0575428974022212,6.514566484838724e-05,2145148946,results/ebbi/SC5_MHBD_MWPM_5x/results/sweep_12_exp_0_checkpoints.csv
0333330003030300030333330,0.0574701657609437,0.0004965224652551,2700755173,results/ebbi/SC5_MHBD_MWPM_5x/results/sweep_12_exp_0_checkpoints.csv
0333300000030303030333030,0.0581112442507527,0.0001481295767007,3400385295,results/ebbi/SC5_MHBD_MWPM_5x/results/sweep_12_exp_0_checkpoints.csv
0303000303030303030303030,0.0582856553557611,6.58853241475299e-05,4294494790,results/ebbi/SC5_MHBD_MWPM_5x/results/sweep_12_exp_0_checkpoints.csv
0333000303030303030303030,0.0581566299460564,4.3821815779665485e-05,5388353416,results/ebbi/SC5_MHBD_MWPM_5x/results/sweep_12_exp_0_checkpoints.csv
0333000303030303030303330,0.0581358167468853,2.919913640653249e-05,6784008595,results/ebbi/SC5_MHBD_MWPM_5x/results/sweep_12_exp_0_checkpoints.csv
3303330303030300330303030,0.0578252174187433,0.0001475175376981,8539969503,results/ebbi/SC5_MHBD_MWPM_5x/results/sweep_12_exp_0_checkpoints.csv
0333300303030300030033003,0.056700183566673,0.0004941968945786,10751196739,results/ebbi/SC5_MHBD_MWPM_5x/results/sweep_12_exp_0_checkpoints.csv
0303330300030300330003030,0.0578619648111763,0.0001475615281378,13534892455,results/ebbi/SC5_MHBD_MWPM_5x/results/sweep_12_exp_0_checkpoints.csv
0330330303030303030303330,0.0580022579651295,9.861514263320714e-05,17039400632,results/ebbi/SC5_MHBD_MWPM_5x/results/sweep_12_exp_0_checkpoints.csv
0003000300030303030303330,0.0586035774152481,0.0001492961018811,21454428716,results/ebbi/SC5_MHBD_MWPM_5x/results/sweep_12_exp_0_checkpoints.csv
0033030303030303030003033,0.0586683087467537,9.928333020070568e-05,27005637503,results/ebbi/SC5_MHBD_MWPM_5x/results/sweep_12_exp_0_checkpoints.csv
0333000300033300030333030,0.0584920368043229,0.0001491004513809,34000981697,results/ebbi/SC5_MHBD_MWPM_5x/results/sweep_12_exp_0_checkpoints.csv
0300030330030300030303330,0.0584531548299428,9.915931150317192e-05,42801619351,results/ebbi/SC5_MHBD_MWPM_5x/results/sweep_12_exp_0_checkpoints.csv
2003200333220003023320320,0.0714766003227541,0.0021124142222106,135196,results/ebbi/SC5_MHBD_MWPM_5x/results/sweep_25_exp_0_checkpoints.csv
2003200333220003023320320,0.0714766003227541,0.0021124142222106,179736,results/ebbi/SC5_MHBD_MWPM_5x/results/sweep_25_exp_0_checkpoints.csv
2003200333220003023320320,0.0714766003227541,0.0021124142222106,220021,results/ebbi/SC5_MHBD_MWPM_5x/results/sweep_25_exp_0_checkpoints.csv
2003200333020003023320320,0.0692263296983688,0.0013989899307489,313330,results/ebbi/SC5_MHBD_MWPM_5x/results/sweep_25_exp_0_checkpoints.csv
2003200333020003023320320,0.0692263296983688,0.0013989899307489,356580,results/ebbi/SC5_MHBD_MWPM_5x/results/sweep_25_exp_0_checkpoints.csv
2003200333020003023320320,0.0692263296983688,0.0013989899307489,440705,results/ebbi/SC5_MHBD_MWPM_5x/results/sweep_25_exp_0_checkpoints.csv
2003200333020003023320320,0.0692263296983688,0.0013989899307489,586969,results/ebbi/SC5_MHBD_MWPM_5x/results/sweep_25_exp_0_checkpoints.csv
2003200333020003023320320,0.0692263296983688,0.0013989899307489,693370,results/ebbi/SC5_MHBD_MWPM_5x/results/sweep_25_exp_0_checkpoints.csv
2003200333020003023330323,0.0695599269924964,0.0013693073997274,854675,results/ebbi/SC5_MHBD_MWPM_5x/results/sweep_25_exp_0_checkpoints.csv
0020300333203020002023033,0.0700839697656444,0.0009239763021469,1115337,results/ebbi/SC5_MHBD_MWPM_5x/results/sweep_25_exp_0_checkpoints.csv
2003200333320003023330303,0.0696378481266279,0.0009007249609567,1390550,results/ebbi/SC5_MHBD_MWPM_5x/results/sweep_25_exp_0_checkpoints.csv
2003200333320003023330303,0.0696378481266279,0.0009007249609567,1780529,results/ebbi/SC5_MHBD_MWPM_5x/results/sweep_25_exp_0_checkpoints.csv
3030020333020003023330300,0.0652859350850077,0.0019422880141064,2167349,results/ebbi/SC5_MHBD_MWPM_5x/results/sweep_25_exp_0_checkpoints.csv
3030000333020003020330330,0.0651250336111858,0.0012794750509783,2717227,results/ebbi/SC5_MHBD_MWPM_5x/results/sweep_25_exp_0_checkpoints.csv
3030000333020003020330330,0.0656109949208246,0.0008559565176256,3432085,results/ebbi/SC5_MHBD_MWPM_5x/results/sweep_25_exp_0_checkpoints.csv
3030000333020003020333330,0.0644199050136864,0.0008396542398259,4307001,results/ebbi/SC5_MHBD_MWPM_5x/results/sweep_25_exp_0_checkpoints.csv
3030000333020003020333330,0.0643284583110205,0.0005594048416242,5465730,results/ebbi/SC5_MHBD_MWPM_5x/results/sweep_25_exp_0_checkpoints.csv
3030000330000003020333330,0.0630787066592442,0.0005493917851708,6898835,results/ebbi/SC5_MHBD_MWPM_5x/results/sweep_25_exp_0_checkpoints.csv
0000000330003033030333330,0.0605176253743952,0.0007897901232354,8577891,results/ebbi/SC5_MHBD_MWPM_5x/results/sweep_25_exp_0_checkpoints.csv
3000000330000033030333330,0.0604206175662625,0.0005329754785634,10838480,results/ebbi/SC5_MHBD_MWPM_5x/results/sweep_25_exp_0_checkpoints.csv
3000000330000033030333330,0.0605706127114667,0.0003557311429176,13724287,results/ebbi/SC5_MHBD_MWPM_5x/results/sweep_25_exp_0_checkpoints.csv
3000000330030033030333330,0.0605428507096823,0.0003475867561064,17194763,results/ebbi/SC5_MHBD_MWPM_5x/results/sweep_25_exp_0_checkpoints.csv
3030000330030030030333330,0.0576431562347055,0.001718662912026,21830781,results/ebbi/SC5_MHBD_MWPM_5x/results/sweep_25_exp_0_checkpoints.csv
3000000330030033030333330,0.0605850048950236,0.0002318003680557,28111806,results/ebbi/SC5_MHBD_MWPM_5x/results/sweep_25_exp_0_checkpoints.csv
3000000330030030030303330,0.060351506172281,0.0002311862044734,34074253,results/ebbi/SC5_MHBD_MWPM_5x/results/sweep_25_exp_0_checkpoints.csv
3000000330030030030303330,0.060351506172281,0.0002311862044734,42801247,results/ebbi/SC5_MHBD_MWPM_5x/results/sweep_25_exp_0_checkpoints.csv
3303000300030030330303330,0.0566006404934171,0.0011254566488787,53824487,results/ebbi/SC5_MHBD_MWPM_5x/results/sweep_25_exp_0_checkpoints.csv
3303000300030033330303330,0.0583220325868732,0.00033440606785,67780764,results/ebbi/SC5_MHBD_MWPM_5x/results/sweep_25_exp_0_checkpoints.csv
3303000300030033330303330,0.0583220325868732,0.00033440606785,85631238,results/ebbi/SC5_MHBD_MWPM_5x/results/sweep_25_exp_0_checkpoints.csv
0303000300030333330303030,0.0580965037824575,0.000334486743668,107468590,results/ebbi/SC5_MHBD_MWPM_5x/results/sweep_25_exp_0_checkpoints.csv
0303000300030333330303030,0.05820138994904,0.0002231803664471,135712540,results/ebbi/SC5_MHBD_MWPM_5x/results/sweep_25_exp_0_checkpoints.csv
0303000300030333330303030,0.05820138994904,0.0002231803664471,170684183,results/ebbi/SC5_MHBD_MWPM_5x/results/sweep_25_exp_0_checkpoints.csv
0303000303030303030303030,0.0582687620612461,0.0001485463581047,216913688,results/ebbi/SC5_MHBD_MWPM_5x/results/sweep_25_exp_0_checkpoints.csv
0303030303030303030333030,0.0582237664510587,0.0001482215593568,272586124,results/ebbi/SC5_MHBD_MWPM_5x/results/sweep_25_exp_0_checkpoints.csv
0303000303030303030303030,0.0582006080852606,9.897658310364932e-05,343967951,results/ebbi/SC5_MHBD_MWPM_5x/results/sweep_25_exp_0_checkpoints.csv
0303030303030303030303030,0.0578608262774132,9.845051681622864e-05,427775648,results/ebbi/SC5_MHBD_MWPM_5x/results/sweep_25_exp_0_checkpoints.csv
0303030303030303030303030,0.0578608262774132,9.845051681622864e-05,542506682,results/ebbi/SC5_MHBD_MWPM_5x/results/sweep_25_exp_0_checkpoints.csv
0303030303030303030303030,0.0579716563485922,4.379510573926382e-05,685067257,results/ebbi/SC5_MHBD_MWPM_5x/results/sweep_25_exp_0_checkpoints.csv
0303330300030300030033330,0.0577272129422596,0.0001472411095164,854688063,results/ebbi/SC5_MHBD_MWPM_5x/results/sweep_25_exp_0_checkpoints.csv
0303330300030300030333330,0.0577300160172322,6.530844257213175e-05,1079709349,results/ebbi/SC5_MHBD_MWPM_5x/results/sweep_25_exp_0_checkpoints.csv
0303330300030300030333030,0.0575320606228266,9.771426994120702e-05,1352072926,results/ebbi/SC5_MHBD_MWPM_5x/results/sweep_25_exp_0_checkpoints.csv
0303330303030300030333030,0.0574209506993243,0.0001467108086217,1702493088,results/ebbi/SC5_MHBD_MWPM_5x/results/sweep_25_exp_0_checkpoints.csv
0303330303030300030333030,0.0574209506993243,0.0001467108086217,2142722904,results/ebbi/SC5_MHBD_MWPM_5x/results/sweep_25_exp_0_checkpoints.csv
3303030300030300030033030,0.0587957768983369,6.564325303770602e-05,2710465732,results/ebbi/SC5_MHBD_MWPM_5x/results/sweep_25_exp_0_checkpoints.csv
0333030303030300030003330,0.0579123606836035,6.559155008289963e-05,3396337813,results/ebbi/SC5_MHBD_MWPM_5x/results/sweep_25_exp_0_checkpoints.csv
0333030303030300030333330,0.0577614845703105,0.0001466685935156,4275928360,results/ebbi/SC5_MHBD_MWPM_5x/results/sweep_25_exp_0_checkpoints.csv
0333030303030300030333330,0.0577614845703105,0.0001466685935156,5382257077,results/ebbi/SC5_MHBD_MWPM_5x/results/sweep_25_exp_0_checkpoints.csv
3303030303030300030303330,0.0579950646530451,0.0001468675618525,6775876865,results/ebbi/SC5_MHBD_MWPM_5x/results/sweep_25_exp_0_checkpoints.csv
0303300300030303030333330,0.0579569140323432,9.826714813243598e-05,8530308005,results/ebbi/SC5_MHBD_MWPM_5x/results/sweep_25_exp_0_checkpoints.csv
0033330303030303030333030,0.0583223843079805,6.592555291717872e-05,10745691891,results/ebbi/SC5_MHBD_MWPM_5x/results/sweep_25_exp_0_checkpoints.csv
0333330300030300000033330,0.0582547412328325,6.589945405721664e-05,13520250059,results/ebbi/SC5_MHBD_MWPM_5x/results/sweep_25_exp_0_checkpoints.csv
0303330300030300330303330,0.0580033235781937,0.0001478803023928,17020270930,results/ebbi/SC5_MHBD_MWPM_5x/results/sweep_25_exp_0_checkpoints.csv
0033030303030300030330030,0.0584640023299935,9.899275755742563e-05,21427349863,results/ebbi/SC5_MHBD_MWPM_5x/results/sweep_25_exp_0_checkpoints.csv
0303030330030303030300030,0.0584258241038818,9.832849173108116e-05,26975508124,results/ebbi/SC5_MHBD_MWPM_5x/results/sweep_25_exp_0_checkpoints.csv
0330030303030303030300030,0.058617501702833,4.4162061385577545e-05,33960740662,results/ebbi/SC5_MHBD_MWPM_5x/results/sweep_25_exp_0_checkpoints.csv
0303330300030300330030030,0.0580189373142582,0.0001482111401855,42752872067,results/ebbi/SC5_MHBD_MWPM_5x/results/sweep_25_exp_0_checkpoints.csv
3333230033332323330320303,0.0671553228621291,0.002091136528179,140965,results/ebbi/SC5_MHBD_MWPM_5x/results/sweep_7_exp_0_checkpoints.csv
3333230033332323330320303,0.0671553228621291,0.002091136528179,231564,results/ebbi/SC5_MHBD_MWPM_5x/results/sweep_7_exp_0_checkpoints.csv
3333230033332323330320303,0.0671553228621291,0.002091136528179,291573,results/ebbi/SC5_MHBD_MWPM_5x/results/sweep_7_exp_0_checkpoints.csv
3333230033332323330320303,0.0671553228621291,0.002091136528179,366572,results/ebbi/SC5_MHBD_MWPM_5x/results/sweep_7_exp_0_checkpoints.csv
3333230033332323330320303,0.0684187662901824,0.0014062889385968,483986,results/ebbi/SC5_MHBD_MWPM_5x/results/sweep_7_exp_0_checkpoints.csv
3333230033332323330320303,0.0684187662901824,0.0014062889385968,567056,results/ebbi/SC5_MHBD_MWPM_5x/results/sweep_7_exp_0_checkpoints.csv
3333230033332323330320303,0.0694386981106054,0.0009439985733479,735861,results/ebbi/SC5_MHBD_MWPM_5x/results/sweep_7_exp_0_checkpoints.csv
3333230033330323330320323,0.0689036470339035,0.0008940756088122,895829,results/ebbi/SC5_MHBD_MWPM_5x/results/sweep_7_exp_0_checkpoints.csv
3333230033330323303320033,0.0628961782263523,0.0019044926157221,1151065,results/ebbi/SC5_MHBD_MWPM_5x/results/sweep_7_exp_0_checkpoints.csv
3333230033330323303320033,0.0636540197499794,0.0012768500018864,1441995,results/ebbi/SC5_MHBD_MWPM_5x/results/sweep_7_exp_0_checkpoints.csv
3333230033330323303320033,0.0636540197499794,0.0012768500018864,1819074,results/ebbi/SC5_MHBD_MWPM_5x/results/sweep_7_exp_0_checkpoints.csv
3333230033330303303320033,0.0650492921553053,0.0008428412838838,2256387,results/ebbi/SC5_MHBD_MWPM_5x/results/sweep_7_exp_0_checkpoints.csv
3333230033330303300320033,0.0621851385390428,0.0012369874166324,2816688,results/ebbi/SC5_MHBD_MWPM_5x/results/sweep_7_exp_0_checkpoints.csv
3333230033330303300320033,0.0630794528216072,0.0008301914785988,3586020,results/ebbi/SC5_MHBD_MWPM_5x/results/sweep_7_exp_0_checkpoints.csv
3302230030030333300320033,0.0612058638982374,0.001810364308767,4479232,results/ebbi/SC5_MHBD_MWPM_5x/results/sweep_7_exp_0_checkpoints.csv
3333230033030303300320033,0.0629556570103816,0.0005476470687426,5728345,results/ebbi/SC5_MHBD_MWPM_5x/results/sweep_7_exp_0_checkpoints.csv
3333230033030303300320033,0.0629556570103816,0.0005476470687426,7101744,results/ebbi/SC5_MHBD_MWPM_5x/results/sweep_7_exp_0_checkpoints.csv
3333230033030303300320033,0.0628187428116929,0.0003647290286608,8966055,results/ebbi/SC5_MHBD_MWPM_5x/results/sweep_7_exp_0_checkpoints.csv
3333230033030303300320033,0.0628187428116929,0.0003647290286608,11385558,results/ebbi/SC5_MHBD_MWPM_5x/results/sweep_7_exp_0_checkpoints.csv
3333230033030303300320033,0.0630255434318682,0.0002435262140352,14174587,results/ebbi/SC5_MHBD_MWPM_5x/results/sweep_7_exp_0_checkpoints.csv
3333230033030303000320033,0.0629838475646278,0.0002401360543444,17814705,results/ebbi/SC5_MHBD_MWPM_5x/results/sweep_7_exp_0_checkpoints.csv
3333230033030303300320033,0.0629785319530129,0.0001622944546397,22708103,results/ebbi/SC5_MHBD_MWPM_5x/results/sweep_7_exp_0_checkpoints.csv
3303030033030303030320030,0.0604316578165683,0.0003520258760545,28297379,results/ebbi/SC5_MHBD_MWPM_5x/results/sweep_7_exp_0_checkpoints.csv
3303030033030303030330030,0.0587995800029999,0.0007700268761254,35515478,results/ebbi/SC5_MHBD_MWPM_5x/results/sweep_7_exp_0_checkpoints.csv
3303030033030303030330030,0.0588047720322713,0.0002281689958181,44594283,results/ebbi/SC5_MHBD_MWPM_5x/results/sweep_7_exp_0_checkpoints.csv
3303030333030303030330030,0.058614572159419,0.0003373826039023,56347400,results/ebbi/SC5_MHBD_MWPM_5x/results/sweep_7_exp_0_checkpoints.csv
3303000333030303030330030,0.0584874839157137,0.0002241716283606,71102705,results/ebbi/SC5_MHBD_MWPM_5x/results/sweep_7_exp_0_checkpoints.csv
3303000333030303030330030,0.0584874839157137,0.0002241716283606,89293026,results/ebbi/SC5_MHBD_MWPM_5x/results/sweep_7_exp_0_checkpoints.csv
3303030303030303030330030,0.0583508850508327,0.0002231998514616,112049592,results/ebbi/SC5_MHBD_MWPM_5x/results/sweep_7_exp_0_checkpoints.csv
3303030303030303030330030,0.0583669676562464,0.000148819250171,142228624,results/ebbi/SC5_MHBD_MWPM_5x/results/sweep_7_exp_0_checkpoints.csv
3303330303030300030030030,0.0549781750155892,0.0016430739779025,177746145,results/ebbi/SC5_MHBD_MWPM_5x/results/sweep_7_exp_0_checkpoints.csv
0303330300030303030033030,0.0579393070670111,0.000221407477511,223698759,results/ebbi/SC5_MHBD_MWPM_5x/results/sweep_7_exp_0_checkpoints.csv
3303330300030300030033030,0.0581396888553792,0.0001482320658396,281705923,results/ebbi/SC5_MHBD_MWPM_5x/results/sweep_7_exp_0_checkpoints.csv
3303330300030300030333030,0.0577783199883743,0.0002209859230788,354743603,results/ebbi/SC5_MHBD_MWPM_5x/results/sweep_7_exp_0_checkpoints.csv
0303330300030300030033330,0.0574854203356006,0.0001467612892156,446823443,results/ebbi/SC5_MHBD_MWPM_5x/results/sweep_7_exp_0_checkpoints.csv
0303330303030300030333030,0.0575078593161341,9.755505016073585e-05,563068312,results/ebbi/SC5_MHBD_MWPM_5x/results/sweep_7_exp_0_checkpoints.csv
0303330300030300030333033,0.0574968725587718,0.0002195812412537,706627693,results/ebbi/SC5_MHBD_MWPM_5x/results/sweep_7_exp_0_checkpoints.csv
0303330300030300030333033,0.0578505037394881,6.524871423607692e-05,889658902,results/ebbi/SC5_MHBD_MWPM_5x/results/sweep_7_exp_0_checkpoints.csv
0303300300030303030333030,0.0572873195082151,0.0002196841087425,1119740437,results/ebbi/SC5_MHBD_MWPM_5x/results/sweep_7_exp_0_checkpoints.csv
3303300300030300030333030,0.057633937241628,0.000146720019984,1411737483,results/ebbi/SC5_MHBD_MWPM_5x/results/sweep_7_exp_0_checkpoints.csv
0333330303030300030333030,0.057840498098212,6.535219290526584e-05,1777174896,results/ebbi/SC5_MHBD_MWPM_5x/results/sweep_7_exp_0_checkpoints.csv
0333330303030300030333030,0.0578669595340987,2.90516563836718e-05,2236940633,results/ebbi/SC5_MHBD_MWPM_5x/results/sweep_7_exp_0_checkpoints.csv
0333330300030300030303330,0.0579740289957238,6.56086194794625e-05,2813170180,results/ebbi/SC5_MHBD_MWPM_5x/results/sweep_7_exp_0_checkpoints.csv
0333030303030300030303330,0.0575577370776071,0.0001471138384658,3540926853,results/ebbi/SC5_MHBD_MWPM_5x/results/sweep_7_exp_0_checkpoints.csv
0330030303000303030330330,0.0541757578571097,0.0010905730305239,4457715664,results/ebbi/SC5_MHBD_MWPM_5x/results/sweep_7_exp_0_checkpoints.csv
3303030300030300030303330,0.0579014858506027,0.000147663289681,5613542117,results/ebbi/SC5_MHBD_MWPM_5x/results/sweep_7_exp_0_checkpoints.csv
0303330303030300030033030,0.0572187965700265,0.0002198653237428,7065002253,results/ebbi/SC5_MHBD_MWPM_5x/results/sweep_7_exp_0_checkpoints.csv
0303330303030300030033030,0.0572187965700265,0.0002198653237428,8894647784,results/ebbi/SC5_MHBD_MWPM_5x/results/sweep_7_exp_0_checkpoints.csv
0303330303030300030033030,0.0572187965700265,0.0002198653237428,11197266149,results/ebbi/SC5_MHBD_MWPM_5x/results/sweep_7_exp_0_checkpoints.csv
0333030300030300030330330,0.0570046360815726,0.0003276075294706,14096514471,results/ebbi/SC5_MHBD_MWPM_5x/results/sweep_7_exp_0_checkpoints.csv
0333030300030300030330330,0.0570046360815726,0.0003276075294706,17746460880,results/ebbi/SC5_MHBD_MWPM_5x/results/sweep_7_exp_0_checkpoints.csv
0333030300030300030330330,0.0570046360815726,0.0003276075294706,22341459707,results/ebbi/SC5_MHBD_MWPM_5x/results/sweep_7_exp_0_checkpoints.csv
0333030300030300030330330,0.0570046360815726,0.0003276075294706,28126220969,results/ebbi/SC5_MHBD_MWPM_5x/results/sweep_7_exp_0_checkpoints.csv
0333030300030300030330330,0.0570046360815726,0.0003276075294706,35408811566,results/ebbi/SC5_MHBD_MWPM_5x/results/sweep_7_exp_0_checkpoints.csv
3020002233202303303303303,0.0739786529260213,0.002245525131002,149933,results/ebbi/SC5_MHBD_MWPM_5x/results/sweep_1_exp_0_checkpoints.csv
3020002233202303303303303,0.0739786529260213,0.002245525131002,200397,results/ebbi/SC5_MHBD_MWPM_5x/results/sweep_1_exp_0_checkpoints.csv
3020002233202303303303303,0.0739786529260213,0.002245525131002,247972,results/ebbi/SC5_MHBD_MWPM_5x/results/sweep_1_exp_0_checkpoints.csv
3020002233202303303303303,0.0751889539639433,0.0015083372127264,315935,results/ebbi/SC5_MHBD_MWPM_5x/results/sweep_1_exp_0_checkpoints.csv
3230233032032202300303003,0.074326923076923,0.001484969863668,383532,results/ebbi/SC5_MHBD_MWPM_5x/results/sweep_1_exp_0_checkpoints.csv
3202203333303003020033200,0.0714907289644554,0.002107864478603,490262,results/ebbi/SC5_MHBD_MWPM_5x/results/sweep_1_exp_0_checkpoints.csv
3203203333303000000033200,0.0666922437496003,0.0019949486013501,599411,results/ebbi/SC5_MHBD_MWPM_5x/results/sweep_1_exp_0_checkpoints.csv
3203203333303000000033200,0.0666922437496003,0.0019949486013501,763847,results/ebbi/SC5_MHBD_MWPM_5x/results/sweep_1_exp_0_checkpoints.csv
3203203333303000000033200,0.0673298280517265,0.0013359274016693,987401,results/ebbi/SC5_MHBD_MWPM_5x/results/sweep_1_exp_0_checkpoints.csv
3203203333303000000033200,0.0666346651844927,0.0008863639086484,1224607,results/ebbi/SC5_MHBD_MWPM_5x/results/sweep_1_exp_0_checkpoints.csv
3003003333303000000033200,0.0601330913490623,0.0018490147776901,1536744,results/ebbi/SC5_MHBD_MWPM_5x/results/sweep_1_exp_0_checkpoints.csv
3003003333303000000033200,0.0601330913490623,0.0018490147776901,1890128,results/ebbi/SC5_MHBD_MWPM_5x/results/sweep_1_exp_0_checkpoints.csv
3203003333303000000033300,0.0639947137011716,0.001233814517036,2405712,results/ebbi/SC5_MHBD_MWPM_5x/results/sweep_1_exp_0_checkpoints.csv
3003003333303000000033300,0.0644027303754266,0.0008279415778815,3075821,results/ebbi/SC5_MHBD_MWPM_5x/results/sweep_1_exp_0_checkpoints.csv
3003003333303000000033300,0.0641243452055902,0.0005508546601049,3774372,results/ebbi/SC5_MHBD_MWPM_5x/results/sweep_1_exp_0_checkpoints.csv
3003003333300000000033300,0.0628050653650544,0.0008183472673408,4837033,results/ebbi/SC5_MHBD_MWPM_5x/results/sweep_1_exp_0_checkpoints.csv
3003003333300000000033300,0.0634178162547028,0.0005480460240505,6065723,results/ebbi/SC5_MHBD_MWPM_5x/results/sweep_1_exp_0_checkpoints.csv
3003003333300000000033300,0.0634178162547028,0.0005480460240505,7554604,results/ebbi/SC5_MHBD_MWPM_5x/results/sweep_1_exp_0_checkpoints.csv
3003033333303000000033300,0.0635658108135618,0.0003669383586384,9486031,results/ebbi/SC5_MHBD_MWPM_5x/results/sweep_1_exp_0_checkpoints.csv
3033033333300000000033300,0.0598285746721916,0.0017868148861452,12420441,results/ebbi/SC5_MHBD_MWPM_5x/results/sweep_1_exp_0_checkpoints.csv
3303033333300300000033300,0.0614057842623817,0.0005311222630552,14999562,results/ebbi/SC5_MHBD_MWPM_5x/results/sweep_1_exp_0_checkpoints.csv
3303033303300300000033300,0.060287010553309,0.0011818886268883,18886463,results/ebbi/SC5_MHBD_MWPM_5x/results/sweep_1_exp_0_checkpoints.csv
0303033303300300030003300,0.059838655430339,0.0005162332090549,23950556,results/ebbi/SC5_MHBD_MWPM_5x/results/sweep_1_exp_0_checkpoints.csv
0303033303300300030003300,0.060135923229482,0.0003449563519097,30074027,results/ebbi/SC5_MHBD_MWPM_5x/results/sweep_1_exp_0_checkpoints.csv
0303033003300300030003000,0.0569132006257754,0.0017015741905197,38838277,results/ebbi/SC5_MHBD_MWPM_5x/results/sweep_1_exp_0_checkpoints.csv
0303033303300300030003300,0.0602523278521627,0.0002301795175299,47549849,results/ebbi/SC5_MHBD_MWPM_5x/results/sweep_1_exp_0_checkpoints.csv
0303033303300300030303300,0.0599107074288015,0.0001529058645246,60536917,results/ebbi/SC5_MHBD_MWPM_5x/results/sweep_1_exp_0_checkpoints.csv
3303030303300300030303300,0.0597823233564871,0.0001530399604234,75159123,results/ebbi/SC5_MHBD_MWPM_5x/results/sweep_1_exp_0_checkpoints.csv
0303030303330300030303300,0.0583237438066917,0.0003380645939614,95010074,results/ebbi/SC5_MHBD_MWPM_5x/results/sweep_1_exp_0_checkpoints.csv
0333330300030300030303300,0.0582153572859912,0.0002224608033429,119321971,results/ebbi/SC5_MHBD_MWPM_5x/results/sweep_1_exp_0_checkpoints.csv
0333330300030300030303300,0.0583315681535898,0.0001484461245127,150160814,results/ebbi/SC5_MHBD_MWPM_5x/results/sweep_1_exp_0_checkpoints.csv
0303030303030300030303303,0.0580327132192843,0.0002220945170847,188805538,results/ebbi/SC5_MHBD_MWPM_5x/results/sweep_1_exp_0_checkpoints.csv
0333030300030300030303333,0.0581901667957717,0.0001481198123656,240395847,results/ebbi/SC5_MHBD_MWPM_5x/results/sweep_1_exp_0_checkpoints.csv
0333030303030300030303330,0.0577514886694601,0.0001475877361372,300087316,results/ebbi/SC5_MHBD_MWPM_5x/results/sweep_1_exp_0_checkpoints.csv
0333330300030300030333030,0.0577635739298949,0.0002206710341852,377300272,results/ebbi/SC5_MHBD_MWPM_5x/results/sweep_1_exp_0_checkpoints.csv
0303330300030300030333030,0.0574963255344758,0.000146501843119,474155878,results/ebbi/SC5_MHBD_MWPM_5x/results/sweep_1_exp_0_checkpoints.csv
0303330300030300030033330,0.0575897870043014,9.791951742954552e-05,597015855,results/ebbi/SC5_MHBD_MWPM_5x/results/sweep_1_exp_0_checkpoints.csv
0303330303030300030333030,0.0576444645830267,9.773152123671024e-05,751937802,results/ebbi/SC5_MHBD_MWPM_5x/results/sweep_1_exp_0_checkpoints.csv
0303330303030300030333030,0.0576444645830267,9.773152123671024e-05,946573970,results/ebbi/SC5_MHBD_MWPM_5x/results/sweep_1_exp_0_checkpoints.csv
0333000303030300030003330,0.0583267167386229,6.600467895623296e-05,1192320195,results/ebbi/SC5_MHBD_MWPM_5x/results/sweep_1_exp_0_checkpoints.csv
0303030300030303030303330,0.0577811877606351,0.0001471152645535,1502006780,results/ebbi/SC5_MHBD_MWPM_5x/results/sweep_1_exp_0_checkpoints.csv
0333030303030300030003330,0.0579165257627537,4.379282836453058e-05,1898581547,results/ebbi/SC5_MHBD_MWPM_5x/results/sweep_1_exp_0_checkpoints.csv
0333030330030300030003033,0.0560341222714727,0.0007436114246957,2376295604,results/ebbi/SC5_MHBD_MWPM_5x/results/sweep_1_exp_0_checkpoints.csv
0333300300030300030333030,0.0575522298960526,0.0002208257501479,2991593246,results/ebbi/SC5_MHBD_MWPM_5x/results/sweep_1_exp_0_checkpoints.csv
0333330300030300030033330,0.0568148478600738,0.0003281511599197,3766411546,results/ebbi/SC5_MHBD_MWPM_5x/results/sweep_1_exp_0_checkpoints.csv
0333330300030300030033330,0.0568148478600738,0.0003281511599197,4741308221,results/ebbi/SC5_MHBD_MWPM_5x/results/sweep_1_exp_0_checkpoints.csv
0333330300030300030033330,0.0568148478600738,0.0003281511599197,5968996229,results/ebbi/SC5_MHBD_MWPM_5x/results/sweep_1_exp_0_checkpoints.csv
0333300300030300033030030,0.0559262404464394,0.0007305926410481,7514469091,results/ebbi/SC5_MHBD_MWPM_5x/results/sweep_1_exp_0_checkpoints.csv
0333330300030300030033330,0.0568148478600738,0.0003281511599197,9460136371,results/ebbi/SC5_MHBD_MWPM_5x/results/sweep_1_exp_0_checkpoints.csv
0333330300030300030033330,0.0568148478600738,0.0003281511599197,11909613493,results/ebbi/SC5_MHBD_MWPM_5x/results/sweep_1_exp_0_checkpoints.csv
0333330300030300030033330,0.0568148478600738,0.0003281511599197,14993349675,results/ebbi/SC5_MHBD_MWPM_5x/results/sweep_1_exp_0_checkpoints.csv
0333330300030300030033330,0.0568148478600738,0.0003281511599197,18875450946,results/ebbi/SC5_MHBD_MWPM_5x/results/sweep_1_exp_0_checkpoints.csv
0333330300030300030033330,0.0568148478600738,0.0003281511599197,23762834589,results/ebbi/SC5_MHBD_MWPM_5x/results/sweep_1_exp_0_checkpoints.csv
0333330300030300030033330,0.0568148478600738,0.0003281511599197,29915584481,results/ebbi/SC5_MHBD_MWPM_5x/results/sweep_1_exp_0_checkpoints.csv
0333330300030300030033330,0.0568148478600738,0.0003281511599197,37661473198,results/ebbi/SC5_MHBD_MWPM_5x/results/sweep_1_exp_0_checkpoints.csv
0230033033233323023000033,0.070113458794755,0.002104562241584,164923,results/ebbi/SC5_MHBD_MWPM_5x/results/sweep_18_exp_0_checkpoints.csv
0003333030033232303033033,0.0684175968483256,0.00204564537853,227943,results/ebbi/SC5_MHBD_MWPM_5x/results/sweep_18_exp_0_checkpoints.csv
0003333030033232303033033,0.0684175968483256,0.00204564537853,261445,results/ebbi/SC5_MHBD_MWPM_5x/results/sweep_18_exp_0_checkpoints.csv
0003333030033232303033033,0.0684175968483256,0.00204564537853,331748,results/ebbi/SC5_MHBD_MWPM_5x/results/sweep_18_exp_0_checkpoints.csv
0003333030033232303033033,0.0669779658543703,0.0013504553353413,498924,results/ebbi/SC5_MHBD_MWPM_5x/results/sweep_18_exp_0_checkpoints.csv
0003333030033232303033033,0.0669779658543703,0.0013504553353413,528075,results/ebbi/SC5_MHBD_MWPM_5x/results/sweep_18_exp_0_checkpoints.csv
0003333030033232303033033,0.0669779658543703,0.0013504553353413,689393,results/ebbi/SC5_MHBD_MWPM_5x/results/sweep_18_exp_0_checkpoints.csv
0003333030033232303033033,0.0673991153541826,0.0009029521024785,861166,results/ebbi/SC5_MHBD_MWPM_5x/results/sweep_18_exp_0_checkpoints.csv
0003333030033232303033033,0.0673991153541826,0.0009029521024785,1042243,results/ebbi/SC5_MHBD_MWPM_5x/results/sweep_18_exp_0_checkpoints.csv
0003333030033232303033033,0.0673991153541826,0.0009029521024785,1372774,results/ebbi/SC5_MHBD_MWPM_5x/results/sweep_18_exp_0_checkpoints.csv
0003333030033232303033033,0.0679653629738954,0.0006043157773092,1653603,results/ebbi/SC5_MHBD_MWPM_5x/results/sweep_18_exp_0_checkpoints.csv
0003333030033232303033033,0.0679653629738954,0.0006043157773092,2161491,results/ebbi/SC5_MHBD_MWPM_5x/results/sweep_18_exp_0_checkpoints.csv
0003333030033332303033033,0.0658070145672249,0.0008631533128209,2694089,results/ebbi/SC5_MHBD_MWPM_5x/results/sweep_18_exp_0_checkpoints.csv
2003333030033332303333033,0.0655540737002727,0.0008579005952924,3303211,results/ebbi/SC5_MHBD_MWPM_5x/results/sweep_18_exp_0_checkpoints.csv
0000333030033332303030033,0.0658274844348034,0.0005662668845616,4168743,results/ebbi/SC5_MHBD_MWPM_5x/results/sweep_18_exp_0_checkpoints.csv
0000333030033332303030033,0.0658274844348034,0.0005662668845616,5284211,results/ebbi/SC5_MHBD_MWPM_5x/results/sweep_18_exp_0_checkpoints.csv
0000333030033332303030033,0.0658274844348034,0.0005662668845616,6644127,results/ebbi/SC5_MHBD_MWPM_5x/results/sweep_18_exp_0_checkpoints.csv
0003333030033332303003033,0.0636057038045086,0.0018771905452013,8425273,results/ebbi/SC5_MHBD_MWPM_5x/results/sweep_18_exp_0_checkpoints.csv
0003333030033332303003033,0.0656979432377251,0.0005646998761221,10572962,results/ebbi/SC5_MHBD_MWPM_5x/results/sweep_18_exp_0_checkpoints.csv
0000333030033332303033033,0.0659132974693295,0.0002548912889324,13179103,results/ebbi/SC5_MHBD_MWPM_5x/results/sweep_18_exp_0_checkpoints.csv
0003333030033330300030033,0.0588268439736293,0.0017662323080003,16521698,results/ebbi/SC5_MHBD_MWPM_5x/results/sweep_18_exp_0_checkpoints.csv
0003333030033330300033033,0.0620110359207048,0.0003654645697679,21016845,results/ebbi/SC5_MHBD_MWPM_5x/results/sweep_18_exp_0_checkpoints.csv
0003333030033300300033033,0.0616835694057158,0.0003549496468622,26229686,results/ebbi/SC5_MHBD_MWPM_5x/results/sweep_18_exp_0_checkpoints.csv
0303333000030330300030033,0.0595938052417185,0.0005188501090742,32992627,results/ebbi/SC5_MHBD_MWPM_5x/results/sweep_18_exp_0_checkpoints.csv
0300333000030330333330033,0.059530322797862,0.0007674973458051,41525330,results/ebbi/SC5_MHBD_MWPM_5x/results/sweep_18_exp_0_checkpoints.csv
0330333000030330330330033,0.0599382122319024,0.0002284984948346,52308260,results/ebbi/SC5_MHBD_MWPM_5x/results/sweep_18_exp_0_checkpoints.csv
0330333000030330330330033,0.0599382122319024,0.0002284984948346,65668300,results/ebbi/SC5_MHBD_MWPM_5x/results/sweep_18_exp_0_checkpoints.csv
0003333300030330330030033,0.0600974484014101,0.0001527346321381,82732852,results/ebbi/SC5_MHBD_MWPM_5x/results/sweep_18_exp_0_checkpoints.csv
0003333300030330330030033,0.0600974484014101,0.0001527346321381,106807273,results/ebbi/SC5_MHBD_MWPM_5x/results/sweep_18_exp_0_checkpoints.csv
0033303300030300330030033,0.0584818708990378,0.0005060149123892,131021944,results/ebbi/SC5_MHBD_MWPM_5x/results/sweep_18_exp_0_checkpoints.csv
0303333300030300330030030,0.0588274536646528,0.0002249396347906,165166422,results/ebbi/SC5_MHBD_MWPM_5x/results/sweep_18_exp_0_checkpoints.csv
0303330300030330330330030,0.0545945821112676,0.0010917667532339,207633765,results/ebbi/SC5_MHBD_MWPM_5x/results/sweep_18_exp_0_checkpoints.csv
0303330300030330330303030,0.0580101114981902,0.0002195595443481,261675521,results/ebbi/SC5_MHBD_MWPM_5x/results/sweep_18_exp_0_checkpoints.csv
0303330300030300030303030,0.058076638903636,9.860451245913282e-05,331863899,results/ebbi/SC5_MHBD_MWPM_5x/results/sweep_18_exp_0_checkpoints.csv
0303330300030300330303030,0.0580413548168667,9.865080937743188e-05,415445996,results/ebbi/SC5_MHBD_MWPM_5x/results/sweep_18_exp_0_checkpoints.csv
0303330300030300030333330,0.0574430506189703,0.0001469070557504,521748895,results/ebbi/SC5_MHBD_MWPM_5x/results/sweep_18_exp_0_checkpoints.csv
0303330300030300033033030,0.0569913118224285,0.0003285358834546,656571357,results/ebbi/SC5_MHBD_MWPM_5x/results/sweep_18_exp_0_checkpoints.csv
0303330303030300030333030,0.0575166900834754,9.765205322764814e-05,826626302,results/ebbi/SC5_MHBD_MWPM_5x/results/sweep_18_exp_0_checkpoints.csv
0303303330030300030303030,0.0549771983969782,0.001093887258321,1040603681,results/ebbi/SC5_MHBD_MWPM_5x/results/sweep_18_exp_0_checkpoints.csv
0333030303030300030303330,0.0578331536984372,9.799977124202996e-05,1313640905,results/ebbi/SC5_MHBD_MWPM_5x/results/sweep_18_exp_0_checkpoints.csv
0303030303030300033303030,0.0585017340868567,9.874020906863734e-05,1652325437,results/ebbi/SC5_MHBD_MWPM_5x/results/sweep_18_exp_0_checkpoints.csv
0300330303030303030303030,0.0578051188589603,0.0001472802541684,2076308515,results/ebbi/SC5_MHBD_MWPM_5x/results/sweep_18_exp_0_checkpoints.csv
0300330303030303030303030,0.058078533361676,6.560303154401481e-05,2626733949,results/ebbi/SC5_MHBD_MWPM_5x/results/sweep_18_exp_0_checkpoints.csv
0333300300330300030033030,0.0583589197943883,0.0002233598206657,3290802038,results/ebbi/SC5_MHBD_MWPM_5x/results/sweep_18_exp_0_checkpoints.csv
0303330303030303000333030,0.0581364712392166,0.0001479598722653,4144039176,results/ebbi/SC5_MHBD_MWPM_5x/results/sweep_18_exp_0_checkpoints.csv
3333300300030303030333030,0.0578067538646395,0.0003319248789921,5215465498,results/ebbi/SC5_MHBD_MWPM_5x/results/sweep_18_exp_0_checkpoints.csv
0333000300030303030330030,0.0577139733149963,0.000220951551455,6566739219,results/ebbi/SC5_MHBD_MWPM_5x/results/sweep_18_exp_0_checkpoints.csv
0333000303030303030003330,0.0579085472982278,0.0001475763565395,8267983059,results/ebbi/SC5_MHBD_MWPM_5x/results/sweep_18_exp_0_checkpoints.csv
0303330300030300030033300,0.0580064587065609,0.0001482665538787,10406218402,results/ebbi/SC5_MHBD_MWPM_5x/results/sweep_18_exp_0_checkpoints.csv
0333330300030300030303330,0.0581397289212771,9.85956794465892e-05,13105945125,results/ebbi/SC5_MHBD_MWPM_5x/results/sweep_18_exp_0_checkpoints.csv
0330330303030300030330030,0.0580513400458319,0.0002222430921392,16492349943,results/ebbi/SC5_MHBD_MWPM_5x/results/sweep_18_exp_0_checkpoints.csv
0333030300030303030303300,0.0584623678125254,6.599056359846145e-05,20775283327,results/ebbi/SC5_MHBD_MWPM_5x/results/sweep_18_exp_0_checkpoints.csv
0303000303030303030303033,0.0584631842306463,6.614217272726819e-05,26139054431,results/ebbi/SC5_MHBD_MWPM_5x/results/sweep_18_exp_0_checkpoints.csv
0333030300030333030303030,0.0581643309443024,9.877268166746944e-05,32906619427,results/ebbi/SC5_MHBD_MWPM_5x/results/sweep_18_exp_0_checkpoints.csv
0202323220030323023033033,0.0726731831704207,0.0021847488824278,154723,results/ebbi/SC5_MHBD_MWPM_5x/results/sweep_15_exp_0_checkpoints.csv
0202323220030323023033033,0.0726731831704207,0.0021847488824278,200211,results/ebbi/SC5_MHBD_MWPM_5x/results/sweep_15_exp_0_checkpoints.csv
0202323220030323023033033,0.0726731831704207,0.0021847488824278,253189,results/ebbi/SC5_MHBD_MWPM_5x/results/sweep_15_exp_0_checkpoints.csv
0322003203330030220320023,0.0731792163435691,0.0014645260525867,322154,results/ebbi/SC5_MHBD_MWPM_5x/results/sweep_15_exp_0_checkpoints.csv
3232023202220320333323330,0.0732045866022933,0.001430797856301,395094,results/ebbi/SC5_MHBD_MWPM_5x/results/sweep_15_exp_0_checkpoints.csv
0320003203330030220320003,0.0729769639692853,0.0014134754892438,507963,results/ebbi/SC5_MHBD_MWPM_5x/results/sweep_15_exp_0_checkpoints.csv
0320003203330030220320003,0.0729769639692853,0.0014134754892438,627894,results/ebbi/SC5_MHBD_MWPM_5x/results/sweep_15_exp_0_checkpoints.csv
0320003203330030020320003,0.0714537652107459,0.0013964584795758,793362,results/ebbi/SC5_MHBD_MWPM_5x/results/sweep_15_exp_0_checkpoints.csv
0320003203330330020320003,0.0665240225637035,0.0020065144635736,1032209,results/ebbi/SC5_MHBD_MWPM_5x/results/sweep_15_exp_0_checkpoints.csv
0320003203030330020320003,0.0683316285941584,0.0013448961544781,1230634,results/ebbi/SC5_MHBD_MWPM_5x/results/sweep_15_exp_0_checkpoints.csv
0320003203330330020320003,0.0685794799538875,0.0009045344777405,1583853,results/ebbi/SC5_MHBD_MWPM_5x/results/sweep_15_exp_0_checkpoints.csv
0320003203030330020320033,0.0674571226426602,0.0008759856573306,1984116,results/ebbi/SC5_MHBD_MWPM_5x/results/sweep_15_exp_0_checkpoints.csv
0320003203030330020320033,0.0674571226426602,0.0008759856573306,2479541,results/ebbi/SC5_MHBD_MWPM_5x/results/sweep_15_exp_0_checkpoints.csv
0320003203030330020320033,0.0674571226426602,0.0008759856573306,3140435,results/ebbi/SC5_MHBD_MWPM_5x/results/sweep_15_exp_0_checkpoints.csv
0320033203030330020320033,0.0630110038728714,0.0019050586270168,3906391,results/ebbi/SC5_MHBD_MWPM_5x/results/sweep_15_exp_0_checkpoints.csv
0320033003030330020320033,0.0657459660929814,0.0008471505716443,4938489,results/ebbi/SC5_MHBD_MWPM_5x/results/sweep_15_exp_0_checkpoints.csv
0320033203030330020300033,0.0655853164016647,0.0005718261236324,6226568,results/ebbi/SC5_MHBD_MWPM_5x/results/sweep_15_exp_0_checkpoints.csv
0320033003030330020320033,0.0656131859914419,0.000564242422115,7835718,results/ebbi/SC5_MHBD_MWPM_5x/results/sweep_15_exp_0_checkpoints.csv
0320033000030330020330033,0.0652873443713773,0.0005632347310893,9955724,results/ebbi/SC5_MHBD_MWPM_5x/results/sweep_15_exp_0_checkpoints.csv
0320033000030330020300333,0.0645533200541461,0.0005574983661063,12414696,results/ebbi/SC5_MHBD_MWPM_5x/results/sweep_15_exp_0_checkpoints.csv
0303033030030330030300303,0.0602566115289651,0.0005190253723412,15558331,results/ebbi/SC5_MHBD_MWPM_5x/results/sweep_15_exp_0_checkpoints.csv
0300033000030330030300333,0.0603121285671031,0.0002356561017222,19617128,results/ebbi/SC5_MHBD_MWPM_5x/results/sweep_15_exp_0_checkpoints.csv
0300333000030333030300333,0.0599477106036417,0.0003442850138526,25110635,results/ebbi/SC5_MHBD_MWPM_5x/results/sweep_15_exp_0_checkpoints.csv
0300333000030330030300333,0.0601573757827302,0.0002302327775396,31424143,results/ebbi/SC5_MHBD_MWPM_5x/results/sweep_15_exp_0_checkpoints.csv
0300333000030330030300333,0.0601573757827302,0.0002302327775396,39038405,results/ebbi/SC5_MHBD_MWPM_5x/results/sweep_15_exp_0_checkpoints.csv
0303333000030333030330333,0.0601573998330758,0.000153144923388,51237137,results/ebbi/SC5_MHBD_MWPM_5x/results/sweep_15_exp_0_checkpoints.csv
0303333000030333030330333,0.0601573998330758,0.000153144923388,62535934,results/ebbi/SC5_MHBD_MWPM_5x/results/sweep_15_exp_0_checkpoints.csv
0303333000030333030330333,0.0601573998330758,0.000153144923388,77597950,results/ebbi/SC5_MHBD_MWPM_5x/results/sweep_15_exp_0_checkpoints.csv
0303333000030333030330333,0.0601115261785635,0.0001020602067001,98032807,results/ebbi/SC5_MHBD_MWPM_5x/results/sweep_15_exp_0_checkpoints.csv
0303333000030330030300333,0.0600396581503496,0.0001018909970298,127610574,results/ebbi/SC5_MHBD_MWPM_5x/results/sweep_15_exp_0_checkpoints.csv
0303333000330300030303333,0.0598662058912105,0.0001016008754959,154907521,results/ebbi/SC5_MHBD_MWPM_5x/results/sweep_15_exp_0_checkpoints.csv
0300333303330300030303333,0.0595668477694146,0.0001516504707979,194796430,results/ebbi/SC5_MHBD_MWPM_5x/results/sweep_15_exp_0_checkpoints.csv
0300330303330300030303330,0.0587335477224367,0.0001489249407313,246150714,results/ebbi/SC5_MHBD_MWPM_5x/results/sweep_15_exp_0_checkpoints.csv
0330030303030300030303330,0.0576571030175032,0.0003328082675579,309324318,results/ebbi/SC5_MHBD_MWPM_5x/results/sweep_15_exp_0_checkpoints.csv
0333030303030303030003030,0.0564804109154533,0.0007384167402051,388760640,results/ebbi/SC5_MHBD_MWPM_5x/results/sweep_15_exp_0_checkpoints.csv
0333030300030300030303330,0.0576969512721307,0.0001467015972593,489966795,results/ebbi/SC5_MHBD_MWPM_5x/results/sweep_15_exp_0_checkpoints.csv
0333330300030300030033330,0.0574464217181408,0.0001464421220589,615987327,results/ebbi/SC5_MHBD_MWPM_5x/results/sweep_15_exp_0_checkpoints.csv
3303330300030300030333030,0.0566015080927909,0.000326892331941,775462732,results/ebbi/SC5_MHBD_MWPM_5x/results/sweep_15_exp_0_checkpoints.csv
3303330300030300030333030,0.0566015080927909,0.000326892331941,976538237,results/ebbi/SC5_MHBD_MWPM_5x/results/sweep_15_exp_0_checkpoints.csv
3303330300030300030333030,0.0566015080927909,0.000326892331941,1229012312,results/ebbi/SC5_MHBD_MWPM_5x/results/sweep_15_exp_0_checkpoints.csv
3303330300030300030333030,0.0566015080927909,0.000326892331941,1547233815,results/ebbi/SC5_MHBD_MWPM_5x/results/sweep_15_exp_0_checkpoints.csv
3303330300030300030333030,0.0566015080927909,0.000326892331941,1947849246,results/ebbi/SC5_MHBD_MWPM_5x/results/sweep_15_exp_0_checkpoints.csv
3303330300030300030333030,0.0566015080927909,0.000326892331941,2452197351,results/ebbi/SC5_MHBD_MWPM_5x/results/sweep_15_exp_0_checkpoints.csv
3303330300030300030333030,0.0566015080927909,0.000326892331941,3087129927,results/ebbi/SC5_MHBD_MWPM_5x/results/sweep_15_exp_0_checkpoints.csv
3303330300030300030333030,0.0566015080927909,0.000326892331941,3886481682,results/ebbi/SC5_MHBD_MWPM_5x/results/sweep_15_exp_0_checkpoints.csv
3303330300030300030333030,0.0566015080927909,0.000326892331941,4892822882,results/ebbi/SC5_MHBD_MWPM_5x/results/sweep_15_exp_0_checkpoints.csv
3303330300030300030333030,0.0566015080927909,0.000326892331941,6159643920,results/ebbi/SC5_MHBD_MWPM_5x/results/sweep_15_exp_0_checkpoints.csv
3303330300030300030333030,0.0566015080927909,0.000326892331941,7754544328,results/ebbi/SC5_MHBD_MWPM_5x/results/sweep_15_exp_0_checkpoints.csv
3303330300030300030333030,0.0566015080927909,0.000326892331941,9762367470,results/ebbi/SC5_MHBD_MWPM_5x/results/sweep_15_exp_0_checkpoints.csv
3303330300030300030333030,0.0566015080927909,0.000326892331941,12290103125,results/ebbi/SC5_MHBD_MWPM_5x/results/sweep_15_exp_0_checkpoints.csv
3303330300030300030333030,0.0566015080927909,0.000326892331941,15472318648,results/ebbi/SC5_MHBD_MWPM_5x/results/sweep_15_exp_0_checkpoints.csv
3303330300030300030333030,0.0566015080927909,0.000326892331941,19478503560,results/ebbi/SC5_MHBD_MWPM_5x/results/sweep_15_exp_0_checkpoints.csv
3303330300030300030333030,0.0566015080927909,0.000326892331941,24521957401,results/ebbi/SC5_MHBD_MWPM_5x/results/sweep_15_exp_0_checkpoints.csv
3303330300030300030333030,0.0566015080927909,0.000326892331941,30871313249,results/ebbi/SC5_MHBD_MWPM_5x/results/sweep_15_exp_0_checkpoints.csv
2223300303333020230333020,0.0674118776573858,0.0020762982312589,133493,results/ebbi/SC5_MHBD_MWPM_5x/results/sweep_22_exp_0_checkpoints.csv
3223300303333020230333020,0.0658491409593153,0.0019820537418127,240240,results/ebbi/SC5_MHBD_MWPM_5x/results/sweep_22_exp_0_checkpoints.csv
3323300303333020230333020,0.0639067770622508,0.0019153991015627,290172,results/ebbi/SC5_MHBD_MWPM_5x/results/sweep_22_exp_0_checkpoints.csv
3323300303333020230333020,0.0639067770622508,0.0019153991015627,343123,results/ebbi/SC5_MHBD_MWPM_5x/results/sweep_22_exp_0_checkpoints.csv
3323300303333020230333020,0.0639067770622508,0.0019153991015627,436539,results/ebbi/SC5_MHBD_MWPM_5x/results/sweep_22_exp_0_checkpoints.csv
3323300303333020230333020,0.0639067770622508,0.0019153991015627,538189,results/ebbi/SC5_MHBD_MWPM_5x/results/sweep_22_exp_0_checkpoints.csv
3323000303333020230333020,0.0642324808321269,0.0012693735770881,710997,results/ebbi/SC5_MHBD_MWPM_5x/results/sweep_22_exp_0_checkpoints.csv
3323000303333020230333020,0.0642324808321269,0.0012693735770881,851368,results/ebbi/SC5_MHBD_MWPM_5x/results/sweep_22_exp_0_checkpoints.csv
3323000303333020230333020,0.0642324808321269,0.0012693735770881,1063427,results/ebbi/SC5_MHBD_MWPM_5x/results/sweep_22_exp_0_checkpoints.csv
3323000303333020230333020,0.0642324808321269,0.0012693735770881,1336280,results/ebbi/SC5_MHBD_MWPM_5x/results/sweep_22_exp_0_checkpoints.csv
3323000303333020230333020,0.0650207918786564,0.0008510864572599,1718310,results/ebbi/SC5_MHBD_MWPM_5x/results/sweep_22_exp_0_checkpoints.csv
3323000303333020230333020,0.0650207918786564,0.0008510864572599,2140677,results/ebbi/SC5_MHBD_MWPM_5x/results/sweep_22_exp_0_checkpoints.csv
3323000303333020233333020,0.0658292289226439,0.0005640517338179,2778682,results/ebbi/SC5_MHBD_MWPM_5x/results/sweep_22_exp_0_checkpoints.csv
3323000303333020233333020,0.0658292289226439,0.0005640517338179,3471612,results/ebbi/SC5_MHBD_MWPM_5x/results/sweep_22_exp_0_checkpoints.csv
3323000303333020230333020,0.0657752588432724,0.0003803013823926,4332727,results/ebbi/SC5_MHBD_MWPM_5x/results/sweep_22_exp_0_checkpoints.csv
3323000303330020230333020,0.0657413527208636,0.000377407472115,5331898,results/ebbi/SC5_MHBD_MWPM_5x/results/sweep_22_exp_0_checkpoints.csv
3333330303330320230333030,0.0600473612990527,0.0017838563071563,6694315,results/ebbi/SC5_MHBD_MWPM_5x/results/sweep_22_exp_0_checkpoints.csv
3333330303330320330333030,0.0614971183636303,0.0008005596464499,8456916,results/ebbi/SC5_MHBD_MWPM_5x/results/sweep_22_exp_0_checkpoints.csv
3333330303330320330333030,0.0622458246140482,0.0005367371486499,10696177,results/ebbi/SC5_MHBD_MWPM_5x/results/sweep_22_exp_0_checkpoints.csv
3333330303330320330030030,0.058578256890064,0.0011840820079669,13363079,results/ebbi/SC5_MHBD_MWPM_5x/results/sweep_22_exp_0_checkpoints.csv
3330330303330330330030030,0.0601643584141659,0.000519921304658,16989970,results/ebbi/SC5_MHBD_MWPM_5x/results/sweep_22_exp_0_checkpoints.csv
0333330300030320030030030,0.056751560608578,0.0011271868133917,21169291,results/ebbi/SC5_MHBD_MWPM_5x/results/sweep_22_exp_0_checkpoints.csv
0333330303030300030030030,0.0584433341317974,0.0003415382525417,26780647,results/ebbi/SC5_MHBD_MWPM_5x/results/sweep_22_exp_0_checkpoints.csv
0303330303030300030030030,0.0583533435725607,0.0003356717061251,33721364,results/ebbi/SC5_MHBD_MWPM_5x/results/sweep_22_exp_0_checkpoints.csv
0303330303030300030030030,0.0582211131849864,0.0002235435531474,42434603,results/ebbi/SC5_MHBD_MWPM_5x/results/sweep_22_exp_0_checkpoints.csv
0303330303030300030030030,0.0582211131849864,0.0002235435531474,53543711,results/ebbi/SC5_MHBD_MWPM_5x/results/sweep_22_exp_0_checkpoints.csv
0333330300030300030033030,0.0575769772997113,0.0003312898625154,67388999,results/ebbi/SC5_MHBD_MWPM_5x/results/sweep_22_exp_0_checkpoints.csv
0303330303030300030033030,0.0575573720093314,0.0002214684936916,84310846,results/ebbi/SC5_MHBD_MWPM_5x/results/sweep_22_exp_0_checkpoints.csv
0333330300030300030033030,0.057628273920586,0.0001473018783144,107328643,results/ebbi/SC5_MHBD_MWPM_5x/results/sweep_22_exp_0_checkpoints.csv
0303330303030300030033030,0.0576656262078455,9.851741924649104e-05,133512464,results/ebbi/SC5_MHBD_MWPM_5x/results/sweep_22_exp_0_checkpoints.csv
0303330303030300030033030,0.0576656262078455,9.851741924649104e-05,169477126,results/ebbi/SC5_MHBD_MWPM_5x/results/sweep_22_exp_0_checkpoints.csv
0303330303030300030033030,0.0576703433205337,6.568081880686805e-05,214900868,results/ebbi/SC5_MHBD_MWPM_5x/results/sweep_22_exp_0_checkpoints.csv
0303330303030300030033030,0.0576703433205337,6.568081880686805e-05,268529774,results/ebbi/SC5_MHBD_MWPM_5x/results/sweep_22_exp_0_checkpoints.csv
0303330303030300030033030,0.0576768763845975,4.378953963168897e-05,347506943,results/ebbi/SC5_MHBD_MWPM_5x/results/sweep_22_exp_0_checkpoints.csv
0303330303030300030033030,0.0576768763845975,4.378953963168897e-05,428708755,results/ebbi/SC5_MHBD_MWPM_5x/results/sweep_22_exp_0_checkpoints.csv
0303330300030300030333330,0.057784659293101,0.0002211932296631,531802513,results/ebbi/SC5_MHBD_MWPM_5x/results/sweep_22_exp_0_checkpoints.csv
0303330300030300000333330,0.0581668603828444,0.0001486144174123,669250184,results/ebbi/SC5_MHBD_MWPM_5x/results/sweep_22_exp_0_checkpoints.csv
0303330300030300030003330,0.0580574724219013,0.0001478316116845,842409725,results/ebbi/SC5_MHBD_MWPM_5x/results/sweep_22_exp_0_checkpoints.csv
0303030303030300030303330,0.057840560300349,9.783483255887404e-05,1060380575,results/ebbi/SC5_MHBD_MWPM_5x/results/sweep_22_exp_0_checkpoints.csv
0333030303030300030303330,0.0577662945925222,6.536154251080006e-05,1336125494,results/ebbi/SC5_MHBD_MWPM_5x/results/sweep_22_exp_0_checkpoints.csv
0333030303030300030303330,0.0577662945925222,6.536154251080006e-05,1682398155,results/ebbi/SC5_MHBD_MWPM_5x/results/sweep_22_exp_0_checkpoints.csv
3303330303030300030003030,0.0583816822311732,4.403979983180761e-05,2123788771,results/ebbi/SC5_MHBD_MWPM_5x/results/sweep_22_exp_0_checkpoints.csv
3303300300030300030033030,0.0562150522068004,0.0004899169434793,2663550005,results/ebbi/SC5_MHBD_MWPM_5x/results/sweep_22_exp_0_checkpoints.csv
3303300300030300030033030,0.0562150522068004,0.0004899169434793,3353217897,results/ebbi/SC5_MHBD_MWPM_5x/results/sweep_22_exp_0_checkpoints.csv
0303330300030303030333030,0.057634165377774,0.0001469136914238,4221594149,results/ebbi/SC5_MHBD_MWPM_5x/results/sweep_22_exp_0_checkpoints.csv
0333000303030303030300330,0.0552456379664881,0.0007289124187082,5314457408,results/ebbi/SC5_MHBD_MWPM_5x/results/sweep_22_exp_0_checkpoints.csv
0303030303030303030330330,0.0575254293663671,0.0002207674551755,6690560601,results/ebbi/SC5_MHBD_MWPM_5x/results/sweep_22_exp_0_checkpoints.csv
0003330300030300030333330,0.0579301677193988,0.0001476552133681,8422896060,results/ebbi/SC5_MHBD_MWPM_5x/results/sweep_22_exp_0_checkpoints.csv
0303030333030300030303030,0.0582623673426633,4.394579809741117e-05,10603817562,results/ebbi/SC5_MHBD_MWPM_5x/results/sweep_22_exp_0_checkpoints.csv
0333330300030300030033033,0.0580672693645585,9.84543512458913e-05,13349668871,results/ebbi/SC5_MHBD_MWPM_5x/results/sweep_22_exp_0_checkpoints.csv
3303000300030303030303330,0.0581276673965498,9.865572064882144e-05,16805779185,results/ebbi/SC5_MHBD_MWPM_5x/results/sweep_22_exp_0_checkpoints.csv
0303330303330300030003030,0.0578872810344188,0.0002220406313426,21157229593,results/ebbi/SC5_MHBD_MWPM_5x/results/sweep_22_exp_0_checkpoints.csv
0303330300030300330330030,0.0582838603226601,6.637187470914796e-05,26635373689,results/ebbi/SC5_MHBD_MWPM_5x/results/sweep_22_exp_0_checkpoints.csv
0303000330030303030333030,0.0583310916428506,6.607884279219434e-05,33531972526,results/ebbi/SC5_MHBD_MWPM_5x/results/sweep_22_exp_0_checkpoints.csv
0333300000030303030033330,0.057543086424004,0.0003314269706606,42214245329,results/ebbi/SC5_MHBD_MWPM_5x/results/sweep_22_exp_0_checkpoints.csv
3303000000302230002322022,0.0738463663995578,0.0021735357586294,148185,results/ebbi/SC5_MHBD_MWPM_5x/results/sweep_24_exp_0_checkpoints.csv
3030300223003220333230022,0.0720843250595035,0.0021326881833374,208406,results/ebbi/SC5_MHBD_MWPM_5x/results/sweep_24_exp_0_checkpoints.csv
3030300223003220333230022,0.0720843250595035,0.0021326881833374,258082,results/ebbi/SC5_MHBD_MWPM_5x/results/sweep_24_exp_0_checkpoints.csv
3030300223003220333230022,0.0720843250595035,0.0021326881833374,300663,results/ebbi/SC5_MHBD_MWPM_5x/results/sweep_24_exp_0_checkpoints.csv
3030300223003220333230022,0.0720843250595035,0.0021326881833374,382566,results/ebbi/SC5_MHBD_MWPM_5x/results/sweep_24_exp_0_checkpoints.csv
2303033020332200020300202,0.0727680518347766,0.0014497454976662,512026,results/ebbi/SC5_MHBD_MWPM_5x/results/sweep_24_exp_0_checkpoints.csv
2303033020332200020300202,0.0727680518347766,0.0014497454976662,605250,results/ebbi/SC5_MHBD_MWPM_5x/results/sweep_24_exp_0_checkpoints.csv
2303033020332200020300202,0.0727680518347766,0.0014497454976662,763395,results/ebbi/SC5_MHBD_MWPM_5x/results/sweep_24_exp_0_checkpoints.csv
2303033020332200020300202,0.073739737217384,0.0009724437841214,969971,results/ebbi/SC5_MHBD_MWPM_5x/results/sweep_24_exp_0_checkpoints.csv
2303033020332200020300202,0.073739737217384,0.0009724437841214,1257181,results/ebbi/SC5_MHBD_MWPM_5x/results/sweep_24_exp_0_checkpoints.csv
2303033020332200020300202,0.0737009870283309,0.0006481470190919,1548650,results/ebbi/SC5_MHBD_MWPM_5x/results/sweep_24_exp_0_checkpoints.csv
3030300323203220333330022,0.0716822540546939,0.0014033515471965,1879602,results/ebbi/SC5_MHBD_MWPM_5x/results/sweep_24_exp_0_checkpoints.csv
3030300323203220333330032,0.0724145944689751,0.0006247022538445,2435506,results/ebbi/SC5_MHBD_MWPM_5x/results/sweep_24_exp_0_checkpoints.csv
3030300323203220333330032,0.0724145944689751,0.0006247022538445,3019474,results/ebbi/SC5_MHBD_MWPM_5x/results/sweep_24_exp_0_checkpoints.csv
3030300323203220003330022,0.0704188652205068,0.0020649316720664,3803985,results/ebbi/SC5_MHBD_MWPM_5x/results/sweep_24_exp_0_checkpoints.csv
3030300323203220003333022,0.072108162243365,0.0006170342676341,4689183,results/ebbi/SC5_MHBD_MWPM_5x/results/sweep_24_exp_0_checkpoints.csv
3032300323003223033330022,0.0707021791767554,0.000915038282983,5924110,results/ebbi/SC5_MHBD_MWPM_5x/results/sweep_24_exp_0_checkpoints.csv
3030300303003322033030032,0.0638326261575,0.0012627956457436,7444923,results/ebbi/SC5_MHBD_MWPM_5x/results/sweep_24_exp_0_checkpoints.csv
3030300303003322033030032,0.0641316079752345,0.0008437208016403,9359625,results/ebbi/SC5_MHBD_MWPM_5x/results/sweep_24_exp_0_checkpoints.csv
3030300303003322033030032,0.0647822580220035,0.000565136084333,11783030,results/ebbi/SC5_MHBD_MWPM_5x/results/sweep_24_exp_0_checkpoints.csv
3030300303003322033330032,0.0656104709114615,0.0003748031158465,14891988,results/ebbi/SC5_MHBD_MWPM_5x/results/sweep_24_exp_0_checkpoints.csv
3030300303003322033330032,0.0656104709114615,0.0003748031158465,18701698,results/ebbi/SC5_MHBD_MWPM_5x/results/sweep_24_exp_0_checkpoints.csv
3030300303003322033330032,0.0656257097086617,0.0002498963149264,24107815,results/ebbi/SC5_MHBD_MWPM_5x/results/sweep_24_exp_0_checkpoints.csv
3030300303030300003030033,0.0552275862068965,0.0016966436523944,29566937,results/ebbi/SC5_MHBD_MWPM_5x/results/sweep_24_exp_0_checkpoints.csv
3030300303030303033030033,0.059633007332811,0.0003512968833092,37273142,results/ebbi/SC5_MHBD_MWPM_5x/results/sweep_24_exp_0_checkpoints.csv
0330330303030303030030033,0.0581992637219656,0.0003356571833137,47156986,results/ebbi/SC5_MHBD_MWPM_5x/results/sweep_24_exp_0_checkpoints.csv
0330330303030303030030033,0.0584675651182506,0.0002242551709059,60176184,results/ebbi/SC5_MHBD_MWPM_5x/results/sweep_24_exp_0_checkpoints.csv
0330330303030303030030030,0.0584778171622819,0.0002235834690509,75242518,results/ebbi/SC5_MHBD_MWPM_5x/results/sweep_24_exp_0_checkpoints.csv
0330330303030303030030030,0.0586394009351409,0.000149248749949,93638489,results/ebbi/SC5_MHBD_MWPM_5x/results/sweep_24_exp_0_checkpoints.csv
0300330303030303030030033,0.0586733750603558,9.956782741937786e-05,117715533,results/ebbi/SC5_MHBD_MWPM_5x/results/sweep_24_exp_0_checkpoints.csv
0330330303030303030030030,0.0586448155211093,9.950352250598372e-05,149488442,results/ebbi/SC5_MHBD_MWPM_5x/results/sweep_24_exp_0_checkpoints.csv
0330330303030303030003030,0.0581612673367593,0.0001495609612902,187362834,results/ebbi/SC5_MHBD_MWPM_5x/results/sweep_24_exp_0_checkpoints.csv
0330030303030303030303030,0.0581489742230818,0.0001480635255575,237085011,results/ebbi/SC5_MHBD_MWPM_5x/results/sweep_24_exp_0_checkpoints.csv
0330030303030303030303030,0.058250411495838,9.8789794719778e-05,301057461,results/ebbi/SC5_MHBD_MWPM_5x/results/sweep_24_exp_0_checkpoints.csv
0330030303030303030303330,0.0578300607941585,0.0002214581472799,372269641,results/ebbi/SC5_MHBD_MWPM_5x/results/sweep_24_exp_0_checkpoints.csv
0330330303030300030333333,0.0569256670578031,0.000740117568057,468672881,results/ebbi/SC5_MHBD_MWPM_5x/results/sweep_24_exp_0_checkpoints.csv
0303330300030300030033030,0.0575437750768385,0.0001466271351091,590235533,results/ebbi/SC5_MHBD_MWPM_5x/results/sweep_24_exp_0_checkpoints.csv
0333300300030300030333030,0.0576540159969167,6.518455484183505e-05,746935461,results/ebbi/SC5_MHBD_MWPM_5x/results/sweep_24_exp_0_checkpoints.csv
0303330303030303030333030,0.0569036226930963,0.0004912505391985,935005907,results/ebbi/SC5_MHBD_MWPM_5x/results/sweep_24_exp_0_checkpoints.csv
0303330300030300030333030,0.0575315392965447,0.0001464839297113,1177099255,results/ebbi/SC5_MHBD_MWPM_5x/results/sweep_24_exp_0_checkpoints.csv
0303330300030300030333030,0.0575400974710948,9.76628070930019e-05,1481872863,results/ebbi/SC5_MHBD_MWPM_5x/results/sweep_24_exp_0_checkpoints.csv
0303330300030300030333030,0.0575400974710948,9.76628070930019e-05,1865782673,results/ebbi/SC5_MHBD_MWPM_5x/results/sweep_24_exp_0_checkpoints.csv
0303030303030303030303330,0.057801096841404,9.830322960624473e-05,2350220545,results/ebbi/SC5_MHBD_MWPM_5x/results/sweep_24_exp_0_checkpoints.csv
0333030303030300030303330,0.0578689739703808,6.552558625116944e-05,2956790441,results/ebbi/SC5_MHBD_MWPM_5x/results/sweep_24_exp_0_checkpoints.csv
0333300300030300330333030,0.0581381897859166,9.87174134934321e-05,3727661296,results/ebbi/SC5_MHBD_MWPM_5x/results/sweep_24_exp_0_checkpoints.csv
0333000300030303030330330,0.0580337936175499,9.850130300037564e-05,4686021383,results/ebbi/SC5_MHBD_MWPM_5x/results/sweep_24_exp_0_checkpoints.csv
0303330330030300030003330,0.0581872649622084,6.584847869817168e-05,5902638842,results/ebbi/SC5_MHBD_MWPM_5x/results/sweep_24_exp_0_checkpoints.csv
0333030303030300330003030,0.0579840449486736,0.0001478051271988,7427134048,results/ebbi/SC5_MHBD_MWPM_5x/results/sweep_24_exp_0_checkpoints.csv
0333330300030300000033330,0.0577962906069111,0.0001476910547353,9350387890,results/ebbi/SC5_MHBD_MWPM_5x/results/sweep_24_exp_0_checkpoints.csv
0303303300030300030333330,0.0582552479934674,6.602023495361209e-05,11774519945,results/ebbi/SC5_MHBD_MWPM_5x/results/sweep_24_exp_0_checkpoints.csv
0303300303030303030033030,0.0582481985020056,9.86718587228097e-05,14819838019,results/ebbi/SC5_MHBD_MWPM_5x/results/sweep_24_exp_0_checkpoints.csv
3303300303030303030333030,0.0582014544927396,0.0001485688408138,18655420120,results/ebbi/SC5_MHBD_MWPM_5x/results/sweep_24_exp_0_checkpoints.csv
0300330303030303030303030,0.0576288407217386,0.0002211711980635,23485748351,results/ebbi/SC5_MHBD_MWPM_5x/results/sweep_24_exp_0_checkpoints.csv
0303030330030303033003030,0.058634379254753,9.940720337908716e-05,29567451171,results/ebbi/SC5_MHBD_MWPM_5x/results/sweep_24_exp_0_checkpoints.csv
3303330300030300300303330,0.0583808631376351,0.0002227699151262,37222408876,results/ebbi/SC5_MHBD_MWPM_5x/results/sweep_24_exp_0_checkpoints.csv
0333330000030300330333030,0.0581579863972657,0.0001459225313737,46860325828,results/ebbi/SC5_MHBD_MWPM_5x/results/sweep_24_exp_0_checkpoints.csv
0023330033023300203030030,0.0688798398785285,0.0021038497798144,154115,results/ebbi/SC5_MHBD_MWPM_5x/results/sweep_13_exp_0_checkpoints.csv
0023330033023000203030030,0.0668010927540002,0.0020135913509875,229787,results/ebbi/SC5_MHBD_MWPM_5x/results/sweep_13_exp_0_checkpoints.csv
0023330033023000203030030,0.0668010927540002,0.0020135913509875,245396,results/ebbi/SC5_MHBD_MWPM_5x/results/sweep_13_exp_0_checkpoints.csv
0023330033023000203030030,0.0668010927540002,0.0020135913509875,324015,results/ebbi/SC5_MHBD_MWPM_5x/results/sweep_13_exp_0_checkpoints.csv
0023330033023000203030030,0.0668010927540002,0.0020135913509875,399975,results/ebbi/SC5_MHBD_MWPM_5x/results/sweep_13_exp_0_checkpoints.csv
0023330033023000203030030,0.0663216629564312,0.001337984460406,492017,results/ebbi/SC5_MHBD_MWPM_5x/results/sweep_13_exp_0_checkpoints.csv
0023330033023000203030030,0.0663216629564312,0.001337984460406,644841,results/ebbi/SC5_MHBD_MWPM_5x/results/sweep_13_exp_0_checkpoints.csv
0023330033023000203030030,0.0663216629564312,0.001337984460406,772764,results/ebbi/SC5_MHBD_MWPM_5x/results/sweep_13_exp_0_checkpoints.csv
0023330033023300203030030,0.0685164985001363,0.0009328498272225,977763,results/ebbi/SC5_MHBD_MWPM_5x/results/sweep_13_exp_0_checkpoints.csv
0023330033023300203030030,0.0685164985001363,0.0009328498272225,1288654,results/ebbi/SC5_MHBD_MWPM_5x/results/sweep_13_exp_0_checkpoints.csv
0020330033023300233030030,0.0646371463714637,0.0019282241119071,1556102,results/ebbi/SC5_MHBD_MWPM_5x/results/sweep_13_exp_0_checkpoints.csv
0020330033023300233030030,0.0654146848176698,0.001292728818953,1969256,results/ebbi/SC5_MHBD_MWPM_5x/results/sweep_13_exp_0_checkpoints.csv
0000330033033300232030030,0.0629761841334114,0.0012537823058664,2472658,results/ebbi/SC5_MHBD_MWPM_5x/results/sweep_13_exp_0_checkpoints.csv
0020330033033300333030030,0.062430990062569,0.0008205015910789,3091277,results/ebbi/SC5_MHBD_MWPM_5x/results/sweep_13_exp_0_checkpoints.csv
2020330033033300330030030,0.0617830956772075,0.0008073735516518,3976173,results/ebbi/SC5_MHBD_MWPM_5x/results/sweep_13_exp_0_checkpoints.csv
2020330033033300330030030,0.0617830956772075,0.0008073735516518,4901033,results/ebbi/SC5_MHBD_MWPM_5x/results/sweep_13_exp_0_checkpoints.csv
0020330033030300333330030,0.0614101442181713,0.0005338247283361,6163056,results/ebbi/SC5_MHBD_MWPM_5x/results/sweep_13_exp_0_checkpoints.csv
0020330033030300333330030,0.0614101442181713,0.0005338247283361,7888212,results/ebbi/SC5_MHBD_MWPM_5x/results/sweep_13_exp_0_checkpoints.csv
0020330000030300333330030,0.0609936605934307,0.0005280735203996,9831161,results/ebbi/SC5_MHBD_MWPM_5x/results/sweep_13_exp_0_checkpoints.csv
0300330000030300333330030,0.0587025703794369,0.0011630293447524,12259992,results/ebbi/SC5_MHBD_MWPM_5x/results/sweep_13_exp_0_checkpoints.csv
0300330030030300333333030,0.0588354016859733,0.0005098099936731,15421582,results/ebbi/SC5_MHBD_MWPM_5x/results/sweep_13_exp_0_checkpoints.csv
0300330030030300333333030,0.0588354016859733,0.0005098099936731,19491108,results/ebbi/SC5_MHBD_MWPM_5x/results/sweep_13_exp_0_checkpoints.csv
0300330030030300030333030,0.0579444125775668,0.0007545124972239,24468838,results/ebbi/SC5_MHBD_MWPM_5x/results/sweep_13_exp_0_checkpoints.csv
0300330030030300033333030,0.0584893401942448,0.0003380911657586,30860369,results/ebbi/SC5_MHBD_MWPM_5x/results/sweep_13_exp_0_checkpoints.csv
0300330030030300033333030,0.058631098449764,0.0002256505104014,38757073,results/ebbi/SC5_MHBD_MWPM_5x/results/sweep_13_exp_0_checkpoints.csv
0300330030030300033333030,0.058631098449764,0.0002256505104014,49318094,results/ebbi/SC5_MHBD_MWPM_5x/results/sweep_13_exp_0_checkpoints.csv
0303330330030300033333030,0.0587942338137276,0.0002242563932668,61653992,results/ebbi/SC5_MHBD_MWPM_5x/results/sweep_13_exp_0_checkpoints.csv
0303330330030300033333030,0.0588296356374728,0.0001495465694461,78401555,results/ebbi/SC5_MHBD_MWPM_5x/results/sweep_13_exp_0_checkpoints.csv
0303330330030300033333030,0.0588296356374728,0.0001495465694461,97392992,results/ebbi/SC5_MHBD_MWPM_5x/results/sweep_13_exp_0_checkpoints.csv
0300030330030300030303030,0.0585763817081997,0.0001492443989263,123680282,results/ebbi/SC5_MHBD_MWPM_5x/results/sweep_13_exp_0_checkpoints.csv
0303030330030300030303030,0.0581802479310186,0.0001486372784711,154172022,results/ebbi/SC5_MHBD_MWPM_5x/results/sweep_13_exp_0_checkpoints.csv
0303030330030300030303030,0.0581315773015885,9.9052645964548e-05,195655028,results/ebbi/SC5_MHBD_MWPM_5x/results/sweep_13_exp_0_checkpoints.csv
0303330300030300030333030,0.0562867785505905,0.0004909186391159,244353511,results/ebbi/SC5_MHBD_MWPM_5x/results/sweep_13_exp_0_checkpoints.csv
0303330300030300030333030,0.057577700623786,9.801091073313728e-05,309242427,results/ebbi/SC5_MHBD_MWPM_5x/results/sweep_13_exp_0_checkpoints.csv
0303330300030300030333030,0.0575444914114038,6.532292172778398e-05,387390160,results/ebbi/SC5_MHBD_MWPM_5x/results/sweep_13_exp_0_checkpoints.csv
0303330300030300030333030,0.0575444914114038,6.532292172778398e-05,487441427,results/ebbi/SC5_MHBD_MWPM_5x/results/sweep_13_exp_0_checkpoints.csv
0303330300030300030333030,0.0575444914114038,6.532292172778398e-05,613544547,results/ebbi/SC5_MHBD_MWPM_5x/results/sweep_13_exp_0_checkpoints.csv
0303330300030300030333030,0.0575444914114038,6.532292172778398e-05,772412713,results/ebbi/SC5_MHBD_MWPM_5x/results/sweep_13_exp_0_checkpoints.csv
0303330300030300030333030,0.0575444914114038,6.532292172778398e-05,972434858,results/ebbi/SC5_MHBD_MWPM_5x/results/sweep_13_exp_0_checkpoints.csv
0303030303030300330330030,0.0582002253942902,0.0001479777565691,1225117907,results/ebbi/SC5_MHBD_MWPM_5x/results/sweep_13_exp_0_checkpoints.csv
0300030303030300030330330,0.0582390113848612,0.0002215544081991,1541765471,results/ebbi/SC5_MHBD_MWPM_5x/results/sweep_13_exp_0_checkpoints.csv
0330330303030303030303330,0.0581915519443567,9.875309478957206e-05,1940688739,results/ebbi/SC5_MHBD_MWPM_5x/results/sweep_13_exp_0_checkpoints.csv
0333330300030300030003330,0.0579603595510712,9.833855438046156e-05,2445803707,results/ebbi/SC5_MHBD_MWPM_5x/results/sweep_13_exp_0_checkpoints.csv
0333030303030303030303030,0.057985281185344,4.367434303276241e-05,3077240158,results/ebbi/SC5_MHBD_MWPM_5x/results/sweep_13_exp_0_checkpoints.csv
0333030303030300030003330,0.0579358328983248,6.581220077350736e-05,3872114430,results/ebbi/SC5_MHBD_MWPM_5x/results/sweep_13_exp_0_checkpoints.csv
3303030303030303030300330,0.0584216910711842,4.405154686537571e-05,4874453697,results/ebbi/SC5_MHBD_MWPM_5x/results/sweep_13_exp_0_checkpoints.csv
0303300333030300030333030,0.0585695715700307,4.415078728925437e-05,6142396183,results/ebbi/SC5_MHBD_MWPM_5x/results/sweep_13_exp_0_checkpoints.csv
0333300300030300030333330,0.0577646212975208,9.829667396843432e-05,7724054785,results/ebbi/SC5_MHBD_MWPM_5x/results/sweep_13_exp_0_checkpoints.csv
0333030300030303030330300,0.0583152325187937,9.904951730277388e-05,9725724332,results/ebbi/SC5_MHBD_MWPM_5x/results/sweep_13_exp_0_checkpoints.csv
0303030330030303030330330,0.0584272497657293,9.90743501461111e-05,12243948207,results/ebbi/SC5_MHBD_MWPM_5x/results/sweep_13_exp_0_checkpoints.csv
0333330300030003030333330,0.0584554160010765,0.000149134590174,15411996584,results/ebbi/SC5_MHBD_MWPM_5x/results/sweep_13_exp_0_checkpoints.csv
3303300303030303030333030,0.0581901689338138,9.86665254458785e-05,19404621892,results/ebbi/SC5_MHBD_MWPM_5x/results/sweep_13_exp_0_checkpoints.csv
0303330303030300030330033,0.0584414039475178,9.921432501869276e-05,24426304195,results/ebbi/SC5_MHBD_MWPM_5x/results/sweep_13_exp_0_checkpoints.csv
0333000303030300300333330,0.0585321257648368,0.0001490072900196,30750223251,results/ebbi/SC5_MHBD_MWPM_5x/results/sweep_13_exp_0_checkpoints.csv
0333030300030303030330030,0.0582819739858725,9.90333137451671e-05,38712034336,results/ebbi/SC5_MHBD_MWPM_5x/results/sweep_13_exp_0_checkpoints.csv
3330300303030303030300030,0.0588069359264851,0.000224785064347,48736130613,results/ebbi/SC5_MHBD_MWPM_5x/results/sweep_13_exp_0_checkpoints.csv
0323303203003000323300302,0.0686939400568803,0.0021598488092422,144452,results/ebbi/SC5_MHBD_MWPM_5x/results/sweep_6_exp_0_checkpoints.csv
0323303203003000323300302,0.0686939400568803,0.0021598488092422,256552,results/ebbi/SC5_MHBD_MWPM_5x/results/sweep_6_exp_0_checkpoints.csv
0323303203003000323300302,0.0686939400568803,0.0021598488092422,292304,results/ebbi/SC5_MHBD_MWPM_5x/results/sweep_6_exp_0_checkpoints.csv
0323303203003000323300302,0.0690415221548734,0.0014433732721954,378954,results/ebbi/SC5_MHBD_MWPM_5x/results/sweep_6_exp_0_checkpoints.csv
0323303203003000303300302,0.0672020887135681,0.0013337656855583,509951,results/ebbi/SC5_MHBD_MWPM_5x/results/sweep_6_exp_0_checkpoints.csv
0323303203003000303300302,0.0672020887135681,0.0013337656855583,594091,results/ebbi/SC5_MHBD_MWPM_5x/results/sweep_6_exp_0_checkpoints.csv
0323303203003000303300302,0.0672020887135681,0.0013337656855583,748848,results/ebbi/SC5_MHBD_MWPM_5x/results/sweep_6_exp_0_checkpoints.csv
0323303203003000303300302,0.0672020887135681,0.0013337656855583,915509,results/ebbi/SC5_MHBD_MWPM_5x/results/sweep_6_exp_0_checkpoints.csv
0323303203003000303300302,0.0683022199798183,0.00089592236327,1159017,results/ebbi/SC5_MHBD_MWPM_5x/results/sweep_6_exp_0_checkpoints.csv
0323303203003000303300302,0.0683022199798183,0.00089592236327,1448599,results/ebbi/SC5_MHBD_MWPM_5x/results/sweep_6_exp_0_checkpoints.csv
0323303203003000303300302,0.0683022199798183,0.00089592236327,1819772,results/ebbi/SC5_MHBD_MWPM_5x/results/sweep_6_exp_0_checkpoints.csv
0323303203003000303300302,0.067637643866642,0.0005945877637714,2331434,results/ebbi/SC5_MHBD_MWPM_5x/results/sweep_6_exp_0_checkpoints.csv
0323303203003000303300302,0.067637643866642,0.0005945877637714,2884449,results/ebbi/SC5_MHBD_MWPM_5x/results/sweep_6_exp_0_checkpoints.csv
0323303303003000323300302,0.0675900186769752,0.0005849484587088,3711528,results/ebbi/SC5_MHBD_MWPM_5x/results/sweep_6_exp_0_checkpoints.csv
0323303303003000323300302,0.0675900186769752,0.0005849484587088,4570004,results/ebbi/SC5_MHBD_MWPM_5x/results/sweep_6_exp_0_checkpoints.csv
0323303300003000323300300,0.065769604141948,0.0012871834915131,5764318,results/ebbi/SC5_MHBD_MWPM_5x/results/sweep_6_exp_0_checkpoints.csv
0323003300003000323300300,0.0641486023788788,0.0008462877012789,7265084,results/ebbi/SC5_MHBD_MWPM_5x/results/sweep_6_exp_0_checkpoints.csv
0333003000000000323330330,0.0627931124981457,0.0008194595575332,9182716,results/ebbi/SC5_MHBD_MWPM_5x/results/sweep_6_exp_0_checkpoints.csv
0333033300000000323330330,0.0623045878603286,0.0005432256148196,11548196,results/ebbi/SC5_MHBD_MWPM_5x/results/sweep_6_exp_0_checkpoints.csv
0333033300000000320330330,0.0616969000465636,0.0005355030880309,14473328,results/ebbi/SC5_MHBD_MWPM_5x/results/sweep_6_exp_0_checkpoints.csv
0333033300000000320330330,0.062380287705795,0.0003588445251807,18205594,results/ebbi/SC5_MHBD_MWPM_5x/results/sweep_6_exp_0_checkpoints.csv
0333033300000000320330330,0.062380287705795,0.0003588445251807,23179666,results/ebbi/SC5_MHBD_MWPM_5x/results/sweep_6_exp_0_checkpoints.csv
0333033300000000330330330,0.0597532006341038,0.0005202986649237,28934030,results/ebbi/SC5_MHBD_MWPM_5x/results/sweep_6_exp_0_checkpoints.csv
0333030300000000330330330,0.0579202242895374,0.0007612270419485,36292126,results/ebbi/SC5_MHBD_MWPM_5x/results/sweep_6_exp_0_checkpoints.csv
0333030303030000330330330,0.0577650111193476,0.0005021634278818,45793061,results/ebbi/SC5_MHBD_MWPM_5x/results/sweep_6_exp_0_checkpoints.csv
0333030303030300330330330,0.0581358054703795,0.00033445309964,57526669,results/ebbi/SC5_MHBD_MWPM_5x/results/sweep_6_exp_0_checkpoints.csv
0333030303030300330330330,0.0584932521754289,0.0002236111467937,73238858,results/ebbi/SC5_MHBD_MWPM_5x/results/sweep_6_exp_0_checkpoints.csv
0333030303030300030030330,0.0582039570848723,0.0001493197050876,92092380,results/ebbi/SC5_MHBD_MWPM_5x/results/sweep_6_exp_0_checkpoints.csv
0333030303030300030030330,0.0580830463350846,9.944943303707988e-05,115105365,results/ebbi/SC5_MHBD_MWPM_5x/results/sweep_6_exp_0_checkpoints.csv
0333030303030300030030330,0.0580830463350846,9.944943303707988e-05,147539923,results/ebbi/SC5_MHBD_MWPM_5x/results/sweep_6_exp_0_checkpoints.csv
0333030300030300030330330,0.0579772970246742,9.848444460658357e-05,182500097,results/ebbi/SC5_MHBD_MWPM_5x/results/sweep_6_exp_0_checkpoints.csv
0333030300030300030330330,0.0579772970246742,9.848444460658357e-05,228955746,results/ebbi/SC5_MHBD_MWPM_5x/results/sweep_6_exp_0_checkpoints.csv
0333030300030300030330330,0.0579772970246742,9.848444460658357e-05,288311917,results/ebbi/SC5_MHBD_MWPM_5x/results/sweep_6_exp_0_checkpoints.csv
0333030300030300030330330,0.0579772970246742,9.848444460658357e-05,363151309,results/ebbi/SC5_MHBD_MWPM_5x/results/sweep_6_exp_0_checkpoints.csv
0333030300030303030303330,0.0578800065007692,0.0001475613098591,456832701,results/ebbi/SC5_MHBD_MWPM_5x/results/sweep_6_exp_0_checkpoints.csv
0333030300030300030303030,0.0578356663076104,0.0002203381445724,575547860,results/ebbi/SC5_MHBD_MWPM_5x/results/sweep_6_exp_0_checkpoints.csv
0333330300030300030303030,0.0580731116712921,6.567016680492088e-05,724557928,results/ebbi/SC5_MHBD_MWPM_5x/results/sweep_6_exp_0_checkpoints.csv
0333330300030300030333330,0.0575753983140222,9.798662358662114e-05,913359279,results/ebbi/SC5_MHBD_MWPM_5x/results/sweep_6_exp_0_checkpoints.csv
0303330300030300030333030,0.0575052050382784,6.509893864858896e-05,1148063654,results/ebbi/SC5_MHBD_MWPM_5x/results/sweep_6_exp_0_checkpoints.csv
0303330300030300030333030,0.0575052050382784,6.509893864858896e-05,1444601427,results/ebbi/SC5_MHBD_MWPM_5x/results/sweep_6_exp_0_checkpoints.csv
0333030303030300030303330,0.0577216377772351,0.0001471887080697,1821073475,results/ebbi/SC5_MHBD_MWPM_5x/results/sweep_6_exp_0_checkpoints.csv
0303030303030303030330330,0.0581236864279126,9.867075277725236e-05,2289429356,results/ebbi/SC5_MHBD_MWPM_5x/results/sweep_6_exp_0_checkpoints.csv
0303330303030300030330330,0.0581567837742876,6.57486089039594e-05,2884130037,results/ebbi/SC5_MHBD_MWPM_5x/results/sweep_6_exp_0_checkpoints.csv
0303300303030300030033330,0.058067002473343,6.566155207110569e-05,3640749047,results/ebbi/SC5_MHBD_MWPM_5x/results/sweep_6_exp_0_checkpoints.csv
0300330303030303030303030,0.0580983125075,6.583696085726842e-05,4573908364,results/ebbi/SC5_MHBD_MWPM_5x/results/sweep_6_exp_0_checkpoints.csv
0303330330030300030303330,0.0580931887632334,6.575723818968982e-05,5750744993,results/ebbi/SC5_MHBD_MWPM_5x/results/sweep_6_exp_0_checkpoints.csv
0330300303030303030303330,0.0583216100090613,6.625419337069616e-05,7241013420,results/ebbi/SC5_MHBD_MWPM_5x/results/sweep_6_exp_0_checkpoints.csv
0303300303030303030303330,0.0558641192874098,0.001102500827983,9114319056,results/ebbi/SC5_MHBD_MWPM_5x/results/sweep_6_exp_0_checkpoints.csv
0303330300030333030303030,0.0584412640060262,6.610295531572774e-05,11474263745,results/ebbi/SC5_MHBD_MWPM_5x/results/sweep_6_exp_0_checkpoints.csv
0033330300030300030033330,0.058124518181977,6.578901229659095e-05,14445303725,results/ebbi/SC5_MHBD_MWPM_5x/results/sweep_6_exp_0_checkpoints.csv
0303330333030300030303030,0.0580764742500395,0.0001479839702369,18185447291,results/ebbi/SC5_MHBD_MWPM_5x/results/sweep_6_exp_0_checkpoints.csv
3333000303030300030333030,0.0578531880822541,0.0002223152405349,22894121453,results/ebbi/SC5_MHBD_MWPM_5x/results/sweep_6_exp_0_checkpoints.csv
0303000300033303030303330,0.058785711554689,6.597644096473232e-05,28824719330,results/ebbi/SC5_MHBD_MWPM_5x/results/sweep_6_exp_0_checkpoints.csv
0033030303030303030003030,0.0586321050339365,4.4256426917854697e-05,36284976427,results/ebbi/SC5_MHBD_MWPM_5x/results/sweep_6_exp_0_checkpoints.csv
0333223032203333300220222,0.0714038607901473,0.0021418067626655,148644,results/ebbi/SC5_MHBD_MWPM_5x/results/sweep_19_exp_0_checkpoints.csv
0333223032203333300220222,0.0714038607901473,0.0021418067626655,194525,results/ebbi/SC5_MHBD_MWPM_5x/results/sweep_19_exp_0_checkpoints.csv
0333223032203333300220222,0.0714038607901473,0.0021418067626655,244316,results/ebbi/SC5_MHBD_MWPM_5x/results/sweep_19_exp_0_checkpoints.csv
2030023332220332033330003,0.0677743481972811,0.0020369095727801,310299,results/ebbi/SC5_MHBD_MWPM_5x/results/sweep_19_exp_0_checkpoints.csv
2030023332220332033330003,0.0677743481972811,0.0020369095727801,376647,results/ebbi/SC5_MHBD_MWPM_5x/results/sweep_19_exp_0_checkpoints.csv
2030023332220332033330003,0.0677743481972811,0.0020369095727801,487192,results/ebbi/SC5_MHBD_MWPM_5x/results/sweep_19_exp_0_checkpoints.csv
2030023332220333033330003,0.0689635437532192,0.0013554645702242,612093,results/ebbi/SC5_MHBD_MWPM_5x/results/sweep_19_exp_0_checkpoints.csv
2030023332220333033330003,0.0689635437532192,0.0013554645702242,789730,results/ebbi/SC5_MHBD_MWPM_5x/results/sweep_19_exp_0_checkpoints.csv
2030023332220333030330000,0.0687649290431361,0.0013414471177384,977851,results/ebbi/SC5_MHBD_MWPM_5x/results/sweep_19_exp_0_checkpoints.csv
2030023332220333030330000,0.0687649290431361,0.0013414471177384,1197168,results/ebbi/SC5_MHBD_MWPM_5x/results/sweep_19_exp_0_checkpoints.csv
2030023332220333030330000,0.0695951937848944,0.0008993048686534,1524525,results/ebbi/SC5_MHBD_MWPM_5x/results/sweep_19_exp_0_checkpoints.csv
2030023332220333030330000,0.0695951937848944,0.0008993048686534,1928792,results/ebbi/SC5_MHBD_MWPM_5x/results/sweep_19_exp_0_checkpoints.csv
2030023332220333030330000,0.0695951937848944,0.0008993048686534,2391008,results/ebbi/SC5_MHBD_MWPM_5x/results/sweep_19_exp_0_checkpoints.csv
2030023332300333030330000,0.0663205991294238,0.0012938760919496,3009765,results/ebbi/SC5_MHBD_MWPM_5x/results/sweep_19_exp_0_checkpoints.csv
2000003332200333030330000,0.0665921679659168,0.0005778757040388,3832366,results/ebbi/SC5_MHBD_MWPM_5x/results/sweep_19_exp_0_checkpoints.csv
0000003330030333030330000,0.059606228284648,0.0012010792270302,4738791,results/ebbi/SC5_MHBD_MWPM_5x/results/sweep_19_exp_0_checkpoints.csv
0000003330030333030330000,0.0599283924915066,0.0008027612930163,6006903,results/ebbi/SC5_MHBD_MWPM_5x/results/sweep_19_exp_0_checkpoints.csv
0000003330030333030330000,0.0605681954270504,0.0003585657977964,7553757,results/ebbi/SC5_MHBD_MWPM_5x/results/sweep_19_exp_0_checkpoints.csv
0200003330030303030330000,0.0599440177994688,0.0005192551179789,9429983,results/ebbi/SC5_MHBD_MWPM_5x/results/sweep_19_exp_0_checkpoints.csv
0000003330030333030330300,0.0606643623408588,0.0003549889370333,12134694,results/ebbi/SC5_MHBD_MWPM_5x/results/sweep_19_exp_0_checkpoints.csv
0000003330030333030330000,0.0607980878830636,0.0002394682669546,14991994,results/ebbi/SC5_MHBD_MWPM_5x/results/sweep_19_exp_0_checkpoints.csv
0000003330030303030330000,0.0606417650078769,0.0001583712146384,19870563,results/ebbi/SC5_MHBD_MWPM_5x/results/sweep_19_exp_0_checkpoints.csv
0000003330030303030330000,0.0606417650078769,0.0001583712146384,24767278,results/ebbi/SC5_MHBD_MWPM_5x/results/sweep_19_exp_0_checkpoints.csv
0000003330030303030330000,0.0606417650078769,0.0001583712146384,30886583,results/ebbi/SC5_MHBD_MWPM_5x/results/sweep_19_exp_0_checkpoints.csv
0000003330030303030330000,0.0606417650078769,0.0001583712146384,40047774,results/ebbi/SC5_MHBD_MWPM_5x/results/sweep_19_exp_0_checkpoints.csv
0030003330030303030333000,0.06016088639043,0.0001534192706458,47500935,results/ebbi/SC5_MHBD_MWPM_5x/results/sweep_19_exp_0_checkpoints.csv
0030003330030300030333300,0.0595609450135898,0.0003422121808398,59535807,results/ebbi/SC5_MHBD_MWPM_5x/results/sweep_19_exp_0_checkpoints.csv
0030003330030300030333300,0.0596503161204714,0.0002283021603943,74533254,results/ebbi/SC5_MHBD_MWPM_5x/results/sweep_19_exp_0_checkpoints.csv
0030000330030300030333300,0.0597443972386897,0.0001520797522971,94340508,results/ebbi/SC5_MHBD_MWPM_5x/results/sweep_19_exp_0_checkpoints.csv
0033003330030300030333300,0.0595085471843746,0.0001517464261269,118204903,results/ebbi/SC5_MHBD_MWPM_5x/results/sweep_19_exp_0_checkpoints.csv
0033003303030300030303330,0.0583688408734134,0.000336272525601,148650444,results/ebbi/SC5_MHBD_MWPM_5x/results/sweep_19_exp_0_checkpoints.csv
0033003303030300030303330,0.0585835835429024,0.0001497124467277,187437909,results/ebbi/SC5_MHBD_MWPM_5x/results/sweep_19_exp_0_checkpoints.csv
0303003300030300030303330,0.0584837484020833,0.0001489659043727,236453923,results/ebbi/SC5_MHBD_MWPM_5x/results/sweep_19_exp_0_checkpoints.csv
0303003300030300030303330,0.0586229958975813,9.942144242813812e-05,300909447,results/ebbi/SC5_MHBD_MWPM_5x/results/sweep_19_exp_0_checkpoints.csv
0333030300030300030303330,0.0579453266122211,9.869015775620936e-05,375208890,results/ebbi/SC5_MHBD_MWPM_5x/results/sweep_19_exp_0_checkpoints.csv
0303330300030300030303330,0.0579438916817229,6.555568688781932e-05,471896462,results/ebbi/SC5_MHBD_MWPM_5x/results/sweep_19_exp_0_checkpoints.csv
0333030303030300030303330,0.0579085422303519,6.553691491717473e-05,600369064,results/ebbi/SC5_MHBD_MWPM_5x/results/sweep_19_exp_0_checkpoints.csv
0333030303030300030303330,0.0579309429275213,4.369921225588769e-05,754405508,results/ebbi/SC5_MHBD_MWPM_5x/results/sweep_19_exp_0_checkpoints.csv
0303330300030300030333030,0.0574884760662859,0.0001465460663894,938046379,results/ebbi/SC5_MHBD_MWPM_5x/results/sweep_19_exp_0_checkpoints.csv
0303330300030300030033330,0.0575325311407293,0.0002205441414844,1180840631,results/ebbi/SC5_MHBD_MWPM_5x/results/sweep_19_exp_0_checkpoints.csv
3303330333030300030303030,0.0584890576244444,0.0002201937459176,1486493793,results/ebbi/SC5_MHBD_MWPM_5x/results/sweep_19_exp_0_checkpoints.csv
0333030300030300030003333,0.0582670846047511,9.872768714558332e-05,1874629492,results/ebbi/SC5_MHBD_MWPM_5x/results/sweep_19_exp_0_checkpoints.csv
3303330300030300030333300,0.0580107470650312,9.85066290013492e-05,2355853992,results/ebbi/SC5_MHBD_MWPM_5x/results/sweep_19_exp_0_checkpoints.csv
0303330303030300030033030,0.0577313420249882,0.0001470975257689,2966235652,results/ebbi/SC5_MHBD_MWPM_5x/results/sweep_19_exp_0_checkpoints.csv
0303330303030300030033030,0.0577979110447801,6.541208131238818e-05,3733814630,results/ebbi/SC5_MHBD_MWPM_5x/results/sweep_19_exp_0_checkpoints.csv
0333030330030303030303030,0.0560747663551401,0.00165314192418,4700593585,results/ebbi/SC5_MHBD_MWPM_5x/results/sweep_19_exp_0_checkpoints.csv
0330330303030303000303330,0.0581277165306425,0.0002213227126048,5918292680,results/ebbi/SC5_MHBD_MWPM_5x/results/sweep_19_exp_0_checkpoints.csv
0303330303030300330330030,0.0580710825702958,9.864700405159964e-05,7449962957,results/ebbi/SC5_MHBD_MWPM_5x/results/sweep_19_exp_0_checkpoints.csv
0330330300030300033303030,0.058322966838277,0.00014908205776,9378824733,results/ebbi/SC5_MHBD_MWPM_5x/results/sweep_19_exp_0_checkpoints.csv
0333030303030300332033030,0.0566312721215906,0.0016675209626555,11828411322,results/ebbi/SC5_MHBD_MWPM_5x/results/sweep_19_exp_0_checkpoints.csv
3303000303030300030033330,0.0574810370271402,0.0003311679174657,14864403963,results/ebbi/SC5_MHBD_MWPM_5x/results/sweep_19_exp_0_checkpoints.csv
3303030300030300030333030,0.0581750717761825,0.0001481717918068,18713414338,results/ebbi/SC5_MHBD_MWPM_5x/results/sweep_19_exp_0_checkpoints.csv
0333030300030303030303033,0.0584253108630265,9.914172551361844e-05,23558906699,results/ebbi/SC5_MHBD_MWPM_5x/results/sweep_19_exp_0_checkpoints.csv
0333000303030300030330330,0.0584063104285371,4.410855763126165e-05,29658390184,results/ebbi/SC5_MHBD_MWPM_5x/results/sweep_19_exp_0_checkpoints.csv
0333330300000303030033330,0.0586642746917787,0.0002240238682134,37338005787,results/ebbi/SC5_MHBD_MWPM_5x/results/sweep_19_exp_0_checkpoints.csv
0303033300030300030303330,0.0582981957931813,9.886908082989976e-05,47005367005,results/ebbi/SC5_MHBD_MWPM_5x/results/sweep_19_exp_0_checkpoints.csv
