clifford_deformation,exp_ler,uncertainty,method_shots,source_file
3002022333323322000233000,0.0107082446458776,5.146253533894196e-05,4000000,results/rs/SC5_HBD_MWPM_2_5x/results/sweep_23_exp_0_checkpoints.csv
3002022333323322000233000,0.0107082446458776,5.146253533894196e-05,8000000,results/rs/SC5_HBD_MWPM_2_5x/results/sweep_23_exp_0_checkpoints.csv
3002022333323322000233000,0.0107082446458776,5.146253533894196e-05,12000000,results/rs/SC5_HBD_MWPM_2_5x/results/sweep_23_exp_0_checkpoints.csv
3002022333323322000233000,0.0107082446458776,5.146253533894196e-05,16000000,results/rs/SC5_HBD_MWPM_2_5x/results/sweep_23_exp_0_checkpoints.csv
3002022333323322000233000,0.0107082446458776,5.146253533894196e-05,24000000,results/rs/SC5_HBD_MWPM_2_5x/results/sweep_23_exp_0_checkpoints.csv
2300200203332033330200300,0.0098517450741274,4.93828920298256e-05,32000000,results/rs/SC5_HBD_MWPM_2_5x/results/sweep_23_exp_0_checkpoints.csv
2300200203332033330200300,0.0098517450741274,4.93828920298256e-05,44000000,results/rs/SC5_HBD_MWPM_2_5x/results/sweep_23_exp_0_checkpoints.csv
0323230300030223320302300,0.0085234957382521,4.59642214991618e-05,56000000,results/rs/SC5_HBD_MWPM_2_5x/results/sweep_23_exp_0_checkpoints.csv
0323230300030223320302300,0.0085234957382521,4.59642214991618e-05,72000000,results/rs/SC5_HBD_MWPM_2_5x/results/sweep_23_exp_0_checkpoints.csv
0323230300030223320302300,0.0085234957382521,4.59642214991618e-05,92000000,results/rs/SC5_HBD_MWPM_2_5x/results/sweep_23_exp_0_checkpoints.csv
0323230300030223320302300,0.0085234957382521,4.59642214991618e-05,116000000,results/rs/SC5_HBD_MWPM_2_5x/results/sweep_23_exp_0_checkpoints.csv
0323230300030223320302300,0.0085234957382521,4.59642214991618e-05,148000000,results/rs/SC5_HBD_MWPM_2_5x/results/sweep_23_exp_0_checkpoints.csv
0323230300030223320302300,0.0085234957382521,4.59642214991618e-05,188000000,results/rs/SC5_HBD_MWPM_2_5x/results/sweep_23_exp_0_checkpoints.csv
0323230300030223320302300,0.0085234957382521,4.59642214991618e-05,240000000,results/rs/SC5_HBD_MWPM_2_5x/results/sweep_23_exp_0_checkpoints.csv
0323230300030223320302300,0.0085234957382521,4.59642214991618e-05,304000000,results/rs/SC5_HBD_MWPM_2_5x/results/sweep_23_exp_0_checkpoints.csv
0323230300030223320302300,0.0085234957382521,4.59642214991618e-05,384000000,results/rs/SC5_HBD_MWPM_2_5x/results/sweep_23_exp_0_checkpoints.csv
0323230300030223320302300,0.0085234957382521,4.59642214991618e-05,484000000,results/rs/SC5_HBD_MWPM_2_5x/results/sweep_23_exp_0_checkpoints.csv
0323230300030223320302300,0.0085234957382521,4.59642214991618e-05,612000000,results/rs/SC5_HBD_MWPM_2_5x/results/sweep_23_exp_0_checkpoints.csv
0323230300030223320302300,0.0085234957382521,4.59642214991618e-05,772000000,results/rs/SC5_HBD_MWPM_2_5x/results/sweep_23_exp_0_checkpoints.csv
0000223300030303332322000,0.008371495814252,4.555602936306968e-05,972000000,results/rs/SC5_HBD_MWPM_2_5x/results/sweep_23_exp_0_checkpoints.csv
0000223300030303332322000,0.008371495814252,4.555602936306968e-05,1224000000,results/rs/SC5_HBD_MWPM_2_5x/results/sweep_23_exp_0_checkpoints.csv
0000223300030303332322000,0.008371495814252,4.555602936306968e-05,1544000000,results/rs/SC5_HBD_MWPM_2_5x/results/sweep_23_exp_0_checkpoints.csv
0000223300030303332322000,0.008371495814252,4.555602936306968e-05,1944000000,results/rs/SC5_HBD_MWPM_2_5x/results/sweep_23_exp_0_checkpoints.csv
0000223300030303332322000,0.008371495814252,4.555602936306968e-05,2448000000,results/rs/SC5_HBD_MWPM_2_5x/results/sweep_23_exp_0_checkpoints.csv
0000223300030303332322000,0.008371495814252,4.555602936306968e-05,3084000000,results/rs/SC5_HBD_MWPM_2_5x/results/sweep_23_exp_0_checkpoints.csv
0000223300030303332322000,0.008371495814252,4.555602936306968e-05,3884000000,results/rs/SC5_HBD_MWPM_2_5x/results/sweep_23_exp_0_checkpoints.csv
3333330003230320030020000,0.0076687461656269,4.361745595815592e-05,4892000000,results/rs/SC5_HBD_MWPM_2_5x/results/sweep_23_exp_0_checkpoints.csv
3333330003230320030020000,0.0076687461656269,4.361745595815592e-05,6160000000,results/rs/SC5_HBD_MWPM_2_5x/results/sweep_23_exp_0_checkpoints.csv
3333330003230320030020000,0.0076687461656269,4.361745595815592e-05,7756000000,results/rs/SC5_HBD_MWPM_2_5x/results/sweep_23_exp_0_checkpoints.csv
3333330003230320030020000,0.0076687461656269,4.361745595815592e-05,9768000000,results/rs/SC5_HBD_MWPM_2_5x/results/sweep_23_exp_0_checkpoints.csv
3333330003230320030020000,0.0076687461656269,4.361745595815592e-05,12300000000,results/rs/SC5_HBD_MWPM_2_5x/results/sweep_23_exp_0_checkpoints.csv
3333330003230320030020000,0.0076687461656269,4.361745595815592e-05,15488000000,results/rs/SC5_HBD_MWPM_2_5x/results/sweep_23_exp_0_checkpoints.csv
3333330003230320030020000,0.0076687461656269,4.361745595815592e-05,19500000000,results/rs/SC5_HBD_MWPM_2_5x/results/sweep_23_exp_0_checkpoints.csv
0303330303030330003223030,0.0069449965275017,4.152336259721778e-05,24552000000,results/rs/SC5_HBD_MWPM_2_5x/results/sweep_23_exp_0_checkpoints.csv
0303330303030330003223030,0.0069449965275017,4.152336259721778e-05,30912000000,results/rs/SC5_HBD_MWPM_2_5x/results/sweep_23_exp_0_checkpoints.csv
0303330303030330003223030,0.0069449965275017,4.152336259721778e-05,38916000000,results/rs/SC5_HBD_MWPM_2_5x/results/sweep_23_exp_0_checkpoints.csv
0303330303030330003223030,0.0069449965275017,4.152336259721778e-05,48996000000,results/rs/SC5_HBD_MWPM_2_5x/results/sweep_23_exp_0_checkpoints.csv
0303330303030330003223030,0.0069449965275017,4.152336259721778e-05,61684000000,results/rs/SC5_HBD_MWPM_2_5x/results/sweep_23_exp_0_checkpoints.csv
0303330303030330003223030,0.0069449965275017,4.152336259721778e-05,77656000000,results/rs/SC5_HBD_MWPM_2_5x/results/sweep_23_exp_0_checkpoints.csv
0303330303030330003223030,0.0069449965275017,4.152336259721778e-05,97764000000,results/rs/SC5_HBD_MWPM_2_5x/results/sweep_23_exp_0_checkpoints.csv
0232300032333333223303002,0.0109252445373777,5.197565769776702e-05,4000000,results/rs/SC5_HBD_MWPM_2_5x/results/sweep_14_exp_0_checkpoints.csv
0003230323023320233332002,0.0098489950755024,4.93760708195623e-05,8000000,results/rs/SC5_HBD_MWPM_2_5x/results/sweep_14_exp_0_checkpoints.csv
0003230323023320233332002,0.0098489950755024,4.93760708195623e-05,12000000,results/rs/SC5_HBD_MWPM_2_5x/results/sweep_14_exp_0_checkpoints.csv
0003230323023320233332002,0.0098489950755024,4.93760708195623e-05,16000000,results/rs/SC5_HBD_MWPM_2_5x/results/sweep_14_exp_0_checkpoints.csv
0003230323023320233332002,0.0098489950755024,4.93760708195623e-05,24000000,results/rs/SC5_HBD_MWPM_2_5x/results/sweep_14_exp_0_checkpoints.csv
0003230323023320233332002,0.0098489950755024,4.93760708195623e-05,32000000,results/rs/SC5_HBD_MWPM_2_5x/results/sweep_14_exp_0_checkpoints.csv
0003230323023320233332002,0.0098489950755024,4.93760708195623e-05,44000000,results/rs/SC5_HBD_MWPM_2_5x/results/sweep_14_exp_0_checkpoints.csv
0003230323023320233332002,0.0098489950755024,4.93760708195623e-05,56000000,results/rs/SC5_HBD_MWPM_2_5x/results/sweep_14_exp_0_checkpoints.csv
0003230323023320233332002,0.0098489950755024,4.93760708195623e-05,72000000,results/rs/SC5_HBD_MWPM_2_5x/results/sweep_14_exp_0_checkpoints.csv
0003230323023320233332002,0.0098489950755024,4.93760708195623e-05,92000000,results/rs/SC5_HBD_MWPM_2_5x/results/sweep_14_exp_0_checkpoints.csv
0003230323023320233332002,0.0098489950755024,4.93760708195623e-05,116000000,results/rs/SC5_HBD_MWPM_2_5x/results/sweep_14_exp_0_checkpoints.csv
0003030320203333033020032,0.0090167454916272,4.726372208097018e-05,148000000,results/rs/SC5_HBD_MWPM_2_5x/results/sweep_14_exp_0_checkpoints.csv
0003030320203333033020032,0.0090167454916272,4.726372208097018e-05,188000000,results/rs/SC5_HBD_MWPM_2_5x/results/sweep_14_exp_0_checkpoints.csv
0003030320203333033020032,0.0090167454916272,4.726372208097018e-05,240000000,results/rs/SC5_HBD_MWPM_2_5x/results/sweep_14_exp_0_checkpoints.csv
0020232003020303020300230,0.0088752455623772,4.689474735641852e-05,304000000,results/rs/SC5_HBD_MWPM_2_5x/results/sweep_14_exp_0_checkpoints.csv
0020232003020303020300230,0.0088752455623772,4.689474735641852e-05,384000000,results/rs/SC5_HBD_MWPM_2_5x/results/sweep_14_exp_0_checkpoints.csv
0020232003020303020300230,0.0088752455623772,4.689474735641852e-05,484000000,results/rs/SC5_HBD_MWPM_2_5x/results/sweep_14_exp_0_checkpoints.csv
2323300223030300200003030,0.0086714956642521,4.635810182662681e-05,612000000,results/rs/SC5_HBD_MWPM_2_5x/results/sweep_14_exp_0_checkpoints.csv
2300230303300033000323232,0.0084514957742521,4.57713395007886e-05,772000000,results/rs/SC5_HBD_MWPM_2_5x/results/sweep_14_exp_0_checkpoints.csv
3320230303000223030333022,0.0079789960105019,4.4484055251814425e-05,972000000,results/rs/SC5_HBD_MWPM_2_5x/results/sweep_14_exp_0_checkpoints.csv
3320230303000223030333022,0.0079789960105019,4.4484055251814425e-05,1224000000,results/rs/SC5_HBD_MWPM_2_5x/results/sweep_14_exp_0_checkpoints.csv
3320230303000223030333022,0.0079789960105019,4.4484055251814425e-05,1544000000,results/rs/SC5_HBD_MWPM_2_5x/results/sweep_14_exp_0_checkpoints.csv
3320230303000223030333022,0.0079789960105019,4.4484055251814425e-05,1944000000,results/rs/SC5_HBD_MWPM_2_5x/results/sweep_14_exp_0_checkpoints.csv
3320230303000223030333022,0.0079789960105019,4.4484055251814425e-05,2448000000,results/rs/SC5_HBD_MWPM_2_5x/results/sweep_14_exp_0_checkpoints.csv
3320230303000223030333022,0.0079789960105019,4.4484055251814425e-05,3084000000,results/rs/SC5_HBD_MWPM_2_5x/results/sweep_14_exp_0_checkpoints.csv
3320230303000223030333022,0.0079789960105019,4.4484055251814425e-05,3884000000,results/rs/SC5_HBD_MWPM_2_5x/results/sweep_14_exp_0_checkpoints.csv
3320230303000223030333022,0.0079789960105019,4.4484055251814425e-05,4892000000,results/rs/SC5_HBD_MWPM_2_5x/results/sweep_14_exp_0_checkpoints.csv
3222000333020330030303033,0.0079262460368769,4.4337950384942815e-05,6160000000,results/rs/SC5_HBD_MWPM_2_5x/results/sweep_14_exp_0_checkpoints.csv
3003332333030303020323332,0.0077049961475019,4.3719628592953086e-05,7756000000,results/rs/SC5_HBD_MWPM_2_5x/results/sweep_14_exp_0_checkpoints.csv
0302030303030303230320220,0.0069152465423767,4.143495243624784e-05,9768000000,results/rs/SC5_HBD_MWPM_2_5x/results/sweep_14_exp_0_checkpoints.csv
0302030303030303230320220,0.0069152465423767,4.143495243624784e-05,12300000000,results/rs/SC5_HBD_MWPM_2_5x/results/sweep_14_exp_0_checkpoints.csv
0302030303030303230320220,0.0069152465423767,4.143495243624784e-05,15488000000,results/rs/SC5_HBD_MWPM_2_5x/results/sweep_14_exp_0_checkpoints.csv
0302030303030303230320220,0.0069152465423767,4.143495243624784e-05,19500000000,results/rs/SC5_HBD_MWPM_2_5x/results/sweep_14_exp_0_checkpoints.csv
0302030303030303230320220,0.0069152465423767,4.143495243624784e-05,24552000000,results/rs/SC5_HBD_MWPM_2_5x/results/sweep_14_exp_0_checkpoints.csv
0302030303030303230320220,0.0069152465423767,4.143495243624784e-05,30912000000,results/rs/SC5_HBD_MWPM_2_5x/results/sweep_14_exp_0_checkpoints.csv
0302030303030303230320220,0.0069152465423767,4.143495243624784e-05,38916000000,results/rs/SC5_HBD_MWPM_2_5x/results/sweep_14_exp_0_checkpoints.csv
0302030303030303230320220,0.0069152465423767,4.143495243624784e-05,48996000000,results/rs/SC5_HBD_MWPM_2_5x/results/sweep_14_exp_0_checkpoints.csv
0302030303030303230320220,0.0069152465423767,4.143495243624784e-05,61684000000,results/rs/SC5_HBD_MWPM_2_5x/results/sweep_14_exp_0_checkpoints.csv
0302030303030303230320220,0.0069152465423767,4.143495243624784e-05,77656000000,results/rs/SC5_HBD_MWPM_2_5x/results/sweep_14_exp_0_checkpoints.csv
0302030303030303230320220,0.0069152465423767,4.143495243624784e-05,97764000000,results/rs/SC5_HBD_MWPM_2_5x/results/sweep_14_exp_0_checkpoints.csv
2333202003332020002022300,0.0119839940080029,5.440672975964844e-05,4000000,results/rs/SC5_HBD_MWPM_2_5x/results/sweep_12_exp_0_checkpoints.csv
2333202003332020002022300,0.0119839940080029,5.440672975964844e-05,8000000,results/rs/SC5_HBD_MWPM_2_5x/results/sweep_12_exp_0_checkpoints.csv
2333202003332020002022300,0.0119839940080029,5.440672975964844e-05,12000000,results/rs/SC5_HBD_MWPM_2_5x/results/sweep_12_exp_0_checkpoints.csv
3203000033302003032333032,0.0097142451428774,4.90404709125869e-05,16000000,results/rs/SC5_HBD_MWPM_2_5x/results/sweep_12_exp_0_checkpoints.csv
3203000033302003032333032,0.0097142451428774,4.90404709125869e-05,24000000,results/rs/SC5_HBD_MWPM_2_5x/results/sweep_12_exp_0_checkpoints.csv
3203000033302003032333032,0.0097142451428774,4.90404709125869e-05,32000000,results/rs/SC5_HBD_MWPM_2_5x/results/sweep_12_exp_0_checkpoints.csv
3203000033302003032333032,0.0097142451428774,4.90404709125869e-05,44000000,results/rs/SC5_HBD_MWPM_2_5x/results/sweep_12_exp_0_checkpoints.csv
0000020003330220000032300,0.0096869951565024,4.8972313379636034e-05,56000000,results/rs/SC5_HBD_MWPM_2_5x/results/sweep_12_exp_0_checkpoints.csv
0000020003330220000032300,0.0096869951565024,4.8972313379636034e-05,72000000,results/rs/SC5_HBD_MWPM_2_5x/results/sweep_12_exp_0_checkpoints.csv
0000020003330220000032300,0.0096869951565024,4.8972313379636034e-05,92000000,results/rs/SC5_HBD_MWPM_2_5x/results/sweep_12_exp_0_checkpoints.csv
0000020003330220000032300,0.0096869951565024,4.8972313379636034e-05,116000000,results/rs/SC5_HBD_MWPM_2_5x/results/sweep_12_exp_0_checkpoints.csv
0000020003330220000032300,0.0096869951565024,4.8972313379636034e-05,148000000,results/rs/SC5_HBD_MWPM_2_5x/results/sweep_12_exp_0_checkpoints.csv
3000032030220303000200330,0.0095354952322523,4.859156979364343e-05,188000000,results/rs/SC5_HBD_MWPM_2_5x/results/sweep_12_exp_0_checkpoints.csv
0023330030330200330320033,0.0091002454498772,4.74800581287127e-05,240000000,results/rs/SC5_HBD_MWPM_2_5x/results/sweep_12_exp_0_checkpoints.csv
0032200323030320332302033,0.0086677456661271,4.634816286852583e-05,304000000,results/rs/SC5_HBD_MWPM_2_5x/results/sweep_12_exp_0_checkpoints.csv
2330030303300330230000030,0.0078259960870019,4.405889194458723e-05,384000000,results/rs/SC5_HBD_MWPM_2_5x/results/sweep_12_exp_0_checkpoints.csv
2330030303300330230000030,0.0078259960870019,4.405889194458723e-05,484000000,results/rs/SC5_HBD_MWPM_2_5x/results/sweep_12_exp_0_checkpoints.csv
2330030303300330230000030,0.0078259960870019,4.405889194458723e-05,612000000,results/rs/SC5_HBD_MWPM_2_5x/results/sweep_12_exp_0_checkpoints.csv
2330030303300330230000030,0.0078259960870019,4.405889194458723e-05,772000000,results/rs/SC5_HBD_MWPM_2_5x/results/sweep_12_exp_0_checkpoints.csv
2330030303300330230000030,0.0078259960870019,4.405889194458723e-05,972000000,results/rs/SC5_HBD_MWPM_2_5x/results/sweep_12_exp_0_checkpoints.csv
2330030303300330230000030,0.0078259960870019,4.405889194458723e-05,1224000000,results/rs/SC5_HBD_MWPM_2_5x/results/sweep_12_exp_0_checkpoints.csv
2330030303300330230000030,0.0078259960870019,4.405889194458723e-05,1544000000,results/rs/SC5_HBD_MWPM_2_5x/results/sweep_12_exp_0_checkpoints.csv
2330030303300330230000030,0.0078259960870019,4.405889194458723e-05,1944000000,results/rs/SC5_HBD_MWPM_2_5x/results/sweep_12_exp_0_checkpoints.csv
2330030303300330230000030,0.0078259960870019,4.405889194458723e-05,2448000000,results/rs/SC5_HBD_MWPM_2_5x/results/sweep_12_exp_0_checkpoints.csv
2330030303300330230000030,0.0078259960870019,4.405889194458723e-05,3084000000,results/rs/SC5_HBD_MWPM_2_5x/results/sweep_12_exp_0_checkpoints.csv
3303033333030303220300020,0.0074664962667518,4.304283356759697e-05,3884000000,results/rs/SC5_HBD_MWPM_2_5x/results/sweep_12_exp_0_checkpoints.csv
3303033333030303220300020,0.0074664962667518,4.304283356759697e-05,4892000000,results/rs/SC5_HBD_MWPM_2_5x/results/sweep_12_exp_0_checkpoints.csv
3303033333030303220300020,0.0074664962667518,4.304283356759697e-05,6160000000,results/rs/SC5_HBD_MWPM_2_5x/results/sweep_12_exp_0_checkpoints.csv
3303033333030303220300020,0.0074664962667518,4.304283356759697e-05,7756000000,results/rs/SC5_HBD_MWPM_2_5x/results/sweep_12_exp_0_checkpoints.csv
3000330333330300030302332,0.0072904963547518,4.253627776051872e-05,9768000000,results/rs/SC5_HBD_MWPM_2_5x/results/sweep_12_exp_0_checkpoints.csv
3000330333330300030302332,0.0072904963547518,4.253627776051872e-05,12300000000,results/rs/SC5_HBD_MWPM_2_5x/results/sweep_12_exp_0_checkpoints.csv
3000330333330300030302332,0.0072904963547518,4.253627776051872e-05,15488000000,results/rs/SC5_HBD_MWPM_2_5x/results/sweep_12_exp_0_checkpoints.csv
3000330333330300030302332,0.0072904963547518,4.253627776051872e-05,19500000000,results/rs/SC5_HBD_MWPM_2_5x/results/sweep_12_exp_0_checkpoints.csv
3000330333330300030302332,0.0072904963547518,4.253627776051872e-05,24552000000,results/rs/SC5_HBD_MWPM_2_5x/results/sweep_12_exp_0_checkpoints.csv
3000330333330300030302332,0.0072904963547518,4.253627776051872e-05,30912000000,results/rs/SC5_HBD_MWPM_2_5x/results/sweep_12_exp_0_checkpoints.csv
3000330333330300030302332,0.0072904963547518,4.253627776051872e-05,38916000000,results/rs/SC5_HBD_MWPM_2_5x/results/sweep_12_exp_0_checkpoints.csv
3000330333330300030302332,0.0072904963547518,4.253627776051872e-05,48996000000,results/rs/SC5_HBD_MWPM_2_5x/results/sweep_12_exp_0_checkpoints.csv
3000330333330300030302332,0.0072904963547518,4.253627776051872e-05,61684000000,results/rs/SC5_HBD_MWPM_2_5x/results/sweep_12_exp_0_checkpoints.csv
3000330333330300030302332,0.0072904963547518,4.253627776051872e-05,77656000000,results/rs/SC5_HBD_MWPM_2_5x/results/sweep_12_exp_0_checkpoints.csv
0303220033030303030002300,0.0072802463598768,4.250658457749523e-05,97764000000,results/rs/SC5_HBD_MWPM_2_5x/results/sweep_12_exp_0_checkpoints.csv
2230330202332322220002023,0.0112117443941278,5.264511491986923e-05,4000000,results/rs/SC5_HBD_MWPM_2_5x/results/sweep_25_exp_0_checkpoints.csv
2230330202332322220002023,0.0112117443941278,5.264511491986923e-05,8000000,results/rs/SC5_HBD_MWPM_2_5x/results/sweep_25_exp_0_checkpoints.csv
2230330202332322220002023,0.0112117443941278,5.264511491986923e-05,12000000,results/rs/SC5_HBD_MWPM_2_5x/results/sweep_25_exp_0_checkpoints.csv
2230330202332322220002023,0.0112117443941278,5.264511491986923e-05,16000000,results/rs/SC5_HBD_MWPM_2_5x/results/sweep_25_exp_0_checkpoints.csv
2230330202332322220002023,0.0112117443941278,5.264511491986923e-05,24000000,results/rs/SC5_HBD_MWPM_2_5x/results/sweep_25_exp_0_checkpoints.csv
2230330202332322220002023,0.0112117443941278,5.264511491986923e-05,32000000,results/rs/SC5_HBD_MWPM_2_5x/results/sweep_25_exp_0_checkpoints.csv
0302023332020303020200020,0.0088952455523772,4.6947079681558535e-05,44000000,results/rs/SC5_HBD_MWPM_2_5x/results/sweep_25_exp_0_checkpoints.csv
0302023332020303020200020,0.0088952455523772,4.6947079681558535e-05,56000000,results/rs/SC5_HBD_MWPM_2_5x/results/sweep_25_exp_0_checkpoints.csv
0302023332020303020200020,0.0088952455523772,4.6947079681558535e-05,72000000,results/rs/SC5_HBD_MWPM_2_5x/results/sweep_25_exp_0_checkpoints.csv
0302023332020303020200020,0.0088952455523772,4.6947079681558535e-05,92000000,results/rs/SC5_HBD_MWPM_2_5x/results/sweep_25_exp_0_checkpoints.csv
0302023332020303020200020,0.0088952455523772,4.6947079681558535e-05,116000000,results/rs/SC5_HBD_MWPM_2_5x/results/sweep_25_exp_0_checkpoints.csv
0302330303003000230300200,0.0084827457586271,4.585515853250399e-05,148000000,results/rs/SC5_HBD_MWPM_2_5x/results/sweep_25_exp_0_checkpoints.csv
0302330303003000230300200,0.0084827457586271,4.585515853250399e-05,188000000,results/rs/SC5_HBD_MWPM_2_5x/results/sweep_25_exp_0_checkpoints.csv
0302330303003000230300200,0.0084827457586271,4.585515853250399e-05,240000000,results/rs/SC5_HBD_MWPM_2_5x/results/sweep_25_exp_0_checkpoints.csv
0302330303003000230300200,0.0084827457586271,4.585515853250399e-05,304000000,results/rs/SC5_HBD_MWPM_2_5x/results/sweep_25_exp_0_checkpoints.csv
0302330303003000230300200,0.0084827457586271,4.585515853250399e-05,384000000,results/rs/SC5_HBD_MWPM_2_5x/results/sweep_25_exp_0_checkpoints.csv
0302330303003000230300200,0.0084827457586271,4.585515853250399e-05,484000000,results/rs/SC5_HBD_MWPM_2_5x/results/sweep_25_exp_0_checkpoints.csv
0302330303003000230300200,0.0084827457586271,4.585515853250399e-05,612000000,results/rs/SC5_HBD_MWPM_2_5x/results/sweep_25_exp_0_checkpoints.csv
0302330303003000230300200,0.0084827457586271,4.585515853250399e-05,772000000,results/rs/SC5_HBD_MWPM_2_5x/results/sweep_25_exp_0_checkpoints.csv
0302330303003000230300200,0.0084827457586271,4.585515853250399e-05,972000000,results/rs/SC5_HBD_MWPM_2_5x/results/sweep_25_exp_0_checkpoints.csv
0302330303003000230300200,0.0084827457586271,4.585515853250399e-05,1224000000,results/rs/SC5_HBD_MWPM_2_5x/results/sweep_25_exp_0_checkpoints.csv
0333030003002303330033333,0.008200495899752,4.50922416348476e-05,1544000000,results/rs/SC5_HBD_MWPM_2_5x/results/sweep_25_exp_0_checkpoints.csv
0333030003002303330033333,0.008200495899752,4.50922416348476e-05,1944000000,results/rs/SC5_HBD_MWPM_2_5x/results/sweep_25_exp_0_checkpoints.csv
0333030003002303330033333,0.008200495899752,4.50922416348476e-05,2448000000,results/rs/SC5_HBD_MWPM_2_5x/results/sweep_25_exp_0_checkpoints.csv
0333030003002303330033333,0.008200495899752,4.50922416348476e-05,3084000000,results/rs/SC5_HBD_MWPM_2_5x/results/sweep_25_exp_0_checkpoints.csv
0203200300030322030300323,0.0074834962582518,4.309143696445972e-05,3884000000,results/rs/SC5_HBD_MWPM_2_5x/results/sweep_25_exp_0_checkpoints.csv
0203200300030322030300323,0.0074834962582518,4.309143696445972e-05,4892000000,results/rs/SC5_HBD_MWPM_2_5x/results/sweep_25_exp_0_checkpoints.csv
0203200300030322030300323,0.0074834962582518,4.309143696445972e-05,6160000000,results/rs/SC5_HBD_MWPM_2_5x/results/sweep_25_exp_0_checkpoints.csv
0203200300030322030300323,0.0074834962582518,4.309143696445972e-05,7756000000,results/rs/SC5_HBD_MWPM_2_5x/results/sweep_25_exp_0_checkpoints.csv
0203200300030322030300323,0.0074834962582518,4.309143696445972e-05,9768000000,results/rs/SC5_HBD_MWPM_2_5x/results/sweep_25_exp_0_checkpoints.csv
0203200300030322030300323,0.0074834962582518,4.309143696445972e-05,12300000000,results/rs/SC5_HBD_MWPM_2_5x/results/sweep_25_exp_0_checkpoints.csv
0203200300030322030300323,0.0074834962582518,4.309143696445972e-05,15488000000,results/rs/SC5_HBD_MWPM_2_5x/results/sweep_25_exp_0_checkpoints.csv
0203200300030322030300323,0.0074834962582518,4.309143696445972e-05,19500000000,results/rs/SC5_HBD_MWPM_2_5x/results/sweep_25_exp_0_checkpoints.csv
0323030333330303330333320,0.0072784963607518,4.250151323503815e-05,24552000000,results/rs/SC5_HBD_MWPM_2_5x/results/sweep_25_exp_0_checkpoints.csv
0323030333330303330333320,0.0072784963607518,4.250151323503815e-05,30912000000,results/rs/SC5_HBD_MWPM_2_5x/results/sweep_25_exp_0_checkpoints.csv
0323030333330303330333320,0.0072784963607518,4.250151323503815e-05,38916000000,results/rs/SC5_HBD_MWPM_2_5x/results/sweep_25_exp_0_checkpoints.csv
0323030333330303330333320,0.0072784963607518,4.250151323503815e-05,48996000000,results/rs/SC5_HBD_MWPM_2_5x/results/sweep_25_exp_0_checkpoints.csv
0323030333330303330333320,0.0072784963607518,4.250151323503815e-05,61684000000,results/rs/SC5_HBD_MWPM_2_5x/results/sweep_25_exp_0_checkpoints.csv
0323030333330303330333320,0.0072784963607518,4.250151323503815e-05,77656000000,results/rs/SC5_HBD_MWPM_2_5x/results/sweep_25_exp_0_checkpoints.csv
0323030333330303330333320,0.0072784963607518,4.250151323503815e-05,97764000000,results/rs/SC5_HBD_MWPM_2_5x/results/sweep_25_exp_0_checkpoints.csv
3000020330300323202303223,0.0104697447651276,5.089234036859125e-05,4000000,results/rs/SC5_HBD_MWPM_2_5x/results/sweep_18_exp_0_checkpoints.csv
3303233203300233032220230,0.0097654951172524,4.916839316138066e-05,8000000,results/rs/SC5_HBD_MWPM_2_5x/results/sweep_18_exp_0_checkpoints.csv
3303233203300233032220230,0.0097654951172524,4.916839316138066e-05,12000000,results/rs/SC5_HBD_MWPM_2_5x/results/sweep_18_exp_0_checkpoints.csv
3303233203300233032220230,0.0097654951172524,4.916839316138066e-05,16000000,results/rs/SC5_HBD_MWPM_2_5x/results/sweep_18_exp_0_checkpoints.csv
3303233203300233032220230,0.0097654951172524,4.916839316138066e-05,24000000,results/rs/SC5_HBD_MWPM_2_5x/results/sweep_18_exp_0_checkpoints.csv
3303233203300233032220230,0.0097654951172524,4.916839316138066e-05,32000000,results/rs/SC5_HBD_MWPM_2_5x/results/sweep_18_exp_0_checkpoints.csv
3303233203300233032220230,0.0097654951172524,4.916839316138066e-05,44000000,results/rs/SC5_HBD_MWPM_2_5x/results/sweep_18_exp_0_checkpoints.csv
3303233203300233032220230,0.0097654951172524,4.916839316138066e-05,56000000,results/rs/SC5_HBD_MWPM_2_5x/results/sweep_18_exp_0_checkpoints.csv
3303233203300233032220230,0.0097654951172524,4.916839316138066e-05,72000000,results/rs/SC5_HBD_MWPM_2_5x/results/sweep_18_exp_0_checkpoints.csv
3330230333002000032203023,0.0097179951410024,4.9049842345993966e-05,92000000,results/rs/SC5_HBD_MWPM_2_5x/results/sweep_18_exp_0_checkpoints.csv
3330230333002000032203023,0.0097179951410024,4.9049842345993966e-05,116000000,results/rs/SC5_HBD_MWPM_2_5x/results/sweep_18_exp_0_checkpoints.csv
0300320303333333232023030,0.008315495842252,4.540468580671586e-05,148000000,results/rs/SC5_HBD_MWPM_2_5x/results/sweep_18_exp_0_checkpoints.csv
0300320303333333232023030,0.008315495842252,4.540468580671586e-05,188000000,results/rs/SC5_HBD_MWPM_2_5x/results/sweep_18_exp_0_checkpoints.csv
0300320303333333232023030,0.008315495842252,4.540468580671586e-05,240000000,results/rs/SC5_HBD_MWPM_2_5x/results/sweep_18_exp_0_checkpoints.csv
0300320303333333232023030,0.008315495842252,4.540468580671586e-05,304000000,results/rs/SC5_HBD_MWPM_2_5x/results/sweep_18_exp_0_checkpoints.csv
0300320303333333232023030,0.008315495842252,4.540468580671586e-05,384000000,results/rs/SC5_HBD_MWPM_2_5x/results/sweep_18_exp_0_checkpoints.csv
0300320303333333232023030,0.008315495842252,4.540468580671586e-05,484000000,results/rs/SC5_HBD_MWPM_2_5x/results/sweep_18_exp_0_checkpoints.csv
0300320303333333232023030,0.008315495842252,4.540468580671586e-05,612000000,results/rs/SC5_HBD_MWPM_2_5x/results/sweep_18_exp_0_checkpoints.csv
0300320303333333232023030,0.008315495842252,4.540468580671586e-05,772000000,results/rs/SC5_HBD_MWPM_2_5x/results/sweep_18_exp_0_checkpoints.csv
0300320303333333232023030,0.008315495842252,4.540468580671586e-05,972000000,results/rs/SC5_HBD_MWPM_2_5x/results/sweep_18_exp_0_checkpoints.csv
0303200322330333030020030,0.0075094962452518,4.316566264606081e-05,1224000000,results/rs/SC5_HBD_MWPM_2_5x/results/sweep_18_exp_0_checkpoints.csv
0303200322330333030020030,0.0075094962452518,4.316566264606081e-05,1544000000,results/rs/SC5_HBD_MWPM_2_5x/results/sweep_18_exp_0_checkpoints.csv
0303200322330333030020030,0.0075094962452518,4.316566264606081e-05,1944000000,results/rs/SC5_HBD_MWPM_2_5x/results/sweep_18_exp_0_checkpoints.csv
0303200322330333030020030,0.0075094962452518,4.316566264606081e-05,2448000000,results/rs/SC5_HBD_MWPM_2_5x/results/sweep_18_exp_0_checkpoints.csv
0303200322330333030020030,0.0075094962452518,4.316566264606081e-05,3084000000,results/rs/SC5_HBD_MWPM_2_5x/results/sweep_18_exp_0_checkpoints.csv
0303200322330333030020030,0.0075094962452518,4.316566264606081e-05,3884000000,results/rs/SC5_HBD_MWPM_2_5x/results/sweep_18_exp_0_checkpoints.csv
0303200322330333030020030,0.0075094962452518,4.316566264606081e-05,4892000000,results/rs/SC5_HBD_MWPM_2_5x/results/sweep_18_exp_0_checkpoints.csv
0303200322330333030020030,0.0075094962452518,4.316566264606081e-05,6160000000,results/rs/SC5_HBD_MWPM_2_5x/results/sweep_18_exp_0_checkpoints.csv
2300032303030030030333332,0.0074864962567518,4.3100008042529225e-05,7756000000,results/rs/SC5_HBD_MWPM_2_5x/results/sweep_18_exp_0_checkpoints.csv
2300032303030030030333332,0.0074864962567518,4.3100008042529225e-05,9768000000,results/rs/SC5_HBD_MWPM_2_5x/results/sweep_18_exp_0_checkpoints.csv
2300032303030030030333332,0.0074864962567518,4.3100008042529225e-05,12300000000,results/rs/SC5_HBD_MWPM_2_5x/results/sweep_18_exp_0_checkpoints.csv
2300032303030030030333332,0.0074864962567518,4.3100008042529225e-05,15488000000,results/rs/SC5_HBD_MWPM_2_5x/results/sweep_18_exp_0_checkpoints.csv
3203030333330323030300032,0.0066687466656266,4.069480928592384e-05,19500000000,results/rs/SC5_HBD_MWPM_2_5x/results/sweep_18_exp_0_checkpoints.csv
3203030333330323030300032,0.0066687466656266,4.069480928592384e-05,24552000000,results/rs/SC5_HBD_MWPM_2_5x/results/sweep_18_exp_0_checkpoints.csv
3203030333330323030300032,0.0066687466656266,4.069480928592384e-05,30912000000,results/rs/SC5_HBD_MWPM_2_5x/results/sweep_18_exp_0_checkpoints.csv
3203030333330323030300032,0.0066687466656266,4.069480928592384e-05,38916000000,results/rs/SC5_HBD_MWPM_2_5x/results/sweep_18_exp_0_checkpoints.csv
3203030333330323030300032,0.0066687466656266,4.069480928592384e-05,48996000000,results/rs/SC5_HBD_MWPM_2_5x/results/sweep_18_exp_0_checkpoints.csv
3203030333330323030300032,0.0066687466656266,4.069480928592384e-05,61684000000,results/rs/SC5_HBD_MWPM_2_5x/results/sweep_18_exp_0_checkpoints.csv
3203030333330323030300032,0.0066687466656266,4.069480928592384e-05,77656000000,results/rs/SC5_HBD_MWPM_2_5x/results/sweep_18_exp_0_checkpoints.csv
3203030333330323030300032,0.0066687466656266,4.069480928592384e-05,97764000000,results/rs/SC5_HBD_MWPM_2_5x/results/sweep_18_exp_0_checkpoints.csv
0323200003033323233303333,0.0085444957277521,4.602032640832476e-05,4000000,results/rs/SC5_HBD_MWPM_2_5x/results/sweep_9_exp_0_checkpoints.csv
0323200003033323233303333,0.0085444957277521,4.602032640832476e-05,8000000,results/rs/SC5_HBD_MWPM_2_5x/results/sweep_9_exp_0_checkpoints.csv
0323200003033323233303333,0.0085444957277521,4.602032640832476e-05,12000000,results/rs/SC5_HBD_MWPM_2_5x/results/sweep_9_exp_0_checkpoints.csv
0323200003033323233303333,0.0085444957277521,4.602032640832476e-05,16000000,results/rs/SC5_HBD_MWPM_2_5x/results/sweep_9_exp_0_checkpoints.csv
0323200003033323233303333,0.0085444957277521,4.602032640832476e-05,24000000,results/rs/SC5_HBD_MWPM_2_5x/results/sweep_9_exp_0_checkpoints.csv
0323200003033323233303333,0.0085444957277521,4.602032640832476e-05,32000000,results/rs/SC5_HBD_MWPM_2_5x/results/sweep_9_exp_0_checkpoints.csv
0323200003033323233303333,0.0085444957277521,4.602032640832476e-05,44000000,results/rs/SC5_HBD_MWPM_2_5x/results/sweep_9_exp_0_checkpoints.csv
0323200003033323233303333,0.0085444957277521,4.602032640832476e-05,56000000,results/rs/SC5_HBD_MWPM_2_5x/results/sweep_9_exp_0_checkpoints.csv
0323200003033323233303333,0.0085444957277521,4.602032640832476e-05,72000000,results/rs/SC5_HBD_MWPM_2_5x/results/sweep_9_exp_0_checkpoints.csv
0323200003033323233303333,0.0085444957277521,4.602032640832476e-05,92000000,results/rs/SC5_HBD_MWPM_2_5x/results/sweep_9_exp_0_checkpoints.csv
0323200003033323233303333,0.0085444957277521,4.602032640832476e-05,116000000,results/rs/SC5_HBD_MWPM_2_5x/results/sweep_9_exp_0_checkpoints.csv
0323200003033323233303333,0.0085444957277521,4.602032640832476e-05,148000000,results/rs/SC5_HBD_MWPM_2_5x/results/sweep_9_exp_0_checkpoints.csv
0323200003033323233303333,0.0085444957277521,4.602032640832476e-05,188000000,results/rs/SC5_HBD_MWPM_2_5x/results/sweep_9_exp_0_checkpoints.csv
0323200003033323233303333,0.0085444957277521,4.602032640832476e-05,240000000,results/rs/SC5_HBD_MWPM_2_5x/results/sweep_9_exp_0_checkpoints.csv
0323200003033323233303333,0.0085444957277521,4.602032640832476e-05,304000000,results/rs/SC5_HBD_MWPM_2_5x/results/sweep_9_exp_0_checkpoints.csv
0323200003033323233303333,0.0085444957277521,4.602032640832476e-05,384000000,results/rs/SC5_HBD_MWPM_2_5x/results/sweep_9_exp_0_checkpoints.csv
0323200003033323233303333,0.0085444957277521,4.602032640832476e-05,484000000,results/rs/SC5_HBD_MWPM_2_5x/results/sweep_9_exp_0_checkpoints.csv
0323200003033323233303333,0.0085444957277521,4.602032640832476e-05,612000000,results/rs/SC5_HBD_MWPM_2_5x/results/sweep_9_exp_0_checkpoints.csv
0323200003033323233303333,0.0085444957277521,4.602032640832476e-05,772000000,results/rs/SC5_HBD_MWPM_2_5x/results/sweep_9_exp_0_checkpoints.csv
0323200003033323233303333,0.0085444957277521,4.602032640832476e-05,972000000,results/rs/SC5_HBD_MWPM_2_5x/results/sweep_9_exp_0_checkpoints.csv
0323200003033323233303333,0.0085444957277521,4.602032640832476e-05,1224000000,results/rs/SC5_HBD_MWPM_2_5x/results/sweep_9_exp_0_checkpoints.csv
0323200003033323233303333,0.0085444957277521,4.602032640832476e-05,1544000000,results/rs/SC5_HBD_MWPM_2_5x/results/sweep_9_exp_0_checkpoints.csv
2033230202030323030332233,0.008193495903252,4.507315316004679e-05,1944000000,results/rs/SC5_HBD_MWPM_2_5x/results/sweep_9_exp_0_checkpoints.csv
2033230202030323030332233,0.008193495903252,4.507315316004679e-05,2448000000,results/rs/SC5_HBD_MWPM_2_5x/results/sweep_9_exp_0_checkpoints.csv
0330230303030323333323003,0.0074974962512518,4.313142198952846e-05,3084000000,results/rs/SC5_HBD_MWPM_2_5x/results/sweep_9_exp_0_checkpoints.csv
0330230303030323333323003,0.0074974962512518,4.313142198952846e-05,3884000000,results/rs/SC5_HBD_MWPM_2_5x/results/sweep_9_exp_0_checkpoints.csv
0330230303030323333323003,0.0074974962512518,4.313142198952846e-05,4892000000,results/rs/SC5_HBD_MWPM_2_5x/results/sweep_9_exp_0_checkpoints.csv
3300032003330333030203032,0.0071929964035017,4.2252962884958833e-05,6160000000,results/rs/SC5_HBD_MWPM_2_5x/results/sweep_9_exp_0_checkpoints.csv
3300032003330333030203032,0.0071929964035017,4.2252962884958833e-05,7756000000,results/rs/SC5_HBD_MWPM_2_5x/results/sweep_9_exp_0_checkpoints.csv
3300032003330333030203032,0.0071929964035017,4.2252962884958833e-05,9768000000,results/rs/SC5_HBD_MWPM_2_5x/results/sweep_9_exp_0_checkpoints.csv
3300032003330333030203032,0.0071929964035017,4.2252962884958833e-05,12300000000,results/rs/SC5_HBD_MWPM_2_5x/results/sweep_9_exp_0_checkpoints.csv
3300032003330333030203032,0.0071929964035017,4.2252962884958833e-05,15488000000,results/rs/SC5_HBD_MWPM_2_5x/results/sweep_9_exp_0_checkpoints.csv
3300032003330333030203032,0.0071929964035017,4.2252962884958833e-05,19500000000,results/rs/SC5_HBD_MWPM_2_5x/results/sweep_9_exp_0_checkpoints.csv
3300032003330333030203032,0.0071929964035017,4.2252962884958833e-05,24552000000,results/rs/SC5_HBD_MWPM_2_5x/results/sweep_9_exp_0_checkpoints.csv
3300032003330333030203032,0.0071929964035017,4.2252962884958833e-05,30912000000,results/rs/SC5_HBD_MWPM_2_5x/results/sweep_9_exp_0_checkpoints.csv
3300032003330333030203032,0.0071929964035017,4.2252962884958833e-05,38916000000,results/rs/SC5_HBD_MWPM_2_5x/results/sweep_9_exp_0_checkpoints.csv
3300032003330333030203032,0.0071929964035017,4.2252962884958833e-05,48996000000,results/rs/SC5_HBD_MWPM_2_5x/results/sweep_9_exp_0_checkpoints.csv
3300032003330333030203032,0.0071929964035017,4.2252962884958833e-05,61684000000,results/rs/SC5_HBD_MWPM_2_5x/results/sweep_9_exp_0_checkpoints.csv
3303330320030303033300330,0.0068327465836267,4.118875949643552e-05,77656000000,results/rs/SC5_HBD_MWPM_2_5x/results/sweep_9_exp_0_checkpoints.csv
3303330320030303033300330,0.0068327465836267,4.118875949643552e-05,97764000000,results/rs/SC5_HBD_MWPM_2_5x/results/sweep_9_exp_0_checkpoints.csv
3333203003323023222333022,0.0124212437893781,5.537812467082404e-05,4000000,results/rs/SC5_HBD_MWPM_2_5x/results/sweep_3_exp_0_checkpoints.csv
3333203003323023222333022,0.0124212437893781,5.537812467082404e-05,8000000,results/rs/SC5_HBD_MWPM_2_5x/results/sweep_3_exp_0_checkpoints.csv
3333203003323023222333022,0.0124212437893781,5.537812467082404e-05,12000000,results/rs/SC5_HBD_MWPM_2_5x/results/sweep_3_exp_0_checkpoints.csv
2023230300300000303000020,0.0100317449841275,4.982745667803101e-05,16000000,results/rs/SC5_HBD_MWPM_2_5x/results/sweep_3_exp_0_checkpoints.csv
2203333302300003030322300,0.0086819956590021,4.6385914174607024e-05,24000000,results/rs/SC5_HBD_MWPM_2_5x/results/sweep_3_exp_0_checkpoints.csv
2203333302300003030322300,0.0086819956590021,4.6385914174607024e-05,32000000,results/rs/SC5_HBD_MWPM_2_5x/results/sweep_3_exp_0_checkpoints.csv
2203333302300003030322300,0.0086819956590021,4.6385914174607024e-05,44000000,results/rs/SC5_HBD_MWPM_2_5x/results/sweep_3_exp_0_checkpoints.csv
2203333302300003030322300,0.0086819956590021,4.6385914174607024e-05,56000000,results/rs/SC5_HBD_MWPM_2_5x/results/sweep_3_exp_0_checkpoints.csv
2203333302300003030322300,0.0086819956590021,4.6385914174607024e-05,72000000,results/rs/SC5_HBD_MWPM_2_5x/results/sweep_3_exp_0_checkpoints.csv
2203333302300003030322300,0.0086819956590021,4.6385914174607024e-05,92000000,results/rs/SC5_HBD_MWPM_2_5x/results/sweep_3_exp_0_checkpoints.csv
2203333302300003030322300,0.0086819956590021,4.6385914174607024e-05,116000000,results/rs/SC5_HBD_MWPM_2_5x/results/sweep_3_exp_0_checkpoints.csv
2203333302300003030322300,0.0086819956590021,4.6385914174607024e-05,148000000,results/rs/SC5_HBD_MWPM_2_5x/results/sweep_3_exp_0_checkpoints.csv
2203333302300003030322300,0.0086819956590021,4.6385914174607024e-05,188000000,results/rs/SC5_HBD_MWPM_2_5x/results/sweep_3_exp_0_checkpoints.csv
2203333302300003030322300,0.0086819956590021,4.6385914174607024e-05,240000000,results/rs/SC5_HBD_MWPM_2_5x/results/sweep_3_exp_0_checkpoints.csv
2203333302300003030322300,0.0086819956590021,4.6385914174607024e-05,304000000,results/rs/SC5_HBD_MWPM_2_5x/results/sweep_3_exp_0_checkpoints.csv
2203333302300003030322300,0.0086819956590021,4.6385914174607024e-05,384000000,results/rs/SC5_HBD_MWPM_2_5x/results/sweep_3_exp_0_checkpoints.csv
2203333302300003030322300,0.0086819956590021,4.6385914174607024e-05,484000000,results/rs/SC5_HBD_MWPM_2_5x/results/sweep_3_exp_0_checkpoints.csv
2203333302300003030322300,0.0086819956590021,4.6385914174607024e-05,612000000,results/rs/SC5_HBD_MWPM_2_5x/results/sweep_3_exp_0_checkpoints.csv
2203333302300003030322300,0.0086819956590021,4.6385914174607024e-05,772000000,results/rs/SC5_HBD_MWPM_2_5x/results/sweep_3_exp_0_checkpoints.csv
2203333302300003030322300,0.0086819956590021,4.6385914174607024e-05,972000000,results/rs/SC5_HBD_MWPM_2_5x/results/sweep_3_exp_0_checkpoints.csv
0200320323030332000303000,0.0077504961247519,4.384751809993759e-05,1224000000,results/rs/SC5_HBD_MWPM_2_5x/results/sweep_3_exp_0_checkpoints.csv
0200320323030332000303000,0.0077504961247519,4.384751809993759e-05,1544000000,results/rs/SC5_HBD_MWPM_2_5x/results/sweep_3_exp_0_checkpoints.csv
0200320323030332000303000,0.0077504961247519,4.384751809993759e-05,1944000000,results/rs/SC5_HBD_MWPM_2_5x/results/sweep_3_exp_0_checkpoints.csv
0200320323030332000303000,0.0077504961247519,4.384751809993759e-05,2448000000,results/rs/SC5_HBD_MWPM_2_5x/results/sweep_3_exp_0_checkpoints.csv
0200320323030332000303000,0.0077504961247519,4.384751809993759e-05,3084000000,results/rs/SC5_HBD_MWPM_2_5x/results/sweep_3_exp_0_checkpoints.csv
0330030333330203330202030,0.0077389961305019,4.381523103802465e-05,3884000000,results/rs/SC5_HBD_MWPM_2_5x/results/sweep_3_exp_0_checkpoints.csv
0330030333330203330202030,0.0077389961305019,4.381523103802465e-05,4892000000,results/rs/SC5_HBD_MWPM_2_5x/results/sweep_3_exp_0_checkpoints.csv
0330030333330203330202030,0.0077389961305019,4.381523103802465e-05,6160000000,results/rs/SC5_HBD_MWPM_2_5x/results/sweep_3_exp_0_checkpoints.csv
0330030333330203330202030,0.0077389961305019,4.381523103802465e-05,7756000000,results/rs/SC5_HBD_MWPM_2_5x/results/sweep_3_exp_0_checkpoints.csv
0330030333330203330202030,0.0077389961305019,4.381523103802465e-05,9768000000,results/rs/SC5_HBD_MWPM_2_5x/results/sweep_3_exp_0_checkpoints.csv
0330030333330203330202030,0.0077389961305019,4.381523103802465e-05,12300000000,results/rs/SC5_HBD_MWPM_2_5x/results/sweep_3_exp_0_checkpoints.csv
0330030333330203330202030,0.0077389961305019,4.381523103802465e-05,15488000000,results/rs/SC5_HBD_MWPM_2_5x/results/sweep_3_exp_0_checkpoints.csv
0330030203330302032333200,0.0077084961457519,4.372948023956269e-05,19500000000,results/rs/SC5_HBD_MWPM_2_5x/results/sweep_3_exp_0_checkpoints.csv
0330030203330302032333200,0.0077084961457519,4.372948023956269e-05,24552000000,results/rs/SC5_HBD_MWPM_2_5x/results/sweep_3_exp_0_checkpoints.csv
2203030330030302030002030,0.0069049965475017,4.140444434597157e-05,30912000000,results/rs/SC5_HBD_MWPM_2_5x/results/sweep_3_exp_0_checkpoints.csv
2203030330030302030002030,0.0069049965475017,4.140444434597157e-05,38916000000,results/rs/SC5_HBD_MWPM_2_5x/results/sweep_3_exp_0_checkpoints.csv
2203030330030302030002030,0.0069049965475017,4.140444434597157e-05,48996000000,results/rs/SC5_HBD_MWPM_2_5x/results/sweep_3_exp_0_checkpoints.csv
2203030330030302030002030,0.0069049965475017,4.140444434597157e-05,61684000000,results/rs/SC5_HBD_MWPM_2_5x/results/sweep_3_exp_0_checkpoints.csv
2203030330030302030002030,0.0069049965475017,4.140444434597157e-05,77656000000,results/rs/SC5_HBD_MWPM_2_5x/results/sweep_3_exp_0_checkpoints.csv
2203030330030302030002030,0.0069049965475017,4.140444434597157e-05,97764000000,results/rs/SC5_HBD_MWPM_2_5x/results/sweep_3_exp_0_checkpoints.csv
0230200330203232022203203,0.0125014937492531,5.5554472055519e-05,4000000,results/rs/SC5_HBD_MWPM_2_5x/results/sweep_5_exp_0_checkpoints.csv
2020223330322323233333333,0.012068993965503,5.4596988775301725e-05,8000000,results/rs/SC5_HBD_MWPM_2_5x/results/sweep_5_exp_0_checkpoints.csv
3222002330222302002303200,0.0118912440543779,5.4198324505705386e-05,12000000,results/rs/SC5_HBD_MWPM_2_5x/results/sweep_5_exp_0_checkpoints.csv
0302302203323303020230022,0.0103752448123775,5.066456287750043e-05,16000000,results/rs/SC5_HBD_MWPM_2_5x/results/sweep_5_exp_0_checkpoints.csv
3303003020333203230303002,0.0095947452026274,4.874084334005602e-05,24000000,results/rs/SC5_HBD_MWPM_2_5x/results/sweep_5_exp_0_checkpoints.csv
3303003020333203230303002,0.0095947452026274,4.874084334005602e-05,32000000,results/rs/SC5_HBD_MWPM_2_5x/results/sweep_5_exp_0_checkpoints.csv
3303003020333203230303002,0.0095947452026274,4.874084334005602e-05,44000000,results/rs/SC5_HBD_MWPM_2_5x/results/sweep_5_exp_0_checkpoints.csv
3303003020333203230303002,0.0095947452026274,4.874084334005602e-05,56000000,results/rs/SC5_HBD_MWPM_2_5x/results/sweep_5_exp_0_checkpoints.csv
3232020223233300030330230,0.0094349952825023,4.833727507502772e-05,72000000,results/rs/SC5_HBD_MWPM_2_5x/results/sweep_5_exp_0_checkpoints.csv
3232020223233300030330230,0.0094349952825023,4.833727507502772e-05,92000000,results/rs/SC5_HBD_MWPM_2_5x/results/sweep_5_exp_0_checkpoints.csv
3232020223233300030330230,0.0094349952825023,4.833727507502772e-05,116000000,results/rs/SC5_HBD_MWPM_2_5x/results/sweep_5_exp_0_checkpoints.csv
3232020223233300030330230,0.0094349952825023,4.833727507502772e-05,148000000,results/rs/SC5_HBD_MWPM_2_5x/results/sweep_5_exp_0_checkpoints.csv
3232020223233300030330230,0.0094349952825023,4.833727507502772e-05,188000000,results/rs/SC5_HBD_MWPM_2_5x/results/sweep_5_exp_0_checkpoints.csv
3223030303333332333203323,0.0093812453093773,4.820070171263069e-05,240000000,results/rs/SC5_HBD_MWPM_2_5x/results/sweep_5_exp_0_checkpoints.csv
3223030303333332333203323,0.0093812453093773,4.820070171263069e-05,304000000,results/rs/SC5_HBD_MWPM_2_5x/results/sweep_5_exp_0_checkpoints.csv
3223030303333332333203323,0.0093812453093773,4.820070171263069e-05,384000000,results/rs/SC5_HBD_MWPM_2_5x/results/sweep_5_exp_0_checkpoints.csv
0323332303023300030232020,0.0086009956995021,4.61709096271079e-05,484000000,results/rs/SC5_HBD_MWPM_2_5x/results/sweep_5_exp_0_checkpoints.csv
0323332303023300030232020,0.0086009956995021,4.61709096271079e-05,612000000,results/rs/SC5_HBD_MWPM_2_5x/results/sweep_5_exp_0_checkpoints.csv
0323332303023300030232020,0.0086009956995021,4.61709096271079e-05,772000000,results/rs/SC5_HBD_MWPM_2_5x/results/sweep_5_exp_0_checkpoints.csv
0323332303023300030232020,0.0086009956995021,4.61709096271079e-05,972000000,results/rs/SC5_HBD_MWPM_2_5x/results/sweep_5_exp_0_checkpoints.csv
0323332303023300030232020,0.0086009956995021,4.61709096271079e-05,1224000000,results/rs/SC5_HBD_MWPM_2_5x/results/sweep_5_exp_0_checkpoints.csv
0323332303023300030232020,0.0086009956995021,4.61709096271079e-05,1544000000,results/rs/SC5_HBD_MWPM_2_5x/results/sweep_5_exp_0_checkpoints.csv
0323332303023300030232020,0.0086009956995021,4.61709096271079e-05,1944000000,results/rs/SC5_HBD_MWPM_2_5x/results/sweep_5_exp_0_checkpoints.csv
0323332303023300030232020,0.0086009956995021,4.61709096271079e-05,2448000000,results/rs/SC5_HBD_MWPM_2_5x/results/sweep_5_exp_0_checkpoints.csv
0320033333300323030023033,0.008018745990627,4.459383126231842e-05,3084000000,results/rs/SC5_HBD_MWPM_2_5x/results/sweep_5_exp_0_checkpoints.csv
0320033333300323030023033,0.008018745990627,4.459383126231842e-05,3884000000,results/rs/SC5_HBD_MWPM_2_5x/results/sweep_5_exp_0_checkpoints.csv
0320033333300323030023033,0.008018745990627,4.459383126231842e-05,4892000000,results/rs/SC5_HBD_MWPM_2_5x/results/sweep_5_exp_0_checkpoints.csv
3303230233030300033300203,0.0079384960307519,4.437192183104344e-05,6160000000,results/rs/SC5_HBD_MWPM_2_5x/results/sweep_5_exp_0_checkpoints.csv
3303230233030300033300203,0.0079384960307519,4.437192183104344e-05,7756000000,results/rs/SC5_HBD_MWPM_2_5x/results/sweep_5_exp_0_checkpoints.csv
3303230233030300033300203,0.0079384960307519,4.437192183104344e-05,9768000000,results/rs/SC5_HBD_MWPM_2_5x/results/sweep_5_exp_0_checkpoints.csv
0303020303232333030230233,0.0076477461761269,4.355816054157913e-05,12300000000,results/rs/SC5_HBD_MWPM_2_5x/results/sweep_5_exp_0_checkpoints.csv
0303020303232333030230233,0.0076477461761269,4.355816054157913e-05,15488000000,results/rs/SC5_HBD_MWPM_2_5x/results/sweep_5_exp_0_checkpoints.csv
0303020303232333030230233,0.0076477461761269,4.355816054157913e-05,19500000000,results/rs/SC5_HBD_MWPM_2_5x/results/sweep_5_exp_0_checkpoints.csv
0303020303232333030230233,0.0076477461761269,4.355816054157913e-05,24552000000,results/rs/SC5_HBD_MWPM_2_5x/results/sweep_5_exp_0_checkpoints.csv
0300332303030330020303003,0.0072262463868768,4.2349798604846e-05,30912000000,results/rs/SC5_HBD_MWPM_2_5x/results/sweep_5_exp_0_checkpoints.csv
0300332303030330020303003,0.0072262463868768,4.2349798604846e-05,38916000000,results/rs/SC5_HBD_MWPM_2_5x/results/sweep_5_exp_0_checkpoints.csv
0300030302300302030303233,0.0070189964905017,4.174243804300204e-05,48996000000,results/rs/SC5_HBD_MWPM_2_5x/results/sweep_5_exp_0_checkpoints.csv
0300030302300302030303233,0.0070189964905017,4.174243804300204e-05,61684000000,results/rs/SC5_HBD_MWPM_2_5x/results/sweep_5_exp_0_checkpoints.csv
0300030302300302030303233,0.0070189964905017,4.174243804300204e-05,77656000000,results/rs/SC5_HBD_MWPM_2_5x/results/sweep_5_exp_0_checkpoints.csv
0300030302300302030303233,0.0070189964905017,4.174243804300204e-05,97764000000,results/rs/SC5_HBD_MWPM_2_5x/results/sweep_5_exp_0_checkpoints.csv
2320232002333303032303300,0.0093804953097523,4.8198791773756966e-05,4000000,results/rs/SC5_HBD_MWPM_2_5x/results/sweep_15_exp_0_checkpoints.csv
2320232002333303032303300,0.0093804953097523,4.8198791773756966e-05,8000000,results/rs/SC5_HBD_MWPM_2_5x/results/sweep_15_exp_0_checkpoints.csv
2320232002333303032303300,0.0093804953097523,4.8198791773756966e-05,12000000,results/rs/SC5_HBD_MWPM_2_5x/results/sweep_15_exp_0_checkpoints.csv
2320232002333303032303300,0.0093804953097523,4.8198791773756966e-05,16000000,results/rs/SC5_HBD_MWPM_2_5x/results/sweep_15_exp_0_checkpoints.csv
2320232002333303032303300,0.0093804953097523,4.8198791773756966e-05,24000000,results/rs/SC5_HBD_MWPM_2_5x/results/sweep_15_exp_0_checkpoints.csv
2320232002333303032303300,0.0093804953097523,4.8198791773756966e-05,32000000,results/rs/SC5_HBD_MWPM_2_5x/results/sweep_15_exp_0_checkpoints.csv
2320232002333303032303300,0.0093804953097523,4.8198791773756966e-05,44000000,results/rs/SC5_HBD_MWPM_2_5x/results/sweep_15_exp_0_checkpoints.csv
2320232002333303032303300,0.0093804953097523,4.8198791773756966e-05,56000000,results/rs/SC5_HBD_MWPM_2_5x/results/sweep_15_exp_0_checkpoints.csv
2320232002333303032303300,0.0093804953097523,4.8198791773756966e-05,72000000,results/rs/SC5_HBD_MWPM_2_5x/results/sweep_15_exp_0_checkpoints.csv
2320232002333303032303300,0.0093804953097523,4.8198791773756966e-05,92000000,results/rs/SC5_HBD_MWPM_2_5x/results/sweep_15_exp_0_checkpoints.csv
2320232002333303032303300,0.0093804953097523,4.8198791773756966e-05,116000000,results/rs/SC5_HBD_MWPM_2_5x/results/sweep_15_exp_0_checkpoints.csv
2320232002333303032303300,0.0093804953097523,4.8198791773756966e-05,148000000,results/rs/SC5_HBD_MWPM_2_5x/results/sweep_15_exp_0_checkpoints.csv
2320232002333303032303300,0.0093804953097523,4.8198791773756966e-05,188000000,results/rs/SC5_HBD_MWPM_2_5x/results/sweep_15_exp_0_checkpoints.csv
2320232002333303032303300,0.0093804953097523,4.8198791773756966e-05,240000000,results/rs/SC5_HBD_MWPM_2_5x/results/sweep_15_exp_0_checkpoints.csv
2320232002333303032303300,0.0093804953097523,4.8198791773756966e-05,304000000,results/rs/SC5_HBD_MWPM_2_5x/results/sweep_15_exp_0_checkpoints.csv
2320232002333303032303300,0.0093804953097523,4.8198791773756966e-05,384000000,results/rs/SC5_HBD_MWPM_2_5x/results/sweep_15_exp_0_checkpoints.csv
2320232002333303032303300,0.0093804953097523,4.8198791773756966e-05,484000000,results/rs/SC5_HBD_MWPM_2_5x/results/sweep_15_exp_0_checkpoints.csv
3320300200033333020223000,0.0091802454098772,4.768637518282048e-05,612000000,results/rs/SC5_HBD_MWPM_2_5x/results/sweep_15_exp_0_checkpoints.csv
0033233203030320330330020,0.008229745885127,4.5171924284659326e-05,772000000,results/rs/SC5_HBD_MWPM_2_5x/results/sweep_15_exp_0_checkpoints.csv
0033233203030320330330020,0.008229745885127,4.5171924284659326e-05,972000000,results/rs/SC5_HBD_MWPM_2_5x/results/sweep_15_exp_0_checkpoints.csv
0323000000003303000333032,0.008177745911127,4.503016680246219e-05,1224000000,results/rs/SC5_HBD_MWPM_2_5x/results/sweep_15_exp_0_checkpoints.csv
0323000000003303000333032,0.008177745911127,4.503016680246219e-05,1544000000,results/rs/SC5_HBD_MWPM_2_5x/results/sweep_15_exp_0_checkpoints.csv
0323000000003303000333032,0.008177745911127,4.503016680246219e-05,1944000000,results/rs/SC5_HBD_MWPM_2_5x/results/sweep_15_exp_0_checkpoints.csv
0323000000003303000333032,0.008177745911127,4.503016680246219e-05,2448000000,results/rs/SC5_HBD_MWPM_2_5x/results/sweep_15_exp_0_checkpoints.csv
3003330002320333330300030,0.0079317460341269,4.435320443008095e-05,3084000000,results/rs/SC5_HBD_MWPM_2_5x/results/sweep_15_exp_0_checkpoints.csv
3003330002320333330300030,0.0079317460341269,4.435320443008095e-05,3884000000,results/rs/SC5_HBD_MWPM_2_5x/results/sweep_15_exp_0_checkpoints.csv
3003330002320333330300030,0.0079317460341269,4.435320443008095e-05,4892000000,results/rs/SC5_HBD_MWPM_2_5x/results/sweep_15_exp_0_checkpoints.csv
0203230333030000030302222,0.0076854961572519,4.366469875094481e-05,6160000000,results/rs/SC5_HBD_MWPM_2_5x/results/sweep_15_exp_0_checkpoints.csv
0233030303030303023002203,0.0076499961750019,4.356451609055512e-05,7756000000,results/rs/SC5_HBD_MWPM_2_5x/results/sweep_15_exp_0_checkpoints.csv
0233030303030303023002203,0.0076499961750019,4.356451609055512e-05,9768000000,results/rs/SC5_HBD_MWPM_2_5x/results/sweep_15_exp_0_checkpoints.csv
0233030303030303023002203,0.0076499961750019,4.356451609055512e-05,12300000000,results/rs/SC5_HBD_MWPM_2_5x/results/sweep_15_exp_0_checkpoints.csv
0233030303030303023002203,0.0076499961750019,4.356451609055512e-05,15488000000,results/rs/SC5_HBD_MWPM_2_5x/results/sweep_15_exp_0_checkpoints.csv
0023330302030320330323002,0.0075312462343768,4.322765380493365e-05,19500000000,results/rs/SC5_HBD_MWPM_2_5x/results/sweep_15_exp_0_checkpoints.csv
0023330302030320330323002,0.0075312462343768,4.322765380493365e-05,24552000000,results/rs/SC5_HBD_MWPM_2_5x/results/sweep_15_exp_0_checkpoints.csv
0023330302030320330323002,0.0075312462343768,4.322765380493365e-05,30912000000,results/rs/SC5_HBD_MWPM_2_5x/results/sweep_15_exp_0_checkpoints.csv
0203200003330303230303020,0.0071967464016267,4.2263895011274144e-05,38916000000,results/rs/SC5_HBD_MWPM_2_5x/results/sweep_15_exp_0_checkpoints.csv
2300230303230300030033000,0.0067702466148766,4.100123624084517e-05,48996000000,results/rs/SC5_HBD_MWPM_2_5x/results/sweep_15_exp_0_checkpoints.csv
2300230303230300030033000,0.0067702466148766,4.100123624084517e-05,61684000000,results/rs/SC5_HBD_MWPM_2_5x/results/sweep_15_exp_0_checkpoints.csv
2300230303230300030033000,0.0067702466148766,4.100123624084517e-05,77656000000,results/rs/SC5_HBD_MWPM_2_5x/results/sweep_15_exp_0_checkpoints.csv
2300230303230300030033000,0.0067702466148766,4.100123624084517e-05,97764000000,results/rs/SC5_HBD_MWPM_2_5x/results/sweep_15_exp_0_checkpoints.csv
2003303032003303222030003,0.012167493916253,5.4816595365991816e-05,4000000,results/rs/SC5_HBD_MWPM_2_5x/results/sweep_22_exp_0_checkpoints.csv
0303200030333032223302233,0.0113282443358778,5.291480556479655e-05,8000000,results/rs/SC5_HBD_MWPM_2_5x/results/sweep_22_exp_0_checkpoints.csv
0302002223000322332230302,0.0110942444528777,5.237163713900373e-05,12000000,results/rs/SC5_HBD_MWPM_2_5x/results/sweep_22_exp_0_checkpoints.csv
0323202000033323303330303,0.0107112446443776,5.146966577740386e-05,16000000,results/rs/SC5_HBD_MWPM_2_5x/results/sweep_22_exp_0_checkpoints.csv
2020320333230332320230320,0.0104612447693776,5.0871894927695394e-05,24000000,results/rs/SC5_HBD_MWPM_2_5x/results/sweep_22_exp_0_checkpoints.csv
2020320333230332320230320,0.0104612447693776,5.0871894927695394e-05,32000000,results/rs/SC5_HBD_MWPM_2_5x/results/sweep_22_exp_0_checkpoints.csv
2020320333230332320230320,0.0104612447693776,5.0871894927695394e-05,44000000,results/rs/SC5_HBD_MWPM_2_5x/results/sweep_22_exp_0_checkpoints.csv
2020320333230332320230320,0.0104612447693776,5.0871894927695394e-05,56000000,results/rs/SC5_HBD_MWPM_2_5x/results/sweep_22_exp_0_checkpoints.csv
2233330203320302022030330,0.0099294950352524,4.957542842021212e-05,72000000,results/rs/SC5_HBD_MWPM_2_5x/results/sweep_22_exp_0_checkpoints.csv
0303000332320033023323300,0.0094669952665023,4.841839836444706e-05,92000000,results/rs/SC5_HBD_MWPM_2_5x/results/sweep_22_exp_0_checkpoints.csv
0303000332320033023323300,0.0094669952665023,4.841839836444706e-05,116000000,results/rs/SC5_HBD_MWPM_2_5x/results/sweep_22_exp_0_checkpoints.csv
0303000332320033023323300,0.0094669952665023,4.841839836444706e-05,148000000,results/rs/SC5_HBD_MWPM_2_5x/results/sweep_22_exp_0_checkpoints.csv
0003020323320332333200033,0.0092719953640023,4.792185791302472e-05,188000000,results/rs/SC5_HBD_MWPM_2_5x/results/sweep_22_exp_0_checkpoints.csv
0330200332332302030033000,0.0086697456651271,4.6353463403647766e-05,240000000,results/rs/SC5_HBD_MWPM_2_5x/results/sweep_22_exp_0_checkpoints.csv
0330200332332302030033000,0.0086697456651271,4.6353463403647766e-05,304000000,results/rs/SC5_HBD_MWPM_2_5x/results/sweep_22_exp_0_checkpoints.csv
0030003330030303002300230,0.0084732457633771,4.582969631883316e-05,384000000,results/rs/SC5_HBD_MWPM_2_5x/results/sweep_22_exp_0_checkpoints.csv
0030003330030303002300230,0.0084732457633771,4.582969631883316e-05,484000000,results/rs/SC5_HBD_MWPM_2_5x/results/sweep_22_exp_0_checkpoints.csv
0030003330030303002300230,0.0084732457633771,4.582969631883316e-05,612000000,results/rs/SC5_HBD_MWPM_2_5x/results/sweep_22_exp_0_checkpoints.csv
0030003330030303002300230,0.0084732457633771,4.582969631883316e-05,772000000,results/rs/SC5_HBD_MWPM_2_5x/results/sweep_22_exp_0_checkpoints.csv
0030003330030303002300230,0.0084732457633771,4.582969631883316e-05,972000000,results/rs/SC5_HBD_MWPM_2_5x/results/sweep_22_exp_0_checkpoints.csv
0030003330030303002300230,0.0084732457633771,4.582969631883316e-05,1224000000,results/rs/SC5_HBD_MWPM_2_5x/results/sweep_22_exp_0_checkpoints.csv
0030003330030303002300230,0.0084732457633771,4.582969631883316e-05,1544000000,results/rs/SC5_HBD_MWPM_2_5x/results/sweep_22_exp_0_checkpoints.csv
0030003330030303002300230,0.0084732457633771,4.582969631883316e-05,1944000000,results/rs/SC5_HBD_MWPM_2_5x/results/sweep_22_exp_0_checkpoints.csv
0030003330030303002300230,0.0084732457633771,4.582969631883316e-05,2448000000,results/rs/SC5_HBD_MWPM_2_5x/results/sweep_22_exp_0_checkpoints.csv
0030003330030303002300230,0.0084732457633771,4.582969631883316e-05,3084000000,results/rs/SC5_HBD_MWPM_2_5x/results/sweep_22_exp_0_checkpoints.csv
3303333323030320002233030,0.008289245855377,4.533356332103722e-05,3884000000,results/rs/SC5_HBD_MWPM_2_5x/results/sweep_22_exp_0_checkpoints.csv
0000230300232333030003202,0.008156495921752,4.497210829867981e-05,4892000000,results/rs/SC5_HBD_MWPM_2_5x/results/sweep_22_exp_0_checkpoints.csv
0003030303002300030320332,0.0076552461723769,4.357934813015163e-05,6160000000,results/rs/SC5_HBD_MWPM_2_5x/results/sweep_22_exp_0_checkpoints.csv
0003030303002300030320332,0.0076552461723769,4.357934813015163e-05,7756000000,results/rs/SC5_HBD_MWPM_2_5x/results/sweep_22_exp_0_checkpoints.csv
0003030303002300030320332,0.0076552461723769,4.357934813015163e-05,9768000000,results/rs/SC5_HBD_MWPM_2_5x/results/sweep_22_exp_0_checkpoints.csv
0003030303002300030320332,0.0076552461723769,4.357934813015163e-05,12300000000,results/rs/SC5_HBD_MWPM_2_5x/results/sweep_22_exp_0_checkpoints.csv
0003030303002300030320332,0.0076552461723769,4.357934813015163e-05,15488000000,results/rs/SC5_HBD_MWPM_2_5x/results/sweep_22_exp_0_checkpoints.csv
0003030303002300030320332,0.0076552461723769,4.357934813015163e-05,19500000000,results/rs/SC5_HBD_MWPM_2_5x/results/sweep_22_exp_0_checkpoints.csv
0003030303002300030320332,0.0076552461723769,4.357934813015163e-05,24552000000,results/rs/SC5_HBD_MWPM_2_5x/results/sweep_22_exp_0_checkpoints.csv
0300330333030330020323333,0.0074527462736268,4.300348155084066e-05,30912000000,results/rs/SC5_HBD_MWPM_2_5x/results/sweep_22_exp_0_checkpoints.csv
0300330333030330020323333,0.0074527462736268,4.300348155084066e-05,38916000000,results/rs/SC5_HBD_MWPM_2_5x/results/sweep_22_exp_0_checkpoints.csv
0300330333030330020323333,0.0074527462736268,4.300348155084066e-05,48996000000,results/rs/SC5_HBD_MWPM_2_5x/results/sweep_22_exp_0_checkpoints.csv
0300330333030330020323333,0.0074527462736268,4.300348155084066e-05,61684000000,results/rs/SC5_HBD_MWPM_2_5x/results/sweep_22_exp_0_checkpoints.csv
3303230333030302200303020,0.0072417463791268,4.239486588630825e-05,77656000000,results/rs/SC5_HBD_MWPM_2_5x/results/sweep_22_exp_0_checkpoints.csv
3303230333030302200303020,0.0072417463791268,4.239486588630825e-05,97764000000,results/rs/SC5_HBD_MWPM_2_5x/results/sweep_22_exp_0_checkpoints.csv
0020033233222000020000230,0.0117947441026279,5.398059875005856e-05,4000000,results/rs/SC5_HBD_MWPM_2_5x/results/sweep_24_exp_0_checkpoints.csv
2003302000200000323330022,0.0117822441088779,5.395232801674865e-05,8000000,results/rs/SC5_HBD_MWPM_2_5x/results/sweep_24_exp_0_checkpoints.csv
2320300330222332200300232,0.0117097441451279,5.378805144573562e-05,12000000,results/rs/SC5_HBD_MWPM_2_5x/results/sweep_24_exp_0_checkpoints.csv
2320300330222332200300232,0.0117097441451279,5.378805144573562e-05,16000000,results/rs/SC5_HBD_MWPM_2_5x/results/sweep_24_exp_0_checkpoints.csv
2002233003020323223330023,0.0105597447201276,5.110829079058021e-05,24000000,results/rs/SC5_HBD_MWPM_2_5x/results/sweep_24_exp_0_checkpoints.csv
3033020003333200203023030,0.0104999947500026,5.096503082313575e-05,32000000,results/rs/SC5_HBD_MWPM_2_5x/results/sweep_24_exp_0_checkpoints.csv
3033020003333200203023030,0.0104999947500026,5.096503082313575e-05,44000000,results/rs/SC5_HBD_MWPM_2_5x/results/sweep_24_exp_0_checkpoints.csv
3033020003333200203023030,0.0104999947500026,5.096503082313575e-05,56000000,results/rs/SC5_HBD_MWPM_2_5x/results/sweep_24_exp_0_checkpoints.csv
3033020003333200203023030,0.0104999947500026,5.096503082313575e-05,72000000,results/rs/SC5_HBD_MWPM_2_5x/results/sweep_24_exp_0_checkpoints.csv
3033020003333200203023030,0.0104999947500026,5.096503082313575e-05,92000000,results/rs/SC5_HBD_MWPM_2_5x/results/sweep_24_exp_0_checkpoints.csv
3333330323232303330000320,0.0085669957165021,4.6080353058641776e-05,116000000,results/rs/SC5_HBD_MWPM_2_5x/results/sweep_24_exp_0_checkpoints.csv
3333330323232303330000320,0.0085669957165021,4.6080353058641776e-05,148000000,results/rs/SC5_HBD_MWPM_2_5x/results/sweep_24_exp_0_checkpoints.csv
3333330323232303330000320,0.0085669957165021,4.6080353058641776e-05,188000000,results/rs/SC5_HBD_MWPM_2_5x/results/sweep_24_exp_0_checkpoints.csv
0202030300030003000000223,0.008151745924127,4.495911707635969e-05,240000000,results/rs/SC5_HBD_MWPM_2_5x/results/sweep_24_exp_0_checkpoints.csv
0202030300030003000000223,0.008151745924127,4.495911707635969e-05,304000000,results/rs/SC5_HBD_MWPM_2_5x/results/sweep_24_exp_0_checkpoints.csv
0202030300030003000000223,0.008151745924127,4.495911707635969e-05,384000000,results/rs/SC5_HBD_MWPM_2_5x/results/sweep_24_exp_0_checkpoints.csv
0202030300030003000000223,0.008151745924127,4.495911707635969e-05,484000000,results/rs/SC5_HBD_MWPM_2_5x/results/sweep_24_exp_0_checkpoints.csv
0202030300030003000000223,0.008151745924127,4.495911707635969e-05,612000000,results/rs/SC5_HBD_MWPM_2_5x/results/sweep_24_exp_0_checkpoints.csv
0202030300030003000000223,0.008151745924127,4.495911707635969e-05,772000000,results/rs/SC5_HBD_MWPM_2_5x/results/sweep_24_exp_0_checkpoints.csv
0202030300030003000000223,0.008151745924127,4.495911707635969e-05,972000000,results/rs/SC5_HBD_MWPM_2_5x/results/sweep_24_exp_0_checkpoints.csv
0202030300030003000000223,0.008151745924127,4.495911707635969e-05,1224000000,results/rs/SC5_HBD_MWPM_2_5x/results/sweep_24_exp_0_checkpoints.csv
0202030300030003000000223,0.008151745924127,4.495911707635969e-05,1544000000,results/rs/SC5_HBD_MWPM_2_5x/results/sweep_24_exp_0_checkpoints.csv
0222020300030303233002032,0.008144495927752,4.493928281590343e-05,1944000000,results/rs/SC5_HBD_MWPM_2_5x/results/sweep_24_exp_0_checkpoints.csv
0222020300030303233002032,0.008144495927752,4.493928281590343e-05,2448000000,results/rs/SC5_HBD_MWPM_2_5x/results/sweep_24_exp_0_checkpoints.csv
0222020300030303233002032,0.008144495927752,4.493928281590343e-05,3084000000,results/rs/SC5_HBD_MWPM_2_5x/results/sweep_24_exp_0_checkpoints.csv
0222020300030303233002032,0.008144495927752,4.493928281590343e-05,3884000000,results/rs/SC5_HBD_MWPM_2_5x/results/sweep_24_exp_0_checkpoints.csv
0222020300030303233002032,0.008144495927752,4.493928281590343e-05,4892000000,results/rs/SC5_HBD_MWPM_2_5x/results/sweep_24_exp_0_checkpoints.csv
0222020300030303233002032,0.008144495927752,4.493928281590343e-05,6160000000,results/rs/SC5_HBD_MWPM_2_5x/results/sweep_24_exp_0_checkpoints.csv
2302222003030300030322000,0.008119745940127,4.4871510908706114e-05,7756000000,results/rs/SC5_HBD_MWPM_2_5x/results/sweep_24_exp_0_checkpoints.csv
3003030302030030033302032,0.0074424962787518,4.2974119423888624e-05,9768000000,results/rs/SC5_HBD_MWPM_2_5x/results/sweep_24_exp_0_checkpoints.csv
3003030302030030033302032,0.0074424962787518,4.2974119423888624e-05,12300000000,results/rs/SC5_HBD_MWPM_2_5x/results/sweep_24_exp_0_checkpoints.csv
3003030302030030033302032,0.0074424962787518,4.2974119423888624e-05,15488000000,results/rs/SC5_HBD_MWPM_2_5x/results/sweep_24_exp_0_checkpoints.csv
3003030302030030033302032,0.0074424962787518,4.2974119423888624e-05,19500000000,results/rs/SC5_HBD_MWPM_2_5x/results/sweep_24_exp_0_checkpoints.csv
3003030302030030033302032,0.0074424962787518,4.2974119423888624e-05,24552000000,results/rs/SC5_HBD_MWPM_2_5x/results/sweep_24_exp_0_checkpoints.csv
0303330020230320030303000,0.0073662463168768,4.275505489204079e-05,30912000000,results/rs/SC5_HBD_MWPM_2_5x/results/sweep_24_exp_0_checkpoints.csv
3023320303030302033303030,0.0068222465888767,4.115731644560583e-05,38916000000,results/rs/SC5_HBD_MWPM_2_5x/results/sweep_24_exp_0_checkpoints.csv
3023320303030302033303030,0.0068222465888767,4.115731644560583e-05,48996000000,results/rs/SC5_HBD_MWPM_2_5x/results/sweep_24_exp_0_checkpoints.csv
3023320303030302033303030,0.0068222465888767,4.115731644560583e-05,61684000000,results/rs/SC5_HBD_MWPM_2_5x/results/sweep_24_exp_0_checkpoints.csv
3023320303030302033303030,0.0068222465888767,4.115731644560583e-05,77656000000,results/rs/SC5_HBD_MWPM_2_5x/results/sweep_24_exp_0_checkpoints.csv
0300033303330303030333022,0.0064317467841266,3.996990926680155e-05,97764000000,results/rs/SC5_HBD_MWPM_2_5x/results/sweep_24_exp_0_checkpoints.csv
0320033230202033020333203,0.0114879942560028,5.328229599399492e-05,4000000,results/rs/SC5_HBD_MWPM_2_5x/results/sweep_13_exp_0_checkpoints.csv
0303302223222320230230330,0.0114702442648778,5.324159428710118e-05,8000000,results/rs/SC5_HBD_MWPM_2_5x/results/sweep_13_exp_0_checkpoints.csv
0303302223222320230230330,0.0114702442648778,5.324159428710118e-05,12000000,results/rs/SC5_HBD_MWPM_2_5x/results/sweep_13_exp_0_checkpoints.csv
0303302223222320230230330,0.0114702442648778,5.324159428710118e-05,16000000,results/rs/SC5_HBD_MWPM_2_5x/results/sweep_13_exp_0_checkpoints.csv
2332330220000003303030030,0.0106592446703776,5.134592720423825e-05,24000000,results/rs/SC5_HBD_MWPM_2_5x/results/sweep_13_exp_0_checkpoints.csv
2330302003330330300222300,0.0102332448833775,5.032026820117608e-05,32000000,results/rs/SC5_HBD_MWPM_2_5x/results/sweep_13_exp_0_checkpoints.csv
3020320323220302000000023,0.0099652450173774,4.9663696700008586e-05,44000000,results/rs/SC5_HBD_MWPM_2_5x/results/sweep_13_exp_0_checkpoints.csv
3020320323220302000000023,0.0099652450173774,4.9663696700008586e-05,56000000,results/rs/SC5_HBD_MWPM_2_5x/results/sweep_13_exp_0_checkpoints.csv
0202330202330303302032000,0.0094159952920023,4.82890463899821e-05,72000000,results/rs/SC5_HBD_MWPM_2_5x/results/sweep_13_exp_0_checkpoints.csv
0202330202330303302032000,0.0094159952920023,4.82890463899821e-05,92000000,results/rs/SC5_HBD_MWPM_2_5x/results/sweep_13_exp_0_checkpoints.csv
0202330202330303302032000,0.0094159952920023,4.82890463899821e-05,116000000,results/rs/SC5_HBD_MWPM_2_5x/results/sweep_13_exp_0_checkpoints.csv
0202330202330303302032000,0.0094159952920023,4.82890463899821e-05,148000000,results/rs/SC5_HBD_MWPM_2_5x/results/sweep_13_exp_0_checkpoints.csv
0202330202330303302032000,0.0094159952920023,4.82890463899821e-05,188000000,results/rs/SC5_HBD_MWPM_2_5x/results/sweep_13_exp_0_checkpoints.csv
0202330202330303302032000,0.0094159952920023,4.82890463899821e-05,240000000,results/rs/SC5_HBD_MWPM_2_5x/results/sweep_13_exp_0_checkpoints.csv
0020030302300022030223202,0.0094019952990023,4.825347423320636e-05,304000000,results/rs/SC5_HBD_MWPM_2_5x/results/sweep_13_exp_0_checkpoints.csv
0222323333230300030023333,0.0088667455666272,4.6872486564097926e-05,384000000,results/rs/SC5_HBD_MWPM_2_5x/results/sweep_13_exp_0_checkpoints.csv
0222323333230300030023333,0.0088667455666272,4.6872486564097926e-05,484000000,results/rs/SC5_HBD_MWPM_2_5x/results/sweep_13_exp_0_checkpoints.csv
2300323303300003030000303,0.0088202455898772,4.675051604863256e-05,612000000,results/rs/SC5_HBD_MWPM_2_5x/results/sweep_13_exp_0_checkpoints.csv
0202200320230333030230032,0.008168495915752,4.500490467762575e-05,772000000,results/rs/SC5_HBD_MWPM_2_5x/results/sweep_13_exp_0_checkpoints.csv
0202200320230333030230032,0.008168495915752,4.500490467762575e-05,972000000,results/rs/SC5_HBD_MWPM_2_5x/results/sweep_13_exp_0_checkpoints.csv
0202200320230333030230032,0.008168495915752,4.500490467762575e-05,1224000000,results/rs/SC5_HBD_MWPM_2_5x/results/sweep_13_exp_0_checkpoints.csv
0202200320230333030230032,0.008168495915752,4.500490467762575e-05,1544000000,results/rs/SC5_HBD_MWPM_2_5x/results/sweep_13_exp_0_checkpoints.csv
0202200320230333030230032,0.008168495915752,4.500490467762575e-05,1944000000,results/rs/SC5_HBD_MWPM_2_5x/results/sweep_13_exp_0_checkpoints.csv
0203332000030320030303032,0.0073384963307518,4.267504482413642e-05,2448000000,results/rs/SC5_HBD_MWPM_2_5x/results/sweep_13_exp_0_checkpoints.csv
0203332000030320030303032,0.0073384963307518,4.267504482413642e-05,3084000000,results/rs/SC5_HBD_MWPM_2_5x/results/sweep_13_exp_0_checkpoints.csv
0203332000030320030303032,0.0073384963307518,4.267504482413642e-05,3884000000,results/rs/SC5_HBD_MWPM_2_5x/results/sweep_13_exp_0_checkpoints.csv
0203332000030320030303032,0.0073384963307518,4.267504482413642e-05,4892000000,results/rs/SC5_HBD_MWPM_2_5x/results/sweep_13_exp_0_checkpoints.csv
0203332000030320030303032,0.0073384963307518,4.267504482413642e-05,6160000000,results/rs/SC5_HBD_MWPM_2_5x/results/sweep_13_exp_0_checkpoints.csv
0203332000030320030303032,0.0073384963307518,4.267504482413642e-05,7756000000,results/rs/SC5_HBD_MWPM_2_5x/results/sweep_13_exp_0_checkpoints.csv
0203332000030320030303032,0.0073384963307518,4.267504482413642e-05,9768000000,results/rs/SC5_HBD_MWPM_2_5x/results/sweep_13_exp_0_checkpoints.csv
0203332000030320030303032,0.0073384963307518,4.267504482413642e-05,12300000000,results/rs/SC5_HBD_MWPM_2_5x/results/sweep_13_exp_0_checkpoints.csv
0203332000030320030303032,0.0073384963307518,4.267504482413642e-05,15488000000,results/rs/SC5_HBD_MWPM_2_5x/results/sweep_13_exp_0_checkpoints.csv
0203332000030320030303032,0.0073384963307518,4.267504482413642e-05,19500000000,results/rs/SC5_HBD_MWPM_2_5x/results/sweep_13_exp_0_checkpoints.csv
0203332000030320030303032,0.0073384963307518,4.267504482413642e-05,24552000000,results/rs/SC5_HBD_MWPM_2_5x/results/sweep_13_exp_0_checkpoints.csv
0203332000030320030303032,0.0073384963307518,4.267504482413642e-05,30912000000,results/rs/SC5_HBD_MWPM_2_5x/results/sweep_13_exp_0_checkpoints.csv
0203332000030320030303032,0.0073384963307518,4.267504482413642e-05,38916000000,results/rs/SC5_HBD_MWPM_2_5x/results/sweep_13_exp_0_checkpoints.csv
0303300303330332000032030,0.0072984963507518,4.255943713360466e-05,48996000000,results/rs/SC5_HBD_MWPM_2_5x/results/sweep_13_exp_0_checkpoints.csv
0303300303330332000032030,0.0072984963507518,4.255943713360466e-05,61684000000,results/rs/SC5_HBD_MWPM_2_5x/results/sweep_13_exp_0_checkpoints.csv
0303300303330332000032030,0.0072984963507518,4.255943713360466e-05,77656000000,results/rs/SC5_HBD_MWPM_2_5x/results/sweep_13_exp_0_checkpoints.csv
0303300303330332000032030,0.0072984963507518,4.255943713360466e-05,97764000000,results/rs/SC5_HBD_MWPM_2_5x/results/sweep_13_exp_0_checkpoints.csv
2220202330233200332222330,0.0125042437478781,5.556050382438116e-05,4000000,results/rs/SC5_HBD_MWPM_2_5x/results/sweep_19_exp_0_checkpoints.csv
2220202330233200332222330,0.0125042437478781,5.556050382438116e-05,8000000,results/rs/SC5_HBD_MWPM_2_5x/results/sweep_19_exp_0_checkpoints.csv
3200203022300002000203020,0.0111692444153777,5.254636926110834e-05,12000000,results/rs/SC5_HBD_MWPM_2_5x/results/sweep_19_exp_0_checkpoints.csv
0222220203232300020320303,0.0104389947805026,5.08183402416762e-05,16000000,results/rs/SC5_HBD_MWPM_2_5x/results/sweep_19_exp_0_checkpoints.csv
2200302322230322020330332,0.0101734949132525,5.0174665375379845e-05,24000000,results/rs/SC5_HBD_MWPM_2_5x/results/sweep_19_exp_0_checkpoints.csv
2200302322230322020330332,0.0101734949132525,5.0174665375379845e-05,32000000,results/rs/SC5_HBD_MWPM_2_5x/results/sweep_19_exp_0_checkpoints.csv
2200302322230322020330332,0.0101734949132525,5.0174665375379845e-05,44000000,results/rs/SC5_HBD_MWPM_2_5x/results/sweep_19_exp_0_checkpoints.csv
2200302322230322020330332,0.0101734949132525,5.0174665375379845e-05,56000000,results/rs/SC5_HBD_MWPM_2_5x/results/sweep_19_exp_0_checkpoints.csv
0333030323320022030223302,0.0091909954045022,4.771402745973319e-05,72000000,results/rs/SC5_HBD_MWPM_2_5x/results/sweep_19_exp_0_checkpoints.csv
0333030323320022030223302,0.0091909954045022,4.771402745973319e-05,92000000,results/rs/SC5_HBD_MWPM_2_5x/results/sweep_19_exp_0_checkpoints.csv
0333030323320022030223302,0.0091909954045022,4.771402745973319e-05,116000000,results/rs/SC5_HBD_MWPM_2_5x/results/sweep_19_exp_0_checkpoints.csv
3330220303020200230002033,0.0090827454586272,4.7434805310331285e-05,148000000,results/rs/SC5_HBD_MWPM_2_5x/results/sweep_19_exp_0_checkpoints.csv
3330220303020200230002033,0.0090827454586272,4.7434805310331285e-05,188000000,results/rs/SC5_HBD_MWPM_2_5x/results/sweep_19_exp_0_checkpoints.csv
3330220303020200230002033,0.0090827454586272,4.7434805310331285e-05,240000000,results/rs/SC5_HBD_MWPM_2_5x/results/sweep_19_exp_0_checkpoints.csv
3303300323330200030003003,0.0078269960865019,4.406168591231108e-05,304000000,results/rs/SC5_HBD_MWPM_2_5x/results/sweep_19_exp_0_checkpoints.csv
3303300323330200030003003,0.0078269960865019,4.406168591231108e-05,384000000,results/rs/SC5_HBD_MWPM_2_5x/results/sweep_19_exp_0_checkpoints.csv
3303300323330200030003003,0.0078269960865019,4.406168591231108e-05,484000000,results/rs/SC5_HBD_MWPM_2_5x/results/sweep_19_exp_0_checkpoints.csv
3303300323330200030003003,0.0078269960865019,4.406168591231108e-05,612000000,results/rs/SC5_HBD_MWPM_2_5x/results/sweep_19_exp_0_checkpoints.csv
3303300323330200030003003,0.0078269960865019,4.406168591231108e-05,772000000,results/rs/SC5_HBD_MWPM_2_5x/results/sweep_19_exp_0_checkpoints.csv
3303300323330200030003003,0.0078269960865019,4.406168591231108e-05,972000000,results/rs/SC5_HBD_MWPM_2_5x/results/sweep_19_exp_0_checkpoints.csv
3303300323330200030003003,0.0078269960865019,4.406168591231108e-05,1224000000,results/rs/SC5_HBD_MWPM_2_5x/results/sweep_19_exp_0_checkpoints.csv
3303300323330200030003003,0.0078269960865019,4.406168591231108e-05,1544000000,results/rs/SC5_HBD_MWPM_2_5x/results/sweep_19_exp_0_checkpoints.csv
3303300323330200030003003,0.0078269960865019,4.406168591231108e-05,1944000000,results/rs/SC5_HBD_MWPM_2_5x/results/sweep_19_exp_0_checkpoints.csv
3303300323330200030003003,0.0078269960865019,4.406168591231108e-05,2448000000,results/rs/SC5_HBD_MWPM_2_5x/results/sweep_19_exp_0_checkpoints.csv
3303300323330200030003003,0.0078269960865019,4.406168591231108e-05,3084000000,results/rs/SC5_HBD_MWPM_2_5x/results/sweep_19_exp_0_checkpoints.csv
3303300323330200030003003,0.0078269960865019,4.406168591231108e-05,3884000000,results/rs/SC5_HBD_MWPM_2_5x/results/sweep_19_exp_0_checkpoints.csv
3303300323330200030003003,0.0078269960865019,4.406168591231108e-05,4892000000,results/rs/SC5_HBD_MWPM_2_5x/results/sweep_19_exp_0_checkpoints.csv
3303300323330200030003003,0.0078269960865019,4.406168591231108e-05,6160000000,results/rs/SC5_HBD_MWPM_2_5x/results/sweep_19_exp_0_checkpoints.csv
3303300323330200030003003,0.0078269960865019,4.406168591231108e-05,7756000000,results/rs/SC5_HBD_MWPM_2_5x/results/sweep_19_exp_0_checkpoints.csv
3030020303230330032302000,0.0077982461008769,4.398132296046242e-05,9768000000,results/rs/SC5_HBD_MWPM_2_5x/results/sweep_19_exp_0_checkpoints.csv
3030020303230330032302000,0.0077982461008769,4.398132296046242e-05,12300000000,results/rs/SC5_HBD_MWPM_2_5x/results/sweep_19_exp_0_checkpoints.csv
2000330323300303030333000,0.0074329962835018,4.294688915251754e-05,15488000000,results/rs/SC5_HBD_MWPM_2_5x/results/sweep_19_exp_0_checkpoints.csv
2000330323300303030333000,0.0074329962835018,4.294688915251754e-05,19500000000,results/rs/SC5_HBD_MWPM_2_5x/results/sweep_19_exp_0_checkpoints.csv
2000330323300303030333000,0.0074329962835018,4.294688915251754e-05,24552000000,results/rs/SC5_HBD_MWPM_2_5x/results/sweep_19_exp_0_checkpoints.csv
0303030320030320030023330,0.0071379964310017,4.209228063700721e-05,30912000000,results/rs/SC5_HBD_MWPM_2_5x/results/sweep_19_exp_0_checkpoints.csv
0303030320030320030023330,0.0071379964310017,4.209228063700721e-05,38916000000,results/rs/SC5_HBD_MWPM_2_5x/results/sweep_19_exp_0_checkpoints.csv
0303030320030320030023330,0.0071379964310017,4.209228063700721e-05,48996000000,results/rs/SC5_HBD_MWPM_2_5x/results/sweep_19_exp_0_checkpoints.csv
0303030320030320030023330,0.0071379964310017,4.209228063700721e-05,61684000000,results/rs/SC5_HBD_MWPM_2_5x/results/sweep_19_exp_0_checkpoints.csv
0303030320030320030023330,0.0071379964310017,4.209228063700721e-05,77656000000,results/rs/SC5_HBD_MWPM_2_5x/results/sweep_19_exp_0_checkpoints.csv
0303030320030320030023330,0.0071379964310017,4.209228063700721e-05,97764000000,results/rs/SC5_HBD_MWPM_2_5x/results/sweep_19_exp_0_checkpoints.csv
2203023222232200020230303,0.0125077437461281,5.556817995966412e-05,4000000,results/rs/SC5_HBD_MWPM_2_5x/results/sweep_8_exp_0_checkpoints.csv
2203023222232200020230303,0.0125077437461281,5.556817995966412e-05,8000000,results/rs/SC5_HBD_MWPM_2_5x/results/sweep_8_exp_0_checkpoints.csv
2023220302300000222023202,0.012070743964628,5.460089960251935e-05,12000000,results/rs/SC5_HBD_MWPM_2_5x/results/sweep_8_exp_0_checkpoints.csv
0002030200302202000233322,0.0111922444038777,5.259983299765736e-05,16000000,results/rs/SC5_HBD_MWPM_2_5x/results/sweep_8_exp_0_checkpoints.csv
2202000330320000332203323,0.0107604946197526,5.1586572226369753e-05,24000000,results/rs/SC5_HBD_MWPM_2_5x/results/sweep_8_exp_0_checkpoints.csv
0303022220330300203200023,0.0102927448536275,5.046483056503348e-05,32000000,results/rs/SC5_HBD_MWPM_2_5x/results/sweep_8_exp_0_checkpoints.csv
0303022220330300203200023,0.0102927448536275,5.046483056503348e-05,44000000,results/rs/SC5_HBD_MWPM_2_5x/results/sweep_8_exp_0_checkpoints.csv
0303022220330300203200023,0.0102927448536275,5.046483056503348e-05,56000000,results/rs/SC5_HBD_MWPM_2_5x/results/sweep_8_exp_0_checkpoints.csv
2302003002000322003300000,0.0095944952027523,4.874021396972239e-05,72000000,results/rs/SC5_HBD_MWPM_2_5x/results/sweep_8_exp_0_checkpoints.csv
2302003002000322003300000,0.0095944952027523,4.874021396972239e-05,92000000,results/rs/SC5_HBD_MWPM_2_5x/results/sweep_8_exp_0_checkpoints.csv
2302003002000322003300000,0.0095944952027523,4.874021396972239e-05,116000000,results/rs/SC5_HBD_MWPM_2_5x/results/sweep_8_exp_0_checkpoints.csv
2302003002000322003300000,0.0095944952027523,4.874021396972239e-05,148000000,results/rs/SC5_HBD_MWPM_2_5x/results/sweep_8_exp_0_checkpoints.csv
0330203300233003030330003,0.0087597456201271,4.659132537199184e-05,188000000,results/rs/SC5_HBD_MWPM_2_5x/results/sweep_8_exp_0_checkpoints.csv
0330203300233003030330003,0.0087597456201271,4.659132537199184e-05,240000000,results/rs/SC5_HBD_MWPM_2_5x/results/sweep_8_exp_0_checkpoints.csv
0323323303230332030020022,0.008196245901877,4.50806510343682e-05,304000000,results/rs/SC5_HBD_MWPM_2_5x/results/sweep_8_exp_0_checkpoints.csv
0030032302000323030300300,0.0078959960520019,4.425393490237184e-05,384000000,results/rs/SC5_HBD_MWPM_2_5x/results/sweep_8_exp_0_checkpoints.csv
0030032302000323030300300,0.0078959960520019,4.425393490237184e-05,484000000,results/rs/SC5_HBD_MWPM_2_5x/results/sweep_8_exp_0_checkpoints.csv
0030032302000323030300300,0.0078959960520019,4.425393490237184e-05,612000000,results/rs/SC5_HBD_MWPM_2_5x/results/sweep_8_exp_0_checkpoints.csv
0030032302000323030300300,0.0078959960520019,4.425393490237184e-05,772000000,results/rs/SC5_HBD_MWPM_2_5x/results/sweep_8_exp_0_checkpoints.csv
0030032302000323030300300,0.0078959960520019,4.425393490237184e-05,972000000,results/rs/SC5_HBD_MWPM_2_5x/results/sweep_8_exp_0_checkpoints.csv
0030032302000323030300300,0.0078959960520019,4.425393490237184e-05,1224000000,results/rs/SC5_HBD_MWPM_2_5x/results/sweep_8_exp_0_checkpoints.csv
0030032302000323030300300,0.0078959960520019,4.425393490237184e-05,1544000000,results/rs/SC5_HBD_MWPM_2_5x/results/sweep_8_exp_0_checkpoints.csv
0030032302000323030300300,0.0078959960520019,4.425393490237184e-05,1944000000,results/rs/SC5_HBD_MWPM_2_5x/results/sweep_8_exp_0_checkpoints.csv
0030032302000323030300300,0.0078959960520019,4.425393490237184e-05,2448000000,results/rs/SC5_HBD_MWPM_2_5x/results/sweep_8_exp_0_checkpoints.csv
0030032302000323030300300,0.0078959960520019,4.425393490237184e-05,3084000000,results/rs/SC5_HBD_MWPM_2_5x/results/sweep_8_exp_0_checkpoints.csv
0030032302000323030300300,0.0078959960520019,4.425393490237184e-05,3884000000,results/rs/SC5_HBD_MWPM_2_5x/results/sweep_8_exp_0_checkpoints.csv
0030032302000323030300300,0.0078959960520019,4.425393490237184e-05,4892000000,results/rs/SC5_HBD_MWPM_2_5x/results/sweep_8_exp_0_checkpoints.csv
0030032302000323030300300,0.0078959960520019,4.425393490237184e-05,6160000000,results/rs/SC5_HBD_MWPM_2_5x/results/sweep_8_exp_0_checkpoints.csv
0202033302330302030000020,0.0074217462891268,4.291462028049864e-05,7756000000,results/rs/SC5_HBD_MWPM_2_5x/results/sweep_8_exp_0_checkpoints.csv
0202033302330302030000020,0.0074217462891268,4.291462028049864e-05,9768000000,results/rs/SC5_HBD_MWPM_2_5x/results/sweep_8_exp_0_checkpoints.csv
0202033302330302030000020,0.0074217462891268,4.291462028049864e-05,12300000000,results/rs/SC5_HBD_MWPM_2_5x/results/sweep_8_exp_0_checkpoints.csv
0202033302330302030000020,0.0074217462891268,4.291462028049864e-05,15488000000,results/rs/SC5_HBD_MWPM_2_5x/results/sweep_8_exp_0_checkpoints.csv
0202033302330302030000020,0.0074217462891268,4.291462028049864e-05,19500000000,results/rs/SC5_HBD_MWPM_2_5x/results/sweep_8_exp_0_checkpoints.csv
0202033302330302030000020,0.0074217462891268,4.291462028049864e-05,24552000000,results/rs/SC5_HBD_MWPM_2_5x/results/sweep_8_exp_0_checkpoints.csv
0202033302330302030000020,0.0074217462891268,4.291462028049864e-05,30912000000,results/rs/SC5_HBD_MWPM_2_5x/results/sweep_8_exp_0_checkpoints.csv
0202033302330302030000020,0.0074217462891268,4.291462028049864e-05,38916000000,results/rs/SC5_HBD_MWPM_2_5x/results/sweep_8_exp_0_checkpoints.csv
0302233300030033030300030,0.0071227464386267,4.2047613533213735e-05,48996000000,results/rs/SC5_HBD_MWPM_2_5x/results/sweep_8_exp_0_checkpoints.csv
0302233300030033030300030,0.0071227464386267,4.2047613533213735e-05,61684000000,results/rs/SC5_HBD_MWPM_2_5x/results/sweep_8_exp_0_checkpoints.csv
0302233300030033030300030,0.0071227464386267,4.2047613533213735e-05,77656000000,results/rs/SC5_HBD_MWPM_2_5x/results/sweep_8_exp_0_checkpoints.csv
3203030300033303030023000,0.0069094965452517,4.141783938393928e-05,97764000000,results/rs/SC5_HBD_MWPM_2_5x/results/sweep_8_exp_0_checkpoints.csv
2033022300022323222203003,0.0117429941285029,5.386345583247021e-05,4000000,results/rs/SC5_HBD_MWPM_2_5x/results/sweep_2_exp_0_checkpoints.csv
0023002202320023003203002,0.0112799943600028,5.280328696244396e-05,8000000,results/rs/SC5_HBD_MWPM_2_5x/results/sweep_2_exp_0_checkpoints.csv
0023002202320023003203002,0.0112799943600028,5.280328696244396e-05,12000000,results/rs/SC5_HBD_MWPM_2_5x/results/sweep_2_exp_0_checkpoints.csv
0023002202320023003203002,0.0112799943600028,5.280328696244396e-05,16000000,results/rs/SC5_HBD_MWPM_2_5x/results/sweep_2_exp_0_checkpoints.csv
0323320333333033332302200,0.0097432451283774,4.9112899432657287e-05,24000000,results/rs/SC5_HBD_MWPM_2_5x/results/sweep_2_exp_0_checkpoints.csv
0323320333333033332302200,0.0097432451283774,4.9112899432657287e-05,32000000,results/rs/SC5_HBD_MWPM_2_5x/results/sweep_2_exp_0_checkpoints.csv
0002220303320320300203220,0.0095524952237523,4.863444701186381e-05,44000000,results/rs/SC5_HBD_MWPM_2_5x/results/sweep_2_exp_0_checkpoints.csv
0002220303320320300203220,0.0095524952237523,4.863444701186381e-05,56000000,results/rs/SC5_HBD_MWPM_2_5x/results/sweep_2_exp_0_checkpoints.csv
0002220303320320300203220,0.0095524952237523,4.863444701186381e-05,72000000,results/rs/SC5_HBD_MWPM_2_5x/results/sweep_2_exp_0_checkpoints.csv
0332022302033320333233030,0.0094717452641273,4.84304255223833e-05,92000000,results/rs/SC5_HBD_MWPM_2_5x/results/sweep_2_exp_0_checkpoints.csv
0332022302033320333233030,0.0094717452641273,4.84304255223833e-05,116000000,results/rs/SC5_HBD_MWPM_2_5x/results/sweep_2_exp_0_checkpoints.csv
0322033333223300230302033,0.0093289953355023,4.806755168829113e-05,148000000,results/rs/SC5_HBD_MWPM_2_5x/results/sweep_2_exp_0_checkpoints.csv
0033230333020332030230323,0.0088047455976272,4.670978159992956e-05,188000000,results/rs/SC5_HBD_MWPM_2_5x/results/sweep_2_exp_0_checkpoints.csv
0033230333020332030230323,0.0088047455976272,4.670978159992956e-05,240000000,results/rs/SC5_HBD_MWPM_2_5x/results/sweep_2_exp_0_checkpoints.csv
0033230333020332030230323,0.0088047455976272,4.670978159992956e-05,304000000,results/rs/SC5_HBD_MWPM_2_5x/results/sweep_2_exp_0_checkpoints.csv
0033230333020332030230323,0.0088047455976272,4.670978159992956e-05,384000000,results/rs/SC5_HBD_MWPM_2_5x/results/sweep_2_exp_0_checkpoints.csv
0033230333020332030230323,0.0088047455976272,4.670978159992956e-05,484000000,results/rs/SC5_HBD_MWPM_2_5x/results/sweep_2_exp_0_checkpoints.csv
0033230333020332030230323,0.0088047455976272,4.670978159992956e-05,612000000,results/rs/SC5_HBD_MWPM_2_5x/results/sweep_2_exp_0_checkpoints.csv
0033230333020332030230323,0.0088047455976272,4.670978159992956e-05,772000000,results/rs/SC5_HBD_MWPM_2_5x/results/sweep_2_exp_0_checkpoints.csv
2323320300030332033020230,0.008217495891252,4.513857129495591e-05,972000000,results/rs/SC5_HBD_MWPM_2_5x/results/sweep_2_exp_0_checkpoints.csv
2323320300030332033020230,0.008217495891252,4.513857129495591e-05,1224000000,results/rs/SC5_HBD_MWPM_2_5x/results/sweep_2_exp_0_checkpoints.csv
2323320300030332033020230,0.008217495891252,4.513857129495591e-05,1544000000,results/rs/SC5_HBD_MWPM_2_5x/results/sweep_2_exp_0_checkpoints.csv
2323320300030332033020230,0.008217495891252,4.513857129495591e-05,1944000000,results/rs/SC5_HBD_MWPM_2_5x/results/sweep_2_exp_0_checkpoints.csv
0333030333300303303333000,0.008097495951252,4.481049109017477e-05,2448000000,results/rs/SC5_HBD_MWPM_2_5x/results/sweep_2_exp_0_checkpoints.csv
2323300032330303030303003,0.0078067460966269,4.400510078994557e-05,3084000000,results/rs/SC5_HBD_MWPM_2_5x/results/sweep_2_exp_0_checkpoints.csv
3302330303230300230000233,0.0077554961222519,4.386155342217535e-05,3884000000,results/rs/SC5_HBD_MWPM_2_5x/results/sweep_2_exp_0_checkpoints.csv
3302330303230300230000233,0.0077554961222519,4.386155342217535e-05,4892000000,results/rs/SC5_HBD_MWPM_2_5x/results/sweep_2_exp_0_checkpoints.csv
3302330303230300230000233,0.0077554961222519,4.386155342217535e-05,6160000000,results/rs/SC5_HBD_MWPM_2_5x/results/sweep_2_exp_0_checkpoints.csv
2202230003200303030303333,0.0075339962330018,4.323548637330532e-05,7756000000,results/rs/SC5_HBD_MWPM_2_5x/results/sweep_2_exp_0_checkpoints.csv
2202230003200303030303333,0.0075339962330018,4.323548637330532e-05,9768000000,results/rs/SC5_HBD_MWPM_2_5x/results/sweep_2_exp_0_checkpoints.csv
2202230003200303030303333,0.0075339962330018,4.323548637330532e-05,12300000000,results/rs/SC5_HBD_MWPM_2_5x/results/sweep_2_exp_0_checkpoints.csv
3203230002030333030333020,0.0070924964537517,4.1958872316172346e-05,15488000000,results/rs/SC5_HBD_MWPM_2_5x/results/sweep_2_exp_0_checkpoints.csv
3203230002030333030333020,0.0070924964537517,4.1958872316172346e-05,19500000000,results/rs/SC5_HBD_MWPM_2_5x/results/sweep_2_exp_0_checkpoints.csv
3203230002030333030333020,0.0070924964537517,4.1958872316172346e-05,24552000000,results/rs/SC5_HBD_MWPM_2_5x/results/sweep_2_exp_0_checkpoints.csv
3203230002030333030333020,0.0070924964537517,4.1958872316172346e-05,30912000000,results/rs/SC5_HBD_MWPM_2_5x/results/sweep_2_exp_0_checkpoints.csv
3203230002030333030333020,0.0070924964537517,4.1958872316172346e-05,38916000000,results/rs/SC5_HBD_MWPM_2_5x/results/sweep_2_exp_0_checkpoints.csv
3203230002030333030333020,0.0070924964537517,4.1958872316172346e-05,48996000000,results/rs/SC5_HBD_MWPM_2_5x/results/sweep_2_exp_0_checkpoints.csv
3203230002030333030333020,0.0070924964537517,4.1958872316172346e-05,61684000000,results/rs/SC5_HBD_MWPM_2_5x/results/sweep_2_exp_0_checkpoints.csv
3203230002030333030333020,0.0070924964537517,4.1958872316172346e-05,77656000000,results/rs/SC5_HBD_MWPM_2_5x/results/sweep_2_exp_0_checkpoints.csv
3203230002030333030333020,0.0070924964537517,4.1958872316172346e-05,97764000000,results/rs/SC5_HBD_MWPM_2_5x/results/sweep_2_exp_0_checkpoints.csv
2030000032000200302232032,0.0119544940227529,5.43405330972746e-05,4000000,results/rs/SC5_HBD_MWPM_2_5x/results/sweep_4_exp_0_checkpoints.csv
2030000032000200302232032,0.0119544940227529,5.43405330972746e-05,8000000,results/rs/SC5_HBD_MWPM_2_5x/results/sweep_4_exp_0_checkpoints.csv
0333320233303200020302022,0.0105464947267526,5.107655670144595e-05,12000000,results/rs/SC5_HBD_MWPM_2_5x/results/sweep_4_exp_0_checkpoints.csv
0333320233303200020302022,0.0105464947267526,5.107655670144595e-05,16000000,results/rs/SC5_HBD_MWPM_2_5x/results/sweep_4_exp_0_checkpoints.csv
0333320233303200020302022,0.0105464947267526,5.107655670144595e-05,24000000,results/rs/SC5_HBD_MWPM_2_5x/results/sweep_4_exp_0_checkpoints.csv
0333320233303200020302022,0.0105464947267526,5.107655670144595e-05,32000000,results/rs/SC5_HBD_MWPM_2_5x/results/sweep_4_exp_0_checkpoints.csv
0033330302332332223003233,0.0101844949077525,5.020150274503976e-05,44000000,results/rs/SC5_HBD_MWPM_2_5x/results/sweep_4_exp_0_checkpoints.csv
3003300300000323233202223,0.0093917453041273,4.822741175303236e-05,56000000,results/rs/SC5_HBD_MWPM_2_5x/results/sweep_4_exp_0_checkpoints.csv
3003300300000323233202223,0.0093917453041273,4.822741175303236e-05,72000000,results/rs/SC5_HBD_MWPM_2_5x/results/sweep_4_exp_0_checkpoints.csv
2323030200200333320300332,0.0091774954112522,4.767929931404069e-05,92000000,results/rs/SC5_HBD_MWPM_2_5x/results/sweep_4_exp_0_checkpoints.csv
2323030200200333320300332,0.0091774954112522,4.767929931404069e-05,116000000,results/rs/SC5_HBD_MWPM_2_5x/results/sweep_4_exp_0_checkpoints.csv
2323030200200333320300332,0.0091774954112522,4.767929931404069e-05,148000000,results/rs/SC5_HBD_MWPM_2_5x/results/sweep_4_exp_0_checkpoints.csv
2323030200200333320300332,0.0091774954112522,4.767929931404069e-05,188000000,results/rs/SC5_HBD_MWPM_2_5x/results/sweep_4_exp_0_checkpoints.csv
2323030200200333320300332,0.0091774954112522,4.767929931404069e-05,240000000,results/rs/SC5_HBD_MWPM_2_5x/results/sweep_4_exp_0_checkpoints.csv
2323030200200333320300332,0.0091774954112522,4.767929931404069e-05,304000000,results/rs/SC5_HBD_MWPM_2_5x/results/sweep_4_exp_0_checkpoints.csv
2323030200200333320300332,0.0091774954112522,4.767929931404069e-05,384000000,results/rs/SC5_HBD_MWPM_2_5x/results/sweep_4_exp_0_checkpoints.csv
2323030200200333320300332,0.0091774954112522,4.767929931404069e-05,484000000,results/rs/SC5_HBD_MWPM_2_5x/results/sweep_4_exp_0_checkpoints.csv
2220003003230323030302303,0.0085507457246271,4.603700654115528e-05,612000000,results/rs/SC5_HBD_MWPM_2_5x/results/sweep_4_exp_0_checkpoints.csv
2220003003230323030302303,0.0085507457246271,4.603700654115528e-05,772000000,results/rs/SC5_HBD_MWPM_2_5x/results/sweep_4_exp_0_checkpoints.csv
2220003003230323030302303,0.0085507457246271,4.603700654115528e-05,972000000,results/rs/SC5_HBD_MWPM_2_5x/results/sweep_4_exp_0_checkpoints.csv
2220003003230323030302303,0.0085507457246271,4.603700654115528e-05,1224000000,results/rs/SC5_HBD_MWPM_2_5x/results/sweep_4_exp_0_checkpoints.csv
2220003003230323030302303,0.0085507457246271,4.603700654115528e-05,1544000000,results/rs/SC5_HBD_MWPM_2_5x/results/sweep_4_exp_0_checkpoints.csv
2220003003230323030302303,0.0085507457246271,4.603700654115528e-05,1944000000,results/rs/SC5_HBD_MWPM_2_5x/results/sweep_4_exp_0_checkpoints.csv
3203330303230030330333030,0.0074352462823768,4.295333928894252e-05,2448000000,results/rs/SC5_HBD_MWPM_2_5x/results/sweep_4_exp_0_checkpoints.csv
3203330303230030330333030,0.0074352462823768,4.295333928894252e-05,3084000000,results/rs/SC5_HBD_MWPM_2_5x/results/sweep_4_exp_0_checkpoints.csv
3203330303230030330333030,0.0074352462823768,4.295333928894252e-05,3884000000,results/rs/SC5_HBD_MWPM_2_5x/results/sweep_4_exp_0_checkpoints.csv
3203330303230030330333030,0.0074352462823768,4.295333928894252e-05,4892000000,results/rs/SC5_HBD_MWPM_2_5x/results/sweep_4_exp_0_checkpoints.csv
3203330303230030330333030,0.0074352462823768,4.295333928894252e-05,6160000000,results/rs/SC5_HBD_MWPM_2_5x/results/sweep_4_exp_0_checkpoints.csv
3203330303230030330333030,0.0074352462823768,4.295333928894252e-05,7756000000,results/rs/SC5_HBD_MWPM_2_5x/results/sweep_4_exp_0_checkpoints.csv
3203330303230030330333030,0.0074352462823768,4.295333928894252e-05,9768000000,results/rs/SC5_HBD_MWPM_2_5x/results/sweep_4_exp_0_checkpoints.csv
3203330303230030330333030,0.0074352462823768,4.295333928894252e-05,12300000000,results/rs/SC5_HBD_MWPM_2_5x/results/sweep_4_exp_0_checkpoints.csv
3203330303230030330333030,0.0074352462823768,4.295333928894252e-05,15488000000,results/rs/SC5_HBD_MWPM_2_5x/results/sweep_4_exp_0_checkpoints.csv
3203330303230030330333030,0.0074352462823768,4.295333928894252e-05,19500000000,results/rs/SC5_HBD_MWPM_2_5x/results/sweep_4_exp_0_checkpoints.csv
3203330303230030330333030,0.0074352462823768,4.295333928894252e-05,24552000000,results/rs/SC5_HBD_MWPM_2_5x/results/sweep_4_exp_0_checkpoints.csv
0000030320030323030002330,0.0072982463508768,4.255871317582205e-05,30912000000,results/rs/SC5_HBD_MWPM_2_5x/results/sweep_4_exp_0_checkpoints.csv
0000030320030323030002330,0.0072982463508768,4.255871317582205e-05,38916000000,results/rs/SC5_HBD_MWPM_2_5x/results/sweep_4_exp_0_checkpoints.csv
0000030320030323030002330,0.0072982463508768,4.255871317582205e-05,48996000000,results/rs/SC5_HBD_MWPM_2_5x/results/sweep_4_exp_0_checkpoints.csv
0303030303330333000002330,0.0066199966900016,4.054678720422089e-05,61684000000,results/rs/SC5_HBD_MWPM_2_5x/results/sweep_4_exp_0_checkpoints.csv
0303030303330333000002330,0.0066199966900016,4.054678720422089e-05,77656000000,results/rs/SC5_HBD_MWPM_2_5x/results/sweep_4_exp_0_checkpoints.csv
0303030303330333000002330,0.0066199966900016,4.054678720422089e-05,97764000000,results/rs/SC5_HBD_MWPM_2_5x/results/sweep_4_exp_0_checkpoints.csv
3033320320332002032000220,0.0106197446901276,5.125172538100742e-05,4000000,results/rs/SC5_HBD_MWPM_2_5x/results/sweep_10_exp_0_checkpoints.csv
3030233303002320333033002,0.0103019948490025,5.0487265980336815e-05,8000000,results/rs/SC5_HBD_MWPM_2_5x/results/sweep_10_exp_0_checkpoints.csv
3030233303002320333033002,0.0103019948490025,5.0487265980336815e-05,12000000,results/rs/SC5_HBD_MWPM_2_5x/results/sweep_10_exp_0_checkpoints.csv
2022330003230323333322332,0.0092542453728773,4.7876397729851305e-05,16000000,results/rs/SC5_HBD_MWPM_2_5x/results/sweep_10_exp_0_checkpoints.csv
2022330003230323333322332,0.0092542453728773,4.7876397729851305e-05,24000000,results/rs/SC5_HBD_MWPM_2_5x/results/sweep_10_exp_0_checkpoints.csv
2022330003230323333322332,0.0092542453728773,4.7876397729851305e-05,32000000,results/rs/SC5_HBD_MWPM_2_5x/results/sweep_10_exp_0_checkpoints.csv
2022330003230323333322332,0.0092542453728773,4.7876397729851305e-05,44000000,results/rs/SC5_HBD_MWPM_2_5x/results/sweep_10_exp_0_checkpoints.csv
2022330003230323333322332,0.0092542453728773,4.7876397729851305e-05,56000000,results/rs/SC5_HBD_MWPM_2_5x/results/sweep_10_exp_0_checkpoints.csv
2002200033233303230003300,0.0091779954110022,4.76805871585384e-05,72000000,results/rs/SC5_HBD_MWPM_2_5x/results/sweep_10_exp_0_checkpoints.csv
3333230303230023233302322,0.0088612455693772,4.685807653004304e-05,92000000,results/rs/SC5_HBD_MWPM_2_5x/results/sweep_10_exp_0_checkpoints.csv
3333230303230023233302322,0.0088612455693772,4.685807653004304e-05,116000000,results/rs/SC5_HBD_MWPM_2_5x/results/sweep_10_exp_0_checkpoints.csv
3333230303230023233302322,0.0088612455693772,4.685807653004304e-05,148000000,results/rs/SC5_HBD_MWPM_2_5x/results/sweep_10_exp_0_checkpoints.csv
3333230303230023233302322,0.0088612455693772,4.685807653004304e-05,188000000,results/rs/SC5_HBD_MWPM_2_5x/results/sweep_10_exp_0_checkpoints.csv
3333230303230023233302322,0.0088612455693772,4.685807653004304e-05,240000000,results/rs/SC5_HBD_MWPM_2_5x/results/sweep_10_exp_0_checkpoints.csv
3333230303230023233302322,0.0088612455693772,4.685807653004304e-05,304000000,results/rs/SC5_HBD_MWPM_2_5x/results/sweep_10_exp_0_checkpoints.csv
3333230303230023233302322,0.0088612455693772,4.685807653004304e-05,384000000,results/rs/SC5_HBD_MWPM_2_5x/results/sweep_10_exp_0_checkpoints.csv
3333230303230023233302322,0.0088612455693772,4.685807653004304e-05,484000000,results/rs/SC5_HBD_MWPM_2_5x/results/sweep_10_exp_0_checkpoints.csv
0003200320030323220003230,0.0085587457206271,4.6058350562816486e-05,612000000,results/rs/SC5_HBD_MWPM_2_5x/results/sweep_10_exp_0_checkpoints.csv
0003200320030323220003230,0.0085587457206271,4.6058350562816486e-05,772000000,results/rs/SC5_HBD_MWPM_2_5x/results/sweep_10_exp_0_checkpoints.csv
0003200320030323220003230,0.0085587457206271,4.6058350562816486e-05,972000000,results/rs/SC5_HBD_MWPM_2_5x/results/sweep_10_exp_0_checkpoints.csv
3033030000300303000232030,0.0084464957767521,4.575791172101162e-05,1224000000,results/rs/SC5_HBD_MWPM_2_5x/results/sweep_10_exp_0_checkpoints.csv
3033030000300303000232030,0.0084464957767521,4.575791172101162e-05,1544000000,results/rs/SC5_HBD_MWPM_2_5x/results/sweep_10_exp_0_checkpoints.csv
3033030000300303000232030,0.0084464957767521,4.575791172101162e-05,1944000000,results/rs/SC5_HBD_MWPM_2_5x/results/sweep_10_exp_0_checkpoints.csv
3233030303000233300333030,0.008225745887127,4.51610358140897e-05,2448000000,results/rs/SC5_HBD_MWPM_2_5x/results/sweep_10_exp_0_checkpoints.csv
3233030303000233300333030,0.008225745887127,4.51610358140897e-05,3084000000,results/rs/SC5_HBD_MWPM_2_5x/results/sweep_10_exp_0_checkpoints.csv
0000023303200332030003002,0.008110745944627,4.484683813643642e-05,3884000000,results/rs/SC5_HBD_MWPM_2_5x/results/sweep_10_exp_0_checkpoints.csv
0000023303200332030003002,0.008110745944627,4.484683813643642e-05,4892000000,results/rs/SC5_HBD_MWPM_2_5x/results/sweep_10_exp_0_checkpoints.csv
2023300332030302032303032,0.0079387460306269,4.437261668499559e-05,6160000000,results/rs/SC5_HBD_MWPM_2_5x/results/sweep_10_exp_0_checkpoints.csv
3333332302030303033220033,0.0079319960340019,4.435389928403311e-05,7756000000,results/rs/SC5_HBD_MWPM_2_5x/results/sweep_10_exp_0_checkpoints.csv
0202002303030332230320030,0.0078479960760019,4.412028647493571e-05,9768000000,results/rs/SC5_HBD_MWPM_2_5x/results/sweep_10_exp_0_checkpoints.csv
0202002303030332230320030,0.0078479960760019,4.412028647493571e-05,12300000000,results/rs/SC5_HBD_MWPM_2_5x/results/sweep_10_exp_0_checkpoints.csv
3332330332030320030323020,0.0078279960860019,4.406447624205612e-05,15488000000,results/rs/SC5_HBD_MWPM_2_5x/results/sweep_10_exp_0_checkpoints.csv
2330000303330303033202232,0.0075814962092518,4.337053178460337e-05,19500000000,results/rs/SC5_HBD_MWPM_2_5x/results/sweep_10_exp_0_checkpoints.csv
2330000303330303033202232,0.0075814962092518,4.337053178460337e-05,24552000000,results/rs/SC5_HBD_MWPM_2_5x/results/sweep_10_exp_0_checkpoints.csv
0322030000230323030333000,0.0071717464141267,4.219095717417076e-05,30912000000,results/rs/SC5_HBD_MWPM_2_5x/results/sweep_10_exp_0_checkpoints.csv
3302033002330333030303032,0.0071634964182517,4.216685556457378e-05,38916000000,results/rs/SC5_HBD_MWPM_2_5x/results/sweep_10_exp_0_checkpoints.csv
2220030303230303030230033,0.0070307464846267,4.177711525699124e-05,48996000000,results/rs/SC5_HBD_MWPM_2_5x/results/sweep_10_exp_0_checkpoints.csv
2220030303230303030230033,0.0070307464846267,4.177711525699124e-05,61684000000,results/rs/SC5_HBD_MWPM_2_5x/results/sweep_10_exp_0_checkpoints.csv
2220030303230303030230033,0.0070307464846267,4.177711525699124e-05,77656000000,results/rs/SC5_HBD_MWPM_2_5x/results/sweep_10_exp_0_checkpoints.csv
0203330333030203030302023,0.0070012464993767,4.168999657849781e-05,97764000000,results/rs/SC5_HBD_MWPM_2_5x/results/sweep_10_exp_0_checkpoints.csv
0302232033233320320320033,0.0101274949362525,5.006226638215594e-05,4000000,results/rs/SC5_HBD_MWPM_2_5x/results/sweep_21_exp_0_checkpoints.csv
0302232033233320320320033,0.0101274949362525,5.006226638215594e-05,8000000,results/rs/SC5_HBD_MWPM_2_5x/results/sweep_21_exp_0_checkpoints.csv
0302232033233320320320033,0.0101274949362525,5.006226638215594e-05,12000000,results/rs/SC5_HBD_MWPM_2_5x/results/sweep_21_exp_0_checkpoints.csv
0302232033233320320320033,0.0101274949362525,5.006226638215594e-05,16000000,results/rs/SC5_HBD_MWPM_2_5x/results/sweep_21_exp_0_checkpoints.csv
0302232033233320320320033,0.0101274949362525,5.006226638215594e-05,24000000,results/rs/SC5_HBD_MWPM_2_5x/results/sweep_21_exp_0_checkpoints.csv
0302232033233320320320033,0.0101274949362525,5.006226638215594e-05,32000000,results/rs/SC5_HBD_MWPM_2_5x/results/sweep_21_exp_0_checkpoints.csv
0302232033233320320320033,0.0101274949362525,5.006226638215594e-05,44000000,results/rs/SC5_HBD_MWPM_2_5x/results/sweep_21_exp_0_checkpoints.csv
0302232033233320320320033,0.0101274949362525,5.006226638215594e-05,56000000,results/rs/SC5_HBD_MWPM_2_5x/results/sweep_21_exp_0_checkpoints.csv
0302232033233320320320033,0.0101274949362525,5.006226638215594e-05,72000000,results/rs/SC5_HBD_MWPM_2_5x/results/sweep_21_exp_0_checkpoints.csv
3322332220030300330303332,0.0091137454431272,4.751493906951509e-05,92000000,results/rs/SC5_HBD_MWPM_2_5x/results/sweep_21_exp_0_checkpoints.csv
3322332220030300330303332,0.0091137454431272,4.751493906951509e-05,116000000,results/rs/SC5_HBD_MWPM_2_5x/results/sweep_21_exp_0_checkpoints.csv
3322332220030300330303332,0.0091137454431272,4.751493906951509e-05,148000000,results/rs/SC5_HBD_MWPM_2_5x/results/sweep_21_exp_0_checkpoints.csv
3322332220030300330303332,0.0091137454431272,4.751493906951509e-05,188000000,results/rs/SC5_HBD_MWPM_2_5x/results/sweep_21_exp_0_checkpoints.csv
3322332220030300330303332,0.0091137454431272,4.751493906951509e-05,240000000,results/rs/SC5_HBD_MWPM_2_5x/results/sweep_21_exp_0_checkpoints.csv
3322332220030300330303332,0.0091137454431272,4.751493906951509e-05,304000000,results/rs/SC5_HBD_MWPM_2_5x/results/sweep_21_exp_0_checkpoints.csv
3322332220030300330303332,0.0091137454431272,4.751493906951509e-05,384000000,results/rs/SC5_HBD_MWPM_2_5x/results/sweep_21_exp_0_checkpoints.csv
0232033322330003023300030,0.0090194954902522,4.72708597953897e-05,484000000,results/rs/SC5_HBD_MWPM_2_5x/results/sweep_21_exp_0_checkpoints.csv
2020330322033200030303300,0.0089417455291272,4.706852632807568e-05,612000000,results/rs/SC5_HBD_MWPM_2_5x/results/sweep_21_exp_0_checkpoints.csv
2020330322033200030303300,0.0089417455291272,4.706852632807568e-05,772000000,results/rs/SC5_HBD_MWPM_2_5x/results/sweep_21_exp_0_checkpoints.csv
3200332203332333030333033,0.0084549957725021,4.578073640004732e-05,972000000,results/rs/SC5_HBD_MWPM_2_5x/results/sweep_21_exp_0_checkpoints.csv
3330303303230003032330032,0.008307995846002,4.538437860901468e-05,1224000000,results/rs/SC5_HBD_MWPM_2_5x/results/sweep_21_exp_0_checkpoints.csv
3330303303230003032330032,0.008307995846002,4.538437860901468e-05,1544000000,results/rs/SC5_HBD_MWPM_2_5x/results/sweep_21_exp_0_checkpoints.csv
3300030300033003230330320,0.008162995918502,4.498987618717365e-05,1944000000,results/rs/SC5_HBD_MWPM_2_5x/results/sweep_21_exp_0_checkpoints.csv
3300030300033003230330320,0.008162995918502,4.498987618717365e-05,2448000000,results/rs/SC5_HBD_MWPM_2_5x/results/sweep_21_exp_0_checkpoints.csv
3300030300033003230330320,0.008162995918502,4.498987618717365e-05,3084000000,results/rs/SC5_HBD_MWPM_2_5x/results/sweep_21_exp_0_checkpoints.csv
3300030300033003230330320,0.008162995918502,4.498987618717365e-05,3884000000,results/rs/SC5_HBD_MWPM_2_5x/results/sweep_21_exp_0_checkpoints.csv
0302320203030333032322003,0.0079364960317519,4.436637755134143e-05,4892000000,results/rs/SC5_HBD_MWPM_2_5x/results/sweep_21_exp_0_checkpoints.csv
0302320203030333032322003,0.0079364960317519,4.436637755134143e-05,6160000000,results/rs/SC5_HBD_MWPM_2_5x/results/sweep_21_exp_0_checkpoints.csv
0302320203030333032322003,0.0079364960317519,4.436637755134143e-05,7756000000,results/rs/SC5_HBD_MWPM_2_5x/results/sweep_21_exp_0_checkpoints.csv
0302320203030333032322003,0.0079364960317519,4.436637755134143e-05,9768000000,results/rs/SC5_HBD_MWPM_2_5x/results/sweep_21_exp_0_checkpoints.csv
0302320203030333032322003,0.0079364960317519,4.436637755134143e-05,12300000000,results/rs/SC5_HBD_MWPM_2_5x/results/sweep_21_exp_0_checkpoints.csv
2300002203030300030332002,0.0078584960707519,4.414955765241757e-05,15488000000,results/rs/SC5_HBD_MWPM_2_5x/results/sweep_21_exp_0_checkpoints.csv
3320330023030323030203330,0.0078019960990019,4.399181489134208e-05,19500000000,results/rs/SC5_HBD_MWPM_2_5x/results/sweep_21_exp_0_checkpoints.csv
3320330023030323030203330,0.0078019960990019,4.399181489134208e-05,24552000000,results/rs/SC5_HBD_MWPM_2_5x/results/sweep_21_exp_0_checkpoints.csv
3320330023030323030203330,0.0078019960990019,4.399181489134208e-05,30912000000,results/rs/SC5_HBD_MWPM_2_5x/results/sweep_21_exp_0_checkpoints.csv
2323330302230302020300003,0.0076954961522519,4.369287489680573e-05,38916000000,results/rs/SC5_HBD_MWPM_2_5x/results/sweep_21_exp_0_checkpoints.csv
2323330302230302020300003,0.0076954961522519,4.369287489680573e-05,48996000000,results/rs/SC5_HBD_MWPM_2_5x/results/sweep_21_exp_0_checkpoints.csv
2002030303030020020233030,0.0076897461551269,4.367667497717776e-05,61684000000,results/rs/SC5_HBD_MWPM_2_5x/results/sweep_21_exp_0_checkpoints.csv
2002030303030020020233030,0.0076897461551269,4.367667497717776e-05,77656000000,results/rs/SC5_HBD_MWPM_2_5x/results/sweep_21_exp_0_checkpoints.csv
3333020303030330030303333,0.0066259966870016,4.0565031667938456e-05,97764000000,results/rs/SC5_HBD_MWPM_2_5x/results/sweep_21_exp_0_checkpoints.csv
3233023233302222333002003,0.0133014933492533,5.728122414438985e-05,4000000,results/rs/SC5_HBD_MWPM_2_5x/results/sweep_16_exp_0_checkpoints.csv
0303232322303300032333320,0.0097079951460024,4.902484579361044e-05,8000000,results/rs/SC5_HBD_MWPM_2_5x/results/sweep_16_exp_0_checkpoints.csv
0303232322303300032333320,0.0097079951460024,4.902484579361044e-05,12000000,results/rs/SC5_HBD_MWPM_2_5x/results/sweep_16_exp_0_checkpoints.csv
0303232322303300032333320,0.0097079951460024,4.902484579361044e-05,16000000,results/rs/SC5_HBD_MWPM_2_5x/results/sweep_16_exp_0_checkpoints.csv
0303232322303300032333320,0.0097079951460024,4.902484579361044e-05,24000000,results/rs/SC5_HBD_MWPM_2_5x/results/sweep_16_exp_0_checkpoints.csv
0303230203320223030222322,0.0094832452583773,4.845953662879765e-05,32000000,results/rs/SC5_HBD_MWPM_2_5x/results/sweep_16_exp_0_checkpoints.csv
3203020032330230230003030,0.0093657453171273,4.8161240556510165e-05,44000000,results/rs/SC5_HBD_MWPM_2_5x/results/sweep_16_exp_0_checkpoints.csv
3203020032330230230003030,0.0093657453171273,4.8161240556510165e-05,56000000,results/rs/SC5_HBD_MWPM_2_5x/results/sweep_16_exp_0_checkpoints.csv
3332000202330323000000233,0.0087459956270021,4.655506563722156e-05,72000000,results/rs/SC5_HBD_MWPM_2_5x/results/sweep_16_exp_0_checkpoints.csv
3332000202330323000000233,0.0087459956270021,4.655506563722156e-05,92000000,results/rs/SC5_HBD_MWPM_2_5x/results/sweep_16_exp_0_checkpoints.csv
3332000202330323000000233,0.0087459956270021,4.655506563722156e-05,116000000,results/rs/SC5_HBD_MWPM_2_5x/results/sweep_16_exp_0_checkpoints.csv
3332000202330323000000233,0.0087459956270021,4.655506563722156e-05,148000000,results/rs/SC5_HBD_MWPM_2_5x/results/sweep_16_exp_0_checkpoints.csv
3332000202330323000000233,0.0087459956270021,4.655506563722156e-05,188000000,results/rs/SC5_HBD_MWPM_2_5x/results/sweep_16_exp_0_checkpoints.csv
3332000202330323000000233,0.0087459956270021,4.655506563722156e-05,240000000,results/rs/SC5_HBD_MWPM_2_5x/results/sweep_16_exp_0_checkpoints.csv
3332000202330323000000233,0.0087459956270021,4.655506563722156e-05,304000000,results/rs/SC5_HBD_MWPM_2_5x/results/sweep_16_exp_0_checkpoints.csv
3332000202330323000000233,0.0087459956270021,4.655506563722156e-05,384000000,results/rs/SC5_HBD_MWPM_2_5x/results/sweep_16_exp_0_checkpoints.csv
3332000202330323000000233,0.0087459956270021,4.655506563722156e-05,484000000,results/rs/SC5_HBD_MWPM_2_5x/results/sweep_16_exp_0_checkpoints.csv
3332000202330323000000233,0.0087459956270021,4.655506563722156e-05,612000000,results/rs/SC5_HBD_MWPM_2_5x/results/sweep_16_exp_0_checkpoints.csv
3332000202330323000000233,0.0087459956270021,4.655506563722156e-05,772000000,results/rs/SC5_HBD_MWPM_2_5x/results/sweep_16_exp_0_checkpoints.csv
2023330003033030030303320,0.008395995802002,4.562208050629124e-05,972000000,results/rs/SC5_HBD_MWPM_2_5x/results/sweep_16_exp_0_checkpoints.csv
2200020303232303030230022,0.0079149960425019,4.430672197486274e-05,1224000000,results/rs/SC5_HBD_MWPM_2_5x/results/sweep_16_exp_0_checkpoints.csv
2200020303232303030230022,0.0079149960425019,4.430672197486274e-05,1544000000,results/rs/SC5_HBD_MWPM_2_5x/results/sweep_16_exp_0_checkpoints.csv
2200020303232303030230022,0.0079149960425019,4.430672197486274e-05,1944000000,results/rs/SC5_HBD_MWPM_2_5x/results/sweep_16_exp_0_checkpoints.csv
2200020303232303030230022,0.0079149960425019,4.430672197486274e-05,2448000000,results/rs/SC5_HBD_MWPM_2_5x/results/sweep_16_exp_0_checkpoints.csv
2200020303232303030230022,0.0079149960425019,4.430672197486274e-05,3084000000,results/rs/SC5_HBD_MWPM_2_5x/results/sweep_16_exp_0_checkpoints.csv
2200020303232303030230022,0.0079149960425019,4.430672197486274e-05,3884000000,results/rs/SC5_HBD_MWPM_2_5x/results/sweep_16_exp_0_checkpoints.csv
2200020303232303030230022,0.0079149960425019,4.430672197486274e-05,4892000000,results/rs/SC5_HBD_MWPM_2_5x/results/sweep_16_exp_0_checkpoints.csv
2200020303232303030230022,0.0079149960425019,4.430672197486274e-05,6160000000,results/rs/SC5_HBD_MWPM_2_5x/results/sweep_16_exp_0_checkpoints.csv
2200020303232303030230022,0.0079149960425019,4.430672197486274e-05,7756000000,results/rs/SC5_HBD_MWPM_2_5x/results/sweep_16_exp_0_checkpoints.csv
0303300230030320030303302,0.0077582461208769,4.386926593724638e-05,9768000000,results/rs/SC5_HBD_MWPM_2_5x/results/sweep_16_exp_0_checkpoints.csv
0303300230030320030303302,0.0077582461208769,4.386926593724638e-05,12300000000,results/rs/SC5_HBD_MWPM_2_5x/results/sweep_16_exp_0_checkpoints.csv
0303300230030320030303302,0.0077582461208769,4.386926593724638e-05,15488000000,results/rs/SC5_HBD_MWPM_2_5x/results/sweep_16_exp_0_checkpoints.csv
0303300230030320030303302,0.0077582461208769,4.386926593724638e-05,19500000000,results/rs/SC5_HBD_MWPM_2_5x/results/sweep_16_exp_0_checkpoints.csv
0303300230030320030303302,0.0077582461208769,4.386926593724638e-05,24552000000,results/rs/SC5_HBD_MWPM_2_5x/results/sweep_16_exp_0_checkpoints.csv
2303332303030023000303200,0.0075867462066268,4.338542930781841e-05,30912000000,results/rs/SC5_HBD_MWPM_2_5x/results/sweep_16_exp_0_checkpoints.csv
2303332303030023000303200,0.0075867462066268,4.338542930781841e-05,38916000000,results/rs/SC5_HBD_MWPM_2_5x/results/sweep_16_exp_0_checkpoints.csv
2303332303030023000303200,0.0075867462066268,4.338542930781841e-05,48996000000,results/rs/SC5_HBD_MWPM_2_5x/results/sweep_16_exp_0_checkpoints.csv
2303332303030023000303200,0.0075867462066268,4.338542930781841e-05,61684000000,results/rs/SC5_HBD_MWPM_2_5x/results/sweep_16_exp_0_checkpoints.csv
0333230302330203030223030,0.0073369963315018,4.267071562935598e-05,77656000000,results/rs/SC5_HBD_MWPM_2_5x/results/sweep_16_exp_0_checkpoints.csv
0333230302330203030223030,0.0073369963315018,4.267071562935598e-05,97764000000,results/rs/SC5_HBD_MWPM_2_5x/results/sweep_16_exp_0_checkpoints.csv
0302003222003220233202300,0.0125754937122531,5.571656220126897e-05,4000000,results/rs/SC5_HBD_MWPM_2_5x/results/sweep_7_exp_0_checkpoints.csv
0303203330320020220030023,0.0111047444476277,5.2396138926269487e-05,8000000,results/rs/SC5_HBD_MWPM_2_5x/results/sweep_7_exp_0_checkpoints.csv
3323030202220322000220330,0.0095962452018773,4.874461592407897e-05,12000000,results/rs/SC5_HBD_MWPM_2_5x/results/sweep_7_exp_0_checkpoints.csv
3323030202220322000220330,0.0095962452018773,4.874461592407897e-05,16000000,results/rs/SC5_HBD_MWPM_2_5x/results/sweep_7_exp_0_checkpoints.csv
3323030202220322000220330,0.0095962452018773,4.874461592407897e-05,24000000,results/rs/SC5_HBD_MWPM_2_5x/results/sweep_7_exp_0_checkpoints.csv
3323030202220322000220330,0.0095962452018773,4.874461592407897e-05,32000000,results/rs/SC5_HBD_MWPM_2_5x/results/sweep_7_exp_0_checkpoints.csv
3323320303330322000233033,0.0078342460828769,4.4081927626393735e-05,44000000,results/rs/SC5_HBD_MWPM_2_5x/results/sweep_7_exp_0_checkpoints.csv
3323320303330322000233033,0.0078342460828769,4.4081927626393735e-05,56000000,results/rs/SC5_HBD_MWPM_2_5x/results/sweep_7_exp_0_checkpoints.csv
3323320303330322000233033,0.0078342460828769,4.4081927626393735e-05,72000000,results/rs/SC5_HBD_MWPM_2_5x/results/sweep_7_exp_0_checkpoints.csv
3323320303330322000233033,0.0078342460828769,4.4081927626393735e-05,92000000,results/rs/SC5_HBD_MWPM_2_5x/results/sweep_7_exp_0_checkpoints.csv
3323320303330322000233033,0.0078342460828769,4.4081927626393735e-05,116000000,results/rs/SC5_HBD_MWPM_2_5x/results/sweep_7_exp_0_checkpoints.csv
3323320303330322000233033,0.0078342460828769,4.4081927626393735e-05,148000000,results/rs/SC5_HBD_MWPM_2_5x/results/sweep_7_exp_0_checkpoints.csv
3323320303330322000233033,0.0078342460828769,4.4081927626393735e-05,188000000,results/rs/SC5_HBD_MWPM_2_5x/results/sweep_7_exp_0_checkpoints.csv
3323320303330322000233033,0.0078342460828769,4.4081927626393735e-05,240000000,results/rs/SC5_HBD_MWPM_2_5x/results/sweep_7_exp_0_checkpoints.csv
3323320303330322000233033,0.0078342460828769,4.4081927626393735e-05,304000000,results/rs/SC5_HBD_MWPM_2_5x/results/sweep_7_exp_0_checkpoints.csv
3323320303330322000233033,0.0078342460828769,4.4081927626393735e-05,384000000,results/rs/SC5_HBD_MWPM_2_5x/results/sweep_7_exp_0_checkpoints.csv
3323320303330322000233033,0.0078342460828769,4.4081927626393735e-05,484000000,results/rs/SC5_HBD_MWPM_2_5x/results/sweep_7_exp_0_checkpoints.csv
3323320303330322000233033,0.0078342460828769,4.4081927626393735e-05,612000000,results/rs/SC5_HBD_MWPM_2_5x/results/sweep_7_exp_0_checkpoints.csv
3323320303330322000233033,0.0078342460828769,4.4081927626393735e-05,772000000,results/rs/SC5_HBD_MWPM_2_5x/results/sweep_7_exp_0_checkpoints.csv
3323320303330322000233033,0.0078342460828769,4.4081927626393735e-05,972000000,results/rs/SC5_HBD_MWPM_2_5x/results/sweep_7_exp_0_checkpoints.csv
3323320303330322000233033,0.0078342460828769,4.4081927626393735e-05,1224000000,results/rs/SC5_HBD_MWPM_2_5x/results/sweep_7_exp_0_checkpoints.csv
3323320303330322000233033,0.0078342460828769,4.4081927626393735e-05,1544000000,results/rs/SC5_HBD_MWPM_2_5x/results/sweep_7_exp_0_checkpoints.csv
3323320303330322000233033,0.0078342460828769,4.4081927626393735e-05,1944000000,results/rs/SC5_HBD_MWPM_2_5x/results/sweep_7_exp_0_checkpoints.csv
3323320303330322000233033,0.0078342460828769,4.4081927626393735e-05,2448000000,results/rs/SC5_HBD_MWPM_2_5x/results/sweep_7_exp_0_checkpoints.csv
3323320303330322000233033,0.0078342460828769,4.4081927626393735e-05,3084000000,results/rs/SC5_HBD_MWPM_2_5x/results/sweep_7_exp_0_checkpoints.csv
3323320303330322000233033,0.0078342460828769,4.4081927626393735e-05,3884000000,results/rs/SC5_HBD_MWPM_2_5x/results/sweep_7_exp_0_checkpoints.csv
3323320303330322000233033,0.0078342460828769,4.4081927626393735e-05,4892000000,results/rs/SC5_HBD_MWPM_2_5x/results/sweep_7_exp_0_checkpoints.csv
0303230332030303230320023,0.0073639963180018,4.274857565178536e-05,6160000000,results/rs/SC5_HBD_MWPM_2_5x/results/sweep_7_exp_0_checkpoints.csv
0303230332030303230320023,0.0073639963180018,4.274857565178536e-05,7756000000,results/rs/SC5_HBD_MWPM_2_5x/results/sweep_7_exp_0_checkpoints.csv
0303230332030303230320023,0.0073639963180018,4.274857565178536e-05,9768000000,results/rs/SC5_HBD_MWPM_2_5x/results/sweep_7_exp_0_checkpoints.csv
0303230332030303230320023,0.0073639963180018,4.274857565178536e-05,12300000000,results/rs/SC5_HBD_MWPM_2_5x/results/sweep_7_exp_0_checkpoints.csv
0303230332030303230320023,0.0073639963180018,4.274857565178536e-05,15488000000,results/rs/SC5_HBD_MWPM_2_5x/results/sweep_7_exp_0_checkpoints.csv
0303230332030303230320023,0.0073639963180018,4.274857565178536e-05,19500000000,results/rs/SC5_HBD_MWPM_2_5x/results/sweep_7_exp_0_checkpoints.csv
0303230332030303230320023,0.0073639963180018,4.274857565178536e-05,24552000000,results/rs/SC5_HBD_MWPM_2_5x/results/sweep_7_exp_0_checkpoints.csv
0303230332030303230320023,0.0073639963180018,4.274857565178536e-05,30912000000,results/rs/SC5_HBD_MWPM_2_5x/results/sweep_7_exp_0_checkpoints.csv
0303230332030303230320023,0.0073639963180018,4.274857565178536e-05,38916000000,results/rs/SC5_HBD_MWPM_2_5x/results/sweep_7_exp_0_checkpoints.csv
0303230332030303230320023,0.0073639963180018,4.274857565178536e-05,48996000000,results/rs/SC5_HBD_MWPM_2_5x/results/sweep_7_exp_0_checkpoints.csv
0203022303330303030323022,0.0068799965600017,4.1329945815959945e-05,61684000000,results/rs/SC5_HBD_MWPM_2_5x/results/sweep_7_exp_0_checkpoints.csv
0203022303330303030323022,0.0068799965600017,4.1329945815959945e-05,77656000000,results/rs/SC5_HBD_MWPM_2_5x/results/sweep_7_exp_0_checkpoints.csv
0203022303330303030323022,0.0068799965600017,4.1329945815959945e-05,97764000000,results/rs/SC5_HBD_MWPM_2_5x/results/sweep_7_exp_0_checkpoints.csv
0002330333330032223032303,0.0107527446236276,5.156819679541513e-05,4000000,results/rs/SC5_HBD_MWPM_2_5x/results/sweep_1_exp_0_checkpoints.csv
0002330333330032223032303,0.0107527446236276,5.156819679541513e-05,8000000,results/rs/SC5_HBD_MWPM_2_5x/results/sweep_1_exp_0_checkpoints.csv
0002330333330032223032303,0.0107527446236276,5.156819679541513e-05,12000000,results/rs/SC5_HBD_MWPM_2_5x/results/sweep_1_exp_0_checkpoints.csv
0002330333330032223032303,0.0107527446236276,5.156819679541513e-05,16000000,results/rs/SC5_HBD_MWPM_2_5x/results/sweep_1_exp_0_checkpoints.csv
0002330333330032223032303,0.0107527446236276,5.156819679541513e-05,24000000,results/rs/SC5_HBD_MWPM_2_5x/results/sweep_1_exp_0_checkpoints.csv
0002330333330032223032303,0.0107527446236276,5.156819679541513e-05,32000000,results/rs/SC5_HBD_MWPM_2_5x/results/sweep_1_exp_0_checkpoints.csv
0002330333330032223032303,0.0107527446236276,5.156819679541513e-05,44000000,results/rs/SC5_HBD_MWPM_2_5x/results/sweep_1_exp_0_checkpoints.csv
2300023303203233033003202,0.0103909948045025,5.0702597945928574e-05,56000000,results/rs/SC5_HBD_MWPM_2_5x/results/sweep_1_exp_0_checkpoints.csv
0200320033330302230333303,0.0088899955550022,4.693334994954057e-05,72000000,results/rs/SC5_HBD_MWPM_2_5x/results/sweep_1_exp_0_checkpoints.csv
0200320033330302230333303,0.0088899955550022,4.693334994954057e-05,92000000,results/rs/SC5_HBD_MWPM_2_5x/results/sweep_1_exp_0_checkpoints.csv
0200320033330302230333303,0.0088899955550022,4.693334994954057e-05,116000000,results/rs/SC5_HBD_MWPM_2_5x/results/sweep_1_exp_0_checkpoints.csv
0200320033330302230333303,0.0088899955550022,4.693334994954057e-05,148000000,results/rs/SC5_HBD_MWPM_2_5x/results/sweep_1_exp_0_checkpoints.csv
0200320033330302230333303,0.0088899955550022,4.693334994954057e-05,188000000,results/rs/SC5_HBD_MWPM_2_5x/results/sweep_1_exp_0_checkpoints.csv
0200320033330302230333303,0.0088899955550022,4.693334994954057e-05,240000000,results/rs/SC5_HBD_MWPM_2_5x/results/sweep_1_exp_0_checkpoints.csv
0200320033330302230333303,0.0088899955550022,4.693334994954057e-05,304000000,results/rs/SC5_HBD_MWPM_2_5x/results/sweep_1_exp_0_checkpoints.csv
3303033000030233020333203,0.0087887456056271,4.6667701099067926e-05,384000000,results/rs/SC5_HBD_MWPM_2_5x/results/sweep_1_exp_0_checkpoints.csv
0300000302023023000333032,0.0087237456381271,4.649633046938106e-05,484000000,results/rs/SC5_HBD_MWPM_2_5x/results/sweep_1_exp_0_checkpoints.csv
0300000302023023000333032,0.0087237456381271,4.649633046938106e-05,612000000,results/rs/SC5_HBD_MWPM_2_5x/results/sweep_1_exp_0_checkpoints.csv
0300000302023023000333032,0.0087237456381271,4.649633046938106e-05,772000000,results/rs/SC5_HBD_MWPM_2_5x/results/sweep_1_exp_0_checkpoints.csv
0300000302023023000333032,0.0087237456381271,4.649633046938106e-05,972000000,results/rs/SC5_HBD_MWPM_2_5x/results/sweep_1_exp_0_checkpoints.csv
0300000302023023000333032,0.0087237456381271,4.649633046938106e-05,1224000000,results/rs/SC5_HBD_MWPM_2_5x/results/sweep_1_exp_0_checkpoints.csv
0302002303030330002323203,0.0084579957710021,4.578878724714741e-05,1544000000,results/rs/SC5_HBD_MWPM_2_5x/results/sweep_1_exp_0_checkpoints.csv
0302002303030330002323203,0.0084579957710021,4.578878724714741e-05,1944000000,results/rs/SC5_HBD_MWPM_2_5x/results/sweep_1_exp_0_checkpoints.csv
2203220233300303030330000,0.008356995821502,4.55168956250418e-05,2448000000,results/rs/SC5_HBD_MWPM_2_5x/results/sweep_1_exp_0_checkpoints.csv
2203220233300303030330000,0.008356995821502,4.55168956250418e-05,3084000000,results/rs/SC5_HBD_MWPM_2_5x/results/sweep_1_exp_0_checkpoints.csv
2303330303300322030332300,0.0075819962090018,4.337194695835933e-05,3884000000,results/rs/SC5_HBD_MWPM_2_5x/results/sweep_1_exp_0_checkpoints.csv
2303330303300322030332300,0.0075819962090018,4.337194695835933e-05,4892000000,results/rs/SC5_HBD_MWPM_2_5x/results/sweep_1_exp_0_checkpoints.csv
2303330303300322030332300,0.0075819962090018,4.337194695835933e-05,6160000000,results/rs/SC5_HBD_MWPM_2_5x/results/sweep_1_exp_0_checkpoints.csv
2303330303300322030332300,0.0075819962090018,4.337194695835933e-05,7756000000,results/rs/SC5_HBD_MWPM_2_5x/results/sweep_1_exp_0_checkpoints.csv
2303330303300322030332300,0.0075819962090018,4.337194695835933e-05,9768000000,results/rs/SC5_HBD_MWPM_2_5x/results/sweep_1_exp_0_checkpoints.csv
2303330303300322030332300,0.0075819962090018,4.337194695835933e-05,12300000000,results/rs/SC5_HBD_MWPM_2_5x/results/sweep_1_exp_0_checkpoints.csv
2303330303300322030332300,0.0075819962090018,4.337194695835933e-05,15488000000,results/rs/SC5_HBD_MWPM_2_5x/results/sweep_1_exp_0_checkpoints.csv
2303330303300322030332300,0.0075819962090018,4.337194695835933e-05,19500000000,results/rs/SC5_HBD_MWPM_2_5x/results/sweep_1_exp_0_checkpoints.csv
2303330303300322030332300,0.0075819962090018,4.337194695835933e-05,24552000000,results/rs/SC5_HBD_MWPM_2_5x/results/sweep_1_exp_0_checkpoints.csv
2303330303300322030332300,0.0075819962090018,4.337194695835933e-05,30912000000,results/rs/SC5_HBD_MWPM_2_5x/results/sweep_1_exp_0_checkpoints.csv
2303330303300322030332300,0.0075819962090018,4.337194695835933e-05,38916000000,results/rs/SC5_HBD_MWPM_2_5x/results/sweep_1_exp_0_checkpoints.csv
0300020300230303000303033,0.0066837466581266,4.07402403652668e-05,48996000000,results/rs/SC5_HBD_MWPM_2_5x/results/sweep_1_exp_0_checkpoints.csv
0300020300230303000303033,0.0066837466581266,4.07402403652668e-05,61684000000,results/rs/SC5_HBD_MWPM_2_5x/results/sweep_1_exp_0_checkpoints.csv
0300020300230303000303033,0.0066837466581266,4.07402403652668e-05,77656000000,results/rs/SC5_HBD_MWPM_2_5x/results/sweep_1_exp_0_checkpoints.csv
0300020300230303000303033,0.0066837466581266,4.07402403652668e-05,97764000000,results/rs/SC5_HBD_MWPM_2_5x/results/sweep_1_exp_0_checkpoints.csv
0002300033202320323202222,0.0126639936680031,5.5909767979756e-05,4000000,results/rs/SC5_HBD_MWPM_2_5x/results/sweep_11_exp_0_checkpoints.csv
0002300033202320323202222,0.0126639936680031,5.5909767979756e-05,8000000,results/rs/SC5_HBD_MWPM_2_5x/results/sweep_11_exp_0_checkpoints.csv
3023033000003203002302002,0.0109877445061277,5.21224646945484e-05,12000000,results/rs/SC5_HBD_MWPM_2_5x/results/sweep_11_exp_0_checkpoints.csv
3023033000003203002302002,0.0109877445061277,5.21224646945484e-05,16000000,results/rs/SC5_HBD_MWPM_2_5x/results/sweep_11_exp_0_checkpoints.csv
3233033203232023032300233,0.0102559948720025,5.037559458287433e-05,24000000,results/rs/SC5_HBD_MWPM_2_5x/results/sweep_11_exp_0_checkpoints.csv
3233033203232023032300233,0.0102559948720025,5.037559458287433e-05,32000000,results/rs/SC5_HBD_MWPM_2_5x/results/sweep_11_exp_0_checkpoints.csv
2222020233033303230200323,0.0098607450696274,4.940522194374353e-05,44000000,results/rs/SC5_HBD_MWPM_2_5x/results/sweep_11_exp_0_checkpoints.csv
2222020233033303230200323,0.0098607450696274,4.940522194374353e-05,56000000,results/rs/SC5_HBD_MWPM_2_5x/results/sweep_11_exp_0_checkpoints.csv
0303302322232300000300303,0.0095162452418773,4.854296639678069e-05,72000000,results/rs/SC5_HBD_MWPM_2_5x/results/sweep_11_exp_0_checkpoints.csv
0303302322232300000300303,0.0095162452418773,4.854296639678069e-05,92000000,results/rs/SC5_HBD_MWPM_2_5x/results/sweep_11_exp_0_checkpoints.csv
0222033332030302000332222,0.0092282453858773,4.780972085427493e-05,116000000,results/rs/SC5_HBD_MWPM_2_5x/results/sweep_11_exp_0_checkpoints.csv
0222033332030302000332222,0.0092282453858773,4.780972085427493e-05,148000000,results/rs/SC5_HBD_MWPM_2_5x/results/sweep_11_exp_0_checkpoints.csv
0222033332030302000332222,0.0092282453858773,4.780972085427493e-05,188000000,results/rs/SC5_HBD_MWPM_2_5x/results/sweep_11_exp_0_checkpoints.csv
3303030303033033222000003,0.0090407454796272,4.732600427814759e-05,240000000,results/rs/SC5_HBD_MWPM_2_5x/results/sweep_11_exp_0_checkpoints.csv
3303030303033033222000003,0.0090407454796272,4.732600427814759e-05,304000000,results/rs/SC5_HBD_MWPM_2_5x/results/sweep_11_exp_0_checkpoints.csv
3303030303033033222000003,0.0090407454796272,4.732600427814759e-05,384000000,results/rs/SC5_HBD_MWPM_2_5x/results/sweep_11_exp_0_checkpoints.csv
3303030303033033222000003,0.0090407454796272,4.732600427814759e-05,484000000,results/rs/SC5_HBD_MWPM_2_5x/results/sweep_11_exp_0_checkpoints.csv
3323000003332000030030030,0.0087069956465021,4.645206718123518e-05,612000000,results/rs/SC5_HBD_MWPM_2_5x/results/sweep_11_exp_0_checkpoints.csv
3323000003332000030030030,0.0087069956465021,4.645206718123518e-05,772000000,results/rs/SC5_HBD_MWPM_2_5x/results/sweep_11_exp_0_checkpoints.csv
3322330320030303333233230,0.0085564957217521,4.6052347897784784e-05,972000000,results/rs/SC5_HBD_MWPM_2_5x/results/sweep_11_exp_0_checkpoints.csv
3322330320030303333233230,0.0085564957217521,4.6052347897784784e-05,1224000000,results/rs/SC5_HBD_MWPM_2_5x/results/sweep_11_exp_0_checkpoints.csv
2322220303330303023203320,0.0084627457686271,4.580153108690865e-05,1544000000,results/rs/SC5_HBD_MWPM_2_5x/results/sweep_11_exp_0_checkpoints.csv
0323032323330000330333022,0.0084289957855021,4.571089084492996e-05,1944000000,results/rs/SC5_HBD_MWPM_2_5x/results/sweep_11_exp_0_checkpoints.csv
0320330300230333332003230,0.008100495949752,4.481872383621521e-05,2448000000,results/rs/SC5_HBD_MWPM_2_5x/results/sweep_11_exp_0_checkpoints.csv
0320330300230333332003230,0.008100495949752,4.481872383621521e-05,3084000000,results/rs/SC5_HBD_MWPM_2_5x/results/sweep_11_exp_0_checkpoints.csv
0320330300230333332003230,0.008100495949752,4.481872383621521e-05,3884000000,results/rs/SC5_HBD_MWPM_2_5x/results/sweep_11_exp_0_checkpoints.csv
0320330300230333332003230,0.008100495949752,4.481872383621521e-05,4892000000,results/rs/SC5_HBD_MWPM_2_5x/results/sweep_11_exp_0_checkpoints.csv
3300200332330300330233030,0.0078719960640019,4.418716343934648e-05,6160000000,results/rs/SC5_HBD_MWPM_2_5x/results/sweep_11_exp_0_checkpoints.csv
3300200332330300330233030,0.0078719960640019,4.418716343934648e-05,7756000000,results/rs/SC5_HBD_MWPM_2_5x/results/sweep_11_exp_0_checkpoints.csv
2303030303033300033302333,0.0072747463626268,4.249064295436256e-05,9768000000,results/rs/SC5_HBD_MWPM_2_5x/results/sweep_11_exp_0_checkpoints.csv
2303030303033300033302333,0.0072747463626268,4.249064295436256e-05,12300000000,results/rs/SC5_HBD_MWPM_2_5x/results/sweep_11_exp_0_checkpoints.csv
2303030303033300033302333,0.0072747463626268,4.249064295436256e-05,15488000000,results/rs/SC5_HBD_MWPM_2_5x/results/sweep_11_exp_0_checkpoints.csv
2303030303033300033302333,0.0072747463626268,4.249064295436256e-05,19500000000,results/rs/SC5_HBD_MWPM_2_5x/results/sweep_11_exp_0_checkpoints.csv
2303030303033300033302333,0.0072747463626268,4.249064295436256e-05,24552000000,results/rs/SC5_HBD_MWPM_2_5x/results/sweep_11_exp_0_checkpoints.csv
2303030303033300033302333,0.0072747463626268,4.249064295436256e-05,30912000000,results/rs/SC5_HBD_MWPM_2_5x/results/sweep_11_exp_0_checkpoints.csv
2303030303033300033302333,0.0072747463626268,4.249064295436256e-05,38916000000,results/rs/SC5_HBD_MWPM_2_5x/results/sweep_11_exp_0_checkpoints.csv
2303030303033300033302333,0.0072747463626268,4.249064295436256e-05,48996000000,results/rs/SC5_HBD_MWPM_2_5x/results/sweep_11_exp_0_checkpoints.csv
2303030303033300033302333,0.0072747463626268,4.249064295436256e-05,61684000000,results/rs/SC5_HBD_MWPM_2_5x/results/sweep_11_exp_0_checkpoints.csv
0003200303030330020333330,0.0071717464141267,4.219095717417076e-05,77656000000,results/rs/SC5_HBD_MWPM_2_5x/results/sweep_11_exp_0_checkpoints.csv
3000330303030332230303002,0.0071394964302517,4.2096671677427366e-05,97764000000,results/rs/SC5_HBD_MWPM_2_5x/results/sweep_11_exp_0_checkpoints.csv
0030222032303002300323000,0.012179743910128,5.484384382725693e-05,4000000,results/rs/SC5_HBD_MWPM_2_5x/results/sweep_17_exp_0_checkpoints.csv
0030222032303002300323000,0.012179743910128,5.484384382725693e-05,8000000,results/rs/SC5_HBD_MWPM_2_5x/results/sweep_17_exp_0_checkpoints.csv
0030222032303002300323000,0.012179743910128,5.484384382725693e-05,12000000,results/rs/SC5_HBD_MWPM_2_5x/results/sweep_17_exp_0_checkpoints.csv
2230330202033320033302303,0.0095704952147523,4.867980533163063e-05,16000000,results/rs/SC5_HBD_MWPM_2_5x/results/sweep_17_exp_0_checkpoints.csv
2230330202033320033302303,0.0095704952147523,4.867980533163063e-05,24000000,results/rs/SC5_HBD_MWPM_2_5x/results/sweep_17_exp_0_checkpoints.csv
2230330202033320033302303,0.0095704952147523,4.867980533163063e-05,32000000,results/rs/SC5_HBD_MWPM_2_5x/results/sweep_17_exp_0_checkpoints.csv
2230330202033320033302303,0.0095704952147523,4.867980533163063e-05,44000000,results/rs/SC5_HBD_MWPM_2_5x/results/sweep_17_exp_0_checkpoints.csv
2230330202033320033302303,0.0095704952147523,4.867980533163063e-05,56000000,results/rs/SC5_HBD_MWPM_2_5x/results/sweep_17_exp_0_checkpoints.csv
3203333330003200330303023,0.0095339952330023,4.858778265770525e-05,72000000,results/rs/SC5_HBD_MWPM_2_5x/results/sweep_17_exp_0_checkpoints.csv
0200000000330323303002230,0.0092554953722523,4.7879599151201546e-05,92000000,results/rs/SC5_HBD_MWPM_2_5x/results/sweep_17_exp_0_checkpoints.csv
0200000000330323303002230,0.0092554953722523,4.7879599151201546e-05,116000000,results/rs/SC5_HBD_MWPM_2_5x/results/sweep_17_exp_0_checkpoints.csv
0200000000330323303002230,0.0092554953722523,4.7879599151201546e-05,148000000,results/rs/SC5_HBD_MWPM_2_5x/results/sweep_17_exp_0_checkpoints.csv
0200000000330323303002230,0.0092554953722523,4.7879599151201546e-05,188000000,results/rs/SC5_HBD_MWPM_2_5x/results/sweep_17_exp_0_checkpoints.csv
3033330000330333330302023,0.008128745935627,4.489616912906058e-05,240000000,results/rs/SC5_HBD_MWPM_2_5x/results/sweep_17_exp_0_checkpoints.csv
3033330000330333330302023,0.008128745935627,4.489616912906058e-05,304000000,results/rs/SC5_HBD_MWPM_2_5x/results/sweep_17_exp_0_checkpoints.csv
3033330000330333330302023,0.008128745935627,4.489616912906058e-05,384000000,results/rs/SC5_HBD_MWPM_2_5x/results/sweep_17_exp_0_checkpoints.csv
3033330000330333330302023,0.008128745935627,4.489616912906058e-05,484000000,results/rs/SC5_HBD_MWPM_2_5x/results/sweep_17_exp_0_checkpoints.csv
3033330000330333330302023,0.008128745935627,4.489616912906058e-05,612000000,results/rs/SC5_HBD_MWPM_2_5x/results/sweep_17_exp_0_checkpoints.csv
3033330000330333330302023,0.008128745935627,4.489616912906058e-05,772000000,results/rs/SC5_HBD_MWPM_2_5x/results/sweep_17_exp_0_checkpoints.csv
0332003303330300033023333,0.0079897460051269,4.451377390068956e-05,972000000,results/rs/SC5_HBD_MWPM_2_5x/results/sweep_17_exp_0_checkpoints.csv
0332003303330300033023333,0.0079897460051269,4.451377390068956e-05,1224000000,results/rs/SC5_HBD_MWPM_2_5x/results/sweep_17_exp_0_checkpoints.csv
0332003303330300033023333,0.0079897460051269,4.451377390068956e-05,1544000000,results/rs/SC5_HBD_MWPM_2_5x/results/sweep_17_exp_0_checkpoints.csv
0332003303330300033023333,0.0079897460051269,4.451377390068956e-05,1944000000,results/rs/SC5_HBD_MWPM_2_5x/results/sweep_17_exp_0_checkpoints.csv
0332003303330300033023333,0.0079897460051269,4.451377390068956e-05,2448000000,results/rs/SC5_HBD_MWPM_2_5x/results/sweep_17_exp_0_checkpoints.csv
3003320333030203020303033,0.0074294962852518,4.2936851968988776e-05,3084000000,results/rs/SC5_HBD_MWPM_2_5x/results/sweep_17_exp_0_checkpoints.csv
3003320333030203020303033,0.0074294962852518,4.2936851968988776e-05,3884000000,results/rs/SC5_HBD_MWPM_2_5x/results/sweep_17_exp_0_checkpoints.csv
3003320333030203020303033,0.0074294962852518,4.2936851968988776e-05,4892000000,results/rs/SC5_HBD_MWPM_2_5x/results/sweep_17_exp_0_checkpoints.csv
3003320333030203020303033,0.0074294962852518,4.2936851968988776e-05,6160000000,results/rs/SC5_HBD_MWPM_2_5x/results/sweep_17_exp_0_checkpoints.csv
3003320333030203020303033,0.0074294962852518,4.2936851968988776e-05,7756000000,results/rs/SC5_HBD_MWPM_2_5x/results/sweep_17_exp_0_checkpoints.csv
3003320333030203020303033,0.0074294962852518,4.2936851968988776e-05,9768000000,results/rs/SC5_HBD_MWPM_2_5x/results/sweep_17_exp_0_checkpoints.csv
3003320333030203020303033,0.0074294962852518,4.2936851968988776e-05,12300000000,results/rs/SC5_HBD_MWPM_2_5x/results/sweep_17_exp_0_checkpoints.csv
3003320333030203020303033,0.0074294962852518,4.2936851968988776e-05,15488000000,results/rs/SC5_HBD_MWPM_2_5x/results/sweep_17_exp_0_checkpoints.csv
3003320333030203020303033,0.0074294962852518,4.2936851968988776e-05,19500000000,results/rs/SC5_HBD_MWPM_2_5x/results/sweep_17_exp_0_checkpoints.csv
0303000333033303230323033,0.0070919964540017,4.195740257273428e-05,24552000000,results/rs/SC5_HBD_MWPM_2_5x/results/sweep_17_exp_0_checkpoints.csv
0303000333033303230323033,0.0070919964540017,4.195740257273428e-05,30912000000,results/rs/SC5_HBD_MWPM_2_5x/results/sweep_17_exp_0_checkpoints.csv
0303000333033303230323033,0.0070919964540017,4.195740257273428e-05,38916000000,results/rs/SC5_HBD_MWPM_2_5x/results/sweep_17_exp_0_checkpoints.csv
0303000333033303230323033,0.0070919964540017,4.195740257273428e-05,48996000000,results/rs/SC5_HBD_MWPM_2_5x/results/sweep_17_exp_0_checkpoints.csv
0330030302030323033333000,0.0068464965767517,4.122989412280731e-05,61684000000,results/rs/SC5_HBD_MWPM_2_5x/results/sweep_17_exp_0_checkpoints.csv
0330030302030323033333000,0.0068464965767517,4.122989412280731e-05,77656000000,results/rs/SC5_HBD_MWPM_2_5x/results/sweep_17_exp_0_checkpoints.csv
0330030302030323033333000,0.0068464965767517,4.122989412280731e-05,97764000000,results/rs/SC5_HBD_MWPM_2_5x/results/sweep_17_exp_0_checkpoints.csv
0203323233230303033232032,0.0090154954922522,4.726047336589545e-05,4000000,results/rs/SC5_HBD_MWPM_2_5x/results/sweep_20_exp_0_checkpoints.csv
0203323233230303033232032,0.0090154954922522,4.726047336589545e-05,8000000,results/rs/SC5_HBD_MWPM_2_5x/results/sweep_20_exp_0_checkpoints.csv
0203323233230303033232032,0.0090154954922522,4.726047336589545e-05,12000000,results/rs/SC5_HBD_MWPM_2_5x/results/sweep_20_exp_0_checkpoints.csv
0203323233230303033232032,0.0090154954922522,4.726047336589545e-05,16000000,results/rs/SC5_HBD_MWPM_2_5x/results/sweep_20_exp_0_checkpoints.csv
0203323233230303033232032,0.0090154954922522,4.726047336589545e-05,24000000,results/rs/SC5_HBD_MWPM_2_5x/results/sweep_20_exp_0_checkpoints.csv
0203323233230303033232032,0.0090154954922522,4.726047336589545e-05,32000000,results/rs/SC5_HBD_MWPM_2_5x/results/sweep_20_exp_0_checkpoints.csv
0203323233230303033232032,0.0090154954922522,4.726047336589545e-05,44000000,results/rs/SC5_HBD_MWPM_2_5x/results/sweep_20_exp_0_checkpoints.csv
2303300330320303003302332,0.0088902455548772,4.693400114774704e-05,56000000,results/rs/SC5_HBD_MWPM_2_5x/results/sweep_20_exp_0_checkpoints.csv
2303300330320303003302332,0.0088902455548772,4.693400114774704e-05,72000000,results/rs/SC5_HBD_MWPM_2_5x/results/sweep_20_exp_0_checkpoints.csv
2303300330320303003302332,0.0088902455548772,4.693400114774704e-05,92000000,results/rs/SC5_HBD_MWPM_2_5x/results/sweep_20_exp_0_checkpoints.csv
2303300330320303003302332,0.0088902455548772,4.693400114774704e-05,116000000,results/rs/SC5_HBD_MWPM_2_5x/results/sweep_20_exp_0_checkpoints.csv
3330023303330323002332200,0.0088784955607522,4.690325658884831e-05,148000000,results/rs/SC5_HBD_MWPM_2_5x/results/sweep_20_exp_0_checkpoints.csv
3330023303330323002332200,0.0088784955607522,4.690325658884831e-05,188000000,results/rs/SC5_HBD_MWPM_2_5x/results/sweep_20_exp_0_checkpoints.csv
3330023303330323002332200,0.0088784955607522,4.690325658884831e-05,240000000,results/rs/SC5_HBD_MWPM_2_5x/results/sweep_20_exp_0_checkpoints.csv
3330023303330323002332200,0.0088784955607522,4.690325658884831e-05,304000000,results/rs/SC5_HBD_MWPM_2_5x/results/sweep_20_exp_0_checkpoints.csv
3330023303330323002332200,0.0088784955607522,4.690325658884831e-05,384000000,results/rs/SC5_HBD_MWPM_2_5x/results/sweep_20_exp_0_checkpoints.csv
0202003303030200030200332,0.008112245943877,4.485094905248843e-05,484000000,results/rs/SC5_HBD_MWPM_2_5x/results/sweep_20_exp_0_checkpoints.csv
0202003303030200030200332,0.008112245943877,4.485094905248843e-05,612000000,results/rs/SC5_HBD_MWPM_2_5x/results/sweep_20_exp_0_checkpoints.csv
0202003303030200030200332,0.008112245943877,4.485094905248843e-05,772000000,results/rs/SC5_HBD_MWPM_2_5x/results/sweep_20_exp_0_checkpoints.csv
0202003303030200030200332,0.008112245943877,4.485094905248843e-05,972000000,results/rs/SC5_HBD_MWPM_2_5x/results/sweep_20_exp_0_checkpoints.csv
0202003303030200030200332,0.008112245943877,4.485094905248843e-05,1224000000,results/rs/SC5_HBD_MWPM_2_5x/results/sweep_20_exp_0_checkpoints.csv
0202003303030200030200332,0.008112245943877,4.485094905248843e-05,1544000000,results/rs/SC5_HBD_MWPM_2_5x/results/sweep_20_exp_0_checkpoints.csv
0202003303030200030200332,0.008112245943877,4.485094905248843e-05,1944000000,results/rs/SC5_HBD_MWPM_2_5x/results/sweep_20_exp_0_checkpoints.csv
0202003303030200030200332,0.008112245943877,4.485094905248843e-05,2448000000,results/rs/SC5_HBD_MWPM_2_5x/results/sweep_20_exp_0_checkpoints.csv
0202003303030200030200332,0.008112245943877,4.485094905248843e-05,3084000000,results/rs/SC5_HBD_MWPM_2_5x/results/sweep_20_exp_0_checkpoints.csv
2203000030030323030323303,0.008002745998627,4.454968075151555e-05,3884000000,results/rs/SC5_HBD_MWPM_2_5x/results/sweep_20_exp_0_checkpoints.csv
2203000030030323030323303,0.008002745998627,4.454968075151555e-05,4892000000,results/rs/SC5_HBD_MWPM_2_5x/results/sweep_20_exp_0_checkpoints.csv
2203000030030323030323303,0.008002745998627,4.454968075151555e-05,6160000000,results/rs/SC5_HBD_MWPM_2_5x/results/sweep_20_exp_0_checkpoints.csv
2203000030030323030323303,0.008002745998627,4.454968075151555e-05,7756000000,results/rs/SC5_HBD_MWPM_2_5x/results/sweep_20_exp_0_checkpoints.csv
0203030033030302030233233,0.0074729962635018,4.306142363930121e-05,9768000000,results/rs/SC5_HBD_MWPM_2_5x/results/sweep_20_exp_0_checkpoints.csv
0203030033030302030233233,0.0074729962635018,4.306142363930121e-05,12300000000,results/rs/SC5_HBD_MWPM_2_5x/results/sweep_20_exp_0_checkpoints.csv
0203200303030303033233032,0.0068559965720017,4.125829218537547e-05,15488000000,results/rs/SC5_HBD_MWPM_2_5x/results/sweep_20_exp_0_checkpoints.csv
0203200303030303033233032,0.0068559965720017,4.125829218537547e-05,19500000000,results/rs/SC5_HBD_MWPM_2_5x/results/sweep_20_exp_0_checkpoints.csv
0203200303030303033233032,0.0068559965720017,4.125829218537547e-05,24552000000,results/rs/SC5_HBD_MWPM_2_5x/results/sweep_20_exp_0_checkpoints.csv
0203200303030303033233032,0.0068559965720017,4.125829218537547e-05,30912000000,results/rs/SC5_HBD_MWPM_2_5x/results/sweep_20_exp_0_checkpoints.csv
0203200303030303033233032,0.0068559965720017,4.125829218537547e-05,38916000000,results/rs/SC5_HBD_MWPM_2_5x/results/sweep_20_exp_0_checkpoints.csv
0203200303030303033233032,0.0068559965720017,4.125829218537547e-05,48996000000,results/rs/SC5_HBD_MWPM_2_5x/results/sweep_20_exp_0_checkpoints.csv
0203200303030303033233032,0.0068559965720017,4.125829218537547e-05,61684000000,results/rs/SC5_HBD_MWPM_2_5x/results/sweep_20_exp_0_checkpoints.csv
0203200303030303033233032,0.0068559965720017,4.125829218537547e-05,77656000000,results/rs/SC5_HBD_MWPM_2_5x/results/sweep_20_exp_0_checkpoints.csv
0203200303030303033233032,0.0068559965720017,4.125829218537547e-05,97764000000,results/rs/SC5_HBD_MWPM_2_5x/results/sweep_20_exp_0_checkpoints.csv
2330332202300320033232300,0.0104232447883776,5.078039248473942e-05,4000000,results/rs/SC5_HBD_MWPM_2_5x/results/sweep_6_exp_0_checkpoints.csv
2330332202300320033232300,0.0104232447883776,5.078039248473942e-05,8000000,results/rs/SC5_HBD_MWPM_2_5x/results/sweep_6_exp_0_checkpoints.csv
2330332202300320033232300,0.0104232447883776,5.078039248473942e-05,12000000,results/rs/SC5_HBD_MWPM_2_5x/results/sweep_6_exp_0_checkpoints.csv
2330332202300320033232300,0.0104232447883776,5.078039248473942e-05,16000000,results/rs/SC5_HBD_MWPM_2_5x/results/sweep_6_exp_0_checkpoints.csv
2030323320230323230223000,0.0097582451208774,4.915031604468823e-05,24000000,results/rs/SC5_HBD_MWPM_2_5x/results/sweep_6_exp_0_checkpoints.csv
2030323320230323230223000,0.0097582451208774,4.915031604468823e-05,32000000,results/rs/SC5_HBD_MWPM_2_5x/results/sweep_6_exp_0_checkpoints.csv
2003220323000320023003220,0.0095887452056273,4.8725749365985394e-05,44000000,results/rs/SC5_HBD_MWPM_2_5x/results/sweep_6_exp_0_checkpoints.csv
2003220323000320023003220,0.0095887452056273,4.8725749365985394e-05,56000000,results/rs/SC5_HBD_MWPM_2_5x/results/sweep_6_exp_0_checkpoints.csv
2003220323000320023003220,0.0095887452056273,4.8725749365985394e-05,72000000,results/rs/SC5_HBD_MWPM_2_5x/results/sweep_6_exp_0_checkpoints.csv
2003220323000320023003220,0.0095887452056273,4.8725749365985394e-05,92000000,results/rs/SC5_HBD_MWPM_2_5x/results/sweep_6_exp_0_checkpoints.csv
0030223320330302000300332,0.0092312453843773,4.7817418817430735e-05,116000000,results/rs/SC5_HBD_MWPM_2_5x/results/sweep_6_exp_0_checkpoints.csv
0030223320330302000300332,0.0092312453843773,4.7817418817430735e-05,148000000,results/rs/SC5_HBD_MWPM_2_5x/results/sweep_6_exp_0_checkpoints.csv
0030223320330302000300332,0.0092312453843773,4.7817418817430735e-05,188000000,results/rs/SC5_HBD_MWPM_2_5x/results/sweep_6_exp_0_checkpoints.csv
0030223320330302000300332,0.0092312453843773,4.7817418817430735e-05,240000000,results/rs/SC5_HBD_MWPM_2_5x/results/sweep_6_exp_0_checkpoints.csv
0030223320330302000300332,0.0092312453843773,4.7817418817430735e-05,304000000,results/rs/SC5_HBD_MWPM_2_5x/results/sweep_6_exp_0_checkpoints.csv
0030223320330302000300332,0.0092312453843773,4.7817418817430735e-05,384000000,results/rs/SC5_HBD_MWPM_2_5x/results/sweep_6_exp_0_checkpoints.csv
0230233333230000030302220,0.0088137455931272,4.673343937611208e-05,484000000,results/rs/SC5_HBD_MWPM_2_5x/results/sweep_6_exp_0_checkpoints.csv
0230233333230000030302220,0.0088137455931272,4.673343937611208e-05,612000000,results/rs/SC5_HBD_MWPM_2_5x/results/sweep_6_exp_0_checkpoints.csv
2303020303232030230303320,0.0085974957012521,4.616159640136175e-05,772000000,results/rs/SC5_HBD_MWPM_2_5x/results/sweep_6_exp_0_checkpoints.csv
2303020303232030230303320,0.0085974957012521,4.616159640136175e-05,972000000,results/rs/SC5_HBD_MWPM_2_5x/results/sweep_6_exp_0_checkpoints.csv
0003030300020300332023320,0.0083952458023771,4.5620061428053305e-05,1224000000,results/rs/SC5_HBD_MWPM_2_5x/results/sweep_6_exp_0_checkpoints.csv
0003030300020300332023320,0.0083952458023771,4.5620061428053305e-05,1544000000,results/rs/SC5_HBD_MWPM_2_5x/results/sweep_6_exp_0_checkpoints.csv
0003030300020300332023320,0.0083952458023771,4.5620061428053305e-05,1944000000,results/rs/SC5_HBD_MWPM_2_5x/results/sweep_6_exp_0_checkpoints.csv
0003030300020300332023320,0.0083952458023771,4.5620061428053305e-05,2448000000,results/rs/SC5_HBD_MWPM_2_5x/results/sweep_6_exp_0_checkpoints.csv
0003030300020300332023320,0.0083952458023771,4.5620061428053305e-05,3084000000,results/rs/SC5_HBD_MWPM_2_5x/results/sweep_6_exp_0_checkpoints.csv
2323323303230303002333030,0.0079047460476269,4.427825479069725e-05,3884000000,results/rs/SC5_HBD_MWPM_2_5x/results/sweep_6_exp_0_checkpoints.csv
2323323303230303002333030,0.0079047460476269,4.427825479069725e-05,4892000000,results/rs/SC5_HBD_MWPM_2_5x/results/sweep_6_exp_0_checkpoints.csv
2323323303230303002333030,0.0079047460476269,4.427825479069725e-05,6160000000,results/rs/SC5_HBD_MWPM_2_5x/results/sweep_6_exp_0_checkpoints.csv
2323323303230303002333030,0.0079047460476269,4.427825479069725e-05,7756000000,results/rs/SC5_HBD_MWPM_2_5x/results/sweep_6_exp_0_checkpoints.csv
0303033300230300020300220,0.0075092462453768,4.316494960221462e-05,9768000000,results/rs/SC5_HBD_MWPM_2_5x/results/sweep_6_exp_0_checkpoints.csv
0303033300230300020300220,0.0075092462453768,4.316494960221462e-05,12300000000,results/rs/SC5_HBD_MWPM_2_5x/results/sweep_6_exp_0_checkpoints.csv
0303033300230300020300220,0.0075092462453768,4.316494960221462e-05,15488000000,results/rs/SC5_HBD_MWPM_2_5x/results/sweep_6_exp_0_checkpoints.csv
0303033300230300020300220,0.0075092462453768,4.316494960221462e-05,19500000000,results/rs/SC5_HBD_MWPM_2_5x/results/sweep_6_exp_0_checkpoints.csv
0303033300230300020300220,0.0075092462453768,4.316494960221462e-05,24552000000,results/rs/SC5_HBD_MWPM_2_5x/results/sweep_6_exp_0_checkpoints.csv
2023002303030302030300300,0.0074877462561268,4.310358053771779e-05,30912000000,results/rs/SC5_HBD_MWPM_2_5x/results/sweep_6_exp_0_checkpoints.csv
2023002303030302030300300,0.0074877462561268,4.310358053771779e-05,38916000000,results/rs/SC5_HBD_MWPM_2_5x/results/sweep_6_exp_0_checkpoints.csv
0303200302230333300323030,0.0074714962642518,4.305713446228765e-05,48996000000,results/rs/SC5_HBD_MWPM_2_5x/results/sweep_6_exp_0_checkpoints.csv
0303200302230333300323030,0.0074714962642518,4.305713446228765e-05,61684000000,results/rs/SC5_HBD_MWPM_2_5x/results/sweep_6_exp_0_checkpoints.csv
0002303303030330030233033,0.0073489963255018,4.2705338273663074e-05,77656000000,results/rs/SC5_HBD_MWPM_2_5x/results/sweep_6_exp_0_checkpoints.csv
0002303303030330030233033,0.0073489963255018,4.2705338273663074e-05,97764000000,results/rs/SC5_HBD_MWPM_2_5x/results/sweep_6_exp_0_checkpoints.csv
