clifford_deformation,exp_ler,uncertainty,method_shots,source_file
000333020,0.0041319917360165,6.414753443095833e-05,1000000,results/rs/SC3_MHBD_MWPM_1x/results/sweep_21_exp_0_checkpoints.csv
000333020,0.0041319917360165,6.414753443095833e-05,2000000,results/rs/SC3_MHBD_MWPM_1x/results/sweep_21_exp_0_checkpoints.csv
000333020,0.0041319917360165,6.414753443095833e-05,3000000,results/rs/SC3_MHBD_MWPM_1x/results/sweep_21_exp_0_checkpoints.csv
000333020,0.0041319917360165,6.414753443095833e-05,4000000,results/rs/SC3_MHBD_MWPM_1x/results/sweep_21_exp_0_checkpoints.csv
000333020,0.0041319917360165,6.414753443095833e-05,6000000,results/rs/SC3_MHBD_MWPM_1x/results/sweep_21_exp_0_checkpoints.csv
000333020,0.0041319917360165,6.414753443095833e-05,8000000,results/rs/SC3_MHBD_MWPM_1x/results/sweep_21_exp_0_checkpoints.csv
000333020,0.0041319917360165,6.414753443095833e-05,11000000,results/rs/SC3_MHBD_MWPM_1x/results/sweep_21_exp_0_checkpoints.csv
000333020,0.0041319917360165,6.414753443095833e-05,14000000,results/rs/SC3_MHBD_MWPM_1x/results/sweep_21_exp_0_checkpoints.csv
000333020,0.0041319917360165,6.414753443095833e-05,18000000,results/rs/SC3_MHBD_MWPM_1x/results/sweep_21_exp_0_checkpoints.csv
000333020,0.0041319917360165,6.414753443095833e-05,23000000,results/rs/SC3_MHBD_MWPM_1x/results/sweep_21_exp_0_checkpoints.csv
000333020,0.0041319917360165,6.414753443095833e-05,29000000,results/rs/SC3_MHBD_MWPM_1x/results/sweep_21_exp_0_checkpoints.csv
000333300,0.0040259919480161,6.332275370368734e-05,37000000,results/rs/SC3_MHBD_MWPM_1x/results/sweep_21_exp_0_checkpoints.csv
000333300,0.0040259919480161,6.332275370368734e-05,47000000,results/rs/SC3_MHBD_MWPM_1x/results/sweep_21_exp_0_checkpoints.csv
000333300,0.0040259919480161,6.332275370368734e-05,60000000,results/rs/SC3_MHBD_MWPM_1x/results/sweep_21_exp_0_checkpoints.csv
000333300,0.0040259919480161,6.332275370368734e-05,76000000,results/rs/SC3_MHBD_MWPM_1x/results/sweep_21_exp_0_checkpoints.csv
000333300,0.0040259919480161,6.332275370368734e-05,96000000,results/rs/SC3_MHBD_MWPM_1x/results/sweep_21_exp_0_checkpoints.csv
000333300,0.0040259919480161,6.332275370368734e-05,121000000,results/rs/SC3_MHBD_MWPM_1x/results/sweep_21_exp_0_checkpoints.csv
000333300,0.0040259919480161,6.332275370368734e-05,153000000,results/rs/SC3_MHBD_MWPM_1x/results/sweep_21_exp_0_checkpoints.csv
000333300,0.0040259919480161,6.332275370368734e-05,193000000,results/rs/SC3_MHBD_MWPM_1x/results/sweep_21_exp_0_checkpoints.csv
000333300,0.0040259919480161,6.332275370368734e-05,243000000,results/rs/SC3_MHBD_MWPM_1x/results/sweep_21_exp_0_checkpoints.csv
000333300,0.0040259919480161,6.332275370368734e-05,306000000,results/rs/SC3_MHBD_MWPM_1x/results/sweep_21_exp_0_checkpoints.csv
330300303,0.004021991956016,6.329141615424305e-05,386000000,results/rs/SC3_MHBD_MWPM_1x/results/sweep_21_exp_0_checkpoints.csv
030033002,0.0039819920360159,6.297716754488647e-05,486000000,results/rs/SC3_MHBD_MWPM_1x/results/sweep_21_exp_0_checkpoints.csv
030033002,0.0039819920360159,6.297716754488647e-05,612000000,results/rs/SC3_MHBD_MWPM_1x/results/sweep_21_exp_0_checkpoints.csv
030033002,0.0039819920360159,6.297716754488647e-05,771000000,results/rs/SC3_MHBD_MWPM_1x/results/sweep_21_exp_0_checkpoints.csv
030033002,0.0039819920360159,6.297716754488647e-05,971000000,results/rs/SC3_MHBD_MWPM_1x/results/sweep_21_exp_0_checkpoints.csv
030333030,0.0038579922840154,6.199271592777222e-05,1223000000,results/rs/SC3_MHBD_MWPM_1x/results/sweep_21_exp_0_checkpoints.csv
330030030,0.003770992458015,6.12924195593223e-05,1540000000,results/rs/SC3_MHBD_MWPM_1x/results/sweep_21_exp_0_checkpoints.csv
330030030,0.003770992458015,6.12924195593223e-05,1939000000,results/rs/SC3_MHBD_MWPM_1x/results/sweep_21_exp_0_checkpoints.csv
330030030,0.003770992458015,6.12924195593223e-05,2442000000,results/rs/SC3_MHBD_MWPM_1x/results/sweep_21_exp_0_checkpoints.csv
330030030,0.003770992458015,6.12924195593223e-05,3075000000,results/rs/SC3_MHBD_MWPM_1x/results/sweep_21_exp_0_checkpoints.csv
330030030,0.003770992458015,6.12924195593223e-05,3872000000,results/rs/SC3_MHBD_MWPM_1x/results/sweep_21_exp_0_checkpoints.csv
330330030,0.0037239925520148,6.091070099500939e-05,4875000000,results/rs/SC3_MHBD_MWPM_1x/results/sweep_21_exp_0_checkpoints.csv
330330030,0.0037239925520148,6.091070099500939e-05,6138000000,results/rs/SC3_MHBD_MWPM_1x/results/sweep_21_exp_0_checkpoints.csv
330330030,0.0037239925520148,6.091070099500939e-05,7728000000,results/rs/SC3_MHBD_MWPM_1x/results/sweep_21_exp_0_checkpoints.csv
330330030,0.0037239925520148,6.091070099500939e-05,9729000000,results/rs/SC3_MHBD_MWPM_1x/results/sweep_21_exp_0_checkpoints.csv
030330000,0.0037179925640148,6.086179564590566e-05,12249000000,results/rs/SC3_MHBD_MWPM_1x/results/sweep_21_exp_0_checkpoints.csv
033000330,0.0036849926300147,6.059209772502072e-05,15421000000,results/rs/SC3_MHBD_MWPM_1x/results/sweep_21_exp_0_checkpoints.csv
230202203,0.0048679902640194,6.960085011087358e-05,1000000,results/rs/SC3_MHBD_MWPM_1x/results/sweep_16_exp_0_checkpoints.csv
322002333,0.0048309903380193,6.933712575118989e-05,2000000,results/rs/SC3_MHBD_MWPM_1x/results/sweep_16_exp_0_checkpoints.csv
322002333,0.0048309903380193,6.933712575118989e-05,3000000,results/rs/SC3_MHBD_MWPM_1x/results/sweep_16_exp_0_checkpoints.csv
033320023,0.0044889910220179,6.68492866680026e-05,4000000,results/rs/SC3_MHBD_MWPM_1x/results/sweep_16_exp_0_checkpoints.csv
033320023,0.0044889910220179,6.68492866680026e-05,6000000,results/rs/SC3_MHBD_MWPM_1x/results/sweep_16_exp_0_checkpoints.csv
033320023,0.0044889910220179,6.68492866680026e-05,8000000,results/rs/SC3_MHBD_MWPM_1x/results/sweep_16_exp_0_checkpoints.csv
033320023,0.0044889910220179,6.68492866680026e-05,11000000,results/rs/SC3_MHBD_MWPM_1x/results/sweep_16_exp_0_checkpoints.csv
033020333,0.0040319919360161,6.336973456200212e-05,14000000,results/rs/SC3_MHBD_MWPM_1x/results/sweep_16_exp_0_checkpoints.csv
033020333,0.0040319919360161,6.336973456200212e-05,18000000,results/rs/SC3_MHBD_MWPM_1x/results/sweep_16_exp_0_checkpoints.csv
033020333,0.0040319919360161,6.336973456200212e-05,23000000,results/rs/SC3_MHBD_MWPM_1x/results/sweep_16_exp_0_checkpoints.csv
033020333,0.0040319919360161,6.336973456200212e-05,29000000,results/rs/SC3_MHBD_MWPM_1x/results/sweep_16_exp_0_checkpoints.csv
033020333,0.0040319919360161,6.336973456200212e-05,37000000,results/rs/SC3_MHBD_MWPM_1x/results/sweep_16_exp_0_checkpoints.csv
033020333,0.0040319919360161,6.336973456200212e-05,47000000,results/rs/SC3_MHBD_MWPM_1x/results/sweep_16_exp_0_checkpoints.csv
033020333,0.0040319919360161,6.336973456200212e-05,60000000,results/rs/SC3_MHBD_MWPM_1x/results/sweep_16_exp_0_checkpoints.csv
033020333,0.0040319919360161,6.336973456200212e-05,76000000,results/rs/SC3_MHBD_MWPM_1x/results/sweep_16_exp_0_checkpoints.csv
033020333,0.0040319919360161,6.336973456200212e-05,96000000,results/rs/SC3_MHBD_MWPM_1x/results/sweep_16_exp_0_checkpoints.csv
033020333,0.0040319919360161,6.336973456200212e-05,121000000,results/rs/SC3_MHBD_MWPM_1x/results/sweep_16_exp_0_checkpoints.csv
033020333,0.0040319919360161,6.336973456200212e-05,153000000,results/rs/SC3_MHBD_MWPM_1x/results/sweep_16_exp_0_checkpoints.csv
033020333,0.0040319919360161,6.336973456200212e-05,193000000,results/rs/SC3_MHBD_MWPM_1x/results/sweep_16_exp_0_checkpoints.csv
033020333,0.0040319919360161,6.336973456200212e-05,243000000,results/rs/SC3_MHBD_MWPM_1x/results/sweep_16_exp_0_checkpoints.csv
033020333,0.0040319919360161,6.336973456200212e-05,306000000,results/rs/SC3_MHBD_MWPM_1x/results/sweep_16_exp_0_checkpoints.csv
330300030,0.0039609920780158,6.281155219767243e-05,386000000,results/rs/SC3_MHBD_MWPM_1x/results/sweep_16_exp_0_checkpoints.csv
330300030,0.0039609920780158,6.281155219767243e-05,486000000,results/rs/SC3_MHBD_MWPM_1x/results/sweep_16_exp_0_checkpoints.csv
033030330,0.0038699922600154,6.208867853274569e-05,612000000,results/rs/SC3_MHBD_MWPM_1x/results/sweep_16_exp_0_checkpoints.csv
033033030,0.0038329923340153,6.179230695124716e-05,771000000,results/rs/SC3_MHBD_MWPM_1x/results/sweep_16_exp_0_checkpoints.csv
033033030,0.0038329923340153,6.179230695124716e-05,971000000,results/rs/SC3_MHBD_MWPM_1x/results/sweep_16_exp_0_checkpoints.csv
033033030,0.0038329923340153,6.179230695124716e-05,1223000000,results/rs/SC3_MHBD_MWPM_1x/results/sweep_16_exp_0_checkpoints.csv
033033030,0.0038329923340153,6.179230695124716e-05,1540000000,results/rs/SC3_MHBD_MWPM_1x/results/sweep_16_exp_0_checkpoints.csv
033033030,0.0038329923340153,6.179230695124716e-05,1939000000,results/rs/SC3_MHBD_MWPM_1x/results/sweep_16_exp_0_checkpoints.csv
033033030,0.0038329923340153,6.179230695124716e-05,2442000000,results/rs/SC3_MHBD_MWPM_1x/results/sweep_16_exp_0_checkpoints.csv
030030033,0.0038259923480153,6.173607107484713e-05,3075000000,results/rs/SC3_MHBD_MWPM_1x/results/sweep_16_exp_0_checkpoints.csv
030030033,0.0038259923480153,6.173607107484713e-05,3872000000,results/rs/SC3_MHBD_MWPM_1x/results/sweep_16_exp_0_checkpoints.csv
330030033,0.0037329925340149,6.098398444009945e-05,4875000000,results/rs/SC3_MHBD_MWPM_1x/results/sweep_16_exp_0_checkpoints.csv
330030033,0.0037329925340149,6.098398444009945e-05,6138000000,results/rs/SC3_MHBD_MWPM_1x/results/sweep_16_exp_0_checkpoints.csv
330030033,0.0037329925340149,6.098398444009945e-05,7728000000,results/rs/SC3_MHBD_MWPM_1x/results/sweep_16_exp_0_checkpoints.csv
330030033,0.0037329925340149,6.098398444009945e-05,9729000000,results/rs/SC3_MHBD_MWPM_1x/results/sweep_16_exp_0_checkpoints.csv
033000330,0.0036969926060147,6.0690312238875777e-05,12249000000,results/rs/SC3_MHBD_MWPM_1x/results/sweep_16_exp_0_checkpoints.csv
033000330,0.0036969926060147,6.0690312238875777e-05,15421000000,results/rs/SC3_MHBD_MWPM_1x/results/sweep_16_exp_0_checkpoints.csv
033302032,0.0043359913280173,6.570523692062125e-05,1000000,results/rs/SC3_MHBD_MWPM_1x/results/sweep_10_exp_0_checkpoints.csv
033302032,0.0043359913280173,6.570523692062125e-05,2000000,results/rs/SC3_MHBD_MWPM_1x/results/sweep_10_exp_0_checkpoints.csv
033302032,0.0043359913280173,6.570523692062125e-05,3000000,results/rs/SC3_MHBD_MWPM_1x/results/sweep_10_exp_0_checkpoints.csv
033302032,0.0043359913280173,6.570523692062125e-05,4000000,results/rs/SC3_MHBD_MWPM_1x/results/sweep_10_exp_0_checkpoints.csv
033302032,0.0043359913280173,6.570523692062125e-05,6000000,results/rs/SC3_MHBD_MWPM_1x/results/sweep_10_exp_0_checkpoints.csv
033302032,0.0043359913280173,6.570523692062125e-05,8000000,results/rs/SC3_MHBD_MWPM_1x/results/sweep_10_exp_0_checkpoints.csv
033302032,0.0043359913280173,6.570523692062125e-05,11000000,results/rs/SC3_MHBD_MWPM_1x/results/sweep_10_exp_0_checkpoints.csv
033302032,0.0043359913280173,6.570523692062125e-05,14000000,results/rs/SC3_MHBD_MWPM_1x/results/sweep_10_exp_0_checkpoints.csv
033302032,0.0043359913280173,6.570523692062125e-05,18000000,results/rs/SC3_MHBD_MWPM_1x/results/sweep_10_exp_0_checkpoints.csv
033302032,0.0043359913280173,6.570523692062125e-05,23000000,results/rs/SC3_MHBD_MWPM_1x/results/sweep_10_exp_0_checkpoints.csv
320030030,0.0041139917720164,6.400823622243479e-05,29000000,results/rs/SC3_MHBD_MWPM_1x/results/sweep_10_exp_0_checkpoints.csv
320030030,0.0041139917720164,6.400823622243479e-05,37000000,results/rs/SC3_MHBD_MWPM_1x/results/sweep_10_exp_0_checkpoints.csv
320030030,0.0041139917720164,6.400823622243479e-05,47000000,results/rs/SC3_MHBD_MWPM_1x/results/sweep_10_exp_0_checkpoints.csv
320030030,0.0041139917720164,6.400823622243479e-05,60000000,results/rs/SC3_MHBD_MWPM_1x/results/sweep_10_exp_0_checkpoints.csv
320030030,0.0041139917720164,6.400823622243479e-05,76000000,results/rs/SC3_MHBD_MWPM_1x/results/sweep_10_exp_0_checkpoints.csv
320030030,0.0041139917720164,6.400823622243479e-05,96000000,results/rs/SC3_MHBD_MWPM_1x/results/sweep_10_exp_0_checkpoints.csv
320030030,0.0041139917720164,6.400823622243479e-05,121000000,results/rs/SC3_MHBD_MWPM_1x/results/sweep_10_exp_0_checkpoints.csv
003000030,0.0040939918120163,6.385310553014278e-05,153000000,results/rs/SC3_MHBD_MWPM_1x/results/sweep_10_exp_0_checkpoints.csv
003000030,0.0040939918120163,6.385310553014278e-05,193000000,results/rs/SC3_MHBD_MWPM_1x/results/sweep_10_exp_0_checkpoints.csv
033033000,0.0039889920220159,6.30322756478563e-05,243000000,results/rs/SC3_MHBD_MWPM_1x/results/sweep_10_exp_0_checkpoints.csv
033033000,0.0039889920220159,6.30322756478563e-05,306000000,results/rs/SC3_MHBD_MWPM_1x/results/sweep_10_exp_0_checkpoints.csv
033033000,0.0039889920220159,6.30322756478563e-05,386000000,results/rs/SC3_MHBD_MWPM_1x/results/sweep_10_exp_0_checkpoints.csv
033003030,0.0039329921340157,6.2590028392151e-05,486000000,results/rs/SC3_MHBD_MWPM_1x/results/sweep_10_exp_0_checkpoints.csv
033003030,0.0039329921340157,6.2590028392151e-05,612000000,results/rs/SC3_MHBD_MWPM_1x/results/sweep_10_exp_0_checkpoints.csv
033003030,0.0039329921340157,6.2590028392151e-05,771000000,results/rs/SC3_MHBD_MWPM_1x/results/sweep_10_exp_0_checkpoints.csv
033003030,0.0039329921340157,6.2590028392151e-05,971000000,results/rs/SC3_MHBD_MWPM_1x/results/sweep_10_exp_0_checkpoints.csv
030333033,0.0038489923020153,6.192064029164612e-05,1223000000,results/rs/SC3_MHBD_MWPM_1x/results/sweep_10_exp_0_checkpoints.csv
030333033,0.0038489923020153,6.192064029164612e-05,1540000000,results/rs/SC3_MHBD_MWPM_1x/results/sweep_10_exp_0_checkpoints.csv
030333033,0.0038489923020153,6.192064029164612e-05,1939000000,results/rs/SC3_MHBD_MWPM_1x/results/sweep_10_exp_0_checkpoints.csv
030030030,0.0037399925200149,6.104091880843043e-05,2442000000,results/rs/SC3_MHBD_MWPM_1x/results/sweep_10_exp_0_checkpoints.csv
030030030,0.0037399925200149,6.104091880843043e-05,3075000000,results/rs/SC3_MHBD_MWPM_1x/results/sweep_10_exp_0_checkpoints.csv
030030030,0.0037399925200149,6.104091880843043e-05,3872000000,results/rs/SC3_MHBD_MWPM_1x/results/sweep_10_exp_0_checkpoints.csv
030030030,0.0037399925200149,6.104091880843043e-05,4875000000,results/rs/SC3_MHBD_MWPM_1x/results/sweep_10_exp_0_checkpoints.csv
030030030,0.0037399925200149,6.104091880843043e-05,6138000000,results/rs/SC3_MHBD_MWPM_1x/results/sweep_10_exp_0_checkpoints.csv
030030030,0.0037399925200149,6.104091880843043e-05,7728000000,results/rs/SC3_MHBD_MWPM_1x/results/sweep_10_exp_0_checkpoints.csv
030030330,0.0037279925440149,6.09432790952269e-05,9729000000,results/rs/SC3_MHBD_MWPM_1x/results/sweep_10_exp_0_checkpoints.csv
030030330,0.0037279925440149,6.09432790952269e-05,12249000000,results/rs/SC3_MHBD_MWPM_1x/results/sweep_10_exp_0_checkpoints.csv
030030330,0.0037279925440149,6.09432790952269e-05,15421000000,results/rs/SC3_MHBD_MWPM_1x/results/sweep_10_exp_0_checkpoints.csv
030333203,0.0042309915380169,6.490822124760598e-05,1000000,results/rs/SC3_MHBD_MWPM_1x/results/sweep_9_exp_0_checkpoints.csv
030333203,0.0042309915380169,6.490822124760598e-05,2000000,results/rs/SC3_MHBD_MWPM_1x/results/sweep_9_exp_0_checkpoints.csv
030333203,0.0042309915380169,6.490822124760598e-05,3000000,results/rs/SC3_MHBD_MWPM_1x/results/sweep_9_exp_0_checkpoints.csv
030333203,0.0042309915380169,6.490822124760598e-05,4000000,results/rs/SC3_MHBD_MWPM_1x/results/sweep_9_exp_0_checkpoints.csv
030333203,0.0042309915380169,6.490822124760598e-05,6000000,results/rs/SC3_MHBD_MWPM_1x/results/sweep_9_exp_0_checkpoints.csv
030333203,0.0042309915380169,6.490822124760598e-05,8000000,results/rs/SC3_MHBD_MWPM_1x/results/sweep_9_exp_0_checkpoints.csv
030333203,0.0042309915380169,6.490822124760598e-05,11000000,results/rs/SC3_MHBD_MWPM_1x/results/sweep_9_exp_0_checkpoints.csv
030003303,0.0042249915500169,6.486238271463662e-05,14000000,results/rs/SC3_MHBD_MWPM_1x/results/sweep_9_exp_0_checkpoints.csv
030003303,0.0042249915500169,6.486238271463662e-05,18000000,results/rs/SC3_MHBD_MWPM_1x/results/sweep_9_exp_0_checkpoints.csv
030003303,0.0042249915500169,6.486238271463662e-05,23000000,results/rs/SC3_MHBD_MWPM_1x/results/sweep_9_exp_0_checkpoints.csv
030003303,0.0042249915500169,6.486238271463662e-05,29000000,results/rs/SC3_MHBD_MWPM_1x/results/sweep_9_exp_0_checkpoints.csv
033303303,0.0041799916400167,6.451749504776672e-05,37000000,results/rs/SC3_MHBD_MWPM_1x/results/sweep_9_exp_0_checkpoints.csv
320000330,0.0041439917120165,6.424022285500541e-05,47000000,results/rs/SC3_MHBD_MWPM_1x/results/sweep_9_exp_0_checkpoints.csv
320000330,0.0041439917120165,6.424022285500541e-05,60000000,results/rs/SC3_MHBD_MWPM_1x/results/sweep_9_exp_0_checkpoints.csv
320000330,0.0041439917120165,6.424022285500541e-05,76000000,results/rs/SC3_MHBD_MWPM_1x/results/sweep_9_exp_0_checkpoints.csv
320000330,0.0041439917120165,6.424022285500541e-05,96000000,results/rs/SC3_MHBD_MWPM_1x/results/sweep_9_exp_0_checkpoints.csv
320000330,0.0041439917120165,6.424022285500541e-05,121000000,results/rs/SC3_MHBD_MWPM_1x/results/sweep_9_exp_0_checkpoints.csv
230303030,0.0040579918840162,6.357289385050535e-05,153000000,results/rs/SC3_MHBD_MWPM_1x/results/sweep_9_exp_0_checkpoints.csv
030030000,0.0039489921020157,6.271671009017155e-05,193000000,results/rs/SC3_MHBD_MWPM_1x/results/sweep_9_exp_0_checkpoints.csv
030030000,0.0039489921020157,6.271671009017155e-05,243000000,results/rs/SC3_MHBD_MWPM_1x/results/sweep_9_exp_0_checkpoints.csv
030030000,0.0039489921020157,6.271671009017155e-05,306000000,results/rs/SC3_MHBD_MWPM_1x/results/sweep_9_exp_0_checkpoints.csv
333000330,0.0038779922440155,6.215256871655583e-05,386000000,results/rs/SC3_MHBD_MWPM_1x/results/sweep_9_exp_0_checkpoints.csv
033030330,0.0038659922680154,6.205670797498897e-05,486000000,results/rs/SC3_MHBD_MWPM_1x/results/sweep_9_exp_0_checkpoints.csv
033030330,0.0038659922680154,6.205670797498897e-05,612000000,results/rs/SC3_MHBD_MWPM_1x/results/sweep_9_exp_0_checkpoints.csv
033030330,0.0038659922680154,6.205670797498897e-05,771000000,results/rs/SC3_MHBD_MWPM_1x/results/sweep_9_exp_0_checkpoints.csv
033030330,0.0038659922680154,6.205670797498897e-05,971000000,results/rs/SC3_MHBD_MWPM_1x/results/sweep_9_exp_0_checkpoints.csv
033300030,0.0037969924060151,6.150255649117753e-05,1223000000,results/rs/SC3_MHBD_MWPM_1x/results/sweep_9_exp_0_checkpoints.csv
033300030,0.0037969924060151,6.150255649117753e-05,1540000000,results/rs/SC3_MHBD_MWPM_1x/results/sweep_9_exp_0_checkpoints.csv
033300030,0.0037969924060151,6.150255649117753e-05,1939000000,results/rs/SC3_MHBD_MWPM_1x/results/sweep_9_exp_0_checkpoints.csv
033300030,0.0037969924060151,6.150255649117753e-05,2442000000,results/rs/SC3_MHBD_MWPM_1x/results/sweep_9_exp_0_checkpoints.csv
033300030,0.0037969924060151,6.150255649117753e-05,3075000000,results/rs/SC3_MHBD_MWPM_1x/results/sweep_9_exp_0_checkpoints.csv
030330030,0.0037099925800148,6.0796526668127626e-05,3872000000,results/rs/SC3_MHBD_MWPM_1x/results/sweep_9_exp_0_checkpoints.csv
030330030,0.0037099925800148,6.0796526668127626e-05,4875000000,results/rs/SC3_MHBD_MWPM_1x/results/sweep_9_exp_0_checkpoints.csv
030330030,0.0037099925800148,6.0796526668127626e-05,6138000000,results/rs/SC3_MHBD_MWPM_1x/results/sweep_9_exp_0_checkpoints.csv
033000330,0.0036979926040147,6.069848677725531e-05,7728000000,results/rs/SC3_MHBD_MWPM_1x/results/sweep_9_exp_0_checkpoints.csv
033000330,0.0036979926040147,6.069848677725531e-05,9729000000,results/rs/SC3_MHBD_MWPM_1x/results/sweep_9_exp_0_checkpoints.csv
033000330,0.0036979926040147,6.069848677725531e-05,12249000000,results/rs/SC3_MHBD_MWPM_1x/results/sweep_9_exp_0_checkpoints.csv
033000330,0.0036979926040147,6.069848677725531e-05,15421000000,results/rs/SC3_MHBD_MWPM_1x/results/sweep_9_exp_0_checkpoints.csv
202332333,0.0048989902020195,6.982102786423638e-05,1000000,results/rs/SC3_MHBD_MWPM_1x/results/sweep_5_exp_0_checkpoints.csv
202332333,0.0048989902020195,6.982102786423638e-05,2000000,results/rs/SC3_MHBD_MWPM_1x/results/sweep_5_exp_0_checkpoints.csv
202332333,0.0048989902020195,6.982102786423638e-05,3000000,results/rs/SC3_MHBD_MWPM_1x/results/sweep_5_exp_0_checkpoints.csv
203002002,0.0048099903800192,6.918699364177883e-05,4000000,results/rs/SC3_MHBD_MWPM_1x/results/sweep_5_exp_0_checkpoints.csv
203002002,0.0048099903800192,6.918699364177883e-05,6000000,results/rs/SC3_MHBD_MWPM_1x/results/sweep_5_exp_0_checkpoints.csv
203002002,0.0048099903800192,6.918699364177883e-05,8000000,results/rs/SC3_MHBD_MWPM_1x/results/sweep_5_exp_0_checkpoints.csv
330202203,0.0044099911800176,6.626107642659917e-05,11000000,results/rs/SC3_MHBD_MWPM_1x/results/sweep_5_exp_0_checkpoints.csv
330202203,0.0044099911800176,6.626107642659917e-05,14000000,results/rs/SC3_MHBD_MWPM_1x/results/sweep_5_exp_0_checkpoints.csv
030320033,0.0042089915820168,6.473996472777799e-05,18000000,results/rs/SC3_MHBD_MWPM_1x/results/sweep_5_exp_0_checkpoints.csv
030320033,0.0042089915820168,6.473996472777799e-05,23000000,results/rs/SC3_MHBD_MWPM_1x/results/sweep_5_exp_0_checkpoints.csv
030320033,0.0042089915820168,6.473996472777799e-05,29000000,results/rs/SC3_MHBD_MWPM_1x/results/sweep_5_exp_0_checkpoints.csv
033003033,0.0039239921520156,6.251865852391347e-05,37000000,results/rs/SC3_MHBD_MWPM_1x/results/sweep_5_exp_0_checkpoints.csv
033003033,0.0039239921520156,6.251865852391347e-05,47000000,results/rs/SC3_MHBD_MWPM_1x/results/sweep_5_exp_0_checkpoints.csv
033003033,0.0039239921520156,6.251865852391347e-05,60000000,results/rs/SC3_MHBD_MWPM_1x/results/sweep_5_exp_0_checkpoints.csv
033003033,0.0039239921520156,6.251865852391347e-05,76000000,results/rs/SC3_MHBD_MWPM_1x/results/sweep_5_exp_0_checkpoints.csv
033003033,0.0039239921520156,6.251865852391347e-05,96000000,results/rs/SC3_MHBD_MWPM_1x/results/sweep_5_exp_0_checkpoints.csv
033003033,0.0039239921520156,6.251865852391347e-05,121000000,results/rs/SC3_MHBD_MWPM_1x/results/sweep_5_exp_0_checkpoints.csv
033003033,0.0039239921520156,6.251865852391347e-05,153000000,results/rs/SC3_MHBD_MWPM_1x/results/sweep_5_exp_0_checkpoints.csv
033003033,0.0039239921520156,6.251865852391347e-05,193000000,results/rs/SC3_MHBD_MWPM_1x/results/sweep_5_exp_0_checkpoints.csv
033003033,0.0039239921520156,6.251865852391347e-05,243000000,results/rs/SC3_MHBD_MWPM_1x/results/sweep_5_exp_0_checkpoints.csv
033003033,0.0039239921520156,6.251865852391347e-05,306000000,results/rs/SC3_MHBD_MWPM_1x/results/sweep_5_exp_0_checkpoints.csv
033003033,0.0039239921520156,6.251865852391347e-05,386000000,results/rs/SC3_MHBD_MWPM_1x/results/sweep_5_exp_0_checkpoints.csv
033003033,0.0039239921520156,6.251865852391347e-05,486000000,results/rs/SC3_MHBD_MWPM_1x/results/sweep_5_exp_0_checkpoints.csv
030330330,0.0038489923020153,6.192064029164612e-05,612000000,results/rs/SC3_MHBD_MWPM_1x/results/sweep_5_exp_0_checkpoints.csv
030330330,0.0038489923020153,6.192064029164612e-05,771000000,results/rs/SC3_MHBD_MWPM_1x/results/sweep_5_exp_0_checkpoints.csv
030330330,0.0038489923020153,6.192064029164612e-05,971000000,results/rs/SC3_MHBD_MWPM_1x/results/sweep_5_exp_0_checkpoints.csv
030330330,0.0038489923020153,6.192064029164612e-05,1223000000,results/rs/SC3_MHBD_MWPM_1x/results/sweep_5_exp_0_checkpoints.csv
030330330,0.0038489923020153,6.192064029164612e-05,1540000000,results/rs/SC3_MHBD_MWPM_1x/results/sweep_5_exp_0_checkpoints.csv
030030033,0.0038339923320153,6.18003323324956e-05,1939000000,results/rs/SC3_MHBD_MWPM_1x/results/sweep_5_exp_0_checkpoints.csv
030030033,0.0038339923320153,6.18003323324956e-05,2442000000,results/rs/SC3_MHBD_MWPM_1x/results/sweep_5_exp_0_checkpoints.csv
030030033,0.0038339923320153,6.18003323324956e-05,3075000000,results/rs/SC3_MHBD_MWPM_1x/results/sweep_5_exp_0_checkpoints.csv
333000330,0.0038079923840152,6.15912358625792e-05,3872000000,results/rs/SC3_MHBD_MWPM_1x/results/sweep_5_exp_0_checkpoints.csv
333000330,0.0038079923840152,6.15912358625792e-05,4875000000,results/rs/SC3_MHBD_MWPM_1x/results/sweep_5_exp_0_checkpoints.csv
333000330,0.0038079923840152,6.15912358625792e-05,6138000000,results/rs/SC3_MHBD_MWPM_1x/results/sweep_5_exp_0_checkpoints.csv
333000330,0.0038079923840152,6.15912358625792e-05,7728000000,results/rs/SC3_MHBD_MWPM_1x/results/sweep_5_exp_0_checkpoints.csv
030300033,0.003762992474015,6.122761988081038e-05,9729000000,results/rs/SC3_MHBD_MWPM_1x/results/sweep_5_exp_0_checkpoints.csv
033000330,0.0036849926300147,6.059209772502072e-05,12249000000,results/rs/SC3_MHBD_MWPM_1x/results/sweep_5_exp_0_checkpoints.csv
033000330,0.0036849926300147,6.059209772502072e-05,15421000000,results/rs/SC3_MHBD_MWPM_1x/results/sweep_5_exp_0_checkpoints.csv
330200033,0.0040859918280163,6.379094702424482e-05,1000000,results/rs/SC3_MHBD_MWPM_1x/results/sweep_3_exp_0_checkpoints.csv
330200033,0.0040859918280163,6.379094702424482e-05,2000000,results/rs/SC3_MHBD_MWPM_1x/results/sweep_3_exp_0_checkpoints.csv
330200033,0.0040859918280163,6.379094702424482e-05,3000000,results/rs/SC3_MHBD_MWPM_1x/results/sweep_3_exp_0_checkpoints.csv
330200033,0.0040859918280163,6.379094702424482e-05,4000000,results/rs/SC3_MHBD_MWPM_1x/results/sweep_3_exp_0_checkpoints.csv
330200033,0.0040859918280163,6.379094702424482e-05,6000000,results/rs/SC3_MHBD_MWPM_1x/results/sweep_3_exp_0_checkpoints.csv
330200033,0.0040859918280163,6.379094702424482e-05,8000000,results/rs/SC3_MHBD_MWPM_1x/results/sweep_3_exp_0_checkpoints.csv
030330200,0.0039719920560158,6.289835437200963e-05,11000000,results/rs/SC3_MHBD_MWPM_1x/results/sweep_3_exp_0_checkpoints.csv
030330200,0.0039719920560158,6.289835437200963e-05,14000000,results/rs/SC3_MHBD_MWPM_1x/results/sweep_3_exp_0_checkpoints.csv
030330200,0.0039719920560158,6.289835437200963e-05,18000000,results/rs/SC3_MHBD_MWPM_1x/results/sweep_3_exp_0_checkpoints.csv
030330200,0.0039719920560158,6.289835437200963e-05,23000000,results/rs/SC3_MHBD_MWPM_1x/results/sweep_3_exp_0_checkpoints.csv
030330200,0.0039719920560158,6.289835437200963e-05,29000000,results/rs/SC3_MHBD_MWPM_1x/results/sweep_3_exp_0_checkpoints.csv
030330200,0.0039719920560158,6.289835437200963e-05,37000000,results/rs/SC3_MHBD_MWPM_1x/results/sweep_3_exp_0_checkpoints.csv
030330200,0.0039719920560158,6.289835437200963e-05,47000000,results/rs/SC3_MHBD_MWPM_1x/results/sweep_3_exp_0_checkpoints.csv
030330200,0.0039719920560158,6.289835437200963e-05,60000000,results/rs/SC3_MHBD_MWPM_1x/results/sweep_3_exp_0_checkpoints.csv
030330200,0.0039719920560158,6.289835437200963e-05,76000000,results/rs/SC3_MHBD_MWPM_1x/results/sweep_3_exp_0_checkpoints.csv
030330200,0.0039719920560158,6.289835437200963e-05,96000000,results/rs/SC3_MHBD_MWPM_1x/results/sweep_3_exp_0_checkpoints.csv
030330200,0.0039719920560158,6.289835437200963e-05,121000000,results/rs/SC3_MHBD_MWPM_1x/results/sweep_3_exp_0_checkpoints.csv
030330200,0.0039719920560158,6.289835437200963e-05,153000000,results/rs/SC3_MHBD_MWPM_1x/results/sweep_3_exp_0_checkpoints.csv
033300030,0.0038739922520154,6.212062726262957e-05,193000000,results/rs/SC3_MHBD_MWPM_1x/results/sweep_3_exp_0_checkpoints.csv
033300030,0.0038739922520154,6.212062726262957e-05,243000000,results/rs/SC3_MHBD_MWPM_1x/results/sweep_3_exp_0_checkpoints.csv
033300030,0.0038739922520154,6.212062726262957e-05,306000000,results/rs/SC3_MHBD_MWPM_1x/results/sweep_3_exp_0_checkpoints.csv
033300030,0.0038739922520154,6.212062726262957e-05,386000000,results/rs/SC3_MHBD_MWPM_1x/results/sweep_3_exp_0_checkpoints.csv
033300030,0.0038739922520154,6.212062726262957e-05,486000000,results/rs/SC3_MHBD_MWPM_1x/results/sweep_3_exp_0_checkpoints.csv
033300030,0.0038739922520154,6.212062726262957e-05,612000000,results/rs/SC3_MHBD_MWPM_1x/results/sweep_3_exp_0_checkpoints.csv
033300030,0.0038739922520154,6.212062726262957e-05,771000000,results/rs/SC3_MHBD_MWPM_1x/results/sweep_3_exp_0_checkpoints.csv
030333030,0.0038249923500153,6.172803114168346e-05,971000000,results/rs/SC3_MHBD_MWPM_1x/results/sweep_3_exp_0_checkpoints.csv
030333030,0.0038249923500153,6.172803114168346e-05,1223000000,results/rs/SC3_MHBD_MWPM_1x/results/sweep_3_exp_0_checkpoints.csv
030333030,0.0038249923500153,6.172803114168346e-05,1540000000,results/rs/SC3_MHBD_MWPM_1x/results/sweep_3_exp_0_checkpoints.csv
030333030,0.0038249923500153,6.172803114168346e-05,1939000000,results/rs/SC3_MHBD_MWPM_1x/results/sweep_3_exp_0_checkpoints.csv
030333030,0.0038249923500153,6.172803114168346e-05,2442000000,results/rs/SC3_MHBD_MWPM_1x/results/sweep_3_exp_0_checkpoints.csv
030330033,0.003768992462015,6.127623055363074e-05,3075000000,results/rs/SC3_MHBD_MWPM_1x/results/sweep_3_exp_0_checkpoints.csv
030330033,0.003768992462015,6.127623055363074e-05,3872000000,results/rs/SC3_MHBD_MWPM_1x/results/sweep_3_exp_0_checkpoints.csv
030330033,0.003768992462015,6.127623055363074e-05,4875000000,results/rs/SC3_MHBD_MWPM_1x/results/sweep_3_exp_0_checkpoints.csv
030330033,0.003768992462015,6.127623055363074e-05,6138000000,results/rs/SC3_MHBD_MWPM_1x/results/sweep_3_exp_0_checkpoints.csv
030030030,0.0036989926020147,6.070666495361365e-05,7728000000,results/rs/SC3_MHBD_MWPM_1x/results/sweep_3_exp_0_checkpoints.csv
030030030,0.0036989926020147,6.070666495361365e-05,9729000000,results/rs/SC3_MHBD_MWPM_1x/results/sweep_3_exp_0_checkpoints.csv
033300330,0.0036969926060147,6.0690312238875777e-05,12249000000,results/rs/SC3_MHBD_MWPM_1x/results/sweep_3_exp_0_checkpoints.csv
033300330,0.0036969926060147,6.0690312238875777e-05,15421000000,results/rs/SC3_MHBD_MWPM_1x/results/sweep_3_exp_0_checkpoints.csv
320020000,0.0046509906980186,6.803929136367515e-05,1000000,results/rs/SC3_MHBD_MWPM_1x/results/sweep_17_exp_0_checkpoints.csv
002002300,0.0045979908040183,6.765231228200719e-05,2000000,results/rs/SC3_MHBD_MWPM_1x/results/sweep_17_exp_0_checkpoints.csv
002002300,0.0045979908040183,6.765231228200719e-05,3000000,results/rs/SC3_MHBD_MWPM_1x/results/sweep_17_exp_0_checkpoints.csv
002002300,0.0045979908040183,6.765231228200719e-05,4000000,results/rs/SC3_MHBD_MWPM_1x/results/sweep_17_exp_0_checkpoints.csv
002002300,0.0045979908040183,6.765231228200719e-05,6000000,results/rs/SC3_MHBD_MWPM_1x/results/sweep_17_exp_0_checkpoints.csv
333023030,0.0043859912280175,6.608132389374077e-05,8000000,results/rs/SC3_MHBD_MWPM_1x/results/sweep_17_exp_0_checkpoints.csv
030030022,0.0043379913240173,6.572031998075545e-05,11000000,results/rs/SC3_MHBD_MWPM_1x/results/sweep_17_exp_0_checkpoints.csv
033002200,0.0042939914120171,6.53876195428893e-05,14000000,results/rs/SC3_MHBD_MWPM_1x/results/sweep_17_exp_0_checkpoints.csv
330033302,0.0042279915440169,6.488530925707892e-05,18000000,results/rs/SC3_MHBD_MWPM_1x/results/sweep_17_exp_0_checkpoints.csv
330033302,0.0042279915440169,6.488530925707892e-05,23000000,results/rs/SC3_MHBD_MWPM_1x/results/sweep_17_exp_0_checkpoints.csv
330033302,0.0042279915440169,6.488530925707892e-05,29000000,results/rs/SC3_MHBD_MWPM_1x/results/sweep_17_exp_0_checkpoints.csv
330033302,0.0042279915440169,6.488530925707892e-05,37000000,results/rs/SC3_MHBD_MWPM_1x/results/sweep_17_exp_0_checkpoints.csv
032333030,0.0041389917220165,6.420162389986217e-05,47000000,results/rs/SC3_MHBD_MWPM_1x/results/sweep_17_exp_0_checkpoints.csv
032333030,0.0041389917220165,6.420162389986217e-05,60000000,results/rs/SC3_MHBD_MWPM_1x/results/sweep_17_exp_0_checkpoints.csv
032333030,0.0041389917220165,6.420162389986217e-05,76000000,results/rs/SC3_MHBD_MWPM_1x/results/sweep_17_exp_0_checkpoints.csv
032333030,0.0041389917220165,6.420162389986217e-05,96000000,results/rs/SC3_MHBD_MWPM_1x/results/sweep_17_exp_0_checkpoints.csv
032333030,0.0041389917220165,6.420162389986217e-05,121000000,results/rs/SC3_MHBD_MWPM_1x/results/sweep_17_exp_0_checkpoints.csv
000303030,0.0040579918840162,6.357289385050535e-05,153000000,results/rs/SC3_MHBD_MWPM_1x/results/sweep_17_exp_0_checkpoints.csv
320330030,0.0040509918980162,6.351825868478045e-05,193000000,results/rs/SC3_MHBD_MWPM_1x/results/sweep_17_exp_0_checkpoints.csv
030300000,0.0039899920200159,6.304014823399484e-05,243000000,results/rs/SC3_MHBD_MWPM_1x/results/sweep_17_exp_0_checkpoints.csv
030303030,0.0039319921360157,6.258210487430915e-05,306000000,results/rs/SC3_MHBD_MWPM_1x/results/sweep_17_exp_0_checkpoints.csv
030303030,0.0039319921360157,6.258210487430915e-05,386000000,results/rs/SC3_MHBD_MWPM_1x/results/sweep_17_exp_0_checkpoints.csv
030303030,0.0039319921360157,6.258210487430915e-05,486000000,results/rs/SC3_MHBD_MWPM_1x/results/sweep_17_exp_0_checkpoints.csv
030303030,0.0039319921360157,6.258210487430915e-05,612000000,results/rs/SC3_MHBD_MWPM_1x/results/sweep_17_exp_0_checkpoints.csv
030303030,0.0039319921360157,6.258210487430915e-05,771000000,results/rs/SC3_MHBD_MWPM_1x/results/sweep_17_exp_0_checkpoints.csv
030303030,0.0039319921360157,6.258210487430915e-05,971000000,results/rs/SC3_MHBD_MWPM_1x/results/sweep_17_exp_0_checkpoints.csv
030303030,0.0039319921360157,6.258210487430915e-05,1223000000,results/rs/SC3_MHBD_MWPM_1x/results/sweep_17_exp_0_checkpoints.csv
030303030,0.0039319921360157,6.258210487430915e-05,1540000000,results/rs/SC3_MHBD_MWPM_1x/results/sweep_17_exp_0_checkpoints.csv
030303030,0.0039319921360157,6.258210487430915e-05,1939000000,results/rs/SC3_MHBD_MWPM_1x/results/sweep_17_exp_0_checkpoints.csv
030300330,0.0038669922660154,6.206470425240695e-05,2442000000,results/rs/SC3_MHBD_MWPM_1x/results/sweep_17_exp_0_checkpoints.csv
030030030,0.0038069923860152,6.158317410154268e-05,3075000000,results/rs/SC3_MHBD_MWPM_1x/results/sweep_17_exp_0_checkpoints.csv
030030030,0.0038069923860152,6.158317410154268e-05,3872000000,results/rs/SC3_MHBD_MWPM_1x/results/sweep_17_exp_0_checkpoints.csv
030030030,0.0038069923860152,6.158317410154268e-05,4875000000,results/rs/SC3_MHBD_MWPM_1x/results/sweep_17_exp_0_checkpoints.csv
033030030,0.0038029923940152,6.155094160931185e-05,6138000000,results/rs/SC3_MHBD_MWPM_1x/results/sweep_17_exp_0_checkpoints.csv
033030030,0.0038029923940152,6.155094160931185e-05,7728000000,results/rs/SC3_MHBD_MWPM_1x/results/sweep_17_exp_0_checkpoints.csv
333000330,0.0037969924060151,6.150255649117753e-05,9729000000,results/rs/SC3_MHBD_MWPM_1x/results/sweep_17_exp_0_checkpoints.csv
333000330,0.0037969924060151,6.150255649117753e-05,12249000000,results/rs/SC3_MHBD_MWPM_1x/results/sweep_17_exp_0_checkpoints.csv
033000330,0.0036789926420147,6.054293044144288e-05,15421000000,results/rs/SC3_MHBD_MWPM_1x/results/sweep_17_exp_0_checkpoints.csv
200232302,0.00501298997402,7.062467921059579e-05,1000000,results/rs/SC3_MHBD_MWPM_1x/results/sweep_20_exp_0_checkpoints.csv
330032300,0.0041299917400165,6.413207302102819e-05,2000000,results/rs/SC3_MHBD_MWPM_1x/results/sweep_20_exp_0_checkpoints.csv
330032300,0.0041299917400165,6.413207302102819e-05,3000000,results/rs/SC3_MHBD_MWPM_1x/results/sweep_20_exp_0_checkpoints.csv
330032300,0.0041299917400165,6.413207302102819e-05,4000000,results/rs/SC3_MHBD_MWPM_1x/results/sweep_20_exp_0_checkpoints.csv
330032300,0.0041299917400165,6.413207302102819e-05,6000000,results/rs/SC3_MHBD_MWPM_1x/results/sweep_20_exp_0_checkpoints.csv
330032300,0.0041299917400165,6.413207302102819e-05,8000000,results/rs/SC3_MHBD_MWPM_1x/results/sweep_20_exp_0_checkpoints.csv
330032300,0.0041299917400165,6.413207302102819e-05,11000000,results/rs/SC3_MHBD_MWPM_1x/results/sweep_20_exp_0_checkpoints.csv
330032300,0.0041299917400165,6.413207302102819e-05,14000000,results/rs/SC3_MHBD_MWPM_1x/results/sweep_20_exp_0_checkpoints.csv
330032300,0.0041299917400165,6.413207302102819e-05,18000000,results/rs/SC3_MHBD_MWPM_1x/results/sweep_20_exp_0_checkpoints.csv
330032300,0.0041299917400165,6.413207302102819e-05,23000000,results/rs/SC3_MHBD_MWPM_1x/results/sweep_20_exp_0_checkpoints.csv
330032300,0.0041299917400165,6.413207302102819e-05,29000000,results/rs/SC3_MHBD_MWPM_1x/results/sweep_20_exp_0_checkpoints.csv
330032300,0.0041299917400165,6.413207302102819e-05,37000000,results/rs/SC3_MHBD_MWPM_1x/results/sweep_20_exp_0_checkpoints.csv
330032300,0.0041299917400165,6.413207302102819e-05,47000000,results/rs/SC3_MHBD_MWPM_1x/results/sweep_20_exp_0_checkpoints.csv
033300333,0.0039859920280159,6.300866516539827e-05,60000000,results/rs/SC3_MHBD_MWPM_1x/results/sweep_20_exp_0_checkpoints.csv
033300333,0.0039859920280159,6.300866516539827e-05,76000000,results/rs/SC3_MHBD_MWPM_1x/results/sweep_20_exp_0_checkpoints.csv
033300333,0.0039859920280159,6.300866516539827e-05,96000000,results/rs/SC3_MHBD_MWPM_1x/results/sweep_20_exp_0_checkpoints.csv
033300333,0.0039859920280159,6.300866516539827e-05,121000000,results/rs/SC3_MHBD_MWPM_1x/results/sweep_20_exp_0_checkpoints.csv
033300333,0.0039859920280159,6.300866516539827e-05,153000000,results/rs/SC3_MHBD_MWPM_1x/results/sweep_20_exp_0_checkpoints.csv
033030003,0.0039519920960158,6.274042971199378e-05,193000000,results/rs/SC3_MHBD_MWPM_1x/results/sweep_20_exp_0_checkpoints.csv
033030003,0.0039519920960158,6.274042971199378e-05,243000000,results/rs/SC3_MHBD_MWPM_1x/results/sweep_20_exp_0_checkpoints.csv
033030003,0.0039519920960158,6.274042971199378e-05,306000000,results/rs/SC3_MHBD_MWPM_1x/results/sweep_20_exp_0_checkpoints.csv
033030003,0.0039519920960158,6.274042971199378e-05,386000000,results/rs/SC3_MHBD_MWPM_1x/results/sweep_20_exp_0_checkpoints.csv
033030003,0.0039519920960158,6.274042971199378e-05,486000000,results/rs/SC3_MHBD_MWPM_1x/results/sweep_20_exp_0_checkpoints.csv
030330033,0.0038359923280153,6.18163903709501e-05,612000000,results/rs/SC3_MHBD_MWPM_1x/results/sweep_20_exp_0_checkpoints.csv
030330033,0.0038359923280153,6.18163903709501e-05,771000000,results/rs/SC3_MHBD_MWPM_1x/results/sweep_20_exp_0_checkpoints.csv
033303030,0.0038259923480153,6.173607107484713e-05,971000000,results/rs/SC3_MHBD_MWPM_1x/results/sweep_20_exp_0_checkpoints.csv
033303030,0.0038259923480153,6.173607107484713e-05,1223000000,results/rs/SC3_MHBD_MWPM_1x/results/sweep_20_exp_0_checkpoints.csv
330030030,0.0037869924260151,6.142182246549055e-05,1540000000,results/rs/SC3_MHBD_MWPM_1x/results/sweep_20_exp_0_checkpoints.csv
330030030,0.0037869924260151,6.142182246549055e-05,1939000000,results/rs/SC3_MHBD_MWPM_1x/results/sweep_20_exp_0_checkpoints.csv
330030030,0.0037869924260151,6.142182246549055e-05,2442000000,results/rs/SC3_MHBD_MWPM_1x/results/sweep_20_exp_0_checkpoints.csv
330030030,0.0037869924260151,6.142182246549055e-05,3075000000,results/rs/SC3_MHBD_MWPM_1x/results/sweep_20_exp_0_checkpoints.csv
330030030,0.0037869924260151,6.142182246549055e-05,3872000000,results/rs/SC3_MHBD_MWPM_1x/results/sweep_20_exp_0_checkpoints.csv
330030030,0.0037869924260151,6.142182246549055e-05,4875000000,results/rs/SC3_MHBD_MWPM_1x/results/sweep_20_exp_0_checkpoints.csv
033000330,0.003750992498015,6.113028211984783e-05,6138000000,results/rs/SC3_MHBD_MWPM_1x/results/sweep_20_exp_0_checkpoints.csv
033000330,0.003750992498015,6.113028211984783e-05,7728000000,results/rs/SC3_MHBD_MWPM_1x/results/sweep_20_exp_0_checkpoints.csv
033000330,0.003750992498015,6.113028211984783e-05,9729000000,results/rs/SC3_MHBD_MWPM_1x/results/sweep_20_exp_0_checkpoints.csv
033000330,0.003750992498015,6.113028211984783e-05,12249000000,results/rs/SC3_MHBD_MWPM_1x/results/sweep_20_exp_0_checkpoints.csv
033000330,0.003750992498015,6.113028211984783e-05,15421000000,results/rs/SC3_MHBD_MWPM_1x/results/sweep_20_exp_0_checkpoints.csv
023200020,0.0046159907680184,6.778399256290868e-05,1000000,results/rs/SC3_MHBD_MWPM_1x/results/sweep_11_exp_0_checkpoints.csv
200320033,0.0045869908260183,6.757171649951488e-05,2000000,results/rs/SC3_MHBD_MWPM_1x/results/sweep_11_exp_0_checkpoints.csv
200320033,0.0045869908260183,6.757171649951488e-05,3000000,results/rs/SC3_MHBD_MWPM_1x/results/sweep_11_exp_0_checkpoints.csv
200320033,0.0045869908260183,6.757171649951488e-05,4000000,results/rs/SC3_MHBD_MWPM_1x/results/sweep_11_exp_0_checkpoints.csv
200320033,0.0045869908260183,6.757171649951488e-05,6000000,results/rs/SC3_MHBD_MWPM_1x/results/sweep_11_exp_0_checkpoints.csv
200320033,0.0045869908260183,6.757171649951488e-05,8000000,results/rs/SC3_MHBD_MWPM_1x/results/sweep_11_exp_0_checkpoints.csv
330203000,0.0041309917380165,6.413980008801445e-05,11000000,results/rs/SC3_MHBD_MWPM_1x/results/sweep_11_exp_0_checkpoints.csv
330203000,0.0041309917380165,6.413980008801445e-05,14000000,results/rs/SC3_MHBD_MWPM_1x/results/sweep_11_exp_0_checkpoints.csv
330203000,0.0041309917380165,6.413980008801445e-05,18000000,results/rs/SC3_MHBD_MWPM_1x/results/sweep_11_exp_0_checkpoints.csv
330203000,0.0041309917380165,6.413980008801445e-05,23000000,results/rs/SC3_MHBD_MWPM_1x/results/sweep_11_exp_0_checkpoints.csv
330203000,0.0041309917380165,6.413980008801445e-05,29000000,results/rs/SC3_MHBD_MWPM_1x/results/sweep_11_exp_0_checkpoints.csv
330203000,0.0041309917380165,6.413980008801445e-05,37000000,results/rs/SC3_MHBD_MWPM_1x/results/sweep_11_exp_0_checkpoints.csv
330203000,0.0041309917380165,6.413980008801445e-05,47000000,results/rs/SC3_MHBD_MWPM_1x/results/sweep_11_exp_0_checkpoints.csv
330203000,0.0041309917380165,6.413980008801445e-05,60000000,results/rs/SC3_MHBD_MWPM_1x/results/sweep_11_exp_0_checkpoints.csv
330203000,0.0041309917380165,6.413980008801445e-05,76000000,results/rs/SC3_MHBD_MWPM_1x/results/sweep_11_exp_0_checkpoints.csv
330203000,0.0041309917380165,6.413980008801445e-05,96000000,results/rs/SC3_MHBD_MWPM_1x/results/sweep_11_exp_0_checkpoints.csv
330203000,0.0041309917380165,6.413980008801445e-05,121000000,results/rs/SC3_MHBD_MWPM_1x/results/sweep_11_exp_0_checkpoints.csv
030300003,0.0039979920040159,6.310305616352707e-05,153000000,results/rs/SC3_MHBD_MWPM_1x/results/sweep_11_exp_0_checkpoints.csv
030300003,0.0039979920040159,6.310305616352707e-05,193000000,results/rs/SC3_MHBD_MWPM_1x/results/sweep_11_exp_0_checkpoints.csv
030300003,0.0039979920040159,6.310305616352707e-05,243000000,results/rs/SC3_MHBD_MWPM_1x/results/sweep_11_exp_0_checkpoints.csv
330030330,0.0039019921960156,6.23438463662751e-05,306000000,results/rs/SC3_MHBD_MWPM_1x/results/sweep_11_exp_0_checkpoints.csv
330030330,0.0039019921960156,6.23438463662751e-05,386000000,results/rs/SC3_MHBD_MWPM_1x/results/sweep_11_exp_0_checkpoints.csv
330030330,0.0039019921960156,6.23438463662751e-05,486000000,results/rs/SC3_MHBD_MWPM_1x/results/sweep_11_exp_0_checkpoints.csv
330030330,0.0039019921960156,6.23438463662751e-05,612000000,results/rs/SC3_MHBD_MWPM_1x/results/sweep_11_exp_0_checkpoints.csv
330030330,0.0039019921960156,6.23438463662751e-05,771000000,results/rs/SC3_MHBD_MWPM_1x/results/sweep_11_exp_0_checkpoints.csv
330030330,0.0039019921960156,6.23438463662751e-05,971000000,results/rs/SC3_MHBD_MWPM_1x/results/sweep_11_exp_0_checkpoints.csv
330030330,0.0039019921960156,6.23438463662751e-05,1223000000,results/rs/SC3_MHBD_MWPM_1x/results/sweep_11_exp_0_checkpoints.csv
330030330,0.0039019921960156,6.23438463662751e-05,1540000000,results/rs/SC3_MHBD_MWPM_1x/results/sweep_11_exp_0_checkpoints.csv
330030330,0.0039019921960156,6.23438463662751e-05,1939000000,results/rs/SC3_MHBD_MWPM_1x/results/sweep_11_exp_0_checkpoints.csv
033300330,0.0038019923960152,6.154287984827533e-05,2442000000,results/rs/SC3_MHBD_MWPM_1x/results/sweep_11_exp_0_checkpoints.csv
033300330,0.0038019923960152,6.154287984827533e-05,3075000000,results/rs/SC3_MHBD_MWPM_1x/results/sweep_11_exp_0_checkpoints.csv
033000330,0.0036119927760144,5.999112909194082e-05,3872000000,results/rs/SC3_MHBD_MWPM_1x/results/sweep_11_exp_0_checkpoints.csv
033000330,0.0036119927760144,5.999112909194082e-05,4875000000,results/rs/SC3_MHBD_MWPM_1x/results/sweep_11_exp_0_checkpoints.csv
033000330,0.0036119927760144,5.999112909194082e-05,6138000000,results/rs/SC3_MHBD_MWPM_1x/results/sweep_11_exp_0_checkpoints.csv
033000330,0.0036119927760144,5.999112909194082e-05,7728000000,results/rs/SC3_MHBD_MWPM_1x/results/sweep_11_exp_0_checkpoints.csv
033000330,0.0036119927760144,5.999112909194082e-05,9729000000,results/rs/SC3_MHBD_MWPM_1x/results/sweep_11_exp_0_checkpoints.csv
033000330,0.0036119927760144,5.999112909194082e-05,12249000000,results/rs/SC3_MHBD_MWPM_1x/results/sweep_11_exp_0_checkpoints.csv
033000330,0.0036119927760144,5.999112909194082e-05,15421000000,results/rs/SC3_MHBD_MWPM_1x/results/sweep_11_exp_0_checkpoints.csv
302320200,0.00501098997802,7.061065844027326e-05,1000000,results/rs/SC3_MHBD_MWPM_1x/results/sweep_8_exp_0_checkpoints.csv
302320200,0.00501098997802,7.061065844027326e-05,2000000,results/rs/SC3_MHBD_MWPM_1x/results/sweep_8_exp_0_checkpoints.csv
302320200,0.00501098997802,7.061065844027326e-05,3000000,results/rs/SC3_MHBD_MWPM_1x/results/sweep_8_exp_0_checkpoints.csv
302320200,0.00501098997802,7.061065844027326e-05,4000000,results/rs/SC3_MHBD_MWPM_1x/results/sweep_8_exp_0_checkpoints.csv
023230300,0.0044239911520176,6.636569742113352e-05,6000000,results/rs/SC3_MHBD_MWPM_1x/results/sweep_8_exp_0_checkpoints.csv
023230300,0.0044239911520176,6.636569742113352e-05,8000000,results/rs/SC3_MHBD_MWPM_1x/results/sweep_8_exp_0_checkpoints.csv
023230300,0.0044239911520176,6.636569742113352e-05,11000000,results/rs/SC3_MHBD_MWPM_1x/results/sweep_8_exp_0_checkpoints.csv
023230300,0.0044239911520176,6.636569742113352e-05,14000000,results/rs/SC3_MHBD_MWPM_1x/results/sweep_8_exp_0_checkpoints.csv
333002330,0.0041329917340165,6.41552614979446e-05,18000000,results/rs/SC3_MHBD_MWPM_1x/results/sweep_8_exp_0_checkpoints.csv
333002330,0.0041329917340165,6.41552614979446e-05,23000000,results/rs/SC3_MHBD_MWPM_1x/results/sweep_8_exp_0_checkpoints.csv
333002330,0.0041329917340165,6.41552614979446e-05,29000000,results/rs/SC3_MHBD_MWPM_1x/results/sweep_8_exp_0_checkpoints.csv
333002330,0.0041329917340165,6.41552614979446e-05,37000000,results/rs/SC3_MHBD_MWPM_1x/results/sweep_8_exp_0_checkpoints.csv
333002330,0.0041329917340165,6.41552614979446e-05,47000000,results/rs/SC3_MHBD_MWPM_1x/results/sweep_8_exp_0_checkpoints.csv
333002330,0.0041329917340165,6.41552614979446e-05,60000000,results/rs/SC3_MHBD_MWPM_1x/results/sweep_8_exp_0_checkpoints.csv
333030033,0.0040619918760162,6.360408588079736e-05,76000000,results/rs/SC3_MHBD_MWPM_1x/results/sweep_8_exp_0_checkpoints.csv
333030033,0.0040619918760162,6.360408588079736e-05,96000000,results/rs/SC3_MHBD_MWPM_1x/results/sweep_8_exp_0_checkpoints.csv
333030033,0.0040619918760162,6.360408588079736e-05,121000000,results/rs/SC3_MHBD_MWPM_1x/results/sweep_8_exp_0_checkpoints.csv
330003330,0.0039849920300159,6.300079257925972e-05,153000000,results/rs/SC3_MHBD_MWPM_1x/results/sweep_8_exp_0_checkpoints.csv
330003330,0.0039849920300159,6.300079257925972e-05,193000000,results/rs/SC3_MHBD_MWPM_1x/results/sweep_8_exp_0_checkpoints.csv
330003330,0.0039849920300159,6.300079257925972e-05,243000000,results/rs/SC3_MHBD_MWPM_1x/results/sweep_8_exp_0_checkpoints.csv
330003330,0.0039849920300159,6.300079257925972e-05,306000000,results/rs/SC3_MHBD_MWPM_1x/results/sweep_8_exp_0_checkpoints.csv
330003330,0.0039849920300159,6.300079257925972e-05,386000000,results/rs/SC3_MHBD_MWPM_1x/results/sweep_8_exp_0_checkpoints.csv
033330330,0.0038799922400155,6.216853216756135e-05,486000000,results/rs/SC3_MHBD_MWPM_1x/results/sweep_8_exp_0_checkpoints.csv
033330330,0.0038799922400155,6.216853216756135e-05,612000000,results/rs/SC3_MHBD_MWPM_1x/results/sweep_8_exp_0_checkpoints.csv
030330330,0.0038499923000154,6.192865839693695e-05,771000000,results/rs/SC3_MHBD_MWPM_1x/results/sweep_8_exp_0_checkpoints.csv
030330330,0.0038499923000154,6.192865839693695e-05,971000000,results/rs/SC3_MHBD_MWPM_1x/results/sweep_8_exp_0_checkpoints.csv
330030030,0.0037939924120151,6.147834210423753e-05,1223000000,results/rs/SC3_MHBD_MWPM_1x/results/sweep_8_exp_0_checkpoints.csv
330030030,0.0037939924120151,6.147834210423753e-05,1540000000,results/rs/SC3_MHBD_MWPM_1x/results/sweep_8_exp_0_checkpoints.csv
330030030,0.0037939924120151,6.147834210423753e-05,1939000000,results/rs/SC3_MHBD_MWPM_1x/results/sweep_8_exp_0_checkpoints.csv
333000330,0.0037899924200151,6.144605140434578e-05,2442000000,results/rs/SC3_MHBD_MWPM_1x/results/sweep_8_exp_0_checkpoints.csv
333000330,0.0037899924200151,6.144605140434578e-05,3075000000,results/rs/SC3_MHBD_MWPM_1x/results/sweep_8_exp_0_checkpoints.csv
333000330,0.0037899924200151,6.144605140434578e-05,3872000000,results/rs/SC3_MHBD_MWPM_1x/results/sweep_8_exp_0_checkpoints.csv
333000330,0.0037899924200151,6.144605140434578e-05,4875000000,results/rs/SC3_MHBD_MWPM_1x/results/sweep_8_exp_0_checkpoints.csv
033300330,0.0037279925440149,6.09432790952269e-05,6138000000,results/rs/SC3_MHBD_MWPM_1x/results/sweep_8_exp_0_checkpoints.csv
033300330,0.0037279925440149,6.09432790952269e-05,7728000000,results/rs/SC3_MHBD_MWPM_1x/results/sweep_8_exp_0_checkpoints.csv
033300330,0.0037279925440149,6.09432790952269e-05,9729000000,results/rs/SC3_MHBD_MWPM_1x/results/sweep_8_exp_0_checkpoints.csv
033000330,0.0037239925520148,6.091070099500939e-05,12249000000,results/rs/SC3_MHBD_MWPM_1x/results/sweep_8_exp_0_checkpoints.csv
033000330,0.0037239925520148,6.091070099500939e-05,15421000000,results/rs/SC3_MHBD_MWPM_1x/results/sweep_8_exp_0_checkpoints.csv
232000300,0.0046139907720184,6.776937516406178e-05,1000000,results/rs/SC3_MHBD_MWPM_1x/results/sweep_4_exp_0_checkpoints.csv
232000300,0.0046139907720184,6.776937516406178e-05,2000000,results/rs/SC3_MHBD_MWPM_1x/results/sweep_4_exp_0_checkpoints.csv
232000300,0.0046139907720184,6.776937516406178e-05,3000000,results/rs/SC3_MHBD_MWPM_1x/results/sweep_4_exp_0_checkpoints.csv
203333302,0.0044369911260177,6.646270048804581e-05,4000000,results/rs/SC3_MHBD_MWPM_1x/results/sweep_4_exp_0_checkpoints.csv
203333302,0.0044369911260177,6.646270048804581e-05,6000000,results/rs/SC3_MHBD_MWPM_1x/results/sweep_4_exp_0_checkpoints.csv
203333302,0.0044369911260177,6.646270048804581e-05,8000000,results/rs/SC3_MHBD_MWPM_1x/results/sweep_4_exp_0_checkpoints.csv
033020003,0.0043219913560172,6.559953180840239e-05,11000000,results/rs/SC3_MHBD_MWPM_1x/results/sweep_4_exp_0_checkpoints.csv
033020003,0.0043219913560172,6.559953180840239e-05,14000000,results/rs/SC3_MHBD_MWPM_1x/results/sweep_4_exp_0_checkpoints.csv
033020003,0.0043219913560172,6.559953180840239e-05,18000000,results/rs/SC3_MHBD_MWPM_1x/results/sweep_4_exp_0_checkpoints.csv
033020003,0.0043219913560172,6.559953180840239e-05,23000000,results/rs/SC3_MHBD_MWPM_1x/results/sweep_4_exp_0_checkpoints.csv
033020003,0.0043219913560172,6.559953180840239e-05,29000000,results/rs/SC3_MHBD_MWPM_1x/results/sweep_4_exp_0_checkpoints.csv
033003303,0.0039769920460159,6.293777551036328e-05,37000000,results/rs/SC3_MHBD_MWPM_1x/results/sweep_4_exp_0_checkpoints.csv
033003303,0.0039769920460159,6.293777551036328e-05,47000000,results/rs/SC3_MHBD_MWPM_1x/results/sweep_4_exp_0_checkpoints.csv
033003303,0.0039769920460159,6.293777551036328e-05,60000000,results/rs/SC3_MHBD_MWPM_1x/results/sweep_4_exp_0_checkpoints.csv
033003303,0.0039769920460159,6.293777551036328e-05,76000000,results/rs/SC3_MHBD_MWPM_1x/results/sweep_4_exp_0_checkpoints.csv
033003303,0.0039769920460159,6.293777551036328e-05,96000000,results/rs/SC3_MHBD_MWPM_1x/results/sweep_4_exp_0_checkpoints.csv
033003303,0.0039769920460159,6.293777551036328e-05,121000000,results/rs/SC3_MHBD_MWPM_1x/results/sweep_4_exp_0_checkpoints.csv
033030330,0.0038369923260153,6.182441575219855e-05,153000000,results/rs/SC3_MHBD_MWPM_1x/results/sweep_4_exp_0_checkpoints.csv
033030330,0.0038369923260153,6.182441575219855e-05,193000000,results/rs/SC3_MHBD_MWPM_1x/results/sweep_4_exp_0_checkpoints.csv
033030330,0.0038369923260153,6.182441575219855e-05,243000000,results/rs/SC3_MHBD_MWPM_1x/results/sweep_4_exp_0_checkpoints.csv
033030330,0.0038369923260153,6.182441575219855e-05,306000000,results/rs/SC3_MHBD_MWPM_1x/results/sweep_4_exp_0_checkpoints.csv
033030330,0.0038369923260153,6.182441575219855e-05,386000000,results/rs/SC3_MHBD_MWPM_1x/results/sweep_4_exp_0_checkpoints.csv
033030330,0.0038369923260153,6.182441575219855e-05,486000000,results/rs/SC3_MHBD_MWPM_1x/results/sweep_4_exp_0_checkpoints.csv
033030330,0.0038369923260153,6.182441575219855e-05,612000000,results/rs/SC3_MHBD_MWPM_1x/results/sweep_4_exp_0_checkpoints.csv
033030330,0.0038369923260153,6.182441575219855e-05,771000000,results/rs/SC3_MHBD_MWPM_1x/results/sweep_4_exp_0_checkpoints.csv
033030330,0.0038369923260153,6.182441575219855e-05,971000000,results/rs/SC3_MHBD_MWPM_1x/results/sweep_4_exp_0_checkpoints.csv
033030330,0.0038369923260153,6.182441575219855e-05,1223000000,results/rs/SC3_MHBD_MWPM_1x/results/sweep_4_exp_0_checkpoints.csv
033030330,0.0038369923260153,6.182441575219855e-05,1540000000,results/rs/SC3_MHBD_MWPM_1x/results/sweep_4_exp_0_checkpoints.csv
330000330,0.0038219923560152,6.170391861815006e-05,1939000000,results/rs/SC3_MHBD_MWPM_1x/results/sweep_4_exp_0_checkpoints.csv
030033030,0.0037899924200151,6.144605140434578e-05,2442000000,results/rs/SC3_MHBD_MWPM_1x/results/sweep_4_exp_0_checkpoints.csv
030033030,0.0037899924200151,6.144605140434578e-05,3075000000,results/rs/SC3_MHBD_MWPM_1x/results/sweep_4_exp_0_checkpoints.csv
030330300,0.0037249925500149,6.091884642955847e-05,3872000000,results/rs/SC3_MHBD_MWPM_1x/results/sweep_4_exp_0_checkpoints.csv
030330300,0.0037249925500149,6.091884642955847e-05,4875000000,results/rs/SC3_MHBD_MWPM_1x/results/sweep_4_exp_0_checkpoints.csv
030330300,0.0037249925500149,6.091884642955847e-05,6138000000,results/rs/SC3_MHBD_MWPM_1x/results/sweep_4_exp_0_checkpoints.csv
030330300,0.0037249925500149,6.091884642955847e-05,7728000000,results/rs/SC3_MHBD_MWPM_1x/results/sweep_4_exp_0_checkpoints.csv
033000330,0.0035939928120143,5.984200106468052e-05,9729000000,results/rs/SC3_MHBD_MWPM_1x/results/sweep_4_exp_0_checkpoints.csv
033000330,0.0035939928120143,5.984200106468052e-05,12249000000,results/rs/SC3_MHBD_MWPM_1x/results/sweep_4_exp_0_checkpoints.csv
033000330,0.0035939928120143,5.984200106468052e-05,15421000000,results/rs/SC3_MHBD_MWPM_1x/results/sweep_4_exp_0_checkpoints.csv
320330232,0.0047339905320189,6.864084571134299e-05,1000000,results/rs/SC3_MHBD_MWPM_1x/results/sweep_2_exp_0_checkpoints.csv
320330232,0.0047339905320189,6.864084571134299e-05,2000000,results/rs/SC3_MHBD_MWPM_1x/results/sweep_2_exp_0_checkpoints.csv
320330232,0.0047339905320189,6.864084571134299e-05,3000000,results/rs/SC3_MHBD_MWPM_1x/results/sweep_2_exp_0_checkpoints.csv
330332003,0.0044769910460179,6.676027260255069e-05,4000000,results/rs/SC3_MHBD_MWPM_1x/results/sweep_2_exp_0_checkpoints.csv
330332003,0.0044769910460179,6.676027260255069e-05,6000000,results/rs/SC3_MHBD_MWPM_1x/results/sweep_2_exp_0_checkpoints.csv
330332003,0.0044769910460179,6.676027260255069e-05,8000000,results/rs/SC3_MHBD_MWPM_1x/results/sweep_2_exp_0_checkpoints.csv
330332003,0.0044769910460179,6.676027260255069e-05,11000000,results/rs/SC3_MHBD_MWPM_1x/results/sweep_2_exp_0_checkpoints.csv
330332003,0.0044769910460179,6.676027260255069e-05,14000000,results/rs/SC3_MHBD_MWPM_1x/results/sweep_2_exp_0_checkpoints.csv
330332003,0.0044769910460179,6.676027260255069e-05,18000000,results/rs/SC3_MHBD_MWPM_1x/results/sweep_2_exp_0_checkpoints.csv
330332003,0.0044769910460179,6.676027260255069e-05,23000000,results/rs/SC3_MHBD_MWPM_1x/results/sweep_2_exp_0_checkpoints.csv
000333320,0.0041059917880164,6.394623051164672e-05,29000000,results/rs/SC3_MHBD_MWPM_1x/results/sweep_2_exp_0_checkpoints.csv
000333320,0.0041059917880164,6.394623051164672e-05,37000000,results/rs/SC3_MHBD_MWPM_1x/results/sweep_2_exp_0_checkpoints.csv
000333320,0.0041059917880164,6.394623051164672e-05,47000000,results/rs/SC3_MHBD_MWPM_1x/results/sweep_2_exp_0_checkpoints.csv
000333320,0.0041059917880164,6.394623051164672e-05,60000000,results/rs/SC3_MHBD_MWPM_1x/results/sweep_2_exp_0_checkpoints.csv
330300033,0.0039829920340159,6.298504740698263e-05,76000000,results/rs/SC3_MHBD_MWPM_1x/results/sweep_2_exp_0_checkpoints.csv
330300033,0.0039829920340159,6.298504740698263e-05,96000000,results/rs/SC3_MHBD_MWPM_1x/results/sweep_2_exp_0_checkpoints.csv
330300033,0.0039829920340159,6.298504740698263e-05,121000000,results/rs/SC3_MHBD_MWPM_1x/results/sweep_2_exp_0_checkpoints.csv
033030000,0.0038869922260155,6.22243678662926e-05,153000000,results/rs/SC3_MHBD_MWPM_1x/results/sweep_2_exp_0_checkpoints.csv
033030000,0.0038869922260155,6.22243678662926e-05,193000000,results/rs/SC3_MHBD_MWPM_1x/results/sweep_2_exp_0_checkpoints.csv
033030000,0.0038869922260155,6.22243678662926e-05,243000000,results/rs/SC3_MHBD_MWPM_1x/results/sweep_2_exp_0_checkpoints.csv
033030000,0.0038869922260155,6.22243678662926e-05,306000000,results/rs/SC3_MHBD_MWPM_1x/results/sweep_2_exp_0_checkpoints.csv
033030000,0.0038869922260155,6.22243678662926e-05,386000000,results/rs/SC3_MHBD_MWPM_1x/results/sweep_2_exp_0_checkpoints.csv
033030000,0.0038869922260155,6.22243678662926e-05,486000000,results/rs/SC3_MHBD_MWPM_1x/results/sweep_2_exp_0_checkpoints.csv
033030000,0.0038869922260155,6.22243678662926e-05,612000000,results/rs/SC3_MHBD_MWPM_1x/results/sweep_2_exp_0_checkpoints.csv
033000333,0.003762992474015,6.122761988081038e-05,771000000,results/rs/SC3_MHBD_MWPM_1x/results/sweep_2_exp_0_checkpoints.csv
033000333,0.003762992474015,6.122761988081038e-05,971000000,results/rs/SC3_MHBD_MWPM_1x/results/sweep_2_exp_0_checkpoints.csv
033000333,0.003762992474015,6.122761988081038e-05,1223000000,results/rs/SC3_MHBD_MWPM_1x/results/sweep_2_exp_0_checkpoints.csv
033000333,0.003762992474015,6.122761988081038e-05,1540000000,results/rs/SC3_MHBD_MWPM_1x/results/sweep_2_exp_0_checkpoints.csv
033000333,0.003762992474015,6.122761988081038e-05,1939000000,results/rs/SC3_MHBD_MWPM_1x/results/sweep_2_exp_0_checkpoints.csv
033000333,0.003762992474015,6.122761988081038e-05,2442000000,results/rs/SC3_MHBD_MWPM_1x/results/sweep_2_exp_0_checkpoints.csv
033000333,0.003762992474015,6.122761988081038e-05,3075000000,results/rs/SC3_MHBD_MWPM_1x/results/sweep_2_exp_0_checkpoints.csv
033000333,0.003762992474015,6.122761988081038e-05,3872000000,results/rs/SC3_MHBD_MWPM_1x/results/sweep_2_exp_0_checkpoints.csv
033000333,0.003762992474015,6.122761988081038e-05,4875000000,results/rs/SC3_MHBD_MWPM_1x/results/sweep_2_exp_0_checkpoints.csv
033000333,0.003762992474015,6.122761988081038e-05,6138000000,results/rs/SC3_MHBD_MWPM_1x/results/sweep_2_exp_0_checkpoints.csv
033000333,0.003762992474015,6.122761988081038e-05,7728000000,results/rs/SC3_MHBD_MWPM_1x/results/sweep_2_exp_0_checkpoints.csv
033000333,0.003762992474015,6.122761988081038e-05,9729000000,results/rs/SC3_MHBD_MWPM_1x/results/sweep_2_exp_0_checkpoints.csv
030330330,0.003751992496015,6.113839481258765e-05,12249000000,results/rs/SC3_MHBD_MWPM_1x/results/sweep_2_exp_0_checkpoints.csv
030330330,0.003751992496015,6.113839481258765e-05,15421000000,results/rs/SC3_MHBD_MWPM_1x/results/sweep_2_exp_0_checkpoints.csv
022332032,0.0047889904220191,6.903652683831751e-05,1000000,results/rs/SC3_MHBD_MWPM_1x/results/sweep_12_exp_0_checkpoints.csv
022332032,0.0047889904220191,6.903652683831751e-05,2000000,results/rs/SC3_MHBD_MWPM_1x/results/sweep_12_exp_0_checkpoints.csv
022332032,0.0047889904220191,6.903652683831751e-05,3000000,results/rs/SC3_MHBD_MWPM_1x/results/sweep_12_exp_0_checkpoints.csv
022332032,0.0047889904220191,6.903652683831751e-05,4000000,results/rs/SC3_MHBD_MWPM_1x/results/sweep_12_exp_0_checkpoints.csv
223330003,0.0047019905960188,6.840955757070333e-05,6000000,results/rs/SC3_MHBD_MWPM_1x/results/sweep_12_exp_0_checkpoints.csv
030230000,0.0040889918220163,6.381425919244066e-05,8000000,results/rs/SC3_MHBD_MWPM_1x/results/sweep_12_exp_0_checkpoints.csv
030230000,0.0040889918220163,6.381425919244066e-05,11000000,results/rs/SC3_MHBD_MWPM_1x/results/sweep_12_exp_0_checkpoints.csv
030230000,0.0040889918220163,6.381425919244066e-05,14000000,results/rs/SC3_MHBD_MWPM_1x/results/sweep_12_exp_0_checkpoints.csv
030230000,0.0040889918220163,6.381425919244066e-05,18000000,results/rs/SC3_MHBD_MWPM_1x/results/sweep_12_exp_0_checkpoints.csv
030230000,0.0040889918220163,6.381425919244066e-05,23000000,results/rs/SC3_MHBD_MWPM_1x/results/sweep_12_exp_0_checkpoints.csv
030230000,0.0040889918220163,6.381425919244066e-05,29000000,results/rs/SC3_MHBD_MWPM_1x/results/sweep_12_exp_0_checkpoints.csv
230330000,0.0040609918780162,6.359629333019257e-05,37000000,results/rs/SC3_MHBD_MWPM_1x/results/sweep_12_exp_0_checkpoints.csv
230330000,0.0040609918780162,6.359629333019257e-05,47000000,results/rs/SC3_MHBD_MWPM_1x/results/sweep_12_exp_0_checkpoints.csv
230330000,0.0040609918780162,6.359629333019257e-05,60000000,results/rs/SC3_MHBD_MWPM_1x/results/sweep_12_exp_0_checkpoints.csv
230330000,0.0040609918780162,6.359629333019257e-05,76000000,results/rs/SC3_MHBD_MWPM_1x/results/sweep_12_exp_0_checkpoints.csv
230330000,0.0040609918780162,6.359629333019257e-05,96000000,results/rs/SC3_MHBD_MWPM_1x/results/sweep_12_exp_0_checkpoints.csv
230330000,0.0040609918780162,6.359629333019257e-05,121000000,results/rs/SC3_MHBD_MWPM_1x/results/sweep_12_exp_0_checkpoints.csv
230330000,0.0040609918780162,6.359629333019257e-05,153000000,results/rs/SC3_MHBD_MWPM_1x/results/sweep_12_exp_0_checkpoints.csv
230330000,0.0040609918780162,6.359629333019257e-05,193000000,results/rs/SC3_MHBD_MWPM_1x/results/sweep_12_exp_0_checkpoints.csv
230330000,0.0040609918780162,6.359629333019257e-05,243000000,results/rs/SC3_MHBD_MWPM_1x/results/sweep_12_exp_0_checkpoints.csv
033200330,0.0039539920920158,6.27562403678894e-05,306000000,results/rs/SC3_MHBD_MWPM_1x/results/sweep_12_exp_0_checkpoints.csv
033330033,0.0038389923220153,6.184046651469544e-05,386000000,results/rs/SC3_MHBD_MWPM_1x/results/sweep_12_exp_0_checkpoints.csv
033330033,0.0038389923220153,6.184046651469544e-05,486000000,results/rs/SC3_MHBD_MWPM_1x/results/sweep_12_exp_0_checkpoints.csv
033330033,0.0038389923220153,6.184046651469544e-05,612000000,results/rs/SC3_MHBD_MWPM_1x/results/sweep_12_exp_0_checkpoints.csv
033330033,0.0038389923220153,6.184046651469544e-05,771000000,results/rs/SC3_MHBD_MWPM_1x/results/sweep_12_exp_0_checkpoints.csv
033330033,0.0038389923220153,6.184046651469544e-05,971000000,results/rs/SC3_MHBD_MWPM_1x/results/sweep_12_exp_0_checkpoints.csv
033330033,0.0038389923220153,6.184046651469544e-05,1223000000,results/rs/SC3_MHBD_MWPM_1x/results/sweep_12_exp_0_checkpoints.csv
033330033,0.0038389923220153,6.184046651469544e-05,1540000000,results/rs/SC3_MHBD_MWPM_1x/results/sweep_12_exp_0_checkpoints.csv
033330033,0.0038389923220153,6.184046651469544e-05,1939000000,results/rs/SC3_MHBD_MWPM_1x/results/sweep_12_exp_0_checkpoints.csv
033330033,0.0038389923220153,6.184046651469544e-05,2442000000,results/rs/SC3_MHBD_MWPM_1x/results/sweep_12_exp_0_checkpoints.csv
330030330,0.003768992462015,6.127623055363074e-05,3075000000,results/rs/SC3_MHBD_MWPM_1x/results/sweep_12_exp_0_checkpoints.csv
330030330,0.003768992462015,6.127623055363074e-05,3872000000,results/rs/SC3_MHBD_MWPM_1x/results/sweep_12_exp_0_checkpoints.csv
330030330,0.003768992462015,6.127623055363074e-05,4875000000,results/rs/SC3_MHBD_MWPM_1x/results/sweep_12_exp_0_checkpoints.csv
330030330,0.003768992462015,6.127623055363074e-05,6138000000,results/rs/SC3_MHBD_MWPM_1x/results/sweep_12_exp_0_checkpoints.csv
330030330,0.003768992462015,6.127623055363074e-05,7728000000,results/rs/SC3_MHBD_MWPM_1x/results/sweep_12_exp_0_checkpoints.csv
330030330,0.003768992462015,6.127623055363074e-05,9729000000,results/rs/SC3_MHBD_MWPM_1x/results/sweep_12_exp_0_checkpoints.csv
030330330,0.0037409925180149,6.104904605308548e-05,12249000000,results/rs/SC3_MHBD_MWPM_1x/results/sweep_12_exp_0_checkpoints.csv
030330330,0.0037409925180149,6.104904605308548e-05,15421000000,results/rs/SC3_MHBD_MWPM_1x/results/sweep_12_exp_0_checkpoints.csv
023322020,0.0049029901940196,6.984938227105886e-05,1000000,results/rs/SC3_MHBD_MWPM_1x/results/sweep_25_exp_0_checkpoints.csv
220233300,0.0046799906400187,6.825009040767327e-05,2000000,results/rs/SC3_MHBD_MWPM_1x/results/sweep_25_exp_0_checkpoints.csv
220233300,0.0046799906400187,6.825009040767327e-05,3000000,results/rs/SC3_MHBD_MWPM_1x/results/sweep_25_exp_0_checkpoints.csv
220233300,0.0046799906400187,6.825009040767327e-05,4000000,results/rs/SC3_MHBD_MWPM_1x/results/sweep_25_exp_0_checkpoints.csv
220233300,0.0046799906400187,6.825009040767327e-05,6000000,results/rs/SC3_MHBD_MWPM_1x/results/sweep_25_exp_0_checkpoints.csv
233003000,0.0042159915680168,6.479355215560645e-05,8000000,results/rs/SC3_MHBD_MWPM_1x/results/sweep_25_exp_0_checkpoints.csv
233003000,0.0042159915680168,6.479355215560645e-05,11000000,results/rs/SC3_MHBD_MWPM_1x/results/sweep_25_exp_0_checkpoints.csv
233003000,0.0042159915680168,6.479355215560645e-05,14000000,results/rs/SC3_MHBD_MWPM_1x/results/sweep_25_exp_0_checkpoints.csv
033300020,0.0040609918780162,6.359629333019257e-05,18000000,results/rs/SC3_MHBD_MWPM_1x/results/sweep_25_exp_0_checkpoints.csv
033300020,0.0040609918780162,6.359629333019257e-05,23000000,results/rs/SC3_MHBD_MWPM_1x/results/sweep_25_exp_0_checkpoints.csv
033300020,0.0040609918780162,6.359629333019257e-05,29000000,results/rs/SC3_MHBD_MWPM_1x/results/sweep_25_exp_0_checkpoints.csv
033300020,0.0040609918780162,6.359629333019257e-05,37000000,results/rs/SC3_MHBD_MWPM_1x/results/sweep_25_exp_0_checkpoints.csv
033300020,0.0040609918780162,6.359629333019257e-05,47000000,results/rs/SC3_MHBD_MWPM_1x/results/sweep_25_exp_0_checkpoints.csv
033300020,0.0040609918780162,6.359629333019257e-05,60000000,results/rs/SC3_MHBD_MWPM_1x/results/sweep_25_exp_0_checkpoints.csv
033300020,0.0040609918780162,6.359629333019257e-05,76000000,results/rs/SC3_MHBD_MWPM_1x/results/sweep_25_exp_0_checkpoints.csv
030303000,0.0039479921040157,6.270880112424493e-05,96000000,results/rs/SC3_MHBD_MWPM_1x/results/sweep_25_exp_0_checkpoints.csv
030303000,0.0039479921040157,6.270880112424493e-05,121000000,results/rs/SC3_MHBD_MWPM_1x/results/sweep_25_exp_0_checkpoints.csv
030303000,0.0039479921040157,6.270880112424493e-05,153000000,results/rs/SC3_MHBD_MWPM_1x/results/sweep_25_exp_0_checkpoints.csv
030303000,0.0039479921040157,6.270880112424493e-05,193000000,results/rs/SC3_MHBD_MWPM_1x/results/sweep_25_exp_0_checkpoints.csv
030300330,0.0039059921880156,6.237566412892193e-05,243000000,results/rs/SC3_MHBD_MWPM_1x/results/sweep_25_exp_0_checkpoints.csv
030300330,0.0039059921880156,6.237566412892193e-05,306000000,results/rs/SC3_MHBD_MWPM_1x/results/sweep_25_exp_0_checkpoints.csv
030300330,0.0039059921880156,6.237566412892193e-05,386000000,results/rs/SC3_MHBD_MWPM_1x/results/sweep_25_exp_0_checkpoints.csv
030300330,0.0039059921880156,6.237566412892193e-05,486000000,results/rs/SC3_MHBD_MWPM_1x/results/sweep_25_exp_0_checkpoints.csv
030300330,0.0039059921880156,6.237566412892193e-05,612000000,results/rs/SC3_MHBD_MWPM_1x/results/sweep_25_exp_0_checkpoints.csv
030300330,0.0039059921880156,6.237566412892193e-05,771000000,results/rs/SC3_MHBD_MWPM_1x/results/sweep_25_exp_0_checkpoints.csv
003030033,0.0038879922240155,6.223234231583774e-05,971000000,results/rs/SC3_MHBD_MWPM_1x/results/sweep_25_exp_0_checkpoints.csv
003030033,0.0038879922240155,6.223234231583774e-05,1223000000,results/rs/SC3_MHBD_MWPM_1x/results/sweep_25_exp_0_checkpoints.csv
003030033,0.0038879922240155,6.223234231583774e-05,1540000000,results/rs/SC3_MHBD_MWPM_1x/results/sweep_25_exp_0_checkpoints.csv
033000330,0.0036549926900146,6.034586112946272e-05,1939000000,results/rs/SC3_MHBD_MWPM_1x/results/sweep_25_exp_0_checkpoints.csv
033000330,0.0036549926900146,6.034586112946272e-05,2442000000,results/rs/SC3_MHBD_MWPM_1x/results/sweep_25_exp_0_checkpoints.csv
033000330,0.0036549926900146,6.034586112946272e-05,3075000000,results/rs/SC3_MHBD_MWPM_1x/results/sweep_25_exp_0_checkpoints.csv
033000330,0.0036549926900146,6.034586112946272e-05,3872000000,results/rs/SC3_MHBD_MWPM_1x/results/sweep_25_exp_0_checkpoints.csv
033000330,0.0036549926900146,6.034586112946272e-05,4875000000,results/rs/SC3_MHBD_MWPM_1x/results/sweep_25_exp_0_checkpoints.csv
033000330,0.0036549926900146,6.034586112946272e-05,6138000000,results/rs/SC3_MHBD_MWPM_1x/results/sweep_25_exp_0_checkpoints.csv
033000330,0.0036549926900146,6.034586112946272e-05,7728000000,results/rs/SC3_MHBD_MWPM_1x/results/sweep_25_exp_0_checkpoints.csv
033000330,0.0036549926900146,6.034586112946272e-05,9729000000,results/rs/SC3_MHBD_MWPM_1x/results/sweep_25_exp_0_checkpoints.csv
033000330,0.0036549926900146,6.034586112946272e-05,12249000000,results/rs/SC3_MHBD_MWPM_1x/results/sweep_25_exp_0_checkpoints.csv
033000330,0.0036549926900146,6.034586112946272e-05,15421000000,results/rs/SC3_MHBD_MWPM_1x/results/sweep_25_exp_0_checkpoints.csv
022303323,0.0047799904400191,6.897193816257641e-05,1000000,results/rs/SC3_MHBD_MWPM_1x/results/sweep_23_exp_0_checkpoints.csv
300030202,0.0046059907880184,6.771086918888614e-05,2000000,results/rs/SC3_MHBD_MWPM_1x/results/sweep_23_exp_0_checkpoints.csv
300030202,0.0046059907880184,6.771086918888614e-05,3000000,results/rs/SC3_MHBD_MWPM_1x/results/sweep_23_exp_0_checkpoints.csv
230033033,0.0042069915860168,6.472464883700013e-05,4000000,results/rs/SC3_MHBD_MWPM_1x/results/sweep_23_exp_0_checkpoints.csv
230033033,0.0042069915860168,6.472464883700013e-05,6000000,results/rs/SC3_MHBD_MWPM_1x/results/sweep_23_exp_0_checkpoints.csv
303330033,0.0040889918220163,6.381425919244066e-05,8000000,results/rs/SC3_MHBD_MWPM_1x/results/sweep_23_exp_0_checkpoints.csv
303330033,0.0040889918220163,6.381425919244066e-05,11000000,results/rs/SC3_MHBD_MWPM_1x/results/sweep_23_exp_0_checkpoints.csv
303330033,0.0040889918220163,6.381425919244066e-05,14000000,results/rs/SC3_MHBD_MWPM_1x/results/sweep_23_exp_0_checkpoints.csv
303330033,0.0040889918220163,6.381425919244066e-05,18000000,results/rs/SC3_MHBD_MWPM_1x/results/sweep_23_exp_0_checkpoints.csv
303330033,0.0040889918220163,6.381425919244066e-05,23000000,results/rs/SC3_MHBD_MWPM_1x/results/sweep_23_exp_0_checkpoints.csv
303330033,0.0040889918220163,6.381425919244066e-05,29000000,results/rs/SC3_MHBD_MWPM_1x/results/sweep_23_exp_0_checkpoints.csv
303330033,0.0040889918220163,6.381425919244066e-05,37000000,results/rs/SC3_MHBD_MWPM_1x/results/sweep_23_exp_0_checkpoints.csv
303330033,0.0040889918220163,6.381425919244066e-05,47000000,results/rs/SC3_MHBD_MWPM_1x/results/sweep_23_exp_0_checkpoints.csv
303330033,0.0040889918220163,6.381425919244066e-05,60000000,results/rs/SC3_MHBD_MWPM_1x/results/sweep_23_exp_0_checkpoints.csv
303330033,0.0040889918220163,6.381425919244066e-05,76000000,results/rs/SC3_MHBD_MWPM_1x/results/sweep_23_exp_0_checkpoints.csv
033300033,0.0039359921280157,6.261380622163415e-05,96000000,results/rs/SC3_MHBD_MWPM_1x/results/sweep_23_exp_0_checkpoints.csv
033300033,0.0039359921280157,6.261380622163415e-05,121000000,results/rs/SC3_MHBD_MWPM_1x/results/sweep_23_exp_0_checkpoints.csv
033300033,0.0039359921280157,6.261380622163415e-05,153000000,results/rs/SC3_MHBD_MWPM_1x/results/sweep_23_exp_0_checkpoints.csv
033300033,0.0039359921280157,6.261380622163415e-05,193000000,results/rs/SC3_MHBD_MWPM_1x/results/sweep_23_exp_0_checkpoints.csv
033300033,0.0039359921280157,6.261380622163415e-05,243000000,results/rs/SC3_MHBD_MWPM_1x/results/sweep_23_exp_0_checkpoints.csv
030333300,0.0039039921920156,6.235975888557732e-05,306000000,results/rs/SC3_MHBD_MWPM_1x/results/sweep_23_exp_0_checkpoints.csv
030333300,0.0039039921920156,6.235975888557732e-05,386000000,results/rs/SC3_MHBD_MWPM_1x/results/sweep_23_exp_0_checkpoints.csv
030333300,0.0039039921920156,6.235975888557732e-05,486000000,results/rs/SC3_MHBD_MWPM_1x/results/sweep_23_exp_0_checkpoints.csv
030333300,0.0039039921920156,6.235975888557732e-05,612000000,results/rs/SC3_MHBD_MWPM_1x/results/sweep_23_exp_0_checkpoints.csv
030333300,0.0039039921920156,6.235975888557732e-05,771000000,results/rs/SC3_MHBD_MWPM_1x/results/sweep_23_exp_0_checkpoints.csv
030333300,0.0039039921920156,6.235975888557732e-05,971000000,results/rs/SC3_MHBD_MWPM_1x/results/sweep_23_exp_0_checkpoints.csv
030333300,0.0039039921920156,6.235975888557732e-05,1223000000,results/rs/SC3_MHBD_MWPM_1x/results/sweep_23_exp_0_checkpoints.csv
030333300,0.0039039921920156,6.235975888557732e-05,1540000000,results/rs/SC3_MHBD_MWPM_1x/results/sweep_23_exp_0_checkpoints.csv
030033030,0.0038769922460155,6.214458699105307e-05,1939000000,results/rs/SC3_MHBD_MWPM_1x/results/sweep_23_exp_0_checkpoints.csv
030033030,0.0038769922460155,6.214458699105307e-05,2442000000,results/rs/SC3_MHBD_MWPM_1x/results/sweep_23_exp_0_checkpoints.csv
030033030,0.0038769922460155,6.214458699105307e-05,3075000000,results/rs/SC3_MHBD_MWPM_1x/results/sweep_23_exp_0_checkpoints.csv
030033030,0.0038769922460155,6.214458699105307e-05,3872000000,results/rs/SC3_MHBD_MWPM_1x/results/sweep_23_exp_0_checkpoints.csv
033033030,0.0038369923260153,6.182441575219855e-05,4875000000,results/rs/SC3_MHBD_MWPM_1x/results/sweep_23_exp_0_checkpoints.csv
000330030,0.0038229923540152,6.171195855131373e-05,6138000000,results/rs/SC3_MHBD_MWPM_1x/results/sweep_23_exp_0_checkpoints.csv
333000330,0.003767992464015,6.126812513684854e-05,7728000000,results/rs/SC3_MHBD_MWPM_1x/results/sweep_23_exp_0_checkpoints.csv
333000330,0.003767992464015,6.126812513684854e-05,9729000000,results/rs/SC3_MHBD_MWPM_1x/results/sweep_23_exp_0_checkpoints.csv
030030330,0.0037289925420149,6.095142452977598e-05,12249000000,results/rs/SC3_MHBD_MWPM_1x/results/sweep_23_exp_0_checkpoints.csv
030030330,0.0037289925420149,6.095142452977598e-05,15421000000,results/rs/SC3_MHBD_MWPM_1x/results/sweep_23_exp_0_checkpoints.csv
032220220,0.0050759898480203,7.106482371455058e-05,1000000,results/rs/SC3_MHBD_MWPM_1x/results/sweep_14_exp_0_checkpoints.csv
323302333,0.0048819902360195,6.970037065912038e-05,2000000,results/rs/SC3_MHBD_MWPM_1x/results/sweep_14_exp_0_checkpoints.csv
323302333,0.0048819902360195,6.970037065912038e-05,3000000,results/rs/SC3_MHBD_MWPM_1x/results/sweep_14_exp_0_checkpoints.csv
230202203,0.0048129903740192,6.920846499269828e-05,4000000,results/rs/SC3_MHBD_MWPM_1x/results/sweep_14_exp_0_checkpoints.csv
020200230,0.0045279909440181,6.713772745570168e-05,6000000,results/rs/SC3_MHBD_MWPM_1x/results/sweep_14_exp_0_checkpoints.csv
020200230,0.0045279909440181,6.713772745570168e-05,8000000,results/rs/SC3_MHBD_MWPM_1x/results/sweep_14_exp_0_checkpoints.csv
020200230,0.0045279909440181,6.713772745570168e-05,11000000,results/rs/SC3_MHBD_MWPM_1x/results/sweep_14_exp_0_checkpoints.csv
002003303,0.0044239911520176,6.636569742113352e-05,14000000,results/rs/SC3_MHBD_MWPM_1x/results/sweep_14_exp_0_checkpoints.csv
002003303,0.0044239911520176,6.636569742113352e-05,18000000,results/rs/SC3_MHBD_MWPM_1x/results/sweep_14_exp_0_checkpoints.csv
002003303,0.0044239911520176,6.636569742113352e-05,23000000,results/rs/SC3_MHBD_MWPM_1x/results/sweep_14_exp_0_checkpoints.csv
300330030,0.0041619916760166,6.437901174649596e-05,29000000,results/rs/SC3_MHBD_MWPM_1x/results/sweep_14_exp_0_checkpoints.csv
300330030,0.0041619916760166,6.437901174649596e-05,37000000,results/rs/SC3_MHBD_MWPM_1x/results/sweep_14_exp_0_checkpoints.csv
300330030,0.0041619916760166,6.437901174649596e-05,47000000,results/rs/SC3_MHBD_MWPM_1x/results/sweep_14_exp_0_checkpoints.csv
300330030,0.0041619916760166,6.437901174649596e-05,60000000,results/rs/SC3_MHBD_MWPM_1x/results/sweep_14_exp_0_checkpoints.csv
300330030,0.0041619916760166,6.437901174649596e-05,76000000,results/rs/SC3_MHBD_MWPM_1x/results/sweep_14_exp_0_checkpoints.csv
300330030,0.0041619916760166,6.437901174649596e-05,96000000,results/rs/SC3_MHBD_MWPM_1x/results/sweep_14_exp_0_checkpoints.csv
330030230,0.0040449919100161,6.34713942417875e-05,121000000,results/rs/SC3_MHBD_MWPM_1x/results/sweep_14_exp_0_checkpoints.csv
033330303,0.0039809920380159,6.296929495874792e-05,153000000,results/rs/SC3_MHBD_MWPM_1x/results/sweep_14_exp_0_checkpoints.csv
033330303,0.0039809920380159,6.296929495874792e-05,193000000,results/rs/SC3_MHBD_MWPM_1x/results/sweep_14_exp_0_checkpoints.csv
033330303,0.0039809920380159,6.296929495874792e-05,243000000,results/rs/SC3_MHBD_MWPM_1x/results/sweep_14_exp_0_checkpoints.csv
033330303,0.0039809920380159,6.296929495874792e-05,306000000,results/rs/SC3_MHBD_MWPM_1x/results/sweep_14_exp_0_checkpoints.csv
030033030,0.0039079921840156,6.239156937226653e-05,386000000,results/rs/SC3_MHBD_MWPM_1x/results/sweep_14_exp_0_checkpoints.csv
030033030,0.0039079921840156,6.239156937226653e-05,486000000,results/rs/SC3_MHBD_MWPM_1x/results/sweep_14_exp_0_checkpoints.csv
030033030,0.0039079921840156,6.239156937226653e-05,612000000,results/rs/SC3_MHBD_MWPM_1x/results/sweep_14_exp_0_checkpoints.csv
030033030,0.0039079921840156,6.239156937226653e-05,771000000,results/rs/SC3_MHBD_MWPM_1x/results/sweep_14_exp_0_checkpoints.csv
030033030,0.0039079921840156,6.239156937226653e-05,971000000,results/rs/SC3_MHBD_MWPM_1x/results/sweep_14_exp_0_checkpoints.csv
033030030,0.0038659922680154,6.205670797498897e-05,1223000000,results/rs/SC3_MHBD_MWPM_1x/results/sweep_14_exp_0_checkpoints.csv
033030030,0.0038659922680154,6.205670797498897e-05,1540000000,results/rs/SC3_MHBD_MWPM_1x/results/sweep_14_exp_0_checkpoints.csv
033030030,0.0038659922680154,6.205670797498897e-05,1939000000,results/rs/SC3_MHBD_MWPM_1x/results/sweep_14_exp_0_checkpoints.csv
033030030,0.0038659922680154,6.205670797498897e-05,2442000000,results/rs/SC3_MHBD_MWPM_1x/results/sweep_14_exp_0_checkpoints.csv
033300330,0.0038029923940152,6.155094160931185e-05,3075000000,results/rs/SC3_MHBD_MWPM_1x/results/sweep_14_exp_0_checkpoints.csv
033300330,0.0038029923940152,6.155094160931185e-05,3872000000,results/rs/SC3_MHBD_MWPM_1x/results/sweep_14_exp_0_checkpoints.csv
033300330,0.0038029923940152,6.155094160931185e-05,4875000000,results/rs/SC3_MHBD_MWPM_1x/results/sweep_14_exp_0_checkpoints.csv
330030330,0.003772992454015,6.130860856501386e-05,6138000000,results/rs/SC3_MHBD_MWPM_1x/results/sweep_14_exp_0_checkpoints.csv
330030330,0.003772992454015,6.130860856501386e-05,7728000000,results/rs/SC3_MHBD_MWPM_1x/results/sweep_14_exp_0_checkpoints.csv
033000330,0.003753992492015,6.115462747402489e-05,9729000000,results/rs/SC3_MHBD_MWPM_1x/results/sweep_14_exp_0_checkpoints.csv
030333030,0.0037449925100149,6.108155503170565e-05,12249000000,results/rs/SC3_MHBD_MWPM_1x/results/sweep_14_exp_0_checkpoints.csv
030333030,0.0037449925100149,6.108155503170565e-05,15421000000,results/rs/SC3_MHBD_MWPM_1x/results/sweep_14_exp_0_checkpoints.csv
333033033,0.0041959916080167,6.464033504016697e-05,1000000,results/rs/SC3_MHBD_MWPM_1x/results/sweep_18_exp_0_checkpoints.csv
333033033,0.0041959916080167,6.464033504016697e-05,2000000,results/rs/SC3_MHBD_MWPM_1x/results/sweep_18_exp_0_checkpoints.csv
333033033,0.0041959916080167,6.464033504016697e-05,3000000,results/rs/SC3_MHBD_MWPM_1x/results/sweep_18_exp_0_checkpoints.csv
333033033,0.0041959916080167,6.464033504016697e-05,4000000,results/rs/SC3_MHBD_MWPM_1x/results/sweep_18_exp_0_checkpoints.csv
333033033,0.0041959916080167,6.464033504016697e-05,6000000,results/rs/SC3_MHBD_MWPM_1x/results/sweep_18_exp_0_checkpoints.csv
333033033,0.0041959916080167,6.464033504016697e-05,8000000,results/rs/SC3_MHBD_MWPM_1x/results/sweep_18_exp_0_checkpoints.csv
333033033,0.0041959916080167,6.464033504016697e-05,11000000,results/rs/SC3_MHBD_MWPM_1x/results/sweep_18_exp_0_checkpoints.csv
333033033,0.0041959916080167,6.464033504016697e-05,14000000,results/rs/SC3_MHBD_MWPM_1x/results/sweep_18_exp_0_checkpoints.csv
333033033,0.0041959916080167,6.464033504016697e-05,18000000,results/rs/SC3_MHBD_MWPM_1x/results/sweep_18_exp_0_checkpoints.csv
333033033,0.0041959916080167,6.464033504016697e-05,23000000,results/rs/SC3_MHBD_MWPM_1x/results/sweep_18_exp_0_checkpoints.csv
030000023,0.0041819916360167,6.453286187024787e-05,29000000,results/rs/SC3_MHBD_MWPM_1x/results/sweep_18_exp_0_checkpoints.csv
030000023,0.0041819916360167,6.453286187024787e-05,37000000,results/rs/SC3_MHBD_MWPM_1x/results/sweep_18_exp_0_checkpoints.csv
030333303,0.0040489919020161,6.35026372037828e-05,47000000,results/rs/SC3_MHBD_MWPM_1x/results/sweep_18_exp_0_checkpoints.csv
030333303,0.0040489919020161,6.35026372037828e-05,60000000,results/rs/SC3_MHBD_MWPM_1x/results/sweep_18_exp_0_checkpoints.csv
033033330,0.0040369919260161,6.340885011013597e-05,76000000,results/rs/SC3_MHBD_MWPM_1x/results/sweep_18_exp_0_checkpoints.csv
030333000,0.004004991990016,6.315805512713268e-05,96000000,results/rs/SC3_MHBD_MWPM_1x/results/sweep_18_exp_0_checkpoints.csv
030333000,0.004004991990016,6.315805512713268e-05,121000000,results/rs/SC3_MHBD_MWPM_1x/results/sweep_18_exp_0_checkpoints.csv
030333000,0.004004991990016,6.315805512713268e-05,153000000,results/rs/SC3_MHBD_MWPM_1x/results/sweep_18_exp_0_checkpoints.csv
030333000,0.004004991990016,6.315805512713268e-05,193000000,results/rs/SC3_MHBD_MWPM_1x/results/sweep_18_exp_0_checkpoints.csv
030333000,0.004004991990016,6.315805512713268e-05,243000000,results/rs/SC3_MHBD_MWPM_1x/results/sweep_18_exp_0_checkpoints.csv
030333000,0.004004991990016,6.315805512713268e-05,306000000,results/rs/SC3_MHBD_MWPM_1x/results/sweep_18_exp_0_checkpoints.csv
030333000,0.004004991990016,6.315805512713268e-05,386000000,results/rs/SC3_MHBD_MWPM_1x/results/sweep_18_exp_0_checkpoints.csv
030333000,0.004004991990016,6.315805512713268e-05,486000000,results/rs/SC3_MHBD_MWPM_1x/results/sweep_18_exp_0_checkpoints.csv
033330033,0.003999992000016,6.311877950793132e-05,612000000,results/rs/SC3_MHBD_MWPM_1x/results/sweep_18_exp_0_checkpoints.csv
033333033,0.0039929920140159,6.306374416453764e-05,771000000,results/rs/SC3_MHBD_MWPM_1x/results/sweep_18_exp_0_checkpoints.csv
033033030,0.0038379923240153,6.183244113344699e-05,971000000,results/rs/SC3_MHBD_MWPM_1x/results/sweep_18_exp_0_checkpoints.csv
033300330,0.0038009923980152,6.15348108112812e-05,1223000000,results/rs/SC3_MHBD_MWPM_1x/results/sweep_18_exp_0_checkpoints.csv
030330000,0.0037839924320151,6.139757897472009e-05,1540000000,results/rs/SC3_MHBD_MWPM_1x/results/sweep_18_exp_0_checkpoints.csv
030330000,0.0037839924320151,6.139757897472009e-05,1939000000,results/rs/SC3_MHBD_MWPM_1x/results/sweep_18_exp_0_checkpoints.csv
030330000,0.0037839924320151,6.139757897472009e-05,2442000000,results/rs/SC3_MHBD_MWPM_1x/results/sweep_18_exp_0_checkpoints.csv
030330000,0.0037839924320151,6.139757897472009e-05,3075000000,results/rs/SC3_MHBD_MWPM_1x/results/sweep_18_exp_0_checkpoints.csv
030330000,0.0037839924320151,6.139757897472009e-05,3872000000,results/rs/SC3_MHBD_MWPM_1x/results/sweep_18_exp_0_checkpoints.csv
030330000,0.0037839924320151,6.139757897472009e-05,4875000000,results/rs/SC3_MHBD_MWPM_1x/results/sweep_18_exp_0_checkpoints.csv
030330000,0.0037839924320151,6.139757897472009e-05,6138000000,results/rs/SC3_MHBD_MWPM_1x/results/sweep_18_exp_0_checkpoints.csv
030330000,0.0037839924320151,6.139757897472009e-05,7728000000,results/rs/SC3_MHBD_MWPM_1x/results/sweep_18_exp_0_checkpoints.csv
030330000,0.0037839924320151,6.139757897472009e-05,9729000000,results/rs/SC3_MHBD_MWPM_1x/results/sweep_18_exp_0_checkpoints.csv
033000330,0.0036909926180147,6.064122499083169e-05,12249000000,results/rs/SC3_MHBD_MWPM_1x/results/sweep_18_exp_0_checkpoints.csv
033000330,0.0036909926180147,6.064122499083169e-05,15421000000,results/rs/SC3_MHBD_MWPM_1x/results/sweep_18_exp_0_checkpoints.csv
220020233,0.0050619898760202,7.096725312294438e-05,1000000,results/rs/SC3_MHBD_MWPM_1x/results/sweep_1_exp_0_checkpoints.csv
002332233,0.0047849904300191,6.900782318552956e-05,2000000,results/rs/SC3_MHBD_MWPM_1x/results/sweep_1_exp_0_checkpoints.csv
002333022,0.0044369911260177,6.646270048804581e-05,3000000,results/rs/SC3_MHBD_MWPM_1x/results/sweep_1_exp_0_checkpoints.csv
002333022,0.0044369911260177,6.646270048804581e-05,4000000,results/rs/SC3_MHBD_MWPM_1x/results/sweep_1_exp_0_checkpoints.csv
333033303,0.0041839916320167,6.454822869272903e-05,6000000,results/rs/SC3_MHBD_MWPM_1x/results/sweep_1_exp_0_checkpoints.csv
333033303,0.0041839916320167,6.454822869272903e-05,8000000,results/rs/SC3_MHBD_MWPM_1x/results/sweep_1_exp_0_checkpoints.csv
333033303,0.0041839916320167,6.454822869272903e-05,11000000,results/rs/SC3_MHBD_MWPM_1x/results/sweep_1_exp_0_checkpoints.csv
333033303,0.0041839916320167,6.454822869272903e-05,14000000,results/rs/SC3_MHBD_MWPM_1x/results/sweep_1_exp_0_checkpoints.csv
333033303,0.0041839916320167,6.454822869272903e-05,18000000,results/rs/SC3_MHBD_MWPM_1x/results/sweep_1_exp_0_checkpoints.csv
333033303,0.0041839916320167,6.454822869272903e-05,23000000,results/rs/SC3_MHBD_MWPM_1x/results/sweep_1_exp_0_checkpoints.csv
333033303,0.0041839916320167,6.454822869272903e-05,29000000,results/rs/SC3_MHBD_MWPM_1x/results/sweep_1_exp_0_checkpoints.csv
030330020,0.0039829920340159,6.298504740698263e-05,37000000,results/rs/SC3_MHBD_MWPM_1x/results/sweep_1_exp_0_checkpoints.csv
030330020,0.0039829920340159,6.298504740698263e-05,47000000,results/rs/SC3_MHBD_MWPM_1x/results/sweep_1_exp_0_checkpoints.csv
030330020,0.0039829920340159,6.298504740698263e-05,60000000,results/rs/SC3_MHBD_MWPM_1x/results/sweep_1_exp_0_checkpoints.csv
030330020,0.0039829920340159,6.298504740698263e-05,76000000,results/rs/SC3_MHBD_MWPM_1x/results/sweep_1_exp_0_checkpoints.csv
030330020,0.0039829920340159,6.298504740698263e-05,96000000,results/rs/SC3_MHBD_MWPM_1x/results/sweep_1_exp_0_checkpoints.csv
030330020,0.0039829920340159,6.298504740698263e-05,121000000,results/rs/SC3_MHBD_MWPM_1x/results/sweep_1_exp_0_checkpoints.csv
030330020,0.0039829920340159,6.298504740698263e-05,153000000,results/rs/SC3_MHBD_MWPM_1x/results/sweep_1_exp_0_checkpoints.csv
030330020,0.0039829920340159,6.298504740698263e-05,193000000,results/rs/SC3_MHBD_MWPM_1x/results/sweep_1_exp_0_checkpoints.csv
030330020,0.0039829920340159,6.298504740698263e-05,243000000,results/rs/SC3_MHBD_MWPM_1x/results/sweep_1_exp_0_checkpoints.csv
030330020,0.0039829920340159,6.298504740698263e-05,306000000,results/rs/SC3_MHBD_MWPM_1x/results/sweep_1_exp_0_checkpoints.csv
033330330,0.0038949922100155,6.228811980690807e-05,386000000,results/rs/SC3_MHBD_MWPM_1x/results/sweep_1_exp_0_checkpoints.csv
033330330,0.0038949922100155,6.228811980690807e-05,486000000,results/rs/SC3_MHBD_MWPM_1x/results/sweep_1_exp_0_checkpoints.csv
033330330,0.0038949922100155,6.228811980690807e-05,612000000,results/rs/SC3_MHBD_MWPM_1x/results/sweep_1_exp_0_checkpoints.csv
033330330,0.0038949922100155,6.228811980690807e-05,771000000,results/rs/SC3_MHBD_MWPM_1x/results/sweep_1_exp_0_checkpoints.csv
033330330,0.0038949922100155,6.228811980690807e-05,971000000,results/rs/SC3_MHBD_MWPM_1x/results/sweep_1_exp_0_checkpoints.csv
033330330,0.0038949922100155,6.228811980690807e-05,1223000000,results/rs/SC3_MHBD_MWPM_1x/results/sweep_1_exp_0_checkpoints.csv
033330330,0.0038949922100155,6.228811980690807e-05,1540000000,results/rs/SC3_MHBD_MWPM_1x/results/sweep_1_exp_0_checkpoints.csv
033330330,0.0038949922100155,6.228811980690807e-05,1939000000,results/rs/SC3_MHBD_MWPM_1x/results/sweep_1_exp_0_checkpoints.csv
330030030,0.003768992462015,6.127623055363074e-05,2442000000,results/rs/SC3_MHBD_MWPM_1x/results/sweep_1_exp_0_checkpoints.csv
330030030,0.003768992462015,6.127623055363074e-05,3075000000,results/rs/SC3_MHBD_MWPM_1x/results/sweep_1_exp_0_checkpoints.csv
330030330,0.0037469925060149,6.109780224505812e-05,3872000000,results/rs/SC3_MHBD_MWPM_1x/results/sweep_1_exp_0_checkpoints.csv
330030330,0.0037469925060149,6.109780224505812e-05,4875000000,results/rs/SC3_MHBD_MWPM_1x/results/sweep_1_exp_0_checkpoints.csv
330030330,0.0037469925060149,6.109780224505812e-05,6138000000,results/rs/SC3_MHBD_MWPM_1x/results/sweep_1_exp_0_checkpoints.csv
330030330,0.0037469925060149,6.109780224505812e-05,7728000000,results/rs/SC3_MHBD_MWPM_1x/results/sweep_1_exp_0_checkpoints.csv
033000330,0.0036949926100147,6.0673952248180285e-05,9729000000,results/rs/SC3_MHBD_MWPM_1x/results/sweep_1_exp_0_checkpoints.csv
033000330,0.0036949926100147,6.0673952248180285e-05,12249000000,results/rs/SC3_MHBD_MWPM_1x/results/sweep_1_exp_0_checkpoints.csv
033000330,0.0036949926100147,6.0673952248180285e-05,15421000000,results/rs/SC3_MHBD_MWPM_1x/results/sweep_1_exp_0_checkpoints.csv
222032322,0.0054819890360219,7.383712363662198e-05,1000000,results/rs/SC3_MHBD_MWPM_1x/results/sweep_7_exp_0_checkpoints.csv
033300022,0.004267991464017,6.519020098494366e-05,2000000,results/rs/SC3_MHBD_MWPM_1x/results/sweep_7_exp_0_checkpoints.csv
033300022,0.004267991464017,6.519020098494366e-05,3000000,results/rs/SC3_MHBD_MWPM_1x/results/sweep_7_exp_0_checkpoints.csv
333003330,0.0039929920140159,6.306374416453764e-05,4000000,results/rs/SC3_MHBD_MWPM_1x/results/sweep_7_exp_0_checkpoints.csv
333003330,0.0039929920140159,6.306374416453764e-05,6000000,results/rs/SC3_MHBD_MWPM_1x/results/sweep_7_exp_0_checkpoints.csv
333003330,0.0039929920140159,6.306374416453764e-05,8000000,results/rs/SC3_MHBD_MWPM_1x/results/sweep_7_exp_0_checkpoints.csv
333003330,0.0039929920140159,6.306374416453764e-05,11000000,results/rs/SC3_MHBD_MWPM_1x/results/sweep_7_exp_0_checkpoints.csv
333003330,0.0039929920140159,6.306374416453764e-05,14000000,results/rs/SC3_MHBD_MWPM_1x/results/sweep_7_exp_0_checkpoints.csv
333003330,0.0039929920140159,6.306374416453764e-05,18000000,results/rs/SC3_MHBD_MWPM_1x/results/sweep_7_exp_0_checkpoints.csv
333003330,0.0039929920140159,6.306374416453764e-05,23000000,results/rs/SC3_MHBD_MWPM_1x/results/sweep_7_exp_0_checkpoints.csv
333003330,0.0039929920140159,6.306374416453764e-05,29000000,results/rs/SC3_MHBD_MWPM_1x/results/sweep_7_exp_0_checkpoints.csv
333003330,0.0039929920140159,6.306374416453764e-05,37000000,results/rs/SC3_MHBD_MWPM_1x/results/sweep_7_exp_0_checkpoints.csv
333003330,0.0039929920140159,6.306374416453764e-05,47000000,results/rs/SC3_MHBD_MWPM_1x/results/sweep_7_exp_0_checkpoints.csv
333003330,0.0039929920140159,6.306374416453764e-05,60000000,results/rs/SC3_MHBD_MWPM_1x/results/sweep_7_exp_0_checkpoints.csv
333003330,0.0039929920140159,6.306374416453764e-05,76000000,results/rs/SC3_MHBD_MWPM_1x/results/sweep_7_exp_0_checkpoints.csv
330000333,0.0039599920800158,6.280365050770342e-05,96000000,results/rs/SC3_MHBD_MWPM_1x/results/sweep_7_exp_0_checkpoints.csv
330000333,0.0039599920800158,6.280365050770342e-05,121000000,results/rs/SC3_MHBD_MWPM_1x/results/sweep_7_exp_0_checkpoints.csv
330000333,0.0039599920800158,6.280365050770342e-05,153000000,results/rs/SC3_MHBD_MWPM_1x/results/sweep_7_exp_0_checkpoints.csv
330000333,0.0039599920800158,6.280365050770342e-05,193000000,results/rs/SC3_MHBD_MWPM_1x/results/sweep_7_exp_0_checkpoints.csv
330000333,0.0039599920800158,6.280365050770342e-05,243000000,results/rs/SC3_MHBD_MWPM_1x/results/sweep_7_exp_0_checkpoints.csv
330000333,0.0039599920800158,6.280365050770342e-05,306000000,results/rs/SC3_MHBD_MWPM_1x/results/sweep_7_exp_0_checkpoints.csv
030330300,0.0038209923580152,6.169587140902877e-05,386000000,results/rs/SC3_MHBD_MWPM_1x/results/sweep_7_exp_0_checkpoints.csv
030330300,0.0038209923580152,6.169587140902877e-05,486000000,results/rs/SC3_MHBD_MWPM_1x/results/sweep_7_exp_0_checkpoints.csv
030330300,0.0038209923580152,6.169587140902877e-05,612000000,results/rs/SC3_MHBD_MWPM_1x/results/sweep_7_exp_0_checkpoints.csv
033000330,0.003749992500015,6.11221621511504e-05,771000000,results/rs/SC3_MHBD_MWPM_1x/results/sweep_7_exp_0_checkpoints.csv
033000330,0.003749992500015,6.11221621511504e-05,971000000,results/rs/SC3_MHBD_MWPM_1x/results/sweep_7_exp_0_checkpoints.csv
033000330,0.003749992500015,6.11221621511504e-05,1223000000,results/rs/SC3_MHBD_MWPM_1x/results/sweep_7_exp_0_checkpoints.csv
033000330,0.003749992500015,6.11221621511504e-05,1540000000,results/rs/SC3_MHBD_MWPM_1x/results/sweep_7_exp_0_checkpoints.csv
030333030,0.0037469925060149,6.109780224505812e-05,1939000000,results/rs/SC3_MHBD_MWPM_1x/results/sweep_7_exp_0_checkpoints.csv
030333030,0.0037469925060149,6.109780224505812e-05,2442000000,results/rs/SC3_MHBD_MWPM_1x/results/sweep_7_exp_0_checkpoints.csv
030333030,0.0037469925060149,6.109780224505812e-05,3075000000,results/rs/SC3_MHBD_MWPM_1x/results/sweep_7_exp_0_checkpoints.csv
030333030,0.0037469925060149,6.109780224505812e-05,3872000000,results/rs/SC3_MHBD_MWPM_1x/results/sweep_7_exp_0_checkpoints.csv
033030030,0.0037459925080149,6.108968227636069e-05,4875000000,results/rs/SC3_MHBD_MWPM_1x/results/sweep_7_exp_0_checkpoints.csv
033030030,0.0037459925080149,6.108968227636069e-05,6138000000,results/rs/SC3_MHBD_MWPM_1x/results/sweep_7_exp_0_checkpoints.csv
033030030,0.0037459925080149,6.108968227636069e-05,7728000000,results/rs/SC3_MHBD_MWPM_1x/results/sweep_7_exp_0_checkpoints.csv
033030030,0.0037459925080149,6.108968227636069e-05,9729000000,results/rs/SC3_MHBD_MWPM_1x/results/sweep_7_exp_0_checkpoints.csv
033030030,0.0037459925080149,6.108968227636069e-05,12249000000,results/rs/SC3_MHBD_MWPM_1x/results/sweep_7_exp_0_checkpoints.csv
033030030,0.0037459925080149,6.108968227636069e-05,15421000000,results/rs/SC3_MHBD_MWPM_1x/results/sweep_7_exp_0_checkpoints.csv
000003233,0.0045429909140181,6.72483365633525e-05,1000000,results/rs/SC3_MHBD_MWPM_1x/results/sweep_24_exp_0_checkpoints.csv
320230330,0.004260991478017,6.513695552712306e-05,2000000,results/rs/SC3_MHBD_MWPM_1x/results/sweep_24_exp_0_checkpoints.csv
320230330,0.004260991478017,6.513695552712306e-05,3000000,results/rs/SC3_MHBD_MWPM_1x/results/sweep_24_exp_0_checkpoints.csv
320230330,0.004260991478017,6.513695552712306e-05,4000000,results/rs/SC3_MHBD_MWPM_1x/results/sweep_24_exp_0_checkpoints.csv
320230330,0.004260991478017,6.513695552712306e-05,6000000,results/rs/SC3_MHBD_MWPM_1x/results/sweep_24_exp_0_checkpoints.csv
320230330,0.004260991478017,6.513695552712306e-05,8000000,results/rs/SC3_MHBD_MWPM_1x/results/sweep_24_exp_0_checkpoints.csv
030200333,0.0042439915120169,6.50074434815906e-05,11000000,results/rs/SC3_MHBD_MWPM_1x/results/sweep_24_exp_0_checkpoints.csv
030200333,0.0042439915120169,6.50074434815906e-05,14000000,results/rs/SC3_MHBD_MWPM_1x/results/sweep_24_exp_0_checkpoints.csv
030200333,0.0042439915120169,6.50074434815906e-05,18000000,results/rs/SC3_MHBD_MWPM_1x/results/sweep_24_exp_0_checkpoints.csv
003030203,0.0042239915520168,6.485473568318412e-05,23000000,results/rs/SC3_MHBD_MWPM_1x/results/sweep_24_exp_0_checkpoints.csv
003030203,0.0042239915520168,6.485473568318412e-05,29000000,results/rs/SC3_MHBD_MWPM_1x/results/sweep_24_exp_0_checkpoints.csv
003030203,0.0042239915520168,6.485473568318412e-05,37000000,results/rs/SC3_MHBD_MWPM_1x/results/sweep_24_exp_0_checkpoints.csv
020033033,0.0041329917340165,6.41552614979446e-05,47000000,results/rs/SC3_MHBD_MWPM_1x/results/sweep_24_exp_0_checkpoints.csv
020033033,0.0041329917340165,6.41552614979446e-05,60000000,results/rs/SC3_MHBD_MWPM_1x/results/sweep_24_exp_0_checkpoints.csv
020033033,0.0041329917340165,6.41552614979446e-05,76000000,results/rs/SC3_MHBD_MWPM_1x/results/sweep_24_exp_0_checkpoints.csv
020033033,0.0041329917340165,6.41552614979446e-05,96000000,results/rs/SC3_MHBD_MWPM_1x/results/sweep_24_exp_0_checkpoints.csv
303000330,0.0040569918860162,6.356508674798533e-05,121000000,results/rs/SC3_MHBD_MWPM_1x/results/sweep_24_exp_0_checkpoints.csv
303000330,0.0040569918860162,6.356508674798533e-05,153000000,results/rs/SC3_MHBD_MWPM_1x/results/sweep_24_exp_0_checkpoints.csv
330000303,0.0039849920300159,6.300079257925972e-05,193000000,results/rs/SC3_MHBD_MWPM_1x/results/sweep_24_exp_0_checkpoints.csv
330000303,0.0039849920300159,6.300079257925972e-05,243000000,results/rs/SC3_MHBD_MWPM_1x/results/sweep_24_exp_0_checkpoints.csv
030030030,0.0038289923420153,6.176017632242292e-05,306000000,results/rs/SC3_MHBD_MWPM_1x/results/sweep_24_exp_0_checkpoints.csv
030330030,0.003767992464015,6.126812513684854e-05,386000000,results/rs/SC3_MHBD_MWPM_1x/results/sweep_24_exp_0_checkpoints.csv
030330030,0.003767992464015,6.126812513684854e-05,486000000,results/rs/SC3_MHBD_MWPM_1x/results/sweep_24_exp_0_checkpoints.csv
030330030,0.003767992464015,6.126812513684854e-05,612000000,results/rs/SC3_MHBD_MWPM_1x/results/sweep_24_exp_0_checkpoints.csv
030330030,0.003767992464015,6.126812513684854e-05,771000000,results/rs/SC3_MHBD_MWPM_1x/results/sweep_24_exp_0_checkpoints.csv
030330030,0.003767992464015,6.126812513684854e-05,971000000,results/rs/SC3_MHBD_MWPM_1x/results/sweep_24_exp_0_checkpoints.csv
030330030,0.003767992464015,6.126812513684854e-05,1223000000,results/rs/SC3_MHBD_MWPM_1x/results/sweep_24_exp_0_checkpoints.csv
030330030,0.003767992464015,6.126812513684854e-05,1540000000,results/rs/SC3_MHBD_MWPM_1x/results/sweep_24_exp_0_checkpoints.csv
030330030,0.003767992464015,6.126812513684854e-05,1939000000,results/rs/SC3_MHBD_MWPM_1x/results/sweep_24_exp_0_checkpoints.csv
030330030,0.003767992464015,6.126812513684854e-05,2442000000,results/rs/SC3_MHBD_MWPM_1x/results/sweep_24_exp_0_checkpoints.csv
030330000,0.0037229925540148,6.090255192248151e-05,3075000000,results/rs/SC3_MHBD_MWPM_1x/results/sweep_24_exp_0_checkpoints.csv
030330000,0.0037229925540148,6.090255192248151e-05,3872000000,results/rs/SC3_MHBD_MWPM_1x/results/sweep_24_exp_0_checkpoints.csv
030330000,0.0037229925540148,6.090255192248151e-05,4875000000,results/rs/SC3_MHBD_MWPM_1x/results/sweep_24_exp_0_checkpoints.csv
030330000,0.0037229925540148,6.090255192248151e-05,6138000000,results/rs/SC3_MHBD_MWPM_1x/results/sweep_24_exp_0_checkpoints.csv
030330000,0.0037229925540148,6.090255192248151e-05,7728000000,results/rs/SC3_MHBD_MWPM_1x/results/sweep_24_exp_0_checkpoints.csv
030330000,0.0037229925540148,6.090255192248151e-05,9729000000,results/rs/SC3_MHBD_MWPM_1x/results/sweep_24_exp_0_checkpoints.csv
030330000,0.0037229925540148,6.090255192248151e-05,12249000000,results/rs/SC3_MHBD_MWPM_1x/results/sweep_24_exp_0_checkpoints.csv
033000330,0.0037079925840148,6.078019578126259e-05,15421000000,results/rs/SC3_MHBD_MWPM_1x/results/sweep_24_exp_0_checkpoints.csv
230020322,0.0051679896640206,7.170261960709468e-05,1000000,results/rs/SC3_MHBD_MWPM_1x/results/sweep_13_exp_0_checkpoints.csv
300202203,0.004760990478019,6.88353757141158e-05,2000000,results/rs/SC3_MHBD_MWPM_1x/results/sweep_13_exp_0_checkpoints.csv
300202203,0.004760990478019,6.88353757141158e-05,3000000,results/rs/SC3_MHBD_MWPM_1x/results/sweep_13_exp_0_checkpoints.csv
300202203,0.004760990478019,6.88353757141158e-05,4000000,results/rs/SC3_MHBD_MWPM_1x/results/sweep_13_exp_0_checkpoints.csv
030233320,0.0044069911860176,6.623863009735942e-05,6000000,results/rs/SC3_MHBD_MWPM_1x/results/sweep_13_exp_0_checkpoints.csv
030233320,0.0044069911860176,6.623863009735942e-05,8000000,results/rs/SC3_MHBD_MWPM_1x/results/sweep_13_exp_0_checkpoints.csv
030233320,0.0044069911860176,6.623863009735942e-05,11000000,results/rs/SC3_MHBD_MWPM_1x/results/sweep_13_exp_0_checkpoints.csv
030233320,0.0044069911860176,6.623863009735942e-05,14000000,results/rs/SC3_MHBD_MWPM_1x/results/sweep_13_exp_0_checkpoints.csv
030233320,0.0044069911860176,6.623863009735942e-05,18000000,results/rs/SC3_MHBD_MWPM_1x/results/sweep_13_exp_0_checkpoints.csv
330302030,0.0042359915280169,6.494640547316521e-05,23000000,results/rs/SC3_MHBD_MWPM_1x/results/sweep_13_exp_0_checkpoints.csv
330302030,0.0042359915280169,6.494640547316521e-05,29000000,results/rs/SC3_MHBD_MWPM_1x/results/sweep_13_exp_0_checkpoints.csv
030230030,0.004012991974016,6.322084664134309e-05,37000000,results/rs/SC3_MHBD_MWPM_1x/results/sweep_13_exp_0_checkpoints.csv
030230030,0.004012991974016,6.322084664134309e-05,47000000,results/rs/SC3_MHBD_MWPM_1x/results/sweep_13_exp_0_checkpoints.csv
330033030,0.0039359921280157,6.261380622163415e-05,60000000,results/rs/SC3_MHBD_MWPM_1x/results/sweep_13_exp_0_checkpoints.csv
330033030,0.0039359921280157,6.261380622163415e-05,76000000,results/rs/SC3_MHBD_MWPM_1x/results/sweep_13_exp_0_checkpoints.csv
330033030,0.0039359921280157,6.261380622163415e-05,96000000,results/rs/SC3_MHBD_MWPM_1x/results/sweep_13_exp_0_checkpoints.csv
330033030,0.0039359921280157,6.261380622163415e-05,121000000,results/rs/SC3_MHBD_MWPM_1x/results/sweep_13_exp_0_checkpoints.csv
033003330,0.0038109923780152,6.16153993178159e-05,153000000,results/rs/SC3_MHBD_MWPM_1x/results/sweep_13_exp_0_checkpoints.csv
033003330,0.0038109923780152,6.16153993178159e-05,193000000,results/rs/SC3_MHBD_MWPM_1x/results/sweep_13_exp_0_checkpoints.csv
033003330,0.0038109923780152,6.16153993178159e-05,243000000,results/rs/SC3_MHBD_MWPM_1x/results/sweep_13_exp_0_checkpoints.csv
033003330,0.0038109923780152,6.16153993178159e-05,306000000,results/rs/SC3_MHBD_MWPM_1x/results/sweep_13_exp_0_checkpoints.csv
033003330,0.0038109923780152,6.16153993178159e-05,386000000,results/rs/SC3_MHBD_MWPM_1x/results/sweep_13_exp_0_checkpoints.csv
033003330,0.0038109923780152,6.16153993178159e-05,486000000,results/rs/SC3_MHBD_MWPM_1x/results/sweep_13_exp_0_checkpoints.csv
033003330,0.0038109923780152,6.16153993178159e-05,612000000,results/rs/SC3_MHBD_MWPM_1x/results/sweep_13_exp_0_checkpoints.csv
033003330,0.0038109923780152,6.16153993178159e-05,771000000,results/rs/SC3_MHBD_MWPM_1x/results/sweep_13_exp_0_checkpoints.csv
033003330,0.0038109923780152,6.16153993178159e-05,971000000,results/rs/SC3_MHBD_MWPM_1x/results/sweep_13_exp_0_checkpoints.csv
033000330,0.0037749924500151,6.132479757070541e-05,1223000000,results/rs/SC3_MHBD_MWPM_1x/results/sweep_13_exp_0_checkpoints.csv
033000330,0.0037749924500151,6.132479757070541e-05,1540000000,results/rs/SC3_MHBD_MWPM_1x/results/sweep_13_exp_0_checkpoints.csv
033000330,0.0037749924500151,6.132479757070541e-05,1939000000,results/rs/SC3_MHBD_MWPM_1x/results/sweep_13_exp_0_checkpoints.csv
033000330,0.0037749924500151,6.132479757070541e-05,2442000000,results/rs/SC3_MHBD_MWPM_1x/results/sweep_13_exp_0_checkpoints.csv
033300330,0.003757992484015,6.118707824498415e-05,3075000000,results/rs/SC3_MHBD_MWPM_1x/results/sweep_13_exp_0_checkpoints.csv
033300330,0.003757992484015,6.118707824498415e-05,3872000000,results/rs/SC3_MHBD_MWPM_1x/results/sweep_13_exp_0_checkpoints.csv
033300330,0.003757992484015,6.118707824498415e-05,4875000000,results/rs/SC3_MHBD_MWPM_1x/results/sweep_13_exp_0_checkpoints.csv
033300330,0.003757992484015,6.118707824498415e-05,6138000000,results/rs/SC3_MHBD_MWPM_1x/results/sweep_13_exp_0_checkpoints.csv
033300330,0.003757992484015,6.118707824498415e-05,7728000000,results/rs/SC3_MHBD_MWPM_1x/results/sweep_13_exp_0_checkpoints.csv
033300330,0.003757992484015,6.118707824498415e-05,9729000000,results/rs/SC3_MHBD_MWPM_1x/results/sweep_13_exp_0_checkpoints.csv
033300330,0.003757992484015,6.118707824498415e-05,12249000000,results/rs/SC3_MHBD_MWPM_1x/results/sweep_13_exp_0_checkpoints.csv
030330030,0.0037359925280149,6.100839163991623e-05,15421000000,results/rs/SC3_MHBD_MWPM_1x/results/sweep_13_exp_0_checkpoints.csv
200202033,0.0046889906220187,6.831537029938772e-05,1000000,results/rs/SC3_MHBD_MWPM_1x/results/sweep_15_exp_0_checkpoints.csv
200202033,0.0046889906220187,6.831537029938772e-05,2000000,results/rs/SC3_MHBD_MWPM_1x/results/sweep_15_exp_0_checkpoints.csv
200202033,0.0046889906220187,6.831537029938772e-05,3000000,results/rs/SC3_MHBD_MWPM_1x/results/sweep_15_exp_0_checkpoints.csv
033320302,0.0046039907920184,6.769623723812401e-05,4000000,results/rs/SC3_MHBD_MWPM_1x/results/sweep_15_exp_0_checkpoints.csv
033320302,0.0046039907920184,6.769623723812401e-05,6000000,results/rs/SC3_MHBD_MWPM_1x/results/sweep_15_exp_0_checkpoints.csv
033320302,0.0046039907920184,6.769623723812401e-05,8000000,results/rs/SC3_MHBD_MWPM_1x/results/sweep_15_exp_0_checkpoints.csv
033002023,0.0043229913540172,6.560709152836353e-05,11000000,results/rs/SC3_MHBD_MWPM_1x/results/sweep_15_exp_0_checkpoints.csv
303000303,0.0042059915880168,6.47169872536324e-05,14000000,results/rs/SC3_MHBD_MWPM_1x/results/sweep_15_exp_0_checkpoints.csv
303000303,0.0042059915880168,6.47169872536324e-05,18000000,results/rs/SC3_MHBD_MWPM_1x/results/sweep_15_exp_0_checkpoints.csv
303000303,0.0042059915880168,6.47169872536324e-05,23000000,results/rs/SC3_MHBD_MWPM_1x/results/sweep_15_exp_0_checkpoints.csv
303000303,0.0042059915880168,6.47169872536324e-05,29000000,results/rs/SC3_MHBD_MWPM_1x/results/sweep_15_exp_0_checkpoints.csv
303000303,0.0042059915880168,6.47169872536324e-05,37000000,results/rs/SC3_MHBD_MWPM_1x/results/sweep_15_exp_0_checkpoints.csv
330200230,0.0042029915940168,6.469400250352919e-05,47000000,results/rs/SC3_MHBD_MWPM_1x/results/sweep_15_exp_0_checkpoints.csv
003330320,0.0040749918500162,6.370536721078679e-05,60000000,results/rs/SC3_MHBD_MWPM_1x/results/sweep_15_exp_0_checkpoints.csv
003330320,0.0040749918500162,6.370536721078679e-05,76000000,results/rs/SC3_MHBD_MWPM_1x/results/sweep_15_exp_0_checkpoints.csv
003330320,0.0040749918500162,6.370536721078679e-05,96000000,results/rs/SC3_MHBD_MWPM_1x/results/sweep_15_exp_0_checkpoints.csv
003330320,0.0040749918500162,6.370536721078679e-05,121000000,results/rs/SC3_MHBD_MWPM_1x/results/sweep_15_exp_0_checkpoints.csv
003330320,0.0040749918500162,6.370536721078679e-05,153000000,results/rs/SC3_MHBD_MWPM_1x/results/sweep_15_exp_0_checkpoints.csv
003330320,0.0040749918500162,6.370536721078679e-05,193000000,results/rs/SC3_MHBD_MWPM_1x/results/sweep_15_exp_0_checkpoints.csv
000030330,0.0039549920900158,6.276414933381602e-05,243000000,results/rs/SC3_MHBD_MWPM_1x/results/sweep_15_exp_0_checkpoints.csv
000030330,0.0039549920900158,6.276414933381602e-05,306000000,results/rs/SC3_MHBD_MWPM_1x/results/sweep_15_exp_0_checkpoints.csv
000030330,0.0039549920900158,6.276414933381602e-05,386000000,results/rs/SC3_MHBD_MWPM_1x/results/sweep_15_exp_0_checkpoints.csv
000030330,0.0039549920900158,6.276414933381602e-05,486000000,results/rs/SC3_MHBD_MWPM_1x/results/sweep_15_exp_0_checkpoints.csv
000030330,0.0039549920900158,6.276414933381602e-05,612000000,results/rs/SC3_MHBD_MWPM_1x/results/sweep_15_exp_0_checkpoints.csv
330030300,0.0039479921040157,6.270880112424493e-05,771000000,results/rs/SC3_MHBD_MWPM_1x/results/sweep_15_exp_0_checkpoints.csv
033033000,0.0039369921260157,6.262172246351838e-05,971000000,results/rs/SC3_MHBD_MWPM_1x/results/sweep_15_exp_0_checkpoints.csv
033033000,0.0039369921260157,6.262172246351838e-05,1223000000,results/rs/SC3_MHBD_MWPM_1x/results/sweep_15_exp_0_checkpoints.csv
033033000,0.0039369921260157,6.262172246351838e-05,1540000000,results/rs/SC3_MHBD_MWPM_1x/results/sweep_15_exp_0_checkpoints.csv
033033000,0.0039369921260157,6.262172246351838e-05,1939000000,results/rs/SC3_MHBD_MWPM_1x/results/sweep_15_exp_0_checkpoints.csv
030330000,0.0038809922380155,6.217651389306411e-05,2442000000,results/rs/SC3_MHBD_MWPM_1x/results/sweep_15_exp_0_checkpoints.csv
033333030,0.0038739922520154,6.212062726262957e-05,3075000000,results/rs/SC3_MHBD_MWPM_1x/results/sweep_15_exp_0_checkpoints.csv
330000330,0.0037449925100149,6.108155503170565e-05,3872000000,results/rs/SC3_MHBD_MWPM_1x/results/sweep_15_exp_0_checkpoints.csv
033300330,0.0036759926480147,6.051833406672813e-05,4875000000,results/rs/SC3_MHBD_MWPM_1x/results/sweep_15_exp_0_checkpoints.csv
033300330,0.0036759926480147,6.051833406672813e-05,6138000000,results/rs/SC3_MHBD_MWPM_1x/results/sweep_15_exp_0_checkpoints.csv
033300330,0.0036759926480147,6.051833406672813e-05,7728000000,results/rs/SC3_MHBD_MWPM_1x/results/sweep_15_exp_0_checkpoints.csv
033300330,0.0036759926480147,6.051833406672813e-05,9729000000,results/rs/SC3_MHBD_MWPM_1x/results/sweep_15_exp_0_checkpoints.csv
033300330,0.0036759926480147,6.051833406672813e-05,12249000000,results/rs/SC3_MHBD_MWPM_1x/results/sweep_15_exp_0_checkpoints.csv
033300330,0.0036759926480147,6.051833406672813e-05,15421000000,results/rs/SC3_MHBD_MWPM_1x/results/sweep_15_exp_0_checkpoints.csv
022003232,0.0048029903940192,6.913686956977472e-05,1000000,results/rs/SC3_MHBD_MWPM_1x/results/sweep_22_exp_0_checkpoints.csv
022002330,0.004772990454019,6.89216612954624e-05,2000000,results/rs/SC3_MHBD_MWPM_1x/results/sweep_22_exp_0_checkpoints.csv
022002330,0.004772990454019,6.89216612954624e-05,3000000,results/rs/SC3_MHBD_MWPM_1x/results/sweep_22_exp_0_checkpoints.csv
232332023,0.0047099905800188,6.846745236543939e-05,4000000,results/rs/SC3_MHBD_MWPM_1x/results/sweep_22_exp_0_checkpoints.csv
232003032,0.0046499907000186,6.803200813010335e-05,6000000,results/rs/SC3_MHBD_MWPM_1x/results/sweep_22_exp_0_checkpoints.csv
232003032,0.0046499907000186,6.803200813010335e-05,8000000,results/rs/SC3_MHBD_MWPM_1x/results/sweep_22_exp_0_checkpoints.csv
330302233,0.0046289907420185,6.787892925785854e-05,11000000,results/rs/SC3_MHBD_MWPM_1x/results/sweep_22_exp_0_checkpoints.csv
323003302,0.0045769908460183,6.749836029484868e-05,14000000,results/rs/SC3_MHBD_MWPM_1x/results/sweep_22_exp_0_checkpoints.csv
033220230,0.0045659908680182,6.74175753374584e-05,18000000,results/rs/SC3_MHBD_MWPM_1x/results/sweep_22_exp_0_checkpoints.csv
303200000,0.0042959914080171,6.540277536259964e-05,23000000,results/rs/SC3_MHBD_MWPM_1x/results/sweep_22_exp_0_checkpoints.csv
303200000,0.0042959914080171,6.540277536259964e-05,29000000,results/rs/SC3_MHBD_MWPM_1x/results/sweep_22_exp_0_checkpoints.csv
303200000,0.0042959914080171,6.540277536259964e-05,37000000,results/rs/SC3_MHBD_MWPM_1x/results/sweep_22_exp_0_checkpoints.csv
303200000,0.0042959914080171,6.540277536259964e-05,47000000,results/rs/SC3_MHBD_MWPM_1x/results/sweep_22_exp_0_checkpoints.csv
032030303,0.0041789916420167,6.450980436056852e-05,60000000,results/rs/SC3_MHBD_MWPM_1x/results/sweep_22_exp_0_checkpoints.csv
032030303,0.0041789916420167,6.450980436056852e-05,76000000,results/rs/SC3_MHBD_MWPM_1x/results/sweep_22_exp_0_checkpoints.csv
033030303,0.0039899920200159,6.304014823399484e-05,96000000,results/rs/SC3_MHBD_MWPM_1x/results/sweep_22_exp_0_checkpoints.csv
030330033,0.0038549922900154,6.19686979916878e-05,121000000,results/rs/SC3_MHBD_MWPM_1x/results/sweep_22_exp_0_checkpoints.csv
030330033,0.0038549922900154,6.19686979916878e-05,153000000,results/rs/SC3_MHBD_MWPM_1x/results/sweep_22_exp_0_checkpoints.csv
030330033,0.0038549922900154,6.19686979916878e-05,193000000,results/rs/SC3_MHBD_MWPM_1x/results/sweep_22_exp_0_checkpoints.csv
030330000,0.0038249923500153,6.172803114168346e-05,243000000,results/rs/SC3_MHBD_MWPM_1x/results/sweep_22_exp_0_checkpoints.csv
030330000,0.0038249923500153,6.172803114168346e-05,306000000,results/rs/SC3_MHBD_MWPM_1x/results/sweep_22_exp_0_checkpoints.csv
030330000,0.0038249923500153,6.172803114168346e-05,386000000,results/rs/SC3_MHBD_MWPM_1x/results/sweep_22_exp_0_checkpoints.csv
030330000,0.0038249923500153,6.172803114168346e-05,486000000,results/rs/SC3_MHBD_MWPM_1x/results/sweep_22_exp_0_checkpoints.csv
030330000,0.0038249923500153,6.172803114168346e-05,612000000,results/rs/SC3_MHBD_MWPM_1x/results/sweep_22_exp_0_checkpoints.csv
030330000,0.0038249923500153,6.172803114168346e-05,771000000,results/rs/SC3_MHBD_MWPM_1x/results/sweep_22_exp_0_checkpoints.csv
030330000,0.0038249923500153,6.172803114168346e-05,971000000,results/rs/SC3_MHBD_MWPM_1x/results/sweep_22_exp_0_checkpoints.csv
030330000,0.0038249923500153,6.172803114168346e-05,1223000000,results/rs/SC3_MHBD_MWPM_1x/results/sweep_22_exp_0_checkpoints.csv
030330000,0.0038249923500153,6.172803114168346e-05,1540000000,results/rs/SC3_MHBD_MWPM_1x/results/sweep_22_exp_0_checkpoints.csv
030330000,0.0038249923500153,6.172803114168346e-05,1939000000,results/rs/SC3_MHBD_MWPM_1x/results/sweep_22_exp_0_checkpoints.csv
030330000,0.0038249923500153,6.172803114168346e-05,2442000000,results/rs/SC3_MHBD_MWPM_1x/results/sweep_22_exp_0_checkpoints.csv
030330030,0.0037309925380149,6.096770448493771e-05,3075000000,results/rs/SC3_MHBD_MWPM_1x/results/sweep_22_exp_0_checkpoints.csv
030330030,0.0037309925380149,6.096770448493771e-05,3872000000,results/rs/SC3_MHBD_MWPM_1x/results/sweep_22_exp_0_checkpoints.csv
030330030,0.0037309925380149,6.096770448493771e-05,4875000000,results/rs/SC3_MHBD_MWPM_1x/results/sweep_22_exp_0_checkpoints.csv
030330030,0.0037309925380149,6.096770448493771e-05,6138000000,results/rs/SC3_MHBD_MWPM_1x/results/sweep_22_exp_0_checkpoints.csv
030330030,0.0037309925380149,6.096770448493771e-05,7728000000,results/rs/SC3_MHBD_MWPM_1x/results/sweep_22_exp_0_checkpoints.csv
030330030,0.0037309925380149,6.096770448493771e-05,9729000000,results/rs/SC3_MHBD_MWPM_1x/results/sweep_22_exp_0_checkpoints.csv
030330030,0.0037309925380149,6.096770448493771e-05,12249000000,results/rs/SC3_MHBD_MWPM_1x/results/sweep_22_exp_0_checkpoints.csv
030330030,0.0037309925380149,6.096770448493771e-05,15421000000,results/rs/SC3_MHBD_MWPM_1x/results/sweep_22_exp_0_checkpoints.csv
202023330,0.0048749902500195,6.965063221286982e-05,1000000,results/rs/SC3_MHBD_MWPM_1x/results/sweep_19_exp_0_checkpoints.csv
202023330,0.0048749902500195,6.965063221286982e-05,2000000,results/rs/SC3_MHBD_MWPM_1x/results/sweep_19_exp_0_checkpoints.csv
202023330,0.0048749902500195,6.965063221286982e-05,3000000,results/rs/SC3_MHBD_MWPM_1x/results/sweep_19_exp_0_checkpoints.csv
203200330,0.0043979912040175,6.61712620058097e-05,4000000,results/rs/SC3_MHBD_MWPM_1x/results/sweep_19_exp_0_checkpoints.csv
203200330,0.0043979912040175,6.61712620058097e-05,6000000,results/rs/SC3_MHBD_MWPM_1x/results/sweep_19_exp_0_checkpoints.csv
203200330,0.0043979912040175,6.61712620058097e-05,8000000,results/rs/SC3_MHBD_MWPM_1x/results/sweep_19_exp_0_checkpoints.csv
203200330,0.0043979912040175,6.61712620058097e-05,11000000,results/rs/SC3_MHBD_MWPM_1x/results/sweep_19_exp_0_checkpoints.csv
203200330,0.0043979912040175,6.61712620058097e-05,14000000,results/rs/SC3_MHBD_MWPM_1x/results/sweep_19_exp_0_checkpoints.csv
200030230,0.0043879912240175,6.60963196423836e-05,18000000,results/rs/SC3_MHBD_MWPM_1x/results/sweep_19_exp_0_checkpoints.csv
200030230,0.0043879912240175,6.60963196423836e-05,23000000,results/rs/SC3_MHBD_MWPM_1x/results/sweep_19_exp_0_checkpoints.csv
300003330,0.0042189915620168,6.481650052592158e-05,29000000,results/rs/SC3_MHBD_MWPM_1x/results/sweep_19_exp_0_checkpoints.csv
300003330,0.0042189915620168,6.481650052592158e-05,37000000,results/rs/SC3_MHBD_MWPM_1x/results/sweep_19_exp_0_checkpoints.csv
030330203,0.0040639918720162,6.361967825796455e-05,47000000,results/rs/SC3_MHBD_MWPM_1x/results/sweep_19_exp_0_checkpoints.csv
030330203,0.0040639918720162,6.361967825796455e-05,60000000,results/rs/SC3_MHBD_MWPM_1x/results/sweep_19_exp_0_checkpoints.csv
030330203,0.0040639918720162,6.361967825796455e-05,76000000,results/rs/SC3_MHBD_MWPM_1x/results/sweep_19_exp_0_checkpoints.csv
030330203,0.0040639918720162,6.361967825796455e-05,96000000,results/rs/SC3_MHBD_MWPM_1x/results/sweep_19_exp_0_checkpoints.csv
030330203,0.0040639918720162,6.361967825796455e-05,121000000,results/rs/SC3_MHBD_MWPM_1x/results/sweep_19_exp_0_checkpoints.csv
030330203,0.0040639918720162,6.361967825796455e-05,153000000,results/rs/SC3_MHBD_MWPM_1x/results/sweep_19_exp_0_checkpoints.csv
030330203,0.0040639918720162,6.361967825796455e-05,193000000,results/rs/SC3_MHBD_MWPM_1x/results/sweep_19_exp_0_checkpoints.csv
030330203,0.0040639918720162,6.361967825796455e-05,243000000,results/rs/SC3_MHBD_MWPM_1x/results/sweep_19_exp_0_checkpoints.csv
033000303,0.0040419919160161,6.34479511063546e-05,306000000,results/rs/SC3_MHBD_MWPM_1x/results/sweep_19_exp_0_checkpoints.csv
030030003,0.0039469921060157,6.270089215831831e-05,386000000,results/rs/SC3_MHBD_MWPM_1x/results/sweep_19_exp_0_checkpoints.csv
330033330,0.0039319921360157,6.258210487430915e-05,486000000,results/rs/SC3_MHBD_MWPM_1x/results/sweep_19_exp_0_checkpoints.csv
330033330,0.0039319921360157,6.258210487430915e-05,612000000,results/rs/SC3_MHBD_MWPM_1x/results/sweep_19_exp_0_checkpoints.csv
330033330,0.0039319921360157,6.258210487430915e-05,771000000,results/rs/SC3_MHBD_MWPM_1x/results/sweep_19_exp_0_checkpoints.csv
030330000,0.0038299923400153,6.176820897962898e-05,971000000,results/rs/SC3_MHBD_MWPM_1x/results/sweep_19_exp_0_checkpoints.csv
033000330,0.0036569926860146,6.036230843164958e-05,1223000000,results/rs/SC3_MHBD_MWPM_1x/results/sweep_19_exp_0_checkpoints.csv
033000330,0.0036569926860146,6.036230843164958e-05,1540000000,results/rs/SC3_MHBD_MWPM_1x/results/sweep_19_exp_0_checkpoints.csv
033000330,0.0036569926860146,6.036230843164958e-05,1939000000,results/rs/SC3_MHBD_MWPM_1x/results/sweep_19_exp_0_checkpoints.csv
033000330,0.0036569926860146,6.036230843164958e-05,2442000000,results/rs/SC3_MHBD_MWPM_1x/results/sweep_19_exp_0_checkpoints.csv
033000330,0.0036569926860146,6.036230843164958e-05,3075000000,results/rs/SC3_MHBD_MWPM_1x/results/sweep_19_exp_0_checkpoints.csv
033000330,0.0036569926860146,6.036230843164958e-05,3872000000,results/rs/SC3_MHBD_MWPM_1x/results/sweep_19_exp_0_checkpoints.csv
033000330,0.0036569926860146,6.036230843164958e-05,4875000000,results/rs/SC3_MHBD_MWPM_1x/results/sweep_19_exp_0_checkpoints.csv
033000330,0.0036569926860146,6.036230843164958e-05,6138000000,results/rs/SC3_MHBD_MWPM_1x/results/sweep_19_exp_0_checkpoints.csv
033000330,0.0036569926860146,6.036230843164958e-05,7728000000,results/rs/SC3_MHBD_MWPM_1x/results/sweep_19_exp_0_checkpoints.csv
033000330,0.0036569926860146,6.036230843164958e-05,9729000000,results/rs/SC3_MHBD_MWPM_1x/results/sweep_19_exp_0_checkpoints.csv
033000330,0.0036569926860146,6.036230843164958e-05,12249000000,results/rs/SC3_MHBD_MWPM_1x/results/sweep_19_exp_0_checkpoints.csv
033000330,0.0036569926860146,6.036230843164958e-05,15421000000,results/rs/SC3_MHBD_MWPM_1x/results/sweep_19_exp_0_checkpoints.csv
323023002,0.0050879898240203,7.11483444320038e-05,1000000,results/rs/SC3_MHBD_MWPM_1x/results/sweep_6_exp_0_checkpoints.csv
323023002,0.0050879898240203,7.11483444320038e-05,2000000,results/rs/SC3_MHBD_MWPM_1x/results/sweep_6_exp_0_checkpoints.csv
323023002,0.0050879898240203,7.11483444320038e-05,3000000,results/rs/SC3_MHBD_MWPM_1x/results/sweep_6_exp_0_checkpoints.csv
323023002,0.0050879898240203,7.11483444320038e-05,4000000,results/rs/SC3_MHBD_MWPM_1x/results/sweep_6_exp_0_checkpoints.csv
333303303,0.0044579910840178,6.661909719696268e-05,6000000,results/rs/SC3_MHBD_MWPM_1x/results/sweep_6_exp_0_checkpoints.csv
333303303,0.0044579910840178,6.661909719696268e-05,8000000,results/rs/SC3_MHBD_MWPM_1x/results/sweep_6_exp_0_checkpoints.csv
333303303,0.0044579910840178,6.661909719696268e-05,11000000,results/rs/SC3_MHBD_MWPM_1x/results/sweep_6_exp_0_checkpoints.csv
333303303,0.0044579910840178,6.661909719696268e-05,14000000,results/rs/SC3_MHBD_MWPM_1x/results/sweep_6_exp_0_checkpoints.csv
333303303,0.0044579910840178,6.661909719696268e-05,18000000,results/rs/SC3_MHBD_MWPM_1x/results/sweep_6_exp_0_checkpoints.csv
030320033,0.0041009917980164,6.39074423816055e-05,23000000,results/rs/SC3_MHBD_MWPM_1x/results/sweep_6_exp_0_checkpoints.csv
030320033,0.0041009917980164,6.39074423816055e-05,29000000,results/rs/SC3_MHBD_MWPM_1x/results/sweep_6_exp_0_checkpoints.csv
030320033,0.0041009917980164,6.39074423816055e-05,37000000,results/rs/SC3_MHBD_MWPM_1x/results/sweep_6_exp_0_checkpoints.csv
030320033,0.0041009917980164,6.39074423816055e-05,47000000,results/rs/SC3_MHBD_MWPM_1x/results/sweep_6_exp_0_checkpoints.csv
030320033,0.0041009917980164,6.39074423816055e-05,60000000,results/rs/SC3_MHBD_MWPM_1x/results/sweep_6_exp_0_checkpoints.csv
330000033,0.0039599920800158,6.280365050770342e-05,76000000,results/rs/SC3_MHBD_MWPM_1x/results/sweep_6_exp_0_checkpoints.csv
330000033,0.0039599920800158,6.280365050770342e-05,96000000,results/rs/SC3_MHBD_MWPM_1x/results/sweep_6_exp_0_checkpoints.csv
330000033,0.0039599920800158,6.280365050770342e-05,121000000,results/rs/SC3_MHBD_MWPM_1x/results/sweep_6_exp_0_checkpoints.csv
330000033,0.0039599920800158,6.280365050770342e-05,153000000,results/rs/SC3_MHBD_MWPM_1x/results/sweep_6_exp_0_checkpoints.csv
330000033,0.0039599920800158,6.280365050770342e-05,193000000,results/rs/SC3_MHBD_MWPM_1x/results/sweep_6_exp_0_checkpoints.csv
030030030,0.0038619922760154,6.20247155893594e-05,243000000,results/rs/SC3_MHBD_MWPM_1x/results/sweep_6_exp_0_checkpoints.csv
030030030,0.0038619922760154,6.20247155893594e-05,306000000,results/rs/SC3_MHBD_MWPM_1x/results/sweep_6_exp_0_checkpoints.csv
030030030,0.0038619922760154,6.20247155893594e-05,386000000,results/rs/SC3_MHBD_MWPM_1x/results/sweep_6_exp_0_checkpoints.csv
030030030,0.0038619922760154,6.20247155893594e-05,486000000,results/rs/SC3_MHBD_MWPM_1x/results/sweep_6_exp_0_checkpoints.csv
030030030,0.0038619922760154,6.20247155893594e-05,612000000,results/rs/SC3_MHBD_MWPM_1x/results/sweep_6_exp_0_checkpoints.csv
030030030,0.0038619922760154,6.20247155893594e-05,771000000,results/rs/SC3_MHBD_MWPM_1x/results/sweep_6_exp_0_checkpoints.csv
030030030,0.0038619922760154,6.20247155893594e-05,971000000,results/rs/SC3_MHBD_MWPM_1x/results/sweep_6_exp_0_checkpoints.csv
030030030,0.0038619922760154,6.20247155893594e-05,1223000000,results/rs/SC3_MHBD_MWPM_1x/results/sweep_6_exp_0_checkpoints.csv
030030030,0.0038619922760154,6.20247155893594e-05,1540000000,results/rs/SC3_MHBD_MWPM_1x/results/sweep_6_exp_0_checkpoints.csv
030030030,0.0038619922760154,6.20247155893594e-05,1939000000,results/rs/SC3_MHBD_MWPM_1x/results/sweep_6_exp_0_checkpoints.csv
030030030,0.0038619922760154,6.20247155893594e-05,2442000000,results/rs/SC3_MHBD_MWPM_1x/results/sweep_6_exp_0_checkpoints.csv
033000330,0.0036969926060147,6.0690312238875777e-05,3075000000,results/rs/SC3_MHBD_MWPM_1x/results/sweep_6_exp_0_checkpoints.csv
033000330,0.0036969926060147,6.0690312238875777e-05,3872000000,results/rs/SC3_MHBD_MWPM_1x/results/sweep_6_exp_0_checkpoints.csv
033000330,0.0036969926060147,6.0690312238875777e-05,4875000000,results/rs/SC3_MHBD_MWPM_1x/results/sweep_6_exp_0_checkpoints.csv
033000330,0.0036969926060147,6.0690312238875777e-05,6138000000,results/rs/SC3_MHBD_MWPM_1x/results/sweep_6_exp_0_checkpoints.csv
033000330,0.0036969926060147,6.0690312238875777e-05,7728000000,results/rs/SC3_MHBD_MWPM_1x/results/sweep_6_exp_0_checkpoints.csv
033000330,0.0036969926060147,6.0690312238875777e-05,9729000000,results/rs/SC3_MHBD_MWPM_1x/results/sweep_6_exp_0_checkpoints.csv
033000330,0.0036969926060147,6.0690312238875777e-05,12249000000,results/rs/SC3_MHBD_MWPM_1x/results/sweep_6_exp_0_checkpoints.csv
033000330,0.0036969926060147,6.0690312238875777e-05,15421000000,results/rs/SC3_MHBD_MWPM_1x/results/sweep_6_exp_0_checkpoints.csv
