seed,clifford_deformation,alpha,beta,x-err,y-err,z-err,no-err,shots,method,QECC,n,k,d,noise-model,p,eta,source_file
194293597,2003200333320003023330303,69583,99930419,33956,190,35436,99930418,100000000,pymatching,SurfaceCode,25,1,5,MHBD_noise,0.001,500.0,results/brute_force/used_SC5_MHBD/results/sweep_127.csv
400198485,3030020333020003023330300,64748,99935254,29970,188,34589,99935253,100000000,pymatching,SurfaceCode,25,1,5,MHBD_noise,0.001,500.0,results/brute_force/used_SC5_MHBD/results/sweep_127.csv
1698751284,3030000333020003020330330,61567,99938435,27797,182,33587,99938434,100000000,pymatching,SurfaceCode,25,1,5,MHBD_noise,0.001,500.0,results/brute_force/used_SC5_MHBD/results/sweep_127.csv
1240638722,3030000333020003020333330,61006,99938996,29115,195,31695,99938995,100000000,pymatching,SurfaceCode,25,1,5,MHBD_noise,0.001,500.0,results/brute_force/used_SC5_MHBD/results/sweep_127.csv
427737122,3030000330000003020333330,58855,99941147,25349,152,33353,99941146,100000000,pymatching,SurfaceCode,25,1,5,MHBD_noise,0.001,500.0,results/brute_force/used_SC5_MHBD/results/sweep_127.csv
698899893,0000000330003033030333330,57320,99942682,27007,144,30168,99942681,100000000,pymatching,SurfaceCode,25,1,5,MHBD_noise,0.001,500.0,results/brute_force/used_SC5_MHBD/results/sweep_127.csv
402472238,3000000330000033030333330,56858,99943144,26166,148,30543,99943143,100000000,pymatching,SurfaceCode,25,1,5,MHBD_noise,0.001,500.0,results/brute_force/used_SC5_MHBD/results/sweep_127.csv
1357070563,3000000330030033030333330,56395,99943607,28253,145,27996,99943606,100000000,pymatching,SurfaceCode,25,1,5,MHBD_noise,0.001,500.0,results/brute_force/used_SC5_MHBD/results/sweep_127.csv
1208757010,3030000330030030030333330,55580,99944422,27423,150,28006,99944421,100000000,pymatching,SurfaceCode,25,1,5,MHBD_noise,0.001,500.0,results/brute_force/used_SC5_MHBD/results/sweep_127.csv
793943942,3000000330030030030303330,56355,99943647,25147,149,31058,99943646,100000000,pymatching,SurfaceCode,25,1,5,MHBD_noise,0.001,500.0,results/brute_force/used_SC5_MHBD/results/sweep_127.csv
1010694453,0300330333030300030303030,53949,99946053,26272,144,27532,99946052,100000000,pymatching,SurfaceCode,25,1,5,MHBD_noise,0.001,500.0,results/brute_force/used_SC5_MHBD/results/sweep_90.csv
1137675964,0333000330030303030333030,53011,99946991,27276,135,25599,99946990,100000000,pymatching,SurfaceCode,25,1,5,MHBD_noise,0.001,500.0,results/brute_force/used_SC5_MHBD/results/sweep_90.csv
159771154,0300330300030333033303030,55705,99944297,28260,154,27290,99944296,100000000,pymatching,SurfaceCode,25,1,5,MHBD_noise,0.001,500.0,results/brute_force/used_SC5_MHBD/results/sweep_90.csv
53768612,2202320330333233033030232,71771,99928231,42246,237,29287,99928230,100000000,pymatching,SurfaceCode,25,1,5,MHBD_noise,0.001,500.0,results/brute_force/used_SC5_MHBD/results/sweep_90.csv
1602703728,2202220330333233033030233,70682,99929320,42046,196,28439,99929319,100000000,pymatching,SurfaceCode,25,1,5,MHBD_noise,0.001,500.0,results/brute_force/used_SC5_MHBD/results/sweep_90.csv
1727659239,2022033303230230003230302,71120,99928882,34370,222,36527,99928881,100000000,pymatching,SurfaceCode,25,1,5,MHBD_noise,0.001,500.0,results/brute_force/used_SC5_MHBD/results/sweep_90.csv
1041413462,0022033303230330000230300,63211,99936791,28801,186,34223,99936790,100000000,pymatching,SurfaceCode,25,1,5,MHBD_noise,0.001,500.0,results/brute_force/used_SC5_MHBD/results/sweep_90.csv
801356410,0002033303230330000230300,63117,99936885,28459,162,34495,99936884,100000000,pymatching,SurfaceCode,25,1,5,MHBD_noise,0.001,500.0,results/brute_force/used_SC5_MHBD/results/sweep_90.csv
1341259026,0002033303230330003230000,64537,99935465,30005,170,34361,99935464,100000000,pymatching,SurfaceCode,25,1,5,MHBD_noise,0.001,500.0,results/brute_force/used_SC5_MHBD/results/sweep_90.csv
261024981,0032033303230330000230300,62146,99937856,28996,162,32987,99937855,100000000,pymatching,SurfaceCode,25,1,5,MHBD_noise,0.001,500.0,results/brute_force/used_SC5_MHBD/results/sweep_90.csv
1697402019,0332030303030300300030303,56837,99943165,26275,152,30409,99943164,100000000,pymatching,SurfaceCode,25,1,5,MHBD_noise,0.001,500.0,results/brute_force/used_SC5_MHBD/results/sweep_41.csv
706539084,0330330303030300030030303,54692,99945310,25822,131,28738,99945309,100000000,pymatching,SurfaceCode,25,1,5,MHBD_noise,0.001,500.0,results/brute_force/used_SC5_MHBD/results/sweep_41.csv
911719846,0330330333030300030030300,54661,99945341,27181,160,27319,99945340,100000000,pymatching,SurfaceCode,25,1,5,MHBD_noise,0.001,500.0,results/brute_force/used_SC5_MHBD/results/sweep_41.csv
305900192,3330330303030300030030333,54069,99945933,28129,147,25792,99945932,100000000,pymatching,SurfaceCode,25,1,5,MHBD_noise,0.001,500.0,results/brute_force/used_SC5_MHBD/results/sweep_41.csv
1831345861,0330330303030300030030333,54020,99945982,27081,129,26809,99945981,100000000,pymatching,SurfaceCode,25,1,5,MHBD_noise,0.001,500.0,results/brute_force/used_SC5_MHBD/results/sweep_41.csv
1844645044,0333330303030300030030330,52777,99947225,26602,122,26052,99947224,100000000,pymatching,SurfaceCode,25,1,5,MHBD_noise,0.001,500.0,results/brute_force/used_SC5_MHBD/results/sweep_41.csv
746861062,0330330300030300030030330,52618,99947384,23441,122,29054,99947383,100000000,pymatching,SurfaceCode,25,1,5,MHBD_noise,0.001,500.0,results/brute_force/used_SC5_MHBD/results/sweep_41.csv
1581293646,0330330300030300030003330,52557,99947445,23261,131,29164,99947444,100000000,pymatching,SurfaceCode,25,1,5,MHBD_noise,0.001,500.0,results/brute_force/used_SC5_MHBD/results/sweep_41.csv
713784512,0203200020033303330002333,61561,99938441,30892,197,30471,99938440,100000000,pymatching,SurfaceCode,25,1,5,MHBD_noise,0.001,500.0,results/brute_force/used_SC5_MHBD/results/sweep_41.csv
42130284,0203200020033303330032033,62484,99937518,30827,191,31465,99937517,100000000,pymatching,SurfaceCode,25,1,5,MHBD_noise,0.001,500.0,results/brute_force/used_SC5_MHBD/results/sweep_41.csv
402590489,3330330303030300030303030,54311,99945691,26897,138,27275,99945690,100000000,pymatching,SurfaceCode,25,1,5,MHBD_noise,0.001,500.0,results/brute_force/used_SC5_MHBD/results/sweep_120.csv
2109079485,0003330330030303030303330,54355,99945647,28292,137,25925,99945646,100000000,pymatching,SurfaceCode,25,1,5,MHBD_noise,0.001,500.0,results/brute_force/used_SC5_MHBD/results/sweep_120.csv
544396565,0303303300030300030003330,53482,99946520,23904,126,29451,99946519,100000000,pymatching,SurfaceCode,25,1,5,MHBD_noise,0.001,500.0,results/brute_force/used_SC5_MHBD/results/sweep_120.csv
616529042,0203200300330320023032300,66624,99933378,29837,192,36594,99933377,100000000,pymatching,SurfaceCode,25,1,5,MHBD_noise,0.001,500.0,results/brute_force/used_SC5_MHBD/results/sweep_120.csv
102889927,0203200300330333023032300,65520,99934482,31654,196,33669,99934481,100000000,pymatching,SurfaceCode,25,1,5,MHBD_noise,0.001,500.0,results/brute_force/used_SC5_MHBD/results/sweep_120.csv
70657329,0303200300330333033032300,61192,99938810,31490,163,29538,99938809,100000000,pymatching,SurfaceCode,25,1,5,MHBD_noise,0.001,500.0,results/brute_force/used_SC5_MHBD/results/sweep_120.csv
351494522,0303200300030333023032000,63422,99936580,28640,166,34615,99936579,100000000,pymatching,SurfaceCode,25,1,5,MHBD_noise,0.001,500.0,results/brute_force/used_SC5_MHBD/results/sweep_120.csv
594351601,0303200300030333003032000,60508,99939494,26188,151,34168,99939493,100000000,pymatching,SurfaceCode,25,1,5,MHBD_noise,0.001,500.0,results/brute_force/used_SC5_MHBD/results/sweep_120.csv
1733960830,0303200300030333003030000,59992,99940010,25304,168,34519,99940009,100000000,pymatching,SurfaceCode,25,1,5,MHBD_noise,0.001,500.0,results/brute_force/used_SC5_MHBD/results/sweep_120.csv
926871959,0333200300030333003000000,59752,99940250,25735,149,33867,99940249,100000000,pymatching,SurfaceCode,25,1,5,MHBD_noise,0.001,500.0,results/brute_force/used_SC5_MHBD/results/sweep_120.csv
696394065,0303330330030300033303030,53626,99946376,27423,158,26044,99946375,100000000,pymatching,SurfaceCode,25,1,5,MHBD_noise,0.001,500.0,results/brute_force/used_SC5_MHBD/results/sweep_97.csv
751208482,0333300300033300030033330,51725,99948277,26846,127,24751,99948276,100000000,pymatching,SurfaceCode,25,1,5,MHBD_noise,0.001,500.0,results/brute_force/used_SC5_MHBD/results/sweep_97.csv
683200584,0333300300033000030303330,52825,99947177,25256,132,27436,99947176,100000000,pymatching,SurfaceCode,25,1,5,MHBD_noise,0.001,500.0,results/brute_force/used_SC5_MHBD/results/sweep_97.csv
2061797677,0333330300000303030333030,52947,99947055,26774,141,26031,99947054,100000000,pymatching,SurfaceCode,25,1,5,MHBD_noise,0.001,500.0,results/brute_force/used_SC5_MHBD/results/sweep_97.csv
1354485789,2223020300000300323323002,70438,99929564,30504,228,39705,99929563,100000000,pymatching,SurfaceCode,25,1,5,MHBD_noise,0.001,500.0,results/brute_force/used_SC5_MHBD/results/sweep_97.csv
1488702401,2000033303000323022322200,72578,99927424,32987,207,39383,99927423,100000000,pymatching,SurfaceCode,25,1,5,MHBD_noise,0.001,500.0,results/brute_force/used_SC5_MHBD/results/sweep_97.csv
255541861,2000333303000323322322200,71230,99928772,36773,221,34235,99928771,100000000,pymatching,SurfaceCode,25,1,5,MHBD_noise,0.001,500.0,results/brute_force/used_SC5_MHBD/results/sweep_97.csv
300548844,2000333303000323322322300,69832,99930170,36977,237,32617,99930169,100000000,pymatching,SurfaceCode,25,1,5,MHBD_noise,0.001,500.0,results/brute_force/used_SC5_MHBD/results/sweep_97.csv
935013091,0000033303000323022302300,66054,99933948,29072,190,36791,99933947,100000000,pymatching,SurfaceCode,25,1,5,MHBD_noise,0.001,500.0,results/brute_force/used_SC5_MHBD/results/sweep_97.csv
1778683351,0000033303000323022303300,64076,99935926,28775,191,35109,99935925,100000000,pymatching,SurfaceCode,25,1,5,MHBD_noise,0.001,500.0,results/brute_force/used_SC5_MHBD/results/sweep_97.csv
1286672332,3330303300030300030303030,54873,99945129,25966,147,28759,99945128,100000000,pymatching,SurfaceCode,25,1,5,MHBD_noise,0.001,500.0,results/brute_force/used_SC5_MHBD/results/sweep_46.csv
503362244,3330333300000300030333030,55535,99944467,27722,136,27676,99944466,100000000,pymatching,SurfaceCode,25,1,5,MHBD_noise,0.001,500.0,results/brute_force/used_SC5_MHBD/results/sweep_46.csv
1368008680,0333303300000300030333330,52747,99947255,26836,129,25781,99947254,100000000,pymatching,SurfaceCode,25,1,5,MHBD_noise,0.001,500.0,results/brute_force/used_SC5_MHBD/results/sweep_46.csv
804383795,0333303300030300030333330,52596,99947406,28462,148,23985,99947405,100000000,pymatching,SurfaceCode,25,1,5,MHBD_noise,0.001,500.0,results/brute_force/used_SC5_MHBD/results/sweep_46.csv
725613836,0333300300030300030003330,52275,99947727,23015,127,29132,99947726,100000000,pymatching,SurfaceCode,25,1,5,MHBD_noise,0.001,500.0,results/brute_force/used_SC5_MHBD/results/sweep_46.csv
72925420,0333300300030300030033033,52009,99947993,25272,116,26620,99947992,100000000,pymatching,SurfaceCode,25,1,5,MHBD_noise,0.001,500.0,results/brute_force/used_SC5_MHBD/results/sweep_46.csv
1969616618,0333300300030300030333030,51862,99948140,24902,130,26829,99948139,100000000,pymatching,SurfaceCode,25,1,5,MHBD_noise,0.001,500.0,results/brute_force/used_SC5_MHBD/results/sweep_46.csv
1720487584,0303330300030300030333330,52095,99947907,26643,134,25317,99947906,100000000,pymatching,SurfaceCode,25,1,5,MHBD_noise,0.001,500.0,results/brute_force/used_SC5_MHBD/results/sweep_46.csv
1958693958,2032000000003302033203232,67635,99932367,29697,175,37762,99932366,100000000,pymatching,SurfaceCode,25,1,5,MHBD_noise,0.001,500.0,results/brute_force/used_SC5_MHBD/results/sweep_46.csv
1941711665,2032000000003302033303232,65555,99934447,29583,164,35807,99934446,100000000,pymatching,SurfaceCode,25,1,5,MHBD_noise,0.001,500.0,results/brute_force/used_SC5_MHBD/results/sweep_46.csv
1359617417,0320220002200022220333000,77606,99922396,28327,228,49050,99922395,100000000,pymatching,SurfaceCode,25,1,5,MHBD_noise,0.001,500.0,results/brute_force/used_SC5_MHBD/results/sweep_152.csv
757338902,0223023302303320230223333,72378,99927624,41656,187,30534,99927623,100000000,pymatching,SurfaceCode,25,1,5,MHBD_noise,0.001,500.0,results/brute_force/used_SC5_MHBD/results/sweep_152.csv
33476125,0330003230332003220232030,71519,99928483,33888,239,37391,99928482,100000000,pymatching,SurfaceCode,25,1,5,MHBD_noise,0.001,500.0,results/brute_force/used_SC5_MHBD/results/sweep_152.csv
1304822364,0200330323320030320002303,70018,99929984,31603,212,38202,99929983,100000000,pymatching,SurfaceCode,25,1,5,MHBD_noise,0.001,500.0,results/brute_force/used_SC5_MHBD/results/sweep_152.csv
115385587,3230300022320300020003330,67053,99932949,28316,197,38539,99932948,100000000,pymatching,SurfaceCode,25,1,5,MHBD_noise,0.001,500.0,results/brute_force/used_SC5_MHBD/results/sweep_152.csv
827983006,3323033330200302302303302,66669,99933333,36672,188,29808,99933332,100000000,pymatching,SurfaceCode,25,1,5,MHBD_noise,0.001,500.0,results/brute_force/used_SC5_MHBD/results/sweep_152.csv
1539037754,0233230330300033000332033,63052,99936950,29963,162,32926,99936949,100000000,pymatching,SurfaceCode,25,1,5,MHBD_noise,0.001,500.0,results/brute_force/used_SC5_MHBD/results/sweep_152.csv
1765646467,3330303003020003302203330,64042,99935960,30715,193,33133,99935959,100000000,pymatching,SurfaceCode,25,1,5,MHBD_noise,0.001,500.0,results/brute_force/used_SC5_MHBD/results/sweep_152.csv
1576070637,3030033300020300030023223,63120,99936882,28186,195,34738,99936881,100000000,pymatching,SurfaceCode,25,1,5,MHBD_noise,0.001,500.0,results/brute_force/used_SC5_MHBD/results/sweep_152.csv
1429926573,2002003030003300333030300,62295,99937707,29190,162,32942,99937706,100000000,pymatching,SurfaceCode,25,1,5,MHBD_noise,0.001,500.0,results/brute_force/used_SC5_MHBD/results/sweep_152.csv
794646341,0022022300330203002330230,70736,99929266,30362,220,40153,99929265,100000000,pymatching,SurfaceCode,25,1,5,MHBD_noise,0.001,500.0,results/brute_force/used_SC5_MHBD/results/sweep_183.csv
1189992616,3033003033323333003302230,69862,99930140,40253,181,29427,99930139,100000000,pymatching,SurfaceCode,25,1,5,MHBD_noise,0.001,500.0,results/brute_force/used_SC5_MHBD/results/sweep_183.csv
1849827210,3023220200333330033032330,66519,99933483,37150,171,29197,99933482,100000000,pymatching,SurfaceCode,25,1,5,MHBD_noise,0.001,500.0,results/brute_force/used_SC5_MHBD/results/sweep_183.csv
766207308,0323303320333023330000303,65505,99934497,37724,182,27598,99934496,100000000,pymatching,SurfaceCode,25,1,5,MHBD_noise,0.001,500.0,results/brute_force/used_SC5_MHBD/results/sweep_183.csv
6786552,2303020303200302230033000,64231,99935771,28964,164,35102,99935770,100000000,pymatching,SurfaceCode,25,1,5,MHBD_noise,0.001,500.0,results/brute_force/used_SC5_MHBD/results/sweep_183.csv
1086392715,0330003000202000333330330,62800,99937202,30137,187,32475,99937201,100000000,pymatching,SurfaceCode,25,1,5,MHBD_noise,0.001,500.0,results/brute_force/used_SC5_MHBD/results/sweep_183.csv
1584060469,3200300003330003030003030,61642,99938360,23335,169,38137,99938359,100000000,pymatching,SurfaceCode,25,1,5,MHBD_noise,0.001,500.0,results/brute_force/used_SC5_MHBD/results/sweep_183.csv
1796370501,3303330302003330300300020,61673,99938329,29596,167,31909,99938328,100000000,pymatching,SurfaceCode,25,1,5,MHBD_noise,0.001,500.0,results/brute_force/used_SC5_MHBD/results/sweep_183.csv
1162207211,0300000000033303030030332,58496,99941506,25594,152,32749,99941505,100000000,pymatching,SurfaceCode,25,1,5,MHBD_noise,0.001,500.0,results/brute_force/used_SC5_MHBD/results/sweep_183.csv
1387291724,0020023232302220000332222,84609,99915393,37536,289,46783,99915392,100000000,pymatching,SurfaceCode,25,1,5,MHBD_noise,0.001,500.0,results/brute_force/used_SC5_MHBD/results/sweep_183.csv
1202285835,0003330303030302030003302,58245,99941757,27166,148,30930,99941756,100000000,pymatching,SurfaceCode,25,1,5,MHBD_noise,0.001,500.0,results/brute_force/used_SC5_MHBD/results/sweep_34.csv
619547615,0003330303230302030003303,59477,99940525,29497,171,29808,99940524,100000000,pymatching,SurfaceCode,25,1,5,MHBD_noise,0.001,500.0,results/brute_force/used_SC5_MHBD/results/sweep_34.csv
1523439964,0023330303030302030003303,58000,99942002,28143,148,29708,99942001,100000000,pymatching,SurfaceCode,25,1,5,MHBD_noise,0.001,500.0,results/brute_force/used_SC5_MHBD/results/sweep_34.csv
1813358856,0003330303030302030003303,56962,99943040,26877,157,29927,99943039,100000000,pymatching,SurfaceCode,25,1,5,MHBD_noise,0.001,500.0,results/brute_force/used_SC5_MHBD/results/sweep_34.csv
737234070,0003330303030302030003300,57150,99942852,25962,158,31029,99942851,100000000,pymatching,SurfaceCode,25,1,5,MHBD_noise,0.001,500.0,results/brute_force/used_SC5_MHBD/results/sweep_34.csv
1759676836,0033330303030302030003303,56653,99943349,28122,143,28387,99943348,100000000,pymatching,SurfaceCode,25,1,5,MHBD_noise,0.001,500.0,results/brute_force/used_SC5_MHBD/results/sweep_34.csv
1692536215,0303330303030302030003300,55636,99944366,26486,144,29005,99944365,100000000,pymatching,SurfaceCode,25,1,5,MHBD_noise,0.001,500.0,results/brute_force/used_SC5_MHBD/results/sweep_34.csv
1252972670,0303330303030300330003300,53402,99946600,26236,121,27044,99946599,100000000,pymatching,SurfaceCode,25,1,5,MHBD_noise,0.001,500.0,results/brute_force/used_SC5_MHBD/results/sweep_34.csv
572468231,0303030303030300330003300,54114,99945888,24989,145,28979,99945887,100000000,pymatching,SurfaceCode,25,1,5,MHBD_noise,0.001,500.0,results/brute_force/used_SC5_MHBD/results/sweep_34.csv
275648067,0303330303030300030003300,53687,99946315,24403,130,29153,99946314,100000000,pymatching,SurfaceCode,25,1,5,MHBD_noise,0.001,500.0,results/brute_force/used_SC5_MHBD/results/sweep_34.csv
524300492,0303330300030303030033030,52575,99947427,25935,129,26510,99947426,100000000,pymatching,SurfaceCode,25,1,5,MHBD_noise,0.001,500.0,results/brute_force/used_SC5_MHBD/results/sweep_99.csv
1404481543,0333300300030300030333300,52646,99947356,25384,137,27124,99947355,100000000,pymatching,SurfaceCode,25,1,5,MHBD_noise,0.001,500.0,results/brute_force/used_SC5_MHBD/results/sweep_99.csv
178198188,0333030300030303030303330,52286,99947716,26098,158,26029,99947715,100000000,pymatching,SurfaceCode,25,1,5,MHBD_noise,0.001,500.0,results/brute_force/used_SC5_MHBD/results/sweep_99.csv
712307959,0303030303030303030330030,54735,99945267,26241,124,28369,99945266,100000000,pymatching,SurfaceCode,25,1,5,MHBD_noise,0.001,500.0,results/brute_force/used_SC5_MHBD/results/sweep_99.csv
729475427,0330330303330300030303330,54138,99945864,28586,127,25424,99945863,100000000,pymatching,SurfaceCode,25,1,5,MHBD_noise,0.001,500.0,results/brute_force/used_SC5_MHBD/results/sweep_99.csv
370645363,0300330330030300033303330,53653,99946349,27326,140,26186,99946348,100000000,pymatching,SurfaceCode,25,1,5,MHBD_noise,0.001,500.0,results/brute_force/used_SC5_MHBD/results/sweep_99.csv
72829483,0303300300030300030033333,52866,99947136,25821,131,26913,99947135,100000000,pymatching,SurfaceCode,25,1,5,MHBD_noise,0.001,500.0,results/brute_force/used_SC5_MHBD/results/sweep_99.csv
530725934,0333330003030300030003330,53725,99946277,25455,139,28130,99946276,100000000,pymatching,SurfaceCode,25,1,5,MHBD_noise,0.001,500.0,results/brute_force/used_SC5_MHBD/results/sweep_99.csv
968008438,0303330300030300033003033,54417,99945585,25863,155,28398,99945584,100000000,pymatching,SurfaceCode,25,1,5,MHBD_noise,0.001,500.0,results/brute_force/used_SC5_MHBD/results/sweep_99.csv
1091201312,0333000303030003030330330,54011,99945991,25328,130,28552,99945990,100000000,pymatching,SurfaceCode,25,1,5,MHBD_noise,0.001,500.0,results/brute_force/used_SC5_MHBD/results/sweep_99.csv
2127169012,0333030000003303033003333,55645,99944357,28579,161,26904,99944356,100000000,pymatching,SurfaceCode,25,1,5,MHBD_noise,0.001,500.0,results/brute_force/used_SC5_MHBD/results/sweep_48.csv
967164702,0333000300003303030003333,54449,99945553,25478,131,28839,99945552,100000000,pymatching,SurfaceCode,25,1,5,MHBD_noise,0.001,500.0,results/brute_force/used_SC5_MHBD/results/sweep_48.csv
367509859,0333030300030300033033333,54144,99945858,28553,147,25443,99945857,100000000,pymatching,SurfaceCode,25,1,5,MHBD_noise,0.001,500.0,results/brute_force/used_SC5_MHBD/results/sweep_48.csv
1176902493,0333300300030300033033033,53306,99946696,27281,130,25894,99946695,100000000,pymatching,SurfaceCode,25,1,5,MHBD_noise,0.001,500.0,results/brute_force/used_SC5_MHBD/results/sweep_48.csv
647222991,0333300300030300033033030,52397,99947605,25650,115,26631,99947604,100000000,pymatching,SurfaceCode,25,1,5,MHBD_noise,0.001,500.0,results/brute_force/used_SC5_MHBD/results/sweep_48.csv
1085122320,0030333220030330330223303,64574,99935428,35350,201,29022,99935427,100000000,pymatching,SurfaceCode,25,1,5,MHBD_noise,0.001,500.0,results/brute_force/used_SC5_MHBD/results/sweep_48.csv
1894131115,0030333220330330330223303,66353,99933649,37935,219,28198,99933648,100000000,pymatching,SurfaceCode,25,1,5,MHBD_noise,0.001,500.0,results/brute_force/used_SC5_MHBD/results/sweep_48.csv
822983822,0030333200030330330223303,61685,99938317,32552,174,28958,99938316,100000000,pymatching,SurfaceCode,25,1,5,MHBD_noise,0.001,500.0,results/brute_force/used_SC5_MHBD/results/sweep_48.csv
1782416799,0030333200030330030220303,61956,99938046,28561,163,33231,99938045,100000000,pymatching,SurfaceCode,25,1,5,MHBD_noise,0.001,500.0,results/brute_force/used_SC5_MHBD/results/sweep_48.csv
1888031326,0030333200000330030230303,60930,99939072,26757,173,33999,99939071,100000000,pymatching,SurfaceCode,25,1,5,MHBD_noise,0.001,500.0,results/brute_force/used_SC5_MHBD/results/sweep_48.csv
1852680554,0303330300030300330030030,53561,99946441,24658,127,28775,99946440,100000000,pymatching,SurfaceCode,25,1,5,MHBD_noise,0.001,500.0,results/brute_force/used_SC5_MHBD/results/sweep_129.csv
1216400404,3333230033332323330320303,68550,99931452,43918,190,24441,99931451,100000000,pymatching,SurfaceCode,25,1,5,MHBD_noise,0.001,500.0,results/brute_force/used_SC5_MHBD/results/sweep_129.csv
1639606106,3333230033330323330320323,66166,99933836,41333,156,24676,99933835,100000000,pymatching,SurfaceCode,25,1,5,MHBD_noise,0.001,500.0,results/brute_force/used_SC5_MHBD/results/sweep_129.csv
1537263354,3333230033330323303320033,65417,99934585,39804,172,25440,99934584,100000000,pymatching,SurfaceCode,25,1,5,MHBD_noise,0.001,500.0,results/brute_force/used_SC5_MHBD/results/sweep_129.csv
1434239114,3333230033330303303320033,63173,99936829,37659,159,25354,99936828,100000000,pymatching,SurfaceCode,25,1,5,MHBD_noise,0.001,500.0,results/brute_force/used_SC5_MHBD/results/sweep_129.csv
539586442,3333230033330303300320033,61177,99938825,34637,180,26359,99938824,100000000,pymatching,SurfaceCode,25,1,5,MHBD_noise,0.001,500.0,results/brute_force/used_SC5_MHBD/results/sweep_129.csv
103584390,3302230030030333300320033,61869,99938133,31006,150,30712,99938132,100000000,pymatching,SurfaceCode,25,1,5,MHBD_noise,0.001,500.0,results/brute_force/used_SC5_MHBD/results/sweep_129.csv
1721379863,3333230033030303300320033,60159,99939843,32759,180,27219,99939842,100000000,pymatching,SurfaceCode,25,1,5,MHBD_noise,0.001,500.0,results/brute_force/used_SC5_MHBD/results/sweep_129.csv
1543122594,3333230033030303000320033,60164,99939838,30808,160,29195,99939837,100000000,pymatching,SurfaceCode,25,1,5,MHBD_noise,0.001,500.0,results/brute_force/used_SC5_MHBD/results/sweep_129.csv
1123416098,3303030033030303030320030,57193,99942809,27374,139,29679,99942808,100000000,pymatching,SurfaceCode,25,1,5,MHBD_noise,0.001,500.0,results/brute_force/used_SC5_MHBD/results/sweep_129.csv
807077844,2223032030230332202223002,79218,99920784,39348,260,39609,99920783,100000000,pymatching,SurfaceCode,25,1,5,MHBD_noise,0.001,500.0,results/brute_force/used_SC5_MHBD/results/sweep_155.csv
2116916754,3202002323230200000302032,72149,99927853,30794,260,41094,99927852,100000000,pymatching,SurfaceCode,25,1,5,MHBD_noise,0.001,500.0,results/brute_force/used_SC5_MHBD/results/sweep_155.csv
352345019,0333003203300323233223203,70899,99929103,39180,218,31500,99929102,100000000,pymatching,SurfaceCode,25,1,5,MHBD_noise,0.001,500.0,results/brute_force/used_SC5_MHBD/results/sweep_155.csv
1734072818,3333233223230033003003333,70695,99929307,41498,224,28972,99929306,100000000,pymatching,SurfaceCode,25,1,5,MHBD_noise,0.001,500.0,results/brute_force/used_SC5_MHBD/results/sweep_155.csv
615737978,2323320000300300020203300,67530,99932472,25917,202,41410,99932471,100000000,pymatching,SurfaceCode,25,1,5,MHBD_noise,0.001,500.0,results/brute_force/used_SC5_MHBD/results/sweep_155.csv
490468513,3030332230033000030330332,64099,99935903,33284,188,30626,99935902,100000000,pymatching,SurfaceCode,25,1,5,MHBD_noise,0.001,500.0,results/brute_force/used_SC5_MHBD/results/sweep_155.csv
58959071,0302030033300000330320233,61893,99938109,27884,190,33818,99938108,100000000,pymatching,SurfaceCode,25,1,5,MHBD_noise,0.001,500.0,results/brute_force/used_SC5_MHBD/results/sweep_155.csv
1689210983,0023230033033303333330000,62922,99937080,36339,175,26407,99937079,100000000,pymatching,SurfaceCode,25,1,5,MHBD_noise,0.001,500.0,results/brute_force/used_SC5_MHBD/results/sweep_155.csv
1082406536,3003000320030300033023223,62444,99937558,28929,169,33345,99937557,100000000,pymatching,SurfaceCode,25,1,5,MHBD_noise,0.001,500.0,results/brute_force/used_SC5_MHBD/results/sweep_155.csv
1996978974,0300333030030333000023330,58663,99941339,28595,140,29927,99941338,100000000,pymatching,SurfaceCode,25,1,5,MHBD_noise,0.001,500.0,results/brute_force/used_SC5_MHBD/results/sweep_155.csv
1238715435,2000022323230222003322220,82173,99917829,38720,279,43173,99917828,100000000,pymatching,SurfaceCode,25,1,5,MHBD_noise,0.001,500.0,results/brute_force/used_SC5_MHBD/results/sweep_184.csv
791650066,3302300023230020233002200,71118,99928884,30522,217,40378,99928883,100000000,pymatching,SurfaceCode,25,1,5,MHBD_noise,0.001,500.0,results/brute_force/used_SC5_MHBD/results/sweep_184.csv
490833617,2003030300003032300033000,63604,99936398,24891,169,38543,99936397,100000000,pymatching,SurfaceCode,25,1,5,MHBD_noise,0.001,500.0,results/brute_force/used_SC5_MHBD/results/sweep_184.csv
591366074,0303300330303323300000030,61071,99938931,29124,155,31791,99938930,100000000,pymatching,SurfaceCode,25,1,5,MHBD_noise,0.001,500.0,results/brute_force/used_SC5_MHBD/results/sweep_184.csv
1378974874,0300330300330330030230033,57037,99942965,27837,141,29058,99942964,100000000,pymatching,SurfaceCode,25,1,5,MHBD_noise,0.001,500.0,results/brute_force/used_SC5_MHBD/results/sweep_184.csv
1028035951,3303202233022323230033320,76316,99923686,44421,251,31643,99923685,100000000,pymatching,SurfaceCode,25,1,5,MHBD_noise,0.001,500.0,results/brute_force/used_SC5_MHBD/results/sweep_184.csv
2011007523,2023020200330020323032020,72987,99927015,30049,224,42713,99927014,100000000,pymatching,SurfaceCode,25,1,5,MHBD_noise,0.001,500.0,results/brute_force/used_SC5_MHBD/results/sweep_184.csv
1993299217,3030320200220232303030300,72610,99927392,31194,212,41203,99927391,100000000,pymatching,SurfaceCode,25,1,5,MHBD_noise,0.001,500.0,results/brute_force/used_SC5_MHBD/results/sweep_184.csv
442762944,3300320230030030003002233,64833,99935169,28294,180,36358,99935168,100000000,pymatching,SurfaceCode,25,1,5,MHBD_noise,0.001,500.0,results/brute_force/used_SC5_MHBD/results/sweep_184.csv
1934006770,3332320002020330003233330,65079,99934923,32325,188,32565,99934922,100000000,pymatching,SurfaceCode,25,1,5,MHBD_noise,0.001,500.0,results/brute_force/used_SC5_MHBD/results/sweep_184.csv
617684105,2303030303030303330003000,56509,99943493,27485,154,28869,99943492,100000000,pymatching,SurfaceCode,25,1,5,MHBD_noise,0.001,500.0,results/brute_force/used_SC5_MHBD/results/sweep_33.csv
1429206257,2303330300030300330003300,54279,99945723,25368,151,28759,99945722,100000000,pymatching,SurfaceCode,25,1,5,MHBD_noise,0.001,500.0,results/brute_force/used_SC5_MHBD/results/sweep_33.csv
1715375334,0303330300030300330003300,53294,99946708,24524,142,28627,99946707,100000000,pymatching,SurfaceCode,25,1,5,MHBD_noise,0.001,500.0,results/brute_force/used_SC5_MHBD/results/sweep_33.csv
533505583,0303330300030300030003333,53428,99946574,25004,139,28284,99946573,100000000,pymatching,SurfaceCode,25,1,5,MHBD_noise,0.001,500.0,results/brute_force/used_SC5_MHBD/results/sweep_33.csv
2003630595,0303330300030300330003330,52727,99947275,25665,137,26924,99947274,100000000,pymatching,SurfaceCode,25,1,5,MHBD_noise,0.001,500.0,results/brute_force/used_SC5_MHBD/results/sweep_33.csv
1051401983,0303330300030300033003330,53036,99946966,25069,128,27838,99946965,100000000,pymatching,SurfaceCode,25,1,5,MHBD_noise,0.001,500.0,results/brute_force/used_SC5_MHBD/results/sweep_33.csv
719543420,0333330300030300033003330,52574,99947428,26447,128,25998,99947427,100000000,pymatching,SurfaceCode,25,1,5,MHBD_noise,0.001,500.0,results/brute_force/used_SC5_MHBD/results/sweep_33.csv
1095359398,2303300303203302030003302,62487,99937515,30173,162,32151,99937514,100000000,pymatching,SurfaceCode,25,1,5,MHBD_noise,0.001,500.0,results/brute_force/used_SC5_MHBD/results/sweep_33.csv
1164428986,2303300303233302030003302,62380,99937622,33226,180,28973,99937621,100000000,pymatching,SurfaceCode,25,1,5,MHBD_noise,0.001,500.0,results/brute_force/used_SC5_MHBD/results/sweep_33.csv
1769486483,2003330303230302030003302,61561,99938441,30259,152,31149,99938440,100000000,pymatching,SurfaceCode,25,1,5,MHBD_noise,0.001,500.0,results/brute_force/used_SC5_MHBD/results/sweep_33.csv
1416319238,0233302220003002302033233,72920,99927082,35343,239,37337,99927081,100000000,pymatching,SurfaceCode,25,1,5,MHBD_noise,0.001,500.0,results/brute_force/used_SC5_MHBD/results/sweep_160.csv
726564749,0303330023030223230202203,69936,99930066,33497,216,36222,99930065,100000000,pymatching,SurfaceCode,25,1,5,MHBD_noise,0.001,500.0,results/brute_force/used_SC5_MHBD/results/sweep_160.csv
1685860954,0300303200032003233323320,69667,99930335,35333,226,34107,99930334,100000000,pymatching,SurfaceCode,25,1,5,MHBD_noise,0.001,500.0,results/brute_force/used_SC5_MHBD/results/sweep_160.csv
36755631,3203232330200300302030333,67477,99932525,35055,210,32211,99932524,100000000,pymatching,SurfaceCode,25,1,5,MHBD_noise,0.001,500.0,results/brute_force/used_SC5_MHBD/results/sweep_160.csv
1773290182,0002030330330033233032002,66476,99933526,33696,201,32578,99933525,100000000,pymatching,SurfaceCode,25,1,5,MHBD_noise,0.001,500.0,results/brute_force/used_SC5_MHBD/results/sweep_160.csv
532832912,0220330003030032030232330,67052,99932950,28960,189,37902,99932949,100000000,pymatching,SurfaceCode,25,1,5,MHBD_noise,0.001,500.0,results/brute_force/used_SC5_MHBD/results/sweep_160.csv
1172093212,3302203333330033030002203,66156,99933846,35382,211,30562,99933845,100000000,pymatching,SurfaceCode,25,1,5,MHBD_noise,0.001,500.0,results/brute_force/used_SC5_MHBD/results/sweep_160.csv
1713962779,3000000202333030330030030,64926,99935076,28217,177,36531,99935075,100000000,pymatching,SurfaceCode,25,1,5,MHBD_noise,0.001,500.0,results/brute_force/used_SC5_MHBD/results/sweep_160.csv
504444194,2333330330000002330303323,61198,99938804,33253,168,27776,99938803,100000000,pymatching,SurfaceCode,25,1,5,MHBD_noise,0.001,500.0,results/brute_force/used_SC5_MHBD/results/sweep_160.csv
1623583796,0200330233030300003333030,60139,99939863,28332,160,31646,99939862,100000000,pymatching,SurfaceCode,25,1,5,MHBD_noise,0.001,500.0,results/brute_force/used_SC5_MHBD/results/sweep_160.csv
1318038132,3303030200303300032030033,61883,99938119,29369,218,32295,99938118,100000000,pymatching,SurfaceCode,25,1,5,MHBD_noise,0.001,500.0,results/brute_force/used_SC5_MHBD/results/sweep_167.csv
647423223,3333303030330303020333300,59756,99940246,33071,182,26502,99940245,100000000,pymatching,SurfaceCode,25,1,5,MHBD_noise,0.001,500.0,results/brute_force/used_SC5_MHBD/results/sweep_167.csv
66706885,3033003330030330030033332,57825,99942177,32863,149,24812,99942176,100000000,pymatching,SurfaceCode,25,1,5,MHBD_noise,0.001,500.0,results/brute_force/used_SC5_MHBD/results/sweep_167.csv
405680910,3232222322033200223003020,80856,99919146,42241,273,38341,99919145,100000000,pymatching,SurfaceCode,25,1,5,MHBD_noise,0.001,500.0,results/brute_force/used_SC5_MHBD/results/sweep_167.csv
61611757,3232303302302332330320020,70682,99929320,39824,199,30658,99929319,100000000,pymatching,SurfaceCode,25,1,5,MHBD_noise,0.001,500.0,results/brute_force/used_SC5_MHBD/results/sweep_167.csv
1557157943,2203320332200032033223033,69821,99930181,35524,223,34073,99930180,100000000,pymatching,SurfaceCode,25,1,5,MHBD_noise,0.001,500.0,results/brute_force/used_SC5_MHBD/results/sweep_167.csv
68279030,2023000333303323230003020,67785,99932217,34233,185,33366,99932216,100000000,pymatching,SurfaceCode,25,1,5,MHBD_noise,0.001,500.0,results/brute_force/used_SC5_MHBD/results/sweep_167.csv
1696040241,3323332200030300303203032,65910,99934092,33593,201,32115,99934091,100000000,pymatching,SurfaceCode,25,1,5,MHBD_noise,0.001,500.0,results/brute_force/used_SC5_MHBD/results/sweep_167.csv
874552375,0223003330000020330332002,64723,99935279,29176,171,35375,99935278,100000000,pymatching,SurfaceCode,25,1,5,MHBD_noise,0.001,500.0,results/brute_force/used_SC5_MHBD/results/sweep_167.csv
1095366060,0020223330230300033333303,62745,99937257,35010,184,27550,99937256,100000000,pymatching,SurfaceCode,25,1,5,MHBD_noise,0.001,500.0,results/brute_force/used_SC5_MHBD/results/sweep_167.csv
40859577,3333302000030003000020333,60195,99939807,26404,173,33617,99939806,100000000,pymatching,SurfaceCode,25,1,5,MHBD_noise,0.001,500.0,results/brute_force/used_SC5_MHBD/results/sweep_169.csv
1257106923,0002000330030300020230333,60436,99939566,25267,155,35013,99939565,100000000,pymatching,SurfaceCode,25,1,5,MHBD_noise,0.001,500.0,results/brute_force/used_SC5_MHBD/results/sweep_169.csv
808411464,0330030303200300300333002,60327,99939675,26482,162,33682,99939674,100000000,pymatching,SurfaceCode,25,1,5,MHBD_noise,0.001,500.0,results/brute_force/used_SC5_MHBD/results/sweep_169.csv
1029177619,0333203333300000030030330,58611,99941391,28808,126,29676,99941390,100000000,pymatching,SurfaceCode,25,1,5,MHBD_noise,0.001,500.0,results/brute_force/used_SC5_MHBD/results/sweep_169.csv
2004313448,0332200300222230023333323,76048,99923954,39890,241,35916,99923953,100000000,pymatching,SurfaceCode,25,1,5,MHBD_noise,0.001,500.0,results/brute_force/used_SC5_MHBD/results/sweep_169.csv
339575211,3300003020023303233003320,67435,99932567,34586,210,32638,99932566,100000000,pymatching,SurfaceCode,25,1,5,MHBD_noise,0.001,500.0,results/brute_force/used_SC5_MHBD/results/sweep_169.csv
1518140053,0003300300323030002303303,66958,99933044,30236,190,36531,99933043,100000000,pymatching,SurfaceCode,25,1,5,MHBD_noise,0.001,500.0,results/brute_force/used_SC5_MHBD/results/sweep_169.csv
1593323593,0333330302332002300333300,62270,99937732,33994,144,28131,99937731,100000000,pymatching,SurfaceCode,25,1,5,MHBD_noise,0.001,500.0,results/brute_force/used_SC5_MHBD/results/sweep_169.csv
640188080,0000303333330333333002320,62874,99937128,37696,171,25006,99937127,100000000,pymatching,SurfaceCode,25,1,5,MHBD_noise,0.001,500.0,results/brute_force/used_SC5_MHBD/results/sweep_169.csv
515252946,0330333003203023000203300,63867,99936135,28506,149,35211,99936134,100000000,pymatching,SurfaceCode,25,1,5,MHBD_noise,0.001,500.0,results/brute_force/used_SC5_MHBD/results/sweep_169.csv
449836671,0203233303030303303323030,61073,99938929,33753,152,27167,99938928,100000000,pymatching,SurfaceCode,25,1,5,MHBD_noise,0.001,500.0,results/brute_force/used_SC5_MHBD/results/sweep_202.csv
298096286,0323000330303300030032030,59865,99940137,27016,144,32704,99940136,100000000,pymatching,SurfaceCode,25,1,5,MHBD_noise,0.001,500.0,results/brute_force/used_SC5_MHBD/results/sweep_202.csv
1677315190,3030000000033320033303330,59241,99940761,29336,135,29769,99940760,100000000,pymatching,SurfaceCode,25,1,5,MHBD_noise,0.001,500.0,results/brute_force/used_SC5_MHBD/results/sweep_202.csv
703888867,3300330000030303003320033,60477,99939525,26323,172,33981,99939524,100000000,pymatching,SurfaceCode,25,1,5,MHBD_noise,0.001,500.0,results/brute_force/used_SC5_MHBD/results/sweep_202.csv
413625185,3303300200330302030033330,57900,99942102,29394,172,28333,99942101,100000000,pymatching,SurfaceCode,25,1,5,MHBD_noise,0.001,500.0,results/brute_force/used_SC5_MHBD/results/sweep_202.csv
321438729,3303303022333333022233030,71482,99928520,44285,215,26981,99928519,100000000,pymatching,SurfaceCode,25,1,5,MHBD_noise,0.001,500.0,results/brute_force/used_SC5_MHBD/results/sweep_202.csv
1365100681,0330330322302300332020300,66595,99933407,34767,205,31622,99933406,100000000,pymatching,SurfaceCode,25,1,5,MHBD_noise,0.001,500.0,results/brute_force/used_SC5_MHBD/results/sweep_202.csv
958080753,3203030333000332200302230,67870,99932132,31433,204,36232,99932131,100000000,pymatching,SurfaceCode,25,1,5,MHBD_noise,0.001,500.0,results/brute_force/used_SC5_MHBD/results/sweep_202.csv
2003443925,3323030333030202030202020,65568,99934434,31569,193,33805,99934433,100000000,pymatching,SurfaceCode,25,1,5,MHBD_noise,0.001,500.0,results/brute_force/used_SC5_MHBD/results/sweep_202.csv
2054468110,2230230302000303033332030,64088,99935914,31169,174,32744,99935913,100000000,pymatching,SurfaceCode,25,1,5,MHBD_noise,0.001,500.0,results/brute_force/used_SC5_MHBD/results/sweep_202.csv
2029954056,0303330330030300030303330,52332,99947670,26540,121,25670,99947669,100000000,pymatching,SurfaceCode,25,1,5,MHBD_noise,0.001,500.0,results/brute_force/used_SC5_MHBD/results/sweep_115.csv
1750432085,0033330303030303030333030,54147,99945855,29586,119,24441,99945854,100000000,pymatching,SurfaceCode,25,1,5,MHBD_noise,0.001,500.0,results/brute_force/used_SC5_MHBD/results/sweep_115.csv
198979393,0030033002303002030233233,66349,99933653,31412,190,34746,99933652,100000000,pymatching,SurfaceCode,25,1,5,MHBD_noise,0.001,500.0,results/brute_force/used_SC5_MHBD/results/sweep_115.csv
1891012081,0030003002303002030233333,64355,99935647,29849,171,34334,99935646,100000000,pymatching,SurfaceCode,25,1,5,MHBD_noise,0.001,500.0,results/brute_force/used_SC5_MHBD/results/sweep_115.csv
582566788,0030033002303302030233333,63543,99936459,34619,150,28773,99936458,100000000,pymatching,SurfaceCode,25,1,5,MHBD_noise,0.001,500.0,results/brute_force/used_SC5_MHBD/results/sweep_115.csv
1780075393,0330033002303302030233333,62264,99937738,35316,166,26781,99937737,100000000,pymatching,SurfaceCode,25,1,5,MHBD_noise,0.001,500.0,results/brute_force/used_SC5_MHBD/results/sweep_115.csv
421038736,0033033002303002030233333,63052,99936950,31907,169,30975,99936949,100000000,pymatching,SurfaceCode,25,1,5,MHBD_noise,0.001,500.0,results/brute_force/used_SC5_MHBD/results/sweep_115.csv
1579716073,0330033002303302030233303,62916,99937086,33524,169,29222,99937085,100000000,pymatching,SurfaceCode,25,1,5,MHBD_noise,0.001,500.0,results/brute_force/used_SC5_MHBD/results/sweep_115.csv
566534353,0330033002003302030333303,61078,99938924,32249,165,28663,99938923,100000000,pymatching,SurfaceCode,25,1,5,MHBD_noise,0.001,500.0,results/brute_force/used_SC5_MHBD/results/sweep_115.csv
372643450,0330033002303302030333303,61665,99938337,33745,152,27767,99938336,100000000,pymatching,SurfaceCode,25,1,5,MHBD_noise,0.001,500.0,results/brute_force/used_SC5_MHBD/results/sweep_115.csv
1467389343,0303330330030300030303033,53555,99946447,26764,114,26676,99946446,100000000,pymatching,SurfaceCode,25,1,5,MHBD_noise,0.001,500.0,results/brute_force/used_SC5_MHBD/results/sweep_73.csv
226522518,3303330330030300030303333,54255,99945747,29413,169,24672,99945746,100000000,pymatching,SurfaceCode,25,1,5,MHBD_noise,0.001,500.0,results/brute_force/used_SC5_MHBD/results/sweep_73.csv
2085984712,3333300300030300030003330,51922,99948080,24528,132,27261,99948079,100000000,pymatching,SurfaceCode,25,1,5,MHBD_noise,0.001,500.0,results/brute_force/used_SC5_MHBD/results/sweep_73.csv
1722563274,0030203022030320003030223,69811,99930191,29617,176,40017,99930190,100000000,pymatching,SurfaceCode,25,1,5,MHBD_noise,0.001,500.0,results/brute_force/used_SC5_MHBD/results/sweep_73.csv
1866712191,3220202300333002000323300,67608,99932394,30942,185,36480,99932393,100000000,pymatching,SurfaceCode,25,1,5,MHBD_noise,0.001,500.0,results/brute_force/used_SC5_MHBD/results/sweep_73.csv
194567391,3220202300333002000033300,67100,99932902,29329,162,37608,99932901,100000000,pymatching,SurfaceCode,25,1,5,MHBD_noise,0.001,500.0,results/brute_force/used_SC5_MHBD/results/sweep_73.csv
1883586368,3020202300333002000323303,67742,99932260,31602,203,35936,99932259,100000000,pymatching,SurfaceCode,25,1,5,MHBD_noise,0.001,500.0,results/brute_force/used_SC5_MHBD/results/sweep_73.csv
1529812186,3030203300333002000323303,64132,99935870,31398,180,32553,99935869,100000000,pymatching,SurfaceCode,25,1,5,MHBD_noise,0.001,500.0,results/brute_force/used_SC5_MHBD/results/sweep_73.csv
488429839,3030303300330002000323303,62005,99937997,28160,159,33685,99937996,100000000,pymatching,SurfaceCode,25,1,5,MHBD_noise,0.001,500.0,results/brute_force/used_SC5_MHBD/results/sweep_73.csv
1643223261,3030303300330002000303303,60555,99939447,26708,170,33676,99939446,100000000,pymatching,SurfaceCode,25,1,5,MHBD_noise,0.001,500.0,results/brute_force/used_SC5_MHBD/results/sweep_73.csv
1936087947,3023330300000330333303003,60057,99939945,30850,163,29043,99939944,100000000,pymatching,SurfaceCode,25,1,5,MHBD_noise,0.001,500.0,results/brute_force/used_SC5_MHBD/results/sweep_205.csv
1030704348,3033330003300302030303332,59238,99940764,29535,145,29557,99940763,100000000,pymatching,SurfaceCode,25,1,5,MHBD_noise,0.001,500.0,results/brute_force/used_SC5_MHBD/results/sweep_205.csv
163660759,0000000003030330033330330,59203,99940799,25237,139,33826,99940798,100000000,pymatching,SurfaceCode,25,1,5,MHBD_noise,0.001,500.0,results/brute_force/used_SC5_MHBD/results/sweep_205.csv
891754780,2002330200022303300220330,71045,99928957,31798,247,38999,99928956,100000000,pymatching,SurfaceCode,25,1,5,MHBD_noise,0.001,500.0,results/brute_force/used_SC5_MHBD/results/sweep_205.csv
1957223051,3202200332302033023300300,71394,99928608,33534,246,37613,99928607,100000000,pymatching,SurfaceCode,25,1,5,MHBD_noise,0.001,500.0,results/brute_force/used_SC5_MHBD/results/sweep_205.csv
1412080465,3333223333020323303200002,71789,99928213,42400,209,29179,99928212,100000000,pymatching,SurfaceCode,25,1,5,MHBD_noise,0.001,500.0,results/brute_force/used_SC5_MHBD/results/sweep_205.csv
1804919434,0000030032030023332330020,66481,99933521,29420,179,36881,99933520,100000000,pymatching,SurfaceCode,25,1,5,MHBD_noise,0.001,500.0,results/brute_force/used_SC5_MHBD/results/sweep_205.csv
1965923839,3233300000003333233033300,62931,99937071,34364,171,28395,99937070,100000000,pymatching,SurfaceCode,25,1,5,MHBD_noise,0.001,500.0,results/brute_force/used_SC5_MHBD/results/sweep_205.csv
769106790,0303303203000303030200003,61617,99938385,25711,169,35736,99938384,100000000,pymatching,SurfaceCode,25,1,5,MHBD_noise,0.001,500.0,results/brute_force/used_SC5_MHBD/results/sweep_205.csv
1523231673,2302330300303300030330002,60682,99939320,28324,172,32185,99939319,100000000,pymatching,SurfaceCode,25,1,5,MHBD_noise,0.001,500.0,results/brute_force/used_SC5_MHBD/results/sweep_205.csv
571361215,0333000303030303030303000,54561,99945441,24855,135,29570,99945440,100000000,pymatching,SurfaceCode,25,1,5,MHBD_noise,0.001,500.0,results/brute_force/used_SC5_MHBD/results/sweep_112.csv
88580944,0333030303030303030330030,53734,99946268,27172,131,26430,99946267,100000000,pymatching,SurfaceCode,25,1,5,MHBD_noise,0.001,500.0,results/brute_force/used_SC5_MHBD/results/sweep_112.csv
2009861062,0333300300030303030333033,53141,99946861,28434,128,24578,99946860,100000000,pymatching,SurfaceCode,25,1,5,MHBD_noise,0.001,500.0,results/brute_force/used_SC5_MHBD/results/sweep_112.csv
1404305897,0333030303030303030030330,53547,99946455,26940,143,26463,99946454,100000000,pymatching,SurfaceCode,25,1,5,MHBD_noise,0.001,500.0,results/brute_force/used_SC5_MHBD/results/sweep_112.csv
286829414,3330330300030300030303330,52856,99947146,25947,121,26787,99947145,100000000,pymatching,SurfaceCode,25,1,5,MHBD_noise,0.001,500.0,results/brute_force/used_SC5_MHBD/results/sweep_112.csv
607289074,0333030303030303300303030,54448,99945554,27286,150,27011,99945553,100000000,pymatching,SurfaceCode,25,1,5,MHBD_noise,0.001,500.0,results/brute_force/used_SC5_MHBD/results/sweep_112.csv
1148249336,0303330300030300030033303,53332,99946670,25665,144,27522,99946669,100000000,pymatching,SurfaceCode,25,1,5,MHBD_noise,0.001,500.0,results/brute_force/used_SC5_MHBD/results/sweep_112.csv
781959156,3322233003330333003220003,70972,99929030,36516,191,34264,99929029,100000000,pymatching,SurfaceCode,25,1,5,MHBD_noise,0.001,500.0,results/brute_force/used_SC5_MHBD/results/sweep_112.csv
801730634,3322233003330303003220003,69606,99930396,34930,201,34474,99930395,100000000,pymatching,SurfaceCode,25,1,5,MHBD_noise,0.001,500.0,results/brute_force/used_SC5_MHBD/results/sweep_112.csv
1724922480,3332233003330303003220003,67518,99932484,34581,166,32770,99932483,100000000,pymatching,SurfaceCode,25,1,5,MHBD_noise,0.001,500.0,results/brute_force/used_SC5_MHBD/results/sweep_112.csv
1728149224,3030330303330002000303300,59311,99940691,25681,191,33438,99940690,100000000,pymatching,SurfaceCode,25,1,5,MHBD_noise,0.001,500.0,results/brute_force/used_SC5_MHBD/results/sweep_74.csv
1504374156,3030330303330002000303303,59846,99940156,26786,150,32909,99940155,100000000,pymatching,SurfaceCode,25,1,5,MHBD_noise,0.001,500.0,results/brute_force/used_SC5_MHBD/results/sweep_74.csv
1047330278,3330330303330002000303300,58124,99941878,26872,145,31106,99941877,100000000,pymatching,SurfaceCode,25,1,5,MHBD_noise,0.001,500.0,results/brute_force/used_SC5_MHBD/results/sweep_74.csv
2146230452,3330330303330002000303330,57156,99942846,28086,165,28904,99942845,100000000,pymatching,SurfaceCode,25,1,5,MHBD_noise,0.001,500.0,results/brute_force/used_SC5_MHBD/results/sweep_74.csv
752423641,0330330303030000000303330,54768,99945234,24187,136,30444,99945233,100000000,pymatching,SurfaceCode,25,1,5,MHBD_noise,0.001,500.0,results/brute_force/used_SC5_MHBD/results/sweep_74.csv
1194694896,0330330303030300000303330,53767,99946235,25329,127,28310,99946234,100000000,pymatching,SurfaceCode,25,1,5,MHBD_noise,0.001,500.0,results/brute_force/used_SC5_MHBD/results/sweep_74.csv
65575472,0330330300030300000303330,53604,99946398,23660,138,29805,99946397,100000000,pymatching,SurfaceCode,25,1,5,MHBD_noise,0.001,500.0,results/brute_force/used_SC5_MHBD/results/sweep_74.csv
559473016,0330330300030300300303330,53553,99946449,25249,133,28170,99946448,100000000,pymatching,SurfaceCode,25,1,5,MHBD_noise,0.001,500.0,results/brute_force/used_SC5_MHBD/results/sweep_74.csv
371632483,0333330330030300000303330,52609,99947393,27105,125,25378,99947392,100000000,pymatching,SurfaceCode,25,1,5,MHBD_noise,0.001,500.0,results/brute_force/used_SC5_MHBD/results/sweep_74.csv
1302418393,0333330300030300300303330,52509,99947493,26600,149,25759,99947492,100000000,pymatching,SurfaceCode,25,1,5,MHBD_noise,0.001,500.0,results/brute_force/used_SC5_MHBD/results/sweep_74.csv
1961079619,0033300300030303030333030,53435,99946567,26202,136,27096,99946566,100000000,pymatching,SurfaceCode,25,1,5,MHBD_noise,0.001,500.0,results/brute_force/used_SC5_MHBD/results/sweep_65.csv
869119069,0303300300030300030033030,52444,99947558,22944,122,29377,99947557,100000000,pymatching,SurfaceCode,25,1,5,MHBD_noise,0.001,500.0,results/brute_force/used_SC5_MHBD/results/sweep_65.csv
1530959441,0303300300030300030333330,52149,99947853,25386,129,26633,99947852,100000000,pymatching,SurfaceCode,25,1,5,MHBD_noise,0.001,500.0,results/brute_force/used_SC5_MHBD/results/sweep_65.csv
252961865,3222032332330302020320230,72601,99927401,38123,255,34222,99927400,100000000,pymatching,SurfaceCode,25,1,5,MHBD_noise,0.001,500.0,results/brute_force/used_SC5_MHBD/results/sweep_65.csv
2009117903,3233030232033200320320230,70364,99929638,36459,218,33686,99929637,100000000,pymatching,SurfaceCode,25,1,5,MHBD_noise,0.001,500.0,results/brute_force/used_SC5_MHBD/results/sweep_65.csv
64260342,3222032332330302030320230,70218,99929784,38167,260,31790,99929783,100000000,pymatching,SurfaceCode,25,1,5,MHBD_noise,0.001,500.0,results/brute_force/used_SC5_MHBD/results/sweep_65.csv
286719190,3233030232033200320320200,70969,99929033,34789,242,35937,99929032,100000000,pymatching,SurfaceCode,25,1,5,MHBD_noise,0.001,500.0,results/brute_force/used_SC5_MHBD/results/sweep_65.csv
1217609153,3322032302330302030320230,66890,99933112,34045,195,32649,99933111,100000000,pymatching,SurfaceCode,25,1,5,MHBD_noise,0.001,500.0,results/brute_force/used_SC5_MHBD/results/sweep_65.csv
1187258394,3322032300330302030320232,66785,99933217,33470,181,33133,99933216,100000000,pymatching,SurfaceCode,25,1,5,MHBD_noise,0.001,500.0,results/brute_force/used_SC5_MHBD/results/sweep_65.csv
1147292153,3320002302330302030320230,65675,99934327,32060,182,33432,99934326,100000000,pymatching,SurfaceCode,25,1,5,MHBD_noise,0.001,500.0,results/brute_force/used_SC5_MHBD/results/sweep_65.csv
1434344811,0333030303030303030003330,52549,99947453,26672,131,25745,99947452,100000000,pymatching,SurfaceCode,25,1,5,MHBD_noise,0.001,500.0,results/brute_force/used_SC5_MHBD/results/sweep_103.csv
1545323411,0333300300030300330303030,53010,99946992,25537,132,27340,99946991,100000000,pymatching,SurfaceCode,25,1,5,MHBD_noise,0.001,500.0,results/brute_force/used_SC5_MHBD/results/sweep_103.csv
670119228,0303330330030300030303030,53647,99946355,25806,143,27697,99946354,100000000,pymatching,SurfaceCode,25,1,5,MHBD_noise,0.001,500.0,results/brute_force/used_SC5_MHBD/results/sweep_103.csv
653779079,0303330300030330030033330,52642,99947360,27217,140,25284,99947359,100000000,pymatching,SurfaceCode,25,1,5,MHBD_noise,0.001,500.0,results/brute_force/used_SC5_MHBD/results/sweep_103.csv
1520914814,0303030303030300030303300,54241,99945761,24061,156,30023,99945760,100000000,pymatching,SurfaceCode,25,1,5,MHBD_noise,0.001,500.0,results/brute_force/used_SC5_MHBD/results/sweep_103.csv
505518970,0333330303000303030333030,53994,99946008,28656,149,25188,99946007,100000000,pymatching,SurfaceCode,25,1,5,MHBD_noise,0.001,500.0,results/brute_force/used_SC5_MHBD/results/sweep_103.csv
1660706426,0303030303030303030003033,54406,99945596,25923,158,28324,99945595,100000000,pymatching,SurfaceCode,25,1,5,MHBD_noise,0.001,500.0,results/brute_force/used_SC5_MHBD/results/sweep_103.csv
205350401,0303030330030303030333300,54369,99945633,27866,136,26366,99945632,100000000,pymatching,SurfaceCode,25,1,5,MHBD_noise,0.001,500.0,results/brute_force/used_SC5_MHBD/results/sweep_103.csv
341911836,3030302033330303323003020,65970,99934032,34629,195,31145,99934031,100000000,pymatching,SurfaceCode,25,1,5,MHBD_noise,0.001,500.0,results/brute_force/used_SC5_MHBD/results/sweep_103.csv
1883085111,0320300202033030330330320,64447,99935555,30380,192,33874,99935554,100000000,pymatching,SurfaceCode,25,1,5,MHBD_noise,0.001,500.0,results/brute_force/used_SC5_MHBD/results/sweep_103.csv
910839491,3200220300033033300220333,64768,99935234,32360,192,32215,99935233,100000000,pymatching,SurfaceCode,25,1,5,MHBD_noise,0.001,500.0,results/brute_force/used_SC5_MHBD/results/sweep_214.csv
1123682485,3000333203033303000303330,61136,99938866,32994,174,27967,99938865,100000000,pymatching,SurfaceCode,25,1,5,MHBD_noise,0.001,500.0,results/brute_force/used_SC5_MHBD/results/sweep_214.csv
2043878547,0303003333300303030020323,59825,99940177,29770,187,29867,99940176,100000000,pymatching,SurfaceCode,25,1,5,MHBD_noise,0.001,500.0,results/brute_force/used_SC5_MHBD/results/sweep_214.csv
2010012096,0033000303303003000330300,59747,99940255,23573,161,36012,99940254,100000000,pymatching,SurfaceCode,25,1,5,MHBD_noise,0.001,500.0,results/brute_force/used_SC5_MHBD/results/sweep_214.csv
1333375603,0300200330330003033303002,59488,99940514,28399,156,30932,99940513,100000000,pymatching,SurfaceCode,25,1,5,MHBD_noise,0.001,500.0,results/brute_force/used_SC5_MHBD/results/sweep_214.csv
1367130814,0303000300033303030003230,55282,99944720,25224,135,29922,99944719,100000000,pymatching,SurfaceCode,25,1,5,MHBD_noise,0.001,500.0,results/brute_force/used_SC5_MHBD/results/sweep_214.csv
562075139,0223233022000302300300003,70504,99929498,30210,221,40072,99929497,100000000,pymatching,SurfaceCode,25,1,5,MHBD_noise,0.001,500.0,results/brute_force/used_SC5_MHBD/results/sweep_214.csv
394516039,0232033020032032330330000,70551,99929451,33593,219,36738,99929450,100000000,pymatching,SurfaceCode,25,1,5,MHBD_noise,0.001,500.0,results/brute_force/used_SC5_MHBD/results/sweep_214.csv
1968185163,2303230230003332303303030,65787,99934215,35074,218,30494,99934214,100000000,pymatching,SurfaceCode,25,1,5,MHBD_noise,0.001,500.0,results/brute_force/used_SC5_MHBD/results/sweep_214.csv
142562694,3303033332302303300303003,65311,99934691,36297,180,28833,99934690,100000000,pymatching,SurfaceCode,25,1,5,MHBD_noise,0.001,500.0,results/brute_force/used_SC5_MHBD/results/sweep_214.csv
547386693,0030030330030300033303220,56816,99943186,26953,145,29717,99943185,100000000,pymatching,SurfaceCode,25,1,5,MHBD_noise,0.001,500.0,results/brute_force/used_SC5_MHBD/results/sweep_19.csv
753760260,0333030330030300033303000,53797,99946205,26718,133,26945,99946204,100000000,pymatching,SurfaceCode,25,1,5,MHBD_noise,0.001,500.0,results/brute_force/used_SC5_MHBD/results/sweep_19.csv
504951407,0333030330030300033003300,53440,99946562,25962,143,27334,99946561,100000000,pymatching,SurfaceCode,25,1,5,MHBD_noise,0.001,500.0,results/brute_force/used_SC5_MHBD/results/sweep_19.csv
1432267431,0333330330030300033003300,53642,99946360,27776,142,25723,99946359,100000000,pymatching,SurfaceCode,25,1,5,MHBD_noise,0.001,500.0,results/brute_force/used_SC5_MHBD/results/sweep_19.csv
1359708609,0333030330030300033303330,53315,99946687,28546,125,24643,99946686,100000000,pymatching,SurfaceCode,25,1,5,MHBD_noise,0.001,500.0,results/brute_force/used_SC5_MHBD/results/sweep_19.csv
660911796,0333030300030300033003330,52641,99947361,24395,135,28110,99947360,100000000,pymatching,SurfaceCode,25,1,5,MHBD_noise,0.001,500.0,results/brute_force/used_SC5_MHBD/results/sweep_19.csv
528359867,3033030200030202022200030,71541,99928461,27311,219,44010,99928460,100000000,pymatching,SurfaceCode,25,1,5,MHBD_noise,0.001,500.0,results/brute_force/used_SC5_MHBD/results/sweep_19.csv
1051280200,3033030200030202022300030,68230,99931772,27088,233,40908,99931771,100000000,pymatching,SurfaceCode,25,1,5,MHBD_noise,0.001,500.0,results/brute_force/used_SC5_MHBD/results/sweep_19.csv
729916988,3033030200030203022200030,68850,99931152,26833,221,41795,99931151,100000000,pymatching,SurfaceCode,25,1,5,MHBD_noise,0.001,500.0,results/brute_force/used_SC5_MHBD/results/sweep_19.csv
1286401082,3333030200030202022200030,69140,99930862,28365,207,40567,99930861,100000000,pymatching,SurfaceCode,25,1,5,MHBD_noise,0.001,500.0,results/brute_force/used_SC5_MHBD/results/sweep_19.csv
2135080751,2033233222230332222323302,85884,99914118,50572,297,35014,99914117,100000000,pymatching,SurfaceCode,25,1,5,MHBD_noise,0.001,500.0,results/brute_force/used_SC5_MHBD/results/sweep_178.csv
1298397141,3003232203033330322232200,78166,99921836,42958,287,34920,99921835,100000000,pymatching,SurfaceCode,25,1,5,MHBD_noise,0.001,500.0,results/brute_force/used_SC5_MHBD/results/sweep_178.csv
1418768435,3030222323030300220022322,75415,99924587,37070,237,38107,99924586,100000000,pymatching,SurfaceCode,25,1,5,MHBD_noise,0.001,500.0,results/brute_force/used_SC5_MHBD/results/sweep_178.csv
1852100797,0302302320023322330233033,71473,99928529,40558,213,30701,99928528,100000000,pymatching,SurfaceCode,25,1,5,MHBD_noise,0.001,500.0,results/brute_force/used_SC5_MHBD/results/sweep_178.csv
978877053,0202033202333033203033303,71536,99928466,39112,244,32179,99928465,100000000,pymatching,SurfaceCode,25,1,5,MHBD_noise,0.001,500.0,results/brute_force/used_SC5_MHBD/results/sweep_178.csv
2026644155,3032200303032330033030200,64467,99935535,31884,165,32417,99935534,100000000,pymatching,SurfaceCode,25,1,5,MHBD_noise,0.001,500.0,results/brute_force/used_SC5_MHBD/results/sweep_178.csv
460262330,0033030302000303020003032,62050,99937952,24513,166,37370,99937951,100000000,pymatching,SurfaceCode,25,1,5,MHBD_noise,0.001,500.0,results/brute_force/used_SC5_MHBD/results/sweep_178.csv
315705747,3030020330000203033303323,61395,99938607,30252,179,30963,99938606,100000000,pymatching,SurfaceCode,25,1,5,MHBD_noise,0.001,500.0,results/brute_force/used_SC5_MHBD/results/sweep_178.csv
538645774,3033000030030033033303330,57303,99942699,28561,148,28593,99942698,100000000,pymatching,SurfaceCode,25,1,5,MHBD_noise,0.001,500.0,results/brute_force/used_SC5_MHBD/results/sweep_178.csv
1721670939,2030023023032233300032203,78635,99921367,38388,282,39964,99921366,100000000,pymatching,SurfaceCode,25,1,5,MHBD_noise,0.001,500.0,results/brute_force/used_SC5_MHBD/results/sweep_178.csv
1124393835,3333300330030200033203203,59434,99940568,31398,167,27868,99940567,100000000,pymatching,SurfaceCode,25,1,5,MHBD_noise,0.001,500.0,results/brute_force/used_SC5_MHBD/results/sweep_62.csv
2023392196,3333300330030200030203203,58937,99941065,28596,158,30182,99941064,100000000,pymatching,SurfaceCode,25,1,5,MHBD_noise,0.001,500.0,results/brute_force/used_SC5_MHBD/results/sweep_62.csv
1294139801,3333300330030200030233203,59248,99940754,30756,158,28333,99940753,100000000,pymatching,SurfaceCode,25,1,5,MHBD_noise,0.001,500.0,results/brute_force/used_SC5_MHBD/results/sweep_62.csv
439114952,3333300330030200030333203,57943,99942059,30523,184,27235,99942058,100000000,pymatching,SurfaceCode,25,1,5,MHBD_noise,0.001,500.0,results/brute_force/used_SC5_MHBD/results/sweep_62.csv
2074349943,3333300330030000030203203,57162,99942840,27209,156,29796,99942839,100000000,pymatching,SurfaceCode,25,1,5,MHBD_noise,0.001,500.0,results/brute_force/used_SC5_MHBD/results/sweep_62.csv
1187508594,3333300330030000030300303,55720,99944282,26692,141,28886,99944281,100000000,pymatching,SurfaceCode,25,1,5,MHBD_noise,0.001,500.0,results/brute_force/used_SC5_MHBD/results/sweep_62.csv
379223933,3333330330030000030300303,56179,99943823,28195,151,27832,99943822,100000000,pymatching,SurfaceCode,25,1,5,MHBD_noise,0.001,500.0,results/brute_force/used_SC5_MHBD/results/sweep_62.csv
352681948,3333300330030200030303333,55179,99944823,29881,125,25172,99944822,100000000,pymatching,SurfaceCode,25,1,5,MHBD_noise,0.001,500.0,results/brute_force/used_SC5_MHBD/results/sweep_62.csv
1609182848,0333300300030303030303033,53847,99946155,26634,135,27077,99946154,100000000,pymatching,SurfaceCode,25,1,5,MHBD_noise,0.001,500.0,results/brute_force/used_SC5_MHBD/results/sweep_62.csv
1935274967,0333330000030300030033330,52164,99947838,25263,124,26776,99947837,100000000,pymatching,SurfaceCode,25,1,5,MHBD_noise,0.001,500.0,results/brute_force/used_SC5_MHBD/results/sweep_62.csv
1616197604,0320300202033030330030320,64842,99935160,28651,174,36016,99935159,100000000,pymatching,SurfaceCode,25,1,5,MHBD_noise,0.001,500.0,results/brute_force/used_SC5_MHBD/results/sweep_104.csv
1350522156,0320300202033330333030320,63928,99936074,33393,182,30352,99936073,100000000,pymatching,SurfaceCode,25,1,5,MHBD_noise,0.001,500.0,results/brute_force/used_SC5_MHBD/results/sweep_104.csv
1642007564,0320000303033330333030020,60511,99939491,30917,172,29421,99939490,100000000,pymatching,SurfaceCode,25,1,5,MHBD_noise,0.001,500.0,results/brute_force/used_SC5_MHBD/results/sweep_104.csv
778382671,0320300303033330333030330,59364,99940638,33333,175,25855,99940637,100000000,pymatching,SurfaceCode,25,1,5,MHBD_noise,0.001,500.0,results/brute_force/used_SC5_MHBD/results/sweep_104.csv
466456178,0300030303033330333030020,58835,99941167,31182,138,27514,99941166,100000000,pymatching,SurfaceCode,25,1,5,MHBD_noise,0.001,500.0,results/brute_force/used_SC5_MHBD/results/sweep_104.csv
1115525348,0300030303033300333030020,58239,99941763,29541,150,28547,99941762,100000000,pymatching,SurfaceCode,25,1,5,MHBD_noise,0.001,500.0,results/brute_force/used_SC5_MHBD/results/sweep_104.csv
862003257,0300000303030330333030020,58506,99941496,26797,153,31555,99941495,100000000,pymatching,SurfaceCode,25,1,5,MHBD_noise,0.001,500.0,results/brute_force/used_SC5_MHBD/results/sweep_104.csv
152630704,0300030333030300330030020,56625,99943377,26390,145,30089,99943376,100000000,pymatching,SurfaceCode,25,1,5,MHBD_noise,0.001,500.0,results/brute_force/used_SC5_MHBD/results/sweep_104.csv
1367370548,0300000330030300330030030,55062,99944940,23113,136,31812,99944939,100000000,pymatching,SurfaceCode,25,1,5,MHBD_noise,0.001,500.0,results/brute_force/used_SC5_MHBD/results/sweep_104.csv
597461252,0300300333030300330030030,55130,99944872,25993,158,28978,99944871,100000000,pymatching,SurfaceCode,25,1,5,MHBD_noise,0.001,500.0,results/brute_force/used_SC5_MHBD/results/sweep_104.csv
632822020,3302030030202333300300030,65129,99934873,29867,183,35078,99934872,100000000,pymatching,SurfaceCode,25,1,5,MHBD_noise,0.001,500.0,results/brute_force/used_SC5_MHBD/results/sweep_213.csv
844710029,3333303003300233030300032,63735,99936267,31439,178,32117,99936266,100000000,pymatching,SurfaceCode,25,1,5,MHBD_noise,0.001,500.0,results/brute_force/used_SC5_MHBD/results/sweep_213.csv
1850431578,3003333333000320033330002,62218,99937784,34580,161,27476,99937783,100000000,pymatching,SurfaceCode,25,1,5,MHBD_noise,0.001,500.0,results/brute_force/used_SC5_MHBD/results/sweep_213.csv
640350491,0303033330000303303302330,57494,99942508,30994,148,26351,99942507,100000000,pymatching,SurfaceCode,25,1,5,MHBD_noise,0.001,500.0,results/brute_force/used_SC5_MHBD/results/sweep_213.csv
106989412,0300330330230303333000000,58540,99941462,30113,181,28245,99941461,100000000,pymatching,SurfaceCode,25,1,5,MHBD_noise,0.001,500.0,results/brute_force/used_SC5_MHBD/results/sweep_213.csv
1728788988,0333023333203330030203323,65957,99934045,39250,185,26521,99934044,100000000,pymatching,SurfaceCode,25,1,5,MHBD_noise,0.001,500.0,results/brute_force/used_SC5_MHBD/results/sweep_213.csv
994003659,0323330332030323033020032,64229,99935773,36341,214,27673,99935772,100000000,pymatching,SurfaceCode,25,1,5,MHBD_noise,0.001,500.0,results/brute_force/used_SC5_MHBD/results/sweep_213.csv
1169777570,0203203000030330333300330,59323,99940679,29332,153,29837,99940678,100000000,pymatching,SurfaceCode,25,1,5,MHBD_noise,0.001,500.0,results/brute_force/used_SC5_MHBD/results/sweep_213.csv
1257051942,3302033033000333330000033,60708,99939294,32562,155,27990,99939293,100000000,pymatching,SurfaceCode,25,1,5,MHBD_noise,0.001,500.0,results/brute_force/used_SC5_MHBD/results/sweep_213.csv
1930111568,0300233033220033023232033,70885,99929117,36113,230,34541,99929116,100000000,pymatching,SurfaceCode,25,1,5,MHBD_noise,0.001,500.0,results/brute_force/used_SC5_MHBD/results/sweep_213.csv
1926482168,0303300323032333330000200,63807,99936195,34373,202,29231,99936194,100000000,pymatching,SurfaceCode,25,1,5,MHBD_noise,0.001,500.0,results/brute_force/used_SC5_MHBD/results/sweep_10.csv
1843660615,0203300323032033330003200,64321,99935681,31498,181,32641,99935680,100000000,pymatching,SurfaceCode,25,1,5,MHBD_noise,0.001,500.0,results/brute_force/used_SC5_MHBD/results/sweep_10.csv
820519995,0300300323032333330000200,63724,99936278,32679,205,30839,99936277,100000000,pymatching,SurfaceCode,25,1,5,MHBD_noise,0.001,500.0,results/brute_force/used_SC5_MHBD/results/sweep_10.csv
344686297,0303000323032333330000200,62792,99937210,32180,191,30420,99937209,100000000,pymatching,SurfaceCode,25,1,5,MHBD_noise,0.001,500.0,results/brute_force/used_SC5_MHBD/results/sweep_10.csv
54371414,0303000300032330330000200,59773,99940229,25547,168,34057,99940228,100000000,pymatching,SurfaceCode,25,1,5,MHBD_noise,0.001,500.0,results/brute_force/used_SC5_MHBD/results/sweep_10.csv
503953108,0300030300030330330000200,58005,99941997,23902,156,33946,99941996,100000000,pymatching,SurfaceCode,25,1,5,MHBD_noise,0.001,500.0,results/brute_force/used_SC5_MHBD/results/sweep_10.csv
1011155152,0330030303030300330000230,56279,99943723,25954,162,30162,99943722,100000000,pymatching,SurfaceCode,25,1,5,MHBD_noise,0.001,500.0,results/brute_force/used_SC5_MHBD/results/sweep_10.csv
1721518982,0330030303030300330000030,54593,99945409,24334,137,30121,99945408,100000000,pymatching,SurfaceCode,25,1,5,MHBD_noise,0.001,500.0,results/brute_force/used_SC5_MHBD/results/sweep_10.csv
1427427092,2333030303030300330030030,54784,99945218,26965,145,27673,99945217,100000000,pymatching,SurfaceCode,25,1,5,MHBD_noise,0.001,500.0,results/brute_force/used_SC5_MHBD/results/sweep_10.csv
237542028,0333030330030300330330030,53832,99946170,27541,126,26164,99946169,100000000,pymatching,SurfaceCode,25,1,5,MHBD_noise,0.001,500.0,results/brute_force/used_SC5_MHBD/results/sweep_10.csv
2045239561,0203020333330033030333033,60347,99939655,32581,152,27613,99939654,100000000,pymatching,SurfaceCode,25,1,5,MHBD_noise,0.001,500.0,results/brute_force/used_SC5_MHBD/results/sweep_176.csv
792277205,3003300333330330200033033,60729,99939273,33280,164,27284,99939272,100000000,pymatching,SurfaceCode,25,1,5,MHBD_noise,0.001,500.0,results/brute_force/used_SC5_MHBD/results/sweep_176.csv
836883929,0303020300330300030032020,59482,99940520,24705,170,34606,99940519,100000000,pymatching,SurfaceCode,25,1,5,MHBD_noise,0.001,500.0,results/brute_force/used_SC5_MHBD/results/sweep_176.csv
977486250,2322023003032300022222200,80380,99919622,36996,292,43091,99919621,100000000,pymatching,SurfaceCode,25,1,5,MHBD_noise,0.001,500.0,results/brute_force/used_SC5_MHBD/results/sweep_176.csv
676349501,0033030033230303322230003,67706,99932296,35289,186,32230,99932295,100000000,pymatching,SurfaceCode,25,1,5,MHBD_noise,0.001,500.0,results/brute_force/used_SC5_MHBD/results/sweep_176.csv
1265240662,2003330303032300303023332,64060,99935942,35091,171,28797,99935941,100000000,pymatching,SurfaceCode,25,1,5,MHBD_noise,0.001,500.0,results/brute_force/used_SC5_MHBD/results/sweep_176.csv
303771122,2323033300330333030033030,60074,99939928,33105,166,26802,99939927,100000000,pymatching,SurfaceCode,25,1,5,MHBD_noise,0.001,500.0,results/brute_force/used_SC5_MHBD/results/sweep_176.csv
2114300496,3003000300030233003330030,60525,99939477,26272,179,34073,99939476,100000000,pymatching,SurfaceCode,25,1,5,MHBD_noise,0.001,500.0,results/brute_force/used_SC5_MHBD/results/sweep_176.csv
1079000626,0233300030333330000003300,60260,99939742,28705,171,31383,99939741,100000000,pymatching,SurfaceCode,25,1,5,MHBD_noise,0.001,500.0,results/brute_force/used_SC5_MHBD/results/sweep_176.csv
647803908,3033330300030030303003000,58543,99941459,25819,137,32586,99941458,100000000,pymatching,SurfaceCode,25,1,5,MHBD_noise,0.001,500.0,results/brute_force/used_SC5_MHBD/results/sweep_176.csv
1874158561,3330330330030020333003030,57953,99942049,30578,153,27221,99942048,100000000,pymatching,SurfaceCode,25,1,5,MHBD_noise,0.001,500.0,results/brute_force/used_SC5_MHBD/results/sweep_17.csv
93903175,3300330330030020333003030,57608,99942394,28313,158,29136,99942393,100000000,pymatching,SurfaceCode,25,1,5,MHBD_noise,0.001,500.0,results/brute_force/used_SC5_MHBD/results/sweep_17.csv
1419263101,3330330300030020333003030,57178,99942824,27417,157,29603,99942823,100000000,pymatching,SurfaceCode,25,1,5,MHBD_noise,0.001,500.0,results/brute_force/used_SC5_MHBD/results/sweep_17.csv
306151549,3330330330030030333003030,56186,99943816,30175,134,25876,99943815,100000000,pymatching,SurfaceCode,25,1,5,MHBD_noise,0.001,500.0,results/brute_force/used_SC5_MHBD/results/sweep_17.csv
28989929,3330330330030030333303030,56628,99943374,32192,140,24295,99943373,100000000,pymatching,SurfaceCode,25,1,5,MHBD_noise,0.001,500.0,results/brute_force/used_SC5_MHBD/results/sweep_17.csv
1799653679,0330330330030000033033030,55087,99944915,26984,145,27957,99944914,100000000,pymatching,SurfaceCode,25,1,5,MHBD_noise,0.001,500.0,results/brute_force/used_SC5_MHBD/results/sweep_17.csv
963504749,0330330330030000330303030,54199,99945803,26077,127,27994,99945802,100000000,pymatching,SurfaceCode,25,1,5,MHBD_noise,0.001,500.0,results/brute_force/used_SC5_MHBD/results/sweep_17.csv
1647561443,0330303300030000330303030,54571,99945431,24108,127,30335,99945430,100000000,pymatching,SurfaceCode,25,1,5,MHBD_noise,0.001,500.0,results/brute_force/used_SC5_MHBD/results/sweep_17.csv
1248482134,0330330300030000330333330,53914,99946088,27360,123,26430,99946087,100000000,pymatching,SurfaceCode,25,1,5,MHBD_noise,0.001,500.0,results/brute_force/used_SC5_MHBD/results/sweep_17.csv
710571361,0333330300030300330033330,52378,99947624,28502,136,23739,99947623,100000000,pymatching,SurfaceCode,25,1,5,MHBD_noise,0.001,500.0,results/brute_force/used_SC5_MHBD/results/sweep_17.csv
714249505,0333023033033300200000000,63372,99936630,30053,172,33146,99936629,100000000,pymatching,SurfaceCode,25,1,5,MHBD_noise,0.001,500.0,results/brute_force/used_SC5_MHBD/results/sweep_171.csv
1902830046,0333232003333300030300323,63317,99936685,35555,206,27555,99936684,100000000,pymatching,SurfaceCode,25,1,5,MHBD_noise,0.001,500.0,results/brute_force/used_SC5_MHBD/results/sweep_171.csv
1993554483,3333000302030300230033000,58673,99941329,27384,151,31137,99941328,100000000,pymatching,SurfaceCode,25,1,5,MHBD_noise,0.001,500.0,results/brute_force/used_SC5_MHBD/results/sweep_171.csv
1624039441,3303000300000003303303030,57665,99942337,23829,150,33685,99942336,100000000,pymatching,SurfaceCode,25,1,5,MHBD_noise,0.001,500.0,results/brute_force/used_SC5_MHBD/results/sweep_171.csv
1713748851,0003322030202322302032223,82940,99917062,39811,320,42808,99917061,100000000,pymatching,SurfaceCode,25,1,5,MHBD_noise,0.001,500.0,results/brute_force/used_SC5_MHBD/results/sweep_171.csv
2087248352,3303022320020232232323002,80118,99919884,41524,314,38279,99919883,100000000,pymatching,SurfaceCode,25,1,5,MHBD_noise,0.001,500.0,results/brute_force/used_SC5_MHBD/results/sweep_171.csv
1835544136,3202020000023032032300220,76220,99923782,30667,234,45318,99923781,100000000,pymatching,SurfaceCode,25,1,5,MHBD_noise,0.001,500.0,results/brute_force/used_SC5_MHBD/results/sweep_171.csv
129079576,2003320202230020030333333,65596,99934406,32598,172,32825,99934405,100000000,pymatching,SurfaceCode,25,1,5,MHBD_noise,0.001,500.0,results/brute_force/used_SC5_MHBD/results/sweep_171.csv
1000457654,3302300000030230303000300,63483,99936519,24589,167,38726,99936518,100000000,pymatching,SurfaceCode,25,1,5,MHBD_noise,0.001,500.0,results/brute_force/used_SC5_MHBD/results/sweep_171.csv
1160208374,0302030330033302030022000,61724,99938278,28214,177,33332,99938277,100000000,pymatching,SurfaceCode,25,1,5,MHBD_noise,0.001,500.0,results/brute_force/used_SC5_MHBD/results/sweep_171.csv
1333657295,0300333000030330030300333,56508,99943494,26626,149,29732,99943493,100000000,pymatching,SurfaceCode,25,1,5,MHBD_noise,0.001,500.0,results/brute_force/used_SC5_MHBD/results/sweep_138.csv
858743920,0303333000030333030330333,56787,99943215,30709,152,25925,99943214,100000000,pymatching,SurfaceCode,25,1,5,MHBD_noise,0.001,500.0,results/brute_force/used_SC5_MHBD/results/sweep_138.csv
824512065,0303333000030330030300333,56182,99943820,27946,133,28102,99943819,100000000,pymatching,SurfaceCode,25,1,5,MHBD_noise,0.001,500.0,results/brute_force/used_SC5_MHBD/results/sweep_138.csv
1911501648,0303333000330300030303333,55414,99944588,28334,125,26954,99944587,100000000,pymatching,SurfaceCode,25,1,5,MHBD_noise,0.001,500.0,results/brute_force/used_SC5_MHBD/results/sweep_138.csv
1230396441,0300333303330300030303333,56239,99943763,31089,155,24994,99943762,100000000,pymatching,SurfaceCode,25,1,5,MHBD_noise,0.001,500.0,results/brute_force/used_SC5_MHBD/results/sweep_138.csv
1272720861,0300330303330300030303330,54580,99945422,27210,161,27208,99945421,100000000,pymatching,SurfaceCode,25,1,5,MHBD_noise,0.001,500.0,results/brute_force/used_SC5_MHBD/results/sweep_138.csv
2085465200,0333030303030303030003030,54319,99945683,26046,136,28136,99945682,100000000,pymatching,SurfaceCode,25,1,5,MHBD_noise,0.001,500.0,results/brute_force/used_SC5_MHBD/results/sweep_138.csv
1515263633,2223300303333020230333020,65858,99934144,35779,207,29871,99934143,100000000,pymatching,SurfaceCode,25,1,5,MHBD_noise,0.001,500.0,results/brute_force/used_SC5_MHBD/results/sweep_138.csv
484031259,3223300303333020230333020,64489,99935513,35640,159,28689,99935512,100000000,pymatching,SurfaceCode,25,1,5,MHBD_noise,0.001,500.0,results/brute_force/used_SC5_MHBD/results/sweep_138.csv
64167125,3323300303333020230333020,63202,99936800,35821,158,27222,99936799,100000000,pymatching,SurfaceCode,25,1,5,MHBD_noise,0.001,500.0,results/brute_force/used_SC5_MHBD/results/sweep_138.csv
1605354883,0003003303030330030302030,57730,99942272,25662,147,31920,99942271,100000000,pymatching,SurfaceCode,25,1,5,MHBD_noise,0.001,500.0,results/brute_force/used_SC5_MHBD/results/sweep_22.csv
494955588,0003000303030330030302330,57876,99942126,24784,183,32908,99942125,100000000,pymatching,SurfaceCode,25,1,5,MHBD_noise,0.001,500.0,results/brute_force/used_SC5_MHBD/results/sweep_22.csv
1806592738,0003003300030330030302030,56499,99943503,23997,149,32352,99943502,100000000,pymatching,SurfaceCode,25,1,5,MHBD_noise,0.001,500.0,results/brute_force/used_SC5_MHBD/results/sweep_22.csv
478188270,0303003300030330033302030,56652,99943350,26707,133,29811,99943349,100000000,pymatching,SurfaceCode,25,1,5,MHBD_noise,0.001,500.0,results/brute_force/used_SC5_MHBD/results/sweep_22.csv
1561451067,0303003300030330033303030,54973,99945029,26518,139,28315,99945028,100000000,pymatching,SurfaceCode,25,1,5,MHBD_noise,0.001,500.0,results/brute_force/used_SC5_MHBD/results/sweep_22.csv
1412262073,0333303300030330033303030,54984,99945018,29295,158,25530,99945017,100000000,pymatching,SurfaceCode,25,1,5,MHBD_noise,0.001,500.0,results/brute_force/used_SC5_MHBD/results/sweep_22.csv
545329324,0303000330030300033303030,53486,99946516,24442,136,28907,99946515,100000000,pymatching,SurfaceCode,25,1,5,MHBD_noise,0.001,500.0,results/brute_force/used_SC5_MHBD/results/sweep_22.csv
2128429153,0303000330030300033003330,53389,99946613,23882,138,29368,99946612,100000000,pymatching,SurfaceCode,25,1,5,MHBD_noise,0.001,500.0,results/brute_force/used_SC5_MHBD/results/sweep_22.csv
597923824,0333000330030303033003330,53117,99946885,27250,128,25738,99946884,100000000,pymatching,SurfaceCode,25,1,5,MHBD_noise,0.001,500.0,results/brute_force/used_SC5_MHBD/results/sweep_22.csv
945800993,0333030330030300030003330,52696,99947306,25380,139,27176,99947305,100000000,pymatching,SurfaceCode,25,1,5,MHBD_noise,0.001,500.0,results/brute_force/used_SC5_MHBD/results/sweep_22.csv
1867786367,0002002320200330330233033,66038,99933964,32007,200,33830,99933963,100000000,pymatching,SurfaceCode,25,1,5,MHBD_noise,0.001,500.0,results/brute_force/used_SC5_MHBD/results/sweep_195.csv
1239118249,2332003300230323200330330,65159,99934843,34033,196,30929,99934842,100000000,pymatching,SurfaceCode,25,1,5,MHBD_noise,0.001,500.0,results/brute_force/used_SC5_MHBD/results/sweep_195.csv
283031291,0300330303020302000202030,63833,99936169,24949,188,38695,99936168,100000000,pymatching,SurfaceCode,25,1,5,MHBD_noise,0.001,500.0,results/brute_force/used_SC5_MHBD/results/sweep_195.csv
238743556,0003300322033200000030333,62625,99937377,28942,189,33493,99937376,100000000,pymatching,SurfaceCode,25,1,5,MHBD_noise,0.001,500.0,results/brute_force/used_SC5_MHBD/results/sweep_195.csv
906406399,3030230000030330033303303,59380,99940622,27870,170,31339,99940621,100000000,pymatching,SurfaceCode,25,1,5,MHBD_noise,0.001,500.0,results/brute_force/used_SC5_MHBD/results/sweep_195.csv
843248539,0323030300033030033003000,58124,99941878,26467,144,31512,99941877,100000000,pymatching,SurfaceCode,25,1,5,MHBD_noise,0.001,500.0,results/brute_force/used_SC5_MHBD/results/sweep_195.csv
1112135462,0033030300033300330330332,56921,99943081,30398,146,26376,99943080,100000000,pymatching,SurfaceCode,25,1,5,MHBD_noise,0.001,500.0,results/brute_force/used_SC5_MHBD/results/sweep_195.csv
1641600407,0332303002203300002203300,67819,99932183,30396,185,37237,99932182,100000000,pymatching,SurfaceCode,25,1,5,MHBD_noise,0.001,500.0,results/brute_force/used_SC5_MHBD/results/sweep_195.csv
1670657528,3333203200232303030303000,66387,99933615,34680,216,31490,99933614,100000000,pymatching,SurfaceCode,25,1,5,MHBD_noise,0.001,500.0,results/brute_force/used_SC5_MHBD/results/sweep_195.csv
1137565756,0320333303232300020330333,65053,99934949,36538,212,28302,99934948,100000000,pymatching,SurfaceCode,25,1,5,MHBD_noise,0.001,500.0,results/brute_force/used_SC5_MHBD/results/sweep_195.csv
430441156,2020330033033300330030030,59456,99940546,29586,149,29720,99940545,100000000,pymatching,SurfaceCode,25,1,5,MHBD_noise,0.001,500.0,results/brute_force/used_SC5_MHBD/results/sweep_144.csv
1782928623,0020330033030300333330030,58109,99941893,28928,149,29031,99941892,100000000,pymatching,SurfaceCode,25,1,5,MHBD_noise,0.001,500.0,results/brute_force/used_SC5_MHBD/results/sweep_144.csv
1112373459,0020330000030300333330030,57799,99942203,26163,148,31487,99942202,100000000,pymatching,SurfaceCode,25,1,5,MHBD_noise,0.001,500.0,results/brute_force/used_SC5_MHBD/results/sweep_144.csv
2145378582,0300330000030300333330030,56089,99943913,26011,158,29919,99943912,100000000,pymatching,SurfaceCode,25,1,5,MHBD_noise,0.001,500.0,results/brute_force/used_SC5_MHBD/results/sweep_144.csv
348981313,0300330030030300333333030,55571,99944431,28962,147,26461,99944430,100000000,pymatching,SurfaceCode,25,1,5,MHBD_noise,0.001,500.0,results/brute_force/used_SC5_MHBD/results/sweep_144.csv
65591482,0300330030030300030333030,54308,99945694,24290,130,29887,99945693,100000000,pymatching,SurfaceCode,25,1,5,MHBD_noise,0.001,500.0,results/brute_force/used_SC5_MHBD/results/sweep_144.csv
377717385,0300330030030300033333030,54205,99945797,26080,138,27986,99945796,100000000,pymatching,SurfaceCode,25,1,5,MHBD_noise,0.001,500.0,results/brute_force/used_SC5_MHBD/results/sweep_144.csv
1169984478,0303330330030300033333030,53805,99946197,29170,142,24492,99946196,100000000,pymatching,SurfaceCode,25,1,5,MHBD_noise,0.001,500.0,results/brute_force/used_SC5_MHBD/results/sweep_144.csv
870874890,0300030330030300030303030,53588,99946414,23225,139,30223,99946413,100000000,pymatching,SurfaceCode,25,1,5,MHBD_noise,0.001,500.0,results/brute_force/used_SC5_MHBD/results/sweep_144.csv
1779569012,0303030330030300030303030,53705,99946297,24333,133,29238,99946296,100000000,pymatching,SurfaceCode,25,1,5,MHBD_noise,0.001,500.0,results/brute_force/used_SC5_MHBD/results/sweep_144.csv
650165809,0333330300030300030303330,52144,99947858,25880,131,26132,99947857,100000000,pymatching,SurfaceCode,25,1,5,MHBD_noise,0.001,500.0,results/brute_force/used_SC5_MHBD/results/sweep_25.csv
181869442,3233303003003333322320332,70285,99929717,42624,219,27441,99929716,100000000,pymatching,SurfaceCode,25,1,5,MHBD_noise,0.001,500.0,results/brute_force/used_SC5_MHBD/results/sweep_25.csv
1005890649,3233303033003333300320332,65737,99934265,39546,174,26016,99934264,100000000,pymatching,SurfaceCode,25,1,5,MHBD_noise,0.001,500.0,results/brute_force/used_SC5_MHBD/results/sweep_25.csv
1113034117,3233303033003333300320330,64022,99935980,37736,185,26100,99935979,100000000,pymatching,SurfaceCode,25,1,5,MHBD_noise,0.001,500.0,results/brute_force/used_SC5_MHBD/results/sweep_25.csv
1669504770,3230303003003333300320330,62879,99937123,33959,172,28747,99937122,100000000,pymatching,SurfaceCode,25,1,5,MHBD_noise,0.001,500.0,results/brute_force/used_SC5_MHBD/results/sweep_25.csv
2006481597,3230303003003323300320330,63139,99936863,33977,177,28984,99936862,100000000,pymatching,SurfaceCode,25,1,5,MHBD_noise,0.001,500.0,results/brute_force/used_SC5_MHBD/results/sweep_25.csv
756269348,3230303003003333300330330,62025,99937977,34234,137,27653,99937976,100000000,pymatching,SurfaceCode,25,1,5,MHBD_noise,0.001,500.0,results/brute_force/used_SC5_MHBD/results/sweep_25.csv
1582665104,3230323003000333300300330,62116,99937886,31051,182,30882,99937885,100000000,pymatching,SurfaceCode,25,1,5,MHBD_noise,0.001,500.0,results/brute_force/used_SC5_MHBD/results/sweep_25.csv
960898683,3230303003003333300300330,62127,99937875,33173,154,28799,99937874,100000000,pymatching,SurfaceCode,25,1,5,MHBD_noise,0.001,500.0,results/brute_force/used_SC5_MHBD/results/sweep_25.csv
636381716,0230303003000003330030330,59829,99940173,25478,134,34216,99940172,100000000,pymatching,SurfaceCode,25,1,5,MHBD_noise,0.001,500.0,results/brute_force/used_SC5_MHBD/results/sweep_25.csv
1808595865,0330302232002003030023203,70049,99929953,31179,219,38650,99929952,100000000,pymatching,SurfaceCode,25,1,5,MHBD_noise,0.001,500.0,results/brute_force/used_SC5_MHBD/results/sweep_192.csv
738318593,2233330203202030330000300,68600,99931402,31285,235,37079,99931401,100000000,pymatching,SurfaceCode,25,1,5,MHBD_noise,0.001,500.0,results/brute_force/used_SC5_MHBD/results/sweep_192.csv
1226068030,3230323032003000000302033,67420,99932582,30214,188,37017,99932581,100000000,pymatching,SurfaceCode,25,1,5,MHBD_noise,0.001,500.0,results/brute_force/used_SC5_MHBD/results/sweep_192.csv
564514999,3033300302233003233030002,66741,99933261,36361,182,30197,99933260,100000000,pymatching,SurfaceCode,25,1,5,MHBD_noise,0.001,500.0,results/brute_force/used_SC5_MHBD/results/sweep_192.csv
933145238,3003030322000030330030030,61486,99938516,25707,171,35607,99938515,100000000,pymatching,SurfaceCode,25,1,5,MHBD_noise,0.001,500.0,results/brute_force/used_SC5_MHBD/results/sweep_192.csv
14537069,0333033303000302030323032,59081,99940921,30368,168,28544,99940920,100000000,pymatching,SurfaceCode,25,1,5,MHBD_noise,0.001,500.0,results/brute_force/used_SC5_MHBD/results/sweep_192.csv
181197328,3303030203030302330003300,59235,99940767,28338,192,30704,99940766,100000000,pymatching,SurfaceCode,25,1,5,MHBD_noise,0.001,500.0,results/brute_force/used_SC5_MHBD/results/sweep_192.csv
1251031468,3330300333330020030002330,59115,99940887,30498,161,28455,99940886,100000000,pymatching,SurfaceCode,25,1,5,MHBD_noise,0.001,500.0,results/brute_force/used_SC5_MHBD/results/sweep_192.csv
1094189895,2330323030023233203023033,74005,99925997,41962,219,31823,99925996,100000000,pymatching,SurfaceCode,25,1,5,MHBD_noise,0.001,500.0,results/brute_force/used_SC5_MHBD/results/sweep_192.csv
1120245226,3233323020030000000300003,67398,99932604,27418,209,39770,99932603,100000000,pymatching,SurfaceCode,25,1,5,MHBD_noise,0.001,500.0,results/brute_force/used_SC5_MHBD/results/sweep_192.csv
1986667625,0303030030000330030033332,57104,99942898,26469,170,30464,99942897,100000000,pymatching,SurfaceCode,25,1,5,MHBD_noise,0.001,500.0,results/brute_force/used_SC5_MHBD/results/sweep_7.csv
454846051,0303330030000330030030332,57076,99942926,25626,144,31305,99942925,100000000,pymatching,SurfaceCode,25,1,5,MHBD_noise,0.001,500.0,results/brute_force/used_SC5_MHBD/results/sweep_7.csv
869337345,0303030030000330030033330,55597,99944405,24941,174,30481,99944404,100000000,pymatching,SurfaceCode,25,1,5,MHBD_noise,0.001,500.0,results/brute_force/used_SC5_MHBD/results/sweep_7.csv
1617275131,0333030030030330030033330,53912,99946090,27763,159,25989,99946089,100000000,pymatching,SurfaceCode,25,1,5,MHBD_noise,0.001,500.0,results/brute_force/used_SC5_MHBD/results/sweep_7.csv
1061366741,0333030030030330030003330,53757,99946245,25531,142,28083,99946244,100000000,pymatching,SurfaceCode,25,1,5,MHBD_noise,0.001,500.0,results/brute_force/used_SC5_MHBD/results/sweep_7.csv
2127622794,0333030330030330030003330,53104,99946898,27408,131,25564,99946897,100000000,pymatching,SurfaceCode,25,1,5,MHBD_noise,0.001,500.0,results/brute_force/used_SC5_MHBD/results/sweep_7.csv
746251154,0333000330030300030003330,52631,99947371,23695,130,28805,99947370,100000000,pymatching,SurfaceCode,25,1,5,MHBD_noise,0.001,500.0,results/brute_force/used_SC5_MHBD/results/sweep_7.csv
700218260,0333000330030300030033330,52287,99947715,25162,137,26987,99947714,100000000,pymatching,SurfaceCode,25,1,5,MHBD_noise,0.001,500.0,results/brute_force/used_SC5_MHBD/results/sweep_7.csv
1398774936,0333300330030300030033330,52066,99947936,26963,120,24982,99947935,100000000,pymatching,SurfaceCode,25,1,5,MHBD_noise,0.001,500.0,results/brute_force/used_SC5_MHBD/results/sweep_7.csv
1502322633,0333300300030300033033330,52057,99947945,26880,129,25047,99947944,100000000,pymatching,SurfaceCode,25,1,5,MHBD_noise,0.001,500.0,results/brute_force/used_SC5_MHBD/results/sweep_7.csv
1864569477,0303300303030303030033030,53550,99946452,26822,129,26598,99946451,100000000,pymatching,SurfaceCode,25,1,5,MHBD_noise,0.001,500.0,results/brute_force/used_SC5_MHBD/results/sweep_143.csv
1483622219,3303300303030303030333030,54243,99945759,29566,144,24532,99945758,100000000,pymatching,SurfaceCode,25,1,5,MHBD_noise,0.001,500.0,results/brute_force/used_SC5_MHBD/results/sweep_143.csv
1299944640,0303030330030303033003030,54141,99945861,26624,125,27391,99945860,100000000,pymatching,SurfaceCode,25,1,5,MHBD_noise,0.001,500.0,results/brute_force/used_SC5_MHBD/results/sweep_143.csv
2007897319,3303330300030300300303330,53906,99946096,26703,148,27054,99946095,100000000,pymatching,SurfaceCode,25,1,5,MHBD_noise,0.001,500.0,results/brute_force/used_SC5_MHBD/results/sweep_143.csv
1066190131,0333330000030300330333030,52975,99947027,26860,135,25979,99947026,100000000,pymatching,SurfaceCode,25,1,5,MHBD_noise,0.001,500.0,results/brute_force/used_SC5_MHBD/results/sweep_143.csv
92901239,0023330033023300203030030,65488,99934514,30405,198,34884,99934513,100000000,pymatching,SurfaceCode,25,1,5,MHBD_noise,0.001,500.0,results/brute_force/used_SC5_MHBD/results/sweep_143.csv
6570757,0023330033023000203030030,66336,99933666,27960,181,38194,99933665,100000000,pymatching,SurfaceCode,25,1,5,MHBD_noise,0.001,500.0,results/brute_force/used_SC5_MHBD/results/sweep_143.csv
1778395327,0020330033023300233030030,64463,99935539,30918,190,33354,99935538,100000000,pymatching,SurfaceCode,25,1,5,MHBD_noise,0.001,500.0,results/brute_force/used_SC5_MHBD/results/sweep_143.csv
1092355554,0000330033033300232030030,62154,99937848,29935,168,32050,99937847,100000000,pymatching,SurfaceCode,25,1,5,MHBD_noise,0.001,500.0,results/brute_force/used_SC5_MHBD/results/sweep_143.csv
353720615,0020330033033300333030030,59680,99940322,31101,146,28432,99940321,100000000,pymatching,SurfaceCode,25,1,5,MHBD_noise,0.001,500.0,results/brute_force/used_SC5_MHBD/results/sweep_143.csv
1256761208,0030333300030300300020033,57413,99942589,25480,158,31774,99942588,100000000,pymatching,SurfaceCode,25,1,5,MHBD_noise,0.001,500.0,results/brute_force/used_SC5_MHBD/results/sweep_59.csv
1857429841,0030333300030300300000033,56893,99943109,24819,144,31929,99943108,100000000,pymatching,SurfaceCode,25,1,5,MHBD_noise,0.001,500.0,results/brute_force/used_SC5_MHBD/results/sweep_59.csv
1665987468,0030333303030300330000033,55609,99944393,28140,167,27301,99944392,100000000,pymatching,SurfaceCode,25,1,5,MHBD_noise,0.001,500.0,results/brute_force/used_SC5_MHBD/results/sweep_59.csv
1138931848,0030333300030300330030033,55110,99944892,27102,129,27878,99944891,100000000,pymatching,SurfaceCode,25,1,5,MHBD_noise,0.001,500.0,results/brute_force/used_SC5_MHBD/results/sweep_59.csv
1530685653,0030333303030300330030033,55856,99944146,29337,141,26377,99944145,100000000,pymatching,SurfaceCode,25,1,5,MHBD_noise,0.001,500.0,results/brute_force/used_SC5_MHBD/results/sweep_59.csv
1615304958,0030333303030300330033030,55670,99944332,29285,128,26256,99944331,100000000,pymatching,SurfaceCode,25,1,5,MHBD_noise,0.001,500.0,results/brute_force/used_SC5_MHBD/results/sweep_59.csv
876133973,0030030303030300030003030,54957,99945045,22328,133,32495,99945044,100000000,pymatching,SurfaceCode,25,1,5,MHBD_noise,0.001,500.0,results/brute_force/used_SC5_MHBD/results/sweep_59.csv
3259007,0330030303030300030003330,52846,99947156,23858,137,28850,99947155,100000000,pymatching,SurfaceCode,25,1,5,MHBD_noise,0.001,500.0,results/brute_force/used_SC5_MHBD/results/sweep_59.csv
1510714919,0330320302000303200203020,66042,99933960,25993,192,39856,99933959,100000000,pymatching,SurfaceCode,25,1,5,MHBD_noise,0.001,500.0,results/brute_force/used_SC5_MHBD/results/sweep_59.csv
1275509803,0303302003030323302220000,66460,99933542,30142,206,36111,99933541,100000000,pymatching,SurfaceCode,25,1,5,MHBD_noise,0.001,500.0,results/brute_force/used_SC5_MHBD/results/sweep_59.csv
462448919,3003000333300300330030320,58823,99941179,28516,149,30157,99941178,100000000,pymatching,SurfaceCode,25,1,5,MHBD_noise,0.001,500.0,results/brute_force/used_SC5_MHBD/results/sweep_88.csv
869456548,3303000333000300333030323,58886,99941116,30980,142,27763,99941115,100000000,pymatching,SurfaceCode,25,1,5,MHBD_noise,0.001,500.0,results/brute_force/used_SC5_MHBD/results/sweep_88.csv
400454923,3303000333000300333030023,58426,99941576,29406,145,28874,99941575,100000000,pymatching,SurfaceCode,25,1,5,MHBD_noise,0.001,500.0,results/brute_force/used_SC5_MHBD/results/sweep_88.csv
330900826,3303030333000300333030023,58031,99941971,30275,168,27587,99941970,100000000,pymatching,SurfaceCode,25,1,5,MHBD_noise,0.001,500.0,results/brute_force/used_SC5_MHBD/results/sweep_88.csv
905561793,3303000333000300030030033,56121,99943881,25162,137,30821,99943880,100000000,pymatching,SurfaceCode,25,1,5,MHBD_noise,0.001,500.0,results/brute_force/used_SC5_MHBD/results/sweep_88.csv
557742544,3303000333030303030030033,55257,99944745,28774,142,26340,99944744,100000000,pymatching,SurfaceCode,25,1,5,MHBD_noise,0.001,500.0,results/brute_force/used_SC5_MHBD/results/sweep_88.csv
1243970814,3303300333030300030333033,54789,99945213,30533,139,24116,99945212,100000000,pymatching,SurfaceCode,25,1,5,MHBD_noise,0.001,500.0,results/brute_force/used_SC5_MHBD/results/sweep_88.csv
411795262,0303300333030300030330030,54180,99945822,26011,160,28008,99945821,100000000,pymatching,SurfaceCode,25,1,5,MHBD_noise,0.001,500.0,results/brute_force/used_SC5_MHBD/results/sweep_88.csv
8540803,0303300330030300030330030,53978,99946024,24522,137,29318,99946023,100000000,pymatching,SurfaceCode,25,1,5,MHBD_noise,0.001,500.0,results/brute_force/used_SC5_MHBD/results/sweep_88.csv
22915785,3300300300030300030333030,54386,99945616,24355,149,29881,99945615,100000000,pymatching,SurfaceCode,25,1,5,MHBD_noise,0.001,500.0,results/brute_force/used_SC5_MHBD/results/sweep_88.csv
659790697,0333330300030300000303330,53174,99946828,25016,141,28016,99946827,100000000,pymatching,SurfaceCode,25,1,5,MHBD_noise,0.001,500.0,results/brute_force/used_SC5_MHBD/results/sweep_9.csv
219298488,0333300330030300300003330,53421,99946581,26068,136,27216,99946580,100000000,pymatching,SurfaceCode,25,1,5,MHBD_noise,0.001,500.0,results/brute_force/used_SC5_MHBD/results/sweep_9.csv
73067162,0333330300030300300003330,53099,99946903,25446,129,27523,99946902,100000000,pymatching,SurfaceCode,25,1,5,MHBD_noise,0.001,500.0,results/brute_force/used_SC5_MHBD/results/sweep_9.csv
1814429577,3333030300030300300003330,53710,99946292,24842,151,28716,99946291,100000000,pymatching,SurfaceCode,25,1,5,MHBD_noise,0.001,500.0,results/brute_force/used_SC5_MHBD/results/sweep_9.csv
1974856753,0333030300030300330003330,52422,99947580,25175,124,27122,99947579,100000000,pymatching,SurfaceCode,25,1,5,MHBD_noise,0.001,500.0,results/brute_force/used_SC5_MHBD/results/sweep_9.csv
2135616572,0203303323032333200000300,68391,99931611,35318,200,32872,99931610,100000000,pymatching,SurfaceCode,25,1,5,MHBD_noise,0.001,500.0,results/brute_force/used_SC5_MHBD/results/sweep_9.csv
1132706553,0203303323032333200000200,70285,99929717,35220,244,34820,99929716,100000000,pymatching,SurfaceCode,25,1,5,MHBD_noise,0.001,500.0,results/brute_force/used_SC5_MHBD/results/sweep_9.csv
1669508226,0203300323032333230000200,67943,99932059,34163,211,33568,99932058,100000000,pymatching,SurfaceCode,25,1,5,MHBD_noise,0.001,500.0,results/brute_force/used_SC5_MHBD/results/sweep_9.csv
6923596,0203300323032333330000200,65275,99934727,34261,210,30803,99934726,100000000,pymatching,SurfaceCode,25,1,5,MHBD_noise,0.001,500.0,results/brute_force/used_SC5_MHBD/results/sweep_9.csv
1678499931,0203300323032333330000230,64325,99935677,35411,203,28710,99935676,100000000,pymatching,SurfaceCode,25,1,5,MHBD_noise,0.001,500.0,results/brute_force/used_SC5_MHBD/results/sweep_9.csv
395895307,0300302330003302033033223,64341,99935661,33729,187,30424,99935660,100000000,pymatching,SurfaceCode,25,1,5,MHBD_noise,0.001,500.0,results/brute_force/used_SC5_MHBD/results/sweep_57.csv
2137712556,0300302330003302033333220,63908,99936094,33968,179,29760,99936093,100000000,pymatching,SurfaceCode,25,1,5,MHBD_noise,0.001,500.0,results/brute_force/used_SC5_MHBD/results/sweep_57.csv
286508865,0330302330003002033333220,63766,99936236,33329,212,30224,99936235,100000000,pymatching,SurfaceCode,25,1,5,MHBD_noise,0.001,500.0,results/brute_force/used_SC5_MHBD/results/sweep_57.csv
1451642302,0330302330003002033333230,61913,99938089,33265,192,28455,99938088,100000000,pymatching,SurfaceCode,25,1,5,MHBD_noise,0.001,500.0,results/brute_force/used_SC5_MHBD/results/sweep_57.csv
1416584585,0330302030033002033303230,62145,99937857,32319,199,29626,99937856,100000000,pymatching,SurfaceCode,25,1,5,MHBD_noise,0.001,500.0,results/brute_force/used_SC5_MHBD/results/sweep_57.csv
1702602078,0300303330003003033003030,57789,99942213,26959,144,30685,99942212,100000000,pymatching,SurfaceCode,25,1,5,MHBD_noise,0.001,500.0,results/brute_force/used_SC5_MHBD/results/sweep_57.csv
1355799433,0300303330003003030003330,56919,99943083,25650,142,31126,99943082,100000000,pymatching,SurfaceCode,25,1,5,MHBD_noise,0.001,500.0,results/brute_force/used_SC5_MHBD/results/sweep_57.csv
666682176,0300303333000003033033030,57038,99942964,27635,150,29252,99942963,100000000,pymatching,SurfaceCode,25,1,5,MHBD_noise,0.001,500.0,results/brute_force/used_SC5_MHBD/results/sweep_57.csv
381426206,3300303333000003030333030,56309,99943693,28411,150,27747,99943692,100000000,pymatching,SurfaceCode,25,1,5,MHBD_noise,0.001,500.0,results/brute_force/used_SC5_MHBD/results/sweep_57.csv
1280645139,0300333333000003030333030,56376,99943626,28893,166,27316,99943625,100000000,pymatching,SurfaceCode,25,1,5,MHBD_noise,0.001,500.0,results/brute_force/used_SC5_MHBD/results/sweep_57.csv
1794534939,3030300033330330030033030,58300,99941702,29887,138,28274,99941701,100000000,pymatching,SurfaceCode,25,1,5,MHBD_noise,0.001,500.0,results/brute_force/used_SC5_MHBD/results/sweep_86.csv
1995021503,3030300003330330030033030,58844,99941158,27702,152,30989,99941157,100000000,pymatching,SurfaceCode,25,1,5,MHBD_noise,0.001,500.0,results/brute_force/used_SC5_MHBD/results/sweep_86.csv
336182160,3030300003030330030033030,57271,99942731,25502,124,31644,99942730,100000000,pymatching,SurfaceCode,25,1,5,MHBD_noise,0.001,500.0,results/brute_force/used_SC5_MHBD/results/sweep_86.csv
1885909424,3330300300030333030033030,55606,99944396,28080,153,27372,99944395,100000000,pymatching,SurfaceCode,25,1,5,MHBD_noise,0.001,500.0,results/brute_force/used_SC5_MHBD/results/sweep_86.csv
983332071,3330300300030333030003330,53712,99946290,26933,139,26639,99946289,100000000,pymatching,SurfaceCode,25,1,5,MHBD_noise,0.001,500.0,results/brute_force/used_SC5_MHBD/results/sweep_86.csv
1998061602,3330300300030303000003330,54468,99945534,24262,127,30078,99945533,100000000,pymatching,SurfaceCode,25,1,5,MHBD_noise,0.001,500.0,results/brute_force/used_SC5_MHBD/results/sweep_86.csv
1944190292,0330300300030303030003330,52946,99947056,23608,136,29201,99947055,100000000,pymatching,SurfaceCode,25,1,5,MHBD_noise,0.001,500.0,results/brute_force/used_SC5_MHBD/results/sweep_86.csv
1194000642,0330330303030303030303330,53504,99946498,28256,125,25122,99946497,100000000,pymatching,SurfaceCode,25,1,5,MHBD_noise,0.001,500.0,results/brute_force/used_SC5_MHBD/results/sweep_86.csv
810889486,0330300303030303030003330,53418,99946584,25523,133,27761,99946583,100000000,pymatching,SurfaceCode,25,1,5,MHBD_noise,0.001,500.0,results/brute_force/used_SC5_MHBD/results/sweep_86.csv
457928547,0330330303030300030303330,52705,99947297,26298,160,26246,99947296,100000000,pymatching,SurfaceCode,25,1,5,MHBD_noise,0.001,500.0,results/brute_force/used_SC5_MHBD/results/sweep_86.csv
1654055465,3230233032032202300303003,73776,99926226,37688,209,35878,99926225,100000000,pymatching,SurfaceCode,25,1,5,MHBD_noise,0.001,500.0,results/brute_force/used_SC5_MHBD/results/sweep_131.csv
1524658684,3202203333303003020033200,68435,99931567,32947,190,35297,99931566,100000000,pymatching,SurfaceCode,25,1,5,MHBD_noise,0.001,500.0,results/brute_force/used_SC5_MHBD/results/sweep_131.csv
1336770326,3203203333303000000033200,64900,99935102,30132,179,34588,99935101,100000000,pymatching,SurfaceCode,25,1,5,MHBD_noise,0.001,500.0,results/brute_force/used_SC5_MHBD/results/sweep_131.csv
798449670,3003003333303000000033200,63156,99936846,27965,140,35050,99936845,100000000,pymatching,SurfaceCode,25,1,5,MHBD_noise,0.001,500.0,results/brute_force/used_SC5_MHBD/results/sweep_131.csv
1919759311,3203003333303000000033300,61812,99938190,29019,192,32600,99938189,100000000,pymatching,SurfaceCode,25,1,5,MHBD_noise,0.001,500.0,results/brute_force/used_SC5_MHBD/results/sweep_131.csv
1151380355,3003003333303000000033300,60446,99939556,27905,163,32377,99939555,100000000,pymatching,SurfaceCode,25,1,5,MHBD_noise,0.001,500.0,results/brute_force/used_SC5_MHBD/results/sweep_131.csv
831999087,3003003333300000000033300,60063,99939939,25308,141,34613,99939938,100000000,pymatching,SurfaceCode,25,1,5,MHBD_noise,0.001,500.0,results/brute_force/used_SC5_MHBD/results/sweep_131.csv
185265990,3003033333303000000033300,60607,99939395,29317,166,31123,99939394,100000000,pymatching,SurfaceCode,25,1,5,MHBD_noise,0.001,500.0,results/brute_force/used_SC5_MHBD/results/sweep_131.csv
61171899,3033033333300000000033300,59313,99940689,27851,147,31314,99940688,100000000,pymatching,SurfaceCode,25,1,5,MHBD_noise,0.001,500.0,results/brute_force/used_SC5_MHBD/results/sweep_131.csv
1862595190,3303033333300300000033300,58076,99941926,29464,153,28458,99941925,100000000,pymatching,SurfaceCode,25,1,5,MHBD_noise,0.001,500.0,results/brute_force/used_SC5_MHBD/results/sweep_131.csv
1662670041,0333300000030333030333330,53783,99946219,29045,133,24604,99946218,100000000,pymatching,SurfaceCode,25,1,5,MHBD_noise,0.001,500.0,results/brute_force/used_SC5_MHBD/results/sweep_50.csv
2142526166,0333320300030300030333333,53913,99946089,29266,126,24520,99946088,100000000,pymatching,SurfaceCode,25,1,5,MHBD_noise,0.001,500.0,results/brute_force/used_SC5_MHBD/results/sweep_50.csv
1330452090,0303330300000300030333330,52804,99947198,25281,135,27387,99947197,100000000,pymatching,SurfaceCode,25,1,5,MHBD_noise,0.001,500.0,results/brute_force/used_SC5_MHBD/results/sweep_50.csv
580020111,0303330303030300030333330,52602,99947400,28528,128,23945,99947399,100000000,pymatching,SurfaceCode,25,1,5,MHBD_noise,0.001,500.0,results/brute_force/used_SC5_MHBD/results/sweep_50.csv
357809950,0303330303030300030003330,52926,99947076,25144,116,27665,99947075,100000000,pymatching,SurfaceCode,25,1,5,MHBD_noise,0.001,500.0,results/brute_force/used_SC5_MHBD/results/sweep_50.csv
599515525,0033330330030300000003330,54108,99945894,24774,110,29223,99945893,100000000,pymatching,SurfaceCode,25,1,5,MHBD_noise,0.001,500.0,results/brute_force/used_SC5_MHBD/results/sweep_50.csv
1713633497,3333330300030300030303030,53599,99946403,26618,138,26842,99946402,100000000,pymatching,SurfaceCode,25,1,5,MHBD_noise,0.001,500.0,results/brute_force/used_SC5_MHBD/results/sweep_50.csv
876184987,0333330303030300000033330,52178,99947824,26623,118,25436,99947823,100000000,pymatching,SurfaceCode,25,1,5,MHBD_noise,0.001,500.0,results/brute_force/used_SC5_MHBD/results/sweep_50.csv
1948329902,0333330300030300030033033,52536,99947466,26942,138,25455,99947465,100000000,pymatching,SurfaceCode,25,1,5,MHBD_noise,0.001,500.0,results/brute_force/used_SC5_MHBD/results/sweep_50.csv
1909329276,0333303300030300030333030,52445,99947557,26942,132,25370,99947556,100000000,pymatching,SurfaceCode,25,1,5,MHBD_noise,0.001,500.0,results/brute_force/used_SC5_MHBD/results/sweep_50.csv
906425542,0030330000303003032330330,61647,99938355,27785,172,33689,99938354,100000000,pymatching,SurfaceCode,25,1,5,MHBD_noise,0.001,500.0,results/brute_force/used_SC5_MHBD/results/sweep_81.csv
1266734517,0030330000303003002330330,62050,99937952,25874,176,35999,99937951,100000000,pymatching,SurfaceCode,25,1,5,MHBD_noise,0.001,500.0,results/brute_force/used_SC5_MHBD/results/sweep_81.csv
1584209480,0030330300303002002330330,61668,99938334,27491,176,34000,99938333,100000000,pymatching,SurfaceCode,25,1,5,MHBD_noise,0.001,500.0,results/brute_force/used_SC5_MHBD/results/sweep_81.csv
498850601,0030330300303303002300330,60236,99939766,28295,162,31778,99939765,100000000,pymatching,SurfaceCode,25,1,5,MHBD_noise,0.001,500.0,results/brute_force/used_SC5_MHBD/results/sweep_81.csv
2052761359,0030330300303003002300330,61114,99938888,26587,169,34357,99938887,100000000,pymatching,SurfaceCode,25,1,5,MHBD_noise,0.001,500.0,results/brute_force/used_SC5_MHBD/results/sweep_81.csv
1460440817,0030330300303303002000330,60421,99939581,26958,167,33295,99939580,100000000,pymatching,SurfaceCode,25,1,5,MHBD_noise,0.001,500.0,results/brute_force/used_SC5_MHBD/results/sweep_81.csv
560711509,0033330300303303002000330,59436,99940566,28041,168,31226,99940565,100000000,pymatching,SurfaceCode,25,1,5,MHBD_noise,0.001,500.0,results/brute_force/used_SC5_MHBD/results/sweep_81.csv
660932173,3033330300303303002003330,59042,99940960,30150,175,28716,99940959,100000000,pymatching,SurfaceCode,25,1,5,MHBD_noise,0.001,500.0,results/brute_force/used_SC5_MHBD/results/sweep_81.csv
1720592962,3003330300003303002003330,58780,99941222,27766,161,30852,99941221,100000000,pymatching,SurfaceCode,25,1,5,MHBD_noise,0.001,500.0,results/brute_force/used_SC5_MHBD/results/sweep_81.csv
143293254,0333330300003303030003330,53596,99946406,27546,127,25922,99946405,100000000,pymatching,SurfaceCode,25,1,5,MHBD_noise,0.001,500.0,results/brute_force/used_SC5_MHBD/results/sweep_81.csv
1571779986,3332332232203332020302202,79434,99920568,44576,272,34585,99920567,100000000,pymatching,SurfaceCode,25,1,5,MHBD_noise,0.001,500.0,results/brute_force/used_SC5_MHBD/results/sweep_221.csv
647017186,0032302030200330220230323,74691,99925311,33321,248,41121,99925310,100000000,pymatching,SurfaceCode,25,1,5,MHBD_noise,0.001,500.0,results/brute_force/used_SC5_MHBD/results/sweep_221.csv
1402800866,3233332332020330032302032,72053,99927949,41119,240,30693,99927948,100000000,pymatching,SurfaceCode,25,1,5,MHBD_noise,0.001,500.0,results/brute_force/used_SC5_MHBD/results/sweep_221.csv
1887326905,3323000032202023030300233,68910,99931092,31002,203,37704,99931091,100000000,pymatching,SurfaceCode,25,1,5,MHBD_noise,0.001,500.0,results/brute_force/used_SC5_MHBD/results/sweep_221.csv
982525281,0203220022023333030003032,69680,99930322,33033,179,36467,99930321,100000000,pymatching,SurfaceCode,25,1,5,MHBD_noise,0.001,500.0,results/brute_force/used_SC5_MHBD/results/sweep_221.csv
1679943090,2303002302020000330203300,65989,99934013,27114,190,38684,99934012,100000000,pymatching,SurfaceCode,25,1,5,MHBD_noise,0.001,500.0,results/brute_force/used_SC5_MHBD/results/sweep_221.csv
1464787753,2333330303302333330030002,63623,99936379,36897,178,26547,99936378,100000000,pymatching,SurfaceCode,25,1,5,MHBD_noise,0.001,500.0,results/brute_force/used_SC5_MHBD/results/sweep_221.csv
1802607003,3000220033003032030333333,63840,99936162,31546,176,32117,99936161,100000000,pymatching,SurfaceCode,25,1,5,MHBD_noise,0.001,500.0,results/brute_force/used_SC5_MHBD/results/sweep_221.csv
815244041,3230030333330300020300002,62960,99937042,30354,182,32423,99937041,100000000,pymatching,SurfaceCode,25,1,5,MHBD_noise,0.001,500.0,results/brute_force/used_SC5_MHBD/results/sweep_221.csv
1485165841,3000000300030302030320302,61643,99938359,24360,171,37111,99938358,100000000,pymatching,SurfaceCode,25,1,5,MHBD_noise,0.001,500.0,results/brute_force/used_SC5_MHBD/results/sweep_221.csv
1439522687,0303330300030300030033300,52587,99947415,24262,136,28188,99947414,100000000,pymatching,SurfaceCode,25,1,5,MHBD_noise,0.001,500.0,results/brute_force/used_SC5_MHBD/results/sweep_136.csv
1455673960,0330330303030300030330030,54153,99945849,25572,131,28449,99945848,100000000,pymatching,SurfaceCode,25,1,5,MHBD_noise,0.001,500.0,results/brute_force/used_SC5_MHBD/results/sweep_136.csv
260710056,0333030300030303030303300,53864,99946138,25188,133,28542,99946137,100000000,pymatching,SurfaceCode,25,1,5,MHBD_noise,0.001,500.0,results/brute_force/used_SC5_MHBD/results/sweep_136.csv
566882670,0303000303030303030303033,54645,99945357,25846,121,28677,99945356,100000000,pymatching,SurfaceCode,25,1,5,MHBD_noise,0.001,500.0,results/brute_force/used_SC5_MHBD/results/sweep_136.csv
1285827666,0202323220030323023033033,72881,99927121,38193,250,34437,99927120,100000000,pymatching,SurfaceCode,25,1,5,MHBD_noise,0.001,500.0,results/brute_force/used_SC5_MHBD/results/sweep_136.csv
103200648,0322003203330030220320023,73411,99926591,31305,211,41894,99926590,100000000,pymatching,SurfaceCode,25,1,5,MHBD_noise,0.001,500.0,results/brute_force/used_SC5_MHBD/results/sweep_136.csv
1340524926,3232023202220320333323330,73982,99926020,43405,229,30347,99926019,100000000,pymatching,SurfaceCode,25,1,5,MHBD_noise,0.001,500.0,results/brute_force/used_SC5_MHBD/results/sweep_136.csv
1902920838,0320003203330030220320003,72247,99927755,29794,247,42205,99927754,100000000,pymatching,SurfaceCode,25,1,5,MHBD_noise,0.001,500.0,results/brute_force/used_SC5_MHBD/results/sweep_136.csv
731184954,0320003203330030020320003,69538,99930464,27544,197,41796,99930463,100000000,pymatching,SurfaceCode,25,1,5,MHBD_noise,0.001,500.0,results/brute_force/used_SC5_MHBD/results/sweep_136.csv
1063235701,0320003203330330020320003,67576,99932426,29195,210,38170,99932425,100000000,pymatching,SurfaceCode,25,1,5,MHBD_noise,0.001,500.0,results/brute_force/used_SC5_MHBD/results/sweep_136.csv
1583253275,3300030003033303030003203,59218,99940784,28574,138,30505,99940783,100000000,pymatching,SurfaceCode,25,1,5,MHBD_noise,0.001,500.0,results/brute_force/used_SC5_MHBD/results/sweep_204.csv
1746764482,0000000300003303030333032,57940,99942062,25051,132,32756,99942061,100000000,pymatching,SurfaceCode,25,1,5,MHBD_noise,0.001,500.0,results/brute_force/used_SC5_MHBD/results/sweep_204.csv
2072210917,2003320222330330020003233,70169,99929833,34258,253,35657,99929832,100000000,pymatching,SurfaceCode,25,1,5,MHBD_noise,0.001,500.0,results/brute_force/used_SC5_MHBD/results/sweep_204.csv
1384529431,3233223333030302300003033,64545,99935457,37666,182,26696,99935456,100000000,pymatching,SurfaceCode,25,1,5,MHBD_noise,0.001,500.0,results/brute_force/used_SC5_MHBD/results/sweep_204.csv
1989702207,3002022333330300003332000,65379,99934623,33013,188,32177,99934622,100000000,pymatching,SurfaceCode,25,1,5,MHBD_noise,0.001,500.0,results/brute_force/used_SC5_MHBD/results/sweep_204.csv
1192872771,2000022033330323030333032,66290,99933712,35284,186,30819,99933711,100000000,pymatching,SurfaceCode,25,1,5,MHBD_noise,0.001,500.0,results/brute_force/used_SC5_MHBD/results/sweep_204.csv
1940273911,0323300330030302003000203,62042,99937960,28307,162,33572,99937959,100000000,pymatching,SurfaceCode,25,1,5,MHBD_noise,0.001,500.0,results/brute_force/used_SC5_MHBD/results/sweep_204.csv
1311277553,2330020333000323333030030,62074,99937928,33846,168,28059,99937927,100000000,pymatching,SurfaceCode,25,1,5,MHBD_noise,0.001,500.0,results/brute_force/used_SC5_MHBD/results/sweep_204.csv
1808501774,2320330303330330330230000,61658,99938344,32860,170,28627,99938343,100000000,pymatching,SurfaceCode,25,1,5,MHBD_noise,0.001,500.0,results/brute_force/used_SC5_MHBD/results/sweep_204.csv
1016985637,0330030003033003020333300,59693,99940309,27747,178,31767,99940308,100000000,pymatching,SurfaceCode,25,1,5,MHBD_noise,0.001,500.0,results/brute_force/used_SC5_MHBD/results/sweep_204.csv
1826804532,3332233003230303003220003,68046,99931956,34348,192,33505,99931955,100000000,pymatching,SurfaceCode,25,1,5,MHBD_noise,0.001,500.0,results/brute_force/used_SC5_MHBD/results/sweep_113.csv
1323710393,0332333003230303003020003,64412,99935590,31281,183,32947,99935589,100000000,pymatching,SurfaceCode,25,1,5,MHBD_noise,0.001,500.0,results/brute_force/used_SC5_MHBD/results/sweep_113.csv
1642848416,0333333003230323033320003,63334,99936668,35803,196,27334,99936667,100000000,pymatching,SurfaceCode,25,1,5,MHBD_noise,0.001,500.0,results/brute_force/used_SC5_MHBD/results/sweep_113.csv
534555000,0333333003230003003320003,63273,99936729,30640,177,32455,99936728,100000000,pymatching,SurfaceCode,25,1,5,MHBD_noise,0.001,500.0,results/brute_force/used_SC5_MHBD/results/sweep_113.csv
2053213498,0333333003230303003320003,62699,99937303,32423,185,30090,99937302,100000000,pymatching,SurfaceCode,25,1,5,MHBD_noise,0.001,500.0,results/brute_force/used_SC5_MHBD/results/sweep_113.csv
337846070,0333333003230303003020003,61971,99938031,30952,171,30847,99938030,100000000,pymatching,SurfaceCode,25,1,5,MHBD_noise,0.001,500.0,results/brute_force/used_SC5_MHBD/results/sweep_113.csv
939197833,0333333003330303003020003,61566,99938436,31216,165,30184,99938435,100000000,pymatching,SurfaceCode,25,1,5,MHBD_noise,0.001,500.0,results/brute_force/used_SC5_MHBD/results/sweep_113.csv
673048364,0033303003330303033020303,60488,99939514,30961,145,29381,99939513,100000000,pymatching,SurfaceCode,25,1,5,MHBD_noise,0.001,500.0,results/brute_force/used_SC5_MHBD/results/sweep_113.csv
952610887,0303333003330303030020300,58806,99941196,28291,165,30349,99941195,100000000,pymatching,SurfaceCode,25,1,5,MHBD_noise,0.001,500.0,results/brute_force/used_SC5_MHBD/results/sweep_113.csv
1184564511,0303333303330303030020330,58031,99941971,32371,182,25477,99941970,100000000,pymatching,SurfaceCode,25,1,5,MHBD_noise,0.001,500.0,results/brute_force/used_SC5_MHBD/results/sweep_113.csv
224366669,0333330300030300030033333,52158,99947844,27954,131,24072,99947843,100000000,pymatching,SurfaceCode,25,1,5,MHBD_noise,0.001,500.0,results/brute_force/used_SC5_MHBD/results/sweep_75.csv
1070101148,0023002033330002000030033,65533,99934469,26082,183,39267,99934468,100000000,pymatching,SurfaceCode,25,1,5,MHBD_noise,0.001,500.0,results/brute_force/used_SC5_MHBD/results/sweep_75.csv
909094256,2033303300333330003230320,65723,99934279,38246,176,27300,99934278,100000000,pymatching,SurfaceCode,25,1,5,MHBD_noise,0.001,500.0,results/brute_force/used_SC5_MHBD/results/sweep_75.csv
1107638128,0023032033330002000030033,65749,99934253,27736,201,37811,99934252,100000000,pymatching,SurfaceCode,25,1,5,MHBD_noise,0.001,500.0,results/brute_force/used_SC5_MHBD/results/sweep_75.csv
924670304,2033303300333330003200320,66060,99933942,37299,168,28592,99933941,100000000,pymatching,SurfaceCode,25,1,5,MHBD_noise,0.001,500.0,results/brute_force/used_SC5_MHBD/results/sweep_75.csv
176150570,2333300300330330003332320,61641,99938361,33048,186,28406,99938360,100000000,pymatching,SurfaceCode,25,1,5,MHBD_noise,0.001,500.0,results/brute_force/used_SC5_MHBD/results/sweep_75.csv
1702351417,2333300300330330033330320,59817,99940185,33452,174,26190,99940184,100000000,pymatching,SurfaceCode,25,1,5,MHBD_noise,0.001,500.0,results/brute_force/used_SC5_MHBD/results/sweep_75.csv
371622079,3333300300330330033330020,58058,99941944,31798,161,26098,99941943,100000000,pymatching,SurfaceCode,25,1,5,MHBD_noise,0.001,500.0,results/brute_force/used_SC5_MHBD/results/sweep_75.csv
488042885,3333300300030330033330020,56523,99943479,29035,140,27347,99943478,100000000,pymatching,SurfaceCode,25,1,5,MHBD_noise,0.001,500.0,results/brute_force/used_SC5_MHBD/results/sweep_75.csv
1989357789,3333300000330330030333020,57346,99942656,29596,129,27620,99942655,100000000,pymatching,SurfaceCode,25,1,5,MHBD_noise,0.001,500.0,results/brute_force/used_SC5_MHBD/results/sweep_75.csv
467028093,0303302330303003230033030,60779,99939223,30530,153,30095,99939222,100000000,pymatching,SurfaceCode,25,1,5,MHBD_noise,0.001,500.0,results/brute_force/used_SC5_MHBD/results/sweep_168.csv
892905749,0300330300032330300003330,57410,99942592,27529,176,29704,99942591,100000000,pymatching,SurfaceCode,25,1,5,MHBD_noise,0.001,500.0,results/brute_force/used_SC5_MHBD/results/sweep_168.csv
1331277570,3333020303230000000330330,57908,99942094,26940,165,30802,99942093,100000000,pymatching,SurfaceCode,25,1,5,MHBD_noise,0.001,500.0,results/brute_force/used_SC5_MHBD/results/sweep_168.csv
725887005,3023022222022023003002333,83919,99916083,40075,305,43538,99916082,100000000,pymatching,SurfaceCode,25,1,5,MHBD_noise,0.001,500.0,results/brute_force/used_SC5_MHBD/results/sweep_168.csv
1657290934,0320323330223230320303322,75693,99924309,43589,246,31857,99924308,100000000,pymatching,SurfaceCode,25,1,5,MHBD_noise,0.001,500.0,results/brute_force/used_SC5_MHBD/results/sweep_168.csv
1559090416,2302330002332033333203230,70804,99929198,38892,188,31723,99929197,100000000,pymatching,SurfaceCode,25,1,5,MHBD_noise,0.001,500.0,results/brute_force/used_SC5_MHBD/results/sweep_168.csv
887758927,3203303023220302332202030,71324,99928678,37690,214,33419,99928677,100000000,pymatching,SurfaceCode,25,1,5,MHBD_noise,0.001,500.0,results/brute_force/used_SC5_MHBD/results/sweep_168.csv
74429426,3330002200030330300333223,65561,99934441,32199,193,33168,99934440,100000000,pymatching,SurfaceCode,25,1,5,MHBD_noise,0.001,500.0,results/brute_force/used_SC5_MHBD/results/sweep_168.csv
512182958,3020020303000330000020302,66939,99933063,23983,186,42769,99933062,100000000,pymatching,SurfaceCode,25,1,5,MHBD_noise,0.001,500.0,results/brute_force/used_SC5_MHBD/results/sweep_168.csv
216758096,2320032303333300000033000,63973,99936029,32134,187,31651,99936028,100000000,pymatching,SurfaceCode,25,1,5,MHBD_noise,0.001,500.0,results/brute_force/used_SC5_MHBD/results/sweep_168.csv
865216130,0333300000330003323033333,60254,99939748,33092,165,26996,99939747,100000000,pymatching,SurfaceCode,25,1,5,MHBD_noise,0.001,500.0,results/brute_force/used_SC5_MHBD/results/sweep_203.csv
537476699,3300303003330030033333320,61783,99938219,32105,172,29505,99938218,100000000,pymatching,SurfaceCode,25,1,5,MHBD_noise,0.001,500.0,results/brute_force/used_SC5_MHBD/results/sweep_203.csv
1459334446,0232030333030330000300033,60652,99939350,28949,182,31520,99939349,100000000,pymatching,SurfaceCode,25,1,5,MHBD_noise,0.001,500.0,results/brute_force/used_SC5_MHBD/results/sweep_203.csv
1756386559,3030000303000302300333330,58714,99941288,27479,157,31077,99941287,100000000,pymatching,SurfaceCode,25,1,5,MHBD_noise,0.001,500.0,results/brute_force/used_SC5_MHBD/results/sweep_203.csv
1743532065,3223030303200023323203300,69212,99930790,33182,211,35818,99930789,100000000,pymatching,SurfaceCode,25,1,5,MHBD_noise,0.001,500.0,results/brute_force/used_SC5_MHBD/results/sweep_203.csv
1348777311,0203000330000333333300200,61040,99938962,29218,164,31657,99938961,100000000,pymatching,SurfaceCode,25,1,5,MHBD_noise,0.001,500.0,results/brute_force/used_SC5_MHBD/results/sweep_203.csv
472866349,0333033300030230000332033,60612,99939390,29256,158,31197,99939389,100000000,pymatching,SurfaceCode,25,1,5,MHBD_noise,0.001,500.0,results/brute_force/used_SC5_MHBD/results/sweep_203.csv
666840974,0002330330000300330032300,59128,99940874,25745,159,33223,99940873,100000000,pymatching,SurfaceCode,25,1,5,MHBD_noise,0.001,500.0,results/brute_force/used_SC5_MHBD/results/sweep_203.csv
447153942,3330330330333300000020320,60062,99939940,31131,170,28760,99939939,100000000,pymatching,SurfaceCode,25,1,5,MHBD_noise,0.001,500.0,results/brute_force/used_SC5_MHBD/results/sweep_203.csv
1669642179,3030000333030030033020333,59240,99940762,29577,173,29489,99940761,100000000,pymatching,SurfaceCode,25,1,5,MHBD_noise,0.001,500.0,results/brute_force/used_SC5_MHBD/results/sweep_203.csv
506781289,0303333303300303030330330,56448,99943554,31198,130,25119,99943553,100000000,pymatching,SurfaceCode,25,1,5,MHBD_noise,0.001,500.0,results/brute_force/used_SC5_MHBD/results/sweep_114.csv
28607035,0303303303300303030330330,56369,99943633,29100,155,27113,99943632,100000000,pymatching,SurfaceCode,25,1,5,MHBD_noise,0.001,500.0,results/brute_force/used_SC5_MHBD/results/sweep_114.csv
1101214091,0303333003300300030333330,55812,99944190,29402,142,26267,99944189,100000000,pymatching,SurfaceCode,25,1,5,MHBD_noise,0.001,500.0,results/brute_force/used_SC5_MHBD/results/sweep_114.csv
1255924825,0303330003300300030333330,55220,99944782,27355,170,27694,99944781,100000000,pymatching,SurfaceCode,25,1,5,MHBD_noise,0.001,500.0,results/brute_force/used_SC5_MHBD/results/sweep_114.csv
1043703,0303330303000303030333030,54014,99945988,27561,141,26311,99945987,100000000,pymatching,SurfaceCode,25,1,5,MHBD_noise,0.001,500.0,results/brute_force/used_SC5_MHBD/results/sweep_114.csv
1257825251,0303330303000300030333030,53855,99946147,25885,135,27834,99946146,100000000,pymatching,SurfaceCode,25,1,5,MHBD_noise,0.001,500.0,results/brute_force/used_SC5_MHBD/results/sweep_114.csv
1940406497,0333030300030300330303030,52808,99947194,25369,146,27292,99947193,100000000,pymatching,SurfaceCode,25,1,5,MHBD_noise,0.001,500.0,results/brute_force/used_SC5_MHBD/results/sweep_114.csv
1855492447,0033330300030300030333030,52476,99947526,25561,130,26784,99947525,100000000,pymatching,SurfaceCode,25,1,5,MHBD_noise,0.001,500.0,results/brute_force/used_SC5_MHBD/results/sweep_114.csv
48070781,3303330300030300030303333,53932,99946070,27385,140,26406,99946069,100000000,pymatching,SurfaceCode,25,1,5,MHBD_noise,0.001,500.0,results/brute_force/used_SC5_MHBD/results/sweep_114.csv
1587647619,0303030300030300030033030,54100,99945902,22875,109,31115,99945901,100000000,pymatching,SurfaceCode,25,1,5,MHBD_noise,0.001,500.0,results/brute_force/used_SC5_MHBD/results/sweep_114.csv
1061932865,0333033030003303300003333,57302,99942700,31364,144,25793,99942699,100000000,pymatching,SurfaceCode,25,1,5,MHBD_noise,0.001,500.0,results/brute_force/used_SC5_MHBD/results/sweep_72.csv
1286960459,0333033030000303300003333,56352,99943650,28189,154,28008,99943649,100000000,pymatching,SurfaceCode,25,1,5,MHBD_noise,0.001,500.0,results/brute_force/used_SC5_MHBD/results/sweep_72.csv
539315766,0333030030000303303003330,55986,99944016,26324,160,29501,99944015,100000000,pymatching,SurfaceCode,25,1,5,MHBD_noise,0.001,500.0,results/brute_force/used_SC5_MHBD/results/sweep_72.csv
565038225,0333030030000303333303330,55954,99944048,30264,135,25554,99944047,100000000,pymatching,SurfaceCode,25,1,5,MHBD_noise,0.001,500.0,results/brute_force/used_SC5_MHBD/results/sweep_72.csv
1760618906,0333030030000303333003330,55133,99944869,28208,129,26795,99944868,100000000,pymatching,SurfaceCode,25,1,5,MHBD_noise,0.001,500.0,results/brute_force/used_SC5_MHBD/results/sweep_72.csv
180220833,0333330330000303333003330,55381,99944621,31799,128,23453,99944620,100000000,pymatching,SurfaceCode,25,1,5,MHBD_noise,0.001,500.0,results/brute_force/used_SC5_MHBD/results/sweep_72.csv
663681931,0303330330000303330003030,54660,99945342,26582,143,27934,99945341,100000000,pymatching,SurfaceCode,25,1,5,MHBD_noise,0.001,500.0,results/brute_force/used_SC5_MHBD/results/sweep_72.csv
910630581,0303330330000303330303030,54543,99945459,27821,163,26558,99945458,100000000,pymatching,SurfaceCode,25,1,5,MHBD_noise,0.001,500.0,results/brute_force/used_SC5_MHBD/results/sweep_72.csv
1394183077,0303330330000300030303030,53856,99946146,24197,130,29528,99946145,100000000,pymatching,SurfaceCode,25,1,5,MHBD_noise,0.001,500.0,results/brute_force/used_SC5_MHBD/results/sweep_72.csv
1579953474,0303330330000303030303030,54334,99945668,25683,151,28499,99945667,100000000,pymatching,SurfaceCode,25,1,5,MHBD_noise,0.001,500.0,results/brute_force/used_SC5_MHBD/results/sweep_72.csv
2144245291,3023003230303002020322020,72705,99927297,31530,228,40946,99927296,100000000,pymatching,SurfaceCode,25,1,5,MHBD_noise,0.001,500.0,results/brute_force/used_SC5_MHBD/results/sweep_166.csv
2077351927,3220000220033233330320020,73051,99926951,35620,251,37179,99926950,100000000,pymatching,SurfaceCode,25,1,5,MHBD_noise,0.001,500.0,results/brute_force/used_SC5_MHBD/results/sweep_166.csv
969117388,2223302302033330300202030,68501,99931501,35709,200,32591,99931500,100000000,pymatching,SurfaceCode,25,1,5,MHBD_noise,0.001,500.0,results/brute_force/used_SC5_MHBD/results/sweep_166.csv
1832010714,0033000333300320300033323,62333,99937669,31049,153,31130,99937668,100000000,pymatching,SurfaceCode,25,1,5,MHBD_noise,0.001,500.0,results/brute_force/used_SC5_MHBD/results/sweep_166.csv
80512387,2303320300030300330000330,56553,99943449,26077,170,30305,99943448,100000000,pymatching,SurfaceCode,25,1,5,MHBD_noise,0.001,500.0,results/brute_force/used_SC5_MHBD/results/sweep_166.csv
1581075663,0233330302030003000033033,59061,99940941,27854,160,31046,99940940,100000000,pymatching,SurfaceCode,25,1,5,MHBD_noise,0.001,500.0,results/brute_force/used_SC5_MHBD/results/sweep_166.csv
455543740,0323000230220230023022330,74852,99925150,32368,235,42248,99925149,100000000,pymatching,SurfaceCode,25,1,5,MHBD_noise,0.001,500.0,results/brute_force/used_SC5_MHBD/results/sweep_166.csv
301446343,3333003220220003323033030,69050,99930952,35004,196,33849,99930951,100000000,pymatching,SurfaceCode,25,1,5,MHBD_noise,0.001,500.0,results/brute_force/used_SC5_MHBD/results/sweep_166.csv
1918161589,2322003303003020030030023,66511,99933491,29210,177,37123,99933490,100000000,pymatching,SurfaceCode,25,1,5,MHBD_noise,0.001,500.0,results/brute_force/used_SC5_MHBD/results/sweep_166.csv
317900721,3320020303203303330003230,62121,99937881,32373,165,29582,99937880,100000000,pymatching,SurfaceCode,25,1,5,MHBD_noise,0.001,500.0,results/brute_force/used_SC5_MHBD/results/sweep_166.csv
2076017268,0003033303030030303330000,59688,99940314,27365,171,32151,99940313,100000000,pymatching,SurfaceCode,25,1,5,MHBD_noise,0.001,500.0,results/brute_force/used_SC5_MHBD/results/sweep_161.csv
1218004295,3333000333030020330003030,57402,99942600,28867,151,28383,99942599,100000000,pymatching,SurfaceCode,25,1,5,MHBD_noise,0.001,500.0,results/brute_force/used_SC5_MHBD/results/sweep_161.csv
883661652,3233020200203302003033023,67873,99932129,31923,207,35742,99932128,100000000,pymatching,SurfaceCode,25,1,5,MHBD_noise,0.001,500.0,results/brute_force/used_SC5_MHBD/results/sweep_161.csv
541217852,0333033032020302033220200,66465,99933537,33085,212,33167,99933536,100000000,pymatching,SurfaceCode,25,1,5,MHBD_noise,0.001,500.0,results/brute_force/used_SC5_MHBD/results/sweep_161.csv
796758583,3333003003033023032233330,64652,99935350,37522,171,26958,99935349,100000000,pymatching,SurfaceCode,25,1,5,MHBD_noise,0.001,500.0,results/brute_force/used_SC5_MHBD/results/sweep_161.csv
895121334,0020030333333300033320000,61985,99938017,33673,179,28132,99938016,100000000,pymatching,SurfaceCode,25,1,5,MHBD_noise,0.001,500.0,results/brute_force/used_SC5_MHBD/results/sweep_161.csv
1496928604,3000330303030300203303200,61493,99938509,26834,164,34494,99938508,100000000,pymatching,SurfaceCode,25,1,5,MHBD_noise,0.001,500.0,results/brute_force/used_SC5_MHBD/results/sweep_161.csv
1126556061,3230303303030300030200033,58792,99941210,28434,156,30201,99941209,100000000,pymatching,SurfaceCode,25,1,5,MHBD_noise,0.001,500.0,results/brute_force/used_SC5_MHBD/results/sweep_161.csv
2145065448,0333003300230003300033333,57329,99942673,29130,152,28046,99942672,100000000,pymatching,SurfaceCode,25,1,5,MHBD_noise,0.001,500.0,results/brute_force/used_SC5_MHBD/results/sweep_161.csv
912470349,3330223000300322022200230,73144,99926858,32377,222,40544,99926857,100000000,pymatching,SurfaceCode,25,1,5,MHBD_noise,0.001,500.0,results/brute_force/used_SC5_MHBD/results/sweep_161.csv
1256096171,3303000300030030330303330,54649,99945353,26030,149,28469,99945352,100000000,pymatching,SurfaceCode,25,1,5,MHBD_noise,0.001,500.0,results/brute_force/used_SC5_MHBD/results/sweep_128.csv
1239953832,3303000300030033330303330,55519,99944483,28036,142,27340,99944482,100000000,pymatching,SurfaceCode,25,1,5,MHBD_noise,0.001,500.0,results/brute_force/used_SC5_MHBD/results/sweep_128.csv
1392657712,0303000300030333330303030,54772,99945230,27540,154,27077,99945229,100000000,pymatching,SurfaceCode,25,1,5,MHBD_noise,0.001,500.0,results/brute_force/used_SC5_MHBD/results/sweep_128.csv
1334418593,0303030303030303030333030,54583,99945419,27812,124,26646,99945418,100000000,pymatching,SurfaceCode,25,1,5,MHBD_noise,0.001,500.0,results/brute_force/used_SC5_MHBD/results/sweep_128.csv
2011359563,3303030300030300030033030,54544,99945458,23972,158,30413,99945457,100000000,pymatching,SurfaceCode,25,1,5,MHBD_noise,0.001,500.0,results/brute_force/used_SC5_MHBD/results/sweep_128.csv
832593998,0333030303030300030333330,53255,99946747,28514,122,24618,99946746,100000000,pymatching,SurfaceCode,25,1,5,MHBD_noise,0.001,500.0,results/brute_force/used_SC5_MHBD/results/sweep_128.csv
763695599,0303300300030303030333330,52875,99947127,27559,144,25171,99947126,100000000,pymatching,SurfaceCode,25,1,5,MHBD_noise,0.001,500.0,results/brute_force/used_SC5_MHBD/results/sweep_128.csv
1729732063,0033030303030300030330030,53928,99946074,23971,139,29817,99946073,100000000,pymatching,SurfaceCode,25,1,5,MHBD_noise,0.001,500.0,results/brute_force/used_SC5_MHBD/results/sweep_128.csv
2052006247,0303030330030303030300030,54464,99945538,25521,158,28784,99945537,100000000,pymatching,SurfaceCode,25,1,5,MHBD_noise,0.001,500.0,results/brute_force/used_SC5_MHBD/results/sweep_128.csv
1605770024,0330030303030303030300030,55126,99944876,25454,146,29525,99944875,100000000,pymatching,SurfaceCode,25,1,5,MHBD_noise,0.001,500.0,results/brute_force/used_SC5_MHBD/results/sweep_128.csv
481752530,0300332022333330030222233,71571,99928431,40654,268,30648,99928430,100000000,pymatching,SurfaceCode,25,1,5,MHBD_noise,0.001,500.0,results/brute_force/used_SC5_MHBD/results/sweep_154.csv
1490210173,3203000003000022020000030,70839,99929163,20658,194,49986,99929162,100000000,pymatching,SurfaceCode,25,1,5,MHBD_noise,0.001,500.0,results/brute_force/used_SC5_MHBD/results/sweep_154.csv
1818373448,2303230333322030033000330,66616,99933386,35676,217,30722,99933385,100000000,pymatching,SurfaceCode,25,1,5,MHBD_noise,0.001,500.0,results/brute_force/used_SC5_MHBD/results/sweep_154.csv
1625335018,0232303303033003230203300,64814,99935188,33466,167,31180,99935187,100000000,pymatching,SurfaceCode,25,1,5,MHBD_noise,0.001,500.0,results/brute_force/used_SC5_MHBD/results/sweep_154.csv
907505303,3330303332230000030303202,63055,99936947,32495,169,30390,99936946,100000000,pymatching,SurfaceCode,25,1,5,MHBD_noise,0.001,500.0,results/brute_force/used_SC5_MHBD/results/sweep_154.csv
210264195,0303203000000333230303332,62421,99937581,30436,158,31826,99937580,100000000,pymatching,SurfaceCode,25,1,5,MHBD_noise,0.001,500.0,results/brute_force/used_SC5_MHBD/results/sweep_154.csv
960796937,0333303003030302320200302,63323,99936679,30901,180,32241,99936678,100000000,pymatching,SurfaceCode,25,1,5,MHBD_noise,0.001,500.0,results/brute_force/used_SC5_MHBD/results/sweep_154.csv
626706033,3203303002000330333000333,61469,99938533,31989,160,29319,99938532,100000000,pymatching,SurfaceCode,25,1,5,MHBD_noise,0.001,500.0,results/brute_force/used_SC5_MHBD/results/sweep_154.csv
883278763,0320303332030300330000300,60132,99939870,29365,147,30619,99939869,100000000,pymatching,SurfaceCode,25,1,5,MHBD_noise,0.001,500.0,results/brute_force/used_SC5_MHBD/results/sweep_154.csv
999470076,0303033333030000330232230,60699,99939303,32085,150,28463,99939302,100000000,pymatching,SurfaceCode,25,1,5,MHBD_noise,0.001,500.0,results/brute_force/used_SC5_MHBD/results/sweep_154.csv
1098407949,3330332030333000000300033,62327,99937675,31109,145,31072,99937674,100000000,pymatching,SurfaceCode,25,1,5,MHBD_noise,0.001,500.0,results/brute_force/used_SC5_MHBD/results/sweep_185.csv
1804557143,0300002333030300333303002,60208,99939794,31518,164,28525,99939793,100000000,pymatching,SurfaceCode,25,1,5,MHBD_noise,0.001,500.0,results/brute_force/used_SC5_MHBD/results/sweep_185.csv
2102927563,0300330300030233330300332,59235,99940767,30798,159,28277,99940766,100000000,pymatching,SurfaceCode,25,1,5,MHBD_noise,0.001,500.0,results/brute_force/used_SC5_MHBD/results/sweep_185.csv
105049214,0330002333230303030033333,59226,99940776,34982,147,24096,99940775,100000000,pymatching,SurfaceCode,25,1,5,MHBD_noise,0.001,500.0,results/brute_force/used_SC5_MHBD/results/sweep_185.csv
795991888,0323000003033003030033030,58366,99941636,25256,174,32935,99941635,100000000,pymatching,SurfaceCode,25,1,5,MHBD_noise,0.001,500.0,results/brute_force/used_SC5_MHBD/results/sweep_185.csv
1842890800,2222023023202002332220320,85696,99914306,40899,323,44473,99914305,100000000,pymatching,SurfaceCode,25,1,5,MHBD_noise,0.001,500.0,results/brute_force/used_SC5_MHBD/results/sweep_185.csv
683424252,2320023303020230200322203,77548,99922454,33833,253,43461,99922453,100000000,pymatching,SurfaceCode,25,1,5,MHBD_noise,0.001,500.0,results/brute_force/used_SC5_MHBD/results/sweep_185.csv
707790320,3003203302030322320223232,73917,99926085,40232,213,33471,99926084,100000000,pymatching,SurfaceCode,25,1,5,MHBD_noise,0.001,500.0,results/brute_force/used_SC5_MHBD/results/sweep_185.csv
943633143,3230220202200330023333003,73107,99926895,34022,231,38853,99926894,100000000,pymatching,SurfaceCode,25,1,5,MHBD_noise,0.001,500.0,results/brute_force/used_SC5_MHBD/results/sweep_185.csv
497044708,3223323000200223330030203,71220,99928782,34271,226,36722,99928781,100000000,pymatching,SurfaceCode,25,1,5,MHBD_noise,0.001,500.0,results/brute_force/used_SC5_MHBD/results/sweep_185.csv
253947532,0303032320230023333002000,66383,99933619,33301,190,32891,99933618,100000000,pymatching,SurfaceCode,25,1,5,MHBD_noise,0.001,500.0,results/brute_force/used_SC5_MHBD/results/sweep_32.csv
1656393551,0303032320230023303003003,66630,99933372,32940,212,33477,99933371,100000000,pymatching,SurfaceCode,25,1,5,MHBD_noise,0.001,500.0,results/brute_force/used_SC5_MHBD/results/sweep_32.csv
2001324579,0303030330230023333003003,61237,99938765,32996,155,28085,99938764,100000000,pymatching,SurfaceCode,25,1,5,MHBD_noise,0.001,500.0,results/brute_force/used_SC5_MHBD/results/sweep_32.csv
1083020959,0303030330230023333003203,62022,99937980,34070,169,27782,99937979,100000000,pymatching,SurfaceCode,25,1,5,MHBD_noise,0.001,500.0,results/brute_force/used_SC5_MHBD/results/sweep_32.csv
1607856842,0303030330230323333003003,61390,99938612,35339,146,25904,99938611,100000000,pymatching,SurfaceCode,25,1,5,MHBD_noise,0.001,500.0,results/brute_force/used_SC5_MHBD/results/sweep_32.csv
527490335,0303030330230023330003003,60258,99939744,29733,157,30367,99939743,100000000,pymatching,SurfaceCode,25,1,5,MHBD_noise,0.001,500.0,results/brute_force/used_SC5_MHBD/results/sweep_32.csv
1225347348,0303030303230023330003003,60475,99939527,29197,169,31108,99939526,100000000,pymatching,SurfaceCode,25,1,5,MHBD_noise,0.001,500.0,results/brute_force/used_SC5_MHBD/results/sweep_32.csv
820722296,0303000300230023330003003,60408,99939594,26415,152,33840,99939593,100000000,pymatching,SurfaceCode,25,1,5,MHBD_noise,0.001,500.0,results/brute_force/used_SC5_MHBD/results/sweep_32.csv
2102775164,0303030303230003330003003,58245,99941757,27237,153,30854,99941756,100000000,pymatching,SurfaceCode,25,1,5,MHBD_noise,0.001,500.0,results/brute_force/used_SC5_MHBD/results/sweep_32.csv
175290843,2303030303230303330003000,58657,99941345,29363,159,29134,99941344,100000000,pymatching,SurfaceCode,25,1,5,MHBD_noise,0.001,500.0,results/brute_force/used_SC5_MHBD/results/sweep_32.csv
2039003132,2330333300030330320200233,62704,99937298,33653,201,28849,99937297,100000000,pymatching,SurfaceCode,25,1,5,MHBD_noise,0.001,500.0,results/brute_force/used_SC5_MHBD/results/sweep_153.csv
419840308,3300333333330300020330330,58958,99941044,34376,131,24450,99941043,100000000,pymatching,SurfaceCode,25,1,5,MHBD_noise,0.001,500.0,results/brute_force/used_SC5_MHBD/results/sweep_153.csv
1472315695,0330300003330303030003230,57209,99942793,25878,148,31182,99942792,100000000,pymatching,SurfaceCode,25,1,5,MHBD_noise,0.001,500.0,results/brute_force/used_SC5_MHBD/results/sweep_153.csv
1777248513,2200200230333223203223200,80121,99919881,39691,302,40127,99919880,100000000,pymatching,SurfaceCode,25,1,5,MHBD_noise,0.001,500.0,results/brute_force/used_SC5_MHBD/results/sweep_153.csv
1909365567,3303302020320330020322022,74729,99925273,33404,260,41064,99925272,100000000,pymatching,SurfaceCode,25,1,5,MHBD_noise,0.001,500.0,results/brute_force/used_SC5_MHBD/results/sweep_153.csv
1282622278,3333330332333222200222000,74268,99925734,43057,243,30967,99925733,100000000,pymatching,SurfaceCode,25,1,5,MHBD_noise,0.001,500.0,results/brute_force/used_SC5_MHBD/results/sweep_153.csv
472235603,0000023223200330333202320,73026,99926976,36442,208,36375,99926975,100000000,pymatching,SurfaceCode,25,1,5,MHBD_noise,0.001,500.0,results/brute_force/used_SC5_MHBD/results/sweep_153.csv
1930853049,3200030030333333333230223,69574,99930428,42890,193,26490,99930427,100000000,pymatching,SurfaceCode,25,1,5,MHBD_noise,0.001,500.0,results/brute_force/used_SC5_MHBD/results/sweep_153.csv
19672971,3002330020030302330330333,61669,99938333,31634,161,29873,99938332,100000000,pymatching,SurfaceCode,25,1,5,MHBD_noise,0.001,500.0,results/brute_force/used_SC5_MHBD/results/sweep_153.csv
641066032,3330330333330303030030303,57499,99942503,33520,149,23829,99942502,100000000,pymatching,SurfaceCode,25,1,5,MHBD_noise,0.001,500.0,results/brute_force/used_SC5_MHBD/results/sweep_153.csv
1434387167,3233030323020333033033320,65419,99934583,37523,211,27684,99934582,100000000,pymatching,SurfaceCode,25,1,5,MHBD_noise,0.001,500.0,results/brute_force/used_SC5_MHBD/results/sweep_182.csv
796600725,3223030300000303032000302,64427,99935575,26704,189,37533,99935574,100000000,pymatching,SurfaceCode,25,1,5,MHBD_noise,0.001,500.0,results/brute_force/used_SC5_MHBD/results/sweep_182.csv
173364164,3020033330300300003000332,62576,99937426,29356,167,33052,99937425,100000000,pymatching,SurfaceCode,25,1,5,MHBD_noise,0.001,500.0,results/brute_force/used_SC5_MHBD/results/sweep_182.csv
755402438,3303203032300003330323330,62628,99937374,33065,166,29396,99937373,100000000,pymatching,SurfaceCode,25,1,5,MHBD_noise,0.001,500.0,results/brute_force/used_SC5_MHBD/results/sweep_182.csv
1222897421,0300230030230300030033320,59307,99940695,26007,163,33136,99940694,100000000,pymatching,SurfaceCode,25,1,5,MHBD_noise,0.001,500.0,results/brute_force/used_SC5_MHBD/results/sweep_182.csv
846966431,3303000003033300000203033,58312,99941690,25687,156,32468,99941689,100000000,pymatching,SurfaceCode,25,1,5,MHBD_noise,0.001,500.0,results/brute_force/used_SC5_MHBD/results/sweep_182.csv
251021503,0330300303000003030300303,58146,99941856,23020,168,34957,99941855,100000000,pymatching,SurfaceCode,25,1,5,MHBD_noise,0.001,500.0,results/brute_force/used_SC5_MHBD/results/sweep_182.csv
1892106145,0223302020233022230023322,78755,99921247,38840,279,39635,99921246,100000000,pymatching,SurfaceCode,25,1,5,MHBD_noise,0.001,500.0,results/brute_force/used_SC5_MHBD/results/sweep_182.csv
195857595,3232002303030322322320232,75566,99924436,40765,263,34537,99924435,100000000,pymatching,SurfaceCode,25,1,5,MHBD_noise,0.001,500.0,results/brute_force/used_SC5_MHBD/results/sweep_182.csv
1924668969,3033023202333033232330330,72157,99927845,43167,220,28769,99927844,100000000,pymatching,SurfaceCode,25,1,5,MHBD_noise,0.001,500.0,results/brute_force/used_SC5_MHBD/results/sweep_182.csv
1091324905,0303030303030300330003330,53151,99946851,25892,131,27127,99946850,100000000,pymatching,SurfaceCode,25,1,5,MHBD_noise,0.001,500.0,results/brute_force/used_SC5_MHBD/results/sweep_35.csv
1666239391,0303030303030300030003330,53208,99946794,23919,148,29140,99946793,100000000,pymatching,SurfaceCode,25,1,5,MHBD_noise,0.001,500.0,results/brute_force/used_SC5_MHBD/results/sweep_35.csv
1436947279,0333030303030300030003330,52186,99947816,24332,129,27724,99947815,100000000,pymatching,SurfaceCode,25,1,5,MHBD_noise,0.001,500.0,results/brute_force/used_SC5_MHBD/results/sweep_35.csv
1261074603,0333030300030300030003330,52224,99947778,22776,117,29330,99947777,100000000,pymatching,SurfaceCode,25,1,5,MHBD_noise,0.001,500.0,results/brute_force/used_SC5_MHBD/results/sweep_35.csv
1653113598,0333330300030300000333330,52843,99947159,26936,138,25768,99947158,100000000,pymatching,SurfaceCode,25,1,5,MHBD_noise,0.001,500.0,results/brute_force/used_SC5_MHBD/results/sweep_35.csv
1950422208,2003023230030030030033030,64375,99935627,28399,181,35794,99935626,100000000,pymatching,SurfaceCode,25,1,5,MHBD_noise,0.001,500.0,results/brute_force/used_SC5_MHBD/results/sweep_35.csv
1844096838,3033303003230333000232033,63526,99936476,32632,160,30733,99936475,100000000,pymatching,SurfaceCode,25,1,5,MHBD_noise,0.001,500.0,results/brute_force/used_SC5_MHBD/results/sweep_35.csv
456252483,3033303003030333000232033,62041,99937961,30972,195,30873,99937960,100000000,pymatching,SurfaceCode,25,1,5,MHBD_noise,0.001,500.0,results/brute_force/used_SC5_MHBD/results/sweep_35.csv
1108367788,3033300003230333000232033,62789,99937213,30203,176,32409,99937212,100000000,pymatching,SurfaceCode,25,1,5,MHBD_noise,0.001,500.0,results/brute_force/used_SC5_MHBD/results/sweep_35.csv
1741460080,0033303003030333003232033,63015,99936987,31674,161,31179,99936986,100000000,pymatching,SurfaceCode,25,1,5,MHBD_noise,0.001,500.0,results/brute_force/used_SC5_MHBD/results/sweep_35.csv
1663263576,0000033303000323033003300,59349,99940653,27207,163,31978,99940652,100000000,pymatching,SurfaceCode,25,1,5,MHBD_noise,0.001,500.0,results/brute_force/used_SC5_MHBD/results/sweep_98.csv
1988096527,0000033303300323030003300,59587,99940415,26769,152,32665,99940414,100000000,pymatching,SurfaceCode,25,1,5,MHBD_noise,0.001,500.0,results/brute_force/used_SC5_MHBD/results/sweep_98.csv
446976654,0000030303000323033003330,58669,99941333,25943,155,32570,99941332,100000000,pymatching,SurfaceCode,25,1,5,MHBD_noise,0.001,500.0,results/brute_force/used_SC5_MHBD/results/sweep_98.csv
1355170614,0300030303000323033003333,57526,99942476,28100,148,29277,99942475,100000000,pymatching,SurfaceCode,25,1,5,MHBD_noise,0.001,500.0,results/brute_force/used_SC5_MHBD/results/sweep_98.csv
939589440,0300030303000333030003330,55222,99944780,24363,135,30723,99944779,100000000,pymatching,SurfaceCode,25,1,5,MHBD_noise,0.001,500.0,results/brute_force/used_SC5_MHBD/results/sweep_98.csv
798356768,0303330303000333030003330,55484,99944518,27090,148,28245,99944517,100000000,pymatching,SurfaceCode,25,1,5,MHBD_noise,0.001,500.0,results/brute_force/used_SC5_MHBD/results/sweep_98.csv
1987687029,0303330300000333030303330,54997,99945005,27094,145,27757,99945004,100000000,pymatching,SurfaceCode,25,1,5,MHBD_noise,0.001,500.0,results/brute_force/used_SC5_MHBD/results/sweep_98.csv
1030833273,0303330303000333030303330,55299,99944703,28030,145,27123,99944702,100000000,pymatching,SurfaceCode,25,1,5,MHBD_noise,0.001,500.0,results/brute_force/used_SC5_MHBD/results/sweep_98.csv
1569070312,0303030303030303030003330,53508,99946494,25422,126,27959,99946493,100000000,pymatching,SurfaceCode,25,1,5,MHBD_noise,0.001,500.0,results/brute_force/used_SC5_MHBD/results/sweep_98.csv
496312233,0303030303030300030303330,53810,99946192,25265,153,28391,99946191,100000000,pymatching,SurfaceCode,25,1,5,MHBD_noise,0.001,500.0,results/brute_force/used_SC5_MHBD/results/sweep_98.csv
1543871664,0030333200030330030230303,60394,99939608,28413,191,31789,99939607,100000000,pymatching,SurfaceCode,25,1,5,MHBD_noise,0.001,500.0,results/brute_force/used_SC5_MHBD/results/sweep_49.csv
481959600,0330333200030330030230303,59090,99940912,29312,150,29627,99940911,100000000,pymatching,SurfaceCode,25,1,5,MHBD_noise,0.001,500.0,results/brute_force/used_SC5_MHBD/results/sweep_49.csv
694359270,0330030200033333030233303,59707,99940295,33162,160,26384,99940294,100000000,pymatching,SurfaceCode,25,1,5,MHBD_noise,0.001,500.0,results/brute_force/used_SC5_MHBD/results/sweep_49.csv
1517629968,0330330200030333030230203,60778,99939224,29080,169,31528,99939223,100000000,pymatching,SurfaceCode,25,1,5,MHBD_noise,0.001,500.0,results/brute_force/used_SC5_MHBD/results/sweep_49.csv
72788124,0330030200033303000233303,59299,99940703,28925,171,30202,99940702,100000000,pymatching,SurfaceCode,25,1,5,MHBD_noise,0.001,500.0,results/brute_force/used_SC5_MHBD/results/sweep_49.csv
1983728497,0330030200033333030333303,59094,99940908,33353,142,25598,99940907,100000000,pymatching,SurfaceCode,25,1,5,MHBD_noise,0.001,500.0,results/brute_force/used_SC5_MHBD/results/sweep_49.csv
646973012,0330330000030333030230303,57732,99942270,27676,157,29898,99942269,100000000,pymatching,SurfaceCode,25,1,5,MHBD_noise,0.001,500.0,results/brute_force/used_SC5_MHBD/results/sweep_49.csv
308137048,0330330000030333030030303,56436,99943566,26371,145,29919,99943565,100000000,pymatching,SurfaceCode,25,1,5,MHBD_noise,0.001,500.0,results/brute_force/used_SC5_MHBD/results/sweep_49.csv
889429919,0330300000030333030030330,55541,99944461,24922,141,30477,99944460,100000000,pymatching,SurfaceCode,25,1,5,MHBD_noise,0.001,500.0,results/brute_force/used_SC5_MHBD/results/sweep_49.csv
246432963,0333300000030333030030330,54723,99945279,26302,152,28268,99945278,100000000,pymatching,SurfaceCode,25,1,5,MHBD_noise,0.001,500.0,results/brute_force/used_SC5_MHBD/results/sweep_49.csv
1146325491,0333200300030333303000000,59353,99940649,27336,163,31853,99940648,100000000,pymatching,SurfaceCode,25,1,5,MHBD_noise,0.001,500.0,results/brute_force/used_SC5_MHBD/results/sweep_121.csv
389693490,0333200300030333333000000,58367,99941635,29530,171,28665,99941634,100000000,pymatching,SurfaceCode,25,1,5,MHBD_noise,0.001,500.0,results/brute_force/used_SC5_MHBD/results/sweep_121.csv
1334104905,0333330300030333330000000,55971,99944031,29002,136,26832,99944030,100000000,pymatching,SurfaceCode,25,1,5,MHBD_noise,0.001,500.0,results/brute_force/used_SC5_MHBD/results/sweep_121.csv
1802968830,0333333300030333030000000,57494,99942508,29610,123,27760,99942507,100000000,pymatching,SurfaceCode,25,1,5,MHBD_noise,0.001,500.0,results/brute_force/used_SC5_MHBD/results/sweep_121.csv
89175268,0333330300030333030000000,56319,99943683,27212,154,28952,99943682,100000000,pymatching,SurfaceCode,25,1,5,MHBD_noise,0.001,500.0,results/brute_force/used_SC5_MHBD/results/sweep_121.csv
411009942,0333330300030303030000330,53822,99946180,26400,121,27300,99946179,100000000,pymatching,SurfaceCode,25,1,5,MHBD_noise,0.001,500.0,results/brute_force/used_SC5_MHBD/results/sweep_121.csv
1967865256,0333300330030303030330330,53279,99946723,29030,146,24102,99946722,100000000,pymatching,SurfaceCode,25,1,5,MHBD_noise,0.001,500.0,results/brute_force/used_SC5_MHBD/results/sweep_121.csv
596676479,0033330303330300030033330,54356,99945646,29586,132,24637,99945645,100000000,pymatching,SurfaceCode,25,1,5,MHBD_noise,0.001,500.0,results/brute_force/used_SC5_MHBD/results/sweep_121.csv
1401991547,0330030300030300330333030,53479,99946523,25619,143,27716,99946522,100000000,pymatching,SurfaceCode,25,1,5,MHBD_noise,0.001,500.0,results/brute_force/used_SC5_MHBD/results/sweep_121.csv
217700097,3303330300030303030003330,53768,99946234,26686,115,26966,99946233,100000000,pymatching,SurfaceCode,25,1,5,MHBD_noise,0.001,500.0,results/brute_force/used_SC5_MHBD/results/sweep_121.csv
777081431,0303000303030303030303330,53606,99946396,25764,143,27698,99946395,100000000,pymatching,SurfaceCode,25,1,5,MHBD_noise,0.001,500.0,results/brute_force/used_SC5_MHBD/results/sweep_96.csv
1329452341,0333000303030303030303330,53201,99946801,26688,138,26374,99946800,100000000,pymatching,SurfaceCode,25,1,5,MHBD_noise,0.001,500.0,results/brute_force/used_SC5_MHBD/results/sweep_96.csv
926773630,3303030303030303030303330,54365,99945637,28078,138,26148,99945636,100000000,pymatching,SurfaceCode,25,1,5,MHBD_noise,0.001,500.0,results/brute_force/used_SC5_MHBD/results/sweep_96.csv
1979640642,3303030303030303030303030,54605,99945397,27154,155,27295,99945396,100000000,pymatching,SurfaceCode,25,1,5,MHBD_noise,0.001,500.0,results/brute_force/used_SC5_MHBD/results/sweep_96.csv
1616554796,0333000300030300330003030,53286,99946716,22441,109,30735,99946715,100000000,pymatching,SurfaceCode,25,1,5,MHBD_noise,0.001,500.0,results/brute_force/used_SC5_MHBD/results/sweep_96.csv
120039946,0303300303030300030333033,53774,99946228,27320,133,26320,99946227,100000000,pymatching,SurfaceCode,25,1,5,MHBD_noise,0.001,500.0,results/brute_force/used_SC5_MHBD/results/sweep_96.csv
381610621,0333030303030303030303030,53625,99946377,26875,128,26621,99946376,100000000,pymatching,SurfaceCode,25,1,5,MHBD_noise,0.001,500.0,results/brute_force/used_SC5_MHBD/results/sweep_96.csv
1561897674,0300330330030300030333030,53466,99946536,25763,121,27581,99946535,100000000,pymatching,SurfaceCode,25,1,5,MHBD_noise,0.001,500.0,results/brute_force/used_SC5_MHBD/results/sweep_96.csv
2110344686,0033330300030303030333030,53278,99946724,27459,127,25691,99946723,100000000,pymatching,SurfaceCode,25,1,5,MHBD_noise,0.001,500.0,results/brute_force/used_SC5_MHBD/results/sweep_96.csv
1958405959,0333030300030300030330030,53497,99946505,23681,142,29673,99946504,100000000,pymatching,SurfaceCode,25,1,5,MHBD_noise,0.001,500.0,results/brute_force/used_SC5_MHBD/results/sweep_96.csv
1579025132,2032000000003303033303232,63563,99936439,29603,181,33778,99936438,100000000,pymatching,SurfaceCode,25,1,5,MHBD_noise,0.001,500.0,results/brute_force/used_SC5_MHBD/results/sweep_47.csv
1654561484,2032000000003303033303333,61068,99938934,29555,167,31345,99938933,100000000,pymatching,SurfaceCode,25,1,5,MHBD_noise,0.001,500.0,results/brute_force/used_SC5_MHBD/results/sweep_47.csv
1494440857,2033000000003303033303333,60001,99940001,29429,169,30402,99940000,100000000,pymatching,SurfaceCode,25,1,5,MHBD_noise,0.001,500.0,results/brute_force/used_SC5_MHBD/results/sweep_47.csv
375515388,2033000000003303033300333,60898,99939104,28654,154,32089,99939103,100000000,pymatching,SurfaceCode,25,1,5,MHBD_noise,0.001,500.0,results/brute_force/used_SC5_MHBD/results/sweep_47.csv
1141971719,2033000030003303033303333,60135,99939867,31158,173,28803,99939866,100000000,pymatching,SurfaceCode,25,1,5,MHBD_noise,0.001,500.0,results/brute_force/used_SC5_MHBD/results/sweep_47.csv
170750848,2333030030003303033303333,58787,99941215,33958,134,24694,99941214,100000000,pymatching,SurfaceCode,25,1,5,MHBD_noise,0.001,500.0,results/brute_force/used_SC5_MHBD/results/sweep_47.csv
1611397215,2333030030003303033003333,58116,99941886,32358,159,25598,99941885,100000000,pymatching,SurfaceCode,25,1,5,MHBD_noise,0.001,500.0,results/brute_force/used_SC5_MHBD/results/sweep_47.csv
1126223241,2333030000003303033003333,57769,99942233,30463,125,27180,99942232,100000000,pymatching,SurfaceCode,25,1,5,MHBD_noise,0.001,500.0,results/brute_force/used_SC5_MHBD/results/sweep_47.csv
1068900705,0330000000003300033003333,56941,99943061,24780,141,32019,99943060,100000000,pymatching,SurfaceCode,25,1,5,MHBD_noise,0.001,500.0,results/brute_force/used_SC5_MHBD/results/sweep_47.csv
620249433,3333000000003303033003333,56201,99943801,28744,165,27291,99943800,100000000,pymatching,SurfaceCode,25,1,5,MHBD_noise,0.001,500.0,results/brute_force/used_SC5_MHBD/results/sweep_47.csv
1829579507,0333300303030300030033003,53795,99946207,26779,146,26869,99946206,100000000,pymatching,SurfaceCode,25,1,5,MHBD_noise,0.001,500.0,results/brute_force/used_SC5_MHBD/results/sweep_126.csv
274710009,0303330300030300330003030,52885,99947117,24439,122,28323,99947116,100000000,pymatching,SurfaceCode,25,1,5,MHBD_noise,0.001,500.0,results/brute_force/used_SC5_MHBD/results/sweep_126.csv
1551628097,0003000300030303030303330,53826,99946176,23462,142,30221,99946175,100000000,pymatching,SurfaceCode,25,1,5,MHBD_noise,0.001,500.0,results/brute_force/used_SC5_MHBD/results/sweep_126.csv
404833705,0033030303030303030003033,54701,99945301,25975,148,28577,99945300,100000000,pymatching,SurfaceCode,25,1,5,MHBD_noise,0.001,500.0,results/brute_force/used_SC5_MHBD/results/sweep_126.csv
905177742,0333000300033300030333030,53198,99946804,25788,137,27272,99946803,100000000,pymatching,SurfaceCode,25,1,5,MHBD_noise,0.001,500.0,results/brute_force/used_SC5_MHBD/results/sweep_126.csv
1221649655,0300030330030300030303330,53633,99946369,24516,133,28983,99946368,100000000,pymatching,SurfaceCode,25,1,5,MHBD_noise,0.001,500.0,results/brute_force/used_SC5_MHBD/results/sweep_126.csv
1809727678,2003200333220003023320320,72642,99927360,33484,228,38929,99927359,100000000,pymatching,SurfaceCode,25,1,5,MHBD_noise,0.001,500.0,results/brute_force/used_SC5_MHBD/results/sweep_126.csv
1743197683,2003200333020003023320320,70085,99929917,31044,217,38823,99929916,100000000,pymatching,SurfaceCode,25,1,5,MHBD_noise,0.001,500.0,results/brute_force/used_SC5_MHBD/results/sweep_126.csv
1726324883,2003200333020003023330323,69653,99930349,32965,234,36453,99930348,100000000,pymatching,SurfaceCode,25,1,5,MHBD_noise,0.001,500.0,results/brute_force/used_SC5_MHBD/results/sweep_126.csv
279840705,0020300333203020002023033,69245,99930757,29628,210,39406,99930756,100000000,pymatching,SurfaceCode,25,1,5,MHBD_noise,0.001,500.0,results/brute_force/used_SC5_MHBD/results/sweep_126.csv
587139074,0022033303030330000230300,62307,99937695,27597,168,34541,99937694,100000000,pymatching,SurfaceCode,25,1,5,MHBD_noise,0.001,500.0,results/brute_force/used_SC5_MHBD/results/sweep_91.csv
1695699448,0032030303030330000230300,59666,99940336,24831,159,34675,99940335,100000000,pymatching,SurfaceCode,25,1,5,MHBD_noise,0.001,500.0,results/brute_force/used_SC5_MHBD/results/sweep_91.csv
1340707878,0032030003030330300230300,61220,99938782,25160,176,35883,99938781,100000000,pymatching,SurfaceCode,25,1,5,MHBD_noise,0.001,500.0,results/brute_force/used_SC5_MHBD/results/sweep_91.csv
677165380,0033030303030330000233303,58014,99941988,26919,148,30946,99941987,100000000,pymatching,SurfaceCode,25,1,5,MHBD_noise,0.001,500.0,results/brute_force/used_SC5_MHBD/results/sweep_91.csv
1728934781,0030330303030330000233303,58206,99941796,27429,181,30595,99941795,100000000,pymatching,SurfaceCode,25,1,5,MHBD_noise,0.001,500.0,results/brute_force/used_SC5_MHBD/results/sweep_91.csv
590985193,0033330303030330030333303,55886,99944116,30857,145,24883,99944115,100000000,pymatching,SurfaceCode,25,1,5,MHBD_noise,0.001,500.0,results/brute_force/used_SC5_MHBD/results/sweep_91.csv
629966847,0333330303030330030333303,55404,99944598,32119,145,23139,99944597,100000000,pymatching,SurfaceCode,25,1,5,MHBD_noise,0.001,500.0,results/brute_force/used_SC5_MHBD/results/sweep_91.csv
871080901,0333330303030300030333303,53709,99946293,29880,149,23679,99946292,100000000,pymatching,SurfaceCode,25,1,5,MHBD_noise,0.001,500.0,results/brute_force/used_SC5_MHBD/results/sweep_91.csv
271616925,0333330303030300030333003,53987,99946015,29238,158,24590,99946014,100000000,pymatching,SurfaceCode,25,1,5,MHBD_noise,0.001,500.0,results/brute_force/used_SC5_MHBD/results/sweep_91.csv
1863495814,0333330303030300030333300,53511,99946491,29101,139,24270,99946490,100000000,pymatching,SurfaceCode,25,1,5,MHBD_noise,0.001,500.0,results/brute_force/used_SC5_MHBD/results/sweep_91.csv
2143683790,3322302232020300320030322,75464,99924538,36682,256,38525,99924537,100000000,pymatching,SurfaceCode,25,1,5,MHBD_noise,0.001,500.0,results/brute_force/used_SC5_MHBD/results/sweep_40.csv
714202398,3322303232020300320030322,72405,99927597,36372,228,35804,99927596,100000000,pymatching,SurfaceCode,25,1,5,MHBD_noise,0.001,500.0,results/brute_force/used_SC5_MHBD/results/sweep_40.csv
850496861,3322303232020300320030302,71182,99928820,35411,223,35547,99928819,100000000,pymatching,SurfaceCode,25,1,5,MHBD_noise,0.001,500.0,results/brute_force/used_SC5_MHBD/results/sweep_40.csv
1814679377,3322303232000300320030302,70425,99929577,34118,198,36108,99929576,100000000,pymatching,SurfaceCode,25,1,5,MHBD_noise,0.001,500.0,results/brute_force/used_SC5_MHBD/results/sweep_40.csv
642823285,0322300233000300320030300,66017,99933985,27568,209,38239,99933984,100000000,pymatching,SurfaceCode,25,1,5,MHBD_noise,0.001,500.0,results/brute_force/used_SC5_MHBD/results/sweep_40.csv
1407076142,0322330333030300320030300,60795,99939207,30448,154,30192,99939206,100000000,pymatching,SurfaceCode,25,1,5,MHBD_noise,0.001,500.0,results/brute_force/used_SC5_MHBD/results/sweep_40.csv
69023318,0332030333030300320030303,58631,99941371,30351,148,28131,99941370,100000000,pymatching,SurfaceCode,25,1,5,MHBD_noise,0.001,500.0,results/brute_force/used_SC5_MHBD/results/sweep_40.csv
508304929,0332030333030300300030303,56851,99943151,28670,150,28030,99943150,100000000,pymatching,SurfaceCode,25,1,5,MHBD_noise,0.001,500.0,results/brute_force/used_SC5_MHBD/results/sweep_40.csv
806758212,0332000333030300300030303,57018,99942984,26996,158,29863,99942983,100000000,pymatching,SurfaceCode,25,1,5,MHBD_noise,0.001,500.0,results/brute_force/used_SC5_MHBD/results/sweep_40.csv
1294649590,3332000333030300300033303,56807,99943195,30044,142,26620,99943194,100000000,pymatching,SurfaceCode,25,1,5,MHBD_noise,0.001,500.0,results/brute_force/used_SC5_MHBD/results/sweep_40.csv
1988139631,0303302333220320200222033,73431,99926571,36214,245,36971,99926570,100000000,pymatching,SurfaceCode,25,1,5,MHBD_noise,0.001,500.0,results/brute_force/used_SC5_MHBD/results/sweep_51.csv
1339802375,0303302333220323200222033,73578,99926424,38457,250,34870,99926423,100000000,pymatching,SurfaceCode,25,1,5,MHBD_noise,0.001,500.0,results/brute_force/used_SC5_MHBD/results/sweep_51.csv
1098097719,0303302333220323000023023,69712,99930290,34964,220,34527,99930289,100000000,pymatching,SurfaceCode,25,1,5,MHBD_noise,0.001,500.0,results/brute_force/used_SC5_MHBD/results/sweep_51.csv
1948743463,3033303230002022330230200,71570,99928432,34960,203,36406,99928431,100000000,pymatching,SurfaceCode,25,1,5,MHBD_noise,0.001,500.0,results/brute_force/used_SC5_MHBD/results/sweep_51.csv
884702327,0303302233230323000222033,69488,99930514,36157,220,33110,99930513,100000000,pymatching,SurfaceCode,25,1,5,MHBD_noise,0.001,500.0,results/brute_force/used_SC5_MHBD/results/sweep_51.csv
2145640181,0303300333230323000003223,62809,99937193,32510,170,30128,99937192,100000000,pymatching,SurfaceCode,25,1,5,MHBD_noise,0.001,500.0,results/brute_force/used_SC5_MHBD/results/sweep_51.csv
1818688066,0303300333230323000003023,61955,99938047,31466,168,30320,99938046,100000000,pymatching,SurfaceCode,25,1,5,MHBD_noise,0.001,500.0,results/brute_force/used_SC5_MHBD/results/sweep_51.csv
1659109015,0303300330230323000033023,61500,99938502,30783,181,30535,99938501,100000000,pymatching,SurfaceCode,25,1,5,MHBD_noise,0.001,500.0,results/brute_force/used_SC5_MHBD/results/sweep_51.csv
263604349,0303300333230323030003023,60570,99939432,32769,180,27620,99939431,100000000,pymatching,SurfaceCode,25,1,5,MHBD_noise,0.001,500.0,results/brute_force/used_SC5_MHBD/results/sweep_51.csv
153373791,2303300333030323030003023,60173,99939829,32165,148,27859,99939828,100000000,pymatching,SurfaceCode,25,1,5,MHBD_noise,0.001,500.0,results/brute_force/used_SC5_MHBD/results/sweep_51.csv
518063171,0330300030330303030333000,56530,99943472,27142,153,29234,99943471,100000000,pymatching,SurfaceCode,25,1,5,MHBD_noise,0.001,500.0,results/brute_force/used_SC5_MHBD/results/sweep_80.csv
685116757,0330000330330303030333000,55958,99944044,27788,156,28013,99944043,100000000,pymatching,SurfaceCode,25,1,5,MHBD_noise,0.001,500.0,results/brute_force/used_SC5_MHBD/results/sweep_80.csv
1313296761,0333000330330000030333030,54059,99945943,26022,146,27890,99945942,100000000,pymatching,SurfaceCode,25,1,5,MHBD_noise,0.001,500.0,results/brute_force/used_SC5_MHBD/results/sweep_80.csv
552836374,0030000330330300030333030,54674,99945328,25809,127,28737,99945327,100000000,pymatching,SurfaceCode,25,1,5,MHBD_noise,0.001,500.0,results/brute_force/used_SC5_MHBD/results/sweep_80.csv
718225118,0330300330330300030333030,54029,99945973,27746,117,26165,99945972,100000000,pymatching,SurfaceCode,25,1,5,MHBD_noise,0.001,500.0,results/brute_force/used_SC5_MHBD/results/sweep_80.csv
1350373990,0033000330330300030333030,54416,99945586,26693,135,27587,99945585,100000000,pymatching,SurfaceCode,25,1,5,MHBD_noise,0.001,500.0,results/brute_force/used_SC5_MHBD/results/sweep_80.csv
992353768,0333000330330300030333030,53688,99946314,27462,135,26090,99946313,100000000,pymatching,SurfaceCode,25,1,5,MHBD_noise,0.001,500.0,results/brute_force/used_SC5_MHBD/results/sweep_80.csv
2020214952,0333000330330300030303030,53520,99946482,25941,139,27439,99946481,100000000,pymatching,SurfaceCode,25,1,5,MHBD_noise,0.001,500.0,results/brute_force/used_SC5_MHBD/results/sweep_80.csv
826418749,0303330303030300033033330,53351,99946651,28905,141,24304,99946650,100000000,pymatching,SurfaceCode,25,1,5,MHBD_noise,0.001,500.0,results/brute_force/used_SC5_MHBD/results/sweep_80.csv
1428155775,3030322000300003032330030,65702,99934300,26861,214,38626,99934299,100000000,pymatching,SurfaceCode,25,1,5,MHBD_noise,0.001,500.0,results/brute_force/used_SC5_MHBD/results/sweep_80.csv
1579460652,0303030300300302330330003,58740,99941262,27368,168,31203,99941261,100000000,pymatching,SurfaceCode,25,1,5,MHBD_noise,0.001,500.0,results/brute_force/used_SC5_MHBD/results/sweep_220.csv
543819775,2320322220020332220032202,87397,99912605,40177,342,46877,99912604,100000000,pymatching,SurfaceCode,25,1,5,MHBD_noise,0.001,500.0,results/brute_force/used_SC5_MHBD/results/sweep_220.csv
66086333,0222023300300300332330303,65540,99934462,33105,181,32253,99934461,100000000,pymatching,SurfaceCode,25,1,5,MHBD_noise,0.001,500.0,results/brute_force/used_SC5_MHBD/results/sweep_220.csv
326497287,2330330300032003033030230,61664,99938338,30135,169,31359,99938337,100000000,pymatching,SurfaceCode,25,1,5,MHBD_noise,0.001,500.0,results/brute_force/used_SC5_MHBD/results/sweep_220.csv
1972008353,3330330303320003300332300,62137,99937865,30379,183,31574,99937864,100000000,pymatching,SurfaceCode,25,1,5,MHBD_noise,0.001,500.0,results/brute_force/used_SC5_MHBD/results/sweep_220.csv
1760814584,0300300033330030032303000,61594,99938408,26845,178,34570,99938407,100000000,pymatching,SurfaceCode,25,1,5,MHBD_noise,0.001,500.0,results/brute_force/used_SC5_MHBD/results/sweep_220.csv
330176397,0030230330000303230330330,59119,99940883,28669,154,30295,99940882,100000000,pymatching,SurfaceCode,25,1,5,MHBD_noise,0.001,500.0,results/brute_force/used_SC5_MHBD/results/sweep_220.csv
932948603,0300000030033302330003330,58101,99941901,27159,136,30805,99941900,100000000,pymatching,SurfaceCode,25,1,5,MHBD_noise,0.001,500.0,results/brute_force/used_SC5_MHBD/results/sweep_220.csv
160061553,0303330320000003030303302,58579,99941423,25774,144,32660,99941422,100000000,pymatching,SurfaceCode,25,1,5,MHBD_noise,0.001,500.0,results/brute_force/used_SC5_MHBD/results/sweep_220.csv
345570842,3333030030330330030003333,55564,99944438,30562,168,24833,99944437,100000000,pymatching,SurfaceCode,25,1,5,MHBD_noise,0.001,500.0,results/brute_force/used_SC5_MHBD/results/sweep_220.csv
581146735,0320003203030330020320003,66696,99933306,27429,186,39080,99933305,100000000,pymatching,SurfaceCode,25,1,5,MHBD_noise,0.001,500.0,results/brute_force/used_SC5_MHBD/results/sweep_137.csv
764058902,0320003203030330020320033,65173,99934829,28033,191,36948,99934828,100000000,pymatching,SurfaceCode,25,1,5,MHBD_noise,0.001,500.0,results/brute_force/used_SC5_MHBD/results/sweep_137.csv
1999604419,0320033203030330020320033,65755,99934247,30347,205,35202,99934246,100000000,pymatching,SurfaceCode,25,1,5,MHBD_noise,0.001,500.0,results/brute_force/used_SC5_MHBD/results/sweep_137.csv
1503340410,0320033003030330020320033,63475,99936527,28188,187,35099,99936526,100000000,pymatching,SurfaceCode,25,1,5,MHBD_noise,0.001,500.0,results/brute_force/used_SC5_MHBD/results/sweep_137.csv
376358944,0320033203030330020300033,64270,99935732,28987,191,35091,99935731,100000000,pymatching,SurfaceCode,25,1,5,MHBD_noise,0.001,500.0,results/brute_force/used_SC5_MHBD/results/sweep_137.csv
2114073977,0320033000030330020330033,61786,99938216,26937,151,34697,99938215,100000000,pymatching,SurfaceCode,25,1,5,MHBD_noise,0.001,500.0,results/brute_force/used_SC5_MHBD/results/sweep_137.csv
1072745886,0320033000030330020300333,60944,99939058,27067,136,33740,99939057,100000000,pymatching,SurfaceCode,25,1,5,MHBD_noise,0.001,500.0,results/brute_force/used_SC5_MHBD/results/sweep_137.csv
1996347592,0303033030030330030300303,57252,99942750,27286,167,29798,99942749,100000000,pymatching,SurfaceCode,25,1,5,MHBD_noise,0.001,500.0,results/brute_force/used_SC5_MHBD/results/sweep_137.csv
1355959105,0300033000030330030300333,57091,99942911,25581,133,31376,99942910,100000000,pymatching,SurfaceCode,25,1,5,MHBD_noise,0.001,500.0,results/brute_force/used_SC5_MHBD/results/sweep_137.csv
878592358,0300333000030333030300333,57338,99942664,28580,161,28596,99942663,100000000,pymatching,SurfaceCode,25,1,5,MHBD_noise,0.001,500.0,results/brute_force/used_SC5_MHBD/results/sweep_137.csv
718860953,0320303020223303333323303,70225,99929777,42145,206,27873,99929776,100000000,pymatching,SurfaceCode,25,1,5,MHBD_noise,0.001,500.0,results/brute_force/used_SC5_MHBD/results/sweep_8.csv
1423679175,2023030023333000300202303,67771,99932231,31079,198,36493,99932230,100000000,pymatching,SurfaceCode,25,1,5,MHBD_noise,0.001,500.0,results/brute_force/used_SC5_MHBD/results/sweep_8.csv
640757289,2023030023333000300302300,65885,99934117,29569,213,36102,99934116,100000000,pymatching,SurfaceCode,25,1,5,MHBD_noise,0.001,500.0,results/brute_force/used_SC5_MHBD/results/sweep_8.csv
619742135,3023030023333000300302300,65095,99934907,29573,182,35339,99934906,100000000,pymatching,SurfaceCode,25,1,5,MHBD_noise,0.001,500.0,results/brute_force/used_SC5_MHBD/results/sweep_8.csv
842535698,2023030323333000300302300,64351,99935651,31436,195,32719,99935650,100000000,pymatching,SurfaceCode,25,1,5,MHBD_noise,0.001,500.0,results/brute_force/used_SC5_MHBD/results/sweep_8.csv
1313305418,3023030023333000300303300,63670,99936332,29397,177,34095,99936331,100000000,pymatching,SurfaceCode,25,1,5,MHBD_noise,0.001,500.0,results/brute_force/used_SC5_MHBD/results/sweep_8.csv
1475138156,0003030333330000300303300,57710,99942292,26392,146,31171,99942291,100000000,pymatching,SurfaceCode,25,1,5,MHBD_noise,0.001,500.0,results/brute_force/used_SC5_MHBD/results/sweep_8.csv
361631923,0303330333330302303003330,59425,99940577,34865,141,24418,99940576,100000000,pymatching,SurfaceCode,25,1,5,MHBD_noise,0.001,500.0,results/brute_force/used_SC5_MHBD/results/sweep_8.csv
899453429,0303330333030300300303330,54293,99945709,29210,147,24935,99945708,100000000,pymatching,SurfaceCode,25,1,5,MHBD_noise,0.001,500.0,results/brute_force/used_SC5_MHBD/results/sweep_8.csv
1834403131,0333330330030300300303330,53631,99946371,29239,136,24255,99946370,100000000,pymatching,SurfaceCode,25,1,5,MHBD_noise,0.001,500.0,results/brute_force/used_SC5_MHBD/results/sweep_8.csv
1012306659,0333030303030003030300330,54081,99945921,25367,136,28577,99945920,100000000,pymatching,SurfaceCode,25,1,5,MHBD_noise,0.001,500.0,results/brute_force/used_SC5_MHBD/results/sweep_56.csv
866652150,0333030303030303030300330,53612,99946390,27470,168,25973,99946389,100000000,pymatching,SurfaceCode,25,1,5,MHBD_noise,0.001,500.0,results/brute_force/used_SC5_MHBD/results/sweep_56.csv
152624580,0333030303030303030000330,54178,99945824,26303,146,27728,99945823,100000000,pymatching,SurfaceCode,25,1,5,MHBD_noise,0.001,500.0,results/brute_force/used_SC5_MHBD/results/sweep_56.csv
287495135,0333030303030300330030330,53204,99946798,27528,136,25539,99946797,100000000,pymatching,SurfaceCode,25,1,5,MHBD_noise,0.001,500.0,results/brute_force/used_SC5_MHBD/results/sweep_56.csv
635264967,0333030303030300030330330,52742,99947260,25954,111,26676,99947259,100000000,pymatching,SurfaceCode,25,1,5,MHBD_noise,0.001,500.0,results/brute_force/used_SC5_MHBD/results/sweep_56.csv
1483422283,3303300300030300030033333,52608,99947394,27051,133,25423,99947393,100000000,pymatching,SurfaceCode,25,1,5,MHBD_noise,0.001,500.0,results/brute_force/used_SC5_MHBD/results/sweep_56.csv
1951505726,0333330300030300030333033,52479,99947523,27629,121,24728,99947522,100000000,pymatching,SurfaceCode,25,1,5,MHBD_noise,0.001,500.0,results/brute_force/used_SC5_MHBD/results/sweep_56.csv
352516391,0200322330003302033033223,68781,99931221,36558,233,31989,99931220,100000000,pymatching,SurfaceCode,25,1,5,MHBD_noise,0.001,500.0,results/brute_force/used_SC5_MHBD/results/sweep_56.csv
1813114984,0300322330003302033033223,67006,99932996,36278,192,30535,99932995,100000000,pymatching,SurfaceCode,25,1,5,MHBD_noise,0.001,500.0,results/brute_force/used_SC5_MHBD/results/sweep_56.csv
762367871,0300322333003303033033220,64982,99935020,36446,195,28340,99935019,100000000,pymatching,SurfaceCode,25,1,5,MHBD_noise,0.001,500.0,results/brute_force/used_SC5_MHBD/results/sweep_56.csv
14944189,0330030303030300030303330,53060,99946942,25263,124,27672,99946941,100000000,pymatching,SurfaceCode,25,1,5,MHBD_noise,0.001,500.0,results/brute_force/used_SC5_MHBD/results/sweep_87.csv
273974861,3303330330030300030303330,52954,99947048,27750,125,25078,99947047,100000000,pymatching,SurfaceCode,25,1,5,MHBD_noise,0.001,500.0,results/brute_force/used_SC5_MHBD/results/sweep_87.csv
1336846427,0203230303200330232303003,67798,99932204,32873,225,34699,99932203,100000000,pymatching,SurfaceCode,25,1,5,MHBD_noise,0.001,500.0,results/brute_force/used_SC5_MHBD/results/sweep_87.csv
1781413507,3323000333020200330030223,65163,99934839,31931,200,33031,99934838,100000000,pymatching,SurfaceCode,25,1,5,MHBD_noise,0.001,500.0,results/brute_force/used_SC5_MHBD/results/sweep_87.csv
1487686854,3323000333020300330030223,62629,99937373,31833,181,30614,99937372,100000000,pymatching,SurfaceCode,25,1,5,MHBD_noise,0.001,500.0,results/brute_force/used_SC5_MHBD/results/sweep_87.csv
766591339,3303000333020302330030223,63681,99936321,33085,184,30411,99936320,100000000,pymatching,SurfaceCode,25,1,5,MHBD_noise,0.001,500.0,results/brute_force/used_SC5_MHBD/results/sweep_87.csv
626934223,3323000333020300330030323,61509,99938493,32211,173,29124,99938492,100000000,pymatching,SurfaceCode,25,1,5,MHBD_noise,0.001,500.0,results/brute_force/used_SC5_MHBD/results/sweep_87.csv
1415916034,3003000333320300330030320,61116,99938886,30521,190,30404,99938885,100000000,pymatching,SurfaceCode,25,1,5,MHBD_noise,0.001,500.0,results/brute_force/used_SC5_MHBD/results/sweep_87.csv
142283946,3303020333000300330030323,58891,99941111,29807,150,28933,99941110,100000000,pymatching,SurfaceCode,25,1,5,MHBD_noise,0.001,500.0,results/brute_force/used_SC5_MHBD/results/sweep_87.csv
354474861,3303020333000300333030323,60152,99939850,32109,158,27884,99939849,100000000,pymatching,SurfaceCode,25,1,5,MHBD_noise,0.001,500.0,results/brute_force/used_SC5_MHBD/results/sweep_87.csv
1329764886,3303030033030303030330030,56044,99943958,27715,142,28186,99943957,100000000,pymatching,SurfaceCode,25,1,5,MHBD_noise,0.001,500.0,results/brute_force/used_SC5_MHBD/results/sweep_130.csv
1007328307,3303030333030303030330030,55389,99944613,29608,144,25636,99944612,100000000,pymatching,SurfaceCode,25,1,5,MHBD_noise,0.001,500.0,results/brute_force/used_SC5_MHBD/results/sweep_130.csv
1333149958,3303000333030303030330030,55663,99944339,29034,160,26468,99944338,100000000,pymatching,SurfaceCode,25,1,5,MHBD_noise,0.001,500.0,results/brute_force/used_SC5_MHBD/results/sweep_130.csv
1053815739,3303030303030303030330030,54764,99945238,27006,153,27604,99945237,100000000,pymatching,SurfaceCode,25,1,5,MHBD_noise,0.001,500.0,results/brute_force/used_SC5_MHBD/results/sweep_130.csv
1938410387,3303330303030300030030030,54041,99945961,25382,138,28520,99945960,100000000,pymatching,SurfaceCode,25,1,5,MHBD_noise,0.001,500.0,results/brute_force/used_SC5_MHBD/results/sweep_130.csv
1191467384,3303330300030300030033030,52787,99947215,25232,124,27430,99947214,100000000,pymatching,SurfaceCode,25,1,5,MHBD_noise,0.001,500.0,results/brute_force/used_SC5_MHBD/results/sweep_130.csv
1886917107,0330030303000303030330330,55002,99945000,25899,142,28960,99944999,100000000,pymatching,SurfaceCode,25,1,5,MHBD_noise,0.001,500.0,results/brute_force/used_SC5_MHBD/results/sweep_130.csv
1579835957,3303030300030300030303330,52916,99947086,24230,122,28563,99947085,100000000,pymatching,SurfaceCode,25,1,5,MHBD_noise,0.001,500.0,results/brute_force/used_SC5_MHBD/results/sweep_130.csv
1129979994,0333030300030300030330330,52653,99947349,24699,134,27819,99947348,100000000,pymatching,SurfaceCode,25,1,5,MHBD_noise,0.001,500.0,results/brute_force/used_SC5_MHBD/results/sweep_130.csv
202766440,3020002233202303303303303,73595,99926407,38874,211,34509,99926406,100000000,pymatching,SurfaceCode,25,1,5,MHBD_noise,0.001,500.0,results/brute_force/used_SC5_MHBD/results/sweep_130.csv
1973189021,0300030330303333033033000,59724,99940278,32192,160,27371,99940277,100000000,pymatching,SurfaceCode,25,1,5,MHBD_noise,0.001,500.0,results/brute_force/used_SC5_MHBD/results/sweep_24.csv
1575329166,0303030330300330033033000,56988,99943014,28419,138,28430,99943013,100000000,pymatching,SurfaceCode,25,1,5,MHBD_noise,0.001,500.0,results/brute_force/used_SC5_MHBD/results/sweep_24.csv
533601545,0303030330300330033033030,56401,99943601,29173,157,27070,99943600,100000000,pymatching,SurfaceCode,25,1,5,MHBD_noise,0.001,500.0,results/brute_force/used_SC5_MHBD/results/sweep_24.csv
1393302634,0303030330300300033033030,55021,99944981,26670,136,28214,99944980,100000000,pymatching,SurfaceCode,25,1,5,MHBD_noise,0.001,500.0,results/brute_force/used_SC5_MHBD/results/sweep_24.csv
473890072,0303030330300300033033300,55365,99944637,26566,130,28668,99944636,100000000,pymatching,SurfaceCode,25,1,5,MHBD_noise,0.001,500.0,results/brute_force/used_SC5_MHBD/results/sweep_24.csv
1788560992,0330330330300300030033330,54317,99945685,27607,142,26567,99945684,100000000,pymatching,SurfaceCode,25,1,5,MHBD_noise,0.001,500.0,results/brute_force/used_SC5_MHBD/results/sweep_24.csv
582758688,0333330330300300030033330,54281,99945721,29148,141,24991,99945720,100000000,pymatching,SurfaceCode,25,1,5,MHBD_noise,0.001,500.0,results/brute_force/used_SC5_MHBD/results/sweep_24.csv
606064561,3333300300300300030033330,53965,99946037,27322,136,26506,99946036,100000000,pymatching,SurfaceCode,25,1,5,MHBD_noise,0.001,500.0,results/brute_force/used_SC5_MHBD/results/sweep_24.csv
233433638,0333300300300300030033330,53309,99946693,25398,127,27783,99946692,100000000,pymatching,SurfaceCode,25,1,5,MHBD_noise,0.001,500.0,results/brute_force/used_SC5_MHBD/results/sweep_24.csv
1251372799,0333300300030303030033330,52121,99947881,27000,141,24979,99947880,100000000,pymatching,SurfaceCode,25,1,5,MHBD_noise,0.001,500.0,results/brute_force/used_SC5_MHBD/results/sweep_24.csv
1364509989,0333030303030300330003333,53396,99946606,28849,120,24426,99946605,100000000,pymatching,SurfaceCode,25,1,5,MHBD_noise,0.001,500.0,results/brute_force/used_SC5_MHBD/results/sweep_6.csv
1103067724,0333030300030300030003333,52581,99947421,24645,144,27791,99947420,100000000,pymatching,SurfaceCode,25,1,5,MHBD_noise,0.001,500.0,results/brute_force/used_SC5_MHBD/results/sweep_6.csv
1169911933,0302330032032330030030232,64764,99935238,32171,178,32414,99935237,100000000,pymatching,SurfaceCode,25,1,5,MHBD_noise,0.001,500.0,results/brute_force/used_SC5_MHBD/results/sweep_6.csv
1675244968,0302330032032330000030232,66140,99933862,30671,224,35244,99933861,100000000,pymatching,SurfaceCode,25,1,5,MHBD_noise,0.001,500.0,results/brute_force/used_SC5_MHBD/results/sweep_6.csv
1270641285,0300330032032330030030232,64191,99935811,31370,158,32662,99935810,100000000,pymatching,SurfaceCode,25,1,5,MHBD_noise,0.001,500.0,results/brute_force/used_SC5_MHBD/results/sweep_6.csv
1399363589,0300330032033330030030232,61743,99938259,31169,179,30394,99938258,100000000,pymatching,SurfaceCode,25,1,5,MHBD_noise,0.001,500.0,results/brute_force/used_SC5_MHBD/results/sweep_6.csv
151465729,0303330032030330030030232,60420,99939582,29074,166,31179,99939581,100000000,pymatching,SurfaceCode,25,1,5,MHBD_noise,0.001,500.0,results/brute_force/used_SC5_MHBD/results/sweep_6.csv
183750733,0303330033030330030030232,59522,99940480,29000,162,30359,99940479,100000000,pymatching,SurfaceCode,25,1,5,MHBD_noise,0.001,500.0,results/brute_force/used_SC5_MHBD/results/sweep_6.csv
728688841,0303330033000330030030232,60110,99939892,26977,181,32951,99939891,100000000,pymatching,SurfaceCode,25,1,5,MHBD_noise,0.001,500.0,results/brute_force/used_SC5_MHBD/results/sweep_6.csv
1596629738,0303330033000330030030332,58243,99941759,27401,157,30684,99941758,100000000,pymatching,SurfaceCode,25,1,5,MHBD_noise,0.001,500.0,results/brute_force/used_SC5_MHBD/results/sweep_6.csv
2041103665,0033033303022003300323032,65226,99934776,32818,200,32207,99934775,100000000,pymatching,SurfaceCode,25,1,5,MHBD_noise,0.001,500.0,results/brute_force/used_SC5_MHBD/results/sweep_193.csv
2014574235,0030300332233003002030033,64722,99935280,31939,190,32592,99935279,100000000,pymatching,SurfaceCode,25,1,5,MHBD_noise,0.001,500.0,results/brute_force/used_SC5_MHBD/results/sweep_193.csv
581478930,2300200333020300033033230,60750,99939252,29807,166,30776,99939251,100000000,pymatching,SurfaceCode,25,1,5,MHBD_noise,0.001,500.0,results/brute_force/used_SC5_MHBD/results/sweep_193.csv
1227192080,0003302330033003030303320,60788,99939214,30541,166,30080,99939213,100000000,pymatching,SurfaceCode,25,1,5,MHBD_noise,0.001,500.0,results/brute_force/used_SC5_MHBD/results/sweep_193.csv
399670816,0023020030033000330303030,59783,99940219,25112,161,34509,99940218,100000000,pymatching,SurfaceCode,25,1,5,MHBD_noise,0.001,500.0,results/brute_force/used_SC5_MHBD/results/sweep_193.csv
150481544,0330330303033002002030330,59254,99940748,28983,172,30098,99940747,100000000,pymatching,SurfaceCode,25,1,5,MHBD_noise,0.001,500.0,results/brute_force/used_SC5_MHBD/results/sweep_193.csv
1866765782,3330200303000320330330300,58654,99941348,28265,148,30240,99941347,100000000,pymatching,SurfaceCode,25,1,5,MHBD_noise,0.001,500.0,results/brute_force/used_SC5_MHBD/results/sweep_193.csv
2057572187,0203332333000303030030330,59215,99940787,30282,165,28767,99940786,100000000,pymatching,SurfaceCode,25,1,5,MHBD_noise,0.001,500.0,results/brute_force/used_SC5_MHBD/results/sweep_193.csv
17152401,3203300320003303030333333,58484,99941518,32489,159,25835,99941517,100000000,pymatching,SurfaceCode,25,1,5,MHBD_noise,0.001,500.0,results/brute_force/used_SC5_MHBD/results/sweep_193.csv
153161761,3023003300322000332030033,67829,99932173,34411,203,33214,99932172,100000000,pymatching,SurfaceCode,25,1,5,MHBD_noise,0.001,500.0,results/brute_force/used_SC5_MHBD/results/sweep_193.csv
1791794826,3030300303030303033030033,56640,99943362,28927,160,27552,99943361,100000000,pymatching,SurfaceCode,25,1,5,MHBD_noise,0.001,500.0,results/brute_force/used_SC5_MHBD/results/sweep_142.csv
2090680820,0330330303030303030030033,54925,99945077,27725,145,27054,99945076,100000000,pymatching,SurfaceCode,25,1,5,MHBD_noise,0.001,500.0,results/brute_force/used_SC5_MHBD/results/sweep_142.csv
1185049988,0330330303030303030030030,54819,99945183,26334,144,28340,99945182,100000000,pymatching,SurfaceCode,25,1,5,MHBD_noise,0.001,500.0,results/brute_force/used_SC5_MHBD/results/sweep_142.csv
2026374527,0300330303030303030030033,55006,99944996,26265,154,28586,99944995,100000000,pymatching,SurfaceCode,25,1,5,MHBD_noise,0.001,500.0,results/brute_force/used_SC5_MHBD/results/sweep_142.csv
1896518526,0330330303030303030003030,54329,99945673,26009,158,28161,99945672,100000000,pymatching,SurfaceCode,25,1,5,MHBD_noise,0.001,500.0,results/brute_force/used_SC5_MHBD/results/sweep_142.csv
135032553,0330030303030303030303030,54197,99945805,25967,150,28079,99945804,100000000,pymatching,SurfaceCode,25,1,5,MHBD_noise,0.001,500.0,results/brute_force/used_SC5_MHBD/results/sweep_142.csv
280534909,0330030303030303030303330,53845,99946157,27129,152,26563,99946156,100000000,pymatching,SurfaceCode,25,1,5,MHBD_noise,0.001,500.0,results/brute_force/used_SC5_MHBD/results/sweep_142.csv
905581341,0330330303030300030333333,54578,99945424,30273,123,24181,99945423,100000000,pymatching,SurfaceCode,25,1,5,MHBD_noise,0.001,500.0,results/brute_force/used_SC5_MHBD/results/sweep_142.csv
938665551,0333030303030300330003030,52944,99947058,25827,121,26995,99947057,100000000,pymatching,SurfaceCode,25,1,5,MHBD_noise,0.001,500.0,results/brute_force/used_SC5_MHBD/results/sweep_142.csv
428127828,0303303300030300030333330,52916,99947086,27285,137,25493,99947085,100000000,pymatching,SurfaceCode,25,1,5,MHBD_noise,0.001,500.0,results/brute_force/used_SC5_MHBD/results/sweep_142.csv
884912111,0333333300030300030333330,52811,99947191,30104,134,22572,99947190,100000000,pymatching,SurfaceCode,25,1,5,MHBD_noise,0.001,500.0,results/brute_force/used_SC5_MHBD/results/sweep_58.csv
617573298,2230323200302332030003302,72156,99927846,35465,251,36439,99927845,100000000,pymatching,SurfaceCode,25,1,5,MHBD_noise,0.001,500.0,results/brute_force/used_SC5_MHBD/results/sweep_58.csv
567045257,0023202000330000000003032,68120,99931882,22237,191,45691,99931881,100000000,pymatching,SurfaceCode,25,1,5,MHBD_noise,0.001,500.0,results/brute_force/used_SC5_MHBD/results/sweep_58.csv
1513442512,0023202000330000300003032,66988,99933014,23922,192,42873,99933013,100000000,pymatching,SurfaceCode,25,1,5,MHBD_noise,0.001,500.0,results/brute_force/used_SC5_MHBD/results/sweep_58.csv
332865491,3023302000330000000003032,66049,99933953,24060,175,41813,99933952,100000000,pymatching,SurfaceCode,25,1,5,MHBD_noise,0.001,500.0,results/brute_force/used_SC5_MHBD/results/sweep_58.csv
2127401465,3022302000330300000003032,66120,99933882,25455,194,40470,99933881,100000000,pymatching,SurfaceCode,25,1,5,MHBD_noise,0.001,500.0,results/brute_force/used_SC5_MHBD/results/sweep_58.csv
1770558485,0023203300330000300003033,60953,99939049,25927,156,34869,99939048,100000000,pymatching,SurfaceCode,25,1,5,MHBD_noise,0.001,500.0,results/brute_force/used_SC5_MHBD/results/sweep_58.csv
290870798,0023203300330300300023033,60837,99939165,28640,178,32018,99939164,100000000,pymatching,SurfaceCode,25,1,5,MHBD_noise,0.001,500.0,results/brute_force/used_SC5_MHBD/results/sweep_58.csv
770017542,0033303300330300303023033,58158,99941844,30545,159,27453,99941843,100000000,pymatching,SurfaceCode,25,1,5,MHBD_noise,0.001,500.0,results/brute_force/used_SC5_MHBD/results/sweep_58.csv
823309724,0000303300330300300003033,57358,99942644,24868,163,32326,99942643,100000000,pymatching,SurfaceCode,25,1,5,MHBD_noise,0.001,500.0,results/brute_force/used_SC5_MHBD/results/sweep_58.csv
1377577578,0303330303030300030333300,53065,99946937,27284,141,25639,99946936,100000000,pymatching,SurfaceCode,25,1,5,MHBD_noise,0.001,500.0,results/brute_force/used_SC5_MHBD/results/sweep_89.csv
423488062,0303030303030303030303330,53801,99946201,27165,144,26491,99946200,100000000,pymatching,SurfaceCode,25,1,5,MHBD_noise,0.001,500.0,results/brute_force/used_SC5_MHBD/results/sweep_89.csv
1349322107,0303330303030303030003030,54213,99945789,26230,134,27848,99945788,100000000,pymatching,SurfaceCode,25,1,5,MHBD_noise,0.001,500.0,results/brute_force/used_SC5_MHBD/results/sweep_89.csv
594520906,0333330303030300030033030,52686,99947316,27535,131,25019,99947315,100000000,pymatching,SurfaceCode,25,1,5,MHBD_noise,0.001,500.0,results/brute_force/used_SC5_MHBD/results/sweep_89.csv
633377789,0333330300033300030303030,52387,99947615,27131,152,25103,99947614,100000000,pymatching,SurfaceCode,25,1,5,MHBD_noise,0.001,500.0,results/brute_force/used_SC5_MHBD/results/sweep_89.csv
2118282144,0333030300030303330303030,53478,99946524,27084,133,26260,99946523,100000000,pymatching,SurfaceCode,25,1,5,MHBD_noise,0.001,500.0,results/brute_force/used_SC5_MHBD/results/sweep_89.csv
659144848,0300330303030303030303033,55079,99944923,27319,166,27593,99944922,100000000,pymatching,SurfaceCode,25,1,5,MHBD_noise,0.001,500.0,results/brute_force/used_SC5_MHBD/results/sweep_89.csv
421810182,0300300303030303030303330,54441,99945561,26230,159,28051,99945560,100000000,pymatching,SurfaceCode,25,1,5,MHBD_noise,0.001,500.0,results/brute_force/used_SC5_MHBD/results/sweep_89.csv
1267783950,0003330300030300030333030,53499,99946503,24726,146,28626,99946502,100000000,pymatching,SurfaceCode,25,1,5,MHBD_noise,0.001,500.0,results/brute_force/used_SC5_MHBD/results/sweep_89.csv
1971749357,3303000303030300030330330,54264,99945738,25655,135,28473,99945737,100000000,pymatching,SurfaceCode,25,1,5,MHBD_noise,0.001,500.0,results/brute_force/used_SC5_MHBD/results/sweep_89.csv
54656083,3323000303333020230333020,62882,99937120,33593,166,29122,99937119,100000000,pymatching,SurfaceCode,25,1,5,MHBD_noise,0.001,500.0,results/brute_force/used_SC5_MHBD/results/sweep_139.csv
1996623908,3323000303333020233333020,64494,99935508,36994,180,27319,99935507,100000000,pymatching,SurfaceCode,25,1,5,MHBD_noise,0.001,500.0,results/brute_force/used_SC5_MHBD/results/sweep_139.csv
1685905462,3323000303330020230333020,62096,99937906,30683,175,31237,99937905,100000000,pymatching,SurfaceCode,25,1,5,MHBD_noise,0.001,500.0,results/brute_force/used_SC5_MHBD/results/sweep_139.csv
1208674483,3333330303330320230333030,59952,99940050,37359,156,22436,99940049,100000000,pymatching,SurfaceCode,25,1,5,MHBD_noise,0.001,500.0,results/brute_force/used_SC5_MHBD/results/sweep_139.csv
711283141,3333330303330320330333030,58879,99941123,37180,153,21545,99941122,100000000,pymatching,SurfaceCode,25,1,5,MHBD_noise,0.001,500.0,results/brute_force/used_SC5_MHBD/results/sweep_139.csv
84607736,3333330303330320330030030,58090,99941912,34149,169,23771,99941911,100000000,pymatching,SurfaceCode,25,1,5,MHBD_noise,0.001,500.0,results/brute_force/used_SC5_MHBD/results/sweep_139.csv
1332785445,3330330303330330330030030,57072,99942930,32259,135,24677,99942929,100000000,pymatching,SurfaceCode,25,1,5,MHBD_noise,0.001,500.0,results/brute_force/used_SC5_MHBD/results/sweep_139.csv
440371195,0333330300030320030030030,55010,99944992,26162,118,28729,99944991,100000000,pymatching,SurfaceCode,25,1,5,MHBD_noise,0.001,500.0,results/brute_force/used_SC5_MHBD/results/sweep_139.csv
1350003837,0333330303030300030030030,53017,99946985,25722,147,27147,99946984,100000000,pymatching,SurfaceCode,25,1,5,MHBD_noise,0.001,500.0,results/brute_force/used_SC5_MHBD/results/sweep_139.csv
1363471022,0303330303030300030030030,53877,99946125,24238,125,29513,99946124,100000000,pymatching,SurfaceCode,25,1,5,MHBD_noise,0.001,500.0,results/brute_force/used_SC5_MHBD/results/sweep_139.csv
1556675628,3333330300030300030033030,52604,99947398,26651,127,25825,99947397,100000000,pymatching,SurfaceCode,25,1,5,MHBD_noise,0.001,500.0,results/brute_force/used_SC5_MHBD/results/sweep_23.csv
1267294129,3300030030303223302023200,73054,99926948,32910,232,39911,99926947,100000000,pymatching,SurfaceCode,25,1,5,MHBD_noise,0.001,500.0,results/brute_force/used_SC5_MHBD/results/sweep_23.csv
1560884977,3300000030303223302023200,72768,99927234,31566,230,40971,99927233,100000000,pymatching,SurfaceCode,25,1,5,MHBD_noise,0.001,500.0,results/brute_force/used_SC5_MHBD/results/sweep_23.csv
1227625660,3300000030303223303023200,69252,99930750,31263,211,37777,99930749,100000000,pymatching,SurfaceCode,25,1,5,MHBD_noise,0.001,500.0,results/brute_force/used_SC5_MHBD/results/sweep_23.csv
1051257741,3300030030303223302023300,70347,99929655,32592,240,37514,99929654,100000000,pymatching,SurfaceCode,25,1,5,MHBD_noise,0.001,500.0,results/brute_force/used_SC5_MHBD/results/sweep_23.csv
1994263365,3300020030303223303023200,70861,99929141,32607,215,38038,99929140,100000000,pymatching,SurfaceCode,25,1,5,MHBD_noise,0.001,500.0,results/brute_force/used_SC5_MHBD/results/sweep_23.csv
812272777,3300030030203203002023300,68460,99931542,28364,202,39893,99931541,100000000,pymatching,SurfaceCode,25,1,5,MHBD_noise,0.001,500.0,results/brute_force/used_SC5_MHBD/results/sweep_23.csv
1443520404,3303030333203333002033300,62915,99937087,34706,174,28034,99937086,100000000,pymatching,SurfaceCode,25,1,5,MHBD_noise,0.001,500.0,results/brute_force/used_SC5_MHBD/results/sweep_23.csv
1919714087,3300030330203333003033300,60678,99939324,32127,149,28401,99939323,100000000,pymatching,SurfaceCode,25,1,5,MHBD_noise,0.001,500.0,results/brute_force/used_SC5_MHBD/results/sweep_23.csv
1759920778,0300030330303333003033000,60630,99939372,30009,152,30468,99939371,100000000,pymatching,SurfaceCode,25,1,5,MHBD_noise,0.001,500.0,results/brute_force/used_SC5_MHBD/results/sweep_23.csv
1783282299,0333030232202330033230000,67547,99932455,34958,184,32404,99932454,100000000,pymatching,SurfaceCode,25,1,5,MHBD_noise,0.001,500.0,results/brute_force/used_SC5_MHBD/results/sweep_1.csv
561535114,0333030232202330333230000,68361,99931641,38164,207,29989,99931640,100000000,pymatching,SurfaceCode,25,1,5,MHBD_noise,0.001,500.0,results/brute_force/used_SC5_MHBD/results/sweep_1.csv
1089670850,0300330320200000032032030,64599,99935403,25349,192,39057,99935402,100000000,pymatching,SurfaceCode,25,1,5,MHBD_noise,0.001,500.0,results/brute_force/used_SC5_MHBD/results/sweep_1.csv
1644149236,0300330320200000032033030,62093,99937909,25294,181,36617,99937908,100000000,pymatching,SurfaceCode,25,1,5,MHBD_noise,0.001,500.0,results/brute_force/used_SC5_MHBD/results/sweep_1.csv
375718106,0303330330000300033033000,54761,99945241,25594,129,29037,99945240,100000000,pymatching,SurfaceCode,25,1,5,MHBD_noise,0.001,500.0,results/brute_force/used_SC5_MHBD/results/sweep_1.csv
848003224,0333330330000000033033000,55939,99944063,26192,119,29627,99944062,100000000,pymatching,SurfaceCode,25,1,5,MHBD_noise,0.001,500.0,results/brute_force/used_SC5_MHBD/results/sweep_1.csv
88941887,0303330330000300030033200,55628,99944374,24795,156,30676,99944373,100000000,pymatching,SurfaceCode,25,1,5,MHBD_noise,0.001,500.0,results/brute_force/used_SC5_MHBD/results/sweep_1.csv
1546568303,0303330330030300033003000,54090,99945912,25619,139,28331,99945911,100000000,pymatching,SurfaceCode,25,1,5,MHBD_noise,0.001,500.0,results/brute_force/used_SC5_MHBD/results/sweep_1.csv
204681580,0333330330030300033033000,54252,99945750,28710,134,25407,99945749,100000000,pymatching,SurfaceCode,25,1,5,MHBD_noise,0.001,500.0,results/brute_force/used_SC5_MHBD/results/sweep_1.csv
374160724,0333330330030300030003030,53254,99946748,25859,146,27248,99946747,100000000,pymatching,SurfaceCode,25,1,5,MHBD_noise,0.001,500.0,results/brute_force/used_SC5_MHBD/results/sweep_1.csv
615070675,3233223302032003030303030,66806,99933196,35097,189,31519,99933195,100000000,pymatching,SurfaceCode,25,1,5,MHBD_noise,0.001,500.0,results/brute_force/used_SC5_MHBD/results/sweep_194.csv
767598108,2033030033300300030332030,60676,99939326,27846,160,32669,99939325,100000000,pymatching,SurfaceCode,25,1,5,MHBD_noise,0.001,500.0,results/brute_force/used_SC5_MHBD/results/sweep_194.csv
852250886,3300000330233033030303033,59447,99940555,31819,152,27475,99940554,100000000,pymatching,SurfaceCode,25,1,5,MHBD_noise,0.001,500.0,results/brute_force/used_SC5_MHBD/results/sweep_194.csv
1286433498,0030330302030033003330033,59879,99940123,28021,142,31715,99940122,100000000,pymatching,SurfaceCode,25,1,5,MHBD_noise,0.001,500.0,results/brute_force/used_SC5_MHBD/results/sweep_194.csv
1434815578,3322000300233030330330220,65890,99934112,32523,185,33181,99934111,100000000,pymatching,SurfaceCode,25,1,5,MHBD_noise,0.001,500.0,results/brute_force/used_SC5_MHBD/results/sweep_194.csv
1441976978,2323030020203302030303330,63180,99936822,30916,201,32062,99936821,100000000,pymatching,SurfaceCode,25,1,5,MHBD_noise,0.001,500.0,results/brute_force/used_SC5_MHBD/results/sweep_194.csv
1797827079,0330030000333323300033230,62730,99937272,32168,149,30412,99937271,100000000,pymatching,SurfaceCode,25,1,5,MHBD_noise,0.001,500.0,results/brute_force/used_SC5_MHBD/results/sweep_194.csv
710833136,0203333333030330033033230,60545,99939457,36538,160,23846,99939456,100000000,pymatching,SurfaceCode,25,1,5,MHBD_noise,0.001,500.0,results/brute_force/used_SC5_MHBD/results/sweep_194.csv
1100951462,0323332000033303030303330,58485,99941517,32062,166,26256,99941516,100000000,pymatching,SurfaceCode,25,1,5,MHBD_noise,0.001,500.0,results/brute_force/used_SC5_MHBD/results/sweep_194.csv
788020425,0030030333030003000003033,57247,99942755,24852,149,32245,99942754,100000000,pymatching,SurfaceCode,25,1,5,MHBD_noise,0.001,500.0,results/brute_force/used_SC5_MHBD/results/sweep_194.csv
1602243559,0303030303030300330330030,54088,99945914,26234,144,27709,99945913,100000000,pymatching,SurfaceCode,25,1,5,MHBD_noise,0.001,500.0,results/brute_force/used_SC5_MHBD/results/sweep_145.csv
1261108871,0300030303030300030330330,54380,99945622,24579,144,29656,99945621,100000000,pymatching,SurfaceCode,25,1,5,MHBD_noise,0.001,500.0,results/brute_force/used_SC5_MHBD/results/sweep_145.csv
673663662,3303030303030303030300330,54549,99945453,26951,148,27449,99945452,100000000,pymatching,SurfaceCode,25,1,5,MHBD_noise,0.001,500.0,results/brute_force/used_SC5_MHBD/results/sweep_145.csv
130165354,0303300333030300030333030,53874,99946128,27717,150,26006,99946127,100000000,pymatching,SurfaceCode,25,1,5,MHBD_noise,0.001,500.0,results/brute_force/used_SC5_MHBD/results/sweep_145.csv
1122197908,0333030300030303030330300,53997,99946005,25526,144,28326,99946004,100000000,pymatching,SurfaceCode,25,1,5,MHBD_noise,0.001,500.0,results/brute_force/used_SC5_MHBD/results/sweep_145.csv
862696918,0303030330030303030330330,53692,99946310,27537,139,26015,99946309,100000000,pymatching,SurfaceCode,25,1,5,MHBD_noise,0.001,500.0,results/brute_force/used_SC5_MHBD/results/sweep_145.csv
1678027009,0333330300030003030333330,53324,99946678,28547,138,24638,99946677,100000000,pymatching,SurfaceCode,25,1,5,MHBD_noise,0.001,500.0,results/brute_force/used_SC5_MHBD/results/sweep_145.csv
1428331307,0303330303030300030330033,54338,99945664,26600,139,27598,99945663,100000000,pymatching,SurfaceCode,25,1,5,MHBD_noise,0.001,500.0,results/brute_force/used_SC5_MHBD/results/sweep_145.csv
1150291809,0333000303030300300333330,53087,99946915,26881,137,26068,99946914,100000000,pymatching,SurfaceCode,25,1,5,MHBD_noise,0.001,500.0,results/brute_force/used_SC5_MHBD/results/sweep_145.csv
137827907,0333030300030303030330030,54369,99945633,25539,153,28676,99945632,100000000,pymatching,SurfaceCode,25,1,5,MHBD_noise,0.001,500.0,results/brute_force/used_SC5_MHBD/results/sweep_145.csv
532078910,0333000303030300030303330,52437,99947565,24542,142,27752,99947564,100000000,pymatching,SurfaceCode,25,1,5,MHBD_noise,0.001,500.0,results/brute_force/used_SC5_MHBD/results/sweep_16.csv
1603433850,0333030303030300000303330,53604,99946398,25193,159,28251,99946397,100000000,pymatching,SurfaceCode,25,1,5,MHBD_noise,0.001,500.0,results/brute_force/used_SC5_MHBD/results/sweep_16.csv
1473443352,0333030303030300030303330,52674,99947328,26155,120,26398,99947327,100000000,pymatching,SurfaceCode,25,1,5,MHBD_noise,0.001,500.0,results/brute_force/used_SC5_MHBD/results/sweep_16.csv
1269772702,0333030300030300030303330,52063,99947939,24291,151,27620,99947938,100000000,pymatching,SurfaceCode,25,1,5,MHBD_noise,0.001,500.0,results/brute_force/used_SC5_MHBD/results/sweep_16.csv
252896055,3300233333230023233203030,67618,99932384,39940,183,27494,99932383,100000000,pymatching,SurfaceCode,25,1,5,MHBD_noise,0.001,500.0,results/brute_force/used_SC5_MHBD/results/sweep_16.csv
784459666,3330230333230020033203000,63377,99936625,33267,166,29943,99936624,100000000,pymatching,SurfaceCode,25,1,5,MHBD_noise,0.001,500.0,results/brute_force/used_SC5_MHBD/results/sweep_16.csv
870074051,3300330303230023233203000,65419,99934583,33166,172,32080,99934582,100000000,pymatching,SurfaceCode,25,1,5,MHBD_noise,0.001,500.0,results/brute_force/used_SC5_MHBD/results/sweep_16.csv
1603951991,3330330333330020033203000,61034,99938968,33629,163,27241,99938967,100000000,pymatching,SurfaceCode,25,1,5,MHBD_noise,0.001,500.0,results/brute_force/used_SC5_MHBD/results/sweep_16.csv
114879888,3300030333330020033203000,61501,99938501,30916,174,30410,99938500,100000000,pymatching,SurfaceCode,25,1,5,MHBD_noise,0.001,500.0,results/brute_force/used_SC5_MHBD/results/sweep_16.csv
1091860389,3330330333330020033203030,60596,99939406,34368,160,26067,99939405,100000000,pymatching,SurfaceCode,25,1,5,MHBD_noise,0.001,500.0,results/brute_force/used_SC5_MHBD/results/sweep_16.csv
552790793,2230330203033320330003333,62694,99937308,35578,162,26953,99937307,100000000,pymatching,SurfaceCode,25,1,5,MHBD_noise,0.001,500.0,results/brute_force/used_SC5_MHBD/results/sweep_170.csv
1635538431,0333002303030330002002330,59780,99940222,27135,165,32479,99940221,100000000,pymatching,SurfaceCode,25,1,5,MHBD_noise,0.001,500.0,results/brute_force/used_SC5_MHBD/results/sweep_170.csv
583389794,3222003002002332020230230,76439,99923563,33128,235,43075,99923562,100000000,pymatching,SurfaceCode,25,1,5,MHBD_noise,0.001,500.0,results/brute_force/used_SC5_MHBD/results/sweep_170.csv
654029608,2203203330023002232023033,75120,99924882,39778,254,35087,99924881,100000000,pymatching,SurfaceCode,25,1,5,MHBD_noise,0.001,500.0,results/brute_force/used_SC5_MHBD/results/sweep_170.csv
2076437741,3323000303220203002023202,72860,99927142,30968,220,41671,99927141,100000000,pymatching,SurfaceCode,25,1,5,MHBD_noise,0.001,500.0,results/brute_force/used_SC5_MHBD/results/sweep_170.csv
1697644283,3220330033032323323000033,71687,99928315,40344,226,31116,99928314,100000000,pymatching,SurfaceCode,25,1,5,MHBD_noise,0.001,500.0,results/brute_force/used_SC5_MHBD/results/sweep_170.csv
1258747504,0220003033020323302203330,68848,99931154,33805,204,34838,99931153,100000000,pymatching,SurfaceCode,25,1,5,MHBD_noise,0.001,500.0,results/brute_force/used_SC5_MHBD/results/sweep_170.csv
759314723,0333003303233330020330322,64593,99935409,36200,186,28206,99935408,100000000,pymatching,SurfaceCode,25,1,5,MHBD_noise,0.001,500.0,results/brute_force/used_SC5_MHBD/results/sweep_170.csv
2005823418,0030200333302302030032033,64092,99935910,31240,198,32653,99935909,100000000,pymatching,SurfaceCode,25,1,5,MHBD_noise,0.001,500.0,results/brute_force/used_SC5_MHBD/results/sweep_170.csv
704518910,0332200330002333020002330,64306,99935696,29919,197,34189,99935695,100000000,pymatching,SurfaceCode,25,1,5,MHBD_noise,0.001,500.0,results/brute_force/used_SC5_MHBD/results/sweep_170.csv
868004663,0333030300030300330030030,53078,99946924,23888,153,29036,99946923,100000000,pymatching,SurfaceCode,25,1,5,MHBD_noise,0.001,500.0,results/brute_force/used_SC5_MHBD/results/sweep_11.csv
1775965261,0333030300030300330030330,52821,99947181,25146,128,27546,99947180,100000000,pymatching,SurfaceCode,25,1,5,MHBD_noise,0.001,500.0,results/brute_force/used_SC5_MHBD/results/sweep_11.csv
1901758252,0333030300030300330333030,53038,99946964,26825,130,26082,99946963,100000000,pymatching,SurfaceCode,25,1,5,MHBD_noise,0.001,500.0,results/brute_force/used_SC5_MHBD/results/sweep_11.csv
758053,0333000300030300330333030,53209,99946793,25600,138,27470,99946792,100000000,pymatching,SurfaceCode,25,1,5,MHBD_noise,0.001,500.0,results/brute_force/used_SC5_MHBD/results/sweep_11.csv
1019104732,0333000300033300030033330,52524,99947478,25501,106,26916,99947477,100000000,pymatching,SurfaceCode,25,1,5,MHBD_noise,0.001,500.0,results/brute_force/used_SC5_MHBD/results/sweep_11.csv
281748093,0030032030000000330223003,65567,99934435,25635,194,39737,99934434,100000000,pymatching,SurfaceCode,25,1,5,MHBD_noise,0.001,500.0,results/brute_force/used_SC5_MHBD/results/sweep_11.csv
1364290128,0030032033000000330223003,65106,99934896,27196,180,37729,99934895,100000000,pymatching,SurfaceCode,25,1,5,MHBD_noise,0.001,500.0,results/brute_force/used_SC5_MHBD/results/sweep_11.csv
1212550228,0030030333030000030223003,60013,99939989,26562,137,33313,99939988,100000000,pymatching,SurfaceCode,25,1,5,MHBD_noise,0.001,500.0,results/brute_force/used_SC5_MHBD/results/sweep_11.csv
969983101,0030033333030000030223003,60387,99939615,28901,170,31315,99939614,100000000,pymatching,SurfaceCode,25,1,5,MHBD_noise,0.001,500.0,results/brute_force/used_SC5_MHBD/results/sweep_11.csv
354883624,0030033333030030030223003,61358,99938644,30628,177,30552,99938643,100000000,pymatching,SurfaceCode,25,1,5,MHBD_noise,0.001,500.0,results/brute_force/used_SC5_MHBD/results/sweep_11.csv
2020746751,0333330003003330300033330,56551,99943451,30084,135,26331,99943450,100000000,pymatching,SurfaceCode,25,1,5,MHBD_noise,0.001,500.0,results/brute_force/used_SC5_MHBD/results/sweep_177.csv
401793825,3223230200232320022222222,89453,99910549,43792,353,45307,99910548,100000000,pymatching,SurfaceCode,25,1,5,MHBD_noise,0.001,500.0,results/brute_force/used_SC5_MHBD/results/sweep_177.csv
2054894236,0002333020202230202330320,79516,99920486,36295,289,42931,99920485,100000000,pymatching,SurfaceCode,25,1,5,MHBD_noise,0.001,500.0,results/brute_force/used_SC5_MHBD/results/sweep_177.csv
83068725,0302302222002230330302200,77251,99922751,34503,273,42474,99922750,100000000,pymatching,SurfaceCode,25,1,5,MHBD_noise,0.001,500.0,results/brute_force/used_SC5_MHBD/results/sweep_177.csv
385887804,0330002023002303202332330,72138,99927864,35499,234,36404,99927863,100000000,pymatching,SurfaceCode,25,1,5,MHBD_noise,0.001,500.0,results/brute_force/used_SC5_MHBD/results/sweep_177.csv
1706050039,3303300300333000302322220,66691,99933311,33734,174,32782,99933310,100000000,pymatching,SurfaceCode,25,1,5,MHBD_noise,0.001,500.0,results/brute_force/used_SC5_MHBD/results/sweep_177.csv
1521930742,0333000033332300302203323,66469,99933533,36797,197,29474,99933532,100000000,pymatching,SurfaceCode,25,1,5,MHBD_noise,0.001,500.0,results/brute_force/used_SC5_MHBD/results/sweep_177.csv
1727680670,0332333000030332200303000,64346,99935656,29543,177,34625,99935655,100000000,pymatching,SurfaceCode,25,1,5,MHBD_noise,0.001,500.0,results/brute_force/used_SC5_MHBD/results/sweep_177.csv
793386134,0333002002330033000020333,62119,99937883,27043,175,34900,99937882,100000000,pymatching,SurfaceCode,25,1,5,MHBD_noise,0.001,500.0,results/brute_force/used_SC5_MHBD/results/sweep_177.csv
269732995,0330300300333300003032330,57556,99942446,28771,165,28619,99942445,100000000,pymatching,SurfaceCode,25,1,5,MHBD_noise,0.001,500.0,results/brute_force/used_SC5_MHBD/results/sweep_177.csv
2138762718,3002323320302203023020303,76536,99923466,38354,262,37919,99923465,100000000,pymatching,SurfaceCode,25,1,5,MHBD_noise,0.001,500.0,results/brute_force/used_SC5_MHBD/results/sweep_179.csv
1575369465,2030022233330220023030332,75560,99924442,39040,242,36277,99924441,100000000,pymatching,SurfaceCode,25,1,5,MHBD_noise,0.001,500.0,results/brute_force/used_SC5_MHBD/results/sweep_179.csv
62240356,0333020232000003033200030,64842,99935160,27767,212,36862,99935159,100000000,pymatching,SurfaceCode,25,1,5,MHBD_noise,0.001,500.0,results/brute_force/used_SC5_MHBD/results/sweep_179.csv
170466975,0302233020200333330303300,63842,99936160,32655,170,31016,99936159,100000000,pymatching,SurfaceCode,25,1,5,MHBD_noise,0.001,500.0,results/brute_force/used_SC5_MHBD/results/sweep_179.csv
900727312,3333300000033000220020030,61422,99938580,25170,178,36073,99938579,100000000,pymatching,SurfaceCode,25,1,5,MHBD_noise,0.001,500.0,results/brute_force/used_SC5_MHBD/results/sweep_179.csv
821866064,0333300000302002330033030,60346,99939656,26422,179,33744,99939655,100000000,pymatching,SurfaceCode,25,1,5,MHBD_noise,0.001,500.0,results/brute_force/used_SC5_MHBD/results/sweep_179.csv
39247310,0302303023030303030330000,61212,99938790,27574,187,33450,99938789,100000000,pymatching,SurfaceCode,25,1,5,MHBD_noise,0.001,500.0,results/brute_force/used_SC5_MHBD/results/sweep_179.csv
1802783204,3333330300003003030022332,59740,99940262,30793,161,28785,99940261,100000000,pymatching,SurfaceCode,25,1,5,MHBD_noise,0.001,500.0,results/brute_force/used_SC5_MHBD/results/sweep_179.csv
1911928300,3323030302030333030203330,58891,99941111,31192,164,27534,99941110,100000000,pymatching,SurfaceCode,25,1,5,MHBD_noise,0.001,500.0,results/brute_force/used_SC5_MHBD/results/sweep_179.csv
1295198094,0000330303333303030233303,60008,99939994,34002,162,25843,99939993,100000000,pymatching,SurfaceCode,25,1,5,MHBD_noise,0.001,500.0,results/brute_force/used_SC5_MHBD/results/sweep_179.csv
1978377673,0303330303030300033003330,53344,99946658,26472,144,26727,99946657,100000000,pymatching,SurfaceCode,25,1,5,MHBD_noise,0.001,500.0,results/brute_force/used_SC5_MHBD/results/sweep_63.csv
1438455577,0303303300030300033033330,52746,99947256,27530,134,25081,99947255,100000000,pymatching,SurfaceCode,25,1,5,MHBD_noise,0.001,500.0,results/brute_force/used_SC5_MHBD/results/sweep_63.csv
288932944,0303330330030300033030330,53797,99946205,27313,141,26342,99946204,100000000,pymatching,SurfaceCode,25,1,5,MHBD_noise,0.001,500.0,results/brute_force/used_SC5_MHBD/results/sweep_63.csv
888256365,2000330300230000200230033,64739,99935263,25274,194,39270,99935262,100000000,pymatching,SurfaceCode,25,1,5,MHBD_noise,0.001,500.0,results/brute_force/used_SC5_MHBD/results/sweep_63.csv
123018455,2020330300330000230230033,62895,99937107,27521,178,35195,99937106,100000000,pymatching,SurfaceCode,25,1,5,MHBD_noise,0.001,500.0,results/brute_force/used_SC5_MHBD/results/sweep_63.csv
193660499,2020330300330000230030033,61851,99938151,26448,183,35219,99938150,100000000,pymatching,SurfaceCode,25,1,5,MHBD_noise,0.001,500.0,results/brute_force/used_SC5_MHBD/results/sweep_63.csv
107620338,2020330300330000230030030,62052,99937950,24800,172,37079,99937949,100000000,pymatching,SurfaceCode,25,1,5,MHBD_noise,0.001,500.0,results/brute_force/used_SC5_MHBD/results/sweep_63.csv
2035830413,3020330300030000330030033,58115,99941887,24606,127,33381,99941886,100000000,pymatching,SurfaceCode,25,1,5,MHBD_noise,0.001,500.0,results/brute_force/used_SC5_MHBD/results/sweep_63.csv
697227371,0020330300330000330030033,58619,99941383,25528,145,32945,99941382,100000000,pymatching,SurfaceCode,25,1,5,MHBD_noise,0.001,500.0,results/brute_force/used_SC5_MHBD/results/sweep_63.csv
1212807092,3020330300030000330033033,57966,99942036,25546,139,32280,99942035,100000000,pymatching,SurfaceCode,25,1,5,MHBD_noise,0.001,500.0,results/brute_force/used_SC5_MHBD/results/sweep_63.csv
493907179,0300000333030300330030030,55115,99944887,25132,118,29864,99944886,100000000,pymatching,SurfaceCode,25,1,5,MHBD_noise,0.001,500.0,results/brute_force/used_SC5_MHBD/results/sweep_105.csv
243511830,0303300333330300330000030,56254,99943748,29186,135,26932,99943747,100000000,pymatching,SurfaceCode,25,1,5,MHBD_noise,0.001,500.0,results/brute_force/used_SC5_MHBD/results/sweep_105.csv
231559219,0300000333030300330033030,54484,99945518,26683,119,27681,99945517,100000000,pymatching,SurfaceCode,25,1,5,MHBD_noise,0.001,500.0,results/brute_force/used_SC5_MHBD/results/sweep_105.csv
1089109236,0303300333030300330333030,53996,99946006,29528,150,24317,99946005,100000000,pymatching,SurfaceCode,25,1,5,MHBD_noise,0.001,500.0,results/brute_force/used_SC5_MHBD/results/sweep_105.csv
1802760972,0303330333030300330333030,54220,99945782,31308,160,22751,99945781,100000000,pymatching,SurfaceCode,25,1,5,MHBD_noise,0.001,500.0,results/brute_force/used_SC5_MHBD/results/sweep_105.csv
1256118540,0303330303030300030333030,53304,99946698,27312,129,25862,99946697,100000000,pymatching,SurfaceCode,25,1,5,MHBD_noise,0.001,500.0,results/brute_force/used_SC5_MHBD/results/sweep_105.csv
501713155,0303330300030303030333030,53095,99946907,27520,123,25451,99946906,100000000,pymatching,SurfaceCode,25,1,5,MHBD_noise,0.001,500.0,results/brute_force/used_SC5_MHBD/results/sweep_105.csv
787294181,0303330300030300030033033,52430,99947572,25371,135,26923,99947571,100000000,pymatching,SurfaceCode,25,1,5,MHBD_noise,0.001,500.0,results/brute_force/used_SC5_MHBD/results/sweep_105.csv
1241975433,0303330303030303030003330,53886,99946116,27089,132,26664,99946115,100000000,pymatching,SurfaceCode,25,1,5,MHBD_noise,0.001,500.0,results/brute_force/used_SC5_MHBD/results/sweep_105.csv
52499023,0333030303330300000003330,54130,99945872,25872,129,28128,99945871,100000000,pymatching,SurfaceCode,25,1,5,MHBD_noise,0.001,500.0,results/brute_force/used_SC5_MHBD/results/sweep_105.csv
145104457,2330300000330303200333030,60519,99939483,27811,141,32566,99939482,100000000,pymatching,SurfaceCode,25,1,5,MHBD_noise,0.001,500.0,results/brute_force/used_SC5_MHBD/results/sweep_212.csv
379599630,0323003303033333030003032,60258,99939744,33372,181,26704,99939743,100000000,pymatching,SurfaceCode,25,1,5,MHBD_noise,0.001,500.0,results/brute_force/used_SC5_MHBD/results/sweep_212.csv
1580236006,2332223202232320303003203,80401,99919601,44785,256,35359,99919600,100000000,pymatching,SurfaceCode,25,1,5,MHBD_noise,0.001,500.0,results/brute_force/used_SC5_MHBD/results/sweep_212.csv
1725569295,2033200320323320323022300,76201,99923801,40382,258,35560,99923800,100000000,pymatching,SurfaceCode,25,1,5,MHBD_noise,0.001,500.0,results/brute_force/used_SC5_MHBD/results/sweep_212.csv
599503103,0020232223020303332300020,74286,99925716,35705,257,38323,99925715,100000000,pymatching,SurfaceCode,25,1,5,MHBD_noise,0.001,500.0,results/brute_force/used_SC5_MHBD/results/sweep_212.csv
58993252,0200323023023230000033033,71898,99928104,33084,237,38576,99928103,100000000,pymatching,SurfaceCode,25,1,5,MHBD_noise,0.001,500.0,results/brute_force/used_SC5_MHBD/results/sweep_212.csv
1818744159,3332300330200233300030302,65458,99934544,32447,208,32802,99934543,100000000,pymatching,SurfaceCode,25,1,5,MHBD_noise,0.001,500.0,results/brute_force/used_SC5_MHBD/results/sweep_212.csv
965434670,2230000330030020303000303,63375,99936627,27881,181,35312,99936626,100000000,pymatching,SurfaceCode,25,1,5,MHBD_noise,0.001,500.0,results/brute_force/used_SC5_MHBD/results/sweep_212.csv
20888173,2203330002000303003233332,64496,99935506,30130,189,34176,99935505,100000000,pymatching,SurfaceCode,25,1,5,MHBD_noise,0.001,500.0,results/brute_force/used_SC5_MHBD/results/sweep_212.csv
82810343,0230200302330333303332330,64287,99935715,36002,167,28117,99935714,100000000,pymatching,SurfaceCode,25,1,5,MHBD_noise,0.001,500.0,results/brute_force/used_SC5_MHBD/results/sweep_212.csv
409004639,3020330300030000330033333,56747,99943255,27298,130,29318,99943254,100000000,pymatching,SurfaceCode,25,1,5,MHBD_noise,0.001,500.0,results/brute_force/used_SC5_MHBD/results/sweep_64.csv
963509525,3030330300030300330033333,55397,99944605,29167,134,26095,99944604,100000000,pymatching,SurfaceCode,25,1,5,MHBD_noise,0.001,500.0,results/brute_force/used_SC5_MHBD/results/sweep_64.csv
556314940,3030330300030300330030333,54801,99945201,27376,148,27276,99945200,100000000,pymatching,SurfaceCode,25,1,5,MHBD_noise,0.001,500.0,results/brute_force/used_SC5_MHBD/results/sweep_64.csv
15216028,3030330300030300330030330,54285,99945717,25590,163,28531,99945716,100000000,pymatching,SurfaceCode,25,1,5,MHBD_noise,0.001,500.0,results/brute_force/used_SC5_MHBD/results/sweep_64.csv
2043439362,3030330303030300030030330,54581,99945421,25245,130,29205,99945420,100000000,pymatching,SurfaceCode,25,1,5,MHBD_noise,0.001,500.0,results/brute_force/used_SC5_MHBD/results/sweep_64.csv
1369041524,3330330303030300030030330,53493,99946509,26315,160,27017,99946508,100000000,pymatching,SurfaceCode,25,1,5,MHBD_noise,0.001,500.0,results/brute_force/used_SC5_MHBD/results/sweep_64.csv
1801695539,3333330300030330000033330,53602,99946400,28634,121,24846,99946399,100000000,pymatching,SurfaceCode,25,1,5,MHBD_noise,0.001,500.0,results/brute_force/used_SC5_MHBD/results/sweep_64.csv
2006263952,0303330300030300033033330,52608,99947394,27025,130,25452,99947393,100000000,pymatching,SurfaceCode,25,1,5,MHBD_noise,0.001,500.0,results/brute_force/used_SC5_MHBD/results/sweep_64.csv
579780323,0303330300030300030033333,52488,99947514,27059,123,25305,99947513,100000000,pymatching,SurfaceCode,25,1,5,MHBD_noise,0.001,500.0,results/brute_force/used_SC5_MHBD/results/sweep_64.csv
1506603490,2303330300030300033033030,53863,99946139,26962,127,26773,99946138,100000000,pymatching,SurfaceCode,25,1,5,MHBD_noise,0.001,500.0,results/brute_force/used_SC5_MHBD/results/sweep_64.csv
1509055365,0300330302030303030033330,56272,99943730,27727,144,28400,99943729,100000000,pymatching,SurfaceCode,25,1,5,MHBD_noise,0.001,500.0,results/brute_force/used_SC5_MHBD/results/sweep_102.csv
617439677,0303330300030300033003300,53870,99946132,24223,131,29515,99946131,100000000,pymatching,SurfaceCode,25,1,5,MHBD_noise,0.001,500.0,results/brute_force/used_SC5_MHBD/results/sweep_102.csv
961629665,0303330300030300030333032,54105,99945897,26897,157,27050,99945896,100000000,pymatching,SurfaceCode,25,1,5,MHBD_noise,0.001,500.0,results/brute_force/used_SC5_MHBD/results/sweep_102.csv
1457109998,0303330303030300030033030,52940,99947062,25889,125,26925,99947061,100000000,pymatching,SurfaceCode,25,1,5,MHBD_noise,0.001,500.0,results/brute_force/used_SC5_MHBD/results/sweep_102.csv
470310076,0303330300030303030333330,53450,99946552,29080,128,24241,99946551,100000000,pymatching,SurfaceCode,25,1,5,MHBD_noise,0.001,500.0,results/brute_force/used_SC5_MHBD/results/sweep_102.csv
1873967671,0303330303030300030303330,53361,99946641,26589,139,26632,99946640,100000000,pymatching,SurfaceCode,25,1,5,MHBD_noise,0.001,500.0,results/brute_force/used_SC5_MHBD/results/sweep_102.csv
992139644,0303030330030300030303330,53077,99946925,25479,159,27438,99946924,100000000,pymatching,SurfaceCode,25,1,5,MHBD_noise,0.001,500.0,results/brute_force/used_SC5_MHBD/results/sweep_102.csv
924939201,3303030303030300030303330,53253,99946749,26103,136,27013,99946748,100000000,pymatching,SurfaceCode,25,1,5,MHBD_noise,0.001,500.0,results/brute_force/used_SC5_MHBD/results/sweep_102.csv
187412079,0333030303030303030300333,54361,99945641,28384,145,25831,99945640,100000000,pymatching,SurfaceCode,25,1,5,MHBD_noise,0.001,500.0,results/brute_force/used_SC5_MHBD/results/sweep_102.csv
2091420743,0333300303030300030033300,52602,99947400,25933,131,26537,99947399,100000000,pymatching,SurfaceCode,25,1,5,MHBD_noise,0.001,500.0,results/brute_force/used_SC5_MHBD/results/sweep_102.csv
1812986409,2330330203033030033000033,62018,99937984,31562,199,30256,99937983,100000000,pymatching,SurfaceCode,25,1,5,MHBD_noise,0.001,500.0,results/brute_force/used_SC5_MHBD/results/sweep_215.csv
870961724,0022033330330030330302030,61522,99938480,32065,150,29306,99938479,100000000,pymatching,SurfaceCode,25,1,5,MHBD_noise,0.001,500.0,results/brute_force/used_SC5_MHBD/results/sweep_215.csv
2085533535,0330333300230023030302333,60078,99939924,31985,152,27940,99939923,100000000,pymatching,SurfaceCode,25,1,5,MHBD_noise,0.001,500.0,results/brute_force/used_SC5_MHBD/results/sweep_215.csv
99200965,2033330303033330033000033,59832,99940170,33518,165,26148,99940169,100000000,pymatching,SurfaceCode,25,1,5,MHBD_noise,0.001,500.0,results/brute_force/used_SC5_MHBD/results/sweep_215.csv
953497750,0333330303020333000333303,59003,99940999,32087,147,26768,99940998,100000000,pymatching,SurfaceCode,25,1,5,MHBD_noise,0.001,500.0,results/brute_force/used_SC5_MHBD/results/sweep_215.csv
1615316634,2220332322030230203202320,79837,99920165,39288,303,40245,99920164,100000000,pymatching,SurfaceCode,25,1,5,MHBD_noise,0.001,500.0,results/brute_force/used_SC5_MHBD/results/sweep_215.csv
1966127470,0303233300322022222330003,80490,99919512,41647,305,38537,99919511,100000000,pymatching,SurfaceCode,25,1,5,MHBD_noise,0.001,500.0,results/brute_force/used_SC5_MHBD/results/sweep_215.csv
1411041661,0330302330223302223302300,74027,99925975,39897,231,33898,99925974,100000000,pymatching,SurfaceCode,25,1,5,MHBD_noise,0.001,500.0,results/brute_force/used_SC5_MHBD/results/sweep_215.csv
1598505838,0003330300232223200000230,71308,99928694,32545,236,38526,99928693,100000000,pymatching,SurfaceCode,25,1,5,MHBD_noise,0.001,500.0,results/brute_force/used_SC5_MHBD/results/sweep_215.csv
870295952,2330003220303003023333330,67817,99932185,36485,220,31111,99932184,100000000,pymatching,SurfaceCode,25,1,5,MHBD_noise,0.001,500.0,results/brute_force/used_SC5_MHBD/results/sweep_215.csv
665577490,0333303300030300030033333,52402,99947600,28110,139,24152,99947599,100000000,pymatching,SurfaceCode,25,1,5,MHBD_noise,0.001,500.0,results/brute_force/used_SC5_MHBD/results/sweep_18.csv
662010140,0022323003233323000203332,69543,99930459,37302,186,32054,99930458,100000000,pymatching,SurfaceCode,25,1,5,MHBD_noise,0.001,500.0,results/brute_force/used_SC5_MHBD/results/sweep_18.csv
740818028,0022323003233023000203332,70305,99929697,34146,196,35962,99929696,100000000,pymatching,SurfaceCode,25,1,5,MHBD_noise,0.001,500.0,results/brute_force/used_SC5_MHBD/results/sweep_18.csv
397331225,0223030033200303233300020,68079,99931923,32003,200,35875,99931922,100000000,pymatching,SurfaceCode,25,1,5,MHBD_noise,0.001,500.0,results/brute_force/used_SC5_MHBD/results/sweep_18.csv
1431930733,0223030033000303333300220,64391,99935611,31654,182,32554,99935610,100000000,pymatching,SurfaceCode,25,1,5,MHBD_noise,0.001,500.0,results/brute_force/used_SC5_MHBD/results/sweep_18.csv
1345987314,0233030033003303333300220,63300,99936702,34592,166,28541,99936701,100000000,pymatching,SurfaceCode,25,1,5,MHBD_noise,0.001,500.0,results/brute_force/used_SC5_MHBD/results/sweep_18.csv
1698364406,0233030333033300333300220,62218,99937784,36166,176,25875,99937783,100000000,pymatching,SurfaceCode,25,1,5,MHBD_noise,0.001,500.0,results/brute_force/used_SC5_MHBD/results/sweep_18.csv
528833098,0233030330033300033300220,60055,99939947,31153,174,28727,99939946,100000000,pymatching,SurfaceCode,25,1,5,MHBD_noise,0.001,500.0,results/brute_force/used_SC5_MHBD/results/sweep_18.csv
1011283942,0233030330030300033303220,57800,99942202,28626,141,29032,99942201,100000000,pymatching,SurfaceCode,25,1,5,MHBD_noise,0.001,500.0,results/brute_force/used_SC5_MHBD/results/sweep_18.csv
284171981,0233030330330300033303230,57430,99942572,31034,135,26260,99942571,100000000,pymatching,SurfaceCode,25,1,5,MHBD_noise,0.001,500.0,results/brute_force/used_SC5_MHBD/results/sweep_18.csv
998324091,0033030300030333003033033,56641,99943361,28026,125,28489,99943360,100000000,pymatching,SurfaceCode,25,1,5,MHBD_noise,0.001,500.0,results/brute_force/used_SC5_MHBD/results/sweep_29.csv
13199927,3033030300030303000033330,54997,99945005,25217,151,29628,99945004,100000000,pymatching,SurfaceCode,25,1,5,MHBD_noise,0.001,500.0,results/brute_force/used_SC5_MHBD/results/sweep_29.csv
281778737,3033030300033303000033330,55071,99944931,27990,131,26949,99944930,100000000,pymatching,SurfaceCode,25,1,5,MHBD_noise,0.001,500.0,results/brute_force/used_SC5_MHBD/results/sweep_29.csv
1473417461,3033030300033300000033330,54842,99945160,26151,143,28547,99945159,100000000,pymatching,SurfaceCode,25,1,5,MHBD_noise,0.001,500.0,results/brute_force/used_SC5_MHBD/results/sweep_29.csv
188238293,3033330300033300030303330,54090,99945912,29136,144,24809,99945911,100000000,pymatching,SurfaceCode,25,1,5,MHBD_noise,0.001,500.0,results/brute_force/used_SC5_MHBD/results/sweep_29.csv
1915961033,3333330300033300000003330,53538,99946464,27790,120,25627,99946463,100000000,pymatching,SurfaceCode,25,1,5,MHBD_noise,0.001,500.0,results/brute_force/used_SC5_MHBD/results/sweep_29.csv
1742084829,3033330300033300030003330,53789,99946213,27283,144,26361,99946212,100000000,pymatching,SurfaceCode,25,1,5,MHBD_noise,0.001,500.0,results/brute_force/used_SC5_MHBD/results/sweep_29.csv
22715774,3333300300030300030033330,51454,99948548,26227,118,25108,99948547,100000000,pymatching,SurfaceCode,25,1,5,MHBD_noise,0.001,500.0,results/brute_force/used_SC5_MHBD/results/sweep_29.csv
1028213902,0300220030223203203003330,70911,99929091,32446,202,38262,99929090,100000000,pymatching,SurfaceCode,25,1,5,MHBD_noise,0.001,500.0,results/brute_force/used_SC5_MHBD/results/sweep_29.csv
666229048,0300230030223203203003330,69069,99930933,32957,201,35910,99930932,100000000,pymatching,SurfaceCode,25,1,5,MHBD_noise,0.001,500.0,results/brute_force/used_SC5_MHBD/results/sweep_29.csv
1355863161,0330030303003203033023300,61142,99938860,29945,155,31041,99938859,100000000,pymatching,SurfaceCode,25,1,5,MHBD_noise,0.001,500.0,results/brute_force/used_SC5_MHBD/results/sweep_55.csv
1385938016,3330030300003003033023300,59468,99940534,27365,130,31972,99940533,100000000,pymatching,SurfaceCode,25,1,5,MHBD_noise,0.001,500.0,results/brute_force/used_SC5_MHBD/results/sweep_55.csv
1578845700,3300030300003003030023330,58643,99941359,24770,132,33740,99941358,100000000,pymatching,SurfaceCode,25,1,5,MHBD_noise,0.001,500.0,results/brute_force/used_SC5_MHBD/results/sweep_55.csv
687780890,3330030300003003030023330,58249,99941753,25948,141,32159,99941752,100000000,pymatching,SurfaceCode,25,1,5,MHBD_noise,0.001,500.0,results/brute_force/used_SC5_MHBD/results/sweep_55.csv
1863754260,0333030330003003030020330,56438,99943564,26122,144,30171,99943563,100000000,pymatching,SurfaceCode,25,1,5,MHBD_noise,0.001,500.0,results/brute_force/used_SC5_MHBD/results/sweep_55.csv
1915639704,0333030333003003030020330,56892,99943110,28282,134,28475,99943109,100000000,pymatching,SurfaceCode,25,1,5,MHBD_noise,0.001,500.0,results/brute_force/used_SC5_MHBD/results/sweep_55.csv
156228785,0333030333003003030000330,55670,99944332,27387,140,28142,99944331,100000000,pymatching,SurfaceCode,25,1,5,MHBD_noise,0.001,500.0,results/brute_force/used_SC5_MHBD/results/sweep_55.csv
992772010,0333030333003003330300330,55949,99944053,30857,159,24932,99944052,100000000,pymatching,SurfaceCode,25,1,5,MHBD_noise,0.001,500.0,results/brute_force/used_SC5_MHBD/results/sweep_55.csv
2076192859,0333030333003003030300330,55262,99944740,28286,145,26830,99944739,100000000,pymatching,SurfaceCode,25,1,5,MHBD_noise,0.001,500.0,results/brute_force/used_SC5_MHBD/results/sweep_55.csv
1348547404,0333300333030003030300330,55238,99944764,29101,130,26006,99944763,100000000,pymatching,SurfaceCode,25,1,5,MHBD_noise,0.001,500.0,results/brute_force/used_SC5_MHBD/results/sweep_55.csv
642344967,0000230320330300300000300,62371,99937631,24751,168,37451,99937630,100000000,pymatching,SurfaceCode,25,1,5,MHBD_noise,0.001,500.0,results/brute_force/used_SC5_MHBD/results/sweep_84.csv
1294774990,0000230320330300000003300,62154,99937848,23341,157,38655,99937847,100000000,pymatching,SurfaceCode,25,1,5,MHBD_noise,0.001,500.0,results/brute_force/used_SC5_MHBD/results/sweep_84.csv
1356768543,0000230320330300300003300,61260,99938742,24958,182,36119,99938741,100000000,pymatching,SurfaceCode,25,1,5,MHBD_noise,0.001,500.0,results/brute_force/used_SC5_MHBD/results/sweep_84.csv
1376771003,0000230320330300000303300,61226,99938776,24444,156,36625,99938775,100000000,pymatching,SurfaceCode,25,1,5,MHBD_noise,0.001,500.0,results/brute_force/used_SC5_MHBD/results/sweep_84.csv
1301177395,0000230320330300300303300,61040,99938962,26549,174,34316,99938961,100000000,pymatching,SurfaceCode,25,1,5,MHBD_noise,0.001,500.0,results/brute_force/used_SC5_MHBD/results/sweep_84.csv
1842044950,0000300330330300330303000,56652,99943350,26113,147,30391,99943349,100000000,pymatching,SurfaceCode,25,1,5,MHBD_noise,0.001,500.0,results/brute_force/used_SC5_MHBD/results/sweep_84.csv
559199280,0000300330330300330303300,56272,99943730,27178,138,28955,99943729,100000000,pymatching,SurfaceCode,25,1,5,MHBD_noise,0.001,500.0,results/brute_force/used_SC5_MHBD/results/sweep_84.csv
269011233,0000300330330300330303030,55659,99944343,26916,152,28590,99944342,100000000,pymatching,SurfaceCode,25,1,5,MHBD_noise,0.001,500.0,results/brute_force/used_SC5_MHBD/results/sweep_84.csv
1633863550,3330300330330300330303030,55874,99944128,30420,136,25317,99944127,100000000,pymatching,SurfaceCode,25,1,5,MHBD_noise,0.001,500.0,results/brute_force/used_SC5_MHBD/results/sweep_84.csv
687314883,0330300330330300330303030,55591,99944411,28840,126,26624,99944410,100000000,pymatching,SurfaceCode,25,1,5,MHBD_noise,0.001,500.0,results/brute_force/used_SC5_MHBD/results/sweep_84.csv
1911275448,2303030332330203033030030,61933,99938069,32610,174,29148,99938068,100000000,pymatching,SurfaceCode,25,1,5,MHBD_noise,0.001,500.0,results/brute_force/used_SC5_MHBD/results/sweep_224.csv
220832455,0003033000033330030002023,61015,99938987,27892,154,32968,99938986,100000000,pymatching,SurfaceCode,25,1,5,MHBD_noise,0.001,500.0,results/brute_force/used_SC5_MHBD/results/sweep_224.csv
1289917233,0330200000030030330030333,58294,99941708,25207,169,32917,99941707,100000000,pymatching,SurfaceCode,25,1,5,MHBD_noise,0.001,500.0,results/brute_force/used_SC5_MHBD/results/sweep_224.csv
1904930156,0333300002000003330033030,57935,99942067,24749,162,33023,99942066,100000000,pymatching,SurfaceCode,25,1,5,MHBD_noise,0.001,500.0,results/brute_force/used_SC5_MHBD/results/sweep_224.csv
383855966,3333000303330020000003333,56913,99943089,26954,165,29793,99943088,100000000,pymatching,SurfaceCode,25,1,5,MHBD_noise,0.001,500.0,results/brute_force/used_SC5_MHBD/results/sweep_224.csv
1336341911,0222330202022300022233030,77979,99922023,34829,282,42867,99922022,100000000,pymatching,SurfaceCode,25,1,5,MHBD_noise,0.001,500.0,results/brute_force/used_SC5_MHBD/results/sweep_224.csv
1818353217,3320020322003023220023022,78345,99921657,34526,291,43527,99921656,100000000,pymatching,SurfaceCode,25,1,5,MHBD_noise,0.001,500.0,results/brute_force/used_SC5_MHBD/results/sweep_224.csv
738073355,3020220300303202200232303,73778,99926224,31761,239,41777,99926223,100000000,pymatching,SurfaceCode,25,1,5,MHBD_noise,0.001,500.0,results/brute_force/used_SC5_MHBD/results/sweep_224.csv
2134968873,0300222220230323032003303,72400,99927602,35959,243,36197,99927601,100000000,pymatching,SurfaceCode,25,1,5,MHBD_noise,0.001,500.0,results/brute_force/used_SC5_MHBD/results/sweep_224.csv
1192166883,0220330003030320320333333,64341,99935661,33495,188,30657,99935660,100000000,pymatching,SurfaceCode,25,1,5,MHBD_noise,0.001,500.0,results/brute_force/used_SC5_MHBD/results/sweep_224.csv
18757499,0303030300030303030303330,53218,99946784,25137,123,27957,99946783,100000000,pymatching,SurfaceCode,25,1,5,MHBD_noise,0.001,500.0,results/brute_force/used_SC5_MHBD/results/sweep_133.csv
975149396,0333030330030300030003033,53446,99946556,25613,144,27688,99946555,100000000,pymatching,SurfaceCode,25,1,5,MHBD_noise,0.001,500.0,results/brute_force/used_SC5_MHBD/results/sweep_133.csv
1346138883,0333300300030300033030030,53872,99946130,24189,140,29542,99946129,100000000,pymatching,SurfaceCode,25,1,5,MHBD_noise,0.001,500.0,results/brute_force/used_SC5_MHBD/results/sweep_133.csv
1332154901,0230033033233323023000033,69376,99930626,40629,155,28591,99930625,100000000,pymatching,SurfaceCode,25,1,5,MHBD_noise,0.001,500.0,results/brute_force/used_SC5_MHBD/results/sweep_133.csv
1549146787,0003333030033232303033033,66810,99933192,38859,188,27762,99933191,100000000,pymatching,SurfaceCode,25,1,5,MHBD_noise,0.001,500.0,results/brute_force/used_SC5_MHBD/results/sweep_133.csv
1592150638,0003333030033332303033033,63812,99936190,38461,170,25180,99936189,100000000,pymatching,SurfaceCode,25,1,5,MHBD_noise,0.001,500.0,results/brute_force/used_SC5_MHBD/results/sweep_133.csv
1063085796,2003333030033332303333033,66756,99933246,42152,176,24427,99933245,100000000,pymatching,SurfaceCode,25,1,5,MHBD_noise,0.001,500.0,results/brute_force/used_SC5_MHBD/results/sweep_133.csv
86130035,0000333030033332303030033,63651,99936351,36159,166,27325,99936350,100000000,pymatching,SurfaceCode,25,1,5,MHBD_noise,0.001,500.0,results/brute_force/used_SC5_MHBD/results/sweep_133.csv
1508888081,0003333030033332303003033,63315,99936687,36856,166,26292,99936686,100000000,pymatching,SurfaceCode,25,1,5,MHBD_noise,0.001,500.0,results/brute_force/used_SC5_MHBD/results/sweep_133.csv
1706507565,0000333030033332303033033,63823,99936179,37480,139,26203,99936178,100000000,pymatching,SurfaceCode,25,1,5,MHBD_noise,0.001,500.0,results/brute_force/used_SC5_MHBD/results/sweep_133.csv
730759853,3303300333030333030003023,57652,99942350,31876,157,25618,99942349,100000000,pymatching,SurfaceCode,25,1,5,MHBD_noise,0.001,500.0,results/brute_force/used_SC5_MHBD/results/sweep_52.csv
1776789153,2303300303030333030003033,56758,99943244,29473,154,27130,99943243,100000000,pymatching,SurfaceCode,25,1,5,MHBD_noise,0.001,500.0,results/brute_force/used_SC5_MHBD/results/sweep_52.csv
1592837358,2303300333030333030003030,57545,99942457,31063,164,26317,99942456,100000000,pymatching,SurfaceCode,25,1,5,MHBD_noise,0.001,500.0,results/brute_force/used_SC5_MHBD/results/sweep_52.csv
722694322,2303300303030333030003330,56263,99943739,29132,165,26965,99943738,100000000,pymatching,SurfaceCode,25,1,5,MHBD_noise,0.001,500.0,results/brute_force/used_SC5_MHBD/results/sweep_52.csv
730566881,2303300300030330030003330,55133,99944869,25347,136,29649,99944868,100000000,pymatching,SurfaceCode,25,1,5,MHBD_noise,0.001,500.0,results/brute_force/used_SC5_MHBD/results/sweep_52.csv
296757375,0303300300030330030003320,55221,99944781,23727,161,31332,99944780,100000000,pymatching,SurfaceCode,25,1,5,MHBD_noise,0.001,500.0,results/brute_force/used_SC5_MHBD/results/sweep_52.csv
716222036,2333300300030330030033330,54429,99945573,28962,139,25327,99945572,100000000,pymatching,SurfaceCode,25,1,5,MHBD_noise,0.001,500.0,results/brute_force/used_SC5_MHBD/results/sweep_52.csv
1390993333,3333300300030330030033330,53012,99946990,28969,123,23919,99946989,100000000,pymatching,SurfaceCode,25,1,5,MHBD_noise,0.001,500.0,results/brute_force/used_SC5_MHBD/results/sweep_52.csv
1547488298,3333023230033233333330023,71729,99928273,47949,209,23570,99928272,100000000,pymatching,SurfaceCode,25,1,5,MHBD_noise,0.001,500.0,results/brute_force/used_SC5_MHBD/results/sweep_52.csv
1259850754,3333023230033230333330023,70034,99929968,44899,180,24954,99929967,100000000,pymatching,SurfaceCode,25,1,5,MHBD_noise,0.001,500.0,results/brute_force/used_SC5_MHBD/results/sweep_52.csv
1273904615,0320030030000200333033303,61891,99938111,28796,160,32934,99938110,100000000,pymatching,SurfaceCode,25,1,5,MHBD_noise,0.001,500.0,results/brute_force/used_SC5_MHBD/results/sweep_83.csv
478618674,0330333030000300333033003,57325,99942677,30466,162,26696,99942676,100000000,pymatching,SurfaceCode,25,1,5,MHBD_noise,0.001,500.0,results/brute_force/used_SC5_MHBD/results/sweep_83.csv
1423366049,0330030030000300333033303,56873,99943129,28541,141,28190,99943128,100000000,pymatching,SurfaceCode,25,1,5,MHBD_noise,0.001,500.0,results/brute_force/used_SC5_MHBD/results/sweep_83.csv
417944045,0330030030000300333033333,56388,99943614,30028,147,26212,99943613,100000000,pymatching,SurfaceCode,25,1,5,MHBD_noise,0.001,500.0,results/brute_force/used_SC5_MHBD/results/sweep_83.csv
1137512989,0330030030030300333033303,56695,99943307,30206,138,26350,99943306,100000000,pymatching,SurfaceCode,25,1,5,MHBD_noise,0.001,500.0,results/brute_force/used_SC5_MHBD/results/sweep_83.csv
1769572006,0330030030030300330333330,54601,99945401,28476,125,25999,99945400,100000000,pymatching,SurfaceCode,25,1,5,MHBD_noise,0.001,500.0,results/brute_force/used_SC5_MHBD/results/sweep_83.csv
1697116116,0330330030030300030333330,53762,99946240,27477,135,26149,99946239,100000000,pymatching,SurfaceCode,25,1,5,MHBD_noise,0.001,500.0,results/brute_force/used_SC5_MHBD/results/sweep_83.csv
1181933037,0330030030030300030333330,53817,99946185,26086,133,27597,99946184,100000000,pymatching,SurfaceCode,25,1,5,MHBD_noise,0.001,500.0,results/brute_force/used_SC5_MHBD/results/sweep_83.csv
1852614453,0333033030000300030303333,54636,99945366,27161,130,27344,99945365,100000000,pymatching,SurfaceCode,25,1,5,MHBD_noise,0.001,500.0,results/brute_force/used_SC5_MHBD/results/sweep_83.csv
2061889528,0333030030030300030303333,53449,99946553,26386,121,26941,99946552,100000000,pymatching,SurfaceCode,25,1,5,MHBD_noise,0.001,500.0,results/brute_force/used_SC5_MHBD/results/sweep_83.csv
634792370,3333303003033030030303032,60226,99939776,32428,156,27641,99939775,100000000,pymatching,SurfaceCode,25,1,5,MHBD_noise,0.001,500.0,results/brute_force/used_SC5_MHBD/results/sweep_223.csv
919617920,0330003303030300000302230,59001,99941001,24698,170,34132,99941000,100000000,pymatching,SurfaceCode,25,1,5,MHBD_noise,0.001,500.0,results/brute_force/used_SC5_MHBD/results/sweep_223.csv
1260393490,3330000003030333333303300,58200,99941802,32041,153,26005,99941801,100000000,pymatching,SurfaceCode,25,1,5,MHBD_noise,0.001,500.0,results/brute_force/used_SC5_MHBD/results/sweep_223.csv
2097112830,2233233302232020302220303,78940,99921062,43679,236,35024,99921061,100000000,pymatching,SurfaceCode,25,1,5,MHBD_noise,0.001,500.0,results/brute_force/used_SC5_MHBD/results/sweep_223.csv
1712291883,2233320300202300202233320,73474,99926528,36152,240,37081,99926527,100000000,pymatching,SurfaceCode,25,1,5,MHBD_noise,0.001,500.0,results/brute_force/used_SC5_MHBD/results/sweep_223.csv
2061996750,2000030202220202333303300,72149,99927853,33439,252,38457,99927852,100000000,pymatching,SurfaceCode,25,1,5,MHBD_noise,0.001,500.0,results/brute_force/used_SC5_MHBD/results/sweep_223.csv
2014090324,2230200000002300303333303,67840,99932162,30016,191,37632,99932161,100000000,pymatching,SurfaceCode,25,1,5,MHBD_noise,0.001,500.0,results/brute_force/used_SC5_MHBD/results/sweep_223.csv
504374985,3302203030303302000332033,64829,99935173,32074,167,32587,99935172,100000000,pymatching,SurfaceCode,25,1,5,MHBD_noise,0.001,500.0,results/brute_force/used_SC5_MHBD/results/sweep_223.csv
1835835091,0003000003020033300033030,65013,99934989,23013,162,41837,99934988,100000000,pymatching,SurfaceCode,25,1,5,MHBD_noise,0.001,500.0,results/brute_force/used_SC5_MHBD/results/sweep_223.csv
1962562253,2033033200030330330033230,61190,99938812,32089,188,28912,99938811,100000000,pymatching,SurfaceCode,25,1,5,MHBD_noise,0.001,500.0,results/brute_force/used_SC5_MHBD/results/sweep_223.csv
1649856047,0003333030033330300030033,59811,99940191,31750,160,27900,99940190,100000000,pymatching,SurfaceCode,25,1,5,MHBD_noise,0.001,500.0,results/brute_force/used_SC5_MHBD/results/sweep_134.csv
1091034989,0003333030033330300033033,59216,99940786,32485,145,26585,99940785,100000000,pymatching,SurfaceCode,25,1,5,MHBD_noise,0.001,500.0,results/brute_force/used_SC5_MHBD/results/sweep_134.csv
943470118,0003333030033300300033033,57954,99942048,30103,173,27677,99942047,100000000,pymatching,SurfaceCode,25,1,5,MHBD_noise,0.001,500.0,results/brute_force/used_SC5_MHBD/results/sweep_134.csv
542743231,0303333000030330300030033,57114,99942888,27119,157,29837,99942887,100000000,pymatching,SurfaceCode,25,1,5,MHBD_noise,0.001,500.0,results/brute_force/used_SC5_MHBD/results/sweep_134.csv
1126939397,0300333000030330333330033,57984,99942018,31459,147,26377,99942017,100000000,pymatching,SurfaceCode,25,1,5,MHBD_noise,0.001,500.0,results/brute_force/used_SC5_MHBD/results/sweep_134.csv
879239651,0330333000030330330330033,56415,99943587,29713,146,26555,99943586,100000000,pymatching,SurfaceCode,25,1,5,MHBD_noise,0.001,500.0,results/brute_force/used_SC5_MHBD/results/sweep_134.csv
1700526180,0003333300030330330030033,55825,99944177,29612,132,26080,99944176,100000000,pymatching,SurfaceCode,25,1,5,MHBD_noise,0.001,500.0,results/brute_force/used_SC5_MHBD/results/sweep_134.csv
952845294,0033303300030300330030033,54478,99945524,26805,168,27504,99945523,100000000,pymatching,SurfaceCode,25,1,5,MHBD_noise,0.001,500.0,results/brute_force/used_SC5_MHBD/results/sweep_134.csv
303031342,0303333300030300330030030,53958,99946044,26912,132,26913,99946043,100000000,pymatching,SurfaceCode,25,1,5,MHBD_noise,0.001,500.0,results/brute_force/used_SC5_MHBD/results/sweep_134.csv
77709439,0303330300030330330330030,54206,99945796,27792,155,26258,99945795,100000000,pymatching,SurfaceCode,25,1,5,MHBD_noise,0.001,500.0,results/brute_force/used_SC5_MHBD/results/sweep_134.csv
494562393,3003320200330302303220330,66476,99933526,33505,212,32758,99933525,100000000,pymatching,SurfaceCode,25,1,5,MHBD_noise,0.001,500.0,results/brute_force/used_SC5_MHBD/results/sweep_199.csv
313794846,0032003302203033030302302,65542,99934460,30214,155,35172,99934459,100000000,pymatching,SurfaceCode,25,1,5,MHBD_noise,0.001,500.0,results/brute_force/used_SC5_MHBD/results/sweep_199.csv
2087146085,0033203003003003303320020,65954,99934048,29014,166,36773,99934047,100000000,pymatching,SurfaceCode,25,1,5,MHBD_noise,0.001,500.0,results/brute_force/used_SC5_MHBD/results/sweep_199.csv
2003121267,3202000333330030303303332,62898,99937104,34462,172,28263,99937103,100000000,pymatching,SurfaceCode,25,1,5,MHBD_noise,0.001,500.0,results/brute_force/used_SC5_MHBD/results/sweep_199.csv
2086192900,3003300300200302030300333,61027,99938975,26536,155,34335,99938974,100000000,pymatching,SurfaceCode,25,1,5,MHBD_noise,0.001,500.0,results/brute_force/used_SC5_MHBD/results/sweep_199.csv
803192774,0332330333020303030023033,60885,99939117,33839,169,26876,99939116,100000000,pymatching,SurfaceCode,25,1,5,MHBD_noise,0.001,500.0,results/brute_force/used_SC5_MHBD/results/sweep_199.csv
288022385,0333203000030303020333332,59923,99940079,30085,154,29683,99940078,100000000,pymatching,SurfaceCode,25,1,5,MHBD_noise,0.001,500.0,results/brute_force/used_SC5_MHBD/results/sweep_199.csv
1628995261,0302030030330030333330303,60301,99939701,31807,177,28316,99939700,100000000,pymatching,SurfaceCode,25,1,5,MHBD_noise,0.001,500.0,results/brute_force/used_SC5_MHBD/results/sweep_199.csv
447940941,3200000333000003300003333,59464,99940538,25803,156,33504,99940537,100000000,pymatching,SurfaceCode,25,1,5,MHBD_noise,0.001,500.0,results/brute_force/used_SC5_MHBD/results/sweep_199.csv
647607507,0303330303030323300230003,59717,99940285,30308,187,29221,99940284,100000000,pymatching,SurfaceCode,25,1,5,MHBD_noise,0.001,500.0,results/brute_force/used_SC5_MHBD/results/sweep_199.csv
391123593,0033330300030300030033330,52599,99947403,25378,124,27096,99947402,100000000,pymatching,SurfaceCode,25,1,5,MHBD_noise,0.001,500.0,results/brute_force/used_SC5_MHBD/results/sweep_148.csv
1874533019,0303330333030300030303030,53640,99946362,27500,134,26005,99946361,100000000,pymatching,SurfaceCode,25,1,5,MHBD_noise,0.001,500.0,results/brute_force/used_SC5_MHBD/results/sweep_148.csv
1499471617,3333000303030300030333030,54131,99945871,27209,155,26766,99945870,100000000,pymatching,SurfaceCode,25,1,5,MHBD_noise,0.001,500.0,results/brute_force/used_SC5_MHBD/results/sweep_148.csv
890984087,0303000300033303030303330,53902,99946100,26616,153,27132,99946099,100000000,pymatching,SurfaceCode,25,1,5,MHBD_noise,0.001,500.0,results/brute_force/used_SC5_MHBD/results/sweep_148.csv
228573550,0033030303030303030003030,54233,99945769,24766,141,29325,99945768,100000000,pymatching,SurfaceCode,25,1,5,MHBD_noise,0.001,500.0,results/brute_force/used_SC5_MHBD/results/sweep_148.csv
1383147525,0333223032203333300220222,74812,99925190,41417,251,33143,99925189,100000000,pymatching,SurfaceCode,25,1,5,MHBD_noise,0.001,500.0,results/brute_force/used_SC5_MHBD/results/sweep_148.csv
703087626,2030023332220332033330003,72305,99927697,40536,218,31550,99927696,100000000,pymatching,SurfaceCode,25,1,5,MHBD_noise,0.001,500.0,results/brute_force/used_SC5_MHBD/results/sweep_148.csv
840098485,2030023332220333033330003,70672,99929330,40624,238,29809,99929329,100000000,pymatching,SurfaceCode,25,1,5,MHBD_noise,0.001,500.0,results/brute_force/used_SC5_MHBD/results/sweep_148.csv
484813235,2030023332220333030330000,68333,99931669,36062,207,32063,99931668,100000000,pymatching,SurfaceCode,25,1,5,MHBD_noise,0.001,500.0,results/brute_force/used_SC5_MHBD/results/sweep_148.csv
1170149354,2030023332300333030330000,64225,99935777,32973,173,31078,99935776,100000000,pymatching,SurfaceCode,25,1,5,MHBD_noise,0.001,500.0,results/brute_force/used_SC5_MHBD/results/sweep_148.csv
1536051144,3333030200030232003200030,65901,99934101,28594,184,37122,99934100,100000000,pymatching,SurfaceCode,25,1,5,MHBD_noise,0.001,500.0,results/brute_force/used_SC5_MHBD/results/sweep_20.csv
1108425276,3330030200030232003200030,67188,99932814,28060,196,38931,99932813,100000000,pymatching,SurfaceCode,25,1,5,MHBD_noise,0.001,500.0,results/brute_force/used_SC5_MHBD/results/sweep_20.csv
884961070,0333033330030030302200000,62461,99937541,30297,187,31976,99937540,100000000,pymatching,SurfaceCode,25,1,5,MHBD_noise,0.001,500.0,results/brute_force/used_SC5_MHBD/results/sweep_20.csv
1500717435,3333030330030030002230030,60127,99939875,28835,150,31141,99939874,100000000,pymatching,SurfaceCode,25,1,5,MHBD_noise,0.001,500.0,results/brute_force/used_SC5_MHBD/results/sweep_20.csv
1191954710,3333030300030030022030330,58842,99941160,26675,163,32003,99941159,100000000,pymatching,SurfaceCode,25,1,5,MHBD_noise,0.001,500.0,results/brute_force/used_SC5_MHBD/results/sweep_20.csv
593231635,0333030300030030002030330,57667,99942335,24373,168,33125,99942334,100000000,pymatching,SurfaceCode,25,1,5,MHBD_noise,0.001,500.0,results/brute_force/used_SC5_MHBD/results/sweep_20.csv
1930396041,3333030300330000000030333,56001,99944001,25678,142,30180,99944000,100000000,pymatching,SurfaceCode,25,1,5,MHBD_noise,0.001,500.0,results/brute_force/used_SC5_MHBD/results/sweep_20.csv
1558794928,0333030300030000000030333,54943,99945059,22374,128,32440,99945058,100000000,pymatching,SurfaceCode,25,1,5,MHBD_noise,0.001,500.0,results/brute_force/used_SC5_MHBD/results/sweep_20.csv
1648328268,0333030300030300030030333,52848,99947154,24772,134,27941,99947153,100000000,pymatching,SurfaceCode,25,1,5,MHBD_noise,0.001,500.0,results/brute_force/used_SC5_MHBD/results/sweep_20.csv
2035880389,0333030300030300030333330,52118,99947884,26004,122,25991,99947883,100000000,pymatching,SurfaceCode,25,1,5,MHBD_noise,0.001,500.0,results/brute_force/used_SC5_MHBD/results/sweep_20.csv
95747173,2200333200330322302323330,69462,99930540,38137,226,31098,99930539,100000000,pymatching,SurfaceCode,25,1,5,MHBD_noise,0.001,500.0,results/brute_force/used_SC5_MHBD/results/sweep_197.csv
1876373279,0323230033033003333023033,64593,99935409,37843,168,26581,99935408,100000000,pymatching,SurfaceCode,25,1,5,MHBD_noise,0.001,500.0,results/brute_force/used_SC5_MHBD/results/sweep_197.csv
136681518,0023230203333300020303330,63563,99936439,32481,210,30871,99936438,100000000,pymatching,SurfaceCode,25,1,5,MHBD_noise,0.001,500.0,results/brute_force/used_SC5_MHBD/results/sweep_197.csv
1106351750,3030233200030330330033030,60300,99939702,30610,176,29513,99939701,100000000,pymatching,SurfaceCode,25,1,5,MHBD_noise,0.001,500.0,results/brute_force/used_SC5_MHBD/results/sweep_197.csv
1592264571,3200330300030300330322330,59055,99940947,28870,164,30020,99940946,100000000,pymatching,SurfaceCode,25,1,5,MHBD_noise,0.001,500.0,results/brute_force/used_SC5_MHBD/results/sweep_197.csv
1744267548,0233000303330303000303033,57562,99942440,26444,147,30970,99942439,100000000,pymatching,SurfaceCode,25,1,5,MHBD_noise,0.001,500.0,results/brute_force/used_SC5_MHBD/results/sweep_197.csv
1497209774,2023233002322032332323003,80715,99919287,44070,298,36346,99919286,100000000,pymatching,SurfaceCode,25,1,5,MHBD_noise,0.001,500.0,results/brute_force/used_SC5_MHBD/results/sweep_197.csv
1209936541,2223003223003333200320030,73921,99926081,36861,259,36800,99926080,100000000,pymatching,SurfaceCode,25,1,5,MHBD_noise,0.001,500.0,results/brute_force/used_SC5_MHBD/results/sweep_197.csv
1059780170,3303033200323232000330032,70791,99929211,36140,217,34433,99929210,100000000,pymatching,SurfaceCode,25,1,5,MHBD_noise,0.001,500.0,results/brute_force/used_SC5_MHBD/results/sweep_197.csv
1532644595,0003033003032003230030333,64847,99935155,30906,183,33757,99935154,100000000,pymatching,SurfaceCode,25,1,5,MHBD_noise,0.001,500.0,results/brute_force/used_SC5_MHBD/results/sweep_197.csv
753591761,0303330330030300030003030,52809,99947193,24405,121,28282,99947192,100000000,pymatching,SurfaceCode,25,1,5,MHBD_noise,0.001,500.0,results/brute_force/used_SC5_MHBD/results/sweep_2.csv
1210659047,0303330300030300030003330,52675,99947327,23150,129,29395,99947326,100000000,pymatching,SurfaceCode,25,1,5,MHBD_noise,0.001,500.0,results/brute_force/used_SC5_MHBD/results/sweep_2.csv
564420764,0333330330030300030003330,52140,99947862,26658,145,25336,99947861,100000000,pymatching,SurfaceCode,25,1,5,MHBD_noise,0.001,500.0,results/brute_force/used_SC5_MHBD/results/sweep_2.csv
919195432,0333300300030300030033330,51393,99948609,24880,129,26383,99948608,100000000,pymatching,SurfaceCode,25,1,5,MHBD_noise,0.001,500.0,results/brute_force/used_SC5_MHBD/results/sweep_2.csv
484873977,0333330300030300030033330,51368,99948634,26058,148,25161,99948633,100000000,pymatching,SurfaceCode,25,1,5,MHBD_noise,0.001,500.0,results/brute_force/used_SC5_MHBD/results/sweep_2.csv
1420390674,3322033323020223032233023,78082,99921920,43811,292,33978,99921919,100000000,pymatching,SurfaceCode,25,1,5,MHBD_noise,0.001,500.0,results/brute_force/used_SC5_MHBD/results/sweep_2.csv
1167846572,0020030333000220220223333,71707,99928295,34147,203,37356,99928294,100000000,pymatching,SurfaceCode,25,1,5,MHBD_noise,0.001,500.0,results/brute_force/used_SC5_MHBD/results/sweep_2.csv
1460299048,3330300033002303030022033,62955,99937047,31317,166,31471,99937046,100000000,pymatching,SurfaceCode,25,1,5,MHBD_noise,0.001,500.0,results/brute_force/used_SC5_MHBD/results/sweep_2.csv
264331965,3330300233002333030022033,66239,99933763,35251,210,30777,99933762,100000000,pymatching,SurfaceCode,25,1,5,MHBD_noise,0.001,500.0,results/brute_force/used_SC5_MHBD/results/sweep_2.csv
1126239782,3330300033002333030022033,64104,99935898,33054,180,30869,99935897,100000000,pymatching,SurfaceCode,25,1,5,MHBD_noise,0.001,500.0,results/brute_force/used_SC5_MHBD/results/sweep_2.csv
1679548092,0323303203003000323300302,67428,99932574,32801,184,34442,99932573,100000000,pymatching,SurfaceCode,25,1,5,MHBD_noise,0.001,500.0,results/brute_force/used_SC5_MHBD/results/sweep_146.csv
1034288569,0323303203003000303300302,65568,99934434,30964,173,34430,99934433,100000000,pymatching,SurfaceCode,25,1,5,MHBD_noise,0.001,500.0,results/brute_force/used_SC5_MHBD/results/sweep_146.csv
1133946498,0323303303003000323300302,64530,99935472,32671,150,31708,99935471,100000000,pymatching,SurfaceCode,25,1,5,MHBD_noise,0.001,500.0,results/brute_force/used_SC5_MHBD/results/sweep_146.csv
272494383,0323303300003000323300300,62174,99937828,29352,147,32674,99937827,100000000,pymatching,SurfaceCode,25,1,5,MHBD_noise,0.001,500.0,results/brute_force/used_SC5_MHBD/results/sweep_146.csv
352126232,0323003300003000323300300,62243,99937759,27361,158,34723,99937758,100000000,pymatching,SurfaceCode,25,1,5,MHBD_noise,0.001,500.0,results/brute_force/used_SC5_MHBD/results/sweep_146.csv
300079186,0333003000000000323330330,59803,99940199,25903,158,33741,99940198,100000000,pymatching,SurfaceCode,25,1,5,MHBD_noise,0.001,500.0,results/brute_force/used_SC5_MHBD/results/sweep_146.csv
717741481,0333033300000000323330330,57459,99942543,28411,157,28890,99942542,100000000,pymatching,SurfaceCode,25,1,5,MHBD_noise,0.001,500.0,results/brute_force/used_SC5_MHBD/results/sweep_146.csv
1685095166,0333033300000000320330330,56398,99943604,26050,158,30189,99943603,100000000,pymatching,SurfaceCode,25,1,5,MHBD_noise,0.001,500.0,results/brute_force/used_SC5_MHBD/results/sweep_146.csv
982608792,0333033300000000330330330,55222,99944780,26323,156,28742,99944779,100000000,pymatching,SurfaceCode,25,1,5,MHBD_noise,0.001,500.0,results/brute_force/used_SC5_MHBD/results/sweep_146.csv
1312476990,0333030300000000330330330,53938,99946064,24112,144,29681,99946063,100000000,pymatching,SurfaceCode,25,1,5,MHBD_noise,0.001,500.0,results/brute_force/used_SC5_MHBD/results/sweep_146.csv
597043545,0220300300033020300300323,64971,99935031,27675,217,37078,99935030,100000000,pymatching,SurfaceCode,25,1,5,MHBD_noise,0.001,500.0,results/brute_force/used_SC5_MHBD/results/sweep_27.csv
1185693364,0300300300033220300303323,63191,99936811,29220,169,33801,99936810,100000000,pymatching,SurfaceCode,25,1,5,MHBD_noise,0.001,500.0,results/brute_force/used_SC5_MHBD/results/sweep_27.csv
997675836,0320330300033200300303323,62012,99937990,29651,170,32190,99937989,100000000,pymatching,SurfaceCode,25,1,5,MHBD_noise,0.001,500.0,results/brute_force/used_SC5_MHBD/results/sweep_27.csv
135343632,0330330300033200330303323,59656,99940346,31547,159,27949,99940345,100000000,pymatching,SurfaceCode,25,1,5,MHBD_noise,0.001,500.0,results/brute_force/used_SC5_MHBD/results/sweep_27.csv
875161802,0330330300033200000303323,59119,99940883,27423,142,31553,99940882,100000000,pymatching,SurfaceCode,25,1,5,MHBD_noise,0.001,500.0,results/brute_force/used_SC5_MHBD/results/sweep_27.csv
1497983012,0330330300033300002303323,59232,99940770,30413,162,28656,99940769,100000000,pymatching,SurfaceCode,25,1,5,MHBD_noise,0.001,500.0,results/brute_force/used_SC5_MHBD/results/sweep_27.csv
1025861455,0333330300030330032303333,55939,99944063,31284,156,24498,99944062,100000000,pymatching,SurfaceCode,25,1,5,MHBD_noise,0.001,500.0,results/brute_force/used_SC5_MHBD/results/sweep_27.csv
1696171164,0333030300030330030303330,52695,99947307,26133,141,26420,99947306,100000000,pymatching,SurfaceCode,25,1,5,MHBD_noise,0.001,500.0,results/brute_force/used_SC5_MHBD/results/sweep_27.csv
1260086903,0333330300030300030333030,52007,99947995,26728,119,25159,99947994,100000000,pymatching,SurfaceCode,25,1,5,MHBD_noise,0.001,500.0,results/brute_force/used_SC5_MHBD/results/sweep_27.csv
106451459,2203200303033332033230003,67908,99932094,37425,210,30272,99932093,100000000,pymatching,SurfaceCode,25,1,5,MHBD_noise,0.001,500.0,results/brute_force/used_SC5_MHBD/results/sweep_27.csv
1773840646,2002000333000330003230303,65215,99934787,27133,165,37916,99934786,100000000,pymatching,SurfaceCode,25,1,5,MHBD_noise,0.001,500.0,results/brute_force/used_SC5_MHBD/results/sweep_190.csv
1940636162,3333000003000332300230002,63662,99936340,26236,189,37236,99936339,100000000,pymatching,SurfaceCode,25,1,5,MHBD_noise,0.001,500.0,results/brute_force/used_SC5_MHBD/results/sweep_190.csv
65431962,2033230320000003330300033,61801,99938201,28147,181,33472,99938200,100000000,pymatching,SurfaceCode,25,1,5,MHBD_noise,0.001,500.0,results/brute_force/used_SC5_MHBD/results/sweep_190.csv
1851578323,0303030300323030030303200,61117,99938885,27731,165,33220,99938884,100000000,pymatching,SurfaceCode,25,1,5,MHBD_noise,0.001,500.0,results/brute_force/used_SC5_MHBD/results/sweep_190.csv
503096795,3230030330030302033300333,60148,99939854,32472,164,27511,99939853,100000000,pymatching,SurfaceCode,25,1,5,MHBD_noise,0.001,500.0,results/brute_force/used_SC5_MHBD/results/sweep_190.csv
647732724,0333330300030302300000002,59254,99940748,26575,153,32525,99940747,100000000,pymatching,SurfaceCode,25,1,5,MHBD_noise,0.001,500.0,results/brute_force/used_SC5_MHBD/results/sweep_190.csv
1636512938,3033330300332300000303330,58386,99941616,30192,160,28033,99941615,100000000,pymatching,SurfaceCode,25,1,5,MHBD_noise,0.001,500.0,results/brute_force/used_SC5_MHBD/results/sweep_190.csv
825247081,0333333020030303030330330,57195,99942807,30859,149,26186,99942806,100000000,pymatching,SurfaceCode,25,1,5,MHBD_noise,0.001,500.0,results/brute_force/used_SC5_MHBD/results/sweep_190.csv
1277039547,3003203320203233220003000,74849,99925153,35673,248,38927,99925152,100000000,pymatching,SurfaceCode,25,1,5,MHBD_noise,0.001,500.0,results/brute_force/used_SC5_MHBD/results/sweep_190.csv
836307689,0002322323300302000203333,68974,99931028,32209,207,36557,99931027,100000000,pymatching,SurfaceCode,25,1,5,MHBD_noise,0.001,500.0,results/brute_force/used_SC5_MHBD/results/sweep_190.csv
1579522841,0033303300033030033322030,61275,99938727,32795,151,28328,99938726,100000000,pymatching,SurfaceCode,25,1,5,MHBD_noise,0.001,500.0,results/brute_force/used_SC5_MHBD/results/sweep_5.csv
637271774,0033303300033330033330030,58189,99941813,32826,140,25222,99941812,100000000,pymatching,SurfaceCode,25,1,5,MHBD_noise,0.001,500.0,results/brute_force/used_SC5_MHBD/results/sweep_5.csv
35944969,0333320300030330033330030,56831,99943171,29166,145,27519,99943170,100000000,pymatching,SurfaceCode,25,1,5,MHBD_noise,0.001,500.0,results/brute_force/used_SC5_MHBD/results/sweep_5.csv
54074852,0333300300030330033330030,54547,99945455,27003,136,27407,99945454,100000000,pymatching,SurfaceCode,25,1,5,MHBD_noise,0.001,500.0,results/brute_force/used_SC5_MHBD/results/sweep_5.csv
1969110305,0330330300030030033330030,55491,99944511,26179,140,29171,99944510,100000000,pymatching,SurfaceCode,25,1,5,MHBD_noise,0.001,500.0,results/brute_force/used_SC5_MHBD/results/sweep_5.csv
1420424906,0333300300030330033030030,55016,99944986,26195,145,28675,99944985,100000000,pymatching,SurfaceCode,25,1,5,MHBD_noise,0.001,500.0,results/brute_force/used_SC5_MHBD/results/sweep_5.csv
817529239,0333300300030300333033030,53064,99946938,27356,155,25552,99946937,100000000,pymatching,SurfaceCode,25,1,5,MHBD_noise,0.001,500.0,results/brute_force/used_SC5_MHBD/results/sweep_5.csv
157668011,0333330303030300330033030,53419,99946583,29020,133,24265,99946582,100000000,pymatching,SurfaceCode,25,1,5,MHBD_noise,0.001,500.0,results/brute_force/used_SC5_MHBD/results/sweep_5.csv
1312793821,0333330303030300330033330,53664,99946338,30900,136,22627,99946337,100000000,pymatching,SurfaceCode,25,1,5,MHBD_noise,0.001,500.0,results/brute_force/used_SC5_MHBD/results/sweep_5.csv
154869430,0333030303030300330003330,53149,99946853,27347,123,25678,99946852,100000000,pymatching,SurfaceCode,25,1,5,MHBD_noise,0.001,500.0,results/brute_force/used_SC5_MHBD/results/sweep_5.csv
1152608771,3030300223003220333230022,73736,99926266,36991,239,36505,99926265,100000000,pymatching,SurfaceCode,25,1,5,MHBD_noise,0.001,500.0,results/brute_force/used_SC5_MHBD/results/sweep_141.csv
2069550487,2303033020332200020300202,74271,99925731,32289,267,41714,99925730,100000000,pymatching,SurfaceCode,25,1,5,MHBD_noise,0.001,500.0,results/brute_force/used_SC5_MHBD/results/sweep_141.csv
478596690,3030300323203220333330022,70888,99929114,38781,240,31866,99929113,100000000,pymatching,SurfaceCode,25,1,5,MHBD_noise,0.001,500.0,results/brute_force/used_SC5_MHBD/results/sweep_141.csv
64267733,3030300323203220333330032,69488,99930514,39147,230,30110,99930513,100000000,pymatching,SurfaceCode,25,1,5,MHBD_noise,0.001,500.0,results/brute_force/used_SC5_MHBD/results/sweep_141.csv
575798035,3030300323203220003330022,71335,99928667,34238,201,36895,99928666,100000000,pymatching,SurfaceCode,25,1,5,MHBD_noise,0.001,500.0,results/brute_force/used_SC5_MHBD/results/sweep_141.csv
641956254,3030300323203220003333022,70264,99929738,35153,219,34891,99929737,100000000,pymatching,SurfaceCode,25,1,5,MHBD_noise,0.001,500.0,results/brute_force/used_SC5_MHBD/results/sweep_141.csv
1901683644,3032300323003223033330022,69757,99930245,37160,211,32385,99930244,100000000,pymatching,SurfaceCode,25,1,5,MHBD_noise,0.001,500.0,results/brute_force/used_SC5_MHBD/results/sweep_141.csv
480273650,3030300303003322033030032,63336,99936666,31783,175,31377,99936665,100000000,pymatching,SurfaceCode,25,1,5,MHBD_noise,0.001,500.0,results/brute_force/used_SC5_MHBD/results/sweep_141.csv
1848130465,3030300303003322033330032,63319,99936683,33277,164,29877,99936682,100000000,pymatching,SurfaceCode,25,1,5,MHBD_noise,0.001,500.0,results/brute_force/used_SC5_MHBD/results/sweep_141.csv
814109769,3030300303030300003030033,57642,99942360,25313,142,32186,99942359,100000000,pymatching,SurfaceCode,25,1,5,MHBD_noise,0.001,500.0,results/brute_force/used_SC5_MHBD/results/sweep_141.csv
1817396233,0033033333033000030323003,60441,99939561,32882,181,27377,99939560,100000000,pymatching,SurfaceCode,25,1,5,MHBD_noise,0.001,500.0,results/brute_force/used_SC5_MHBD/results/sweep_12.csv
1810468490,0033033333030000030323003,58430,99941572,29328,174,28927,99941571,100000000,pymatching,SurfaceCode,25,1,5,MHBD_noise,0.001,500.0,results/brute_force/used_SC5_MHBD/results/sweep_12.csv
1183004212,0033033333030000330323303,58771,99941231,32783,187,25800,99941230,100000000,pymatching,SurfaceCode,25,1,5,MHBD_noise,0.001,500.0,results/brute_force/used_SC5_MHBD/results/sweep_12.csv
1949610758,0033033330030000330323303,58039,99941963,30495,155,27388,99941962,100000000,pymatching,SurfaceCode,25,1,5,MHBD_noise,0.001,500.0,results/brute_force/used_SC5_MHBD/results/sweep_12.csv
1950018635,0033033330030000330023333,57699,99942303,30642,136,26920,99942302,100000000,pymatching,SurfaceCode,25,1,5,MHBD_noise,0.001,500.0,results/brute_force/used_SC5_MHBD/results/sweep_12.csv
195079987,0033003330030000030303333,55230,99944772,26361,165,28703,99944771,100000000,pymatching,SurfaceCode,25,1,5,MHBD_noise,0.001,500.0,results/brute_force/used_SC5_MHBD/results/sweep_12.csv
239236165,0033000330030000030303333,55198,99944804,24359,157,30681,99944803,100000000,pymatching,SurfaceCode,25,1,5,MHBD_noise,0.001,500.0,results/brute_force/used_SC5_MHBD/results/sweep_12.csv
360305053,0333003330030300030303333,53927,99946075,28135,113,25678,99946074,100000000,pymatching,SurfaceCode,25,1,5,MHBD_noise,0.001,500.0,results/brute_force/used_SC5_MHBD/results/sweep_12.csv
856539653,0033003330030300030003333,53839,99946163,25966,119,27753,99946162,100000000,pymatching,SurfaceCode,25,1,5,MHBD_noise,0.001,500.0,results/brute_force/used_SC5_MHBD/results/sweep_12.csv
1288424239,0033033330030300030003333,54287,99945715,27817,163,26306,99945714,100000000,pymatching,SurfaceCode,25,1,5,MHBD_noise,0.001,500.0,results/brute_force/used_SC5_MHBD/results/sweep_12.csv
765986862,2203320303030200230030320,64829,99935173,28713,196,35919,99935172,100000000,pymatching,SurfaceCode,25,1,5,MHBD_noise,0.001,500.0,results/brute_force/used_SC5_MHBD/results/sweep_174.csv
1338552496,2000330030003303230030033,62413,99937589,28291,157,33964,99937588,100000000,pymatching,SurfaceCode,25,1,5,MHBD_noise,0.001,500.0,results/brute_force/used_SC5_MHBD/results/sweep_174.csv
1340542492,0003002333030320300330303,62186,99937816,30188,177,31820,99937815,100000000,pymatching,SurfaceCode,25,1,5,MHBD_noise,0.001,500.0,results/brute_force/used_SC5_MHBD/results/sweep_174.csv
1799664596,0330300333000330030230330,57495,99942507,27859,140,29495,99942506,100000000,pymatching,SurfaceCode,25,1,5,MHBD_noise,0.001,500.0,results/brute_force/used_SC5_MHBD/results/sweep_174.csv
33790652,0223233033332023222033220,82799,99917203,44224,288,38286,99917202,100000000,pymatching,SurfaceCode,25,1,5,MHBD_noise,0.001,500.0,results/brute_force/used_SC5_MHBD/results/sweep_174.csv
466339659,0300200223002002322003002,79591,99920411,29728,282,49580,99920410,100000000,pymatching,SurfaceCode,25,1,5,MHBD_noise,0.001,500.0,results/brute_force/used_SC5_MHBD/results/sweep_174.csv
1939111489,3323020230230230333002203,70502,99929500,37598,216,32687,99929499,100000000,pymatching,SurfaceCode,25,1,5,MHBD_noise,0.001,500.0,results/brute_force/used_SC5_MHBD/results/sweep_174.csv
19477218,3023302303300323003203020,68811,99931191,32347,196,36267,99931190,100000000,pymatching,SurfaceCode,25,1,5,MHBD_noise,0.001,500.0,results/brute_force/used_SC5_MHBD/results/sweep_174.csv
1899642221,3000330303330303330002322,61842,99938160,32825,195,28821,99938159,100000000,pymatching,SurfaceCode,25,1,5,MHBD_noise,0.001,500.0,results/brute_force/used_SC5_MHBD/results/sweep_174.csv
1058728668,2033003333033000030330302,60925,99939077,31988,178,28758,99939076,100000000,pymatching,SurfaceCode,25,1,5,MHBD_noise,0.001,500.0,results/brute_force/used_SC5_MHBD/results/sweep_174.csv
2017669557,0330003330000333330000330,57085,99942917,29453,145,27486,99942916,100000000,pymatching,SurfaceCode,25,1,5,MHBD_noise,0.001,500.0,results/brute_force/used_SC5_MHBD/results/sweep_108.csv
1438000403,0300003330000303030002330,57297,99942705,23966,151,33179,99942704,100000000,pymatching,SurfaceCode,25,1,5,MHBD_noise,0.001,500.0,results/brute_force/used_SC5_MHBD/results/sweep_108.csv
712808055,0330003330000333030000030,57883,99942119,26022,156,31704,99942118,100000000,pymatching,SurfaceCode,25,1,5,MHBD_noise,0.001,500.0,results/brute_force/used_SC5_MHBD/results/sweep_108.csv
84067659,0333000330000303030000330,55055,99944947,23326,145,31583,99944946,100000000,pymatching,SurfaceCode,25,1,5,MHBD_noise,0.001,500.0,results/brute_force/used_SC5_MHBD/results/sweep_108.csv
1706800930,0333000330030303030030030,54016,99945986,25167,131,28717,99945985,100000000,pymatching,SurfaceCode,25,1,5,MHBD_noise,0.001,500.0,results/brute_force/used_SC5_MHBD/results/sweep_108.csv
1208975981,0333300030030303030200030,55993,99944009,25383,138,30471,99944008,100000000,pymatching,SurfaceCode,25,1,5,MHBD_noise,0.001,500.0,results/brute_force/used_SC5_MHBD/results/sweep_108.csv
732067418,0333000330030303030033030,53615,99946387,26200,133,27281,99946386,100000000,pymatching,SurfaceCode,25,1,5,MHBD_noise,0.001,500.0,results/brute_force/used_SC5_MHBD/results/sweep_108.csv
1239153480,0333330030030303030300330,53811,99946191,27365,127,26318,99946190,100000000,pymatching,SurfaceCode,25,1,5,MHBD_noise,0.001,500.0,results/brute_force/used_SC5_MHBD/results/sweep_108.csv
1456839691,0333330000030303030303030,54609,99945393,25763,122,28723,99945392,100000000,pymatching,SurfaceCode,25,1,5,MHBD_noise,0.001,500.0,results/brute_force/used_SC5_MHBD/results/sweep_108.csv
1784977250,0333300003030303030333030,53982,99946020,27759,123,26099,99946019,100000000,pymatching,SurfaceCode,25,1,5,MHBD_noise,0.001,500.0,results/brute_force/used_SC5_MHBD/results/sweep_108.csv
1060415346,0303330300030300330303030,52938,99947064,25755,129,27053,99947063,100000000,pymatching,SurfaceCode,25,1,5,MHBD_noise,0.001,500.0,results/brute_force/used_SC5_MHBD/results/sweep_69.csv
547743684,0303330300030300330333030,53385,99946617,27640,149,25595,99946616,100000000,pymatching,SurfaceCode,25,1,5,MHBD_noise,0.001,500.0,results/brute_force/used_SC5_MHBD/results/sweep_69.csv
923734096,0333300300030300030333333,52570,99947432,28164,144,24261,99947431,100000000,pymatching,SurfaceCode,25,1,5,MHBD_noise,0.001,500.0,results/brute_force/used_SC5_MHBD/results/sweep_69.csv
694082275,0303330330030300030030330,53255,99946747,25672,135,27447,99946746,100000000,pymatching,SurfaceCode,25,1,5,MHBD_noise,0.001,500.0,results/brute_force/used_SC5_MHBD/results/sweep_69.csv
2058389740,0303303300030300030333033,53255,99946747,26979,128,26147,99946746,100000000,pymatching,SurfaceCode,25,1,5,MHBD_noise,0.001,500.0,results/brute_force/used_SC5_MHBD/results/sweep_69.csv
720998616,3200033002230022033232300,72651,99927351,33213,189,39248,99927350,100000000,pymatching,SurfaceCode,25,1,5,MHBD_noise,0.001,500.0,results/brute_force/used_SC5_MHBD/results/sweep_69.csv
1879083298,3200233002230022033232300,74169,99925833,34390,242,39536,99925832,100000000,pymatching,SurfaceCode,25,1,5,MHBD_noise,0.001,500.0,results/brute_force/used_SC5_MHBD/results/sweep_69.csv
1780299970,3203233002230022033232300,72907,99927095,35173,188,37545,99927094,100000000,pymatching,SurfaceCode,25,1,5,MHBD_noise,0.001,500.0,results/brute_force/used_SC5_MHBD/results/sweep_69.csv
1589351033,3200033002230022033202330,71041,99928961,32394,198,38448,99928960,100000000,pymatching,SurfaceCode,25,1,5,MHBD_noise,0.001,500.0,results/brute_force/used_SC5_MHBD/results/sweep_69.csv
2000381607,3203033000230302033002230,64128,99935874,29152,175,34800,99935873,100000000,pymatching,SurfaceCode,25,1,5,MHBD_noise,0.001,500.0,results/brute_force/used_SC5_MHBD/results/sweep_69.csv
409312024,3003303030200303030023030,60347,99939655,26790,163,33393,99939654,100000000,pymatching,SurfaceCode,25,1,5,MHBD_noise,0.001,500.0,results/brute_force/used_SC5_MHBD/results/sweep_218.csv
401061973,3000303330300330033003300,58398,99941604,29370,152,28875,99941603,100000000,pymatching,SurfaceCode,25,1,5,MHBD_noise,0.001,500.0,results/brute_force/used_SC5_MHBD/results/sweep_218.csv
584006391,0330303030030303030003033,55288,99944714,26278,142,28867,99944713,100000000,pymatching,SurfaceCode,25,1,5,MHBD_noise,0.001,500.0,results/brute_force/used_SC5_MHBD/results/sweep_218.csv
1637570993,2233022003333023003033222,75035,99924967,39256,217,35561,99924966,100000000,pymatching,SurfaceCode,25,1,5,MHBD_noise,0.001,500.0,results/brute_force/used_SC5_MHBD/results/sweep_218.csv
384577241,3202020200000023232303030,71813,99928189,28120,222,43470,99928188,100000000,pymatching,SurfaceCode,25,1,5,MHBD_noise,0.001,500.0,results/brute_force/used_SC5_MHBD/results/sweep_218.csv
460459854,3323320002303323000220302,70317,99929685,32946,234,37136,99929684,100000000,pymatching,SurfaceCode,25,1,5,MHBD_noise,0.001,500.0,results/brute_force/used_SC5_MHBD/results/sweep_218.csv
994412767,2000303302030333000323300,62825,99937177,29626,172,33026,99937176,100000000,pymatching,SurfaceCode,25,1,5,MHBD_noise,0.001,500.0,results/brute_force/used_SC5_MHBD/results/sweep_218.csv
1339852650,0003233302030303030303320,60565,99939437,30593,180,29791,99939436,100000000,pymatching,SurfaceCode,25,1,5,MHBD_noise,0.001,500.0,results/brute_force/used_SC5_MHBD/results/sweep_218.csv
758137465,0303330030033330300303302,58437,99941565,30345,142,27949,99941564,100000000,pymatching,SurfaceCode,25,1,5,MHBD_noise,0.001,500.0,results/brute_force/used_SC5_MHBD/results/sweep_218.csv
81998711,0330300033330300032033300,57618,99942384,29194,159,28264,99942383,100000000,pymatching,SurfaceCode,25,1,5,MHBD_noise,0.001,500.0,results/brute_force/used_SC5_MHBD/results/sweep_218.csv
1127444180,0020033203000320022203330,67948,99932054,29060,200,38687,99932053,100000000,pymatching,SurfaceCode,25,1,5,MHBD_noise,0.001,500.0,results/brute_force/used_SC5_MHBD/results/sweep_15.csv
301606264,0020033203030320022203330,67661,99932341,30729,214,36717,99932340,100000000,pymatching,SurfaceCode,25,1,5,MHBD_noise,0.001,500.0,results/brute_force/used_SC5_MHBD/results/sweep_15.csv
1892828146,0020033203030320022003330,65115,99934887,28676,186,36252,99934886,100000000,pymatching,SurfaceCode,25,1,5,MHBD_noise,0.001,500.0,results/brute_force/used_SC5_MHBD/results/sweep_15.csv
260765408,0023033203030300022003330,62253,99937749,27618,187,34447,99937748,100000000,pymatching,SurfaceCode,25,1,5,MHBD_noise,0.001,500.0,results/brute_force/used_SC5_MHBD/results/sweep_15.csv
748214674,0023033303030000032003330,58614,99941388,26134,167,32312,99941387,100000000,pymatching,SurfaceCode,25,1,5,MHBD_noise,0.001,500.0,results/brute_force/used_SC5_MHBD/results/sweep_15.csv
487903101,0023033303030300032003330,57169,99942833,27889,141,29138,99942832,100000000,pymatching,SurfaceCode,25,1,5,MHBD_noise,0.001,500.0,results/brute_force/used_SC5_MHBD/results/sweep_15.csv
1701006064,0003033300030300032033330,56516,99943486,26894,169,29452,99943485,100000000,pymatching,SurfaceCode,25,1,5,MHBD_noise,0.001,500.0,results/brute_force/used_SC5_MHBD/results/sweep_15.csv
1679070080,0003033303030300330003330,54754,99945248,27728,163,26862,99945247,100000000,pymatching,SurfaceCode,25,1,5,MHBD_noise,0.001,500.0,results/brute_force/used_SC5_MHBD/results/sweep_15.csv
140413544,0033303303030300330003330,54196,99945806,28017,139,26039,99945805,100000000,pymatching,SurfaceCode,25,1,5,MHBD_noise,0.001,500.0,results/brute_force/used_SC5_MHBD/results/sweep_15.csv
225749920,0033033303030300330003330,53793,99946209,28119,131,25542,99946208,100000000,pymatching,SurfaceCode,25,1,5,MHBD_noise,0.001,500.0,results/brute_force/used_SC5_MHBD/results/sweep_15.csv
1253422375,0333033300203003020333333,59532,99940470,32620,189,26722,99940469,100000000,pymatching,SurfaceCode,25,1,5,MHBD_noise,0.001,500.0,results/brute_force/used_SC5_MHBD/results/sweep_173.csv
1508222343,0333203033000003030203330,59825,99940177,27367,142,32315,99940176,100000000,pymatching,SurfaceCode,25,1,5,MHBD_noise,0.001,500.0,results/brute_force/used_SC5_MHBD/results/sweep_173.csv
1103876868,0203223202332320232203222,85736,99914266,46902,322,38511,99914265,100000000,pymatching,SurfaceCode,25,1,5,MHBD_noise,0.001,500.0,results/brute_force/used_SC5_MHBD/results/sweep_173.csv
1165927525,2303223233223022300022023,81946,99918056,42714,258,38973,99918055,100000000,pymatching,SurfaceCode,25,1,5,MHBD_noise,0.001,500.0,results/brute_force/used_SC5_MHBD/results/sweep_173.csv
263300556,3022033203032030233033323,73772,99926230,40362,224,33185,99926229,100000000,pymatching,SurfaceCode,25,1,5,MHBD_noise,0.001,500.0,results/brute_force/used_SC5_MHBD/results/sweep_173.csv
1853188542,0222230302022000330230320,72389,99927613,31683,246,40459,99927612,100000000,pymatching,SurfaceCode,25,1,5,MHBD_noise,0.001,500.0,results/brute_force/used_SC5_MHBD/results/sweep_173.csv
2055278548,3300230020303303023230033,66768,99933234,32872,203,33692,99933233,100000000,pymatching,SurfaceCode,25,1,5,MHBD_noise,0.001,500.0,results/brute_force/used_SC5_MHBD/results/sweep_173.csv
1392508673,3003003233330333030320020,65669,99934333,34519,185,30964,99934332,100000000,pymatching,SurfaceCode,25,1,5,MHBD_noise,0.001,500.0,results/brute_force/used_SC5_MHBD/results/sweep_173.csv
1395077886,0330033230003300032202000,65300,99934702,30754,186,34359,99934701,100000000,pymatching,SurfaceCode,25,1,5,MHBD_noise,0.001,500.0,results/brute_force/used_SC5_MHBD/results/sweep_173.csv
729223432,0330030002230332000303002,65214,99934788,27512,187,37514,99934787,100000000,pymatching,SurfaceCode,25,1,5,MHBD_noise,0.001,500.0,results/brute_force/used_SC5_MHBD/results/sweep_173.csv
1773457676,0303330300030300030033030,52496,99947506,24150,119,28226,99947505,100000000,pymatching,SurfaceCode,25,1,5,MHBD_noise,0.001,500.0,results/brute_force/used_SC5_MHBD/results/sweep_67.csv
1088402653,0333330000030300030033030,52729,99947273,23833,137,28758,99947272,100000000,pymatching,SurfaceCode,25,1,5,MHBD_noise,0.001,500.0,results/brute_force/used_SC5_MHBD/results/sweep_67.csv
235937104,0003330023303230330323302,68308,99931694,35500,229,32578,99931693,100000000,pymatching,SurfaceCode,25,1,5,MHBD_noise,0.001,500.0,results/brute_force/used_SC5_MHBD/results/sweep_67.csv
1679478219,0003330020303230330323302,67201,99932801,33969,209,33022,99932800,100000000,pymatching,SurfaceCode,25,1,5,MHBD_noise,0.001,500.0,results/brute_force/used_SC5_MHBD/results/sweep_67.csv
110661559,0023330020303230330323302,68983,99931019,35366,214,33402,99931018,100000000,pymatching,SurfaceCode,25,1,5,MHBD_noise,0.001,500.0,results/brute_force/used_SC5_MHBD/results/sweep_67.csv
1009489725,0003333023303230330323302,69411,99930591,38923,209,30278,99930590,100000000,pymatching,SurfaceCode,25,1,5,MHBD_noise,0.001,500.0,results/brute_force/used_SC5_MHBD/results/sweep_67.csv
809874134,0033330030303330330303302,60105,99939897,33004,175,26925,99939896,100000000,pymatching,SurfaceCode,25,1,5,MHBD_noise,0.001,500.0,results/brute_force/used_SC5_MHBD/results/sweep_67.csv
453595586,0033330330303330330303302,59844,99940158,34927,167,24749,99940157,100000000,pymatching,SurfaceCode,25,1,5,MHBD_noise,0.001,500.0,results/brute_force/used_SC5_MHBD/results/sweep_67.csv
1662361205,0333330330303330330303002,59721,99940281,35211,160,24349,99940280,100000000,pymatching,SurfaceCode,25,1,5,MHBD_noise,0.001,500.0,results/brute_force/used_SC5_MHBD/results/sweep_67.csv
334201338,0333330330333330330303002,60838,99939164,38289,160,22388,99939163,100000000,pymatching,SurfaceCode,25,1,5,MHBD_noise,0.001,500.0,results/brute_force/used_SC5_MHBD/results/sweep_67.csv
582379582,3030330302303033003033003,62914,99937088,30774,166,31973,99937087,100000000,pymatching,SurfaceCode,25,1,5,MHBD_noise,0.001,500.0,results/brute_force/used_SC5_MHBD/results/sweep_101.csv
575077364,3030330302303033033033003,61679,99938323,32587,158,28933,99938322,100000000,pymatching,SurfaceCode,25,1,5,MHBD_noise,0.001,500.0,results/brute_force/used_SC5_MHBD/results/sweep_101.csv
215827946,3030300300300333033030033,58935,99941067,28629,136,30169,99941066,100000000,pymatching,SurfaceCode,25,1,5,MHBD_noise,0.001,500.0,results/brute_force/used_SC5_MHBD/results/sweep_101.csv
1984377096,3030330300300333033030033,58834,99941168,29777,175,28881,99941167,100000000,pymatching,SurfaceCode,25,1,5,MHBD_noise,0.001,500.0,results/brute_force/used_SC5_MHBD/results/sweep_101.csv
1009853602,3330330303300333033030033,58566,99941436,32384,162,26019,99941435,100000000,pymatching,SurfaceCode,25,1,5,MHBD_noise,0.001,500.0,results/brute_force/used_SC5_MHBD/results/sweep_101.csv
780909727,3330330303300333030030033,57934,99942068,30129,151,27653,99942067,100000000,pymatching,SurfaceCode,25,1,5,MHBD_noise,0.001,500.0,results/brute_force/used_SC5_MHBD/results/sweep_101.csv
1343343567,3330330303300303030030033,56686,99943316,28367,152,28166,99943315,100000000,pymatching,SurfaceCode,25,1,5,MHBD_noise,0.001,500.0,results/brute_force/used_SC5_MHBD/results/sweep_101.csv
555401094,3300330303030300030030333,54515,99945487,26589,130,27795,99945486,100000000,pymatching,SurfaceCode,25,1,5,MHBD_noise,0.001,500.0,results/brute_force/used_SC5_MHBD/results/sweep_101.csv
1505738751,0300330303030300030030333,54288,99945714,25585,146,28556,99945713,100000000,pymatching,SurfaceCode,25,1,5,MHBD_noise,0.001,500.0,results/brute_force/used_SC5_MHBD/results/sweep_101.csv
1128067419,0300330303030300030030330,53657,99946345,24025,136,29495,99946344,100000000,pymatching,SurfaceCode,25,1,5,MHBD_noise,0.001,500.0,results/brute_force/used_SC5_MHBD/results/sweep_101.csv
449047490,0003023303233330030003323,63848,99936154,35373,197,28277,99936153,100000000,pymatching,SurfaceCode,25,1,5,MHBD_noise,0.001,500.0,results/brute_force/used_SC5_MHBD/results/sweep_216.csv
2078266264,0200320300030330302233000,63345,99936657,27374,171,35799,99936656,100000000,pymatching,SurfaceCode,25,1,5,MHBD_noise,0.001,500.0,results/brute_force/used_SC5_MHBD/results/sweep_216.csv
1464452098,3303000033002323030303333,60930,99939072,31657,162,29110,99939071,100000000,pymatching,SurfaceCode,25,1,5,MHBD_noise,0.001,500.0,results/brute_force/used_SC5_MHBD/results/sweep_216.csv
1529996836,0330332333000003000333330,57938,99942064,29994,160,27783,99942063,100000000,pymatching,SurfaceCode,25,1,5,MHBD_noise,0.001,500.0,results/brute_force/used_SC5_MHBD/results/sweep_216.csv
1481463285,0333300300000320030203330,57437,99942565,25416,157,31863,99942564,100000000,pymatching,SurfaceCode,25,1,5,MHBD_noise,0.001,500.0,results/brute_force/used_SC5_MHBD/results/sweep_216.csv
930704909,0003030303233003000030330,58899,99941103,26437,160,32301,99941102,100000000,pymatching,SurfaceCode,25,1,5,MHBD_noise,0.001,500.0,results/brute_force/used_SC5_MHBD/results/sweep_216.csv
1734939854,0303020303303303030003300,58813,99941189,27323,184,31305,99941188,100000000,pymatching,SurfaceCode,25,1,5,MHBD_noise,0.001,500.0,results/brute_force/used_SC5_MHBD/results/sweep_216.csv
1167939133,2332322323022200332300223,83652,99916350,47062,321,36268,99916349,100000000,pymatching,SurfaceCode,25,1,5,MHBD_noise,0.001,500.0,results/brute_force/used_SC5_MHBD/results/sweep_216.csv
2101115324,3302222230330022002230002,80890,99919112,37045,272,43572,99919111,100000000,pymatching,SurfaceCode,25,1,5,MHBD_noise,0.001,500.0,results/brute_force/used_SC5_MHBD/results/sweep_216.csv
928687612,0302320233030002230202002,72642,99927360,31342,238,41061,99927359,100000000,pymatching,SurfaceCode,25,1,5,MHBD_noise,0.001,500.0,results/brute_force/used_SC5_MHBD/results/sweep_216.csv
693506514,0303300003030323302220000,64001,99936001,28222,175,35603,99936000,100000000,pymatching,SurfaceCode,25,1,5,MHBD_noise,0.001,500.0,results/brute_force/used_SC5_MHBD/results/sweep_60.csv
417080312,0303300003030023303220000,64067,99935935,26295,146,37625,99935934,100000000,pymatching,SurfaceCode,25,1,5,MHBD_noise,0.001,500.0,results/brute_force/used_SC5_MHBD/results/sweep_60.csv
2081644212,0303300003030320303220000,62593,99937409,25927,190,36475,99937408,100000000,pymatching,SurfaceCode,25,1,5,MHBD_noise,0.001,500.0,results/brute_force/used_SC5_MHBD/results/sweep_60.csv
1606539,0303300003030023303320000,61862,99938140,25849,156,35856,99938139,100000000,pymatching,SurfaceCode,25,1,5,MHBD_noise,0.001,500.0,results/brute_force/used_SC5_MHBD/results/sweep_60.csv
2146057039,3303300003030320303320000,60911,99939091,27072,167,33671,99939090,100000000,pymatching,SurfaceCode,25,1,5,MHBD_noise,0.001,500.0,results/brute_force/used_SC5_MHBD/results/sweep_60.csv
864533378,3303300003030320303320030,59933,99940069,28003,158,31771,99940068,100000000,pymatching,SurfaceCode,25,1,5,MHBD_noise,0.001,500.0,results/brute_force/used_SC5_MHBD/results/sweep_60.csv
1673402537,3303330303030320300320030,58022,99941980,28891,147,28983,99941979,100000000,pymatching,SurfaceCode,25,1,5,MHBD_noise,0.001,500.0,results/brute_force/used_SC5_MHBD/results/sweep_60.csv
60569514,3303330300030320330300030,55894,99944108,28038,163,27692,99944107,100000000,pymatching,SurfaceCode,25,1,5,MHBD_noise,0.001,500.0,results/brute_force/used_SC5_MHBD/results/sweep_60.csv
1290256874,3303030300030300330333030,54204,99945798,26987,150,27066,99945797,100000000,pymatching,SurfaceCode,25,1,5,MHBD_noise,0.001,500.0,results/brute_force/used_SC5_MHBD/results/sweep_60.csv
318006765,0303030300030300330333030,53258,99946744,25975,136,27146,99946743,100000000,pymatching,SurfaceCode,25,1,5,MHBD_noise,0.001,500.0,results/brute_force/used_SC5_MHBD/results/sweep_60.csv
754891952,0033330300030300030333330,53083,99946919,26875,111,26096,99946918,100000000,pymatching,SurfaceCode,25,1,5,MHBD_noise,0.001,500.0,results/brute_force/used_SC5_MHBD/results/sweep_106.csv
1414455714,0330330300030303030303330,53273,99946729,26458,139,26675,99946728,100000000,pymatching,SurfaceCode,25,1,5,MHBD_noise,0.001,500.0,results/brute_force/used_SC5_MHBD/results/sweep_106.csv
1811042864,0303330300030300330330030,53437,99946565,26219,150,27067,99946564,100000000,pymatching,SurfaceCode,25,1,5,MHBD_noise,0.001,500.0,results/brute_force/used_SC5_MHBD/results/sweep_106.csv
263649148,3303330300030300330303030,53226,99946776,26499,128,26598,99946775,100000000,pymatching,SurfaceCode,25,1,5,MHBD_noise,0.001,500.0,results/brute_force/used_SC5_MHBD/results/sweep_106.csv
1944723677,0330330303033300030003030,54024,99945978,26775,131,27117,99945977,100000000,pymatching,SurfaceCode,25,1,5,MHBD_noise,0.001,500.0,results/brute_force/used_SC5_MHBD/results/sweep_106.csv
1660451562,0303030300030333030303030,54231,99945771,26065,137,28028,99945770,100000000,pymatching,SurfaceCode,25,1,5,MHBD_noise,0.001,500.0,results/brute_force/used_SC5_MHBD/results/sweep_106.csv
1521171641,3033330300030300030333030,53175,99946827,26691,122,26361,99946826,100000000,pymatching,SurfaceCode,25,1,5,MHBD_noise,0.001,500.0,results/brute_force/used_SC5_MHBD/results/sweep_106.csv
20997376,0303030330030300330303030,53677,99946325,26082,141,27453,99946324,100000000,pymatching,SurfaceCode,25,1,5,MHBD_noise,0.001,500.0,results/brute_force/used_SC5_MHBD/results/sweep_106.csv
1020211893,0333300303030303000033330,52978,99947024,27310,142,25525,99947023,100000000,pymatching,SurfaceCode,25,1,5,MHBD_noise,0.001,500.0,results/brute_force/used_SC5_MHBD/results/sweep_106.csv
1291111382,0303330303030300330030330,53714,99946288,27817,159,25737,99946287,100000000,pymatching,SurfaceCode,25,1,5,MHBD_noise,0.001,500.0,results/brute_force/used_SC5_MHBD/results/sweep_106.csv
1095241700,3220303003233320300200300,68428,99931574,34679,214,33534,99931573,100000000,pymatching,SurfaceCode,25,1,5,MHBD_noise,0.001,500.0,results/brute_force/used_SC5_MHBD/results/sweep_211.csv
276384153,3220300230003330033020030,67030,99932972,30714,202,36113,99932971,100000000,pymatching,SurfaceCode,25,1,5,MHBD_noise,0.001,500.0,results/brute_force/used_SC5_MHBD/results/sweep_211.csv
1733285951,0002002033003333030300032,65694,99934308,29768,201,35724,99934307,100000000,pymatching,SurfaceCode,25,1,5,MHBD_noise,0.001,500.0,results/brute_force/used_SC5_MHBD/results/sweep_211.csv
1680985589,0300333002000323333033230,63032,99936970,33720,156,29155,99936969,100000000,pymatching,SurfaceCode,25,1,5,MHBD_noise,0.001,500.0,results/brute_force/used_SC5_MHBD/results/sweep_211.csv
1379260053,3002330330032300333033020,61948,99938054,33161,174,28612,99938053,100000000,pymatching,SurfaceCode,25,1,5,MHBD_noise,0.001,500.0,results/brute_force/used_SC5_MHBD/results/sweep_211.csv
653074880,0330330203230302303333300,62651,99937351,33929,173,28548,99937350,100000000,pymatching,SurfaceCode,25,1,5,MHBD_noise,0.001,500.0,results/brute_force/used_SC5_MHBD/results/sweep_211.csv
834656976,3300330300300302332300333,61828,99938174,33408,158,28261,99938173,100000000,pymatching,SurfaceCode,25,1,5,MHBD_noise,0.001,500.0,results/brute_force/used_SC5_MHBD/results/sweep_211.csv
126008657,3030030003333330300000032,62536,99937466,30386,172,31977,99937465,100000000,pymatching,SurfaceCode,25,1,5,MHBD_noise,0.001,500.0,results/brute_force/used_SC5_MHBD/results/sweep_211.csv
1064284868,0333330033033002000323330,59450,99940552,31811,166,27472,99940551,100000000,pymatching,SurfaceCode,25,1,5,MHBD_noise,0.001,500.0,results/brute_force/used_SC5_MHBD/results/sweep_211.csv
522668683,0030000330030030003330302,60440,99939562,25688,156,34595,99939561,100000000,pymatching,SurfaceCode,25,1,5,MHBD_noise,0.001,500.0,results/brute_force/used_SC5_MHBD/results/sweep_211.csv
246808630,3002020332300233330202202,72021,99927981,34778,236,37006,99927980,100000000,pymatching,SurfaceCode,25,1,5,MHBD_noise,0.001,500.0,results/brute_force/used_SC5_MHBD/results/sweep_200.csv
1307099065,0333223202033302020320003,71480,99928522,36686,229,34564,99928521,100000000,pymatching,SurfaceCode,25,1,5,MHBD_noise,0.001,500.0,results/brute_force/used_SC5_MHBD/results/sweep_200.csv
1638007135,3220032020033333303023330,70499,99929503,40080,219,30199,99929502,100000000,pymatching,SurfaceCode,25,1,5,MHBD_noise,0.001,500.0,results/brute_force/used_SC5_MHBD/results/sweep_200.csv
1699751826,0030323030333003323000000,66566,99933436,32789,173,33603,99933435,100000000,pymatching,SurfaceCode,25,1,5,MHBD_noise,0.001,500.0,results/brute_force/used_SC5_MHBD/results/sweep_200.csv
380206457,0203230320330030000033320,65469,99934533,28891,198,36379,99934532,100000000,pymatching,SurfaceCode,25,1,5,MHBD_noise,0.001,500.0,results/brute_force/used_SC5_MHBD/results/sweep_200.csv
1297561296,0330033320030333203230030,65169,99934833,34685,200,30283,99934832,100000000,pymatching,SurfaceCode,25,1,5,MHBD_noise,0.001,500.0,results/brute_force/used_SC5_MHBD/results/sweep_200.csv
1491399814,0003033230030033033332020,64630,99935372,32507,188,31934,99935371,100000000,pymatching,SurfaceCode,25,1,5,MHBD_noise,0.001,500.0,results/brute_force/used_SC5_MHBD/results/sweep_200.csv
901204814,0233303300033020003033320,60721,99939281,30727,138,29855,99939280,100000000,pymatching,SurfaceCode,25,1,5,MHBD_noise,0.001,500.0,results/brute_force/used_SC5_MHBD/results/sweep_200.csv
891003835,0300333003303000333030332,62650,99937352,33579,166,28904,99937351,100000000,pymatching,SurfaceCode,25,1,5,MHBD_noise,0.001,500.0,results/brute_force/used_SC5_MHBD/results/sweep_200.csv
791195798,2303330033030000302002333,61179,99938823,29164,173,31841,99938822,100000000,pymatching,SurfaceCode,25,1,5,MHBD_noise,0.001,500.0,results/brute_force/used_SC5_MHBD/results/sweep_200.csv
410120986,3303330300030300030033033,52751,99947251,26354,132,26264,99947250,100000000,pymatching,SurfaceCode,25,1,5,MHBD_noise,0.001,500.0,results/brute_force/used_SC5_MHBD/results/sweep_117.csv
567495845,0303330300030303030333300,53300,99946702,27588,144,25567,99946701,100000000,pymatching,SurfaceCode,25,1,5,MHBD_noise,0.001,500.0,results/brute_force/used_SC5_MHBD/results/sweep_117.csv
1659316451,3303300303030300030333030,53162,99946840,27382,137,25642,99946839,100000000,pymatching,SurfaceCode,25,1,5,MHBD_noise,0.001,500.0,results/brute_force/used_SC5_MHBD/results/sweep_117.csv
62980430,0333300300033300000333330,53019,99946983,27480,133,25405,99946982,100000000,pymatching,SurfaceCode,25,1,5,MHBD_noise,0.001,500.0,results/brute_force/used_SC5_MHBD/results/sweep_117.csv
1979462457,0303330303030300330330030,53838,99946164,27332,164,26341,99946163,100000000,pymatching,SurfaceCode,25,1,5,MHBD_noise,0.001,500.0,results/brute_force/used_SC5_MHBD/results/sweep_117.csv
1449110526,0333000303030303000303330,53731,99946271,25226,168,28336,99946270,100000000,pymatching,SurfaceCode,25,1,5,MHBD_noise,0.001,500.0,results/brute_force/used_SC5_MHBD/results/sweep_117.csv
412394518,0303030300030330330003033,54182,99945820,26221,160,27800,99945819,100000000,pymatching,SurfaceCode,25,1,5,MHBD_noise,0.001,500.0,results/brute_force/used_SC5_MHBD/results/sweep_117.csv
498515642,0300330330030303030333030,53785,99946217,27798,141,25845,99946216,100000000,pymatching,SurfaceCode,25,1,5,MHBD_noise,0.001,500.0,results/brute_force/used_SC5_MHBD/results/sweep_117.csv
778358796,0333030303030300030033300,54041,99945961,25928,158,27954,99945960,100000000,pymatching,SurfaceCode,25,1,5,MHBD_noise,0.001,500.0,results/brute_force/used_SC5_MHBD/results/sweep_117.csv
325185310,0033322200203030300300033,69764,99930238,31105,215,38443,99930237,100000000,pymatching,SurfaceCode,25,1,5,MHBD_noise,0.001,500.0,results/brute_force/used_SC5_MHBD/results/sweep_117.csv
1042859164,3303303300030300030003330,53528,99946474,25576,137,27814,99946473,100000000,pymatching,SurfaceCode,25,1,5,MHBD_noise,0.001,500.0,results/brute_force/used_SC5_MHBD/results/sweep_71.csv
1039775150,3333003300030300030003330,53336,99946666,24881,130,28324,99946665,100000000,pymatching,SurfaceCode,25,1,5,MHBD_noise,0.001,500.0,results/brute_force/used_SC5_MHBD/results/sweep_71.csv
550018415,3333000303030300030003330,52924,99947078,24710,154,28059,99947077,100000000,pymatching,SurfaceCode,25,1,5,MHBD_noise,0.001,500.0,results/brute_force/used_SC5_MHBD/results/sweep_71.csv
1750405773,0333000320033303303003323,59941,99940061,33279,172,26489,99940060,100000000,pymatching,SurfaceCode,25,1,5,MHBD_noise,0.001,500.0,results/brute_force/used_SC5_MHBD/results/sweep_71.csv
912623299,0333000320033303303023323,62579,99937423,35387,177,27014,99937422,100000000,pymatching,SurfaceCode,25,1,5,MHBD_noise,0.001,500.0,results/brute_force/used_SC5_MHBD/results/sweep_71.csv
1999325974,0333000320033303303003320,59674,99940328,31374,157,28142,99940327,100000000,pymatching,SurfaceCode,25,1,5,MHBD_noise,0.001,500.0,results/brute_force/used_SC5_MHBD/results/sweep_71.csv
1279630660,0333000020033303303003323,60787,99939215,31978,149,28659,99939214,100000000,pymatching,SurfaceCode,25,1,5,MHBD_noise,0.001,500.0,results/brute_force/used_SC5_MHBD/results/sweep_71.csv
695718942,0333030320033303303003320,59770,99940232,33152,162,26455,99940231,100000000,pymatching,SurfaceCode,25,1,5,MHBD_noise,0.001,500.0,results/brute_force/used_SC5_MHBD/results/sweep_71.csv
1328767674,0333000030033303303003323,59419,99940583,32398,154,26866,99940582,100000000,pymatching,SurfaceCode,25,1,5,MHBD_noise,0.001,500.0,results/brute_force/used_SC5_MHBD/results/sweep_71.csv
1170117159,0333033030003303303003333,59085,99940917,34678,136,24270,99940916,100000000,pymatching,SurfaceCode,25,1,5,MHBD_noise,0.001,500.0,results/brute_force/used_SC5_MHBD/results/sweep_71.csv
1083868464,0303333000000033032300333,60572,99939430,28541,145,31885,99939429,100000000,pymatching,SurfaceCode,25,1,5,MHBD_noise,0.001,500.0,results/brute_force/used_SC5_MHBD/results/sweep_207.csv
2086818038,3333030320030000333030030,57905,99942097,28292,166,29446,99942096,100000000,pymatching,SurfaceCode,25,1,5,MHBD_noise,0.001,500.0,results/brute_force/used_SC5_MHBD/results/sweep_207.csv
1878294742,3000330333030030003033003,60017,99939985,28495,141,31380,99939984,100000000,pymatching,SurfaceCode,25,1,5,MHBD_noise,0.001,500.0,results/brute_force/used_SC5_MHBD/results/sweep_207.csv
2019696027,3203033330030303030303200,58326,99941676,30035,164,28126,99941675,100000000,pymatching,SurfaceCode,25,1,5,MHBD_noise,0.001,500.0,results/brute_force/used_SC5_MHBD/results/sweep_207.csv
1533291265,3033300033203330303032220,68368,99931634,35260,199,32908,99931633,100000000,pymatching,SurfaceCode,25,1,5,MHBD_noise,0.001,500.0,results/brute_force/used_SC5_MHBD/results/sweep_207.csv
1008846126,0230330200333003002320000,68642,99931360,29419,199,39023,99931359,100000000,pymatching,SurfaceCode,25,1,5,MHBD_noise,0.001,500.0,results/brute_force/used_SC5_MHBD/results/sweep_207.csv
1220212984,2220300320333002030330303,65552,99934450,32500,189,32862,99934449,100000000,pymatching,SurfaceCode,25,1,5,MHBD_noise,0.001,500.0,results/brute_force/used_SC5_MHBD/results/sweep_207.csv
1384978559,0323303303230302303323200,65367,99934635,36143,170,29053,99934634,100000000,pymatching,SurfaceCode,25,1,5,MHBD_noise,0.001,500.0,results/brute_force/used_SC5_MHBD/results/sweep_207.csv
1341777353,3302200333000323300320033,63555,99936447,31361,181,32012,99936446,100000000,pymatching,SurfaceCode,25,1,5,MHBD_noise,0.001,500.0,results/brute_force/used_SC5_MHBD/results/sweep_207.csv
1353312478,0320223003030303300203333,62434,99937568,31830,189,30414,99937567,100000000,pymatching,SurfaceCode,25,1,5,MHBD_noise,0.001,500.0,results/brute_force/used_SC5_MHBD/results/sweep_207.csv
1865767872,0330000200322300033303302,66376,99933626,30691,236,35448,99933625,100000000,pymatching,SurfaceCode,25,1,5,MHBD_noise,0.001,500.0,results/brute_force/used_SC5_MHBD/results/sweep_110.csv
593959164,0330000200320300033303302,61932,99938070,26915,168,34848,99938069,100000000,pymatching,SurfaceCode,25,1,5,MHBD_noise,0.001,500.0,results/brute_force/used_SC5_MHBD/results/sweep_110.csv
1889890379,0330000200320300033300302,63301,99936701,26315,201,36784,99936700,100000000,pymatching,SurfaceCode,25,1,5,MHBD_noise,0.001,500.0,results/brute_force/used_SC5_MHBD/results/sweep_110.csv
477987218,0330000300320300033300320,60490,99939512,25798,180,34511,99939511,100000000,pymatching,SurfaceCode,25,1,5,MHBD_noise,0.001,500.0,results/brute_force/used_SC5_MHBD/results/sweep_110.csv
1270851004,0330000300323300033300300,60568,99939434,28077,159,32331,99939433,100000000,pymatching,SurfaceCode,25,1,5,MHBD_noise,0.001,500.0,results/brute_force/used_SC5_MHBD/results/sweep_110.csv
1454217685,0330000300333300033300300,57379,99942623,28093,151,29134,99942622,100000000,pymatching,SurfaceCode,25,1,5,MHBD_noise,0.001,500.0,results/brute_force/used_SC5_MHBD/results/sweep_110.csv
574290953,0030000300333300033303300,57148,99942854,28271,159,28717,99942853,100000000,pymatching,SurfaceCode,25,1,5,MHBD_noise,0.001,500.0,results/brute_force/used_SC5_MHBD/results/sweep_110.csv
305683949,0030000300333300030303300,56607,99943395,25498,133,30975,99943394,100000000,pymatching,SurfaceCode,25,1,5,MHBD_noise,0.001,500.0,results/brute_force/used_SC5_MHBD/results/sweep_110.csv
540687341,0030000300330300030303300,56233,99943769,22818,139,33275,99943768,100000000,pymatching,SurfaceCode,25,1,5,MHBD_noise,0.001,500.0,results/brute_force/used_SC5_MHBD/results/sweep_110.csv
2091895183,0030300300330300030303300,55368,99944634,23629,160,31578,99944633,100000000,pymatching,SurfaceCode,25,1,5,MHBD_noise,0.001,500.0,results/brute_force/used_SC5_MHBD/results/sweep_110.csv
1153414932,0333330300030330030333020,54351,99945651,28824,127,25399,99945650,100000000,pymatching,SurfaceCode,25,1,5,MHBD_noise,0.001,500.0,results/brute_force/used_SC5_MHBD/results/sweep_76.csv
664026428,0303330300030330030333030,53462,99946540,27545,131,25785,99946539,100000000,pymatching,SurfaceCode,25,1,5,MHBD_noise,0.001,500.0,results/brute_force/used_SC5_MHBD/results/sweep_76.csv
1835377159,0303330300030300030333033,52763,99947239,26561,139,26062,99947238,100000000,pymatching,SurfaceCode,25,1,5,MHBD_noise,0.001,500.0,results/brute_force/used_SC5_MHBD/results/sweep_76.csv
1001308985,0333300330030300030303330,52727,99947275,26866,138,25722,99947274,100000000,pymatching,SurfaceCode,25,1,5,MHBD_noise,0.001,500.0,results/brute_force/used_SC5_MHBD/results/sweep_76.csv
1184960837,0333300300030300003033330,52228,99947774,24957,122,27148,99947773,100000000,pymatching,SurfaceCode,25,1,5,MHBD_noise,0.001,500.0,results/brute_force/used_SC5_MHBD/results/sweep_76.csv
431661119,3333002320333002322033033,70867,99929135,42215,236,28415,99929134,100000000,pymatching,SurfaceCode,25,1,5,MHBD_noise,0.001,500.0,results/brute_force/used_SC5_MHBD/results/sweep_76.csv
120520933,3333002300333002022033033,65669,99934333,36014,207,29447,99934332,100000000,pymatching,SurfaceCode,25,1,5,MHBD_noise,0.001,500.0,results/brute_force/used_SC5_MHBD/results/sweep_76.csv
754845679,3333002300333003022333033,65888,99934114,37804,199,27884,99934113,100000000,pymatching,SurfaceCode,25,1,5,MHBD_noise,0.001,500.0,results/brute_force/used_SC5_MHBD/results/sweep_76.csv
369189629,3333003300333003022333003,66045,99933957,36883,229,28932,99933956,100000000,pymatching,SurfaceCode,25,1,5,MHBD_noise,0.001,500.0,results/brute_force/used_SC5_MHBD/results/sweep_76.csv
1337094972,3333003300333303022333003,65648,99934354,39226,174,26247,99934353,100000000,pymatching,SurfaceCode,25,1,5,MHBD_noise,0.001,500.0,results/brute_force/used_SC5_MHBD/results/sweep_76.csv
683638152,2030030203320302000032030,67768,99932234,26650,225,40892,99932233,100000000,pymatching,SurfaceCode,25,1,5,MHBD_noise,0.001,500.0,results/brute_force/used_SC5_MHBD/results/sweep_209.csv
673686803,0000322300330332003330030,64395,99935607,30671,158,33565,99935606,100000000,pymatching,SurfaceCode,25,1,5,MHBD_noise,0.001,500.0,results/brute_force/used_SC5_MHBD/results/sweep_209.csv
1232056038,2303333003000302333300000,61602,99938400,31467,190,29944,99938399,100000000,pymatching,SurfaceCode,25,1,5,MHBD_noise,0.001,500.0,results/brute_force/used_SC5_MHBD/results/sweep_209.csv
1546216684,2320330300000333030330002,60715,99939287,27528,179,33007,99939286,100000000,pymatching,SurfaceCode,25,1,5,MHBD_noise,0.001,500.0,results/brute_force/used_SC5_MHBD/results/sweep_209.csv
336660477,3330000303030203303300300,60273,99939729,29018,169,31085,99939728,100000000,pymatching,SurfaceCode,25,1,5,MHBD_noise,0.001,500.0,results/brute_force/used_SC5_MHBD/results/sweep_209.csv
1237908547,0033330303033330000220333,58950,99941052,31551,155,27243,99941051,100000000,pymatching,SurfaceCode,25,1,5,MHBD_noise,0.001,500.0,results/brute_force/used_SC5_MHBD/results/sweep_209.csv
784874837,0300300303300330030003030,57529,99942473,24036,166,33326,99942472,100000000,pymatching,SurfaceCode,25,1,5,MHBD_noise,0.001,500.0,results/brute_force/used_SC5_MHBD/results/sweep_209.csv
906960891,3003230222323323302302233,80817,99919185,46293,274,34249,99919184,100000000,pymatching,SurfaceCode,25,1,5,MHBD_noise,0.001,500.0,results/brute_force/used_SC5_MHBD/results/sweep_209.csv
1530079857,2302222303302030020203322,78762,99921240,35551,274,42936,99921239,100000000,pymatching,SurfaceCode,25,1,5,MHBD_noise,0.001,500.0,results/brute_force/used_SC5_MHBD/results/sweep_209.csv
663239710,0023003002030333303233022,66674,99933328,32560,194,33919,99933327,100000000,pymatching,SurfaceCode,25,1,5,MHBD_noise,0.001,500.0,results/brute_force/used_SC5_MHBD/results/sweep_209.csv
754233665,0000220000330023033300333,64747,99935255,28549,153,36044,99935254,100000000,pymatching,SurfaceCode,25,1,5,MHBD_noise,0.001,500.0,results/brute_force/used_SC5_MHBD/results/sweep_78.csv
567080418,0233232330330030033200303,66105,99933897,36879,193,29032,99933896,100000000,pymatching,SurfaceCode,25,1,5,MHBD_noise,0.001,500.0,results/brute_force/used_SC5_MHBD/results/sweep_78.csv
466525098,0000220200030323333303333,64032,99935970,34045,189,29797,99935969,100000000,pymatching,SurfaceCode,25,1,5,MHBD_noise,0.001,500.0,results/brute_force/used_SC5_MHBD/results/sweep_78.csv
1469720325,0000300200030330300333333,59441,99940561,27437,171,31832,99940560,100000000,pymatching,SurfaceCode,25,1,5,MHBD_noise,0.001,500.0,results/brute_force/used_SC5_MHBD/results/sweep_78.csv
1832044235,0000300200030330300303333,59876,99940126,25961,163,33751,99940125,100000000,pymatching,SurfaceCode,25,1,5,MHBD_noise,0.001,500.0,results/brute_force/used_SC5_MHBD/results/sweep_78.csv
942955106,0000300300030330000333332,57362,99942640,25488,148,31725,99942639,100000000,pymatching,SurfaceCode,25,1,5,MHBD_noise,0.001,500.0,results/brute_force/used_SC5_MHBD/results/sweep_78.csv
1675782749,0030300303030300000333332,56624,99943378,26445,138,30040,99943377,100000000,pymatching,SurfaceCode,25,1,5,MHBD_noise,0.001,500.0,results/brute_force/used_SC5_MHBD/results/sweep_78.csv
86996898,0330300300030330030333330,54017,99945985,27538,147,26331,99945984,100000000,pymatching,SurfaceCode,25,1,5,MHBD_noise,0.001,500.0,results/brute_force/used_SC5_MHBD/results/sweep_78.csv
1834871056,0333330300030330000333330,53249,99946753,28485,164,24599,99946752,100000000,pymatching,SurfaceCode,25,1,5,MHBD_noise,0.001,500.0,results/brute_force/used_SC5_MHBD/results/sweep_78.csv
157517974,0333330300030300000033330,52445,99947557,25216,145,27083,99947556,100000000,pymatching,SurfaceCode,25,1,5,MHBD_noise,0.001,500.0,results/brute_force/used_SC5_MHBD/results/sweep_78.csv
640800259,3030000033220003230302033,66969,99933033,29271,210,37487,99933032,100000000,pymatching,SurfaceCode,25,1,5,MHBD_noise,0.001,500.0,results/brute_force/used_SC5_MHBD/results/sweep_162.csv
208220247,2033330002203033033302322,67924,99932078,35025,193,32705,99932077,100000000,pymatching,SurfaceCode,25,1,5,MHBD_noise,0.001,500.0,results/brute_force/used_SC5_MHBD/results/sweep_162.csv
1160245351,2230330300332333330000032,65101,99934901,36418,203,28479,99934900,100000000,pymatching,SurfaceCode,25,1,5,MHBD_noise,0.001,500.0,results/brute_force/used_SC5_MHBD/results/sweep_162.csv
1443937061,0333030330330002320320220,64387,99935615,31971,193,32222,99935614,100000000,pymatching,SurfaceCode,25,1,5,MHBD_noise,0.001,500.0,results/brute_force/used_SC5_MHBD/results/sweep_162.csv
555088515,0302033330230303300002020,61917,99938085,29072,161,32683,99938084,100000000,pymatching,SurfaceCode,25,1,5,MHBD_noise,0.001,500.0,results/brute_force/used_SC5_MHBD/results/sweep_162.csv
1729936337,3033033033030300033203300,59239,99940763,30775,145,28318,99940762,100000000,pymatching,SurfaceCode,25,1,5,MHBD_noise,0.001,500.0,results/brute_force/used_SC5_MHBD/results/sweep_162.csv
1977539447,3030200300033003030002330,59914,99940088,25271,154,34488,99940087,100000000,pymatching,SurfaceCode,25,1,5,MHBD_noise,0.001,500.0,results/brute_force/used_SC5_MHBD/results/sweep_162.csv
1185905912,0233233330330332030033202,65857,99934145,39279,197,26380,99934144,100000000,pymatching,SurfaceCode,25,1,5,MHBD_noise,0.001,500.0,results/brute_force/used_SC5_MHBD/results/sweep_162.csv
214651534,2303230320233300002033330,63625,99936377,34489,173,28962,99936376,100000000,pymatching,SurfaceCode,25,1,5,MHBD_noise,0.001,500.0,results/brute_force/used_SC5_MHBD/results/sweep_162.csv
1703646180,0000333033030002030032333,61776,99938226,29218,169,32388,99938225,100000000,pymatching,SurfaceCode,25,1,5,MHBD_noise,0.001,500.0,results/brute_force/used_SC5_MHBD/results/sweep_162.csv
128014632,0000332230033222233000302,77705,99922297,40556,277,36871,99922296,100000000,pymatching,SurfaceCode,25,1,5,MHBD_noise,0.001,500.0,results/brute_force/used_SC5_MHBD/results/sweep_165.csv
880185495,3330332302332203230003030,70407,99929595,38329,246,31831,99929594,100000000,pymatching,SurfaceCode,25,1,5,MHBD_noise,0.001,500.0,results/brute_force/used_SC5_MHBD/results/sweep_165.csv
787962856,3033000332232033332302330,68261,99931741,41189,224,26847,99931740,100000000,pymatching,SurfaceCode,25,1,5,MHBD_noise,0.001,500.0,results/brute_force/used_SC5_MHBD/results/sweep_165.csv
756311438,2003230020023300330033230,64608,99935394,29967,184,34456,99935393,100000000,pymatching,SurfaceCode,25,1,5,MHBD_noise,0.001,500.0,results/brute_force/used_SC5_MHBD/results/sweep_165.csv
1431662697,2323300230230003330033033,63874,99936128,33783,187,29903,99936127,100000000,pymatching,SurfaceCode,25,1,5,MHBD_noise,0.001,500.0,results/brute_force/used_SC5_MHBD/results/sweep_165.csv
844177497,3233020030033300330022332,63912,99936090,33739,173,29999,99936089,100000000,pymatching,SurfaceCode,25,1,5,MHBD_noise,0.001,500.0,results/brute_force/used_SC5_MHBD/results/sweep_165.csv
300279925,0300323330320000033303303,61910,99938092,32070,164,29675,99938091,100000000,pymatching,SurfaceCode,25,1,5,MHBD_noise,0.001,500.0,results/brute_force/used_SC5_MHBD/results/sweep_165.csv
510658729,0003030330033300302303230,60003,99939999,30418,160,29424,99939998,100000000,pymatching,SurfaceCode,25,1,5,MHBD_noise,0.001,500.0,results/brute_force/used_SC5_MHBD/results/sweep_165.csv
585356519,3330022000330300330303330,58239,99941763,30479,165,27594,99941762,100000000,pymatching,SurfaceCode,25,1,5,MHBD_noise,0.001,500.0,results/brute_force/used_SC5_MHBD/results/sweep_165.csv
1411711044,3300323303030300330002330,57211,99942791,29995,156,27059,99942790,100000000,pymatching,SurfaceCode,25,1,5,MHBD_noise,0.001,500.0,results/brute_force/used_SC5_MHBD/results/sweep_165.csv
906131901,0303330303030303030333033,54396,99945606,30608,134,23653,99945605,100000000,pymatching,SurfaceCode,25,1,5,MHBD_noise,0.001,500.0,results/brute_force/used_SC5_MHBD/results/sweep_119.csv
929461173,0303330303030300030033033,52968,99947034,27156,139,25672,99947033,100000000,pymatching,SurfaceCode,25,1,5,MHBD_noise,0.001,500.0,results/brute_force/used_SC5_MHBD/results/sweep_119.csv
310383068,0303330303030303030333030,53988,99946014,29266,148,24573,99946013,100000000,pymatching,SurfaceCode,25,1,5,MHBD_noise,0.001,500.0,results/brute_force/used_SC5_MHBD/results/sweep_119.csv
1581396129,3033330300030300030033330,52886,99947116,26376,147,26362,99947115,100000000,pymatching,SurfaceCode,25,1,5,MHBD_noise,0.001,500.0,results/brute_force/used_SC5_MHBD/results/sweep_119.csv
83639388,0333300303030300030333030,52897,99947105,27371,130,25395,99947104,100000000,pymatching,SurfaceCode,25,1,5,MHBD_noise,0.001,500.0,results/brute_force/used_SC5_MHBD/results/sweep_119.csv
65020469,0333000300330303030033330,54201,99945801,26769,136,27295,99945800,100000000,pymatching,SurfaceCode,25,1,5,MHBD_noise,0.001,500.0,results/brute_force/used_SC5_MHBD/results/sweep_119.csv
870144905,0303330300030300030333300,52857,99947145,25668,102,27086,99947144,100000000,pymatching,SurfaceCode,25,1,5,MHBD_noise,0.001,500.0,results/brute_force/used_SC5_MHBD/results/sweep_119.csv
2107681490,0333300300330300030333330,52726,99947276,28700,130,23895,99947275,100000000,pymatching,SurfaceCode,25,1,5,MHBD_noise,0.001,500.0,results/brute_force/used_SC5_MHBD/results/sweep_119.csv
140486509,0303030333030300030003030,53760,99946242,24849,121,28789,99946241,100000000,pymatching,SurfaceCode,25,1,5,MHBD_noise,0.001,500.0,results/brute_force/used_SC5_MHBD/results/sweep_119.csv
784181918,0333330330030300030333033,53586,99946416,29999,130,23456,99946415,100000000,pymatching,SurfaceCode,25,1,5,MHBD_noise,0.001,500.0,results/brute_force/used_SC5_MHBD/results/sweep_119.csv
85476789,0303003300030300030303330,53986,99946016,24124,131,29730,99946015,100000000,pymatching,SurfaceCode,25,1,5,MHBD_noise,0.001,500.0,results/brute_force/used_SC5_MHBD/results/sweep_150.csv
2099724909,0303330300030300030303330,53494,99946508,25165,105,28223,99946507,100000000,pymatching,SurfaceCode,25,1,5,MHBD_noise,0.001,500.0,results/brute_force/used_SC5_MHBD/results/sweep_150.csv
28006485,3303330333030300030303030,54187,99945815,28779,134,25273,99945814,100000000,pymatching,SurfaceCode,25,1,5,MHBD_noise,0.001,500.0,results/brute_force/used_SC5_MHBD/results/sweep_150.csv
790746213,3303330300030300030333300,53200,99946802,26818,137,26244,99946801,100000000,pymatching,SurfaceCode,25,1,5,MHBD_noise,0.001,500.0,results/brute_force/used_SC5_MHBD/results/sweep_150.csv
763190606,0333030330030303030303030,53727,99946275,27245,141,26340,99946274,100000000,pymatching,SurfaceCode,25,1,5,MHBD_noise,0.001,500.0,results/brute_force/used_SC5_MHBD/results/sweep_150.csv
382289582,0330330303030303000303330,54350,99945652,27239,133,26977,99945651,100000000,pymatching,SurfaceCode,25,1,5,MHBD_noise,0.001,500.0,results/brute_force/used_SC5_MHBD/results/sweep_150.csv
249561568,0330330300030300033303030,53748,99946254,25478,140,28129,99946253,100000000,pymatching,SurfaceCode,25,1,5,MHBD_noise,0.001,500.0,results/brute_force/used_SC5_MHBD/results/sweep_150.csv
733430190,0333030303030300332033030,55100,99944902,29291,151,25657,99944901,100000000,pymatching,SurfaceCode,25,1,5,MHBD_noise,0.001,500.0,results/brute_force/used_SC5_MHBD/results/sweep_150.csv
1005362709,3303000303030300030033330,53606,99946396,25785,125,27695,99946395,100000000,pymatching,SurfaceCode,25,1,5,MHBD_noise,0.001,500.0,results/brute_force/used_SC5_MHBD/results/sweep_150.csv
1484073047,3303030300030300030333030,53787,99946215,24868,134,28784,99946214,100000000,pymatching,SurfaceCode,25,1,5,MHBD_noise,0.001,500.0,results/brute_force/used_SC5_MHBD/results/sweep_150.csv
145439669,0203203303003020000022303,67788,99932214,27758,176,39853,99932213,100000000,pymatching,SurfaceCode,25,1,5,MHBD_noise,0.001,500.0,results/brute_force/used_SC5_MHBD/results/sweep_181.csv
1129664411,0302002330230030033002002,66018,99933984,29746,205,36066,99933983,100000000,pymatching,SurfaceCode,25,1,5,MHBD_noise,0.001,500.0,results/brute_force/used_SC5_MHBD/results/sweep_181.csv
1965946842,3020030300200303330023330,60747,99939255,28509,176,32061,99939254,100000000,pymatching,SurfaceCode,25,1,5,MHBD_noise,0.001,500.0,results/brute_force/used_SC5_MHBD/results/sweep_181.csv
630234538,0000220033033003330033330,61913,99938089,30481,160,31271,99938088,100000000,pymatching,SurfaceCode,25,1,5,MHBD_noise,0.001,500.0,results/brute_force/used_SC5_MHBD/results/sweep_181.csv
2094148670,3303330300330323003030030,59693,99940309,30248,160,29284,99940308,100000000,pymatching,SurfaceCode,25,1,5,MHBD_noise,0.001,500.0,results/brute_force/used_SC5_MHBD/results/sweep_181.csv
1390830007,0003330330300020330303300,59256,99940746,27919,170,31166,99940745,100000000,pymatching,SurfaceCode,25,1,5,MHBD_noise,0.001,500.0,results/brute_force/used_SC5_MHBD/results/sweep_181.csv
372621094,3022222330020003022303220,77987,99922015,34726,256,43004,99922014,100000000,pymatching,SurfaceCode,25,1,5,MHBD_noise,0.001,500.0,results/brute_force/used_SC5_MHBD/results/sweep_181.csv
749695412,0203320002322300330233220,72063,99927939,35568,213,36281,99927938,100000000,pymatching,SurfaceCode,25,1,5,MHBD_noise,0.001,500.0,results/brute_force/used_SC5_MHBD/results/sweep_181.csv
1193826475,3233230320003322000020302,71122,99928880,33277,211,37633,99928879,100000000,pymatching,SurfaceCode,25,1,5,MHBD_noise,0.001,500.0,results/brute_force/used_SC5_MHBD/results/sweep_181.csv
887705598,3302330030233002023303323,67600,99932402,36514,177,30908,99932401,100000000,pymatching,SurfaceCode,25,1,5,MHBD_noise,0.001,500.0,results/brute_force/used_SC5_MHBD/results/sweep_181.csv
1980557359,0033303003030333000232033,60881,99939121,29116,158,31606,99939120,100000000,pymatching,SurfaceCode,25,1,5,MHBD_noise,0.001,500.0,results/brute_force/used_SC5_MHBD/results/sweep_36.csv
128807012,0033303003030303000232033,60571,99939431,27687,149,32734,99939430,100000000,pymatching,SurfaceCode,25,1,5,MHBD_noise,0.001,500.0,results/brute_force/used_SC5_MHBD/results/sweep_36.csv
662308693,0033303000230303030333033,56727,99943275,28949,134,27643,99943274,100000000,pymatching,SurfaceCode,25,1,5,MHBD_noise,0.001,500.0,results/brute_force/used_SC5_MHBD/results/sweep_36.csv
926356466,0033303000030300030333330,54062,99945940,26150,134,27777,99945939,100000000,pymatching,SurfaceCode,25,1,5,MHBD_noise,0.001,500.0,results/brute_force/used_SC5_MHBD/results/sweep_36.csv
1484381491,0033303000030300030033330,53347,99946655,24216,119,29011,99946654,100000000,pymatching,SurfaceCode,25,1,5,MHBD_noise,0.001,500.0,results/brute_force/used_SC5_MHBD/results/sweep_36.csv
1767106859,0033300000030303030333330,53792,99946210,26037,121,27633,99946209,100000000,pymatching,SurfaceCode,25,1,5,MHBD_noise,0.001,500.0,results/brute_force/used_SC5_MHBD/results/sweep_36.csv
502059410,0333330300000300030033330,52226,99947776,25113,136,26976,99947775,100000000,pymatching,SurfaceCode,25,1,5,MHBD_noise,0.001,500.0,results/brute_force/used_SC5_MHBD/results/sweep_36.csv
1736420366,0023333022032300232002030,71587,99928415,35300,240,36046,99928414,100000000,pymatching,SurfaceCode,25,1,5,MHBD_noise,0.001,500.0,results/brute_force/used_SC5_MHBD/results/sweep_36.csv
1595057061,0003333022032330232002030,70735,99929267,36275,229,34230,99929266,100000000,pymatching,SurfaceCode,25,1,5,MHBD_noise,0.001,500.0,results/brute_force/used_SC5_MHBD/results/sweep_36.csv
2101735164,0003333322032300232002200,70652,99929350,36625,245,33781,99929349,100000000,pymatching,SurfaceCode,25,1,5,MHBD_noise,0.001,500.0,results/brute_force/used_SC5_MHBD/results/sweep_36.csv
252138785,0002003330230303330033333,59741,99940261,33759,156,25825,99940260,100000000,pymatching,SurfaceCode,25,1,5,MHBD_noise,0.001,500.0,results/brute_force/used_SC5_MHBD/results/sweep_157.csv
982039717,2200230232320020202033230,79451,99920551,34378,303,44769,99920550,100000000,pymatching,SurfaceCode,25,1,5,MHBD_noise,0.001,500.0,results/brute_force/used_SC5_MHBD/results/sweep_157.csv
673279045,2023330200230003222303203,76072,99923930,34810,246,41015,99923929,100000000,pymatching,SurfaceCode,25,1,5,MHBD_noise,0.001,500.0,results/brute_force/used_SC5_MHBD/results/sweep_157.csv
1051922179,3322203032002203033230022,77173,99922829,38788,242,38142,99922828,100000000,pymatching,SurfaceCode,25,1,5,MHBD_noise,0.001,500.0,results/brute_force/used_SC5_MHBD/results/sweep_157.csv
714912884,3203203322022323300330032,75442,99924560,42036,212,33193,99924559,100000000,pymatching,SurfaceCode,25,1,5,MHBD_noise,0.001,500.0,results/brute_force/used_SC5_MHBD/results/sweep_157.csv
960741900,0223300033030232330320300,67964,99932038,32744,204,35015,99932037,100000000,pymatching,SurfaceCode,25,1,5,MHBD_noise,0.001,500.0,results/brute_force/used_SC5_MHBD/results/sweep_157.csv
546917142,2203302000030323030032002,67389,99932613,29532,213,37643,99932612,100000000,pymatching,SurfaceCode,25,1,5,MHBD_noise,0.001,500.0,results/brute_force/used_SC5_MHBD/results/sweep_157.csv
1659569796,3020330000000320000003300,65705,99934297,21006,181,44517,99934296,100000000,pymatching,SurfaceCode,25,1,5,MHBD_noise,0.001,500.0,results/brute_force/used_SC5_MHBD/results/sweep_157.csv
1225070793,3223020330230333330300202,66677,99933325,37193,177,29306,99933324,100000000,pymatching,SurfaceCode,25,1,5,MHBD_noise,0.001,500.0,results/brute_force/used_SC5_MHBD/results/sweep_157.csv
390903031,0333033030000000230330322,61650,99938352,28167,175,33307,99938351,100000000,pymatching,SurfaceCode,25,1,5,MHBD_noise,0.001,500.0,results/brute_force/used_SC5_MHBD/results/sweep_157.csv
2124468564,0303000033020000323323323,68410,99931592,31431,194,36784,99931591,100000000,pymatching,SurfaceCode,25,1,5,MHBD_noise,0.001,500.0,results/brute_force/used_SC5_MHBD/results/sweep_186.csv
1172791536,3023002230300203333330000,68492,99931510,33474,224,34793,99931509,100000000,pymatching,SurfaceCode,25,1,5,MHBD_noise,0.001,500.0,results/brute_force/used_SC5_MHBD/results/sweep_186.csv
1366088470,3020203320230300023303303,67040,99932962,33374,184,33481,99932961,100000000,pymatching,SurfaceCode,25,1,5,MHBD_noise,0.001,500.0,results/brute_force/used_SC5_MHBD/results/sweep_186.csv
1495033578,0333233302330330230022003,66779,99933223,37565,183,29030,99933222,100000000,pymatching,SurfaceCode,25,1,5,MHBD_noise,0.001,500.0,results/brute_force/used_SC5_MHBD/results/sweep_186.csv
1391863536,3300000003033003000302020,64037,99935965,23699,192,40145,99935964,100000000,pymatching,SurfaceCode,25,1,5,MHBD_noise,0.001,500.0,results/brute_force/used_SC5_MHBD/results/sweep_186.csv
413411164,3300330000030303203200033,62457,99937545,27530,171,34755,99937544,100000000,pymatching,SurfaceCode,25,1,5,MHBD_noise,0.001,500.0,results/brute_force/used_SC5_MHBD/results/sweep_186.csv
170403396,2333330030000302033303033,59351,99940651,30689,163,28498,99940650,100000000,pymatching,SurfaceCode,25,1,5,MHBD_noise,0.001,500.0,results/brute_force/used_SC5_MHBD/results/sweep_186.csv
631160247,3333200300030030300032330,58441,99941561,27404,169,30867,99941560,100000000,pymatching,SurfaceCode,25,1,5,MHBD_noise,0.001,500.0,results/brute_force/used_SC5_MHBD/results/sweep_186.csv
630466056,0030230300200303330303030,58508,99941494,26891,160,31456,99941493,100000000,pymatching,SurfaceCode,25,1,5,MHBD_noise,0.001,500.0,results/brute_force/used_SC5_MHBD/results/sweep_186.csv
1801492020,0300323300030300333320033,59534,99940468,30934,157,28442,99940467,100000000,pymatching,SurfaceCode,25,1,5,MHBD_noise,0.001,500.0,results/brute_force/used_SC5_MHBD/results/sweep_186.csv
1715258645,0303330330000303033033330,53744,99946258,28723,126,24894,99946257,100000000,pymatching,SurfaceCode,25,1,5,MHBD_noise,0.001,500.0,results/brute_force/used_SC5_MHBD/results/sweep_31.csv
423198073,0303300330000303033033330,54221,99945781,27460,120,26640,99945780,100000000,pymatching,SurfaceCode,25,1,5,MHBD_noise,0.001,500.0,results/brute_force/used_SC5_MHBD/results/sweep_31.csv
1087876761,0303330300000303033033030,53691,99946311,25802,134,27754,99946310,100000000,pymatching,SurfaceCode,25,1,5,MHBD_noise,0.001,500.0,results/brute_force/used_SC5_MHBD/results/sweep_31.csv
1182969291,0333330300000303030033330,52799,99947203,26661,97,26040,99947202,100000000,pymatching,SurfaceCode,25,1,5,MHBD_noise,0.001,500.0,results/brute_force/used_SC5_MHBD/results/sweep_31.csv
1661466571,0333330300030303030033330,52791,99947211,28729,133,23928,99947210,100000000,pymatching,SurfaceCode,25,1,5,MHBD_noise,0.001,500.0,results/brute_force/used_SC5_MHBD/results/sweep_31.csv
1641777985,0333330300030303030333030,53082,99946920,28863,137,24081,99946919,100000000,pymatching,SurfaceCode,25,1,5,MHBD_noise,0.001,500.0,results/brute_force/used_SC5_MHBD/results/sweep_31.csv
1626671451,0333300300030303030333030,52514,99947488,26870,143,25500,99947487,100000000,pymatching,SurfaceCode,25,1,5,MHBD_noise,0.001,500.0,results/brute_force/used_SC5_MHBD/results/sweep_31.csv
824749528,3200223203230002332020032,75503,99924499,35174,224,40104,99924498,100000000,pymatching,SurfaceCode,25,1,5,MHBD_noise,0.001,500.0,results/brute_force/used_SC5_MHBD/results/sweep_31.csv
1627827358,0303022220230023333002000,71845,99928157,33667,247,37930,99928156,100000000,pymatching,SurfaceCode,25,1,5,MHBD_noise,0.001,500.0,results/brute_force/used_SC5_MHBD/results/sweep_31.csv
1776266169,0303032220230023333002000,69780,99930222,33566,222,35991,99930221,100000000,pymatching,SurfaceCode,25,1,5,MHBD_noise,0.001,500.0,results/brute_force/used_SC5_MHBD/results/sweep_31.csv
1760994458,2030030303200303030303330,57932,99942070,27114,145,30672,99942069,100000000,pymatching,SurfaceCode,25,1,5,MHBD_noise,0.001,500.0,results/brute_force/used_SC5_MHBD/results/sweep_125.csv
1615076112,0030033303200303030303330,57420,99942582,28448,160,28811,99942581,100000000,pymatching,SurfaceCode,25,1,5,MHBD_noise,0.001,500.0,results/brute_force/used_SC5_MHBD/results/sweep_125.csv
1063716745,0030030303200303030303330,56559,99943443,26177,152,30229,99943442,100000000,pymatching,SurfaceCode,25,1,5,MHBD_noise,0.001,500.0,results/brute_force/used_SC5_MHBD/results/sweep_125.csv
2139787375,0030330303200303030303330,56093,99943909,26789,157,29146,99943908,100000000,pymatching,SurfaceCode,25,1,5,MHBD_noise,0.001,500.0,results/brute_force/used_SC5_MHBD/results/sweep_125.csv
1180636274,0033030303330303030303330,55005,99944997,28632,151,26221,99944996,100000000,pymatching,SurfaceCode,25,1,5,MHBD_noise,0.001,500.0,results/brute_force/used_SC5_MHBD/results/sweep_125.csv
1928230193,0033030303030300030303330,53428,99946574,25244,144,28039,99946573,100000000,pymatching,SurfaceCode,25,1,5,MHBD_noise,0.001,500.0,results/brute_force/used_SC5_MHBD/results/sweep_125.csv
1814247108,0333330003030300030333330,53242,99946760,28845,151,24245,99946759,100000000,pymatching,SurfaceCode,25,1,5,MHBD_noise,0.001,500.0,results/brute_force/used_SC5_MHBD/results/sweep_125.csv
1544393389,0333300000030303030333030,53256,99946746,25538,124,27593,99946745,100000000,pymatching,SurfaceCode,25,1,5,MHBD_noise,0.001,500.0,results/brute_force/used_SC5_MHBD/results/sweep_125.csv
1358662516,0303000303030303030303030,54192,99945810,24773,152,29266,99945809,100000000,pymatching,SurfaceCode,25,1,5,MHBD_noise,0.001,500.0,results/brute_force/used_SC5_MHBD/results/sweep_125.csv
51557687,3303330303030300330303030,53574,99946428,28300,167,25106,99946427,100000000,pymatching,SurfaceCode,25,1,5,MHBD_noise,0.001,500.0,results/brute_force/used_SC5_MHBD/results/sweep_125.csv
547454636,0333330303030300030333330,52698,99947304,29860,149,22688,99947303,100000000,pymatching,SurfaceCode,25,1,5,MHBD_noise,0.001,500.0,results/brute_force/used_SC5_MHBD/results/sweep_92.csv
888598259,3303330303030300030033030,53301,99946701,27057,149,26094,99946700,100000000,pymatching,SurfaceCode,25,1,5,MHBD_noise,0.001,500.0,results/brute_force/used_SC5_MHBD/results/sweep_92.csv
984265762,0303330300030303030033330,52390,99947612,26778,149,25462,99947611,100000000,pymatching,SurfaceCode,25,1,5,MHBD_noise,0.001,500.0,results/brute_force/used_SC5_MHBD/results/sweep_92.csv
1052552809,0333030303030303030330330,53111,99946891,28059,137,24914,99946890,100000000,pymatching,SurfaceCode,25,1,5,MHBD_noise,0.001,500.0,results/brute_force/used_SC5_MHBD/results/sweep_92.csv
1984142437,3203233320330030230203023,70216,99929786,36917,229,33069,99929785,100000000,pymatching,SurfaceCode,25,1,5,MHBD_noise,0.001,500.0,results/brute_force/used_SC5_MHBD/results/sweep_92.csv
1284727093,0202203020030000332233033,68718,99931284,30694,206,37817,99931283,100000000,pymatching,SurfaceCode,25,1,5,MHBD_noise,0.001,500.0,results/brute_force/used_SC5_MHBD/results/sweep_92.csv
154864417,0203203020030000332233033,66048,99933954,30632,184,35231,99933953,100000000,pymatching,SurfaceCode,25,1,5,MHBD_noise,0.001,500.0,results/brute_force/used_SC5_MHBD/results/sweep_92.csv
50341161,0203203020030000332203033,66379,99933623,28959,191,37228,99933622,100000000,pymatching,SurfaceCode,25,1,5,MHBD_noise,0.001,500.0,results/brute_force/used_SC5_MHBD/results/sweep_92.csv
498911950,0303300003030303333033033,57480,99942522,31569,156,25754,99942521,100000000,pymatching,SurfaceCode,25,1,5,MHBD_noise,0.001,500.0,results/brute_force/used_SC5_MHBD/results/sweep_92.csv
1668993444,0303300003030300333033033,56397,99943605,29245,142,27009,99943604,100000000,pymatching,SurfaceCode,25,1,5,MHBD_noise,0.001,500.0,results/brute_force/used_SC5_MHBD/results/sweep_92.csv
402687006,0333000300030300330033330,52469,99947533,25208,120,27140,99947532,100000000,pymatching,SurfaceCode,25,1,5,MHBD_noise,0.001,500.0,results/brute_force/used_SC5_MHBD/results/sweep_43.csv
1635507136,0333000303030303030003330,52691,99947311,25096,145,27449,99947310,100000000,pymatching,SurfaceCode,25,1,5,MHBD_noise,0.001,500.0,results/brute_force/used_SC5_MHBD/results/sweep_43.csv
241223831,2003030030300322003322320,69604,99930398,29544,197,39862,99930397,100000000,pymatching,SurfaceCode,25,1,5,MHBD_noise,0.001,500.0,results/brute_force/used_SC5_MHBD/results/sweep_43.csv
1006307434,2003030030303302003322320,68019,99931983,31220,166,36632,99931982,100000000,pymatching,SurfaceCode,25,1,5,MHBD_noise,0.001,500.0,results/brute_force/used_SC5_MHBD/results/sweep_43.csv
170880821,2003330030303302003322320,68384,99931618,32566,183,35634,99931617,100000000,pymatching,SurfaceCode,25,1,5,MHBD_noise,0.001,500.0,results/brute_force/used_SC5_MHBD/results/sweep_43.csv
438765488,2003030032300300003322330,65183,99934819,28004,173,37005,99934818,100000000,pymatching,SurfaceCode,25,1,5,MHBD_noise,0.001,500.0,results/brute_force/used_SC5_MHBD/results/sweep_43.csv
2133702344,2003033032300300003322330,65348,99934654,31119,188,34040,99934653,100000000,pymatching,SurfaceCode,25,1,5,MHBD_noise,0.001,500.0,results/brute_force/used_SC5_MHBD/results/sweep_43.csv
1410466531,0003033032300300003323330,62117,99937885,29315,148,32653,99937884,100000000,pymatching,SurfaceCode,25,1,5,MHBD_noise,0.001,500.0,results/brute_force/used_SC5_MHBD/results/sweep_43.csv
1621758980,0000033032300303003323330,63248,99936754,29959,157,33131,99936753,100000000,pymatching,SurfaceCode,25,1,5,MHBD_noise,0.001,500.0,results/brute_force/used_SC5_MHBD/results/sweep_43.csv
709221112,0300033032300303003323330,62247,99937755,30971,186,31089,99937754,100000000,pymatching,SurfaceCode,25,1,5,MHBD_noise,0.001,500.0,results/brute_force/used_SC5_MHBD/results/sweep_43.csv
781734726,3232300300300023330000030,63490,99936512,27390,165,35934,99936511,100000000,pymatching,SurfaceCode,25,1,5,MHBD_noise,0.001,500.0,results/brute_force/used_SC5_MHBD/results/sweep_159.csv
1025048062,0323300032203000030003330,62481,99937521,26017,153,36310,99937520,100000000,pymatching,SurfaceCode,25,1,5,MHBD_noise,0.001,500.0,results/brute_force/used_SC5_MHBD/results/sweep_159.csv
960479893,3303330300030032032302000,62381,99937621,29077,211,33092,99937620,100000000,pymatching,SurfaceCode,25,1,5,MHBD_noise,0.001,500.0,results/brute_force/used_SC5_MHBD/results/sweep_159.csv
66240960,2230230333030300332000333,61737,99938265,34324,177,27235,99938264,100000000,pymatching,SurfaceCode,25,1,5,MHBD_noise,0.001,500.0,results/brute_force/used_SC5_MHBD/results/sweep_159.csv
506013338,0023330300003030230332003,62805,99937197,28525,191,34088,99937196,100000000,pymatching,SurfaceCode,25,1,5,MHBD_noise,0.001,500.0,results/brute_force/used_SC5_MHBD/results/sweep_159.csv
566074866,0332020303033300000203323,60677,99939325,29400,153,31123,99939324,100000000,pymatching,SurfaceCode,25,1,5,MHBD_noise,0.001,500.0,results/brute_force/used_SC5_MHBD/results/sweep_159.csv
1193331540,0033332303030300303302330,59417,99940585,31886,183,27347,99940584,100000000,pymatching,SurfaceCode,25,1,5,MHBD_noise,0.001,500.0,results/brute_force/used_SC5_MHBD/results/sweep_159.csv
2000950626,3300000333300300330303332,58097,99941905,31534,124,26438,99941904,100000000,pymatching,SurfaceCode,25,1,5,MHBD_noise,0.001,500.0,results/brute_force/used_SC5_MHBD/results/sweep_159.csv
1531492393,2232222020030303202003023,76979,99923023,34533,260,42185,99923022,100000000,pymatching,SurfaceCode,25,1,5,MHBD_noise,0.001,500.0,results/brute_force/used_SC5_MHBD/results/sweep_159.csv
490072511,3022320030223200002303300,74369,99925633,32295,239,41834,99925632,100000000,pymatching,SurfaceCode,25,1,5,MHBD_noise,0.001,500.0,results/brute_force/used_SC5_MHBD/results/sweep_159.csv
333466872,0233030320030300003033303,59179,99940823,28073,171,30934,99940822,100000000,pymatching,SurfaceCode,25,1,5,MHBD_noise,0.001,500.0,results/brute_force/used_SC5_MHBD/results/sweep_188.csv
1844569456,0023330000003300330320030,59341,99940661,25831,151,33358,99940660,100000000,pymatching,SurfaceCode,25,1,5,MHBD_noise,0.001,500.0,results/brute_force/used_SC5_MHBD/results/sweep_188.csv
881968493,0233330303330002033303030,59440,99940562,31650,166,27623,99940561,100000000,pymatching,SurfaceCode,25,1,5,MHBD_noise,0.001,500.0,results/brute_force/used_SC5_MHBD/results/sweep_188.csv
292206610,0303033330330000000203333,57785,99942217,28323,145,29316,99942216,100000000,pymatching,SurfaceCode,25,1,5,MHBD_noise,0.001,500.0,results/brute_force/used_SC5_MHBD/results/sweep_188.csv
403546063,2202200323332003202020300,77842,99922160,35185,284,42372,99922159,100000000,pymatching,SurfaceCode,25,1,5,MHBD_noise,0.001,500.0,results/brute_force/used_SC5_MHBD/results/sweep_188.csv
1695006275,2333232000020000333333022,66469,99933533,34062,195,32211,99933532,100000000,pymatching,SurfaceCode,25,1,5,MHBD_noise,0.001,500.0,results/brute_force/used_SC5_MHBD/results/sweep_188.csv
937888324,0323303003000003320030322,66279,99933723,28006,174,38098,99933722,100000000,pymatching,SurfaceCode,25,1,5,MHBD_noise,0.001,500.0,results/brute_force/used_SC5_MHBD/results/sweep_188.csv
1691266888,0300003033030200223200030,66858,99933144,27694,200,38963,99933143,100000000,pymatching,SurfaceCode,25,1,5,MHBD_noise,0.001,500.0,results/brute_force/used_SC5_MHBD/results/sweep_188.csv
2010893150,0303000000330302223030003,66558,99933444,28660,186,37711,99933443,100000000,pymatching,SurfaceCode,25,1,5,MHBD_noise,0.001,500.0,results/brute_force/used_SC5_MHBD/results/sweep_188.csv
297729023,2033000000033200330202033,64078,99935924,27312,189,36576,99935923,100000000,pymatching,SurfaceCode,25,1,5,MHBD_noise,0.001,500.0,results/brute_force/used_SC5_MHBD/results/sweep_188.csv
356852649,0333330300030300030030330,52525,99947477,24937,132,27455,99947476,100000000,pymatching,SurfaceCode,25,1,5,MHBD_noise,0.001,500.0,results/brute_force/used_SC5_MHBD/results/sweep_38.csv
50900331,0230000323320033330302233,69246,99930756,35252,200,33793,99930755,100000000,pymatching,SurfaceCode,25,1,5,MHBD_noise,0.001,500.0,results/brute_force/used_SC5_MHBD/results/sweep_38.csv
915515909,0232000323320033330302233,70381,99929621,36067,226,34087,99929620,100000000,pymatching,SurfaceCode,25,1,5,MHBD_noise,0.001,500.0,results/brute_force/used_SC5_MHBD/results/sweep_38.csv
142559153,0232000323300033330002233,67366,99932636,31999,210,35156,99932635,100000000,pymatching,SurfaceCode,25,1,5,MHBD_noise,0.001,500.0,results/brute_force/used_SC5_MHBD/results/sweep_38.csv
784208765,0202003323300033330002233,67296,99932706,32477,167,34651,99932705,100000000,pymatching,SurfaceCode,25,1,5,MHBD_noise,0.001,500.0,results/brute_force/used_SC5_MHBD/results/sweep_38.csv
1426233762,0232300323303333030002233,66973,99933029,35278,202,31492,99933028,100000000,pymatching,SurfaceCode,25,1,5,MHBD_noise,0.001,500.0,results/brute_force/used_SC5_MHBD/results/sweep_38.csv
2072765589,0232000320300030330002233,66259,99933743,28670,188,37400,99933742,100000000,pymatching,SurfaceCode,25,1,5,MHBD_noise,0.001,500.0,results/brute_force/used_SC5_MHBD/results/sweep_38.csv
335250254,0202000323300033330002033,65166,99934836,28523,177,36465,99934835,100000000,pymatching,SurfaceCode,25,1,5,MHBD_noise,0.001,500.0,results/brute_force/used_SC5_MHBD/results/sweep_38.csv
782046210,0232000323300023330002333,65930,99934072,31984,187,33758,99934071,100000000,pymatching,SurfaceCode,25,1,5,MHBD_noise,0.001,500.0,results/brute_force/used_SC5_MHBD/results/sweep_38.csv
1928956298,0203300323300333330002033,62797,99937205,32441,193,30162,99937204,100000000,pymatching,SurfaceCode,25,1,5,MHBD_noise,0.001,500.0,results/brute_force/used_SC5_MHBD/results/sweep_38.csv
890442435,2302332000200300033032222,71321,99928681,32075,229,39016,99928680,100000000,pymatching,SurfaceCode,25,1,5,MHBD_noise,0.001,500.0,results/brute_force/used_SC5_MHBD/results/sweep_122.csv
1473738433,0030303300303302220322322,71395,99928607,35667,210,35517,99928606,100000000,pymatching,SurfaceCode,25,1,5,MHBD_noise,0.001,500.0,results/brute_force/used_SC5_MHBD/results/sweep_122.csv
943856432,0302332000200300033032222,69710,99930292,30664,198,38847,99930291,100000000,pymatching,SurfaceCode,25,1,5,MHBD_noise,0.001,500.0,results/brute_force/used_SC5_MHBD/results/sweep_122.csv
1392644066,0302332000200300333032222,69462,99930540,33366,199,35896,99930539,100000000,pymatching,SurfaceCode,25,1,5,MHBD_noise,0.001,500.0,results/brute_force/used_SC5_MHBD/results/sweep_122.csv
890791637,0302332000200300333032302,66780,99933222,32054,207,34518,99933221,100000000,pymatching,SurfaceCode,25,1,5,MHBD_noise,0.001,500.0,results/brute_force/used_SC5_MHBD/results/sweep_122.csv
2071744642,0300332000000300230033302,62752,99937250,25728,166,36857,99937249,100000000,pymatching,SurfaceCode,25,1,5,MHBD_noise,0.001,500.0,results/brute_force/used_SC5_MHBD/results/sweep_122.csv
683984242,0300332000000300330030302,61186,99938816,24827,178,36180,99938815,100000000,pymatching,SurfaceCode,25,1,5,MHBD_noise,0.001,500.0,results/brute_force/used_SC5_MHBD/results/sweep_122.csv
837107557,0300332000000300330033302,60428,99939574,25799,168,34460,99939573,100000000,pymatching,SurfaceCode,25,1,5,MHBD_noise,0.001,500.0,results/brute_force/used_SC5_MHBD/results/sweep_122.csv
635393926,0300332000300300330030302,61900,99938102,26454,190,35255,99938101,100000000,pymatching,SurfaceCode,25,1,5,MHBD_noise,0.001,500.0,results/brute_force/used_SC5_MHBD/results/sweep_122.csv
1670873407,0330330000030300330033300,54345,99945657,24685,120,29539,99945656,100000000,pymatching,SurfaceCode,25,1,5,MHBD_noise,0.001,500.0,results/brute_force/used_SC5_MHBD/results/sweep_122.csv
47518342,0333300003330303020300030,58503,99941499,26642,158,31702,99941498,100000000,pymatching,SurfaceCode,25,1,5,MHBD_noise,0.001,500.0,results/brute_force/used_SC5_MHBD/results/sweep_95.csv
1292698526,0333300000030303020300030,57355,99942647,23446,158,33750,99942646,100000000,pymatching,SurfaceCode,25,1,5,MHBD_noise,0.001,500.0,results/brute_force/used_SC5_MHBD/results/sweep_95.csv
1119999453,0333300003030303030300030,55280,99944722,24911,137,30231,99944721,100000000,pymatching,SurfaceCode,25,1,5,MHBD_noise,0.001,500.0,results/brute_force/used_SC5_MHBD/results/sweep_95.csv
677958269,3330300303030303030300030,54797,99945205,26559,145,28092,99945204,100000000,pymatching,SurfaceCode,25,1,5,MHBD_noise,0.001,500.0,results/brute_force/used_SC5_MHBD/results/sweep_95.csv
1558892961,3330300303030303030003030,54534,99945468,26212,118,28203,99945467,100000000,pymatching,SurfaceCode,25,1,5,MHBD_noise,0.001,500.0,results/brute_force/used_SC5_MHBD/results/sweep_95.csv
1545003730,0330300303030303030303030,53647,99946355,25746,139,27761,99946354,100000000,pymatching,SurfaceCode,25,1,5,MHBD_noise,0.001,500.0,results/brute_force/used_SC5_MHBD/results/sweep_95.csv
1861238407,0330330303030303030303030,54479,99945523,27380,142,26956,99945522,100000000,pymatching,SurfaceCode,25,1,5,MHBD_noise,0.001,500.0,results/brute_force/used_SC5_MHBD/results/sweep_95.csv
1005316256,0330330303033303030303000,55793,99944209,29944,143,25705,99944208,100000000,pymatching,SurfaceCode,25,1,5,MHBD_noise,0.001,500.0,results/brute_force/used_SC5_MHBD/results/sweep_95.csv
973586840,0333300303030303030303000,54568,99945434,26678,152,27737,99945433,100000000,pymatching,SurfaceCode,25,1,5,MHBD_noise,0.001,500.0,results/brute_force/used_SC5_MHBD/results/sweep_95.csv
1731907289,0333000303030303030303030,53106,99946896,25379,141,27585,99946895,100000000,pymatching,SurfaceCode,25,1,5,MHBD_noise,0.001,500.0,results/brute_force/used_SC5_MHBD/results/sweep_95.csv
2133432778,0300033032300303033323330,61840,99938162,33338,152,28349,99938161,100000000,pymatching,SurfaceCode,25,1,5,MHBD_noise,0.001,500.0,results/brute_force/used_SC5_MHBD/results/sweep_44.csv
1936496478,0300333030000303003333330,57139,99942863,28340,133,28665,99942862,100000000,pymatching,SurfaceCode,25,1,5,MHBD_noise,0.001,500.0,results/brute_force/used_SC5_MHBD/results/sweep_44.csv
1150640476,0333333030300303003033330,57721,99942281,31142,155,26423,99942280,100000000,pymatching,SurfaceCode,25,1,5,MHBD_noise,0.001,500.0,results/brute_force/used_SC5_MHBD/results/sweep_44.csv
197026784,0333333030330300030033330,54815,99945187,30810,150,23854,99945186,100000000,pymatching,SurfaceCode,25,1,5,MHBD_noise,0.001,500.0,results/brute_force/used_SC5_MHBD/results/sweep_44.csv
103794861,0333333000030300030030330,53961,99946041,25506,148,28306,99946040,100000000,pymatching,SurfaceCode,25,1,5,MHBD_noise,0.001,500.0,results/brute_force/used_SC5_MHBD/results/sweep_44.csv
197736227,0333303000330300030033330,53511,99946491,27031,130,26349,99946490,100000000,pymatching,SurfaceCode,25,1,5,MHBD_noise,0.001,500.0,results/brute_force/used_SC5_MHBD/results/sweep_44.csv
870963725,0333303000030300030033330,52171,99947831,24916,145,27109,99947830,100000000,pymatching,SurfaceCode,25,1,5,MHBD_noise,0.001,500.0,results/brute_force/used_SC5_MHBD/results/sweep_44.csv
439499769,0333303300030300030033330,51617,99948385,26464,139,25013,99948384,100000000,pymatching,SurfaceCode,25,1,5,MHBD_noise,0.001,500.0,results/brute_force/used_SC5_MHBD/results/sweep_44.csv
1264834001,0333300330030300030333330,52683,99947319,28618,147,23917,99947318,100000000,pymatching,SurfaceCode,25,1,5,MHBD_noise,0.001,500.0,results/brute_force/used_SC5_MHBD/results/sweep_44.csv
789897742,3030223320033000200333300,65571,99934431,32007,192,33371,99934430,100000000,pymatching,SurfaceCode,25,1,5,MHBD_noise,0.001,500.0,results/brute_force/used_SC5_MHBD/results/sweep_44.csv
425348822,0303330330030300030333030,52881,99947121,27020,121,25739,99947120,100000000,pymatching,SurfaceCode,25,1,5,MHBD_noise,0.001,500.0,results/brute_force/used_SC5_MHBD/results/sweep_61.csv
651595007,3303300300030300030333330,52855,99947147,27063,154,25637,99947146,100000000,pymatching,SurfaceCode,25,1,5,MHBD_noise,0.001,500.0,results/brute_force/used_SC5_MHBD/results/sweep_61.csv
1173079397,3303330300030300030333330,52448,99947554,27668,133,24646,99947553,100000000,pymatching,SurfaceCode,25,1,5,MHBD_noise,0.001,500.0,results/brute_force/used_SC5_MHBD/results/sweep_61.csv
37248872,0303330300030300030033330,51890,99948112,25350,138,26401,99948111,100000000,pymatching,SurfaceCode,25,1,5,MHBD_noise,0.001,500.0,results/brute_force/used_SC5_MHBD/results/sweep_61.csv
441006891,0323030200200330233320303,68339,99931663,32402,222,35714,99931662,100000000,pymatching,SurfaceCode,25,1,5,MHBD_noise,0.001,500.0,results/brute_force/used_SC5_MHBD/results/sweep_61.csv
399890548,3330330000030200003203203,63116,99936886,26031,175,36909,99936885,100000000,pymatching,SurfaceCode,25,1,5,MHBD_noise,0.001,500.0,results/brute_force/used_SC5_MHBD/results/sweep_61.csv
586082126,3330000000030200003203203,64603,99935399,24082,175,40345,99935398,100000000,pymatching,SurfaceCode,25,1,5,MHBD_noise,0.001,500.0,results/brute_force/used_SC5_MHBD/results/sweep_61.csv
1569750174,3332000300030200003203203,62698,99937304,25769,162,36766,99937303,100000000,pymatching,SurfaceCode,25,1,5,MHBD_noise,0.001,500.0,results/brute_force/used_SC5_MHBD/results/sweep_61.csv
1604781915,3330000330030200003203203,60419,99939583,27186,152,33080,99939582,100000000,pymatching,SurfaceCode,25,1,5,MHBD_noise,0.001,500.0,results/brute_force/used_SC5_MHBD/results/sweep_61.csv
939647080,3330300330030200033203203,59190,99940812,29650,157,29382,99940811,100000000,pymatching,SurfaceCode,25,1,5,MHBD_noise,0.001,500.0,results/brute_force/used_SC5_MHBD/results/sweep_61.csv
231825128,2323003030000033030202333,64629,99935373,29633,180,34815,99935372,100000000,pymatching,SurfaceCode,25,1,5,MHBD_noise,0.001,500.0,results/brute_force/used_SC5_MHBD/results/sweep_107.csv
316648708,2323003030000033030002333,63236,99936766,28320,173,34742,99936765,100000000,pymatching,SurfaceCode,25,1,5,MHBD_noise,0.001,500.0,results/brute_force/used_SC5_MHBD/results/sweep_107.csv
2112776556,0323003030000033030202333,62571,99937431,27611,157,34802,99937430,100000000,pymatching,SurfaceCode,25,1,5,MHBD_noise,0.001,500.0,results/brute_force/used_SC5_MHBD/results/sweep_107.csv
508688543,0323003030000030030202333,62879,99937123,26319,152,36407,99937122,100000000,pymatching,SurfaceCode,25,1,5,MHBD_noise,0.001,500.0,results/brute_force/used_SC5_MHBD/results/sweep_107.csv
788191821,0323003030000033033202333,63247,99936755,29953,162,33131,99936754,100000000,pymatching,SurfaceCode,25,1,5,MHBD_noise,0.001,500.0,results/brute_force/used_SC5_MHBD/results/sweep_107.csv
1543448420,0323003030020333030202333,63343,99936659,30911,186,32245,99936658,100000000,pymatching,SurfaceCode,25,1,5,MHBD_noise,0.001,500.0,results/brute_force/used_SC5_MHBD/results/sweep_107.csv
136713338,0323003030000333030202333,60954,99939048,28798,184,31971,99939047,100000000,pymatching,SurfaceCode,25,1,5,MHBD_noise,0.001,500.0,results/brute_force/used_SC5_MHBD/results/sweep_107.csv
1459982018,0323003330000333030002333,58962,99941040,29651,142,29168,99941039,100000000,pymatching,SurfaceCode,25,1,5,MHBD_noise,0.001,500.0,results/brute_force/used_SC5_MHBD/results/sweep_107.csv
446055209,0323003330030333030202333,60076,99939926,33224,164,26687,99939925,100000000,pymatching,SurfaceCode,25,1,5,MHBD_noise,0.001,500.0,results/brute_force/used_SC5_MHBD/results/sweep_107.csv
2024299908,0300003330000333030032330,58687,99941315,28521,151,30014,99941314,100000000,pymatching,SurfaceCode,25,1,5,MHBD_noise,0.001,500.0,results/brute_force/used_SC5_MHBD/results/sweep_107.csv
203955457,0330032233333300033300003,65793,99934209,39373,177,26242,99934208,100000000,pymatching,SurfaceCode,25,1,5,MHBD_noise,0.001,500.0,results/brute_force/used_SC5_MHBD/results/sweep_210.csv
2123710486,3002333003033300033220000,65356,99934646,33461,173,31721,99934645,100000000,pymatching,SurfaceCode,25,1,5,MHBD_noise,0.001,500.0,results/brute_force/used_SC5_MHBD/results/sweep_210.csv
1858477112,2322030000303030330333303,63516,99936486,31377,178,31960,99936485,100000000,pymatching,SurfaceCode,25,1,5,MHBD_noise,0.001,500.0,results/brute_force/used_SC5_MHBD/results/sweep_210.csv
1354008548,3200030300233030300332333,63532,99936470,33074,176,30281,99936469,100000000,pymatching,SurfaceCode,25,1,5,MHBD_noise,0.001,500.0,results/brute_force/used_SC5_MHBD/results/sweep_210.csv
1213288867,0033030333333300233000300,61357,99938645,34960,170,26226,99938644,100000000,pymatching,SurfaceCode,25,1,5,MHBD_noise,0.001,500.0,results/brute_force/used_SC5_MHBD/results/sweep_210.csv
1343471683,0333030030203000020303330,58614,99941388,25765,180,32668,99941387,100000000,pymatching,SurfaceCode,25,1,5,MHBD_noise,0.001,500.0,results/brute_force/used_SC5_MHBD/results/sweep_210.csv
1817640781,3303330030330303330003300,57002,99943000,29486,139,27376,99942999,100000000,pymatching,SurfaceCode,25,1,5,MHBD_noise,0.001,500.0,results/brute_force/used_SC5_MHBD/results/sweep_210.csv
297260541,2232023022302232330200020,83048,99916954,40112,309,42626,99916953,100000000,pymatching,SurfaceCode,25,1,5,MHBD_noise,0.001,500.0,results/brute_force/used_SC5_MHBD/results/sweep_210.csv
1860677374,2202033032333320332230330,73477,99926525,45252,206,28018,99926524,100000000,pymatching,SurfaceCode,25,1,5,MHBD_noise,0.001,500.0,results/brute_force/used_SC5_MHBD/results/sweep_210.csv
427497605,0202233303032220333300332,71369,99928633,41686,212,29470,99928632,100000000,pymatching,SurfaceCode,25,1,5,MHBD_noise,0.001,500.0,results/brute_force/used_SC5_MHBD/results/sweep_210.csv
1099428564,3320002302330302330320230,66810,99933192,35249,208,31352,99933191,100000000,pymatching,SurfaceCode,25,1,5,MHBD_noise,0.001,500.0,results/brute_force/used_SC5_MHBD/results/sweep_66.csv
2014317238,3300002302330303330330330,60797,99939205,33697,178,26921,99939204,100000000,pymatching,SurfaceCode,25,1,5,MHBD_noise,0.001,500.0,results/brute_force/used_SC5_MHBD/results/sweep_66.csv
857898874,3300002302330303330320330,62169,99937833,33756,168,28244,99937832,100000000,pymatching,SurfaceCode,25,1,5,MHBD_noise,0.001,500.0,results/brute_force/used_SC5_MHBD/results/sweep_66.csv
2078582167,3300000302330303330300300,59784,99940218,29529,164,30090,99940217,100000000,pymatching,SurfaceCode,25,1,5,MHBD_noise,0.001,500.0,results/brute_force/used_SC5_MHBD/results/sweep_66.csv
1049570232,3300000303300303330333330,57325,99942677,31497,148,25679,99942676,100000000,pymatching,SurfaceCode,25,1,5,MHBD_noise,0.001,500.0,results/brute_force/used_SC5_MHBD/results/sweep_66.csv
767444056,3300000303330303330330030,57002,99943000,29853,135,27013,99942999,100000000,pymatching,SurfaceCode,25,1,5,MHBD_noise,0.001,500.0,results/brute_force/used_SC5_MHBD/results/sweep_66.csv
298419230,3303300303003303030333030,55472,99944530,30066,137,25268,99944529,100000000,pymatching,SurfaceCode,25,1,5,MHBD_noise,0.001,500.0,results/brute_force/used_SC5_MHBD/results/sweep_66.csv
137834850,3303300303000303330303030,55106,99944896,28236,137,26732,99944895,100000000,pymatching,SurfaceCode,25,1,5,MHBD_noise,0.001,500.0,results/brute_force/used_SC5_MHBD/results/sweep_66.csv
679336708,3333300303030300030033030,52638,99947364,27374,134,25129,99947363,100000000,pymatching,SurfaceCode,25,1,5,MHBD_noise,0.001,500.0,results/brute_force/used_SC5_MHBD/results/sweep_66.csv
1994355086,3303300303030300030033030,52848,99947154,25903,157,26787,99947153,100000000,pymatching,SurfaceCode,25,1,5,MHBD_noise,0.001,500.0,results/brute_force/used_SC5_MHBD/results/sweep_66.csv
2131914753,3303030303030300030003330,53255,99946747,24688,126,28440,99946746,100000000,pymatching,SurfaceCode,25,1,5,MHBD_noise,0.001,500.0,results/brute_force/used_SC5_MHBD/results/sweep_100.csv
991475275,3333330303030300030033030,54014,99945988,28973,133,24907,99945987,100000000,pymatching,SurfaceCode,25,1,5,MHBD_noise,0.001,500.0,results/brute_force/used_SC5_MHBD/results/sweep_100.csv
710790904,0030230002203233003003002,71604,99928398,29637,222,41744,99928397,100000000,pymatching,SurfaceCode,25,1,5,MHBD_noise,0.001,500.0,results/brute_force/used_SC5_MHBD/results/sweep_100.csv
1519274562,0030230002203223003003002,72592,99927410,29582,202,42807,99927409,100000000,pymatching,SurfaceCode,25,1,5,MHBD_noise,0.001,500.0,results/brute_force/used_SC5_MHBD/results/sweep_100.csv
1605858591,0030220002203233003003002,73699,99926303,29562,214,43922,99926302,100000000,pymatching,SurfaceCode,25,1,5,MHBD_noise,0.001,500.0,results/brute_force/used_SC5_MHBD/results/sweep_100.csv
1663998769,0020330002203233003003002,72127,99927875,29270,202,42654,99927874,100000000,pymatching,SurfaceCode,25,1,5,MHBD_noise,0.001,500.0,results/brute_force/used_SC5_MHBD/results/sweep_100.csv
890812923,0030230302203233003003003,66970,99933032,30413,186,36370,99933031,100000000,pymatching,SurfaceCode,25,1,5,MHBD_noise,0.001,500.0,results/brute_force/used_SC5_MHBD/results/sweep_100.csv
1080602350,0030230302203233003033003,67045,99932957,31988,212,34844,99932956,100000000,pymatching,SurfaceCode,25,1,5,MHBD_noise,0.001,500.0,results/brute_force/used_SC5_MHBD/results/sweep_100.csv
1644786507,0030330302303033003033003,62434,99937568,29471,161,32801,99937567,100000000,pymatching,SurfaceCode,25,1,5,MHBD_noise,0.001,500.0,results/brute_force/used_SC5_MHBD/results/sweep_100.csv
744356671,0030330302203033003033003,63096,99936906,29572,178,33345,99936905,100000000,pymatching,SurfaceCode,25,1,5,MHBD_noise,0.001,500.0,results/brute_force/used_SC5_MHBD/results/sweep_100.csv
1987483852,2302033333202002303200033,70203,99929799,38154,211,31837,99929798,100000000,pymatching,SurfaceCode,25,1,5,MHBD_noise,0.001,500.0,results/brute_force/used_SC5_MHBD/results/sweep_217.csv
161624190,0322030303230000000302000,64745,99935257,23649,167,40928,99935256,100000000,pymatching,SurfaceCode,25,1,5,MHBD_noise,0.001,500.0,results/brute_force/used_SC5_MHBD/results/sweep_217.csv
770881426,0033030333333300020323033,61416,99938586,35131,154,26130,99938585,100000000,pymatching,SurfaceCode,25,1,5,MHBD_noise,0.001,500.0,results/brute_force/used_SC5_MHBD/results/sweep_217.csv
450271495,0300303003030003030033230,60160,99939842,24773,152,35234,99939841,100000000,pymatching,SurfaceCode,25,1,5,MHBD_noise,0.001,500.0,results/brute_force/used_SC5_MHBD/results/sweep_217.csv
2098736267,0303333330030023000300033,59947,99940055,30459,156,29331,99940054,100000000,pymatching,SurfaceCode,25,1,5,MHBD_noise,0.001,500.0,results/brute_force/used_SC5_MHBD/results/sweep_217.csv
120960351,3333330302030300330203033,56841,99943161,31764,167,24909,99943160,100000000,pymatching,SurfaceCode,25,1,5,MHBD_noise,0.001,500.0,results/brute_force/used_SC5_MHBD/results/sweep_217.csv
82204740,0233222220003002230003300,74659,99925343,31773,235,42650,99925342,100000000,pymatching,SurfaceCode,25,1,5,MHBD_noise,0.001,500.0,results/brute_force/used_SC5_MHBD/results/sweep_217.csv
1748977091,2330330020002000220023030,70140,99929862,26337,250,43552,99929861,100000000,pymatching,SurfaceCode,25,1,5,MHBD_noise,0.001,500.0,results/brute_force/used_SC5_MHBD/results/sweep_217.csv
337813754,3230022200330000003303300,67097,99932905,28088,192,38816,99932904,100000000,pymatching,SurfaceCode,25,1,5,MHBD_noise,0.001,500.0,results/brute_force/used_SC5_MHBD/results/sweep_217.csv
32403370,0003230330000333300302233,62820,99937182,30246,182,32391,99937181,100000000,pymatching,SurfaceCode,25,1,5,MHBD_noise,0.001,500.0,results/brute_force/used_SC5_MHBD/results/sweep_217.csv
1930657265,0033330330303300330303302,58069,99941933,32125,140,25803,99941932,100000000,pymatching,SurfaceCode,25,1,5,MHBD_noise,0.001,500.0,results/brute_force/used_SC5_MHBD/results/sweep_68.csv
1779858456,0033303330000330330303302,58630,99941372,31148,149,27332,99941371,100000000,pymatching,SurfaceCode,25,1,5,MHBD_noise,0.001,500.0,results/brute_force/used_SC5_MHBD/results/sweep_68.csv
1999398908,0033303330000330330303300,57043,99942959,29754,160,27128,99942958,100000000,pymatching,SurfaceCode,25,1,5,MHBD_noise,0.001,500.0,results/brute_force/used_SC5_MHBD/results/sweep_68.csv
1858085701,0003303300000330330303300,56385,99943617,26741,161,29482,99943616,100000000,pymatching,SurfaceCode,25,1,5,MHBD_noise,0.001,500.0,results/brute_force/used_SC5_MHBD/results/sweep_68.csv
1513257989,0303303300030330330303300,54820,99945182,28760,162,25897,99945181,100000000,pymatching,SurfaceCode,25,1,5,MHBD_noise,0.001,500.0,results/brute_force/used_SC5_MHBD/results/sweep_68.csv
583798037,0303303300030300330303300,54032,99945970,26369,124,27538,99945969,100000000,pymatching,SurfaceCode,25,1,5,MHBD_noise,0.001,500.0,results/brute_force/used_SC5_MHBD/results/sweep_68.csv
255203725,0303300300030300330303330,53479,99946523,26154,123,27201,99946522,100000000,pymatching,SurfaceCode,25,1,5,MHBD_noise,0.001,500.0,results/brute_force/used_SC5_MHBD/results/sweep_68.csv
2018177213,0303330300030300330303300,53188,99946814,25854,149,27184,99946813,100000000,pymatching,SurfaceCode,25,1,5,MHBD_noise,0.001,500.0,results/brute_force/used_SC5_MHBD/results/sweep_68.csv
1750505997,0333330300030300330003300,53093,99946909,25889,106,27097,99946908,100000000,pymatching,SurfaceCode,25,1,5,MHBD_noise,0.001,500.0,results/brute_force/used_SC5_MHBD/results/sweep_68.csv
961659622,0303330300030300330303330,52930,99947072,27125,139,25665,99947071,100000000,pymatching,SurfaceCode,25,1,5,MHBD_noise,0.001,500.0,results/brute_force/used_SC5_MHBD/results/sweep_68.csv
1798107276,0003030000000300333033330,57223,99942779,25054,135,32033,99942778,100000000,pymatching,SurfaceCode,25,1,5,MHBD_noise,0.001,500.0,results/brute_force/used_SC5_MHBD/results/sweep_219.csv
536553835,0322223303333000022322220,76988,99923014,40103,271,36613,99923013,100000000,pymatching,SurfaceCode,25,1,5,MHBD_noise,0.001,500.0,results/brute_force/used_SC5_MHBD/results/sweep_219.csv
976268473,3022303330223330230323023,74050,99925952,44055,232,29762,99925951,100000000,pymatching,SurfaceCode,25,1,5,MHBD_noise,0.001,500.0,results/brute_force/used_SC5_MHBD/results/sweep_219.csv
142104807,0000230032000322000300000,69310,99930692,22798,178,46333,99930691,100000000,pymatching,SurfaceCode,25,1,5,MHBD_noise,0.001,500.0,results/brute_force/used_SC5_MHBD/results/sweep_219.csv
149507737,3003332030333020000003030,65395,99934607,29678,194,35522,99934606,100000000,pymatching,SurfaceCode,25,1,5,MHBD_noise,0.001,500.0,results/brute_force/used_SC5_MHBD/results/sweep_219.csv
2068265071,0303032333200033030200330,61968,99938034,30405,171,31391,99938033,100000000,pymatching,SurfaceCode,25,1,5,MHBD_noise,0.001,500.0,results/brute_force/used_SC5_MHBD/results/sweep_219.csv
2142105137,3203033002000300330203033,61145,99938857,28295,178,32671,99938856,100000000,pymatching,SurfaceCode,25,1,5,MHBD_noise,0.001,500.0,results/brute_force/used_SC5_MHBD/results/sweep_219.csv
2125818064,0303303032000300300030033,59712,99940290,25250,142,34319,99940289,100000000,pymatching,SurfaceCode,25,1,5,MHBD_noise,0.001,500.0,results/brute_force/used_SC5_MHBD/results/sweep_219.csv
498487282,0323330333033300033000003,60045,99939957,33624,148,26272,99939956,100000000,pymatching,SurfaceCode,25,1,5,MHBD_noise,0.001,500.0,results/brute_force/used_SC5_MHBD/results/sweep_219.csv
1267581203,0303332333030030003003330,59416,99940586,30934,194,28287,99940585,100000000,pymatching,SurfaceCode,25,1,5,MHBD_noise,0.001,500.0,results/brute_force/used_SC5_MHBD/results/sweep_219.csv
4733760,0030330333030303033003003,56591,99943411,30325,169,26096,99943410,100000000,pymatching,SurfaceCode,25,1,5,MHBD_noise,0.001,500.0,results/brute_force/used_SC5_MHBD/results/sweep_14.csv
1140515604,0030330330030303030003033,54927,99945075,26765,150,28011,99945074,100000000,pymatching,SurfaceCode,25,1,5,MHBD_noise,0.001,500.0,results/brute_force/used_SC5_MHBD/results/sweep_14.csv
1972581982,0330330300030303030003033,54044,99945958,25350,145,28548,99945957,100000000,pymatching,SurfaceCode,25,1,5,MHBD_noise,0.001,500.0,results/brute_force/used_SC5_MHBD/results/sweep_14.csv
482805195,0330330300030303030003333,53982,99946020,26791,147,27043,99946019,100000000,pymatching,SurfaceCode,25,1,5,MHBD_noise,0.001,500.0,results/brute_force/used_SC5_MHBD/results/sweep_14.csv
712626973,0333330300030303030303330,52966,99947036,28341,158,24466,99947035,100000000,pymatching,SurfaceCode,25,1,5,MHBD_noise,0.001,500.0,results/brute_force/used_SC5_MHBD/results/sweep_14.csv
253706958,0330330300030300030303330,52311,99947691,24417,112,27781,99947690,100000000,pymatching,SurfaceCode,25,1,5,MHBD_noise,0.001,500.0,results/brute_force/used_SC5_MHBD/results/sweep_14.csv
1259544774,0333330000030300030333330,52839,99947163,26938,136,25764,99947162,100000000,pymatching,SurfaceCode,25,1,5,MHBD_noise,0.001,500.0,results/brute_force/used_SC5_MHBD/results/sweep_14.csv
1795392464,0333330300030300030333330,51739,99948263,27853,142,23743,99948262,100000000,pymatching,SurfaceCode,25,1,5,MHBD_noise,0.001,500.0,results/brute_force/used_SC5_MHBD/results/sweep_14.csv
41507293,0020033202000320202232330,74284,99925718,32114,213,41956,99925717,100000000,pymatching,SurfaceCode,25,1,5,MHBD_noise,0.001,500.0,results/brute_force/used_SC5_MHBD/results/sweep_14.csv
1682977154,0020033203000320022233330,69722,99930280,32156,215,37350,99930279,100000000,pymatching,SurfaceCode,25,1,5,MHBD_noise,0.001,500.0,results/brute_force/used_SC5_MHBD/results/sweep_14.csv
1907296663,3000030303030330000003330,57404,99942598,23714,157,33532,99942597,100000000,pymatching,SurfaceCode,25,1,5,MHBD_noise,0.001,500.0,results/brute_force/used_SC5_MHBD/results/sweep_172.csv
682820213,3320023302333223023022000,78105,99921897,42405,269,35430,99921896,100000000,pymatching,SurfaceCode,25,1,5,MHBD_noise,0.001,500.0,results/brute_force/used_SC5_MHBD/results/sweep_172.csv
2120674993,3222022320200333002023300,76039,99923963,34934,238,40866,99923962,100000000,pymatching,SurfaceCode,25,1,5,MHBD_noise,0.001,500.0,results/brute_force/used_SC5_MHBD/results/sweep_172.csv
1581697136,2332300032320330302300023,71326,99928676,35181,219,35925,99928675,100000000,pymatching,SurfaceCode,25,1,5,MHBD_noise,0.001,500.0,results/brute_force/used_SC5_MHBD/results/sweep_172.csv
660195133,3203230022333302003300320,70077,99929925,36027,211,33838,99929924,100000000,pymatching,SurfaceCode,25,1,5,MHBD_noise,0.001,500.0,results/brute_force/used_SC5_MHBD/results/sweep_172.csv
1949451073,3030003230033330203303202,68692,99931310,37891,243,30557,99931309,100000000,pymatching,SurfaceCode,25,1,5,MHBD_noise,0.001,500.0,results/brute_force/used_SC5_MHBD/results/sweep_172.csv
1230442451,0033300330023220030233232,67054,99932948,34407,188,32458,99932947,100000000,pymatching,SurfaceCode,25,1,5,MHBD_noise,0.001,500.0,results/brute_force/used_SC5_MHBD/results/sweep_172.csv
996161228,2000003300000023300300033,64384,99935618,24443,179,39761,99935617,100000000,pymatching,SurfaceCode,25,1,5,MHBD_noise,0.001,500.0,results/brute_force/used_SC5_MHBD/results/sweep_172.csv
1119258967,0223003323230000330233330,64366,99935636,34390,191,29784,99935635,100000000,pymatching,SurfaceCode,25,1,5,MHBD_noise,0.001,500.0,results/brute_force/used_SC5_MHBD/results/sweep_172.csv
1156772749,0202303023003300030033230,63237,99936765,29415,171,33650,99936764,100000000,pymatching,SurfaceCode,25,1,5,MHBD_noise,0.001,500.0,results/brute_force/used_SC5_MHBD/results/sweep_172.csv
218681374,0333003330030300030003333,53954,99946048,27232,141,26580,99946047,100000000,pymatching,SurfaceCode,25,1,5,MHBD_noise,0.001,500.0,results/brute_force/used_SC5_MHBD/results/sweep_13.csv
1291120233,0333300300030300030033333,51839,99948163,26441,160,25237,99948162,100000000,pymatching,SurfaceCode,25,1,5,MHBD_noise,0.001,500.0,results/brute_force/used_SC5_MHBD/results/sweep_13.csv
533970517,0330300300303023030002233,61950,99938052,27380,150,34419,99938051,100000000,pymatching,SurfaceCode,25,1,5,MHBD_noise,0.001,500.0,results/brute_force/used_SC5_MHBD/results/sweep_13.csv
800594735,0030333333030020033002203,61961,99938041,32235,177,29548,99938040,100000000,pymatching,SurfaceCode,25,1,5,MHBD_noise,0.001,500.0,results/brute_force/used_SC5_MHBD/results/sweep_13.csv
537180369,0030333333030020033003203,60732,99939270,32402,169,28160,99939269,100000000,pymatching,SurfaceCode,25,1,5,MHBD_noise,0.001,500.0,results/brute_force/used_SC5_MHBD/results/sweep_13.csv
1880759369,0030233333030020033003203,61629,99938373,31958,164,29506,99938372,100000000,pymatching,SurfaceCode,25,1,5,MHBD_noise,0.001,500.0,results/brute_force/used_SC5_MHBD/results/sweep_13.csv
1968754264,0030330333030023033003203,60110,99939892,31536,183,28390,99939891,100000000,pymatching,SurfaceCode,25,1,5,MHBD_noise,0.001,500.0,results/brute_force/used_SC5_MHBD/results/sweep_13.csv
8762320,0000330333030023033003303,59341,99940661,30371,157,28812,99940660,100000000,pymatching,SurfaceCode,25,1,5,MHBD_noise,0.001,500.0,results/brute_force/used_SC5_MHBD/results/sweep_13.csv
1628364666,0030330303030003033033003,57347,99942655,27778,139,29429,99942654,100000000,pymatching,SurfaceCode,25,1,5,MHBD_noise,0.001,500.0,results/brute_force/used_SC5_MHBD/results/sweep_13.csv
192120808,0030330333030003033003003,57558,99942444,28928,156,28473,99942443,100000000,pymatching,SurfaceCode,25,1,5,MHBD_noise,0.001,500.0,results/brute_force/used_SC5_MHBD/results/sweep_13.csv
310153474,0000300030033330200333333,60896,99939106,30705,187,30003,99939105,100000000,pymatching,SurfaceCode,25,1,5,MHBD_noise,0.001,500.0,results/brute_force/used_SC5_MHBD/results/sweep_175.csv
548518968,3300303030200003333330030,59830,99940172,30004,164,29661,99940171,100000000,pymatching,SurfaceCode,25,1,5,MHBD_noise,0.001,500.0,results/brute_force/used_SC5_MHBD/results/sweep_175.csv
12871189,2333030320020000333303333,60837,99939165,33433,194,27209,99939164,100000000,pymatching,SurfaceCode,25,1,5,MHBD_noise,0.001,500.0,results/brute_force/used_SC5_MHBD/results/sweep_175.csv
311395943,0333000303030200330233002,59384,99940618,27784,174,31425,99940617,100000000,pymatching,SurfaceCode,25,1,5,MHBD_noise,0.001,500.0,results/brute_force/used_SC5_MHBD/results/sweep_175.csv
1975043561,0330233320232222303000233,77281,99922721,44264,279,32737,99922720,100000000,pymatching,SurfaceCode,25,1,5,MHBD_noise,0.001,500.0,results/brute_force/used_SC5_MHBD/results/sweep_175.csv
2027419741,2200203320200322300000320,73428,99926574,31162,208,42057,99926573,100000000,pymatching,SurfaceCode,25,1,5,MHBD_noise,0.001,500.0,results/brute_force/used_SC5_MHBD/results/sweep_175.csv
1426993166,2023303033020003033223202,72289,99927713,34904,236,37148,99927712,100000000,pymatching,SurfaceCode,25,1,5,MHBD_noise,0.001,500.0,results/brute_force/used_SC5_MHBD/results/sweep_175.csv
710202811,0332303320302033002330030,69655,99930347,34122,224,35308,99930346,100000000,pymatching,SurfaceCode,25,1,5,MHBD_noise,0.001,500.0,results/brute_force/used_SC5_MHBD/results/sweep_175.csv
357986261,0333300203032032232003330,67321,99932681,34718,203,32399,99932680,100000000,pymatching,SurfaceCode,25,1,5,MHBD_noise,0.001,500.0,results/brute_force/used_SC5_MHBD/results/sweep_175.csv
974301408,0023033003233023033030330,65057,99934945,33865,165,31026,99934944,100000000,pymatching,SurfaceCode,25,1,5,MHBD_noise,0.001,500.0,results/brute_force/used_SC5_MHBD/results/sweep_175.csv
2103337665,0303330303030300000333330,53493,99946509,27002,124,26366,99946508,100000000,pymatching,SurfaceCode,25,1,5,MHBD_noise,0.001,500.0,results/brute_force/used_SC5_MHBD/results/sweep_109.csv
1868890434,0333030303030303030303300,53901,99946101,27038,145,26717,99946100,100000000,pymatching,SurfaceCode,25,1,5,MHBD_noise,0.001,500.0,results/brute_force/used_SC5_MHBD/results/sweep_109.csv
937069610,0303300300030303030333030,52879,99947123,26281,126,26471,99947122,100000000,pymatching,SurfaceCode,25,1,5,MHBD_noise,0.001,500.0,results/brute_force/used_SC5_MHBD/results/sweep_109.csv
1367190296,0303030300030300330303300,54207,99945795,24525,121,29560,99945794,100000000,pymatching,SurfaceCode,25,1,5,MHBD_noise,0.001,500.0,results/brute_force/used_SC5_MHBD/results/sweep_109.csv
1518129622,0333030300030300330330030,52972,99947030,25407,144,27420,99947029,100000000,pymatching,SurfaceCode,25,1,5,MHBD_noise,0.001,500.0,results/brute_force/used_SC5_MHBD/results/sweep_109.csv
1686083423,0303330300030300030333303,53052,99946950,26677,123,26251,99946949,100000000,pymatching,SurfaceCode,25,1,5,MHBD_noise,0.001,500.0,results/brute_force/used_SC5_MHBD/results/sweep_109.csv
990530407,0303030330030300030303300,53741,99946261,24436,162,29142,99946260,100000000,pymatching,SurfaceCode,25,1,5,MHBD_noise,0.001,500.0,results/brute_force/used_SC5_MHBD/results/sweep_109.csv
1240326870,0333300300030303000333330,53136,99946866,27129,143,25863,99946865,100000000,pymatching,SurfaceCode,25,1,5,MHBD_noise,0.001,500.0,results/brute_force/used_SC5_MHBD/results/sweep_109.csv
908353443,0330330303030303030003333,53534,99946468,28325,131,25077,99946467,100000000,pymatching,SurfaceCode,25,1,5,MHBD_noise,0.001,500.0,results/brute_force/used_SC5_MHBD/results/sweep_109.csv
962610344,0330020200322300033303300,66061,99933941,30683,209,35168,99933940,100000000,pymatching,SurfaceCode,25,1,5,MHBD_noise,0.001,500.0,results/brute_force/used_SC5_MHBD/results/sweep_109.csv
1177168342,0230303003000303330030330,57882,99942120,27347,142,30392,99942119,100000000,pymatching,SurfaceCode,25,1,5,MHBD_noise,0.001,500.0,results/brute_force/used_SC5_MHBD/results/sweep_26.csv
612698988,0233303003000303300030330,58815,99941187,26588,167,32059,99941186,100000000,pymatching,SurfaceCode,25,1,5,MHBD_noise,0.001,500.0,results/brute_force/used_SC5_MHBD/results/sweep_26.csv
1885356924,0233003003000303030030330,57863,99942139,24110,140,33612,99942138,100000000,pymatching,SurfaceCode,25,1,5,MHBD_noise,0.001,500.0,results/brute_force/used_SC5_MHBD/results/sweep_26.csv
332248077,0233003000030303330330330,56783,99943219,28154,162,28466,99943218,100000000,pymatching,SurfaceCode,25,1,5,MHBD_noise,0.001,500.0,results/brute_force/used_SC5_MHBD/results/sweep_26.csv
1961057272,0233003003030303330330330,56851,99943151,30039,147,26664,99943150,100000000,pymatching,SurfaceCode,25,1,5,MHBD_noise,0.001,500.0,results/brute_force/used_SC5_MHBD/results/sweep_26.csv
255782181,0333303000030300330333030,53734,99946268,27378,134,26221,99946267,100000000,pymatching,SurfaceCode,25,1,5,MHBD_noise,0.001,500.0,results/brute_force/used_SC5_MHBD/results/sweep_26.csv
1115806124,0333303300030300330333030,53157,99946845,28616,117,24423,99946844,100000000,pymatching,SurfaceCode,25,1,5,MHBD_noise,0.001,500.0,results/brute_force/used_SC5_MHBD/results/sweep_26.csv
203351614,2333300300030300030333330,53189,99946813,28133,135,24920,99946812,100000000,pymatching,SurfaceCode,25,1,5,MHBD_noise,0.001,500.0,results/brute_force/used_SC5_MHBD/results/sweep_26.csv
1206785242,3320300300033220300300323,64960,99935042,31308,190,33461,99935041,100000000,pymatching,SurfaceCode,25,1,5,MHBD_noise,0.001,500.0,results/brute_force/used_SC5_MHBD/results/sweep_26.csv
2132067797,0320300300033220300300323,65198,99934804,29620,213,35364,99934803,100000000,pymatching,SurfaceCode,25,1,5,MHBD_noise,0.001,500.0,results/brute_force/used_SC5_MHBD/results/sweep_26.csv
2085127250,0333330300030300030003330,51928,99948074,24517,131,27279,99948073,100000000,pymatching,SurfaceCode,25,1,5,MHBD_noise,0.001,500.0,results/brute_force/used_SC5_MHBD/results/sweep_4.csv
342360856,0333300300030300030333330,51517,99948485,26254,129,25133,99948484,100000000,pymatching,SurfaceCode,25,1,5,MHBD_noise,0.001,500.0,results/brute_force/used_SC5_MHBD/results/sweep_4.csv
1487036246,3323023333020032003323033,69514,99930488,39034,191,30288,99930487,100000000,pymatching,SurfaceCode,25,1,5,MHBD_noise,0.001,500.0,results/brute_force/used_SC5_MHBD/results/sweep_4.csv
395817584,3323023333020032002323033,71342,99928660,38887,199,32255,99928659,100000000,pymatching,SurfaceCode,25,1,5,MHBD_noise,0.001,500.0,results/brute_force/used_SC5_MHBD/results/sweep_4.csv
1465457554,0030002332033023332300023,70684,99929318,38786,226,31671,99929317,100000000,pymatching,SurfaceCode,25,1,5,MHBD_noise,0.001,500.0,results/brute_force/used_SC5_MHBD/results/sweep_4.csv
1066353555,3323023332020032002323033,72197,99927805,38883,232,33081,99927804,100000000,pymatching,SurfaceCode,25,1,5,MHBD_noise,0.001,500.0,results/brute_force/used_SC5_MHBD/results/sweep_4.csv
1937305266,0022302002033030032320030,70104,99929898,30698,207,39198,99929897,100000000,pymatching,SurfaceCode,25,1,5,MHBD_noise,0.001,500.0,results/brute_force/used_SC5_MHBD/results/sweep_4.csv
213513516,0022302002033030033320030,68095,99931907,30767,195,37132,99931906,100000000,pymatching,SurfaceCode,25,1,5,MHBD_noise,0.001,500.0,results/brute_force/used_SC5_MHBD/results/sweep_4.csv
246065795,0033302300033030033322030,62867,99937135,32365,166,30335,99937134,100000000,pymatching,SurfaceCode,25,1,5,MHBD_noise,0.001,500.0,results/brute_force/used_SC5_MHBD/results/sweep_4.csv
1779449175,0033302300033000033322030,61783,99938219,30377,172,31233,99938218,100000000,pymatching,SurfaceCode,25,1,5,MHBD_noise,0.001,500.0,results/brute_force/used_SC5_MHBD/results/sweep_4.csv
1437572787,2000330003030030230020020,67669,99932333,23681,152,43835,99932332,100000000,pymatching,SurfaceCode,25,1,5,MHBD_noise,0.001,500.0,results/brute_force/used_SC5_MHBD/results/sweep_191.csv
800273090,2233303030300202033330030,64964,99935038,32168,193,32602,99935037,100000000,pymatching,SurfaceCode,25,1,5,MHBD_noise,0.001,500.0,results/brute_force/used_SC5_MHBD/results/sweep_191.csv
1100935174,0330300030300020030003330,58892,99941110,23250,140,35501,99941109,100000000,pymatching,SurfaceCode,25,1,5,MHBD_noise,0.001,500.0,results/brute_force/used_SC5_MHBD/results/sweep_191.csv
605591432,0320030303333000000233330,59754,99940248,28868,144,30741,99940247,100000000,pymatching,SurfaceCode,25,1,5,MHBD_noise,0.001,500.0,results/brute_force/used_SC5_MHBD/results/sweep_191.csv
1525824258,3303220303300000330033330,58550,99941452,28943,155,29451,99941451,100000000,pymatching,SurfaceCode,25,1,5,MHBD_noise,0.001,500.0,results/brute_force/used_SC5_MHBD/results/sweep_191.csv
2129488046,0333220300030320300303330,58645,99941357,28959,163,29522,99941356,100000000,pymatching,SurfaceCode,25,1,5,MHBD_noise,0.001,500.0,results/brute_force/used_SC5_MHBD/results/sweep_191.csv
64326669,2300002000033322203300023,73639,99926363,35333,222,38083,99926362,100000000,pymatching,SurfaceCode,25,1,5,MHBD_noise,0.001,500.0,results/brute_force/used_SC5_MHBD/results/sweep_191.csv
855834081,2303033032323223333303303,74355,99925647,48496,201,25657,99925646,100000000,pymatching,SurfaceCode,25,1,5,MHBD_noise,0.001,500.0,results/brute_force/used_SC5_MHBD/results/sweep_191.csv
313525895,3023300203032033333220233,71009,99928993,39419,238,31351,99928992,100000000,pymatching,SurfaceCode,25,1,5,MHBD_noise,0.001,500.0,results/brute_force/used_SC5_MHBD/results/sweep_191.csv
1311430409,0203230330020203333022223,70003,99929999,36370,200,33432,99929998,100000000,pymatching,SurfaceCode,25,1,5,MHBD_noise,0.001,500.0,results/brute_force/used_SC5_MHBD/results/sweep_191.csv
438212204,0303330300030300000333330,52791,99947211,25618,149,27023,99947210,100000000,pymatching,SurfaceCode,25,1,5,MHBD_noise,0.001,500.0,results/brute_force/used_SC5_MHBD/results/sweep_140.csv
1520450161,3303330303030300030003030,53687,99946315,25193,118,28375,99946314,100000000,pymatching,SurfaceCode,25,1,5,MHBD_noise,0.001,500.0,results/brute_force/used_SC5_MHBD/results/sweep_140.csv
387465543,0333000303030303030300330,53624,99946378,25940,132,27551,99946377,100000000,pymatching,SurfaceCode,25,1,5,MHBD_noise,0.001,500.0,results/brute_force/used_SC5_MHBD/results/sweep_140.csv
882973883,0303030303030303030330330,54438,99945564,27421,143,26873,99945563,100000000,pymatching,SurfaceCode,25,1,5,MHBD_noise,0.001,500.0,results/brute_force/used_SC5_MHBD/results/sweep_140.csv
1207330454,0003330300030300030333330,52853,99947149,26189,137,26526,99947148,100000000,pymatching,SurfaceCode,25,1,5,MHBD_noise,0.001,500.0,results/brute_force/used_SC5_MHBD/results/sweep_140.csv
1622026736,3303000300030303030303330,54024,99945978,25624,122,28277,99945977,100000000,pymatching,SurfaceCode,25,1,5,MHBD_noise,0.001,500.0,results/brute_force/used_SC5_MHBD/results/sweep_140.csv
701108925,0303330303330300030003030,54794,99945208,26755,138,27900,99945207,100000000,pymatching,SurfaceCode,25,1,5,MHBD_noise,0.001,500.0,results/brute_force/used_SC5_MHBD/results/sweep_140.csv
1878533946,0303000330030303030333030,53968,99946034,26445,159,27363,99946033,100000000,pymatching,SurfaceCode,25,1,5,MHBD_noise,0.001,500.0,results/brute_force/used_SC5_MHBD/results/sweep_140.csv
174889579,0333300000030303030033330,52241,99947761,25119,131,26990,99947760,100000000,pymatching,SurfaceCode,25,1,5,MHBD_noise,0.001,500.0,results/brute_force/used_SC5_MHBD/results/sweep_140.csv
1086461788,3303000000302230002322022,76915,99923087,30172,227,46515,99923086,100000000,pymatching,SurfaceCode,25,1,5,MHBD_noise,0.001,500.0,results/brute_force/used_SC5_MHBD/results/sweep_140.csv
1928571197,0333000300030300030333330,52434,99947568,24636,142,27655,99947567,100000000,pymatching,SurfaceCode,25,1,5,MHBD_noise,0.001,500.0,results/brute_force/used_SC5_MHBD/results/sweep_21.csv
398375795,0333030300030300030033330,52375,99947627,24474,143,27757,99947626,100000000,pymatching,SurfaceCode,25,1,5,MHBD_noise,0.001,500.0,results/brute_force/used_SC5_MHBD/results/sweep_21.csv
1470292211,0333000300030300030033330,52224,99947778,23209,153,28861,99947777,100000000,pymatching,SurfaceCode,25,1,5,MHBD_noise,0.001,500.0,results/brute_force/used_SC5_MHBD/results/sweep_21.csv
1212856588,3303003323030330032302230,63953,99936049,34296,197,29459,99936048,100000000,pymatching,SurfaceCode,25,1,5,MHBD_noise,0.001,500.0,results/brute_force/used_SC5_MHBD/results/sweep_21.csv
791142523,3303003323000330030302230,62810,99937192,30455,143,32211,99937191,100000000,pymatching,SurfaceCode,25,1,5,MHBD_noise,0.001,500.0,results/brute_force/used_SC5_MHBD/results/sweep_21.csv
775817805,3003003323030330030302230,62539,99937463,31412,182,30944,99937462,100000000,pymatching,SurfaceCode,25,1,5,MHBD_noise,0.001,500.0,results/brute_force/used_SC5_MHBD/results/sweep_21.csv
190223552,0003003303000330030302230,60629,99939373,25096,178,35354,99939372,100000000,pymatching,SurfaceCode,25,1,5,MHBD_noise,0.001,500.0,results/brute_force/used_SC5_MHBD/results/sweep_21.csv
1936813833,3303003323030330030300230,60960,99939042,31487,137,29335,99939041,100000000,pymatching,SurfaceCode,25,1,5,MHBD_noise,0.001,500.0,results/brute_force/used_SC5_MHBD/results/sweep_21.csv
153264598,0000003303000330030302230,61271,99938731,24685,183,36402,99938730,100000000,pymatching,SurfaceCode,25,1,5,MHBD_noise,0.001,500.0,results/brute_force/used_SC5_MHBD/results/sweep_21.csv
502299120,0203003303030330030302030,58583,99941419,26420,168,31994,99941418,100000000,pymatching,SurfaceCode,25,1,5,MHBD_noise,0.001,500.0,results/brute_force/used_SC5_MHBD/results/sweep_21.csv
2076369045,3330300033002333000022033,64820,99935182,30896,161,33762,99935181,100000000,pymatching,SurfaceCode,25,1,5,MHBD_noise,0.001,500.0,results/brute_force/used_SC5_MHBD/results/sweep_3.csv
727307269,3330300033002333030023033,62219,99937783,33076,178,28964,99937782,100000000,pymatching,SurfaceCode,25,1,5,MHBD_noise,0.001,500.0,results/brute_force/used_SC5_MHBD/results/sweep_3.csv
564669972,3330300030002303030022033,61640,99938362,28381,147,33111,99938361,100000000,pymatching,SurfaceCode,25,1,5,MHBD_noise,0.001,500.0,results/brute_force/used_SC5_MHBD/results/sweep_3.csv
821218313,3330330030300300030032033,58393,99941609,27329,169,30894,99941608,100000000,pymatching,SurfaceCode,25,1,5,MHBD_noise,0.001,500.0,results/brute_force/used_SC5_MHBD/results/sweep_3.csv
12007518,3330330030000300030033033,55463,99944539,25810,129,29523,99944538,100000000,pymatching,SurfaceCode,25,1,5,MHBD_noise,0.001,500.0,results/brute_force/used_SC5_MHBD/results/sweep_3.csv
629957702,0330330030030300030033033,54794,99945208,26053,154,28586,99945207,100000000,pymatching,SurfaceCode,25,1,5,MHBD_noise,0.001,500.0,results/brute_force/used_SC5_MHBD/results/sweep_3.csv
1967783972,0330330030030300033033030,54239,99945763,26244,137,27857,99945762,100000000,pymatching,SurfaceCode,25,1,5,MHBD_noise,0.001,500.0,results/brute_force/used_SC5_MHBD/results/sweep_3.csv
277398405,0330330030030300033033330,53894,99946108,27310,116,26467,99946107,100000000,pymatching,SurfaceCode,25,1,5,MHBD_noise,0.001,500.0,results/brute_force/used_SC5_MHBD/results/sweep_3.csv
933572706,0330330330030300033003330,52983,99947019,27178,126,25678,99947018,100000000,pymatching,SurfaceCode,25,1,5,MHBD_noise,0.001,500.0,results/brute_force/used_SC5_MHBD/results/sweep_3.csv
1294951380,0330330330030300030003330,53178,99946824,25512,147,27518,99946823,100000000,pymatching,SurfaceCode,25,1,5,MHBD_noise,0.001,500.0,results/brute_force/used_SC5_MHBD/results/sweep_3.csv
741263560,3302320030033303023033032,64370,99935632,34730,196,29443,99935631,100000000,pymatching,SurfaceCode,25,1,5,MHBD_noise,0.001,500.0,results/brute_force/used_SC5_MHBD/results/sweep_196.csv
550654137,0003003320033303333323200,63870,99936132,36982,189,26698,99936131,100000000,pymatching,SurfaceCode,25,1,5,MHBD_noise,0.001,500.0,results/brute_force/used_SC5_MHBD/results/sweep_196.csv
1349037188,3203033300033003333332300,63211,99936791,36807,168,26235,99936790,100000000,pymatching,SurfaceCode,25,1,5,MHBD_noise,0.001,500.0,results/brute_force/used_SC5_MHBD/results/sweep_196.csv
270783155,0033020302300300030000033,61126,99938876,24130,148,36847,99938875,100000000,pymatching,SurfaceCode,25,1,5,MHBD_noise,0.001,500.0,results/brute_force/used_SC5_MHBD/results/sweep_196.csv
1554376021,3303322000030000000333030,60737,99939265,24706,162,35868,99939264,100000000,pymatching,SurfaceCode,25,1,5,MHBD_noise,0.001,500.0,results/brute_force/used_SC5_MHBD/results/sweep_196.csv
2082690449,3003020300030333333333020,60234,99939768,33552,149,26532,99939767,100000000,pymatching,SurfaceCode,25,1,5,MHBD_noise,0.001,500.0,results/brute_force/used_SC5_MHBD/results/sweep_196.csv
1765892828,2333300333000003330330333,58197,99941805,33191,154,24851,99941804,100000000,pymatching,SurfaceCode,25,1,5,MHBD_noise,0.001,500.0,results/brute_force/used_SC5_MHBD/results/sweep_196.csv
744993879,3333300033030003030333000,56802,99943200,28165,151,28485,99943199,100000000,pymatching,SurfaceCode,25,1,5,MHBD_noise,0.001,500.0,results/brute_force/used_SC5_MHBD/results/sweep_196.csv
838710677,0302222332200222230233032,78355,99921647,40558,253,37543,99921646,100000000,pymatching,SurfaceCode,25,1,5,MHBD_noise,0.001,500.0,results/brute_force/used_SC5_MHBD/results/sweep_196.csv
1613422223,3003002332033300000022222,70547,99929455,33462,215,36869,99929454,100000000,pymatching,SurfaceCode,25,1,5,MHBD_noise,0.001,500.0,results/brute_force/used_SC5_MHBD/results/sweep_196.csv
153526011,0333030303030000330330330,53787,99946215,27113,135,26538,99946214,100000000,pymatching,SurfaceCode,25,1,5,MHBD_noise,0.001,500.0,results/brute_force/used_SC5_MHBD/results/sweep_147.csv
1551578094,0333030303030300330330330,53623,99946379,29031,137,24454,99946378,100000000,pymatching,SurfaceCode,25,1,5,MHBD_noise,0.001,500.0,results/brute_force/used_SC5_MHBD/results/sweep_147.csv
940105956,0333030303030300030030330,52857,99947145,25188,132,27536,99947144,100000000,pymatching,SurfaceCode,25,1,5,MHBD_noise,0.001,500.0,results/brute_force/used_SC5_MHBD/results/sweep_147.csv
1866132628,0333030300030300030303030,53163,99946839,23657,120,29385,99946838,100000000,pymatching,SurfaceCode,25,1,5,MHBD_noise,0.001,500.0,results/brute_force/used_SC5_MHBD/results/sweep_147.csv
171193513,0333330300030300030303030,52525,99947477,25069,114,27341,99947476,100000000,pymatching,SurfaceCode,25,1,5,MHBD_noise,0.001,500.0,results/brute_force/used_SC5_MHBD/results/sweep_147.csv
2024697875,0303330303030300030330330,53965,99946037,26828,130,27006,99946036,100000000,pymatching,SurfaceCode,25,1,5,MHBD_noise,0.001,500.0,results/brute_force/used_SC5_MHBD/results/sweep_147.csv
2001955357,0303300303030300030033330,52417,99947585,25626,127,26663,99947584,100000000,pymatching,SurfaceCode,25,1,5,MHBD_noise,0.001,500.0,results/brute_force/used_SC5_MHBD/results/sweep_147.csv
1877794471,0330300303030303030303330,53334,99946668,26961,147,26225,99946667,100000000,pymatching,SurfaceCode,25,1,5,MHBD_noise,0.001,500.0,results/brute_force/used_SC5_MHBD/results/sweep_147.csv
310870263,0303300303030303030303330,54036,99945966,27530,161,26344,99945965,100000000,pymatching,SurfaceCode,25,1,5,MHBD_noise,0.001,500.0,results/brute_force/used_SC5_MHBD/results/sweep_147.csv
359985018,0303330300030333030303030,54146,99945856,27582,133,26430,99945855,100000000,pymatching,SurfaceCode,25,1,5,MHBD_noise,0.001,500.0,results/brute_force/used_SC5_MHBD/results/sweep_147.csv
1320818532,3333023200033330333330023,65612,99934390,41239,176,24196,99934389,100000000,pymatching,SurfaceCode,25,1,5,MHBD_noise,0.001,500.0,results/brute_force/used_SC5_MHBD/results/sweep_53.csv
1126446031,3333023200033300033333023,63220,99936782,37982,169,25068,99936781,100000000,pymatching,SurfaceCode,25,1,5,MHBD_noise,0.001,500.0,results/brute_force/used_SC5_MHBD/results/sweep_53.csv
232238635,3333023200033300233333023,65950,99934052,40480,166,25303,99934051,100000000,pymatching,SurfaceCode,25,1,5,MHBD_noise,0.001,500.0,results/brute_force/used_SC5_MHBD/results/sweep_53.csv
33759332,3333023300033333033330023,64532,99935470,41022,158,23351,99935469,100000000,pymatching,SurfaceCode,25,1,5,MHBD_noise,0.001,500.0,results/brute_force/used_SC5_MHBD/results/sweep_53.csv
1044348227,3333023200033300033330023,63369,99936633,36291,161,26916,99936632,100000000,pymatching,SurfaceCode,25,1,5,MHBD_noise,0.001,500.0,results/brute_force/used_SC5_MHBD/results/sweep_53.csv
13478580,3333020200033300003333023,60789,99939213,31825,173,28790,99939212,100000000,pymatching,SurfaceCode,25,1,5,MHBD_noise,0.001,500.0,results/brute_force/used_SC5_MHBD/results/sweep_53.csv
1635389376,3333000200030300033333023,58465,99941537,28938,159,29367,99941536,100000000,pymatching,SurfaceCode,25,1,5,MHBD_noise,0.001,500.0,results/brute_force/used_SC5_MHBD/results/sweep_53.csv
389115769,3333020200030300033333020,58381,99941621,28276,160,29944,99941620,100000000,pymatching,SurfaceCode,25,1,5,MHBD_noise,0.001,500.0,results/brute_force/used_SC5_MHBD/results/sweep_53.csv
566527303,3333320200030300033333020,58438,99941564,30480,143,27814,99941563,100000000,pymatching,SurfaceCode,25,1,5,MHBD_noise,0.001,500.0,results/brute_force/used_SC5_MHBD/results/sweep_53.csv
1649894358,3333320200030300033033000,57437,99942565,28173,154,29109,99942564,100000000,pymatching,SurfaceCode,25,1,5,MHBD_noise,0.001,500.0,results/brute_force/used_SC5_MHBD/results/sweep_53.csv
902852292,0333330000003300030003330,53617,99946385,24340,140,29136,99946384,100000000,pymatching,SurfaceCode,25,1,5,MHBD_noise,0.001,500.0,results/brute_force/used_SC5_MHBD/results/sweep_82.csv
471302358,0333300330030303030003330,53064,99946938,27440,160,25463,99946937,100000000,pymatching,SurfaceCode,25,1,5,MHBD_noise,0.001,500.0,results/brute_force/used_SC5_MHBD/results/sweep_82.csv
178140784,0303300300030300030033330,52617,99947385,24009,128,28479,99947384,100000000,pymatching,SurfaceCode,25,1,5,MHBD_noise,0.001,500.0,results/brute_force/used_SC5_MHBD/results/sweep_82.csv
1096896227,3020330320003002223320303,72355,99927647,34011,235,38108,99927646,100000000,pymatching,SurfaceCode,25,1,5,MHBD_noise,0.001,500.0,results/brute_force/used_SC5_MHBD/results/sweep_82.csv
1834866848,3020330030003202233320303,70853,99929149,34737,198,35917,99929148,100000000,pymatching,SurfaceCode,25,1,5,MHBD_noise,0.001,500.0,results/brute_force/used_SC5_MHBD/results/sweep_82.csv
1829033975,3000330020003202233320303,71489,99928513,33229,248,38011,99928512,100000000,pymatching,SurfaceCode,25,1,5,MHBD_noise,0.001,500.0,results/brute_force/used_SC5_MHBD/results/sweep_82.csv
339168685,3320330030003202233320303,69466,99930536,36419,199,32847,99930535,100000000,pymatching,SurfaceCode,25,1,5,MHBD_noise,0.001,500.0,results/brute_force/used_SC5_MHBD/results/sweep_82.csv
1636429760,3320330030003202233333303,67490,99932512,37720,191,29578,99932511,100000000,pymatching,SurfaceCode,25,1,5,MHBD_noise,0.001,500.0,results/brute_force/used_SC5_MHBD/results/sweep_82.csv
1224632850,3320030030033200003333303,62787,99937215,32435,189,30162,99937214,100000000,pymatching,SurfaceCode,25,1,5,MHBD_noise,0.001,500.0,results/brute_force/used_SC5_MHBD/results/sweep_82.csv
423144364,3320030030003200033333303,62092,99937910,31718,165,30208,99937909,100000000,pymatching,SurfaceCode,25,1,5,MHBD_noise,0.001,500.0,results/brute_force/used_SC5_MHBD/results/sweep_82.csv
1166443142,0020200300030333032003033,60656,99939346,27367,187,33101,99939345,100000000,pymatching,SurfaceCode,25,1,5,MHBD_noise,0.001,500.0,results/brute_force/used_SC5_MHBD/results/sweep_222.csv
1363503688,3330200330330000033003023,58937,99941065,29260,164,29512,99941064,100000000,pymatching,SurfaceCode,25,1,5,MHBD_noise,0.001,500.0,results/brute_force/used_SC5_MHBD/results/sweep_222.csv
1353219514,0333320303030003000320333,58199,99941803,28508,136,29554,99941802,100000000,pymatching,SurfaceCode,25,1,5,MHBD_noise,0.001,500.0,results/brute_force/used_SC5_MHBD/results/sweep_222.csv
989980893,3030030030330303030320030,58552,99941450,26504,154,31893,99941449,100000000,pymatching,SurfaceCode,25,1,5,MHBD_noise,0.001,500.0,results/brute_force/used_SC5_MHBD/results/sweep_222.csv
1583799812,0300333302030333030203333,58625,99941377,32707,173,25744,99941376,100000000,pymatching,SurfaceCode,25,1,5,MHBD_noise,0.001,500.0,results/brute_force/used_SC5_MHBD/results/sweep_222.csv
259416792,2300222003333330030302332,67886,99932116,37158,213,30514,99932115,100000000,pymatching,SurfaceCode,25,1,5,MHBD_noise,0.001,500.0,results/brute_force/used_SC5_MHBD/results/sweep_222.csv
1022587863,0320303302320032030303003,65757,99934245,30153,190,35413,99934244,100000000,pymatching,SurfaceCode,25,1,5,MHBD_noise,0.001,500.0,results/brute_force/used_SC5_MHBD/results/sweep_222.csv
132179243,0332000203303203030330332,63036,99936966,30654,192,32189,99936965,100000000,pymatching,SurfaceCode,25,1,5,MHBD_noise,0.001,500.0,results/brute_force/used_SC5_MHBD/results/sweep_222.csv
735736629,0032330303003303303000030,60423,99939579,29360,150,30912,99939578,100000000,pymatching,SurfaceCode,25,1,5,MHBD_noise,0.001,500.0,results/brute_force/used_SC5_MHBD/results/sweep_222.csv
2128073475,0000020333333300030230030,60486,99939516,30644,180,29661,99939515,100000000,pymatching,SurfaceCode,25,1,5,MHBD_noise,0.001,500.0,results/brute_force/used_SC5_MHBD/results/sweep_222.csv
2056440731,0303330300030330330303030,53586,99946416,27563,161,25861,99946415,100000000,pymatching,SurfaceCode,25,1,5,MHBD_noise,0.001,500.0,results/brute_force/used_SC5_MHBD/results/sweep_135.csv
246722630,0303330300030300030303030,53354,99946648,23890,133,29330,99946647,100000000,pymatching,SurfaceCode,25,1,5,MHBD_noise,0.001,500.0,results/brute_force/used_SC5_MHBD/results/sweep_135.csv
2093178010,0303330300030300033033030,52634,99947368,25513,138,26982,99947367,100000000,pymatching,SurfaceCode,25,1,5,MHBD_noise,0.001,500.0,results/brute_force/used_SC5_MHBD/results/sweep_135.csv
1348970339,0303303330030300030303030,54025,99945977,26447,149,27428,99945976,100000000,pymatching,SurfaceCode,25,1,5,MHBD_noise,0.001,500.0,results/brute_force/used_SC5_MHBD/results/sweep_135.csv
537410252,0303030303030300033303030,54125,99945877,25634,171,28319,99945876,100000000,pymatching,SurfaceCode,25,1,5,MHBD_noise,0.001,500.0,results/brute_force/used_SC5_MHBD/results/sweep_135.csv
1927718577,0300330303030303030303030,54309,99945693,25818,142,28348,99945692,100000000,pymatching,SurfaceCode,25,1,5,MHBD_noise,0.001,500.0,results/brute_force/used_SC5_MHBD/results/sweep_135.csv
1369720760,0333300300330300030033030,52685,99947317,26054,134,26496,99947316,100000000,pymatching,SurfaceCode,25,1,5,MHBD_noise,0.001,500.0,results/brute_force/used_SC5_MHBD/results/sweep_135.csv
98539370,0303330303030303000333030,54215,99945787,27514,138,26562,99945786,100000000,pymatching,SurfaceCode,25,1,5,MHBD_noise,0.001,500.0,results/brute_force/used_SC5_MHBD/results/sweep_135.csv
295826086,3333300300030303030333030,53310,99946692,28848,138,24323,99946691,100000000,pymatching,SurfaceCode,25,1,5,MHBD_noise,0.001,500.0,results/brute_force/used_SC5_MHBD/results/sweep_135.csv
21794169,0333000300030303030330030,53222,99946780,23539,142,29540,99946779,100000000,pymatching,SurfaceCode,25,1,5,MHBD_noise,0.001,500.0,results/brute_force/used_SC5_MHBD/results/sweep_135.csv
1157994479,2300320003003320330333003,63791,99936211,31866,177,31747,99936210,100000000,pymatching,SurfaceCode,25,1,5,MHBD_noise,0.001,500.0,results/brute_force/used_SC5_MHBD/results/sweep_198.csv
1425767036,3303300003033000203333020,61631,99938371,29392,187,32051,99938370,100000000,pymatching,SurfaceCode,25,1,5,MHBD_noise,0.001,500.0,results/brute_force/used_SC5_MHBD/results/sweep_198.csv
1540993872,2303000303333020000303332,59962,99940040,29703,147,30111,99940039,100000000,pymatching,SurfaceCode,25,1,5,MHBD_noise,0.001,500.0,results/brute_force/used_SC5_MHBD/results/sweep_198.csv
1051075318,0302003303030333330300330,58592,99941410,31652,147,26792,99941409,100000000,pymatching,SurfaceCode,25,1,5,MHBD_noise,0.001,500.0,results/brute_force/used_SC5_MHBD/results/sweep_198.csv
1232208350,0003330300003333330000300,58279,99941723,28646,158,29474,99941722,100000000,pymatching,SurfaceCode,25,1,5,MHBD_noise,0.001,500.0,results/brute_force/used_SC5_MHBD/results/sweep_198.csv
470176442,0333030303000003033233033,57254,99942748,28808,146,28299,99942747,100000000,pymatching,SurfaceCode,25,1,5,MHBD_noise,0.001,500.0,results/brute_force/used_SC5_MHBD/results/sweep_198.csv
980941818,3200300303302203023032223,75894,99924108,35596,249,40048,99924107,100000000,pymatching,SurfaceCode,25,1,5,MHBD_noise,0.001,500.0,results/brute_force/used_SC5_MHBD/results/sweep_198.csv
429655213,0230003232020333000300002,71795,99928207,30578,230,40986,99928206,100000000,pymatching,SurfaceCode,25,1,5,MHBD_noise,0.001,500.0,results/brute_force/used_SC5_MHBD/results/sweep_198.csv
404602831,2302320333203200323203330,71773,99928229,39264,221,32287,99928228,100000000,pymatching,SurfaceCode,25,1,5,MHBD_noise,0.001,500.0,results/brute_force/used_SC5_MHBD/results/sweep_198.csv
1496574970,0232333033003223300203203,71805,99928197,37775,205,33824,99928196,100000000,pymatching,SurfaceCode,25,1,5,MHBD_noise,0.001,500.0,results/brute_force/used_SC5_MHBD/results/sweep_198.csv
1151989190,2000003332200333030330000,63767,99936235,30414,168,33184,99936234,100000000,pymatching,SurfaceCode,25,1,5,MHBD_noise,0.001,500.0,results/brute_force/used_SC5_MHBD/results/sweep_149.csv
1029696199,0000003330030333030330000,58479,99941523,27709,163,30606,99941522,100000000,pymatching,SurfaceCode,25,1,5,MHBD_noise,0.001,500.0,results/brute_force/used_SC5_MHBD/results/sweep_149.csv
404928754,0200003330030303030330000,58194,99941808,26002,155,32036,99941807,100000000,pymatching,SurfaceCode,25,1,5,MHBD_noise,0.001,500.0,results/brute_force/used_SC5_MHBD/results/sweep_149.csv
1042739536,0000003330030333030330300,57782,99942220,28495,162,29124,99942219,100000000,pymatching,SurfaceCode,25,1,5,MHBD_noise,0.001,500.0,results/brute_force/used_SC5_MHBD/results/sweep_149.csv
65103331,0000003330030303030330000,57301,99942701,25033,128,32139,99942700,100000000,pymatching,SurfaceCode,25,1,5,MHBD_noise,0.001,500.0,results/brute_force/used_SC5_MHBD/results/sweep_149.csv
931212647,0030003330030303030333000,55993,99944009,26857,148,28987,99944008,100000000,pymatching,SurfaceCode,25,1,5,MHBD_noise,0.001,500.0,results/brute_force/used_SC5_MHBD/results/sweep_149.csv
1567479797,0030003330030300030333300,54970,99945032,26063,153,28753,99945031,100000000,pymatching,SurfaceCode,25,1,5,MHBD_noise,0.001,500.0,results/brute_force/used_SC5_MHBD/results/sweep_149.csv
22967526,0030000330030300030333300,54826,99945176,24331,156,30338,99945175,100000000,pymatching,SurfaceCode,25,1,5,MHBD_noise,0.001,500.0,results/brute_force/used_SC5_MHBD/results/sweep_149.csv
895030263,0033003330030300030333300,54558,99945444,26897,148,27512,99945443,100000000,pymatching,SurfaceCode,25,1,5,MHBD_noise,0.001,500.0,results/brute_force/used_SC5_MHBD/results/sweep_149.csv
1526745387,0033003303030300030303330,54117,99945885,25748,111,28257,99945884,100000000,pymatching,SurfaceCode,25,1,5,MHBD_noise,0.001,500.0,results/brute_force/used_SC5_MHBD/results/sweep_149.csv
435436286,2203200303332332033230003,71513,99928489,39871,216,31425,99928488,100000000,pymatching,SurfaceCode,25,1,5,MHBD_noise,0.001,500.0,results/brute_force/used_SC5_MHBD/results/sweep_28.csv
2039955622,2203000300033332003230003,66594,99933408,32197,185,34211,99933407,100000000,pymatching,SurfaceCode,25,1,5,MHBD_noise,0.001,500.0,results/brute_force/used_SC5_MHBD/results/sweep_28.csv
68030077,2203200300033333033230003,64484,99935518,35303,179,29001,99935517,100000000,pymatching,SurfaceCode,25,1,5,MHBD_noise,0.001,500.0,results/brute_force/used_SC5_MHBD/results/sweep_28.csv
1799137292,2233200300033333033230003,64848,99935154,36845,177,27825,99935153,100000000,pymatching,SurfaceCode,25,1,5,MHBD_noise,0.001,500.0,results/brute_force/used_SC5_MHBD/results/sweep_28.csv
500370483,2233200300030303033230003,62353,99937649,30586,168,31598,99937648,100000000,pymatching,SurfaceCode,25,1,5,MHBD_noise,0.001,500.0,results/brute_force/used_SC5_MHBD/results/sweep_28.csv
339585144,3233000300030333033230003,59630,99940372,30380,164,29085,99940371,100000000,pymatching,SurfaceCode,25,1,5,MHBD_noise,0.001,500.0,results/brute_force/used_SC5_MHBD/results/sweep_28.csv
1781093992,3233000300030333303230030,59999,99940003,30182,180,29636,99940002,100000000,pymatching,SurfaceCode,25,1,5,MHBD_noise,0.001,500.0,results/brute_force/used_SC5_MHBD/results/sweep_28.csv
1527197621,0233000300030333303230030,59642,99940360,28608,157,30876,99940359,100000000,pymatching,SurfaceCode,25,1,5,MHBD_noise,0.001,500.0,results/brute_force/used_SC5_MHBD/results/sweep_28.csv
1217709338,0233030300030333303230030,59221,99940781,29830,161,29229,99940780,100000000,pymatching,SurfaceCode,25,1,5,MHBD_noise,0.001,500.0,results/brute_force/used_SC5_MHBD/results/sweep_28.csv
671121964,0233030300030333303030030,57978,99942024,28617,145,29215,99942023,100000000,pymatching,SurfaceCode,25,1,5,MHBD_noise,0.001,500.0,results/brute_force/used_SC5_MHBD/results/sweep_28.csv
859281239,3303330200030300030033030,55898,99944104,25394,160,30343,99944103,100000000,pymatching,SurfaceCode,25,1,5,MHBD_noise,0.001,500.0,results/brute_force/used_SC5_MHBD/results/sweep_54.csv
2127155375,3303330300030300030333030,52469,99947533,26320,149,25999,99947532,100000000,pymatching,SurfaceCode,25,1,5,MHBD_noise,0.001,500.0,results/brute_force/used_SC5_MHBD/results/sweep_54.csv
1571425946,3303300300030300030333030,52474,99947528,25341,127,27005,99947527,100000000,pymatching,SurfaceCode,25,1,5,MHBD_noise,0.001,500.0,results/brute_force/used_SC5_MHBD/results/sweep_54.csv
841296973,0303330300030300030333030,52582,99947420,25458,131,26992,99947419,100000000,pymatching,SurfaceCode,25,1,5,MHBD_noise,0.001,500.0,results/brute_force/used_SC5_MHBD/results/sweep_54.csv
653869826,2333223300002323333320033,71875,99928127,43685,225,27964,99928126,100000000,pymatching,SurfaceCode,25,1,5,MHBD_noise,0.001,500.0,results/brute_force/used_SC5_MHBD/results/sweep_54.csv
2134378379,2333233302002323333320033,71115,99928887,45389,198,25527,99928886,100000000,pymatching,SurfaceCode,25,1,5,MHBD_noise,0.001,500.0,results/brute_force/used_SC5_MHBD/results/sweep_54.csv
1020052350,2333233302302323333320033,72596,99927406,47433,199,24963,99927405,100000000,pymatching,SurfaceCode,25,1,5,MHBD_noise,0.001,500.0,results/brute_force/used_SC5_MHBD/results/sweep_54.csv
216169102,2333233300002323333320033,69326,99930676,43434,192,25699,99930675,100000000,pymatching,SurfaceCode,25,1,5,MHBD_noise,0.001,500.0,results/brute_force/used_SC5_MHBD/results/sweep_54.csv
2050023311,0320030303002203033023320,67054,99932948,31112,235,35706,99932947,100000000,pymatching,SurfaceCode,25,1,5,MHBD_noise,0.001,500.0,results/brute_force/used_SC5_MHBD/results/sweep_54.csv
771959765,0320030303003203033023320,64222,99935780,31192,189,32840,99935779,100000000,pymatching,SurfaceCode,25,1,5,MHBD_noise,0.001,500.0,results/brute_force/used_SC5_MHBD/results/sweep_54.csv
432983641,0333330330030300033333030,54288,99945714,31012,127,23148,99945713,100000000,pymatching,SurfaceCode,25,1,5,MHBD_noise,0.001,500.0,results/brute_force/used_SC5_MHBD/results/sweep_85.csv
22262046,0303330300030300033333030,53186,99946816,27314,149,25722,99946815,100000000,pymatching,SurfaceCode,25,1,5,MHBD_noise,0.001,500.0,results/brute_force/used_SC5_MHBD/results/sweep_85.csv
777317058,0333330300030300030033030,52086,99947916,25496,128,26461,99947915,100000000,pymatching,SurfaceCode,25,1,5,MHBD_noise,0.001,500.0,results/brute_force/used_SC5_MHBD/results/sweep_85.csv
1445253605,0333000300030303030303330,52616,99947386,24858,122,27635,99947385,100000000,pymatching,SurfaceCode,25,1,5,MHBD_noise,0.001,500.0,results/brute_force/used_SC5_MHBD/results/sweep_85.csv
1431215962,0333030300030330030003330,52760,99947242,24891,126,27742,99947241,100000000,pymatching,SurfaceCode,25,1,5,MHBD_noise,0.001,500.0,results/brute_force/used_SC5_MHBD/results/sweep_85.csv
1655210014,0333300303030300000333330,53087,99946915,27014,135,25937,99946914,100000000,pymatching,SurfaceCode,25,1,5,MHBD_noise,0.001,500.0,results/brute_force/used_SC5_MHBD/results/sweep_85.csv
1715243913,3332303033230332233000020,68744,99931258,39208,177,29358,99931257,100000000,pymatching,SurfaceCode,25,1,5,MHBD_noise,0.001,500.0,results/brute_force/used_SC5_MHBD/results/sweep_85.csv
2090029123,3330303033230330333000020,63031,99936971,35536,174,27320,99936970,100000000,pymatching,SurfaceCode,25,1,5,MHBD_noise,0.001,500.0,results/brute_force/used_SC5_MHBD/results/sweep_85.csv
551672590,3300303033230330333003020,61370,99938632,33955,167,27247,99938631,100000000,pymatching,SurfaceCode,25,1,5,MHBD_noise,0.001,500.0,results/brute_force/used_SC5_MHBD/results/sweep_85.csv
1624686934,3330303033230330030030020,61410,99938592,31835,149,29425,99938591,100000000,pymatching,SurfaceCode,25,1,5,MHBD_noise,0.001,500.0,results/brute_force/used_SC5_MHBD/results/sweep_85.csv
1282120323,3030320023030000030033230,62879,99937123,25839,175,36864,99937122,100000000,pymatching,SurfaceCode,25,1,5,MHBD_noise,0.001,500.0,results/brute_force/used_SC5_MHBD/results/sweep_225.csv
1786519117,3030332030033303330203330,62507,99937495,36081,159,26266,99937494,100000000,pymatching,SurfaceCode,25,1,5,MHBD_noise,0.001,500.0,results/brute_force/used_SC5_MHBD/results/sweep_225.csv
965332198,0233003333200003030233333,60555,99939447,32452,181,27921,99939446,100000000,pymatching,SurfaceCode,25,1,5,MHBD_noise,0.001,500.0,results/brute_force/used_SC5_MHBD/results/sweep_225.csv
1221851886,0300003033303323030203030,62759,99937243,31341,158,31259,99937242,100000000,pymatching,SurfaceCode,25,1,5,MHBD_noise,0.001,500.0,results/brute_force/used_SC5_MHBD/results/sweep_225.csv
1253838239,0300030333003303330333032,58056,99941946,33573,150,24332,99941945,100000000,pymatching,SurfaceCode,25,1,5,MHBD_noise,0.001,500.0,results/brute_force/used_SC5_MHBD/results/sweep_225.csv
1591291924,0000000000000000000000000,74098,99925904,14248,158,59691,99925903,100000000,pymatching,SurfaceCode,25,1,5,MHBD_noise,0.001,500.0,results/brute_force/used_SC5_MHBD/results/sweep_225.csv
1828458906,2222222222222222222222222,122701,99877301,60989,665,61046,99877300,100000000,pymatching,SurfaceCode,25,1,5,MHBD_noise,0.001,500.0,results/brute_force/used_SC5_MHBD/results/sweep_225.csv
891604634,3303033303300300000033300,58367,99941635,27101,142,31123,99941634,100000000,pymatching,SurfaceCode,25,1,5,MHBD_noise,0.001,500.0,results/brute_force/used_SC5_MHBD/results/sweep_132.csv
1580195752,0303033303300300030003300,56330,99943672,25475,144,30710,99943671,100000000,pymatching,SurfaceCode,25,1,5,MHBD_noise,0.001,500.0,results/brute_force/used_SC5_MHBD/results/sweep_132.csv
743952281,0303033003300300030003000,58327,99941675,23228,136,34962,99941674,100000000,pymatching,SurfaceCode,25,1,5,MHBD_noise,0.001,500.0,results/brute_force/used_SC5_MHBD/results/sweep_132.csv
74271990,0303033303300300030303300,55800,99944202,26619,146,29034,99944201,100000000,pymatching,SurfaceCode,25,1,5,MHBD_noise,0.001,500.0,results/brute_force/used_SC5_MHBD/results/sweep_132.csv
807602580,3303030303300300030303300,56012,99943990,25430,140,30441,99943989,100000000,pymatching,SurfaceCode,25,1,5,MHBD_noise,0.001,500.0,results/brute_force/used_SC5_MHBD/results/sweep_132.csv
637156172,0303030303330300030303300,54929,99945073,26307,123,28498,99945072,100000000,pymatching,SurfaceCode,25,1,5,MHBD_noise,0.001,500.0,results/brute_force/used_SC5_MHBD/results/sweep_132.csv
794823195,0333330300030300030303300,53180,99946822,25018,115,28046,99946821,100000000,pymatching,SurfaceCode,25,1,5,MHBD_noise,0.001,500.0,results/brute_force/used_SC5_MHBD/results/sweep_132.csv
1715883607,0303030303030300030303303,54338,99945664,25272,126,28939,99945663,100000000,pymatching,SurfaceCode,25,1,5,MHBD_noise,0.001,500.0,results/brute_force/used_SC5_MHBD/results/sweep_132.csv
988484081,0333030300030300030303333,52931,99947071,25729,127,27074,99947070,100000000,pymatching,SurfaceCode,25,1,5,MHBD_noise,0.001,500.0,results/brute_force/used_SC5_MHBD/results/sweep_132.csv
529679519,0333000303030300030003330,52859,99947143,23286,126,29446,99947142,100000000,pymatching,SurfaceCode,25,1,5,MHBD_noise,0.001,500.0,results/brute_force/used_SC5_MHBD/results/sweep_132.csv
1974003974,3203000323300303330002033,61440,99938562,30426,151,30862,99938561,100000000,pymatching,SurfaceCode,25,1,5,MHBD_noise,0.001,500.0,results/brute_force/used_SC5_MHBD/results/sweep_39.csv
231322197,3200000323300303330003033,61038,99938964,29735,154,31148,99938963,100000000,pymatching,SurfaceCode,25,1,5,MHBD_noise,0.001,500.0,results/brute_force/used_SC5_MHBD/results/sweep_39.csv
1578537357,3003300303300300330003030,55945,99944057,26057,164,29723,99944056,100000000,pymatching,SurfaceCode,25,1,5,MHBD_noise,0.001,500.0,results/brute_force/used_SC5_MHBD/results/sweep_39.csv
1540213525,3003300303000300330033030,55901,99944101,26056,137,29707,99944100,100000000,pymatching,SurfaceCode,25,1,5,MHBD_noise,0.001,500.0,results/brute_force/used_SC5_MHBD/results/sweep_39.csv
1309365484,3303330303030300030030330,53882,99946120,26191,142,27548,99946119,100000000,pymatching,SurfaceCode,25,1,5,MHBD_noise,0.001,500.0,results/brute_force/used_SC5_MHBD/results/sweep_39.csv
779583685,0303300303030300000033330,53277,99946725,24368,125,28783,99946724,100000000,pymatching,SurfaceCode,25,1,5,MHBD_noise,0.001,500.0,results/brute_force/used_SC5_MHBD/results/sweep_39.csv
520926410,3303330303030300000033330,53182,99946820,26663,127,26391,99946819,100000000,pymatching,SurfaceCode,25,1,5,MHBD_noise,0.001,500.0,results/brute_force/used_SC5_MHBD/results/sweep_39.csv
1996213554,3303300300030300030033330,52646,99947356,25419,135,27091,99947355,100000000,pymatching,SurfaceCode,25,1,5,MHBD_noise,0.001,500.0,results/brute_force/used_SC5_MHBD/results/sweep_39.csv
943288560,0333330300030300033033330,52007,99947995,28273,140,23593,99947994,100000000,pymatching,SurfaceCode,25,1,5,MHBD_noise,0.001,500.0,results/brute_force/used_SC5_MHBD/results/sweep_39.csv
1867259139,0330332023023330330332223,72387,99927615,42906,209,29271,99927614,100000000,pymatching,SurfaceCode,25,1,5,MHBD_noise,0.001,500.0,results/brute_force/used_SC5_MHBD/results/sweep_39.csv
2106612139,0030030303030300330033300,55844,99944158,26285,149,29409,99944157,100000000,pymatching,SurfaceCode,25,1,5,MHBD_noise,0.001,500.0,results/brute_force/used_SC5_MHBD/results/sweep_123.csv
1137846392,0030030303030300030003300,54852,99945150,22383,125,32343,99945149,100000000,pymatching,SurfaceCode,25,1,5,MHBD_noise,0.001,500.0,results/brute_force/used_SC5_MHBD/results/sweep_123.csv
252532237,0030030303030303030003300,55581,99944421,24014,145,31421,99944420,100000000,pymatching,SurfaceCode,25,1,5,MHBD_noise,0.001,500.0,results/brute_force/used_SC5_MHBD/results/sweep_123.csv
892690969,0330030303030300030003000,55500,99944502,22752,124,32623,99944501,100000000,pymatching,SurfaceCode,25,1,5,MHBD_noise,0.001,500.0,results/brute_force/used_SC5_MHBD/results/sweep_123.csv
1189892020,0330030303030303030003330,53302,99946700,25594,133,27574,99946699,100000000,pymatching,SurfaceCode,25,1,5,MHBD_noise,0.001,500.0,results/brute_force/used_SC5_MHBD/results/sweep_123.csv
664834226,0303030303030303030303030,54006,99945996,25684,140,28181,99945995,100000000,pymatching,SurfaceCode,25,1,5,MHBD_noise,0.001,500.0,results/brute_force/used_SC5_MHBD/results/sweep_123.csv
1795099577,0333333300030300030333030,53174,99946828,29181,125,23867,99946827,100000000,pymatching,SurfaceCode,25,1,5,MHBD_noise,0.001,500.0,results/brute_force/used_SC5_MHBD/results/sweep_123.csv
484375851,0333300303030300030033330,52145,99947857,26740,130,25274,99947856,100000000,pymatching,SurfaceCode,25,1,5,MHBD_noise,0.001,500.0,results/brute_force/used_SC5_MHBD/results/sweep_123.csv
560025543,0333030303030300330033030,53566,99946436,27499,157,25909,99946435,100000000,pymatching,SurfaceCode,25,1,5,MHBD_noise,0.001,500.0,results/brute_force/used_SC5_MHBD/results/sweep_123.csv
31126902,0333300300030300330303000,54126,99945876,24881,132,29112,99945875,100000000,pymatching,SurfaceCode,25,1,5,MHBD_noise,0.001,500.0,results/brute_force/used_SC5_MHBD/results/sweep_123.csv
50403246,0232330302200323230302033,68631,99931371,34601,201,33828,99931370,100000000,pymatching,SurfaceCode,25,1,5,MHBD_noise,0.001,500.0,results/brute_force/used_SC5_MHBD/results/sweep_94.csv
844154279,0232330302200323230002033,68193,99931809,33147,192,34853,99931808,100000000,pymatching,SurfaceCode,25,1,5,MHBD_noise,0.001,500.0,results/brute_force/used_SC5_MHBD/results/sweep_94.csv
2092603527,0003333303303202233223030,70378,99929624,41084,208,29085,99929623,100000000,pymatching,SurfaceCode,25,1,5,MHBD_noise,0.001,500.0,results/brute_force/used_SC5_MHBD/results/sweep_94.csv
608232107,0232330302200333230302033,67319,99932683,34647,217,32454,99932682,100000000,pymatching,SurfaceCode,25,1,5,MHBD_noise,0.001,500.0,results/brute_force/used_SC5_MHBD/results/sweep_94.csv
831197362,0232330302200333230300033,66039,99933963,33396,201,32441,99933962,100000000,pymatching,SurfaceCode,25,1,5,MHBD_noise,0.001,500.0,results/brute_force/used_SC5_MHBD/results/sweep_94.csv
1627426954,0332330003200333230300033,63893,99936109,31773,183,31936,99936108,100000000,pymatching,SurfaceCode,25,1,5,MHBD_noise,0.001,500.0,results/brute_force/used_SC5_MHBD/results/sweep_94.csv
578517239,0333330003200333230300030,61889,99938113,30926,182,30780,99938112,100000000,pymatching,SurfaceCode,25,1,5,MHBD_noise,0.001,500.0,results/brute_force/used_SC5_MHBD/results/sweep_94.csv
1323082896,0332330000200333230300033,63214,99936788,30397,183,32633,99936787,100000000,pymatching,SurfaceCode,25,1,5,MHBD_noise,0.001,500.0,results/brute_force/used_SC5_MHBD/results/sweep_94.csv
1287293997,0333330003300303230300030,59269,99940733,28779,182,30307,99940732,100000000,pymatching,SurfaceCode,25,1,5,MHBD_noise,0.001,500.0,results/brute_force/used_SC5_MHBD/results/sweep_94.csv
2024992260,0333300003330303230300030,58679,99941323,29207,163,29308,99941322,100000000,pymatching,SurfaceCode,25,1,5,MHBD_noise,0.001,500.0,results/brute_force/used_SC5_MHBD/results/sweep_94.csv
1162829623,0030223320033000200333300,64795,99935207,30331,179,34284,99935206,100000000,pymatching,SurfaceCode,25,1,5,MHBD_noise,0.001,500.0,results/brute_force/used_SC5_MHBD/results/sweep_45.csv
123932574,0030223320033000220333300,66109,99933893,31694,212,34202,99933892,100000000,pymatching,SurfaceCode,25,1,5,MHBD_noise,0.001,500.0,results/brute_force/used_SC5_MHBD/results/sweep_45.csv
1863264861,3030223320033000200333303,66077,99933925,33747,191,32138,99933924,100000000,pymatching,SurfaceCode,25,1,5,MHBD_noise,0.001,500.0,results/brute_force/used_SC5_MHBD/results/sweep_45.csv
34992145,3030323323033000200333300,64170,99935832,34188,183,29798,99935831,100000000,pymatching,SurfaceCode,25,1,5,MHBD_noise,0.001,500.0,results/brute_force/used_SC5_MHBD/results/sweep_45.csv
415861368,3030323320033300000333330,60107,99939895,33935,164,26007,99939894,100000000,pymatching,SurfaceCode,25,1,5,MHBD_noise,0.001,500.0,results/brute_force/used_SC5_MHBD/results/sweep_45.csv
49780599,3330323320033300030330330,60155,99939847,35256,174,24724,99939846,100000000,pymatching,SurfaceCode,25,1,5,MHBD_noise,0.001,500.0,results/brute_force/used_SC5_MHBD/results/sweep_45.csv
1345394535,3330323320033300030333030,60169,99939833,35254,155,24759,99939832,100000000,pymatching,SurfaceCode,25,1,5,MHBD_noise,0.001,500.0,results/brute_force/used_SC5_MHBD/results/sweep_45.csv
632109739,3330303300030300330333030,54306,99945696,28895,142,25268,99945695,100000000,pymatching,SurfaceCode,25,1,5,MHBD_noise,0.001,500.0,results/brute_force/used_SC5_MHBD/results/sweep_45.csv
1142613787,3300303300030300330333030,54703,99945299,28133,135,26434,99945298,100000000,pymatching,SurfaceCode,25,1,5,MHBD_noise,0.001,500.0,results/brute_force/used_SC5_MHBD/results/sweep_45.csv
1273495542,3330303300030300030333030,54384,99945618,27372,118,26893,99945617,100000000,pymatching,SurfaceCode,25,1,5,MHBD_noise,0.001,500.0,results/brute_force/used_SC5_MHBD/results/sweep_45.csv
1039338319,0003300300030303030333300,54385,99945617,25972,139,28273,99945616,100000000,pymatching,SurfaceCode,25,1,5,MHBD_noise,0.001,500.0,results/brute_force/used_SC5_MHBD/results/sweep_124.csv
1688975917,0333030003030300030333030,54674,99945328,26085,151,28437,99945327,100000000,pymatching,SurfaceCode,25,1,5,MHBD_noise,0.001,500.0,results/brute_force/used_SC5_MHBD/results/sweep_124.csv
580155935,2233332320033000303003302,68015,99931987,37460,190,30364,99931986,100000000,pymatching,SurfaceCode,25,1,5,MHBD_noise,0.001,500.0,results/brute_force/used_SC5_MHBD/results/sweep_124.csv
464607370,2030232323200323030332330,69129,99930873,38032,223,30873,99930872,100000000,pymatching,SurfaceCode,25,1,5,MHBD_noise,0.001,500.0,results/brute_force/used_SC5_MHBD/results/sweep_124.csv
1522080696,2030032333200323030333330,63638,99936364,37070,181,26386,99936363,100000000,pymatching,SurfaceCode,25,1,5,MHBD_noise,0.001,500.0,results/brute_force/used_SC5_MHBD/results/sweep_124.csv
1441085311,2030032333230323030333330,64416,99935586,39541,191,24683,99935585,100000000,pymatching,SurfaceCode,25,1,5,MHBD_noise,0.001,500.0,results/brute_force/used_SC5_MHBD/results/sweep_124.csv
1284336914,3000032333230323030333330,63862,99936140,38555,183,25123,99936139,100000000,pymatching,SurfaceCode,25,1,5,MHBD_noise,0.001,500.0,results/brute_force/used_SC5_MHBD/results/sweep_124.csv
2035569077,2030030303200323030323330,62354,99937648,31260,170,30923,99937647,100000000,pymatching,SurfaceCode,25,1,5,MHBD_noise,0.001,500.0,results/brute_force/used_SC5_MHBD/results/sweep_124.csv
542927194,2030030303200323030333330,60272,99939730,31092,173,29006,99939729,100000000,pymatching,SurfaceCode,25,1,5,MHBD_noise,0.001,500.0,results/brute_force/used_SC5_MHBD/results/sweep_124.csv
818909028,3030030303200323030333330,59611,99940391,31484,155,27971,99940390,100000000,pymatching,SurfaceCode,25,1,5,MHBD_noise,0.001,500.0,results/brute_force/used_SC5_MHBD/results/sweep_124.csv
606505393,0303330003030300333033033,55620,99944382,30190,148,25281,99944381,100000000,pymatching,SurfaceCode,25,1,5,MHBD_noise,0.001,500.0,results/brute_force/used_SC5_MHBD/results/sweep_93.csv
1364693400,0303330303030300300003033,54450,99945552,25802,136,28511,99945551,100000000,pymatching,SurfaceCode,25,1,5,MHBD_noise,0.001,500.0,results/brute_force/used_SC5_MHBD/results/sweep_93.csv
958361019,0303330303030300300003333,54376,99945626,27430,139,26806,99945625,100000000,pymatching,SurfaceCode,25,1,5,MHBD_noise,0.001,500.0,results/brute_force/used_SC5_MHBD/results/sweep_93.csv
1348036761,0303330303030300300033033,54533,99945469,27422,139,26971,99945468,100000000,pymatching,SurfaceCode,25,1,5,MHBD_noise,0.001,500.0,results/brute_force/used_SC5_MHBD/results/sweep_93.csv
2058660555,0303330303030300300333033,54282,99945720,27862,144,26275,99945719,100000000,pymatching,SurfaceCode,25,1,5,MHBD_noise,0.001,500.0,results/brute_force/used_SC5_MHBD/results/sweep_93.csv
271662759,0303330303030300300333030,53962,99946040,26837,145,26979,99946039,100000000,pymatching,SurfaceCode,25,1,5,MHBD_noise,0.001,500.0,results/brute_force/used_SC5_MHBD/results/sweep_93.csv
682846445,0333330303030300000333030,53149,99946853,26846,132,26170,99946852,100000000,pymatching,SurfaceCode,25,1,5,MHBD_noise,0.001,500.0,results/brute_force/used_SC5_MHBD/results/sweep_93.csv
1437073817,0333330303030300030333030,52707,99947295,28506,131,24069,99947294,100000000,pymatching,SurfaceCode,25,1,5,MHBD_noise,0.001,500.0,results/brute_force/used_SC5_MHBD/results/sweep_93.csv
1232118892,0300330300030303330303030,54295,99945707,26356,128,27810,99945706,100000000,pymatching,SurfaceCode,25,1,5,MHBD_noise,0.001,500.0,results/brute_force/used_SC5_MHBD/results/sweep_93.csv
78316547,0303030303030303030030030,54481,99945521,24831,140,29509,99945520,100000000,pymatching,SurfaceCode,25,1,5,MHBD_noise,0.001,500.0,results/brute_force/used_SC5_MHBD/results/sweep_93.csv
535171479,0203200030033303330002333,60329,99939673,30863,175,29290,99939672,100000000,pymatching,SurfaceCode,25,1,5,MHBD_noise,0.001,500.0,results/brute_force/used_SC5_MHBD/results/sweep_42.csv
939634149,0300200030033303330002333,58612,99941390,29747,144,28720,99941389,100000000,pymatching,SurfaceCode,25,1,5,MHBD_noise,0.001,500.0,results/brute_force/used_SC5_MHBD/results/sweep_42.csv
2027794596,0303200030030303333002333,58765,99941237,30671,160,27933,99941236,100000000,pymatching,SurfaceCode,25,1,5,MHBD_noise,0.001,500.0,results/brute_force/used_SC5_MHBD/results/sweep_42.csv
700426146,0300200030030303330002333,57801,99942201,26989,148,30663,99942200,100000000,pymatching,SurfaceCode,25,1,5,MHBD_noise,0.001,500.0,results/brute_force/used_SC5_MHBD/results/sweep_42.csv
1656052649,0300200030030303330002033,58262,99941740,25571,141,32549,99941739,100000000,pymatching,SurfaceCode,25,1,5,MHBD_noise,0.001,500.0,results/brute_force/used_SC5_MHBD/results/sweep_42.csv
978901437,0300200030030303330003333,56923,99943079,27263,137,29522,99943078,100000000,pymatching,SurfaceCode,25,1,5,MHBD_noise,0.001,500.0,results/brute_force/used_SC5_MHBD/results/sweep_42.csv
935691795,0300000030030303300003333,56669,99943333,24693,138,31837,99943332,100000000,pymatching,SurfaceCode,25,1,5,MHBD_noise,0.001,500.0,results/brute_force/used_SC5_MHBD/results/sweep_42.csv
573896845,0303000033030303330003333,55813,99944189,29307,142,26363,99944188,100000000,pymatching,SurfaceCode,25,1,5,MHBD_noise,0.001,500.0,results/brute_force/used_SC5_MHBD/results/sweep_42.csv
987475019,0303000333030300330003333,54788,99945214,28469,163,26155,99945213,100000000,pymatching,SurfaceCode,25,1,5,MHBD_noise,0.001,500.0,results/brute_force/used_SC5_MHBD/results/sweep_42.csv
1155140329,0303000333030300030003333,54292,99945710,26146,106,28039,99945709,100000000,pymatching,SurfaceCode,25,1,5,MHBD_noise,0.001,500.0,results/brute_force/used_SC5_MHBD/results/sweep_42.csv
2075526720,3333200002003200300303330,62289,99937713,28884,185,33219,99937712,100000000,pymatching,SurfaceCode,25,1,5,MHBD_noise,0.001,500.0,results/brute_force/used_SC5_MHBD/results/sweep_158.csv
648000208,2033302003330320300303030,62807,99937195,30761,183,31862,99937194,100000000,pymatching,SurfaceCode,25,1,5,MHBD_noise,0.001,500.0,results/brute_force/used_SC5_MHBD/results/sweep_158.csv
1225357842,2030030303030200030333320,60229,99939773,27420,173,32635,99939772,100000000,pymatching,SurfaceCode,25,1,5,MHBD_noise,0.001,500.0,results/brute_force/used_SC5_MHBD/results/sweep_158.csv
1269528473,3033303330300030330033332,60237,99939765,35061,134,25041,99939764,100000000,pymatching,SurfaceCode,25,1,5,MHBD_noise,0.001,500.0,results/brute_force/used_SC5_MHBD/results/sweep_158.csv
1241682546,3223323002202002222202300,85690,99914312,38460,274,46955,99914311,100000000,pymatching,SurfaceCode,25,1,5,MHBD_noise,0.001,500.0,results/brute_force/used_SC5_MHBD/results/sweep_158.csv
1206625165,3023230302333220232030230,74352,99925650,40227,251,33873,99925649,100000000,pymatching,SurfaceCode,25,1,5,MHBD_noise,0.001,500.0,results/brute_force/used_SC5_MHBD/results/sweep_158.csv
244367671,3003330030023333302203033,67520,99932482,36950,190,30379,99932481,100000000,pymatching,SurfaceCode,25,1,5,MHBD_noise,0.001,500.0,results/brute_force/used_SC5_MHBD/results/sweep_158.csv
111868291,0330303020330332303002003,65307,99934695,32697,172,32437,99934694,100000000,pymatching,SurfaceCode,25,1,5,MHBD_noise,0.001,500.0,results/brute_force/used_SC5_MHBD/results/sweep_158.csv
257399636,2330303303023000030303232,63985,99936017,31894,187,31903,99936016,100000000,pymatching,SurfaceCode,25,1,5,MHBD_noise,0.001,500.0,results/brute_force/used_SC5_MHBD/results/sweep_158.csv
1277232259,0333300200200333033323023,64584,99935418,32718,212,31653,99935417,100000000,pymatching,SurfaceCode,25,1,5,MHBD_noise,0.001,500.0,results/brute_force/used_SC5_MHBD/results/sweep_158.csv
542413378,3302030003020320300323300,64668,99935334,27539,175,36953,99935333,100000000,pymatching,SurfaceCode,25,1,5,MHBD_noise,0.001,500.0,results/brute_force/used_SC5_MHBD/results/sweep_189.csv
1965327918,0003323203033000000033330,62163,99937839,28595,172,33395,99937838,100000000,pymatching,SurfaceCode,25,1,5,MHBD_noise,0.001,500.0,results/brute_force/used_SC5_MHBD/results/sweep_189.csv
500594865,0300033323000300330302323,61712,99938290,31468,171,30072,99938289,100000000,pymatching,SurfaceCode,25,1,5,MHBD_noise,0.001,500.0,results/brute_force/used_SC5_MHBD/results/sweep_189.csv
860579979,0230200330030333033030033,59240,99940762,31380,152,27707,99940761,100000000,pymatching,SurfaceCode,25,1,5,MHBD_noise,0.001,500.0,results/brute_force/used_SC5_MHBD/results/sweep_189.csv
1563042023,3330020020000322322020002,76520,99923482,31774,278,44467,99923481,100000000,pymatching,SurfaceCode,25,1,5,MHBD_noise,0.001,500.0,results/brute_force/used_SC5_MHBD/results/sweep_189.csv
1268074975,3220333022030202233330003,74456,99925546,38913,237,35305,99925545,100000000,pymatching,SurfaceCode,25,1,5,MHBD_noise,0.001,500.0,results/brute_force/used_SC5_MHBD/results/sweep_189.csv
429131424,2223300202303300320203300,70709,99929293,32691,207,37810,99929292,100000000,pymatching,SurfaceCode,25,1,5,MHBD_noise,0.001,500.0,results/brute_force/used_SC5_MHBD/results/sweep_189.csv
584652792,2003232330003032333320330,69553,99930449,40012,194,29346,99930448,100000000,pymatching,SurfaceCode,25,1,5,MHBD_noise,0.001,500.0,results/brute_force/used_SC5_MHBD/results/sweep_189.csv
522087859,0330300203200302302300020,68620,99931382,27608,199,40812,99931381,100000000,pymatching,SurfaceCode,25,1,5,MHBD_noise,0.001,500.0,results/brute_force/used_SC5_MHBD/results/sweep_189.csv
1416120241,2022323020000300330303230,66123,99933879,29960,195,35967,99933878,100000000,pymatching,SurfaceCode,25,1,5,MHBD_noise,0.001,500.0,results/brute_force/used_SC5_MHBD/results/sweep_189.csv
1613546909,0332303003030300032320030,60408,99939594,27885,173,32349,99939593,100000000,pymatching,SurfaceCode,25,1,5,MHBD_noise,0.001,500.0,results/brute_force/used_SC5_MHBD/results/sweep_156.csv
1337735625,0333000200000303030233000,60295,99939707,23436,174,36684,99939706,100000000,pymatching,SurfaceCode,25,1,5,MHBD_noise,0.001,500.0,results/brute_force/used_SC5_MHBD/results/sweep_156.csv
361616152,2303330032020000223230332,70077,99929925,33174,229,36673,99929924,100000000,pymatching,SurfaceCode,25,1,5,MHBD_noise,0.001,500.0,results/brute_force/used_SC5_MHBD/results/sweep_156.csv
1072119220,0033003320002200332030023,68749,99931253,31736,231,36781,99931252,100000000,pymatching,SurfaceCode,25,1,5,MHBD_noise,0.001,500.0,results/brute_force/used_SC5_MHBD/results/sweep_156.csv
1710276991,2333002330023022230003033,69780,99930222,36608,193,32978,99930221,100000000,pymatching,SurfaceCode,25,1,5,MHBD_noise,0.001,500.0,results/brute_force/used_SC5_MHBD/results/sweep_156.csv
723327647,0033330332332330330230030,64270,99935732,39049,160,25060,99935731,100000000,pymatching,SurfaceCode,25,1,5,MHBD_noise,0.001,500.0,results/brute_force/used_SC5_MHBD/results/sweep_156.csv
1893809605,0300000233030333332220033,64981,99935021,34699,178,30103,99935020,100000000,pymatching,SurfaceCode,25,1,5,MHBD_noise,0.001,500.0,results/brute_force/used_SC5_MHBD/results/sweep_156.csv
1133387038,0330330332303323033303230,63503,99936499,38250,161,25091,99936498,100000000,pymatching,SurfaceCode,25,1,5,MHBD_noise,0.001,500.0,results/brute_force/used_SC5_MHBD/results/sweep_156.csv
899984871,2033030303330300323000020,61810,99938192,29604,189,32016,99938191,100000000,pymatching,SurfaceCode,25,1,5,MHBD_noise,0.001,500.0,results/brute_force/used_SC5_MHBD/results/sweep_156.csv
471012423,2303000330003000030323000,60908,99939094,24247,134,36526,99939093,100000000,pymatching,SurfaceCode,25,1,5,MHBD_noise,0.001,500.0,results/brute_force/used_SC5_MHBD/results/sweep_156.csv
278550873,2003003033232223302300223,80336,99919666,42747,295,37293,99919665,100000000,pymatching,SurfaceCode,25,1,5,MHBD_noise,0.001,500.0,results/brute_force/used_SC5_MHBD/results/sweep_187.csv
2024387065,3203030233300220022022033,77719,99922283,34718,271,42729,99922282,100000000,pymatching,SurfaceCode,25,1,5,MHBD_noise,0.001,500.0,results/brute_force/used_SC5_MHBD/results/sweep_187.csv
207614847,3232202033023002303300023,76070,99923932,38701,230,37138,99923931,100000000,pymatching,SurfaceCode,25,1,5,MHBD_noise,0.001,500.0,results/brute_force/used_SC5_MHBD/results/sweep_187.csv
1894816689,3300322233333000022003320,72421,99927581,36827,243,35350,99927580,100000000,pymatching,SurfaceCode,25,1,5,MHBD_noise,0.001,500.0,results/brute_force/used_SC5_MHBD/results/sweep_187.csv
1000196310,0300200203330003320232020,71837,99928165,29006,205,42625,99928164,100000000,pymatching,SurfaceCode,25,1,5,MHBD_noise,0.001,500.0,results/brute_force/used_SC5_MHBD/results/sweep_187.csv
1883604021,3330320233233203200032020,71122,99928880,37281,254,33586,99928879,100000000,pymatching,SurfaceCode,25,1,5,MHBD_noise,0.001,500.0,results/brute_force/used_SC5_MHBD/results/sweep_187.csv
334512985,2320332300033303033003320,63293,99936709,35058,177,28057,99936708,100000000,pymatching,SurfaceCode,25,1,5,MHBD_noise,0.001,500.0,results/brute_force/used_SC5_MHBD/results/sweep_187.csv
1085404872,2023230323303300030033333,62749,99937253,35496,200,27052,99937252,100000000,pymatching,SurfaceCode,25,1,5,MHBD_noise,0.001,500.0,results/brute_force/used_SC5_MHBD/results/sweep_187.csv
244672779,3030333033030323030023333,61963,99938039,35971,148,25843,99938038,100000000,pymatching,SurfaceCode,25,1,5,MHBD_noise,0.001,500.0,results/brute_force/used_SC5_MHBD/results/sweep_187.csv
1677918441,3033032030230303032303330,61638,99938364,33565,192,27880,99938363,100000000,pymatching,SurfaceCode,25,1,5,MHBD_noise,0.001,500.0,results/brute_force/used_SC5_MHBD/results/sweep_187.csv
2003187217,0300230030203303203003333,63909,99936093,32060,190,31658,99936092,100000000,pymatching,SurfaceCode,25,1,5,MHBD_noise,0.001,500.0,results/brute_force/used_SC5_MHBD/results/sweep_30.csv
121335736,0300230030003203203003333,64452,99935550,30208,187,34056,99935549,100000000,pymatching,SurfaceCode,25,1,5,MHBD_noise,0.001,500.0,results/brute_force/used_SC5_MHBD/results/sweep_30.csv
386886251,0300230230203303203003033,66023,99933979,32140,206,33676,99933978,100000000,pymatching,SurfaceCode,25,1,5,MHBD_noise,0.001,500.0,results/brute_force/used_SC5_MHBD/results/sweep_30.csv
2143818720,0300230030303203003003333,62803,99937199,29410,158,33234,99937198,100000000,pymatching,SurfaceCode,25,1,5,MHBD_noise,0.001,500.0,results/brute_force/used_SC5_MHBD/results/sweep_30.csv
1469359174,0300230030300203003003333,62037,99937965,26103,176,35757,99937964,100000000,pymatching,SurfaceCode,25,1,5,MHBD_noise,0.001,500.0,results/brute_force/used_SC5_MHBD/results/sweep_30.csv
861276359,0300030030300203033003333,59943,99940059,27086,150,32706,99940058,100000000,pymatching,SurfaceCode,25,1,5,MHBD_noise,0.001,500.0,results/brute_force/used_SC5_MHBD/results/sweep_30.csv
370396003,0300330330300303033033330,56022,99943980,29388,144,26489,99943979,100000000,pymatching,SurfaceCode,25,1,5,MHBD_noise,0.001,500.0,results/brute_force/used_SC5_MHBD/results/sweep_30.csv
1229518919,0300330330000303033033330,54667,99945335,27592,153,26921,99945334,100000000,pymatching,SurfaceCode,25,1,5,MHBD_noise,0.001,500.0,results/brute_force/used_SC5_MHBD/results/sweep_30.csv
124503005,0300330330000303333033030,55403,99944599,28688,149,26565,99944598,100000000,pymatching,SurfaceCode,25,1,5,MHBD_noise,0.001,500.0,results/brute_force/used_SC5_MHBD/results/sweep_30.csv
1317577958,0300330330000303033033030,54694,99945308,26482,131,28080,99945307,100000000,pymatching,SurfaceCode,25,1,5,MHBD_noise,0.001,500.0,results/brute_force/used_SC5_MHBD/results/sweep_30.csv
796591077,0333030300030303030303033,53564,99946438,26037,133,27393,99946437,100000000,pymatching,SurfaceCode,25,1,5,MHBD_noise,0.001,500.0,results/brute_force/used_SC5_MHBD/results/sweep_151.csv
906642713,0333000303030300030330330,52941,99947061,24834,148,27958,99947060,100000000,pymatching,SurfaceCode,25,1,5,MHBD_noise,0.001,500.0,results/brute_force/used_SC5_MHBD/results/sweep_151.csv
703162699,0303033300030300030303330,53346,99946656,25429,143,27773,99946655,100000000,pymatching,SurfaceCode,25,1,5,MHBD_noise,0.001,500.0,results/brute_force/used_SC5_MHBD/results/sweep_151.csv
826067541,2202202323332230233322232,89130,99910872,52911,339,35879,99910871,100000000,pymatching,SurfaceCode,25,1,5,MHBD_noise,0.001,500.0,results/brute_force/used_SC5_MHBD/results/sweep_151.csv
1201104809,3333333033202003300233022,69003,99930999,37462,202,31338,99930998,100000000,pymatching,SurfaceCode,25,1,5,MHBD_noise,0.001,500.0,results/brute_force/used_SC5_MHBD/results/sweep_151.csv
1498034778,0332030303022333030000322,65856,99934146,32981,215,32659,99934145,100000000,pymatching,SurfaceCode,25,1,5,MHBD_noise,0.001,500.0,results/brute_force/used_SC5_MHBD/results/sweep_151.csv
416742463,0003030022030320330330320,63484,99936518,29510,166,33807,99936517,100000000,pymatching,SurfaceCode,25,1,5,MHBD_noise,0.001,500.0,results/brute_force/used_SC5_MHBD/results/sweep_151.csv
969079703,0303202302200330330333033,63805,99936197,34179,183,29442,99936196,100000000,pymatching,SurfaceCode,25,1,5,MHBD_noise,0.001,500.0,results/brute_force/used_SC5_MHBD/results/sweep_151.csv
1402290754,3333330300330303003300302,59847,99940155,32159,178,27509,99940154,100000000,pymatching,SurfaceCode,25,1,5,MHBD_noise,0.001,500.0,results/brute_force/used_SC5_MHBD/results/sweep_151.csv
1714522831,2022223203202300032203023,80312,99919690,38788,238,41285,99919689,100000000,pymatching,SurfaceCode,25,1,5,MHBD_noise,0.001,500.0,results/brute_force/used_SC5_MHBD/results/sweep_151.csv
1226606221,3322222030200200020303023,76088,99923914,31290,257,44540,99923913,100000000,pymatching,SurfaceCode,25,1,5,MHBD_noise,0.001,500.0,results/brute_force/used_SC5_MHBD/results/sweep_180.csv
1597249902,3230033233223323000203030,73712,99926290,41564,222,31925,99926289,100000000,pymatching,SurfaceCode,25,1,5,MHBD_noise,0.001,500.0,results/brute_force/used_SC5_MHBD/results/sweep_180.csv
2122397081,3033303232003323030230020,68748,99931254,37030,216,31501,99931253,100000000,pymatching,SurfaceCode,25,1,5,MHBD_noise,0.001,500.0,results/brute_force/used_SC5_MHBD/results/sweep_180.csv
402470128,2033330303303302020302330,62746,99937256,32755,169,29821,99937255,100000000,pymatching,SurfaceCode,25,1,5,MHBD_noise,0.001,500.0,results/brute_force/used_SC5_MHBD/results/sweep_180.csv
2123973843,2302230332303300030330030,62416,99937586,32178,190,30047,99937585,100000000,pymatching,SurfaceCode,25,1,5,MHBD_noise,0.001,500.0,results/brute_force/used_SC5_MHBD/results/sweep_180.csv
1519340127,2030230330330303300300320,62128,99937874,31471,181,30475,99937873,100000000,pymatching,SurfaceCode,25,1,5,MHBD_noise,0.001,500.0,results/brute_force/used_SC5_MHBD/results/sweep_180.csv
1782032814,3330330330020303200032330,60595,99939407,30718,158,29718,99939406,100000000,pymatching,SurfaceCode,25,1,5,MHBD_noise,0.001,500.0,results/brute_force/used_SC5_MHBD/results/sweep_180.csv
569366749,0330020033030020030303030,59651,99940351,25871,170,33609,99940350,100000000,pymatching,SurfaceCode,25,1,5,MHBD_noise,0.001,500.0,results/brute_force/used_SC5_MHBD/results/sweep_180.csv
164452471,0333320300033300330300230,57582,99942420,30381,154,27046,99942419,100000000,pymatching,SurfaceCode,25,1,5,MHBD_noise,0.001,500.0,results/brute_force/used_SC5_MHBD/results/sweep_180.csv
1826275615,0200323202230230330333230,70914,99929088,36910,222,33781,99929087,100000000,pymatching,SurfaceCode,25,1,5,MHBD_noise,0.001,500.0,results/brute_force/used_SC5_MHBD/results/sweep_180.csv
1534212750,0003333032032300232003030,66269,99933733,33948,218,32102,99933732,100000000,pymatching,SurfaceCode,25,1,5,MHBD_noise,0.001,500.0,results/brute_force/used_SC5_MHBD/results/sweep_37.csv
382559197,0003330032033300233003030,60509,99939493,30542,163,29803,99939492,100000000,pymatching,SurfaceCode,25,1,5,MHBD_noise,0.001,500.0,results/brute_force/used_SC5_MHBD/results/sweep_37.csv
876052639,0003330033033300233003030,59194,99940808,30348,157,28688,99940807,100000000,pymatching,SurfaceCode,25,1,5,MHBD_noise,0.001,500.0,results/brute_force/used_SC5_MHBD/results/sweep_37.csv
830808554,0003330030033300233003030,58059,99941943,28220,154,29684,99941942,100000000,pymatching,SurfaceCode,25,1,5,MHBD_noise,0.001,500.0,results/brute_force/used_SC5_MHBD/results/sweep_37.csv
531474355,0003330300033300233003030,57087,99942915,28399,140,28547,99942914,100000000,pymatching,SurfaceCode,25,1,5,MHBD_noise,0.001,500.0,results/brute_force/used_SC5_MHBD/results/sweep_37.csv
1691579855,0003330300033300033003030,54790,99945212,26097,144,28548,99945211,100000000,pymatching,SurfaceCode,25,1,5,MHBD_noise,0.001,500.0,results/brute_force/used_SC5_MHBD/results/sweep_37.csv
1579541874,0033330300033300033003030,54879,99945123,27453,132,27293,99945122,100000000,pymatching,SurfaceCode,25,1,5,MHBD_noise,0.001,500.0,results/brute_force/used_SC5_MHBD/results/sweep_37.csv
264977389,0003330300030300033003330,53846,99946156,24314,144,29387,99946155,100000000,pymatching,SurfaceCode,25,1,5,MHBD_noise,0.001,500.0,results/brute_force/used_SC5_MHBD/results/sweep_37.csv
520604799,0303330330030300030003330,52132,99947870,25152,165,26814,99947869,100000000,pymatching,SurfaceCode,25,1,5,MHBD_noise,0.001,500.0,results/brute_force/used_SC5_MHBD/results/sweep_37.csv
1549826072,0333300330030300030003330,52180,99947822,25278,114,26787,99947821,100000000,pymatching,SurfaceCode,25,1,5,MHBD_noise,0.001,500.0,results/brute_force/used_SC5_MHBD/results/sweep_37.csv
1970511869,2023020303220220022303200,78451,99921551,31611,278,46561,99921550,100000000,pymatching,SurfaceCode,25,1,5,MHBD_noise,0.001,500.0,results/brute_force/used_SC5_MHBD/results/sweep_164.csv
1138742300,2202303333333333303032323,73719,99926283,49763,195,23760,99926282,100000000,pymatching,SurfaceCode,25,1,5,MHBD_noise,0.001,500.0,results/brute_force/used_SC5_MHBD/results/sweep_164.csv
592710099,0203032030330303033333023,62771,99937231,33927,167,28676,99937230,100000000,pymatching,SurfaceCode,25,1,5,MHBD_noise,0.001,500.0,results/brute_force/used_SC5_MHBD/results/sweep_164.csv
91370862,3330030333030322032330332,62988,99937014,37898,158,24931,99937013,100000000,pymatching,SurfaceCode,25,1,5,MHBD_noise,0.001,500.0,results/brute_force/used_SC5_MHBD/results/sweep_164.csv
760217046,2330030030000302303333200,62311,99937691,29030,177,33103,99937690,100000000,pymatching,SurfaceCode,25,1,5,MHBD_noise,0.001,500.0,results/brute_force/used_SC5_MHBD/results/sweep_164.csv
1050549220,3330030330302320030033033,61978,99938024,33572,159,28246,99938023,100000000,pymatching,SurfaceCode,25,1,5,MHBD_noise,0.001,500.0,results/brute_force/used_SC5_MHBD/results/sweep_164.csv
1117090621,3333300020030003033000030,58964,99941038,26081,181,32701,99941037,100000000,pymatching,SurfaceCode,25,1,5,MHBD_noise,0.001,500.0,results/brute_force/used_SC5_MHBD/results/sweep_164.csv
2056475303,0030000330230003230033333,60226,99939776,30457,170,29598,99939775,100000000,pymatching,SurfaceCode,25,1,5,MHBD_noise,0.001,500.0,results/brute_force/used_SC5_MHBD/results/sweep_164.csv
542063729,0230200030033330030333030,59427,99940575,29840,135,29451,99940574,100000000,pymatching,SurfaceCode,25,1,5,MHBD_noise,0.001,500.0,results/brute_force/used_SC5_MHBD/results/sweep_164.csv
657694627,0302320222022203023330233,81735,99918267,39788,310,41636,99918266,100000000,pymatching,SurfaceCode,25,1,5,MHBD_noise,0.001,500.0,results/brute_force/used_SC5_MHBD/results/sweep_164.csv
849920067,0022300300300332020230303,68218,99931784,27953,191,40073,99931783,100000000,pymatching,SurfaceCode,25,1,5,MHBD_noise,0.001,500.0,results/brute_force/used_SC5_MHBD/results/sweep_118.csv
1100035015,2022300300300332020230303,69365,99930637,29023,216,40125,99930636,100000000,pymatching,SurfaceCode,25,1,5,MHBD_noise,0.001,500.0,results/brute_force/used_SC5_MHBD/results/sweep_118.csv
1848563415,0022330300300332020330303,65967,99934035,28738,183,37045,99934034,100000000,pymatching,SurfaceCode,25,1,5,MHBD_noise,0.001,500.0,results/brute_force/used_SC5_MHBD/results/sweep_118.csv
1787167956,0023300300000332000330300,63127,99936875,23756,136,39234,99936874,100000000,pymatching,SurfaceCode,25,1,5,MHBD_noise,0.001,500.0,results/brute_force/used_SC5_MHBD/results/sweep_118.csv
1079620822,0323300300030332000333300,58134,99941868,27790,154,30189,99941867,100000000,pymatching,SurfaceCode,25,1,5,MHBD_noise,0.001,500.0,results/brute_force/used_SC5_MHBD/results/sweep_118.csv
1994147904,0303300300030332000333300,57096,99942906,26877,155,30063,99942905,100000000,pymatching,SurfaceCode,25,1,5,MHBD_noise,0.001,500.0,results/brute_force/used_SC5_MHBD/results/sweep_118.csv
505062741,0333000300030300030333300,53152,99946850,23398,132,29621,99946849,100000000,pymatching,SurfaceCode,25,1,5,MHBD_noise,0.001,500.0,results/brute_force/used_SC5_MHBD/results/sweep_118.csv
1464470119,0333000300030303030333330,52492,99947510,26346,135,26010,99947509,100000000,pymatching,SurfaceCode,25,1,5,MHBD_noise,0.001,500.0,results/brute_force/used_SC5_MHBD/results/sweep_118.csv
1390132954,0333000300030303030330330,52756,99947246,25114,142,27499,99947245,100000000,pymatching,SurfaceCode,25,1,5,MHBD_noise,0.001,500.0,results/brute_force/used_SC5_MHBD/results/sweep_118.csv
1703895219,0333000300030300030333030,52848,99947154,23364,124,29359,99947153,100000000,pymatching,SurfaceCode,25,1,5,MHBD_noise,0.001,500.0,results/brute_force/used_SC5_MHBD/results/sweep_118.csv
648050610,0033030030030000032023300,61930,99938072,23687,166,38076,99938071,100000000,pymatching,SurfaceCode,25,1,5,MHBD_noise,0.001,500.0,results/brute_force/used_SC5_MHBD/results/sweep_208.csv
949533576,0003333002300033030332300,63316,99936686,28278,176,34861,99936685,100000000,pymatching,SurfaceCode,25,1,5,MHBD_noise,0.001,500.0,results/brute_force/used_SC5_MHBD/results/sweep_208.csv
2137667559,3203020033333030030333000,62820,99937182,31528,148,31143,99937181,100000000,pymatching,SurfaceCode,25,1,5,MHBD_noise,0.001,500.0,results/brute_force/used_SC5_MHBD/results/sweep_208.csv
813605750,0032032000030303300033330,59740,99940262,26443,157,33139,99940261,100000000,pymatching,SurfaceCode,25,1,5,MHBD_noise,0.001,500.0,results/brute_force/used_SC5_MHBD/results/sweep_208.csv
1490372901,0302300303303300330203303,60277,99939725,31028,166,29082,99939724,100000000,pymatching,SurfaceCode,25,1,5,MHBD_noise,0.001,500.0,results/brute_force/used_SC5_MHBD/results/sweep_208.csv
2123851646,3320302300030303000003330,58385,99941617,26077,147,32160,99941616,100000000,pymatching,SurfaceCode,25,1,5,MHBD_noise,0.001,500.0,results/brute_force/used_SC5_MHBD/results/sweep_208.csv
631365370,0030300333000330030330333,58256,99941746,27612,175,30468,99941745,100000000,pymatching,SurfaceCode,25,1,5,MHBD_noise,0.001,500.0,results/brute_force/used_SC5_MHBD/results/sweep_208.csv
827842132,3002030022203233203322300,77171,99922831,36245,263,40662,99922830,100000000,pymatching,SurfaceCode,25,1,5,MHBD_noise,0.001,500.0,results/brute_force/used_SC5_MHBD/results/sweep_208.csv
1785807174,3300030302002202202323330,72579,99927423,33831,249,38498,99927422,100000000,pymatching,SurfaceCode,25,1,5,MHBD_noise,0.001,500.0,results/brute_force/used_SC5_MHBD/results/sweep_208.csv
773338788,2002330003030330032223232,69675,99930327,33559,205,35910,99930326,100000000,pymatching,SurfaceCode,25,1,5,MHBD_noise,0.001,500.0,results/brute_force/used_SC5_MHBD/results/sweep_208.csv
1185638690,0333300300030303030033300,53132,99946870,25983,145,27003,99946869,100000000,pymatching,SurfaceCode,25,1,5,MHBD_noise,0.001,500.0,results/brute_force/used_SC5_MHBD/results/sweep_79.csv
76067511,0200300030332323030232000,68439,99931563,31582,229,36627,99931562,100000000,pymatching,SurfaceCode,25,1,5,MHBD_noise,0.001,500.0,results/brute_force/used_SC5_MHBD/results/sweep_79.csv
1394187886,0200300030332323330232000,68908,99931094,34213,195,34499,99931093,100000000,pymatching,SurfaceCode,25,1,5,MHBD_noise,0.001,500.0,results/brute_force/used_SC5_MHBD/results/sweep_79.csv
244858455,0200300030330323030232000,65358,99934644,28255,187,36915,99934643,100000000,pymatching,SurfaceCode,25,1,5,MHBD_noise,0.001,500.0,results/brute_force/used_SC5_MHBD/results/sweep_79.csv
2031456905,0200300030330323330233000,64400,99935602,30993,172,33234,99935601,100000000,pymatching,SurfaceCode,25,1,5,MHBD_noise,0.001,500.0,results/brute_force/used_SC5_MHBD/results/sweep_79.csv
837180172,0200300030330323030233000,63233,99936769,28348,153,34731,99936768,100000000,pymatching,SurfaceCode,25,1,5,MHBD_noise,0.001,500.0,results/brute_force/used_SC5_MHBD/results/sweep_79.csv
1481247423,0300300030330323030033000,59899,99940103,26821,185,32892,99940102,100000000,pymatching,SurfaceCode,25,1,5,MHBD_noise,0.001,500.0,results/brute_force/used_SC5_MHBD/results/sweep_79.csv
1739201922,3300330030330323030033000,60699,99939303,29230,176,31292,99939302,100000000,pymatching,SurfaceCode,25,1,5,MHBD_noise,0.001,500.0,results/brute_force/used_SC5_MHBD/results/sweep_79.csv
476014610,0300300030330333330333000,58947,99941055,30832,177,27937,99941054,100000000,pymatching,SurfaceCode,25,1,5,MHBD_noise,0.001,500.0,results/brute_force/used_SC5_MHBD/results/sweep_79.csv
2054881801,0303300030330333330303000,57984,99942018,30080,142,27761,99942017,100000000,pymatching,SurfaceCode,25,1,5,MHBD_noise,0.001,500.0,results/brute_force/used_SC5_MHBD/results/sweep_79.csv
2000120874,3333003330030033332003000,60869,99939133,33249,146,27473,99939132,100000000,pymatching,SurfaceCode,25,1,5,MHBD_noise,0.001,500.0,results/brute_force/used_SC5_MHBD/results/sweep_163.csv
2039660663,3002330333000023030233333,60643,99939359,31858,170,28614,99939358,100000000,pymatching,SurfaceCode,25,1,5,MHBD_noise,0.001,500.0,results/brute_force/used_SC5_MHBD/results/sweep_163.csv
945364755,0333032003330302030203303,60408,99939594,30828,160,29419,99939593,100000000,pymatching,SurfaceCode,25,1,5,MHBD_noise,0.001,500.0,results/brute_force/used_SC5_MHBD/results/sweep_163.csv
141627001,3220330000002303223333002,73637,99926365,34423,237,38976,99926364,100000000,pymatching,SurfaceCode,25,1,5,MHBD_noise,0.001,500.0,results/brute_force/used_SC5_MHBD/results/sweep_163.csv
1090025890,3303230000020032233300002,69645,99930357,30108,218,39318,99930356,100000000,pymatching,SurfaceCode,25,1,5,MHBD_noise,0.001,500.0,results/brute_force/used_SC5_MHBD/results/sweep_163.csv
1123484403,0033033303332020000033303,63896,99936106,32053,182,31660,99936105,100000000,pymatching,SurfaceCode,25,1,5,MHBD_noise,0.001,500.0,results/brute_force/used_SC5_MHBD/results/sweep_163.csv
1651737798,3200033303200303000333303,61440,99938562,29534,174,31731,99938561,100000000,pymatching,SurfaceCode,25,1,5,MHBD_noise,0.001,500.0,results/brute_force/used_SC5_MHBD/results/sweep_163.csv
1057169419,0302320300000303333333002,61130,99938872,31119,186,29824,99938871,100000000,pymatching,SurfaceCode,25,1,5,MHBD_noise,0.001,500.0,results/brute_force/used_SC5_MHBD/results/sweep_163.csv
1856445542,3300300333230330030032330,60604,99939398,33193,178,27232,99939397,100000000,pymatching,SurfaceCode,25,1,5,MHBD_noise,0.001,500.0,results/brute_force/used_SC5_MHBD/results/sweep_163.csv
1681398761,3000020333000303033203333,60131,99939871,30729,153,29248,99939870,100000000,pymatching,SurfaceCode,25,1,5,MHBD_noise,0.001,500.0,results/brute_force/used_SC5_MHBD/results/sweep_163.csv
1556803846,3303330303303320300330330,59271,99940731,33813,157,25300,99940730,100000000,pymatching,SurfaceCode,25,1,5,MHBD_noise,0.001,500.0,results/brute_force/used_SC5_MHBD/results/sweep_206.csv
239969495,0333000303033300330030030,54699,99945303,26987,172,27539,99945302,100000000,pymatching,SurfaceCode,25,1,5,MHBD_noise,0.001,500.0,results/brute_force/used_SC5_MHBD/results/sweep_206.csv
518820970,3023033223332322202030220,83406,99916596,45386,317,37702,99916595,100000000,pymatching,SurfaceCode,25,1,5,MHBD_noise,0.001,500.0,results/brute_force/used_SC5_MHBD/results/sweep_206.csv
580104209,2222030323230223332233233,79458,99920544,47940,262,31255,99920543,100000000,pymatching,SurfaceCode,25,1,5,MHBD_noise,0.001,500.0,results/brute_force/used_SC5_MHBD/results/sweep_206.csv
910289610,0230332323300222303223002,77709,99922293,39763,231,37714,99922292,100000000,pymatching,SurfaceCode,25,1,5,MHBD_noise,0.001,500.0,results/brute_force/used_SC5_MHBD/results/sweep_206.csv
173192539,2033033203323022033322003,74634,99925368,41785,246,32602,99925367,100000000,pymatching,SurfaceCode,25,1,5,MHBD_noise,0.001,500.0,results/brute_force/used_SC5_MHBD/results/sweep_206.csv
1977207586,2320333032203330333023022,73252,99926750,44953,196,28102,99926749,100000000,pymatching,SurfaceCode,25,1,5,MHBD_noise,0.001,500.0,results/brute_force/used_SC5_MHBD/results/sweep_206.csv
1349520944,3303030323330230200330233,67769,99932233,35505,216,32047,99932232,100000000,pymatching,SurfaceCode,25,1,5,MHBD_noise,0.001,500.0,results/brute_force/used_SC5_MHBD/results/sweep_206.csv
826266367,3230203333332300030030303,64703,99935299,37902,188,26612,99935298,100000000,pymatching,SurfaceCode,25,1,5,MHBD_noise,0.001,500.0,results/brute_force/used_SC5_MHBD/results/sweep_206.csv
404031531,3000203033000300330323033,61218,99938784,30087,158,30972,99938783,100000000,pymatching,SurfaceCode,25,1,5,MHBD_noise,0.001,500.0,results/brute_force/used_SC5_MHBD/results/sweep_206.csv
766014385,0030300303330303030303300,56101,99943901,26697,143,29260,99943900,100000000,pymatching,SurfaceCode,25,1,5,MHBD_noise,0.001,500.0,results/brute_force/used_SC5_MHBD/results/sweep_111.csv
645328039,0030300303330303030303330,56051,99943951,28222,149,27679,99943950,100000000,pymatching,SurfaceCode,25,1,5,MHBD_noise,0.001,500.0,results/brute_force/used_SC5_MHBD/results/sweep_111.csv
600378963,0300330303030303030303330,54383,99945619,27431,122,26829,99945618,100000000,pymatching,SurfaceCode,25,1,5,MHBD_noise,0.001,500.0,results/brute_force/used_SC5_MHBD/results/sweep_111.csv
186797683,0300330303030303030003330,53806,99946196,25658,141,28006,99946195,100000000,pymatching,SurfaceCode,25,1,5,MHBD_noise,0.001,500.0,results/brute_force/used_SC5_MHBD/results/sweep_111.csv
585585824,0330330303030300030003330,52723,99947279,24917,140,27665,99947278,100000000,pymatching,SurfaceCode,25,1,5,MHBD_noise,0.001,500.0,results/brute_force/used_SC5_MHBD/results/sweep_111.csv
1352391288,3303300300030300030033030,52941,99947061,24384,122,28434,99947060,100000000,pymatching,SurfaceCode,25,1,5,MHBD_noise,0.001,500.0,results/brute_force/used_SC5_MHBD/results/sweep_111.csv
810092165,3303300300030333030303030,54507,99945495,27929,150,26427,99945494,100000000,pymatching,SurfaceCode,25,1,5,MHBD_noise,0.001,500.0,results/brute_force/used_SC5_MHBD/results/sweep_111.csv
1925967827,0330030033030300030333030,54466,99945536,27051,129,27285,99945535,100000000,pymatching,SurfaceCode,25,1,5,MHBD_noise,0.001,500.0,results/brute_force/used_SC5_MHBD/results/sweep_111.csv
1799252672,0303030300030303030330330,53957,99946045,25667,137,28152,99946044,100000000,pymatching,SurfaceCode,25,1,5,MHBD_noise,0.001,500.0,results/brute_force/used_SC5_MHBD/results/sweep_111.csv
1275563290,0303030333030300030303030,53352,99946650,25721,137,27493,99946649,100000000,pymatching,SurfaceCode,25,1,5,MHBD_noise,0.001,500.0,results/brute_force/used_SC5_MHBD/results/sweep_111.csv
1227087008,3333000300333303000030003,58579,99941423,28425,153,30000,99941422,100000000,pymatching,SurfaceCode,25,1,5,MHBD_noise,0.001,500.0,results/brute_force/used_SC5_MHBD/results/sweep_77.csv
1308003556,3333030330330300030030300,55795,99944207,28163,144,27487,99944206,100000000,pymatching,SurfaceCode,25,1,5,MHBD_noise,0.001,500.0,results/brute_force/used_SC5_MHBD/results/sweep_77.csv
791081930,3333030330330300030330300,55934,99944068,29569,143,26221,99944067,100000000,pymatching,SurfaceCode,25,1,5,MHBD_noise,0.001,500.0,results/brute_force/used_SC5_MHBD/results/sweep_77.csv
1145916170,3303030330330300030030300,55312,99944690,26435,135,28741,99944689,100000000,pymatching,SurfaceCode,25,1,5,MHBD_noise,0.001,500.0,results/brute_force/used_SC5_MHBD/results/sweep_77.csv
473922260,3333000330330300030300300,55417,99944585,27532,136,27748,99944584,100000000,pymatching,SurfaceCode,25,1,5,MHBD_noise,0.001,500.0,results/brute_force/used_SC5_MHBD/results/sweep_77.csv
701599351,3333000330030300030300330,53911,99946091,25988,140,27782,99946090,100000000,pymatching,SurfaceCode,25,1,5,MHBD_noise,0.001,500.0,results/brute_force/used_SC5_MHBD/results/sweep_77.csv
2006050469,3333000330030300030330330,53817,99946185,27570,119,26127,99946184,100000000,pymatching,SurfaceCode,25,1,5,MHBD_noise,0.001,500.0,results/brute_force/used_SC5_MHBD/results/sweep_77.csv
786977125,3333000300030300030330330,52880,99947122,25050,121,27708,99947121,100000000,pymatching,SurfaceCode,25,1,5,MHBD_noise,0.001,500.0,results/brute_force/used_SC5_MHBD/results/sweep_77.csv
131465595,3333000300030300030333330,52774,99947228,26365,121,26287,99947227,100000000,pymatching,SurfaceCode,25,1,5,MHBD_noise,0.001,500.0,results/brute_force/used_SC5_MHBD/results/sweep_77.csv
627039717,0000220200330023033300333,66224,99933778,29747,172,36304,99933777,100000000,pymatching,SurfaceCode,25,1,5,MHBD_noise,0.001,500.0,results/brute_force/used_SC5_MHBD/results/sweep_77.csv
512036548,0000030333200032030003333,61439,99938563,27519,169,33750,99938562,100000000,pymatching,SurfaceCode,25,1,5,MHBD_noise,0.001,500.0,results/brute_force/used_SC5_MHBD/results/sweep_201.csv
144962370,3303300320300330030303200,59302,99940700,28008,167,31126,99940699,100000000,pymatching,SurfaceCode,25,1,5,MHBD_noise,0.001,500.0,results/brute_force/used_SC5_MHBD/results/sweep_201.csv
99369055,0030330303330300002003003,60082,99939920,26453,172,33456,99939919,100000000,pymatching,SurfaceCode,25,1,5,MHBD_noise,0.001,500.0,results/brute_force/used_SC5_MHBD/results/sweep_201.csv
37143050,2300330330030333300303003,59175,99940827,30796,156,28222,99940826,100000000,pymatching,SurfaceCode,25,1,5,MHBD_noise,0.001,500.0,results/brute_force/used_SC5_MHBD/results/sweep_201.csv
1289968035,2023030322230023303230200,72193,99927809,34698,189,37305,99927808,100000000,pymatching,SurfaceCode,25,1,5,MHBD_noise,0.001,500.0,results/brute_force/used_SC5_MHBD/results/sweep_201.csv
1235124039,3323030230003200003002023,68359,99931643,29378,193,38787,99931642,100000000,pymatching,SurfaceCode,25,1,5,MHBD_noise,0.001,500.0,results/brute_force/used_SC5_MHBD/results/sweep_201.csv
1837161716,3330020233030320333232020,67053,99932949,37530,198,29324,99932948,100000000,pymatching,SurfaceCode,25,1,5,MHBD_noise,0.001,500.0,results/brute_force/used_SC5_MHBD/results/sweep_201.csv
1545306605,3002023333020303030200033,63632,99936370,32091,168,31372,99936369,100000000,pymatching,SurfaceCode,25,1,5,MHBD_noise,0.001,500.0,results/brute_force/used_SC5_MHBD/results/sweep_201.csv
1247519100,0030330330003030003020333,60850,99939152,28188,155,32506,99939151,100000000,pymatching,SurfaceCode,25,1,5,MHBD_noise,0.001,500.0,results/brute_force/used_SC5_MHBD/results/sweep_201.csv
690397815,0032003303003333033033300,60745,99939257,33175,158,27411,99939256,100000000,pymatching,SurfaceCode,25,1,5,MHBD_noise,0.001,500.0,results/brute_force/used_SC5_MHBD/results/sweep_201.csv
1022586377,0330030002003332030333303,60551,99939451,31361,162,29027,99939450,100000000,pymatching,SurfaceCode,25,1,5,MHBD_noise,0.001,500.0,results/brute_force/used_SC5_MHBD/results/sweep_116.csv
2065351572,0330030002303302030333303,60458,99939544,31039,169,29249,99939543,100000000,pymatching,SurfaceCode,25,1,5,MHBD_noise,0.001,500.0,results/brute_force/used_SC5_MHBD/results/sweep_116.csv
845449979,0333030000003003030333303,55941,99944061,25531,154,30255,99944060,100000000,pymatching,SurfaceCode,25,1,5,MHBD_noise,0.001,500.0,results/brute_force/used_SC5_MHBD/results/sweep_116.csv
1773770227,0333330000033303030333333,54876,99945126,32747,124,22004,99945125,100000000,pymatching,SurfaceCode,25,1,5,MHBD_noise,0.001,500.0,results/brute_force/used_SC5_MHBD/results/sweep_116.csv
880053290,0333330000003303030333333,54742,99945260,30770,128,23843,99945259,100000000,pymatching,SurfaceCode,25,1,5,MHBD_noise,0.001,500.0,results/brute_force/used_SC5_MHBD/results/sweep_116.csv
1174162309,0333330000033303030303333,54298,99945704,30875,147,23275,99945703,100000000,pymatching,SurfaceCode,25,1,5,MHBD_noise,0.001,500.0,results/brute_force/used_SC5_MHBD/results/sweep_116.csv
854360533,0333030300030333030303030,54112,99945890,27381,147,26583,99945889,100000000,pymatching,SurfaceCode,25,1,5,MHBD_noise,0.001,500.0,results/brute_force/used_SC5_MHBD/results/sweep_116.csv
102886228,0333030303030300030303030,53548,99946454,25185,148,28214,99946453,100000000,pymatching,SurfaceCode,25,1,5,MHBD_noise,0.001,500.0,results/brute_force/used_SC5_MHBD/results/sweep_116.csv
256439045,0033330330030300030333330,53593,99946409,28993,132,24467,99946408,100000000,pymatching,SurfaceCode,25,1,5,MHBD_noise,0.001,500.0,results/brute_force/used_SC5_MHBD/results/sweep_116.csv
397848858,0333300300030300330333030,52356,99947646,26917,136,25302,99947645,100000000,pymatching,SurfaceCode,25,1,5,MHBD_noise,0.001,500.0,results/brute_force/used_SC5_MHBD/results/sweep_116.csv
1366609799,3303033000230332033002230,63512,99936490,31447,155,31909,99936489,100000000,pymatching,SurfaceCode,25,1,5,MHBD_noise,0.001,500.0,results/brute_force/used_SC5_MHBD/results/sweep_70.csv
1520146730,3200033000230302033003330,61789,99938213,28520,146,33122,99938212,100000000,pymatching,SurfaceCode,25,1,5,MHBD_noise,0.001,500.0,results/brute_force/used_SC5_MHBD/results/sweep_70.csv
944286739,3300033000230300033003333,59327,99940675,29348,145,29833,99940674,100000000,pymatching,SurfaceCode,25,1,5,MHBD_noise,0.001,500.0,results/brute_force/used_SC5_MHBD/results/sweep_70.csv
931709187,3300033000230300033003330,58581,99941421,26773,138,31669,99941420,100000000,pymatching,SurfaceCode,25,1,5,MHBD_noise,0.001,500.0,results/brute_force/used_SC5_MHBD/results/sweep_70.csv
1111787703,3200033030030300033003330,57728,99942274,26748,140,30839,99942273,100000000,pymatching,SurfaceCode,25,1,5,MHBD_noise,0.001,500.0,results/brute_force/used_SC5_MHBD/results/sweep_70.csv
1384686781,3203033030030300030003330,57144,99942858,25728,173,31242,99942857,100000000,pymatching,SurfaceCode,25,1,5,MHBD_noise,0.001,500.0,results/brute_force/used_SC5_MHBD/results/sweep_70.csv
918740339,3003033330030300030003330,55092,99944910,26918,159,28014,99944909,100000000,pymatching,SurfaceCode,25,1,5,MHBD_noise,0.001,500.0,results/brute_force/used_SC5_MHBD/results/sweep_70.csv
160088298,3003003300030300030000330,55609,99944393,22600,136,32872,99944392,100000000,pymatching,SurfaceCode,25,1,5,MHBD_noise,0.001,500.0,results/brute_force/used_SC5_MHBD/results/sweep_70.csv
2053595373,3003003300030300030003330,54012,99945990,23263,138,30610,99945989,100000000,pymatching,SurfaceCode,25,1,5,MHBD_noise,0.001,500.0,results/brute_force/used_SC5_MHBD/results/sweep_70.csv
649978431,3303003300030300030003330,53825,99946177,23840,156,29828,99946176,100000000,pymatching,SurfaceCode,25,1,5,MHBD_noise,0.001,500.0,results/brute_force/used_SC5_MHBD/results/sweep_70.csv
